t_step,wall_time_s,cmd_vx,cmd_vy,cmd_wz,act_vx,act_vy,act_wz,roll,pitch,abs_roll,abs_pitch,force_L,force_R,force
0,0.035921573638916016,0.5,0.0,0.0,0.2576167583465576,-0.20461033284664154,0.15833911299705505,3.141310214996338,0.0060682701878249645,3.141310214996338,0.0060682701878249645,0.0,0.0,0.0
1,0.35281848907470703,0.5,0.0,0.0,0.25001776218414307,-0.2126029133796692,0.15710151195526123,-3.138258934020996,0.015580089762806892,3.138258934020996,0.015580089762806892,0.0,0.0,0.0
2,0.3833811283111572,0.5,0.0,0.0,0.24149943888187408,-0.22377967834472656,0.17224174737930298,-3.1303765773773193,0.025154095143079758,3.1303765773773193,0.025154095143079758,0.0,0.0,0.0
3,0.41481542587280273,0.5,0.0,0.0,0.22777880728244781,-0.23433881998062134,0.23822356760501862,-3.1212668418884277,0.034842584282159805,3.1212668418884277,0.034842584282159805,0.0,0.0,0.0
4,0.42667579650878906,0.5,0.0,0.0,0.2092057168483734,-0.24179424345493317,0.2796415090560913,-3.115224838256836,0.0452730655670166,3.115224838256836,0.0452730655670166,0.0,0.0,0.0
5,0.46042513847351074,0.5,0.0,0.0,0.19140270352363586,-0.2464989572763443,0.22370797395706177,-3.1146106719970703,0.05317509174346924,3.1146106719970703,0.05317509174346924,0.0,0.0,0.0
6,0.47220849990844727,0.5,0.0,0.0,0.16662195324897766,-0.2446453720331192,0.12799802422523499,-3.1183278560638428,0.05965964123606682,3.1183278560638428,0.05965964123606682,0.0,0.0,0.0
7,0.5060935020446777,0.5,0.0,0.0,0.1298903524875641,-0.2403629720211029,0.0411684587597847,-3.1243691444396973,0.0694270133972168,3.1243691444396973,0.0694270133972168,0.0,0.0,0.0
8,0.519101619720459,0.5,0.0,0.0,0.11092820018529892,-0.32454735040664673,-0.3578205108642578,-3.129267930984497,0.08447244018316269,3.129267930984497,0.08447244018316269,2180.398681640625,0.0,0.0
9,0.5877647399902344,0.5,0.0,0.0,0.12314453721046448,-0.44464683532714844,0.04724952578544617,-3.0850701332092285,0.08288177102804184,3.0850701332092285,0.08288177102804184,269.0575256347656,0.0,0.0
10,0.599961519241333,0.5,0.0,0.0,0.14452509582042694,-0.4448601305484772,-0.18883025646209717,-3.048412561416626,0.08539266884326935,3.048412561416626,0.08539266884326935,157.33912658691406,327.39862060546875,0.0
11,0.657933235168457,0.5,0.0,0.0,0.14809851348400116,-0.3531544804573059,-0.12004794180393219,-3.045433282852173,0.0882732942700386,3.045433282852173,0.0882732942700386,97.22264099121094,370.00335693359375,0.0
12,0.6707103252410889,0.5,0.0,0.0,0.15746097266674042,-0.2362605333328247,0.12425097078084946,-3.0669822692871094,0.09453016519546509,3.0669822692871094,0.09453016519546509,35.92993927001953,385.6276550292969,0.0
13,0.7106363773345947,0.5,0.0,0.0,0.18240539729595184,-0.13704359531402588,0.2786809206008911,-3.095278024673462,0.09433229267597198,3.095278024673462,0.09433229267597198,0.0,356.5539245605469,0.0
14,0.7272617816925049,0.5,0.0,0.0,0.20677714049816132,-0.06686321645975113,0.34393393993377686,-3.1163058280944824,0.08224807679653168,3.1163058280944824,0.08224807679653168,0.0,311.0510559082031,0.0
15,0.7595498561859131,0.5,0.0,0.0,0.2143498659133911,-0.010795504786074162,0.3766730725765228,-3.128107786178589,0.06713820993900299,3.128107786178589,0.06713820993900299,0.0,274.97882080078125,0.0
16,0.7718770503997803,0.5,0.0,0.0,0.21158692240715027,0.03529752045869827,0.45742321014404297,-3.1347291469573975,0.056771423667669296,3.1347291469573975,0.056771423667669296,0.0,235.98362731933594,0.0
17,0.7985661029815674,0.5,0.0,0.0,0.20954403281211853,0.07637206465005875,0.5777449011802673,-3.140679359436035,0.05419560894370079,3.140679359436035,0.05419560894370079,0.0,214.9496612548828,0.0
18,0.8096785545349121,0.5,0.0,0.0,0.21270522475242615,0.10921770334243774,0.6058773994445801,3.1354548931121826,0.057543136179447174,3.1354548931121826,0.057543136179447174,0.0,202.0123748779297,0.0
19,0.8371376991271973,0.5,0.0,0.0,0.2163638025522232,0.13152948021888733,0.35851427912712097,3.1280059814453125,0.06533867865800858,3.1280059814453125,0.06533867865800858,0.0,203.74794006347656,0.0
20,0.8481535911560059,0.5,0.0,0.0,0.21624325215816498,0.1454804688692093,0.062091976404190063,3.1157217025756836,0.07270841300487518,3.1157217025756836,0.07270841300487518,151.76211547851562,159.59559631347656,0.0
21,0.8755631446838379,0.5,0.0,0.0,0.22937901318073273,0.11712720990180969,-0.025620654225349426,3.1055800914764404,0.07438649982213974,3.1055800914764404,0.07438649982213974,204.10464477539062,80.46745300292969,0.0
22,0.886777400970459,0.5,0.0,0.0,0.2320052683353424,0.0698678269982338,-0.008396947756409645,3.1033432483673096,0.07761828601360321,3.1033432483673096,0.07761828601360321,207.7279815673828,0.0,0.0
23,0.9142112731933594,0.5,0.0,0.0,0.23043319582939148,0.02287393808364868,0.007744945585727692,3.1060688495635986,0.08070571720600128,3.1060688495635986,0.08070571720600128,167.2189178466797,0.0,0.0
24,0.9253799915313721,0.5,0.0,0.0,0.23165316879749298,-0.009666819125413895,7.324013859033585e-05,3.1092655658721924,0.08092129230499268,3.1092655658721924,0.08092129230499268,141.56097412109375,0.0,0.0
25,0.953331470489502,0.5,0.0,0.0,0.23216158151626587,-0.03587522357702255,0.026070203632116318,3.111386775970459,0.07822905480861664,3.111386775970459,0.07822905480861664,144.17446899414062,0.0,0.0
26,0.9647314548492432,0.5,0.0,0.0,0.23286451399326324,-0.0647105723619461,0.010700956918299198,3.1123180389404297,0.07518720626831055,3.1123180389404297,0.07518720626831055,150.5719757080078,0.0,0.0
27,0.9927177429199219,0.5,0.0,0.0,0.23707303404808044,-0.09926363080739975,-0.10151110589504242,3.1128389835357666,0.0724368616938591,3.1128389835357666,0.0724368616938591,157.94859313964844,0.0,0.0
28,1.0040674209594727,0.5,0.0,0.0,0.24502922594547272,-0.13485726714134216,-0.1521945595741272,3.1148180961608887,0.06957419216632843,3.1148180961608887,0.06957419216632843,159.50958251953125,0.0,0.0
29,1.0318059921264648,0.5,0.0,0.0,0.26463833451271057,-0.16643041372299194,-0.16069906949996948,3.1227715015411377,0.06649450212717056,3.1227715015411377,0.06649450212717056,151.80764770507812,161.18724060058594,0.0
30,1.0428028106689453,0.5,0.0,0.0,0.30001693964004517,-0.17312577366828918,-0.10121071338653564,3.135711431503296,0.055747054517269135,3.135711431503296,0.055747054517269135,124.01322937011719,191.5599365234375,0.0
31,1.0710265636444092,0.5,0.0,0.0,0.3184758126735687,-0.1442876011133194,-0.04146580770611763,-3.132021427154541,0.0441000796854496,3.132021427154541,0.0441000796854496,0.0,233.54656982421875,0.0
32,1.0832421779632568,0.5,0.0,0.0,0.3324221074581146,-0.09047053009271622,0.022423703223466873,-3.1250293254852295,0.034476641565561295,3.1250293254852295,0.034476641565561295,0.0,228.8981475830078,0.0
33,1.1112580299377441,0.5,0.0,0.0,0.35650840401649475,-0.047332730144262314,0.10440897941589355,-3.125437021255493,0.021981503814458847,3.125437021255493,0.021981503814458847,0.0,208.5684051513672,0.0
34,1.1225943565368652,0.5,0.0,0.0,0.38295596837997437,-0.012113726697862148,0.21558232605457306,-3.126811981201172,0.008992801420390606,3.126811981201172,0.008992801420390606,0.0,192.82122802734375,0.0
35,1.1506445407867432,0.5,0.0,0.0,0.40804797410964966,0.021074779331684113,0.3289440870285034,-3.1279900074005127,-0.0021622730419039726,3.1279900074005127,0.0021622730419039726,0.0,187.11053466796875,0.0
36,1.1622364521026611,0.5,0.0,0.0,0.4302263855934143,0.04968266189098358,0.4001489579677582,-3.127926826477051,-0.011407227255403996,3.127926826477051,0.011407227255403996,0.0,166.7672119140625,0.0
37,1.1894428730010986,0.5,0.0,0.0,0.446609228849411,0.07310537248849869,0.43739068508148193,-3.127422332763672,-0.018534470349550247,3.127422332763672,0.018534470349550247,0.0,141.5977020263672,0.0
38,1.2012310028076172,0.5,0.0,0.0,0.45688000321388245,0.08671355247497559,0.4021119177341461,-3.129772186279297,-0.02224878966808319,3.129772186279297,0.02224878966808319,0.0,118.3126220703125,0.0
39,1.2301363945007324,0.5,0.0,0.0,0.43764394521713257,0.09728097170591354,0.1745564490556717,-3.1362521648406982,-0.019442621618509293,3.1362521648406982,0.019442621618509293,191.04660034179688,109.88764953613281,36.674560546875
40,1.241694688796997,0.5,0.0,0.0,0.49306437373161316,0.09473393857479095,0.22441911697387695,3.136219024658203,-0.019881488755345345,3.136219024658203,0.019881488755345345,234.9792938232422,48.68816375732422,36.674560546875
41,1.2689056396484375,0.5,0.0,0.0,0.5292521715164185,0.06565305590629578,0.16444848477840424,3.1281089782714844,-0.02093694545328617,3.1281089782714844,0.02093694545328617,261.2892150878906,0.0,36.674560546875
42,1.2817111015319824,0.5,0.0,0.0,0.5608886480331421,0.0254986509680748,-0.003633887507021427,3.12412428855896,-0.01852511055767536,3.12412428855896,0.01852511055767536,259.8802185058594,0.0,36.674560546875
43,1.308211088180542,0.5,0.0,0.0,0.6045507192611694,-0.010020244866609573,-0.11842752248048782,3.123901128768921,-0.013309217058122158,3.123901128768921,0.013309217058122158,242.3208465576172,0.0,36.674560546875
44,1.3193435668945312,0.5,0.0,0.0,0.6620492339134216,-0.03641141951084137,-0.1588936150074005,3.1256368160247803,-0.008573644794523716,3.1256368160247803,0.008573644794523716,221.4691162109375,0.0,36.674560546875
45,1.345747470855713,0.5,0.0,0.0,0.7260088920593262,-0.054053448140621185,-0.19613532721996307,3.127685308456421,-0.00861386489123106,3.127685308456421,0.00861386489123106,199.1674346923828,0.0,36.674560546875
46,1.3570895195007324,0.5,0.0,0.0,0.7909925580024719,-0.06176372617483139,-0.2608190178871155,3.12703800201416,-0.014270382933318615,3.12703800201416,0.014270382933318615,164.80064392089844,0.0,36.674560546875
47,1.3846144676208496,0.5,0.0,0.0,0.8516103029251099,-0.062310174107551575,-0.36192479729652405,3.121899127960205,-0.025149578228592873,3.121899127960205,0.025149578228592873,132.21737670898438,0.0,36.674560546875
48,1.3958101272583008,0.5,0.0,0.0,0.9096989035606384,-0.0577549934387207,-0.4325907528400421,3.1147642135620117,-0.03772791847586632,3.1147642135620117,0.03772791847586632,116.87416076660156,0.0,36.674560546875
49,1.4238126277923584,0.5,0.0,0.0,0.9672279953956604,-0.05051505193114281,-0.4056752324104309,3.112220287322998,-0.04715560004115105,3.112220287322998,0.04715560004115105,105.27279663085938,0.0,0.0
50,1.4353721141815186,0.5,0.0,0.0,0.9603659510612488,-0.04487353190779686,-0.38437631726264954,3.120659351348877,-0.04799589142203331,3.120659351348877,0.04799589142203331,0.0,154.57310485839844,0.0
51,1.4620800018310547,0.5,0.0,0.0,0.9188982248306274,-0.003255862509831786,-0.08839376270771027,3.1290693283081055,-0.04672284424304962,3.1290693283081055,0.04672284424304962,0.0,217.27362060546875,0.0
52,1.4734752178192139,0.5,0.0,0.0,0.8887977004051208,0.030299678444862366,0.17914490401744843,3.131866931915283,-0.03685811907052994,3.131866931915283,0.03685811907052994,0.0,251.67515563964844,0.0
53,1.5004138946533203,0.5,0.0,0.0,0.8753980398178101,0.05228125676512718,0.2622990608215332,3.1318886280059814,-0.020034080371260643,3.1318886280059814,0.020034080371260643,0.0,284.5050354003906,0.0
54,1.5132699012756348,0.5,0.0,0.0,0.8723757863044739,0.07413920015096664,0.23068295419216156,3.130418300628662,-0.0042960625141859055,3.130418300628662,0.0042960625141859055,0.0,295.4628601074219,0.0
55,1.5396943092346191,0.5,0.0,0.0,0.8606691956520081,0.1052212193608284,0.17945995926856995,3.126600742340088,0.003344846423715353,3.126600742340088,0.003344846423715353,0.0,261.721923828125,0.0
56,1.5512700080871582,0.5,0.0,0.0,0.8356490135192871,0.13746215403079987,0.17769984900951385,3.1180882453918457,0.006279800087213516,3.1180882453918457,0.006279800087213516,0.0,204.52969360351562,0.0
57,1.5818428993225098,0.5,0.0,0.0,0.8144736289978027,0.15648092329502106,0.1437142789363861,3.1030125617980957,0.012788472697138786,3.1030125617980957,0.012788472697138786,0.0,139.95599365234375,0.0
58,1.5931975841522217,0.5,0.0,0.0,0.7982274889945984,0.16243894398212433,0.03296815603971481,3.083163261413574,0.026870213449001312,3.083163261413574,0.026870213449001312,0.0,62.954837799072266,0.0
59,1.620337724685669,0.5,0.0,0.0,0.7466514110565186,0.17554201185703278,-0.3038519024848938,3.0669732093811035,0.051376841962337494,3.0669732093811035,0.051376841962337494,325.3929138183594,14.98609447479248,0.0
60,1.6317052841186523,0.5,0.0,0.0,0.6829690337181091,0.15193691849708557,0.013009361922740936,3.0656239986419678,0.0728001818060875,3.0656239986419678,0.0728001818060875,258.98638916015625,0.0,0.0
61,1.6589744091033936,0.5,0.0,0.0,0.62120121717453,0.10483049601316452,0.3566367030143738,3.086594581604004,0.07771734148263931,3.086594581604004,0.07771734148263931,243.58767700195312,0.0,0.0
62,1.6705126762390137,0.5,0.0,0.0,0.5529227256774902,0.05795449763536453,0.24652054905891418,3.1172709465026855,0.07773952931165695,3.1172709465026855,0.07773952931165695,224.35643005371094,0.0,0.0
63,1.6981346607208252,0.5,0.0,0.0,0.4850461184978485,0.021928569301962852,-0.11107248067855835,3.138594150543213,0.08484718948602676,3.138594150543213,0.08484718948602676,222.1425018310547,0.0,0.0
64,1.7096798419952393,0.5,0.0,0.0,0.42677295207977295,-0.004788044840097427,-0.3395385146141052,-3.1409354209899902,0.10002902895212173,3.1409354209899902,0.10002902895212173,223.7681427001953,0.0,0.0
65,1.737455129623413,0.5,0.0,0.0,0.38186150789260864,-0.03113558143377304,-0.28740251064300537,3.1354613304138184,0.11659447848796844,3.1354613304138184,0.11659447848796844,226.82421875,0.0,0.0
66,1.7490174770355225,0.5,0.0,0.0,0.3465246558189392,-0.06137930229306221,0.010215774178504944,3.1277174949645996,0.1278417557477951,3.1277174949645996,0.1278417557477951,227.67532348632812,0.0,0.0
67,1.7766988277435303,0.5,0.0,0.0,0.3129248321056366,-0.09647215157747269,0.31377673149108887,3.124225378036499,0.13405784964561462,3.124225378036499,0.13405784964561462,218.02871704101562,0.0,0.0
68,1.788487434387207,0.5,0.0,0.0,0.2794444262981415,-0.1312328428030014,0.3245789408683777,3.1259546279907227,0.1376514434814453,3.1259546279907227,0.1376514434814453,189.16917419433594,0.0,0.0
69,1.8166964054107666,0.5,0.0,0.0,0.25476717948913574,-0.1564052551984787,0.053374484181404114,3.1309821605682373,0.13996727764606476,3.1309821605682373,0.13996727764606476,162.88771057128906,55.36879348754883,0.0
70,1.8281958103179932,0.5,0.0,0.0,0.24920548498630524,-0.17164021730422974,-0.09321707487106323,3.1376659870147705,0.13332103192806244,3.1376659870147705,0.13332103192806244,144.79949951171875,109.63164520263672,0.0
71,1.8561937808990479,0.5,0.0,0.0,0.2431582510471344,-0.16576333343982697,-0.07691255211830139,-3.1317412853240967,0.12053916603326797,3.1317412853240967,0.12053916603326797,36.88195037841797,144.9555206298828,0.0
72,1.8672254085540771,0.5,0.0,0.0,0.23227789998054504,-0.13559961318969727,-0.015900488942861557,-3.1183533668518066,0.10827279835939407,3.1183533668518066,0.10827279835939407,0.0,160.59414672851562,0.0
73,1.8949251174926758,0.5,0.0,0.0,0.22796380519866943,-0.10738386958837509,0.006448354572057724,-3.111856460571289,0.09981687366962433,3.111856460571289,0.09981687366962433,0.0,152.63279724121094,0.0
74,1.9067509174346924,0.5,0.0,0.0,0.2292083352804184,-0.0835937038064003,0.03944355994462967,-3.1100196838378906,0.09397014230489731,3.1100196838378906,0.09397014230489731,0.0,161.35391235351562,0.0
75,1.9342727661132812,0.5,0.0,0.0,0.2381191998720169,-0.062409657984972,0.08774492144584656,-3.110584020614624,0.08986884355545044,3.110584020614624,0.08986884355545044,0.0,166.4716796875,0.0
76,1.9457664489746094,0.5,0.0,0.0,0.2509803771972656,-0.04011981934309006,0.1031598448753357,-3.1105995178222656,0.08600816130638123,3.1105995178222656,0.08600816130638123,0.0,191.2394256591797,0.0
77,1.9731669425964355,0.5,0.0,0.0,0.2675291895866394,-0.012016065418720245,0.06898742914199829,-3.111945867538452,0.08216860890388489,3.111945867538452,0.08216860890388489,0.0,214.21165466308594,0.0
78,1.9845354557037354,0.5,0.0,0.0,0.2869190275669098,0.01888713799417019,0.03800313547253609,-3.1184892654418945,0.07784733176231384,3.1184892654418945,0.07784733176231384,0.0,202.80377197265625,0.0
79,2.01302170753479,0.5,0.0,0.0,0.30954745411872864,0.04226476326584816,0.0007735304534435272,-3.1309804916381836,0.07361551374197006,3.1309804916381836,0.07361551374197006,0.0,185.11050415039062,0.0
80,2.0260190963745117,0.5,0.0,0.0,0.3196086585521698,0.05252937227487564,0.05006697028875351,3.1371073722839355,0.07106009125709534,3.1371073722839355,0.07106009125709534,157.50653076171875,132.60287475585938,0.0
81,2.0534486770629883,0.5,0.0,0.0,0.3259238600730896,0.03296239674091339,0.12283886969089508,3.128269910812378,0.07086781412363052,3.128269910812378,0.07086781412363052,196.53858947753906,68.885009765625,0.0
82,2.064908981323242,0.5,0.0,0.0,0.3245428204536438,0.0019291966455057263,0.1043059229850769,3.1250946521759033,0.07433025538921356,3.1250946521759033,0.07433025538921356,195.5074005126953,0.0,0.0
83,2.092601776123047,0.5,0.0,0.0,0.31819161772727966,-0.028640348464250565,0.016958175227046013,3.1229028701782227,0.07618867605924606,3.1229028701782227,0.07618867605924606,162.16720581054688,0.0,0.0
84,2.1037914752960205,0.5,0.0,0.0,0.31539759039878845,-0.05193813890218735,-0.031159482896327972,3.1196279525756836,0.07570341974496841,3.1196279525756836,0.07570341974496841,147.9444580078125,0.0,0.0
85,2.1316165924072266,0.5,0.0,0.0,0.3161056935787201,-0.07266808301210403,-0.028925273567438126,3.1148369312286377,0.07275529950857162,3.1148369312286377,0.07275529950857162,153.64230346679688,0.0,0.0
86,2.1443276405334473,0.5,0.0,0.0,0.31887340545654297,-0.09656550735235214,-0.010743798688054085,3.109623432159424,0.06821461021900177,3.109623432159424,0.06821461021900177,160.8939666748047,0.0,0.0
87,2.171679973602295,0.5,0.0,0.0,0.3217887580394745,-0.12443580478429794,-0.017053920775651932,3.1061806678771973,0.06307870149612427,3.1061806678771973,0.06307870149612427,162.3329315185547,0.0,0.0
88,2.182875394821167,0.5,0.0,0.0,0.32517510652542114,-0.15580150485038757,-0.058196984231472015,3.1052985191345215,0.05854911729693413,3.1052985191345215,0.05854911729693413,168.95814514160156,0.0,0.0
89,2.2109529972076416,0.5,0.0,0.0,0.3302130401134491,-0.19022952020168304,-0.1413680613040924,3.1102352142333984,0.05695858597755432,3.1102352142333984,0.05695858597755432,162.2447509765625,303.01727294921875,45.38833236694336
90,2.2226104736328125,0.5,0.0,0.0,0.3173496127128601,-0.16201765835285187,-0.16293440759181976,3.1196205615997314,0.05178633704781532,3.1196205615997314,0.05178633704781532,129.46505737304688,177.6954345703125,45.38833236694336
91,2.2498526573181152,0.5,0.0,0.0,0.29179468750953674,-0.10498876869678497,-0.08249323815107346,3.1304705142974854,0.05010761693120003,3.1304705142974854,0.05010761693120003,25.784454345703125,214.5254669189453,45.38833236694336
92,2.261538028717041,0.5,0.0,0.0,0.2687901556491852,-0.022774100303649902,0.05998736619949341,3.1381521224975586,0.048662178218364716,3.1381521224975586,0.048662178218364716,0.0,223.64166259765625,45.38833236694336
93,2.289435625076294,0.5,0.0,0.0,0.2529338300228119,0.05500021204352379,0.1469493806362152,3.1399550437927246,0.041273266077041626,3.1399550437927246,0.041273266077041626,0.0,203.54861450195312,45.38833236694336
94,2.3005826473236084,0.5,0.0,0.0,0.2308550775051117,0.1264137327671051,0.19768966734409332,3.138772964477539,0.030917368829250336,3.138772964477539,0.030917368829250336,0.0,188.58058166503906,45.38833236694336
95,2.327894687652588,0.5,0.0,0.0,0.20339742302894592,0.19850441813468933,0.2989218831062317,3.1365432739257812,0.02258995734155178,3.1365432739257812,0.02258995734155178,0.0,176.65451049804688,45.38833236694336
96,2.3391456604003906,0.5,0.0,0.0,0.17509089410305023,0.2687896490097046,0.41260868310928345,3.1332318782806396,0.01826559193432331,3.1332318782806396,0.01826559193432331,0.0,161.20640563964844,45.38833236694336
97,2.365355968475342,0.5,0.0,0.0,0.14195910096168518,0.3365202844142914,0.4818565249443054,3.1277217864990234,0.017853593453764915,3.1277217864990234,0.017853593453764915,0.0,141.8827362060547,45.38833236694336
98,2.3767168521881104,0.5,0.0,0.0,0.10916305333375931,0.3963666558265686,0.4239107668399811,3.1189815998077393,0.023120028898119926,3.1189815998077393,0.023120028898119926,0.0,129.57003784179688,45.38833236694336
99,2.405489206314087,0.5,0.0,0.0,0.05555659160017967,0.44124892354011536,0.24271675944328308,3.1047003269195557,0.029659299179911613,3.1047003269195557,0.029659299179911613,383.3352966308594,103.04177856445312,0.0
100,2.417452812194824,0.5,0.0,0.0,0.0905757024884224,0.391122430562973,0.15158173441886902,3.09014892578125,0.033702243119478226,3.09014892578125,0.033702243119478226,259.2747802734375,43.212608337402344,0.0
101,2.4441704750061035,0.5,0.0,0.0,0.10376566648483276,0.32189053297042847,0.12567901611328125,3.0842936038970947,0.038761429488658905,3.0842936038970947,0.038761429488658905,285.89874267578125,0.0,0.0
102,2.455512523651123,0.5,0.0,0.0,0.11594407260417938,0.25557002425193787,0.12463461607694626,3.0883560180664062,0.043153900653123856,3.0883560180664062,0.043153900653123856,253.59608459472656,0.0,0.0
103,2.483245849609375,0.5,0.0,0.0,0.12766514718532562,0.2073041796684265,0.17505958676338196,3.094430446624756,0.04709101840853691,3.094430446624756,0.04709101840853691,219.24942016601562,0.0,0.0
104,2.4945929050445557,0.5,0.0,0.0,0.13774165511131287,0.17380525171756744,0.22194576263427734,3.0990560054779053,0.05070914328098297,3.0990560054779053,0.05070914328098297,182.96119689941406,0.0,0.0
105,2.5224552154541016,0.5,0.0,0.0,0.1451132595539093,0.15062853693962097,0.27582472562789917,3.098430871963501,0.054218191653490067,3.098430871963501,0.054218191653490067,164.55697631835938,0.0,0.0
106,2.5381298065185547,0.5,0.0,0.0,0.15099288523197174,0.1295122355222702,0.347900390625,3.093327283859253,0.058038901537656784,3.093327283859253,0.058038901537656784,164.3083953857422,0.0,0.0
107,2.566147804260254,0.5,0.0,0.0,0.15847580134868622,0.10101566463708878,0.36707475781440735,3.0872504711151123,0.062124621123075485,3.0872504711151123,0.062124621123075485,183.05410766601562,0.0,0.0
108,2.5775036811828613,0.5,0.0,0.0,0.16852937638759613,0.05986909568309784,0.31491395831108093,3.085446834564209,0.06601281464099884,3.085446834564209,0.06601281464099884,216.30740356445312,0.0,0.0
109,2.6048128604888916,0.5,0.0,0.0,0.18516825139522552,0.013256141915917397,0.2238675206899643,3.0921530723571777,0.06949742138385773,3.0921530723571777,0.06949742138385773,229.4880828857422,0.0,0.0
110,2.61780047416687,0.5,0.0,0.0,0.20315665006637573,-0.025466792285442352,0.15236897766590118,3.1094462871551514,0.07269971817731857,3.1094462871551514,0.07269971817731857,198.6173095703125,0.0,0.0
111,2.648169994354248,0.5,0.0,0.0,0.2091768980026245,-0.04051271453499794,-0.01693575829267502,3.136847972869873,0.07852047681808472,3.136847972869873,0.07852047681808472,81.85213470458984,340.18585205078125,0.0
112,2.6598422527313232,0.5,0.0,0.0,0.2231268733739853,-0.017790358513593674,0.029450178146362305,-3.1251261234283447,0.07775212079286575,3.1251261234283447,0.07775212079286575,0.0,155.2340545654297,0.0
113,2.6873345375061035,0.5,0.0,0.0,0.2282247096300125,0.003235439769923687,0.06084609776735306,-3.116621494293213,0.06776444613933563,3.116621494293213,0.06776444613933563,0.0,143.220947265625,0.0
114,2.698618173599243,0.5,0.0,0.0,0.23733963072299957,0.014323364943265915,0.09064529836177826,-3.1125733852386475,0.05420356243848801,3.1125733852386475,0.05420356243848801,0.0,144.5787811279297,0.0
115,2.725281000137329,0.5,0.0,0.0,0.2503364682197571,0.023778829723596573,0.13624584674835205,-3.1082775592803955,0.0411045104265213,3.1082775592803955,0.0411045104265213,0.0,167.115966796875,0.0
116,2.7366929054260254,0.5,0.0,0.0,0.2684023082256317,0.034739308059215546,0.19620822370052338,-3.1035714149475098,0.02986621856689453,3.1035714149475098,0.02986621856689453,0.0,181.39234924316406,0.0
117,2.764216661453247,0.5,0.0,0.0,0.2885580062866211,0.04656049609184265,0.22942209243774414,-3.0981345176696777,0.019695522263646126,3.0981345176696777,0.019695522263646126,0.0,197.86192321777344,0.0
118,2.775484323501587,0.5,0.0,0.0,0.30396464467048645,0.06299629807472229,0.24067026376724243,-3.0941123962402344,0.01142066903412342,3.0941123962402344,0.01142066903412342,0.0,198.3789520263672,0.0
119,2.803243398666382,0.5,0.0,0.0,0.31752315163612366,0.0796862542629242,0.21018226444721222,-3.096527576446533,0.008567657321691513,3.096527576446533,0.008567657321691513,0.0,201.48391723632812,0.0
120,2.8144140243530273,0.5,0.0,0.0,0.3330049514770508,0.09088544547557831,0.33955487608909607,-3.1064257621765137,0.00563895283266902,3.1064257621765137,0.00563895283266902,99.03157043457031,183.45057678222656,0.0
121,2.841639995574951,0.5,0.0,0.0,0.35464566946029663,0.07062885165214539,0.3216820955276489,-3.1150999069213867,0.003048493294045329,3.1150999069213867,0.003048493294045329,189.61708068847656,113.95844268798828,0.0
122,2.852659225463867,0.5,0.0,0.0,0.3670629858970642,0.030012089759111404,0.20610669255256653,-3.1232399940490723,0.008145234547555447,3.1232399940490723,0.008145234547555447,217.96951293945312,8.266490936279297,0.0
123,2.879194974899292,0.5,0.0,0.0,0.3781517446041107,-0.016453713178634644,0.02367648109793663,-3.1316936016082764,0.018007980659604073,3.1316936016082764,0.018007980659604073,189.769775390625,0.0,0.0
124,2.8901219367980957,0.5,0.0,0.0,0.39664074778556824,-0.055872201919555664,-0.09618022292852402,-3.140765428543091,0.024703966453671455,3.140765428543091,0.024703966453671455,162.76882934570312,0.0,0.0
125,2.917651891708374,0.5,0.0,0.0,0.4159508943557739,-0.09074599295854568,-0.10789129137992859,3.1359517574310303,0.027036946266889572,3.1359517574310303,0.027036946266889572,151.61419677734375,0.0,0.0
126,2.929877758026123,0.5,0.0,0.0,0.43467092514038086,-0.12245090305805206,-0.05581270903348923,3.133291006088257,0.026361757889389992,3.133291006088257,0.026361757889389992,153.46205139160156,0.0,0.0
127,2.9572553634643555,0.5,0.0,0.0,0.4508322477340698,-0.15142305195331573,-0.027450162917375565,3.1338984966278076,0.0257200226187706,3.1338984966278076,0.0257200226187706,138.0356903076172,0.0,0.0
128,2.9685351848602295,0.5,0.0,0.0,0.46826520562171936,-0.1810028851032257,-0.03461461514234543,3.137071132659912,0.02705373987555504,3.137071132659912,0.02705373987555504,134.48826599121094,0.0,0.0
129,2.996487855911255,0.5,0.0,0.0,0.4836326241493225,-0.21209779381752014,-0.03926297649741173,-3.138200283050537,0.028227392584085464,3.138200283050537,0.028227392584085464,110.30744171142578,283.9784851074219,0.0
130,3.0079915523529053,0.5,0.0,0.0,0.5018201470375061,-0.2074480503797531,-0.09396715462207794,-3.1279377937316895,0.02224116213619709,3.1279377937316895,0.02224116213619709,37.40675354003906,187.99441528320312,0.0
131,3.0348291397094727,0.5,0.0,0.0,0.4877379834651947,-0.1706361323595047,-0.00039388658478856087,-3.122676372528076,0.01678173802793026,3.122676372528076,0.01678173802793026,0.0,240.57981872558594,0.0
132,3.0467517375946045,0.5,0.0,0.0,0.48985233902931213,-0.13360923528671265,0.14332395792007446,-3.1235902309417725,0.013789832592010498,3.1235902309417725,0.013789832592010498,0.0,250.95054626464844,0.0
133,3.0733978748321533,0.5,0.0,0.0,0.5118232369422913,-0.1062086746096611,0.21577022969722748,-3.1277503967285156,0.012396952137351036,3.1277503967285156,0.012396952137351036,0.0,264.18212890625,0.0
134,3.0848278999328613,0.5,0.0,0.0,0.542371928691864,-0.08179933577775955,0.19215354323387146,-3.1338489055633545,0.009567384608089924,3.1338489055633545,0.009567384608089924,0.0,256.50042724609375,0.0
135,3.1122281551361084,0.5,0.0,0.0,0.5679476261138916,-0.05495548993349075,0.14834383130073547,-3.1407718658447266,0.00252070021815598,3.1407718658447266,0.00252070021815598,0.0,231.79913330078125,0.0
136,3.1232893466949463,0.5,0.0,0.0,0.5838395357131958,-0.029761213809251785,0.1615334153175354,3.13545560836792,-0.007168001960963011,3.13545560836792,0.007168001960963011,0.0,200.6458740234375,0.0
137,3.1516668796539307,0.5,0.0,0.0,0.5961394906044006,-0.011192357167601585,0.22084346413612366,3.1304931640625,-0.016016986221075058,3.1304931640625,0.016016986221075058,0.0,166.332275390625,0.0
138,3.1648154258728027,0.5,0.0,0.0,0.6007932424545288,0.002664754167199135,0.3043555021286011,3.128553867340088,-0.02223614975810051,3.128553867340088,0.02223614975810051,0.0,134.66587829589844,0.0
139,3.191419839859009,0.5,0.0,0.0,0.5991093516349792,0.01017453521490097,0.33594417572021484,3.1279211044311523,-0.02086559310555458,3.1279211044311523,0.02086559310555458,0.0,106.50071716308594,0.0
140,3.2026541233062744,0.5,0.0,0.0,0.5357930660247803,0.028600268065929413,0.30081039667129517,3.1250710487365723,-0.008414204232394695,3.1250710487365723,0.008414204232394695,604.3330688476562,57.218257904052734,0.0
141,3.2306411266326904,0.5,0.0,0.0,0.5480616688728333,-0.0018312541069462895,0.1603841930627823,3.120445728302002,-0.00017112209752667695,3.120445728302002,0.00017112209752667695,222.32330322265625,0.0,0.0
142,3.241886615753174,0.5,0.0,0.0,0.514702558517456,-0.034159980714321136,-0.0064365859143435955,3.122694969177246,0.005363570060580969,3.122694969177246,0.005363570060580969,248.2827606201172,0.0,0.0
143,3.2691142559051514,0.5,0.0,0.0,0.48631420731544495,-0.06479991227388382,-0.040128838270902634,3.126641273498535,0.019052734598517418,3.126641273498535,0.019052734598517418,241.82908630371094,0.0,0.0
144,3.280564546585083,0.5,0.0,0.0,0.47541916370391846,-0.09146131575107574,-0.014997396618127823,3.129624843597412,0.03611163794994354,3.129624843597412,0.03611163794994354,233.10165405273438,0.0,0.0
145,3.3081250190734863,0.5,0.0,0.0,0.4778258800506592,-0.11424347758293152,0.011394133791327477,3.1304824352264404,0.05003548413515091,3.1304824352264404,0.05003548413515091,219.9370880126953,0.0,0.0
146,3.319272756576538,0.5,0.0,0.0,0.48474329710006714,-0.1352287232875824,0.018568098545074463,3.1280314922332764,0.057494234293699265,3.1280314922332764,0.057494234293699265,205.57962036132812,0.0,0.0
147,3.345700740814209,0.5,0.0,0.0,0.49033138155937195,-0.1553369015455246,0.029322776943445206,3.1226038932800293,0.05976708605885506,3.1226038932800293,0.05976708605885506,179.0574493408203,0.0,0.0
148,3.358442544937134,0.5,0.0,0.0,0.49313709139823914,-0.17355364561080933,0.025115810334682465,3.1156935691833496,0.05899090692400932,3.1156935691833496,0.05899090692400932,145.23065185546875,0.0,0.0
149,3.3865573406219482,0.5,0.0,0.0,0.49322259426116943,-0.19357578456401825,0.037428341805934906,3.11045503616333,0.057960208505392075,3.11045503616333,0.057960208505392075,151.98385620117188,0.0,0.0
150,3.397657632827759,0.5,0.0,0.0,0.5077642798423767,-0.21282780170440674,-0.08299317955970764,3.113643169403076,0.05472216382622719,3.113643169403076,0.05472216382622719,137.7458038330078,104.66573333740234,0.0
151,3.4256083965301514,0.5,0.0,0.0,0.5020456910133362,-0.20232132077217102,-0.16976319253444672,3.124743938446045,0.044358160346746445,3.124743938446045,0.044358160346746445,28.7325439453125,159.38990783691406,0.0
152,3.436690330505371,0.5,0.0,0.0,0.48348358273506165,-0.1612367480993271,-0.07861988246440887,3.1353580951690674,0.03887499123811722,3.1353580951690674,0.03887499123811722,0.0,189.9869384765625,0.0
153,3.4651293754577637,0.5,0.0,0.0,0.4809250235557556,-0.11793013662099838,0.04597129672765732,3.140554189682007,0.033679068088531494,3.140554189682007,0.033679068088531494,0.0,195.5041961669922,0.0
154,3.4764723777770996,0.5,0.0,0.0,0.4877217411994934,-0.07927688956260681,0.14832420647144318,3.141261339187622,0.028052033856511116,3.141261339187622,0.028052033856511116,0.0,208.67971801757812,0.0
155,3.505317449569702,0.5,0.0,0.0,0.49709227681159973,-0.043513767421245575,0.20859691500663757,3.139895439147949,0.02242250181734562,3.139895439147949,0.02242250181734562,0.0,210.31982421875,0.0
156,3.5239417552948,0.5,0.0,0.0,0.4999742805957794,-0.005811190698295832,0.22701191902160645,3.1384522914886475,0.016251936554908752,3.1384522914886475,0.016251936554908752,0.0,214.4468994140625,0.0
157,3.5614898204803467,0.5,0.0,0.0,0.49755796790122986,0.03218592703342438,0.2463642954826355,3.134812116622925,0.010730931535363197,3.134812116622925,0.010730931535363197,0.0,196.66729736328125,0.0
158,3.5724895000457764,0.5,0.0,0.0,0.49597740173339844,0.06310015916824341,0.2848202586174011,3.1279375553131104,0.007872277870774269,3.1279375553131104,0.007872277870774269,0.0,168.04026794433594,0.0
159,3.6004655361175537,0.5,0.0,0.0,0.4923211634159088,0.083415187895298,0.27310097217559814,3.1200966835021973,0.010250777937471867,3.1200966835021973,0.010250777937471867,0.0,129.36077880859375,0.0
160,3.6119937896728516,0.5,0.0,0.0,0.4639417231082916,0.09553492069244385,0.16869454085826874,3.1097488403320312,0.015119296498596668,3.1097488403320312,0.015119296498596668,178.2852020263672,86.95862579345703,0.0
161,3.6400516033172607,0.5,0.0,0.0,0.4477522373199463,0.06999517977237701,0.16064101457595825,3.105508804321289,0.015255465172231197,3.105508804321289,0.015255465172231197,222.72706604003906,15.92685604095459,0.0
162,3.6520376205444336,0.5,0.0,0.0,0.4180435538291931,0.028577975928783417,0.04566185176372528,3.108854055404663,0.02127966284751892,3.108854055404663,0.02127966284751892,235.99082946777344,0.0,0.0
163,3.6785242557525635,0.5,0.0,0.0,0.3958863914012909,-0.010638515464961529,-0.09005787968635559,3.1163339614868164,0.03352329879999161,3.1163339614868164,0.03352329879999161,232.52821350097656,0.0,0.0
164,3.6898794174194336,0.5,0.0,0.0,0.3878372311592102,-0.04310911148786545,-0.1458517611026764,3.1217334270477295,0.046857498586177826,3.1217334270477295,0.046857498586177826,225.3619384765625,0.0,0.0
165,3.717176914215088,0.5,0.0,0.0,0.38821396231651306,-0.07019591331481934,-0.11433415859937668,3.1246399879455566,0.05691199377179146,3.1246399879455566,0.05691199377179146,212.02774047851562,0.0,0.0
166,3.7285239696502686,0.5,0.0,0.0,0.39218389987945557,-0.09219198673963547,-0.04367294907569885,3.1258797645568848,0.06312741339206696,3.1258797645568848,0.06312741339206696,197.34320068359375,0.0,0.0
167,3.755045175552368,0.5,0.0,0.0,0.3952103555202484,-0.11133448034524918,-0.015262525528669357,3.1246137619018555,0.06609830260276794,3.1246137619018555,0.06609830260276794,164.62313842773438,0.0,0.0
168,3.7681937217712402,0.5,0.0,0.0,0.39547649025917053,-0.1321600079536438,-0.028866751119494438,3.12077260017395,0.06737430393695831,3.12077260017395,0.06737430393695831,152.51358032226562,0.0,0.0
169,3.7964670658111572,0.5,0.0,0.0,0.39473679661750793,-0.15586628019809723,-0.05477792024612427,3.1177175045013428,0.0672975406050682,3.1177175045013428,0.0672975406050682,148.55189514160156,0.0,46.79021072387695
170,3.8075835704803467,0.5,0.0,0.0,0.354327917098999,-0.16704003512859344,-0.09974396973848343,3.122177839279175,0.06852909922599792,3.122177839279175,0.06852909922599792,127.65420532226562,111.21923065185547,46.79021072387695
171,3.833988904953003,0.5,0.0,0.0,0.3154546320438385,-0.15295223891735077,-0.11770091205835342,3.1336803436279297,0.06471756845712662,3.1336803436279297,0.06471756845712662,51.181800842285156,155.50430297851562,46.79021072387695
172,3.8469390869140625,0.5,0.0,0.0,0.2614321708679199,-0.11196281760931015,-0.02788051962852478,-3.1362202167510986,0.06120957434177399,3.1362202167510986,0.06120957434177399,0.0,196.20953369140625,46.79021072387695
173,3.8732733726501465,0.5,0.0,0.0,0.21763715147972107,-0.06619526445865631,0.0561501570045948,-3.1267082691192627,0.056694842875003815,3.1267082691192627,0.056694842875003815,0.0,195.9912109375,46.79021072387695
174,3.884493589401245,0.5,0.0,0.0,0.17639455199241638,-0.023934265598654747,0.0833757221698761,-3.120290994644165,0.049175746738910675,3.120290994644165,0.049175746738910675,0.0,203.04489135742188,46.79021072387695
175,3.9115099906921387,0.5,0.0,0.0,0.12842512130737305,0.01945270225405693,0.07217830419540405,-3.1168196201324463,0.0413147397339344,3.1168196201324463,0.0413147397339344,0.0,209.1938934326172,46.79021072387695
176,3.923678159713745,0.5,0.0,0.0,0.07422920316457748,0.06517576426267624,0.0584939643740654,-3.1180262565612793,0.03651795536279678,3.1180262565612793,0.03651795536279678,0.0,215.5608673095703,46.79021072387695
177,3.949798583984375,0.5,0.0,0.0,0.018350698053836823,0.11271217465400696,0.05972281098365784,-3.1236443519592285,0.03585534170269966,3.1236443519592285,0.03585534170269966,0.0,208.86782836914062,46.79021072387695
178,3.9615392684936523,0.5,0.0,0.0,-0.035815633833408356,0.15935370326042175,0.04776165261864662,-3.1332650184631348,0.03924383968114853,3.1332650184631348,0.03924383968114853,0.0,198.44760131835938,46.79021072387695
179,3.9882802963256836,0.5,0.0,0.0,-0.07973846793174744,0.19646121561527252,-0.014208417385816574,3.1377313137054443,0.04485386610031128,3.1377313137054443,0.04485386610031128,0.0,168.92315673828125,44.161033630371094
180,3.9992315769195557,0.5,0.0,0.0,-0.08922221511602402,0.2491992712020874,-0.018496468663215637,3.1210360527038574,0.0516166128218174,3.1210360527038574,0.0516166128218174,196.72068786621094,124.10098266601562,44.161033630371094
181,4.026662588119507,0.5,0.0,0.0,-0.0832759216427803,0.27103370428085327,0.04695328697562218,3.102724313735962,0.055785756558179855,3.102724313735962,0.055785756558179855,228.494384765625,42.49264144897461,44.161033630371094
182,4.037898302078247,0.5,0.0,0.0,-0.07984638214111328,0.2710018455982208,0.18498405814170837,3.0891404151916504,0.05753161013126373,3.0891404151916504,0.05753161013126373,247.57028198242188,0.0,44.161033630371094
183,4.065582990646362,0.5,0.0,0.0,-0.0800907164812088,0.2712947428226471,0.3575925827026367,3.0840766429901123,0.059337131679058075,3.0840766429901123,0.059337131679058075,226.59381103515625,0.0,44.161033630371094
184,4.077099323272705,0.5,0.0,0.0,-0.08419886231422424,0.28454625606536865,0.47603267431259155,3.085089683532715,0.06366539746522903,3.085089683532715,0.06366539746522903,200.48873901367188,0.0,44.161033630371094
185,4.104599952697754,0.5,0.0,0.0,-0.0917031317949295,0.3055439889431,0.5042071342468262,3.087562322616577,0.07179795950651169,3.087562322616577,0.07179795950651169,190.07992553710938,0.0,44.161033630371094
186,4.116050958633423,0.5,0.0,0.0,-0.10207962989807129,0.32796362042427063,0.5632848143577576,3.0903871059417725,0.08451730757951736,3.0903871059417725,0.08451730757951736,203.46739196777344,0.0,44.161033630371094
187,4.143861770629883,0.5,0.0,0.0,-0.10664457082748413,0.34725093841552734,0.6976621150970459,3.093173027038574,0.1026969850063324,3.093173027038574,0.1026969850063324,227.954833984375,0.0,44.161033630371094
188,4.155533313751221,0.5,0.0,0.0,-0.10201360285282135,0.36566418409347534,0.7988283634185791,3.1006381511688232,0.12295596301555634,3.1006381511688232,0.12295596301555634,224.64797973632812,0.0,44.161033630371094
189,4.183663368225098,0.5,0.0,0.0,-0.08993909507989883,0.39325350522994995,0.8356196880340576,3.115731716156006,0.1406322419643402,3.115731716156006,0.1406322419643402,210.19651794433594,0.0,0.0
190,4.195540428161621,0.5,0.0,0.0,-0.06954414397478104,0.38454848527908325,0.7114144563674927,3.13687801361084,0.15165862441062927,3.13687801361084,0.15165862441062927,155.3021697998047,0.0,0.0
191,4.2236549854278564,0.5,0.0,0.0,-0.0602586455643177,0.3978401720523834,0.5063867568969727,-3.124767541885376,0.15862776339054108,3.124767541885376,0.15862776339054108,49.37507247924805,0.0,0.0
192,4.23540735244751,0.5,0.0,0.0,-0.06173425167798996,0.4197060465812683,0.6101363897323608,-3.1168389320373535,0.15621915459632874,3.1168389320373535,0.15621915459632874,0.0,156.32489013671875,0.0
193,4.263709783554077,0.5,0.0,0.0,-0.050147779285907745,0.44847336411476135,0.6050383448600769,-3.123765468597412,0.14160047471523285,3.123765468597412,0.14160047471523285,0.0,175.84783935546875,0.0
194,4.274925708770752,0.5,0.0,0.0,-0.032894887030124664,0.4678310453891754,0.49418938159942627,-3.133713722229004,0.1187414675951004,3.133713722229004,0.1187414675951004,0.0,155.34738159179688,0.0
195,4.302309274673462,0.5,0.0,0.0,-0.019117280840873718,0.4769445061683655,0.3474026322364807,-3.1363048553466797,0.094223752617836,3.1363048553466797,0.094223752617836,0.0,140.53134155273438,0.0
196,4.313651084899902,0.5,0.0,0.0,-0.0070360885001719,0.4819752275943756,0.22533027827739716,-3.1278438568115234,0.072226881980896,3.1278438568115234,0.072226881980896,0.0,131.9606475830078,0.0
197,4.34042763710022,0.5,0.0,0.0,0.009467488154768944,0.4855007827281952,0.19023001194000244,-3.1118853092193604,0.05445442721247673,3.1118853092193604,0.05445442721247673,0.0,128.9193115234375,0.0
198,4.354665517807007,0.5,0.0,0.0,0.03784860670566559,0.4878746271133423,0.136403888463974,-3.094752311706543,0.04156718775629997,3.094752311706543,0.04156718775629997,0.0,152.5982666015625,0.0
199,4.38497257232666,0.5,0.0,0.0,0.06616412848234177,0.4964943528175354,0.26373550295829773,-3.0891144275665283,0.032435543835163116,3.0891144275665283,0.032435543835163116,0.0,170.74453735351562,27.26897621154785
200,4.397338151931763,0.5,0.0,0.0,0.16842521727085114,0.4678042232990265,0.3379896879196167,-3.0997631549835205,0.021355273202061653,3.0997631549835205,0.021355273202061653,229.13531494140625,139.4873809814453,27.26897621154785
201,4.4237587451934814,0.5,0.0,0.0,0.2587553560733795,0.3935432732105255,0.1824769675731659,-3.1184170246124268,0.009319650940597057,3.1184170246124268,0.009319650940597057,253.5775909423828,66.70193481445312,27.26897621154785
202,4.435036659240723,0.5,0.0,0.0,0.3324105739593506,0.2897931933403015,-0.02820558473467827,-3.1353602409362793,0.004846968222409487,3.1353602409362793,0.004846968222409487,245.89077758789062,1.2355223894119263,27.26897621154785
203,4.462962865829468,0.5,0.0,0.0,0.40289634466171265,0.18136271834373474,-0.31070104241371155,3.138749837875366,0.0064489105716347694,3.138749837875366,0.0064489105716347694,209.2769317626953,0.0,27.26897621154785
204,4.4759321212768555,0.5,0.0,0.0,0.47962507605552673,0.09765346348285675,-0.5756100416183472,3.1358282566070557,0.004445946775376797,3.1358282566070557,0.004445946775376797,165.7532501220703,0.0,27.26897621154785
205,4.505044937133789,0.5,0.0,0.0,0.5529806017875671,0.04359160363674164,-0.7543295621871948,3.1348211765289307,-0.005509527400135994,3.1348211765289307,0.005509527400135994,130.8343963623047,0.0,27.26897621154785
206,4.516376972198486,0.5,0.0,0.0,0.6216232180595398,0.008048629388213158,-0.8918573260307312,3.1323459148406982,-0.023062311112880707,3.1323459148406982,0.023062311112880707,118.79113006591797,0.0,27.26897621154785
207,4.54273247718811,0.5,0.0,0.0,0.6892095804214478,-0.015594345517456532,-1.0484322309494019,3.127937078475952,-0.04534842073917389,3.127937078475952,0.04534842073917389,110.40509796142578,0.0,27.26897621154785
208,4.55402684211731,0.5,0.0,0.0,0.7619367241859436,-0.03168440982699394,-1.2008464336395264,3.1200525760650635,-0.06978777796030045,3.1200525760650635,0.06978777796030045,113.30352020263672,0.0,27.26897621154785
209,4.582335948944092,0.5,0.0,0.0,0.8403465747833252,-0.04121075198054314,-1.2865763902664185,3.111738681793213,-0.09436232596635818,3.111738681793213,0.09436232596635818,103.3590316772461,0.0,46.217803955078125
210,4.593702077865601,0.5,0.0,0.0,0.9293804168701172,-0.059684012085199356,-1.2384114265441895,3.109255075454712,-0.11769361793994904,3.109255075454712,0.11769361793994904,54.00057601928711,135.48004150390625,46.217803955078125
211,4.620328664779663,0.5,0.0,0.0,0.9708274602890015,-0.03470928966999054,-0.8179934024810791,3.11129093170166,-0.1389327496290207,3.11129093170166,0.1389327496290207,0.0,229.078857421875,46.217803955078125
212,4.631547927856445,0.5,0.0,0.0,1.0186723470687866,-0.014000823721289635,-0.20619386434555054,3.1181869506835938,-0.1461709439754486,3.1181869506835938,0.1461709439754486,0.0,262.81085205078125,46.217803955078125
213,4.658317565917969,0.5,0.0,0.0,1.1050198078155518,-0.025593316182494164,0.12493262439966202,3.1301753520965576,-0.13838458061218262,3.1301753520965576,0.13838458061218262,0.0,276.7725830078125,46.217803955078125
214,4.669755935668945,0.5,0.0,0.0,1.2124744653701782,-0.04889708384871483,0.20573168992996216,-3.13989520072937,-0.12115148454904556,3.13989520072937,0.12115148454904556,0.0,282.662109375,46.217803955078125
215,4.696230888366699,0.5,0.0,0.0,1.3305734395980835,-0.061334170401096344,0.14379417896270752,-3.1295595169067383,-0.10738683491945267,3.1295595169067383,0.10738683491945267,0.0,258.6105651855469,46.217803955078125
216,4.707643270492554,0.5,0.0,0.0,1.4289512634277344,-0.05104609578847885,0.05171925574541092,-3.125302314758301,-0.1101599782705307,3.125302314758301,0.1101599782705307,0.0,189.0439453125,46.217803955078125
217,4.733825922012329,0.5,0.0,0.0,1.501070261001587,-0.03950846195220947,-0.009681204333901405,-3.1273531913757324,-0.12336445599794388,3.1273531913757324,0.12336445599794388,0.0,93.08353424072266,46.217803955078125
218,4.745028734207153,0.5,0.0,0.0,1.552512288093567,-0.0485118068754673,-0.11281096935272217,-3.134117603302002,-0.13331739604473114,3.134117603302002,0.13331739604473114,0.0,2.874804735183716,46.217803955078125
219,4.772500991821289,0.5,0.0,0.0,1.5790730714797974,-0.08041047304868698,-0.3565564751625061,3.133354902267456,-0.12718279659748077,3.133354902267456,0.12718279659748077,0.0,0.0,0.0
220,4.784377098083496,0.5,0.0,0.0,1.4819375276565552,-0.06954087316989899,-0.3884311020374298,3.10742449760437,-0.09804724156856537,3.10742449760437,0.09804724156856537,248.22972106933594,0.0,0.0
221,4.810762882232666,0.5,0.0,0.0,1.342136263847351,-0.061195388436317444,0.2791970372200012,3.089569568634033,-0.07270237058401108,3.089569568634033,0.07270237058401108,356.68243408203125,0.0,0.0
222,4.821944952011108,0.5,0.0,0.0,1.1725573539733887,-0.08735519647598267,0.8612284064292908,3.0885472297668457,-0.06627817451953888,3.0885472297668457,0.06627817451953888,410.50567626953125,0.0,0.0
223,4.849371433258057,0.5,0.0,0.0,0.9871049523353577,-0.13863195478916168,0.747817873954773,3.096792697906494,-0.06103901192545891,3.096792697906494,0.06103901192545891,429.8813781738281,0.0,0.0
224,4.860774278640747,0.5,0.0,0.0,0.8292794823646545,-0.18084225058555603,0.3681550621986389,3.096865177154541,-0.03710238263010979,3.096865177154541,0.03710238263010979,394.6269836425781,0.0,0.0
225,4.889760732650757,0.5,0.0,0.0,0.7258619666099548,-0.21672624349594116,0.09830118715763092,3.0852015018463135,0.0001461319043301046,3.0852015018463135,0.0001461319043301046,325.0368957519531,0.0,0.0
226,4.902630567550659,0.5,0.0,0.0,0.6695451736450195,-0.2543400824069977,0.2884058356285095,3.068429470062256,0.03199082985520363,3.068429470062256,0.03199082985520363,255.89476013183594,0.0,0.0
227,4.931396007537842,0.5,0.0,0.0,0.6364179253578186,-0.2887892425060272,0.9083189964294434,3.0569896697998047,0.04846489056944847,3.0569896697998047,0.04846489056944847,192.5224609375,0.0,0.0
228,4.942474126815796,0.5,0.0,0.0,0.6043182015419006,-0.3156692683696747,1.3895598649978638,3.053567886352539,0.05541171878576279,3.053567886352539,0.05541171878576279,135.37680053710938,0.0,0.0
229,4.970791816711426,0.5,0.0,0.0,0.5647435188293457,-0.3395233750343323,1.3767554759979248,3.0557329654693604,0.06291477382183075,3.0557329654693604,0.06291477382183075,104.49254608154297,0.0,36.068580627441406
230,4.982157468795776,0.5,0.0,0.0,0.48923876881599426,-0.38242074847221375,0.9963758587837219,3.0634899139404297,0.08028952777385712,3.0634899139404297,0.08028952777385712,66.24607849121094,0.0,36.068580627441406
231,5.008320331573486,0.5,0.0,0.0,0.41123682260513306,-0.4036822021007538,0.6864681243896484,3.0723674297332764,0.10943323373794556,3.0723674297332764,0.10943323373794556,3.211338758468628,0.0,36.068580627441406
232,5.0196757316589355,0.5,0.0,0.0,0.33976614475250244,-0.4182854890823364,0.5616694092750549,3.0826776027679443,0.14840808510780334,3.0826776027679443,0.14840808510780334,0.0,111.6469497680664,36.068580627441406
233,5.046928644180298,0.5,0.0,0.0,0.310197651386261,-0.41627568006515503,0.19714537262916565,3.0930604934692383,0.17034441232681274,3.0930604934692383,0.17034441232681274,0.0,154.50469970703125,36.068580627441406
234,5.0582568645477295,0.5,0.0,0.0,0.27046048641204834,-0.40580567717552185,-0.1957961618900299,3.102567195892334,0.16614866256713867,3.102567195892334,0.16614866256713867,0.0,180.7657928466797,36.068580627441406
235,5.085996627807617,0.5,0.0,0.0,0.2126995027065277,-0.3865923583507538,-0.39222097396850586,3.1077194213867188,0.15220628678798676,3.1077194213867188,0.15220628678798676,0.0,193.31924438476562,36.068580627441406
236,5.101824998855591,0.5,0.0,0.0,0.1493469476699829,-0.3637899160385132,-0.39762431383132935,3.1071155071258545,0.14217229187488556,3.1071155071258545,0.14217229187488556,0.0,204.74441528320312,36.068580627441406
237,5.130244731903076,0.5,0.0,0.0,0.08610742539167404,-0.338216632604599,-0.34386157989501953,3.1024327278137207,0.1395595669746399,3.1024327278137207,0.1395595669746399,0.0,236.65628051757812,36.068580627441406
238,5.141480445861816,0.5,0.0,0.0,0.031186942011117935,-0.31731346249580383,-0.36559414863586426,3.0966103076934814,0.1422465741634369,3.0966103076934814,0.1422465741634369,0.0,255.66305541992188,36.068580627441406
239,5.1705217361450195,0.5,0.0,0.0,-0.02179108001291752,-0.30234915018081665,-0.4888397455215454,3.091935396194458,0.1470123678445816,3.091935396194458,0.1470123678445816,0.0,268.88043212890625,0.0
240,5.182199478149414,0.5,0.0,0.0,-0.03494883328676224,-0.2648833990097046,-0.613934338092804,3.0838513374328613,0.1524207592010498,3.0838513374328613,0.1524207592010498,0.0,237.4241180419922,0.0
241,5.2099926471710205,0.5,0.0,0.0,-0.04741980880498886,-0.23177458345890045,-0.5307360291481018,3.0725209712982178,0.15709084272384644,3.0725209712982178,0.15709084272384644,0.0,185.1788330078125,0.0
242,5.221429824829102,0.5,0.0,0.0,-0.04844283312559128,-0.2354804426431656,-0.5419496297836304,3.0678200721740723,0.15791021287441254,3.0678200721740723,0.15791021287441254,138.62518310546875,105.86276245117188,0.0
243,5.249958515167236,0.5,0.0,0.0,-0.04540381580591202,-0.24161462485790253,-0.2647557258605957,3.062138080596924,0.15770655870437622,3.062138080596924,0.15770655870437622,180.39515686035156,1.6613401174545288,0.0
244,5.262014389038086,0.5,0.0,0.0,-0.04118448495864868,-0.25215011835098267,0.043317437171936035,3.050328016281128,0.15600980818271637,3.050328016281128,0.15600980818271637,165.22714233398438,0.0,0.0
245,5.290985345840454,0.5,0.0,0.0,-0.044007185846567154,-0.2649035155773163,0.14025740325450897,3.0383172035217285,0.150480717420578,3.0383172035217285,0.150480717420578,123.68880462646484,0.0,0.0
246,5.303357124328613,0.5,0.0,0.0,-0.05671713501214981,-0.2834731638431549,0.013014906086027622,3.035027265548706,0.1430681347846985,3.035027265548706,0.1430681347846985,109.21817779541016,0.0,0.0
247,5.330435752868652,0.5,0.0,0.0,-0.06699994206428528,-0.30529025197029114,-0.2378596067428589,3.039620876312256,0.1335509568452835,3.039620876312256,0.1335509568452835,109.01351165771484,0.0,0.0
248,5.342194557189941,0.5,0.0,0.0,-0.07390901446342468,-0.3250728249549866,-0.3157361149787903,3.0475802421569824,0.12240052968263626,3.0475802421569824,0.12240052968263626,114.98196411132812,0.0,0.0
249,5.369649648666382,0.5,0.0,0.0,-0.07474706321954727,-0.3401105999946594,-0.10165052860975266,3.0585711002349854,0.11376797407865524,3.0585711002349854,0.11376797407865524,105.0750503540039,0.0,0.0
250,5.3810789585113525,0.5,0.0,0.0,-0.063166543841362,-0.3346651494503021,0.03125084191560745,3.0780341625213623,0.10686270892620087,3.0780341625213623,0.10686270892620087,75.1506118774414,196.01771545410156,0.0
251,5.410065650939941,0.5,0.0,0.0,-0.021957088261842728,-0.2814190089702606,0.02577728033065796,3.0962963104248047,0.09493515640497208,3.0962963104248047,0.09493515640497208,0.0,275.4284973144531,0.0
252,5.422742605209351,0.5,0.0,0.0,0.01272192969918251,-0.2047232985496521,-0.12494713068008423,3.1029715538024902,0.07670223712921143,3.1029715538024902,0.07670223712921143,0.0,284.0455017089844,0.0
253,5.4505088329315186,0.5,0.0,0.0,0.04229896143078804,-0.13287729024887085,-0.18020108342170715,3.096489906311035,0.057954687625169754,3.096489906311035,0.057954687625169754,0.0,263.3450012207031,0.0
254,5.462331533432007,0.5,0.0,0.0,0.06982859969139099,-0.06931290030479431,-0.08463366329669952,3.0818071365356445,0.04182320833206177,3.0818071365356445,0.04182320833206177,0.0,240.3542022705078,0.0
255,5.489325523376465,0.5,0.0,0.0,0.09711764007806778,-0.012613006867468357,0.07609562575817108,3.064967155456543,0.028149819001555443,3.064967155456543,0.028149819001555443,0.0,214.38677978515625,0.0
256,5.50069260597229,0.5,0.0,0.0,0.12468322366476059,0.03431101143360138,0.24597495794296265,3.0519673824310303,0.01739061437547207,3.0519673824310303,0.01739061437547207,0.0,195.5564422607422,0.0
257,5.532646179199219,0.5,0.0,0.0,0.1514369547367096,0.06818844377994537,0.3519442081451416,3.0472280979156494,0.010302156209945679,3.0472280979156494,0.010302156209945679,0.0,182.55874633789062,0.0
258,5.543739557266235,0.5,0.0,0.0,0.1377984881401062,0.11681030690670013,0.45397502183914185,3.048982620239258,0.008007516153156757,3.048982620239258,0.008007516153156757,387.7199401855469,170.33767700195312,0.0
259,5.572271823883057,0.5,0.0,0.0,0.19580870866775513,0.1145007461309433,0.304267942905426,3.0494375228881836,0.002536206739023328,3.0494375228881836,0.002536206739023328,114.7893295288086,130.83335876464844,9.324241638183594
260,5.583303213119507,0.5,0.0,0.0,0.21678556501865387,0.1193026602268219,0.16228604316711426,3.0452427864074707,-0.0019208312733098865,3.0452427864074707,0.0019208312733098865,165.78848266601562,40.775211334228516,9.324241638183594
261,5.610598802566528,0.5,0.0,0.0,0.22866465151309967,0.10957999527454376,0.05449582263827324,3.035970687866211,-0.0026313727721571922,3.035970687866211,0.0026313727721571922,159.17938232421875,0.0,9.324241638183594
262,5.621580362319946,0.5,0.0,0.0,0.2430438995361328,0.09583333879709244,-0.04353221878409386,3.0274646282196045,-0.003615032881498337,3.0274646282196045,0.003615032881498337,160.74090576171875,0.0,9.324241638183594
263,5.649477958679199,0.5,0.0,0.0,0.26189982891082764,0.08159186691045761,-0.09889867901802063,3.0245866775512695,-0.005769012961536646,3.0245866775512695,0.005769012961536646,166.74862670898438,0.0,9.324241638183594
264,5.660667896270752,0.5,0.0,0.0,0.28408682346343994,0.06623591482639313,-0.1572737693786621,3.0271408557891846,-0.009135276079177856,3.0271408557891846,0.009135276079177856,180.3040313720703,0.0,9.324241638183594
265,5.68780255317688,0.5,0.0,0.0,0.30944526195526123,0.04862721636891365,-0.24672961235046387,3.033670425415039,-0.011800187639892101,3.033670425415039,0.011800187639892101,203.26055908203125,0.0,9.324241638183594
266,5.699067831039429,0.5,0.0,0.0,0.34101805090904236,0.030456483364105225,-0.33333247900009155,3.0410854816436768,-0.014036869630217552,3.0410854816436768,0.014036869630217552,214.3216552734375,0.0,9.324241638183594
267,5.7272984981536865,0.5,0.0,0.0,0.3768371045589447,0.01727192848920822,-0.4008339047431946,3.0461859703063965,-0.01751006953418255,3.0461859703063965,0.01751006953418255,212.39688110351562,0.0,9.324241638183594
268,5.7391037940979,0.5,0.0,0.0,0.41516968607902527,0.012353489175438881,-0.4180017113685608,3.047043561935425,-0.022418098524212837,3.047043561935425,0.022418098524212837,203.58607482910156,0.0,9.324241638183594
269,5.7668797969818115,0.5,0.0,0.0,0.45645543932914734,0.013242281042039394,-0.4091387987136841,3.045320510864258,-0.02821481041610241,3.045320510864258,0.02821481041610241,180.96974182128906,0.0,61.69936752319336
270,5.778208255767822,0.5,0.0,0.0,0.4605270028114319,0.044655248522758484,-0.29885050654411316,3.0465304851531982,-0.03349541127681732,3.0465304851531982,0.03349541127681732,171.03834533691406,0.0,61.69936752319336
271,5.804379463195801,0.5,0.0,0.0,0.4533139169216156,0.07659009844064713,-0.23329199850559235,3.0554049015045166,-0.03402073681354523,3.0554049015045166,0.03402073681354523,136.82907104492188,82.72412109375,61.69936752319336
272,5.820904016494751,0.5,0.0,0.0,0.42990246415138245,0.12702471017837524,-0.08775504678487778,3.0688962936401367,-0.029348567128181458,3.0688962936401367,0.029348567128181458,50.3339958190918,145.2969970703125,61.69936752319336
273,5.847646474838257,0.5,0.0,0.0,0.37852153182029724,0.20670825242996216,0.25392621755599976,3.0809104442596436,-0.020630042999982834,3.0809104442596436,0.020630042999982834,0.0,195.63455200195312,61.69936752319336
274,5.858850002288818,0.5,0.0,0.0,0.3528349697589874,0.28357839584350586,0.5018780827522278,3.089290142059326,-0.013200952671468258,3.089290142059326,0.013200952671468258,0.0,208.98789978027344,61.69936752319336
275,5.887952089309692,0.5,0.0,0.0,0.34239357709884644,0.3552049398422241,0.5678801536560059,3.095864772796631,-0.014226817525923252,3.095864772796631,0.014226817525923252,0.0,224.8639373779297,61.69936752319336
276,5.900602579116821,0.5,0.0,0.0,0.3219863474369049,0.4353850483894348,0.6503389477729797,3.0997653007507324,-0.02329864725470543,3.0997653007507324,0.02329864725470543,0.0,230.68740844726562,61.69936752319336
277,5.927234888076782,0.5,0.0,0.0,0.29464852809906006,0.5225372314453125,0.8680952787399292,3.0992977619171143,-0.033846378326416016,3.0992977619171143,0.033846378326416016,0.0,221.14849853515625,61.69936752319336
278,5.938470840454102,0.5,0.0,0.0,0.2684522569179535,0.6069421768188477,1.2110430002212524,3.0966615676879883,-0.04071725904941559,3.0966615676879883,0.04071725904941559,0.0,190.3839874267578,61.69936752319336
279,5.965230226516724,0.5,0.0,0.0,0.24696138501167297,0.6806259155273438,1.5617306232452393,3.0957038402557373,-0.0423131138086319,3.0957038402557373,0.0423131138086319,0.0,156.21522521972656,0.0
280,5.976412057876587,0.5,0.0,0.0,0.2617001533508301,0.6942712664604187,1.5694248676300049,3.0973644256591797,-0.037416793406009674,3.0973644256591797,0.037416793406009674,0.0,129.0840606689453,0.0
281,6.003338098526001,0.5,0.0,0.0,0.27623456716537476,0.6977661848068237,1.0268017053604126,3.1018378734588623,-0.028885575011372566,3.1018378734588623,0.028885575011372566,0.0,136.83706665039062,0.0
282,6.014403820037842,0.5,0.0,0.0,0.24197742342948914,0.7364847660064697,-0.17511147260665894,3.1030848026275635,-0.020279880613088608,3.1030848026275635,0.020279880613088608,710.6137084960938,133.1216583251953,0.0
283,6.042778968811035,0.5,0.0,0.0,0.2531234920024872,0.6053999662399292,-0.260559618473053,3.099073648452759,-0.024758851155638695,3.099073648452759,0.024758851155638695,314.3858337402344,31.028535842895508,0.0
284,6.055046558380127,0.5,0.0,0.0,0.22076241672039032,0.46467241644859314,-0.00028756819665431976,3.1116786003112793,-0.013698562979698181,3.1116786003112793,0.013698562979698181,326.36407470703125,1.7192881107330322,0.0
285,6.082343101501465,0.5,0.0,0.0,0.2179734706878662,0.3387768864631653,0.2219279706478119,3.138237714767456,0.00619051419198513,3.138237714767456,0.00619051419198513,265.4243469238281,0.0,0.0
286,6.0940001010894775,0.5,0.0,0.0,0.2275499552488327,0.25525620579719543,0.14557293057441711,-3.119412660598755,0.021267985925078392,3.119412660598755,0.021267985925078392,189.65972900390625,0.0,0.0
287,6.121374845504761,0.5,0.0,0.0,0.23378948867321014,0.2045390009880066,-0.006654164753854275,-3.110255241394043,0.029031548649072647,3.110255241394043,0.029031548649072647,153.31468200683594,0.0,0.0
288,6.132404804229736,0.5,0.0,0.0,0.23693184554576874,0.1649589240550995,-0.0761580765247345,-3.1217873096466064,0.03181171044707298,3.1217873096466064,0.03181171044707298,152.42225646972656,0.0,0.0
289,6.159783601760864,0.5,0.0,0.0,0.23992770910263062,0.11699517071247101,-0.055419545620679855,3.139481544494629,0.03284113481640816,3.139481544494629,0.03284113481640816,173.49497985839844,0.0,0.0
290,6.170902490615845,0.5,0.0,0.0,0.24475440382957458,0.05619647353887558,0.042693689465522766,3.121600389480591,0.033290062099695206,3.121600389480591,0.033290062099695206,184.15768432617188,0.0,0.0
291,6.197988510131836,0.5,0.0,0.0,0.2508555054664612,-0.011779449880123138,0.14284628629684448,3.114140748977661,0.03274093195796013,3.114140748977661,0.03274093195796013,187.42236328125,0.0,0.0
292,6.210576295852661,0.5,0.0,0.0,0.2571408152580261,-0.08318561315536499,0.12804867327213287,3.1186141967773438,0.03165723383426666,3.1186141967773438,0.03165723383426666,187.96697998046875,0.0,0.0
293,6.244696140289307,0.5,0.0,0.0,0.26103731989860535,-0.15035678446292877,-0.08077748119831085,3.1299188137054443,0.030171135440468788,3.1299188137054443,0.030171135440468788,171.78506469726562,0.0,0.0
294,6.25632119178772,0.5,0.0,0.0,0.2657558023929596,-0.20271234214305878,-0.3301829397678375,-3.1415348052978516,0.030000410974025726,3.1415348052978516,0.030000410974025726,144.1239776611328,0.0,0.0
295,6.286179542541504,0.5,0.0,0.0,0.2723383605480194,-0.2338418960571289,-0.3195956349372864,-3.1326076984405518,0.030115274712443352,3.1326076984405518,0.030115274712443352,121.188232421875,0.0,0.0
296,6.297569274902344,0.5,0.0,0.0,0.27555498480796814,-0.2627530097961426,-0.015190430916845798,-3.1232612133026123,0.0342571884393692,3.1232612133026123,0.0342571884393692,114.97099304199219,152.8573760986328,0.0
297,6.324612617492676,0.5,0.0,0.0,0.2923448085784912,-0.2674720585346222,0.1422394961118698,-3.1129844188690186,0.0339629128575325,3.1129844188690186,0.0339629128575325,81.7528305053711,210.19345092773438,0.0
298,6.336666822433472,0.5,0.0,0.0,0.29564687609672546,-0.24964873492717743,0.08214657008647919,-3.104764699935913,0.03147904947400093,3.104764699935913,0.03147904947400093,7.502195358276367,238.98658752441406,0.0
299,6.36631441116333,0.5,0.0,0.0,0.29104381799697876,-0.20870402455329895,0.010865036398172379,-3.1024420261383057,0.027229905128479004,3.1024420261383057,0.027229905128479004,0.0,239.5277099609375,46.54803466796875
300,6.377657651901245,0.5,0.0,0.0,0.3170088231563568,-0.11802634596824646,0.06827699393033981,-3.1110007762908936,0.0199386365711689,3.1110007762908936,0.0199386365711689,0.0,218.2018280029297,46.54803466796875
301,6.4036970138549805,0.5,0.0,0.0,0.34933680295944214,-0.039817940443754196,0.1650259643793106,-3.125418186187744,0.009783624671399593,3.125418186187744,0.009783624671399593,0.0,206.9942169189453,46.54803466796875
302,6.4172492027282715,0.5,0.0,0.0,0.3812030255794525,0.0372115783393383,0.33928951621055603,-3.1396195888519287,-0.0006609827396459877,3.1396195888519287,0.0006609827396459877,0.0,214.052490234375,46.54803466796875
303,6.444509983062744,0.5,0.0,0.0,0.4171825051307678,0.11469803005456924,0.5972718000411987,3.1336517333984375,-0.008025726303458214,3.1336517333984375,0.008025726303458214,0.0,209.34681701660156,46.54803466796875
304,6.455615997314453,0.5,0.0,0.0,0.4585593044757843,0.1910417377948761,0.8746085166931152,3.129491090774536,-0.011982767842710018,3.129491090774536,0.011982767842710018,0.0,199.324951171875,46.54803466796875
305,6.482030868530273,0.5,0.0,0.0,0.5004057288169861,0.26336121559143066,1.0979396104812622,3.129722833633423,-0.013833306729793549,3.129722833633423,0.013833306729793549,0.0,183.1112823486328,46.54803466796875
306,6.493293762207031,0.5,0.0,0.0,0.5379655361175537,0.3280118703842163,1.2278680801391602,3.1308693885803223,-0.013729250989854336,3.1308693885803223,0.013729250989854336,0.0,156.63612365722656,46.54803466796875
307,6.520405530929565,0.5,0.0,0.0,0.5733460187911987,0.3822125196456909,1.2210050821304321,3.1287927627563477,-0.01103824470192194,3.1287927627563477,0.01103824470192194,0.0,124.89310455322266,46.54803466796875
308,6.534443616867065,0.5,0.0,0.0,0.6105147004127502,0.4273938536643982,1.0010789632797241,3.123910903930664,-0.005204378627240658,3.123910903930664,0.005204378627240658,0.0,113.43347930908203,46.54803466796875
309,6.561759948730469,0.5,0.0,0.0,0.6083956360816956,0.48621830344200134,0.20119935274124146,3.116548776626587,0.0024240827187895775,3.116548776626587,0.0024240827187895775,411.90277099609375,105.67667388916016,0.0
310,6.572814464569092,0.5,0.0,0.0,0.6192804574966431,0.40817609429359436,0.13449996709823608,3.1085588932037354,-0.00030856020748615265,3.1085588932037354,0.00030856020748615265,269.1470642089844,21.26540184020996,0.0
311,6.5988593101501465,0.5,0.0,0.0,0.5846759676933289,0.31451472640037537,0.026696309447288513,3.112990379333496,0.0033634789288043976,3.112990379333496,0.0033634789288043976,291.1245422363281,0.0,0.0
312,6.610171556472778,0.5,0.0,0.0,0.5618152618408203,0.22719047963619232,-0.07496178895235062,3.1274333000183105,0.015052960254251957,3.1274333000183105,0.015052960254251957,274.7521057128906,0.0,0.0
313,6.638463497161865,0.5,0.0,0.0,0.5566143989562988,0.15812009572982788,-0.18386708199977875,-3.1386616230010986,0.029709210619330406,3.1386616230010986,0.029709210619330406,248.3214111328125,0.0,0.0
314,6.650449752807617,0.5,0.0,0.0,0.5656455755233765,0.11125949025154114,-0.1753876656293869,-3.1259214878082275,0.04324062913656235,3.1259214878082275,0.04324062913656235,203.16502380371094,0.0,0.0
315,6.681379318237305,0.5,0.0,0.0,0.5811640024185181,0.07756773382425308,-0.08237512409687042,-3.1211585998535156,0.05018963664770126,3.1211585998535156,0.05018963664770126,178.92764282226562,0.0,0.0
316,6.69419002532959,0.5,0.0,0.0,0.5957514643669128,0.04722479730844498,-0.034568335860967636,-3.123756170272827,0.050423040986061096,3.123756170272827,0.050423040986061096,166.2828826904297,0.0,0.0
317,6.7233781814575195,0.5,0.0,0.0,0.6068944931030273,0.016366921365261078,-0.06471164524555206,-3.131080150604248,0.04613378271460533,3.131080150604248,0.04613378271460533,153.72967529296875,0.0,0.0
318,6.737698316574097,0.5,0.0,0.0,0.6155056953430176,-0.01677071861922741,-0.12823796272277832,-3.1386165618896484,0.04020009934902191,3.1386165618896484,0.04020009934902191,147.61175537109375,0.0,0.0
319,6.765739679336548,0.5,0.0,0.0,0.6212679743766785,-0.04943431541323662,-0.20323480665683746,3.1403205394744873,0.03428233042359352,3.1403205394744873,0.03428233042359352,130.91290283203125,0.0,47.14433670043945
320,6.777176856994629,0.5,0.0,0.0,0.6915148496627808,-0.05860040336847305,-0.2675228416919708,3.1374857425689697,0.02629918046295643,3.1374857425689697,0.02629918046295643,127.42222595214844,0.0,47.14433670043945
321,6.804075717926025,0.5,0.0,0.0,0.7636657953262329,-0.06348847597837448,-0.27481210231781006,3.13604736328125,0.015476277098059654,3.13604736328125,0.015476277098059654,115.76485443115234,0.0,47.14433670043945
322,6.815833330154419,0.5,0.0,0.0,0.8338821530342102,-0.06647343933582306,-0.21683652698993683,3.1399264335632324,0.006169908680021763,3.1399264335632324,0.006169908680021763,105.50916290283203,0.0,47.14433670043945
323,6.852579355239868,0.5,0.0,0.0,0.8862111568450928,-0.05361330509185791,-0.22124692797660828,-3.1341257095336914,-0.0024088132195174694,3.1341257095336914,0.0024088132195174694,24.96616554260254,161.09217834472656,47.14433670043945
324,6.869671583175659,0.5,0.0,0.0,0.8992211818695068,-0.0029261072631925344,-0.006768376100808382,-3.1301145553588867,-0.012445415370166302,3.1301145553588867,0.012445415370166302,0.0,223.26646423339844,47.14433670043945
325,6.897773265838623,0.5,0.0,0.0,0.9217483401298523,0.04863005876541138,0.3016859292984009,-3.1357874870300293,-0.01580141857266426,3.1357874870300293,0.01580141857266426,0.0,273.9867248535156,47.14433670043945
326,6.9091715812683105,0.5,0.0,0.0,0.9663518071174622,0.0865628644824028,0.4626484513282776,3.133695602416992,-0.011607284657657146,3.133695602416992,0.011607284657657146,0.0,321.2183532714844,47.14433670043945
327,6.941352605819702,0.5,0.0,0.0,1.0273616313934326,0.1160731315612793,0.46649569272994995,3.116809368133545,-0.006923213601112366,3.116809368133545,0.006923213601112366,0.0,334.280517578125,47.14433670043945
328,6.9559361934661865,0.5,0.0,0.0,1.0928364992141724,0.15232573449611664,0.45207709074020386,3.0996105670928955,-0.007131627760827541,3.0996105670928955,0.007131627760827541,0.0,313.3263244628906,47.14433670043945
329,6.983192443847656,0.5,0.0,0.0,1.1540238857269287,0.18816308677196503,0.5316200256347656,3.084434986114502,-0.01333985198289156,3.084434986114502,0.01333985198289156,0.0,249.0365447998047,0.0
330,6.994883060455322,0.5,0.0,0.0,1.146275281906128,0.19286563992500305,0.7334646582603455,3.0761847496032715,-0.018123507499694824,3.0761847496032715,0.018123507499694824,0.0,177.56051635742188,0.0
331,7.021990776062012,0.5,0.0,0.0,1.140239953994751,0.18536897003650665,0.9797059297561646,3.0771961212158203,-0.018241196870803833,3.0771961212158203,0.018241196870803833,0.0,112.40289306640625,0.0
332,7.033165693283081,0.5,0.0,0.0,1.1344934701919556,0.17300188541412354,1.0818872451782227,3.0862419605255127,-0.015362397767603397,3.0862419605255127,0.015362397767603397,0.0,78.62830352783203,0.0
333,7.060940265655518,0.5,0.0,0.0,1.1286683082580566,0.16302470862865448,0.9645026326179504,3.099733352661133,-0.0071785543113946915,3.099733352661133,0.0071785543113946915,0.0,59.526390075683594,0.0
334,7.076930522918701,0.5,0.0,0.0,1.1199983358383179,0.1441834270954132,0.6518082618713379,3.1147968769073486,0.013096733018755913,3.1147968769073486,0.013096733018755913,0.0,55.326778411865234,0.0
335,7.111236095428467,0.5,0.0,0.0,1.0787774324417114,0.1257612556219101,-0.2834920287132263,3.1263787746429443,0.046153318136930466,3.1263787746429443,0.046153318136930466,386.6869812011719,5.779532432556152,0.0
336,7.126008987426758,0.5,0.0,0.0,0.9846416711807251,0.09427900612354279,0.003859296441078186,3.134730815887451,0.06929147243499756,3.134730815887451,0.06929147243499756,275.57061767578125,3.7491214275360107,0.0
337,7.15680718421936,0.5,0.0,0.0,0.8749710321426392,0.044671740382909775,0.18246899545192719,-3.130171298980713,0.06820263713598251,3.130171298980713,0.06820263713598251,272.3180236816406,0.0,0.0
338,7.168374300003052,0.5,0.0,0.0,0.7586451768875122,-0.00489323865622282,0.05251814424991608,-3.110957145690918,0.06414427608251572,3.110957145690918,0.06414427608251572,269.5481872558594,0.0,0.0
339,7.1949121952056885,0.5,0.0,0.0,0.6480510830879211,-0.046288419514894485,-0.19978530704975128,-3.0981533527374268,0.06745755672454834,3.0981533527374268,0.06745755672454834,269.8338623046875,0.0,0.0
340,7.205970764160156,0.5,0.0,0.0,0.5505796670913696,-0.08106578141450882,-0.3116396367549896,-3.094724655151367,0.07786156237125397,3.094724655151367,0.07786156237125397,260.7852783203125,0.0,0.0
341,7.233658790588379,0.5,0.0,0.0,0.4687548577785492,-0.11624732613563538,-0.21318978071212769,-3.095691442489624,0.09085319936275482,3.095691442489624,0.09085319936275482,240.81271362304688,0.0,0.0
342,7.246676206588745,0.5,0.0,0.0,0.4042814075946808,-0.1507944017648697,-0.07914286851882935,-3.0961406230926514,0.10320794582366943,3.0961406230926514,0.10320794582366943,213.18643188476562,0.0,0.0
343,7.274288654327393,0.5,0.0,0.0,0.352218896150589,-0.1817101240158081,-0.05440254509449005,-3.0964581966400146,0.11181233078241348,3.0964581966400146,0.11181233078241348,178.6898193359375,0.0,0.0
344,7.285449981689453,0.5,0.0,0.0,0.3077181875705719,-0.20869554579257965,-0.11065611988306046,-3.099266529083252,0.11707538366317749,3.099266529083252,0.11707538366317749,150.48374938964844,0.0,0.0
345,7.312747478485107,0.5,0.0,0.0,0.268436461687088,-0.23273907601833344,-0.0916932001709938,-3.104247808456421,0.11851345747709274,3.104247808456421,0.11851345747709274,129.69358825683594,0.0,0.0
346,7.324091672897339,0.5,0.0,0.0,0.22966128587722778,-0.2558940351009369,0.07627455145120621,-3.1103968620300293,0.11855712532997131,3.1103968620300293,0.11855712532997131,119.0521469116211,0.0,0.0
347,7.351170778274536,0.5,0.0,0.0,0.1973671317100525,-0.27371349930763245,0.18010026216506958,-3.1165833473205566,0.11865205317735672,3.1165833473205566,0.11865205317735672,118.72740173339844,82.84492492675781,0.0
348,7.362276792526245,0.5,0.0,0.0,0.17812547087669373,-0.27397873997688293,0.17335718870162964,-3.121567487716675,0.11313075572252274,3.121567487716675,0.11313075572252274,124.8464126586914,159.1173858642578,0.0
349,7.3902342319488525,0.5,0.0,0.0,0.1611202210187912,-0.26511991024017334,0.21683119237422943,-3.118610143661499,0.10539335757493973,3.118610143661499,0.10539335757493973,119.94357299804688,195.9847869873047,0.0
350,7.401517868041992,0.5,0.0,0.0,0.15049836039543152,-0.2363797128200531,0.2734520435333252,-3.107760190963745,0.09895715117454529,3.107760190963745,0.09895715117454529,33.18308639526367,216.25184631347656,0.0
351,7.428478479385376,0.5,0.0,0.0,0.1449039727449417,-0.1850508451461792,0.18078888952732086,-3.1004443168640137,0.09543391317129135,3.1004443168640137,0.09543391317129135,0.0,217.80841064453125,0.0
352,7.4395716190338135,0.5,0.0,0.0,0.14207348227500916,-0.14111946523189545,0.04762263596057892,-3.102858543395996,0.09278605133295059,3.102858543395996,0.09278605133295059,0.0,180.1112518310547,0.0
353,7.466360330581665,0.5,0.0,0.0,0.13818828761577606,-0.11010878533124924,0.021721623837947845,-3.1102311611175537,0.09210970997810364,3.1102311611175537,0.09210970997810364,0.0,165.5466766357422,0.0
354,7.477315664291382,0.5,0.0,0.0,0.13750936090946198,-0.08442509919404984,0.05303571745753288,-3.118316173553467,0.09355411678552628,3.118316173553467,0.09355411678552628,0.0,164.33663940429688,0.0
355,7.503966808319092,0.5,0.0,0.0,0.14076708257198334,-0.05880749225616455,0.06771253049373627,-3.1237947940826416,0.09527061879634857,3.1237947940826416,0.09527061879634857,0.0,179.39096069335938,0.0
356,7.5184831619262695,0.5,0.0,0.0,0.14914360642433167,-0.029852164909243584,0.056347474455833435,-3.126523971557617,0.09578853845596313,3.126523971557617,0.09578853845596313,0.0,192.11529541015625,0.0
357,7.5463855266571045,0.5,0.0,0.0,0.16065585613250732,0.0017850719159469008,0.03578108176589012,-3.1276018619537354,0.0941958799958229,3.1276018619537354,0.0941958799958229,0.0,203.60089111328125,0.0
358,7.557589292526245,0.5,0.0,0.0,0.17529089748859406,0.03705916181206703,0.010257024317979813,-3.1288251876831055,0.09015609323978424,3.1288251876831055,0.09015609323978424,0.0,212.50755310058594,0.0
359,7.585325479507446,0.5,0.0,0.0,0.1920187771320343,0.07419375330209732,0.020956799387931824,-3.1313722133636475,0.08403420448303223,3.1313722133636475,0.08403420448303223,0.0,205.75802612304688,41.72383117675781
360,7.5964744091033936,0.5,0.0,0.0,0.15646861493587494,0.08586297929286957,0.012351976707577705,-3.137063980102539,0.08163394033908844,3.137063980102539,0.08163394033908844,0.0,191.1036834716797,41.72383117675781
361,7.624100685119629,0.5,0.0,0.0,0.1231856420636177,0.09333314001560211,-0.03425298631191254,3.1376230716705322,0.0853135958313942,3.1376230716705322,0.0853135958313942,0.0,182.7868194580078,41.72383117675781
362,7.6356730461120605,0.5,0.0,0.0,0.08001340925693512,0.09930543601512909,-0.057636808604002,3.1233792304992676,0.09415535628795624,3.1233792304992676,0.09415535628795624,92.79779052734375,161.4188995361328,41.72383117675781
363,7.662815093994141,0.5,0.0,0.0,0.05171535164117813,0.07399371266365051,-0.16414055228233337,3.108912706375122,0.10118107497692108,3.108912706375122,0.10118107497692108,132.9356231689453,113.18719482421875,41.72383117675781
364,7.6743483543396,0.5,0.0,0.0,0.014272511005401611,0.03262012079358101,-0.21074524521827698,3.0973703861236572,0.10682424157857895,3.0973703861236572,0.10682424157857895,162.98439025878906,17.79456901550293,41.72383117675781
365,7.700996398925781,0.5,0.0,0.0,-0.035956449806690216,-0.02010125108063221,-0.11944876611232758,3.0876517295837402,0.11036399006843567,3.0876517295837402,0.11036399006843567,168.39569091796875,0.0,41.72383117675781
366,7.712347030639648,0.5,0.0,0.0,-0.0870993435382843,-0.07083632797002792,0.02995619922876358,3.0818827152252197,0.11151371151208878,3.0818827152252197,0.11151371151208878,158.92222595214844,0.0,41.72383117675781
367,7.739262580871582,0.5,0.0,0.0,-0.13996976613998413,-0.11780978739261627,0.1213652715086937,3.0814175605773926,0.11270139366388321,3.0814175605773926,0.11270139366388321,154.77061462402344,0.0,41.72383117675781
368,7.7512047290802,0.5,0.0,0.0,-0.19313620030879974,-0.16519150137901306,0.11638255417346954,3.085205554962158,0.1146961897611618,3.085205554962158,0.1146961897611618,152.13735961914062,0.0,41.72383117675781
369,7.7794060707092285,0.5,0.0,0.0,-0.24520711600780487,-0.21306459605693817,0.0487399697303772,3.091010808944702,0.11550992727279663,3.091010808944702,0.11550992727279663,150.9359588623047,0.0,46.03314971923828
370,7.790746450424194,0.5,0.0,0.0,-0.29477235674858093,-0.254975289106369,-0.04295000806450844,3.094268798828125,0.11204023659229279,3.094268798828125,0.11204023659229279,148.192626953125,0.0,46.03314971923828
371,7.8172783851623535,0.5,0.0,0.0,-0.34815844893455505,-0.2956969738006592,-0.11315324902534485,3.095205783843994,0.10619153082370758,3.095205783843994,0.10619153082370758,127.04851531982422,0.0,46.03314971923828
372,7.828439950942993,0.5,0.0,0.0,-0.4170299172401428,-0.3459295630455017,-0.1003357321023941,3.097504138946533,0.10331638157367706,3.097504138946533,0.10331638157367706,98.02494812011719,194.6700897216797,46.03314971923828
373,7.855334520339966,0.5,0.0,0.0,-0.4100198745727539,-0.34469592571258545,0.01563171297311783,3.1049461364746094,0.0996108204126358,3.1049461364746094,0.0996108204126358,74.84689331054688,233.9905548095703,46.03314971923828
374,7.86660623550415,0.5,0.0,0.0,-0.38619816303253174,-0.325435072183609,0.16214868426322937,3.1151955127716064,0.08594205230474472,3.1151955127716064,0.08594205230474472,46.90520477294922,291.89764404296875,46.03314971923828
375,7.894011735916138,0.5,0.0,0.0,-0.3764217495918274,-0.28803572058677673,0.048095785081386566,3.1247315406799316,0.0677778348326683,3.1247315406799316,0.0677778348326683,3.719116449356079,309.95587158203125,46.03314971923828
376,7.905951499938965,0.5,0.0,0.0,-0.3869660496711731,-0.24337762594223022,-0.23724541068077087,3.1242170333862305,0.05136525258421898,3.1242170333862305,0.05136525258421898,0.0,281.52093505859375,46.03314971923828
377,7.93474817276001,0.5,0.0,0.0,-0.4096064865589142,-0.21082046627998352,-0.4157339036464691,3.1110761165618896,0.04219425469636917,3.1110761165618896,0.04219425469636917,0.0,262.7813720703125,46.03314971923828
378,7.9463794231414795,0.5,0.0,0.0,-0.4385538399219513,-0.1925172656774521,-0.4879400134086609,3.088111400604248,0.0435732901096344,3.088111400604248,0.0435732901096344,0.0,243.3826904296875,46.03314971923828
379,7.973614931106567,0.5,0.0,0.0,-0.46953678131103516,-0.18490098416805267,-0.5994691848754883,3.0628855228424072,0.05458005517721176,3.0628855228424072,0.05458005517721176,0.0,246.4252471923828,0.0
380,7.9850664138793945,0.5,0.0,0.0,-0.44601818919181824,-0.16775934398174286,-0.6959438323974609,3.0433499813079834,0.06624831259250641,3.0433499813079834,0.06624831259250641,0.0,251.562744140625,0.0
381,8.013715982437134,0.5,0.0,0.0,-0.42887890338897705,-0.14999441802501678,-0.819340705871582,3.0316193103790283,0.07242541015148163,3.0316193103790283,0.07242541015148163,0.0,246.82376098632812,0.0
382,8.026394605636597,0.5,0.0,0.0,-0.4186881184577942,-0.13535234332084656,-0.9518442153930664,3.0269861221313477,0.0715121328830719,3.0269861221313477,0.0715121328830719,0.0,210.6739044189453,0.0
383,8.054205417633057,0.5,0.0,0.0,-0.41327279806137085,-0.12281724810600281,-1.009031057357788,3.027881383895874,0.06402591615915298,3.027881383895874,0.06402591615915298,0.0,170.1969451904297,0.0
384,8.065666198730469,0.5,0.0,0.0,-0.4005940854549408,-0.12055898457765579,-0.9927346110343933,3.032353401184082,0.053155262023210526,3.032353401184082,0.053155262023210526,0.0,137.3818817138672,0.0
385,8.094730615615845,0.5,0.0,0.0,-0.3751009702682495,-0.12159954756498337,-0.9124342203140259,3.0410914421081543,0.04380188137292862,3.0410914421081543,0.04380188137292862,0.0,117.38953399658203,0.0
386,8.106807708740234,0.5,0.0,0.0,-0.34944772720336914,-0.10924966633319855,-0.7656312584877014,3.0505542755126953,0.04110602289438248,3.0505542755126953,0.04110602289438248,0.0,111.1077880859375,0.0
387,8.133988618850708,0.5,0.0,0.0,-0.3389109969139099,-0.08662635833024979,-0.5301430225372314,3.0537168979644775,0.04709059000015259,3.0537168979644775,0.04709059000015259,0.0,87.39388275146484,0.0
388,8.146143436431885,0.5,0.0,0.0,-0.36631742119789124,-0.05954331159591675,-0.009517733007669449,3.0466690063476562,0.05706625431776047,3.0466690063476562,0.05706625431776047,0.0,36.00731658935547,0.0
389,8.17766809463501,0.5,0.0,0.0,-0.2998753786087036,-0.07831566780805588,0.22064457833766937,3.042186975479126,0.05463916435837746,3.042186975479126,0.05463916435837746,184.91268920898438,2.41957688331604,0.0
390,8.189343214035034,0.5,0.0,0.0,-0.24726729094982147,-0.10358351469039917,0.35322660207748413,3.0446054935455322,0.048739708960056305,3.0446054935455322,0.048739708960056305,181.97909545898438,0.0,0.0
391,8.216883182525635,0.5,0.0,0.0,-0.20036138594150543,-0.13209307193756104,0.37875640392303467,3.0541865825653076,0.043676089495420456,3.0541865825653076,0.043676089495420456,186.5795440673828,0.0,0.0
392,8.228502750396729,0.5,0.0,0.0,-0.15442170202732086,-0.17081722617149353,0.2746480703353882,3.067880153656006,0.03939095884561539,3.067880153656006,0.03939095884561539,204.96566772460938,0.0,0.0
393,8.256861448287964,0.5,0.0,0.0,-0.10480434447526932,-0.2202608585357666,0.08402632921934128,3.0842959880828857,0.0365765281021595,3.0842959880828857,0.0365765281021595,214.20526123046875,0.0,0.0
394,8.268354654312134,0.5,0.0,0.0,-0.0519578643143177,-0.2669472098350525,-0.04181166738271713,3.100105047225952,0.03474618121981621,3.100105047225952,0.03474618121981621,225.1631317138672,0.0,0.0
395,8.296237468719482,0.5,0.0,0.0,0.0036285899113863707,-0.30411237478256226,0.005889139138162136,3.1099791526794434,0.034626029431819916,3.1099791526794434,0.034626029431819916,211.48892211914062,0.0,0.0
396,8.307382822036743,0.5,0.0,0.0,0.05784139037132263,-0.33411747217178345,0.1736477017402649,3.1135973930358887,0.035747576504945755,3.1135973930358887,0.035747576504945755,187.2349090576172,0.0,0.0
397,8.334385395050049,0.5,0.0,0.0,0.10559304058551788,-0.3646591007709503,0.23275431990623474,3.1135993003845215,0.03398756682872772,3.1135993003845215,0.03398756682872772,146.83502197265625,0.0,0.0
398,8.345664739608765,0.5,0.0,0.0,0.1444154977798462,-0.40209364891052246,0.08489319682121277,3.113243818283081,0.026712464168667793,3.113243818283081,0.026712464168667793,123.27577209472656,0.0,0.0
399,8.373639822006226,0.5,0.0,0.0,0.17733527719974518,-0.4483245611190796,-0.11779315769672394,3.1161231994628906,0.016127225011587143,3.1161231994628906,0.016127225011587143,127.00128173828125,0.0,42.94886779785156
400,8.385059833526611,0.5,0.0,0.0,0.2411750853061676,-0.5138538479804993,-0.507311999797821,3.123652219772339,0.005442786496132612,3.123652219772339,0.005442786496132612,114.07232666015625,160.563720703125,42.94886779785156
401,8.414404153823853,0.5,0.0,0.0,0.31207433342933655,-0.5249754190444946,-0.5988073945045471,3.1282663345336914,-0.009927716106176376,3.1282663345336914,0.009927716106176376,71.70574951171875,201.5425262451172,42.94886779785156
402,8.426044464111328,0.5,0.0,0.0,0.3656342327594757,-0.49347540736198425,-0.36986044049263,3.1258645057678223,-0.021535532549023628,3.1258645057678223,0.021535532549023628,0.0,233.96543884277344,42.94886779785156
403,8.453278303146362,0.5,0.0,0.0,0.40752357244491577,-0.44872358441352844,-0.11344655603170395,3.1147701740264893,-0.02917223609983921,3.1147701740264893,0.02917223609983921,0.0,251.68312072753906,42.94886779785156
404,8.4650559425354,0.5,0.0,0.0,0.46236899495124817,-0.4267783761024475,-0.06551922112703323,3.100045680999756,-0.0321074053645134,3.100045680999756,0.0321074053645134,0.0,246.48663330078125,42.94886779785156
405,8.494179725646973,0.5,0.0,0.0,0.5285940170288086,-0.42148107290267944,-0.14725589752197266,3.086437225341797,-0.034054797142744064,3.086437225341797,0.034054797142744064,0.0,235.86477661132812,42.94886779785156
406,8.50657057762146,0.5,0.0,0.0,0.5923706889152527,-0.4192724823951721,-0.2356378585100174,3.078402519226074,-0.03681480139493942,3.078402519226074,0.03681480139493942,0.0,220.44969177246094,42.94886779785156
407,8.53548264503479,0.5,0.0,0.0,0.6597891449928284,-0.41934624314308167,-0.3066745400428772,3.077956438064575,-0.03752345219254494,3.077956438064575,0.03752345219254494,0.0,196.15676879882812,42.94886779785156
408,8.54900074005127,0.5,0.0,0.0,0.7287786602973938,-0.41852205991744995,-0.35487791895866394,3.083042621612549,-0.03952115401625633,3.083042621612549,0.03952115401625633,0.0,179.2273712158203,42.94886779785156
409,8.577020406723022,0.5,0.0,0.0,0.7943742871284485,-0.4159146547317505,-0.3779098093509674,3.091489791870117,-0.04409857839345932,3.091489791870117,0.04409857839345932,0.0,177.06333923339844,0.0
410,8.588373184204102,0.5,0.0,0.0,0.8339717984199524,-0.3670850396156311,-0.27830392122268677,3.104581594467163,-0.04786207899451256,3.104581594467163,0.04786207899451256,0.0,180.4200439453125,0.0
411,8.61437463760376,0.5,0.0,0.0,0.8679423928260803,-0.31223946809768677,-0.1504025161266327,3.117724895477295,-0.04651239141821861,3.117724895477295,0.04651239141821861,0.0,170.9498748779297,0.0
412,8.625586986541748,0.5,0.0,0.0,0.897674024105072,-0.2660568654537201,0.04320572316646576,3.120124578475952,-0.03586526960134506,3.120124578475952,0.03586526960134506,0.0,132.64862060546875,0.0
413,8.653230667114258,0.5,0.0,0.0,0.916736364364624,-0.24609479308128357,0.2062186896800995,3.1037375926971436,-0.013155701570212841,3.1037375926971436,0.013155701570212841,0.0,62.22686767578125,0.0
414,8.664441585540771,0.5,0.0,0.0,0.8600360751152039,-0.23302532732486725,0.00997106358408928,3.0700008869171143,0.02029496803879738,3.0700008869171143,0.02029496803879738,712.9945068359375,0.0,0.0
415,8.692086219787598,0.5,0.0,0.0,0.8179834485054016,-0.20032885670661926,0.1359320729970932,3.037079095840454,0.03866620734333992,3.037079095840454,0.03866620734333992,252.38917541503906,0.0,0.0
416,8.703178644180298,0.5,0.0,0.0,0.7441532611846924,-0.17962197959423065,0.2665055990219116,3.024794101715088,0.036545101553201675,3.024794101715088,0.036545101553201675,282.1424865722656,0.0,0.0
417,8.729621887207031,0.5,0.0,0.0,0.6572961807250977,-0.16898715496063232,0.39171740412712097,3.0252623558044434,0.03641572594642639,3.0252623558044434,0.03641572594642639,277.82086181640625,0.0,0.0
418,8.740733623504639,0.5,0.0,0.0,0.5813419222831726,-0.16065147519111633,0.4108799397945404,3.028421401977539,0.04642128571867943,3.028421401977539,0.04642128571867943,259.0439453125,0.0,0.0
419,8.767667293548584,0.5,0.0,0.0,0.5249510407447815,-0.14963677525520325,0.3450494408607483,3.0245022773742676,0.06390496343374252,3.0245022773742676,0.06390496343374252,241.38485717773438,0.0,45.00421142578125
420,8.778969764709473,0.5,0.0,0.0,0.47290220856666565,-0.18427319824695587,0.2109220176935196,3.0105490684509277,0.08224304020404816,3.0105490684509277,0.08224304020404816,231.74293518066406,0.0,45.00421142578125
421,8.805470943450928,0.5,0.0,0.0,0.43004634976387024,-0.22074370086193085,0.1807621270418167,2.989732027053833,0.09758366644382477,2.989732027053833,0.09758366644382477,221.88436889648438,0.0,45.00421142578125
422,8.817496299743652,0.5,0.0,0.0,0.39268338680267334,-0.2612435519695282,0.2518666088581085,2.967421054840088,0.10881850868463516,2.967421054840088,0.10881850868463516,204.4293212890625,0.0,45.00421142578125
423,8.844862937927246,0.5,0.0,0.0,0.3570592999458313,-0.3068864345550537,0.33740219473838806,2.95080304145813,0.11728662252426147,2.95080304145813,0.11728662252426147,191.5773162841797,0.0,45.00421142578125
424,8.856935501098633,0.5,0.0,0.0,0.32275858521461487,-0.356369286775589,0.3760039806365967,2.945054054260254,0.12401971966028214,2.945054054260254,0.12401971966028214,188.9087371826172,0.0,45.00421142578125
425,8.884348392486572,0.5,0.0,0.0,0.2901427447795868,-0.40671366453170776,0.29306620359420776,2.9527175426483154,0.13008713722229004,2.9527175426483154,0.13008713722229004,172.24197387695312,0.0,45.00421142578125
426,8.896202325820923,0.5,0.0,0.0,0.2636539340019226,-0.44220682978630066,-0.012323126196861267,2.9727885723114014,0.13657744228839874,2.9727885723114014,0.13657744228839874,115.78044891357422,253.75332641601562,45.00421142578125
427,8.923673868179321,0.5,0.0,0.0,0.25207746028900146,-0.449053019285202,-0.19490018486976624,2.9952125549316406,0.13465683162212372,2.9952125549316406,0.13465683162212372,34.921810150146484,141.9970703125,45.00421142578125
428,8.935723543167114,0.5,0.0,0.0,0.2269158512353897,-0.44044914841651917,-0.2623633146286011,3.011591672897339,0.1258549839258194,3.011591672897339,0.1258549839258194,0.0,151.53880310058594,45.00421142578125
429,8.967757225036621,0.5,0.0,0.0,0.195077046751976,-0.43232598900794983,-0.2932194471359253,3.020550012588501,0.11799068003892899,3.020550012588501,0.11799068003892899,0.0,161.11195373535156,0.0
430,8.98153018951416,0.5,0.0,0.0,0.1759016066789627,-0.38316670060157776,-0.2332194596529007,3.026235818862915,0.11569089442491531,3.026235818862915,0.11569089442491531,0.0,176.8542938232422,0.0
431,9.008568286895752,0.5,0.0,0.0,0.1612827181816101,-0.33609074354171753,-0.2357131540775299,3.030686855316162,0.11754212528467178,3.030686855316162,0.11754212528467178,0.0,201.1435546875,0.0
432,9.02025580406189,0.5,0.0,0.0,0.15081508457660675,-0.2879108190536499,-0.2956565320491791,3.0337259769439697,0.12039247155189514,3.0337259769439697,0.12039247155189514,0.0,222.49954223632812,0.0
433,9.047072172164917,0.5,0.0,0.0,0.14324228465557098,-0.2413398027420044,-0.36829841136932373,3.034466505050659,0.12179384380578995,3.034466505050659,0.12179384380578995,0.0,224.34642028808594,0.0
434,9.058574914932251,0.5,0.0,0.0,0.13621070981025696,-0.1953320950269699,-0.43486249446868896,3.0338332653045654,0.12298237532377243,3.0338332653045654,0.12298237532377243,0.0,242.30914306640625,0.0
435,9.085519313812256,0.5,0.0,0.0,0.12886297702789307,-0.1488010436296463,-0.5326712131500244,3.0304348468780518,0.1242070347070694,3.0304348468780518,0.1242070347070694,0.0,251.93310546875,0.0
436,9.096416234970093,0.5,0.0,0.0,0.12748074531555176,-0.10618958622217178,-0.5807802677154541,3.0242066383361816,0.12444371730089188,3.0242066383361816,0.12444371730089188,0.0,236.07940673828125,0.0
437,9.123254537582397,0.5,0.0,0.0,0.12988683581352234,-0.0680900365114212,-0.5690178275108337,3.01663875579834,0.12275315076112747,3.01663875579834,0.12275315076112747,0.0,215.93983459472656,0.0
438,9.13586974143982,0.5,0.0,0.0,0.131959930062294,-0.03403294458985329,-0.545461118221283,3.010251045227051,0.11976800858974457,3.010251045227051,0.11976800858974457,0.0,194.94223022460938,0.0
439,9.163693189620972,0.5,0.0,0.0,0.13567028939723969,-0.006736356299370527,-0.5088590383529663,3.0055716037750244,0.11723248660564423,3.0055716037750244,0.11723248660564423,0.0,167.0342254638672,0.0
440,9.17493200302124,0.5,0.0,0.0,0.125947505235672,0.018037937581539154,-0.29492223262786865,3.002737045288086,0.11617879569530487,3.002737045288086,0.11617879569530487,0.0,110.0464096069336,0.0
441,9.201640129089355,0.5,0.0,0.0,0.14053641259670258,0.01723746582865715,-0.10837610810995102,3.005490779876709,0.10946720093488693,3.005490779876709,0.10946720093488693,158.95791625976562,42.06737518310547,0.0
442,9.214232921600342,0.5,0.0,0.0,0.14288771152496338,0.010869733989238739,0.04984723776578903,3.0095267295837402,0.10259523242712021,3.0095267295837402,0.10259523242712021,165.0146026611328,0.0,0.0
443,9.241437435150146,0.5,0.0,0.0,0.14666809141635895,0.00245587807148695,0.11567794531583786,3.0124917030334473,0.09664646536111832,3.0124917030334473,0.09664646536111832,158.24020385742188,0.0,0.0
444,9.253003358840942,0.5,0.0,0.0,0.1522091031074524,-0.009897053241729736,0.09529325366020203,3.0156989097595215,0.0904955118894577,3.0156989097595215,0.0904955118894577,159.83932495117188,0.0,0.0
445,9.284302711486816,0.5,0.0,0.0,0.15647532045841217,-0.029134318232536316,0.004016395658254623,3.0226309299468994,0.08548952639102936,3.0226309299468994,0.08548952639102936,166.43714904785156,0.0,0.0
446,9.300833940505981,0.5,0.0,0.0,0.16418348252773285,-0.05392223969101906,-0.06732799857854843,3.032851457595825,0.08310297131538391,3.032851457595825,0.08310297131538391,192.90350341796875,0.0,0.0
447,9.328601837158203,0.5,0.0,0.0,0.17773675918579102,-0.07956460118293762,-0.07098126411437988,3.0451135635375977,0.0831548273563385,3.0451135635375977,0.0831548273563385,206.6837615966797,0.0,0.0
448,9.340505838394165,0.5,0.0,0.0,0.1991644650697708,-0.09954071789979935,-0.026217935606837273,3.055582284927368,0.08453503996133804,3.055582284927368,0.08453503996133804,201.8969268798828,0.0,0.0
449,9.373750448226929,0.5,0.0,0.0,0.22422319650650024,-0.11537710577249527,0.03615828603506088,3.0612213611602783,0.08382861316204071,3.0612213611602783,0.08382861316204071,193.21923828125,0.0,48.82188034057617
450,9.385581731796265,0.5,0.0,0.0,0.22570186853408813,-0.19905422627925873,-0.04979986697435379,3.0652174949645996,0.08390476554632187,3.0652174949645996,0.08390476554632187,202.34646606445312,0.0,48.82188034057617
451,9.41247844696045,0.5,0.0,0.0,0.23322488367557526,-0.2825916111469269,-0.12493759393692017,3.0724220275878906,0.08438534289598465,3.0724220275878906,0.08438534289598465,179.5945281982422,0.0,48.82188034057617
452,9.425193786621094,0.5,0.0,0.0,0.23738156259059906,-0.3573639988899231,-0.1304301619529724,3.084662675857544,0.084235779941082,3.084662675857544,0.084235779941082,138.5505828857422,0.0,48.82188034057617
453,9.453379154205322,0.5,0.0,0.0,0.23193389177322388,-0.41460657119750977,-0.22758159041404724,3.103295087814331,0.08575157076120377,3.103295087814331,0.08575157076120377,56.33914566040039,158.54190063476562,48.82188034057617
454,9.46459698677063,0.5,0.0,0.0,0.23134899139404297,-0.43955597281455994,-0.28059035539627075,3.118593215942383,0.0819166824221611,3.118593215942383,0.0819166824221611,0.0,196.46234130859375,48.82188034057617
455,9.491060972213745,0.5,0.0,0.0,0.22666548192501068,-0.458062082529068,-0.3201065957546234,3.1261088848114014,0.07282586395740509,3.1261088848114014,0.07282586395740509,0.0,198.90179443359375,48.82188034057617
456,9.503642320632935,0.5,0.0,0.0,0.221517413854599,-0.4844438433647156,-0.39230599999427795,3.1270508766174316,0.06284918636083603,3.1270508766174316,0.06284918636083603,0.0,206.65869140625,48.82188034057617
457,9.533237218856812,0.5,0.0,0.0,0.21764206886291504,-0.515840470790863,-0.4580884277820587,3.1257688999176025,0.05638942867517471,3.1257688999176025,0.05638942867517471,0.0,224.25253295898438,48.82188034057617
458,9.5444176197052,0.5,0.0,0.0,0.22224654257297516,-0.5527691841125488,-0.5133028030395508,3.124441385269165,0.0555412620306015,3.124441385269165,0.0555412620306015,0.0,241.12454223632812,48.82188034057617
459,9.572581052780151,0.5,0.0,0.0,0.2334633469581604,-0.5930175185203552,-0.5855517983436584,3.1241061687469482,0.05763104557991028,3.1241061687469482,0.05763104557991028,0.0,261.4969787597656,0.0
460,9.58402419090271,0.5,0.0,0.0,0.2695465683937073,-0.5760170221328735,-0.5940064191818237,3.1205508708953857,0.056252624839544296,3.1205508708953857,0.056252624839544296,0.0,265.9884338378906,0.0
461,9.61180591583252,0.5,0.0,0.0,0.30357396602630615,-0.5656071305274963,-0.6224576234817505,3.11201810836792,0.05139699578285217,3.11201810836792,0.05139699578285217,0.0,266.13397216796875,0.0
462,9.623565435409546,0.5,0.0,0.0,0.3355095088481903,-0.5642808079719543,-0.6539216041564941,3.1005163192749023,0.04565022140741348,3.1005163192749023,0.04565022140741348,0.0,245.0502166748047,0.0
463,9.650046586990356,0.5,0.0,0.0,0.36437639594078064,-0.5686442852020264,-0.6967451572418213,3.091247081756592,0.0424756295979023,3.091247081756592,0.0424756295979023,0.0,230.74827575683594,0.0
464,9.66149640083313,0.5,0.0,0.0,0.39862656593322754,-0.5896545648574829,-0.8306728601455688,3.1008989810943604,0.0426953062415123,3.1008989810943604,0.0426953062415123,0.0,217.41073608398438,0.0
465,9.688462018966675,0.5,0.0,0.0,0.43362993001937866,-0.5862746238708496,-0.829840898513794,3.115649700164795,0.044939517974853516,3.115649700164795,0.044939517974853516,0.0,196.97584533691406,0.0
466,9.69975996017456,0.5,0.0,0.0,0.46242934465408325,-0.5867921113967896,-0.8441416025161743,3.130535364151001,0.04967088624835014,3.130535364151001,0.04967088624835014,0.0,120.18951416015625,0.0
467,9.72693133354187,0.5,0.0,0.0,0.4276885986328125,-0.5666493773460388,-0.6646406650543213,-3.140045404434204,0.05714310705661774,3.140045404434204,0.05714310705661774,482.4030456542969,0.0,0.0
468,9.738834142684937,0.5,0.0,0.0,0.4299255311489105,-0.5846677422523499,-0.7986167073249817,-3.131402015686035,0.054278142750263214,3.131402015686035,0.054278142750263214,181.27792358398438,0.0,0.0
469,9.76731252670288,0.5,0.0,0.0,0.41340339183807373,-0.6035075783729553,-0.9757207632064819,-3.1157948970794678,0.048256974667310715,3.1157948970794678,0.048256974667310715,157.32325744628906,0.0,0.0
470,9.78031039237976,0.5,0.0,0.0,0.3973241448402405,-0.6219376921653748,-1.1859545707702637,-3.0952556133270264,0.04992113634943962,3.0952556133270264,0.04992113634943962,160.3900604248047,0.0,0.0
471,9.807552814483643,0.5,0.0,0.0,0.3904334306716919,-0.6336621642112732,-1.4322919845581055,-3.075289487838745,0.057732053101062775,3.075289487838745,0.057732053101062775,140.75030517578125,0.0,0.0
472,9.818994522094727,0.5,0.0,0.0,0.3862561583518982,-0.6405963897705078,-1.56484854221344,-3.060739517211914,0.07044388353824615,3.060739517211914,0.07044388353824615,127.754638671875,0.0,0.0
473,9.845924139022827,0.5,0.0,0.0,0.39471808075904846,-0.6465275287628174,-1.3574637174606323,-3.0536136627197266,0.08646224439144135,3.0536136627197266,0.08646224439144135,118.59408569335938,0.0,0.0
474,9.857364892959595,0.5,0.0,0.0,0.4157833456993103,-0.6522636413574219,-0.7472601532936096,-3.055507183074951,0.09980771690607071,3.055507183074951,0.09980771690607071,121.94468688964844,0.0,0.0
475,9.887047290802002,0.5,0.0,0.0,0.4313977062702179,-0.6562342047691345,-0.1373237818479538,-3.0639171600341797,0.10649120062589645,3.0639171600341797,0.10649120062589645,68.67367553710938,0.0,0.0
476,9.900801658630371,0.5,0.0,0.0,0.4284973740577698,-0.6420108675956726,-0.036371052265167236,-3.0741124153137207,0.10388769954442978,3.0741124153137207,0.10388769954442978,51.04874801635742,201.25205993652344,0.0
477,9.92963171005249,0.5,0.0,0.0,0.4365644156932831,-0.5815522074699402,-0.3069814145565033,-3.084576368331909,0.09271825104951859,3.084576368331909,0.09271825104951859,72.8692855834961,234.209228515625,0.0
478,9.944212913513184,0.5,0.0,0.0,0.4484439492225647,-0.5139227509498596,-0.2127145528793335,-3.095641613006592,0.07748758792877197,3.095641613006592,0.07748758792877197,63.84616470336914,238.7858123779297,0.0
479,9.971476793289185,0.5,0.0,0.0,0.45156246423721313,-0.44691067934036255,0.1077631339430809,-3.1055209636688232,0.06249195709824562,3.1055209636688232,0.06249195709824562,38.63322448730469,233.1828155517578,0.0
480,9.98266339302063,0.5,0.0,0.0,0.4335007071495056,-0.36427444219589233,0.3419579267501831,-3.1104233264923096,0.05228560045361519,3.1104233264923096,0.05228560045361519,0.0,265.4272766113281,0.0
481,10.010083675384521,0.5,0.0,0.0,0.43105584383010864,-0.2907290458679199,0.32958561182022095,-3.11773681640625,0.04624558240175247,3.11773681640625,0.04624558240175247,0.0,243.10708618164062,0.0
482,10.02155327796936,0.5,0.0,0.0,0.4428746998310089,-0.23509660363197327,0.2663939595222473,-3.128509521484375,0.03578588366508484,3.128509521484375,0.03578588366508484,0.0,211.78274536132812,0.0
483,10.047702074050903,0.5,0.0,0.0,0.4546423852443695,-0.18876038491725922,0.2575032114982605,-3.141252040863037,0.021346693858504295,3.141252040863037,0.021346693858504295,0.0,182.208984375,0.0
484,10.058922052383423,0.5,0.0,0.0,0.46405938267707825,-0.1459379941225052,0.31974485516548157,3.130192756652832,0.005827422719448805,3.130192756652832,0.005827422719448805,0.0,173.90438842773438,0.0
485,10.086300373077393,0.5,0.0,0.0,0.4755382835865021,-0.10621487349271774,0.46327418088912964,3.122645854949951,-0.008731795474886894,3.122645854949951,0.008731795474886894,0.0,163.2932586669922,0.0
486,10.09775972366333,0.5,0.0,0.0,0.490296870470047,-0.06907294690608978,0.6824788451194763,3.122373104095459,-0.021398277953267097,3.122373104095459,0.021398277953267097,0.0,165.15679931640625,0.0
487,10.12591290473938,0.5,0.0,0.0,0.5076286196708679,-0.036527976393699646,0.8866597414016724,3.129972219467163,-0.0323009118437767,3.129972219467163,0.0323009118437767,0.0,159.42469787597656,0.0
488,10.137695789337158,0.5,0.0,0.0,0.5217059254646301,-0.009388528764247894,0.9821391701698303,-3.139894485473633,-0.041897330433130264,3.139894485473633,0.041897330433130264,0.0,161.66961669921875,0.0
489,10.17172360420227,0.5,0.0,0.0,0.5290952324867249,0.01384199783205986,0.9401025772094727,-3.1271700859069824,-0.04724666103720665,3.1271700859069824,0.04724666103720665,0.0,146.86996459960938,0.0
490,10.188505411148071,0.5,0.0,0.0,0.5382182598114014,0.027024688199162483,0.7433596849441528,-3.1229677200317383,-0.044276297092437744,3.1229677200317383,0.044276297092437744,0.0,142.73330688476562,0.0
491,10.216132402420044,0.5,0.0,0.0,0.524723470211029,0.04422435536980629,0.40869006514549255,-3.132530450820923,-0.0384167917072773,3.132530450820923,0.0384167917072773,140.84393310546875,116.85246276855469,0.0
492,10.227539539337158,0.5,0.0,0.0,0.5148881673812866,0.02124597132205963,0.0772097259759903,3.1384034156799316,-0.03949972987174988,3.1384034156799316,0.03949972987174988,238.80874633789062,49.02119445800781,0.0
493,10.254321098327637,0.5,0.0,0.0,0.4748178720474243,-0.02339177392423153,-0.17231965065002441,3.126220226287842,-0.033151596784591675,3.126220226287842,0.033151596784591675,277.03778076171875,0.0,0.0
494,10.266388893127441,0.5,0.0,0.0,0.43966513872146606,-0.07179988920688629,-0.2694595158100128,3.1187429428100586,-0.018382631242275238,3.1187429428100586,0.018382631242275238,261.08563232421875,0.0,0.0
495,10.293327331542969,0.5,0.0,0.0,0.42615753412246704,-0.11276908963918686,-0.2063661515712738,3.1196579933166504,0.0007468491094186902,3.1196579933166504,0.0007468491094186902,233.0452423095703,0.0,0.0
496,10.304713726043701,0.5,0.0,0.0,0.4271838366985321,-0.14312757551670074,-0.12469372153282166,3.128291368484497,0.016561442986130714,3.128291368484497,0.016561442986130714,201.8623046875,0.0,0.0
497,10.332203149795532,0.5,0.0,0.0,0.4333157539367676,-0.1632426381111145,-0.09567594528198242,3.1374142169952393,0.02655056305229664,3.1374142169952393,0.02655056305229664,177.98504638671875,0.0,0.0
498,10.343731880187988,0.5,0.0,0.0,0.439236044883728,-0.17744050920009613,-0.1276412010192871,3.141533613204956,0.030813273042440414,3.141533613204956,0.030813273042440414,156.56446838378906,0.0,0.0
499,10.371678352355957,0.5,0.0,0.0,0.4432036280632019,-0.18935665488243103,-0.2562732696533203,3.138075828552246,0.03152254968881607,3.138075828552246,0.03152254968881607,141.56246948242188,0.0,0.0
500,10.384460210800171,0.5,0.0,0.0,0.44619935750961304,-0.20378196239471436,-0.4096337854862213,3.1282999515533447,0.03031783178448677,3.1282999515533447,0.03031783178448677,126.91773223876953,0.0,0.0
501,10.423381805419922,0.5,0.0,0.0,0.44569504261016846,-0.22366206347942352,-0.4526873230934143,3.1160199642181396,0.028107186779379845,3.1160199642181396,0.028107186779379845,127.8497085571289,0.0,0.0
502,10.436012268066406,0.5,0.0,0.0,0.4481896162033081,-0.2475755512714386,-0.31445538997650146,3.1070008277893066,0.028162842616438866,3.1070008277893066,0.028162842616438866,165.60342407226562,0.0,0.0
503,10.46361756324768,0.5,0.0,0.0,0.4621199667453766,-0.27499961853027344,-0.13916131854057312,3.102830171585083,0.03270179405808449,3.102830171585083,0.03270179405808449,172.1703643798828,0.0,0.0
504,10.475250482559204,0.5,0.0,0.0,0.4818604290485382,-0.30807238817214966,0.05139540880918503,3.10392427444458,0.036746781319379807,3.10392427444458,0.036746781319379807,156.07350158691406,124.70442962646484,0.0
505,10.504478454589844,0.5,0.0,0.0,0.5082529187202454,-0.3308233916759491,-0.014957977458834648,3.1100597381591797,0.032070767134428024,3.1100597381591797,0.032070767134428024,145.5784454345703,116.76533508300781,0.0
506,10.516002893447876,0.5,0.0,0.0,0.5032016038894653,-0.33133646845817566,-0.15146198868751526,3.1193277835845947,0.023146525025367737,3.1193277835845947,0.023146525025367737,89.04689025878906,200.04286193847656,0.0
507,10.543363571166992,0.5,0.0,0.0,0.480489581823349,-0.3070921301841736,-0.22667740285396576,3.1264896392822266,0.024583617225289345,3.1264896392822266,0.024583617225289345,71.26000213623047,240.3816680908203,0.0
508,10.554748296737671,0.5,0.0,0.0,0.4663428068161011,-0.2632639408111572,-0.1946600377559662,3.130439519882202,0.03515588864684105,3.130439519882202,0.03515588864684105,0.0,252.46737670898438,0.0
509,10.5818612575531,0.5,0.0,0.0,0.45767897367477417,-0.2093953639268875,-0.10127470642328262,3.1270289421081543,0.04555615037679672,3.1270289421081543,0.04555615037679672,0.0,233.85000610351562,47.28280258178711
510,10.593135356903076,0.5,0.0,0.0,0.4877064526081085,-0.12681591510772705,0.040031831711530685,3.1209635734558105,0.04435032233595848,3.1209635734558105,0.04435032233595848,0.0,187.87289428710938,47.28280258178711
511,10.619256973266602,0.5,0.0,0.0,0.5046312212944031,-0.05217066779732704,0.15677259862422943,3.119291067123413,0.032380420714616776,3.119291067123413,0.032380420714616776,0.0,173.17042541503906,47.28280258178711
512,10.630613565444946,0.5,0.0,0.0,0.5196277499198914,0.01956496387720108,0.27286040782928467,3.1224875450134277,0.02008029632270336,3.1224875450134277,0.02008029632270336,0.0,166.25074768066406,47.28280258178711
513,10.657300472259521,0.5,0.0,0.0,0.5406457185745239,0.09330794215202332,0.42965519428253174,3.1286544799804688,0.008823713287711143,3.1286544799804688,0.008823713287711143,0.0,177.57337951660156,47.28280258178711
514,10.670833587646484,0.5,0.0,0.0,0.5732925534248352,0.1703713983297348,0.6326245069503784,3.135833978652954,-0.0020167576149106026,3.135833978652954,0.0020167576149106026,0.0,191.93569946289062,47.28280258178711
515,10.698503255844116,0.5,0.0,0.0,0.6168392300605774,0.2502078413963318,0.8851534724235535,-3.1403439044952393,-0.01649436727166176,3.1403439044952393,0.01649436727166176,0.0,195.62486267089844,47.28280258178711
516,10.709811925888062,0.5,0.0,0.0,0.6622984409332275,0.32854053378105164,1.1941962242126465,-3.133413314819336,-0.035294320434331894,3.133413314819336,0.035294320434331894,0.0,182.40948486328125,47.28280258178711
517,10.737080097198486,0.5,0.0,0.0,0.7070484161376953,0.39797720313072205,1.549590826034546,-3.1267054080963135,-0.05518661066889763,3.1267054080963135,0.05518661066889763,0.0,159.17431640625,47.28280258178711
518,10.748904705047607,0.5,0.0,0.0,0.7518484592437744,0.44870346784591675,1.926701545715332,-3.120276927947998,-0.07240761071443558,3.120276927947998,0.07240761071443558,0.0,124.37532043457031,47.28280258178711
519,10.776448488235474,0.5,0.0,0.0,0.7969271540641785,0.47805553674697876,2.196314573287964,-3.1109583377838135,-0.08318275213241577,3.1109583377838135,0.08318275213241577,0.0,97.42431640625,0.0
520,10.788227319717407,0.5,0.0,0.0,0.816105306148529,0.43850067257881165,2.0140349864959717,-3.0989391803741455,-0.0834074467420578,3.0989391803741455,0.0834074467420578,0.0,98.92930603027344,0.0
521,10.816307067871094,0.5,0.0,0.0,0.7942502498626709,0.40926480293273926,0.7913051843643188,-3.0969314575195312,-0.07801509648561478,3.0969314575195312,0.07801509648561478,0.0,108.13732147216797,0.0
522,10.827575206756592,0.5,0.0,0.0,0.7354468703269958,0.3282853960990906,0.1331094205379486,-3.1056838035583496,-0.0855933129787445,3.1056838035583496,0.0855933129787445,317.0376892089844,36.63391876220703,0.0
523,10.854860544204712,0.5,0.0,0.0,0.6139242053031921,0.21196335554122925,-0.3298512101173401,-3.1172256469726562,-0.07610946148633957,3.1172256469726562,0.07610946148633957,382.8557434082031,0.0,0.0
524,10.866491794586182,0.5,0.0,0.0,0.5149480700492859,0.10229369252920151,-0.3729092478752136,-3.1229851245880127,-0.04593980312347412,3.1229851245880127,0.04593980312347412,363.16534423828125,0.0,0.0
525,10.900003910064697,0.5,0.0,0.0,0.4725044369697571,0.020277060568332672,-0.17965200543403625,-3.1129379272460938,-0.007918925024569035,3.1129379272460938,0.007918925024569035,283.5044250488281,0.0,0.0
526,10.913477659225464,0.5,0.0,0.0,0.4686562716960907,-0.028154663741588593,-0.032829269766807556,-3.0931363105773926,0.024496546015143394,3.0931363105773926,0.024496546015143394,193.62403869628906,0.0,0.0
527,10.941617488861084,0.5,0.0,0.0,0.4738345742225647,-0.05420737713575363,-0.007276434451341629,-3.0782649517059326,0.044131387025117874,3.0782649517059326,0.044131387025117874,147.25775146484375,0.0,0.0
528,10.952986717224121,0.5,0.0,0.0,0.47494736313819885,-0.07395443320274353,-0.04225211590528488,-3.0764613151550293,0.05233177915215492,3.0764613151550293,0.05233177915215492,126.36951446533203,0.0,0.0
529,10.98116159439087,0.5,0.0,0.0,0.4692166745662689,-0.09852970391511917,-0.0728338435292244,-3.0874063968658447,0.054887447506189346,3.0874063968658447,0.054887447506189346,107.74794006347656,0.0,0.0
530,10.992804050445557,0.5,0.0,0.0,0.4610309898853302,-0.1303713470697403,-0.08023275434970856,-3.1014668941497803,0.05501333624124527,3.1014668941497803,0.05501333624124527,104.5053482055664,0.0,0.0
531,11.020140409469604,0.5,0.0,0.0,0.44973355531692505,-0.16808249056339264,-0.12541629374027252,-3.110830068588257,0.05237748846411705,3.110830068588257,0.05237748846411705,106.16573333740234,0.0,0.0
532,11.031504154205322,0.5,0.0,0.0,0.4351731538772583,-0.2034946084022522,-0.21507976949214935,-3.1136176586151123,0.0497610978782177,3.1136176586151123,0.0497610978782177,100.69241333007812,0.0,0.0
533,11.0608389377594,0.5,0.0,0.0,0.4226284921169281,-0.23076143860816956,-0.2795010209083557,-3.1119089126586914,0.04874350503087044,3.1119089126586914,0.04874350503087044,97.07333374023438,0.0,0.0
534,11.073395013809204,0.5,0.0,0.0,0.41427645087242126,-0.25117960572242737,-0.23673656582832336,-3.106900930404663,0.050603073090314865,3.106900930404663,0.050603073090314865,93.53862762451172,0.0,0.0
535,11.110412359237671,0.5,0.0,0.0,0.4075736701488495,-0.2747389078140259,0.0700652152299881,-3.0990238189697266,0.055651549249887466,3.0990238189697266,0.055651549249887466,94.45934295654297,114.25741577148438,0.0
536,11.123302936553955,0.5,0.0,0.0,0.40474772453308105,-0.2728855609893799,0.07257875055074692,-3.091179132461548,0.052055805921554565,3.091179132461548,0.052055805921554565,92.49555969238281,222.30813598632812,0.0
537,11.150665760040283,0.5,0.0,0.0,0.3900842070579529,-0.2601434886455536,0.04276178032159805,-3.084810972213745,0.048603784292936325,3.084810972213745,0.048603784292936325,72.5633316040039,249.15444946289062,0.0
538,11.161936044692993,0.5,0.0,0.0,0.36740320920944214,-0.22721551358699799,-0.03310895711183548,-3.0814850330352783,0.04664143547415733,3.0814850330352783,0.04664143547415733,0.0,288.30706787109375,0.0
539,11.18987250328064,0.5,0.0,0.0,0.34158530831336975,-0.17521078884601593,-0.0647851973772049,-3.0881593227386475,0.047842781990766525,3.0881593227386475,0.047842781990766525,0.0,288.9067687988281,0.0
540,11.201044082641602,0.5,0.0,0.0,0.3348519802093506,-0.1364014595746994,0.0003989124670624733,-3.1039586067199707,0.0481884591281414,3.1039586067199707,0.0481884591281414,0.0,254.150634765625,0.0
541,11.22914743423462,0.5,0.0,0.0,0.33526259660720825,-0.11288946866989136,0.06489214301109314,-3.119966506958008,0.045504312962293625,3.119966506958008,0.045504312962293625,0.0,223.826416015625,0.0
542,11.24087905883789,0.5,0.0,0.0,0.32931897044181824,-0.09339610487222672,0.08718280494213104,-3.1303770542144775,0.04046868905425072,3.1303770542144775,0.04046868905425072,0.0,209.36622619628906,0.0
543,11.26774287223816,0.5,0.0,0.0,0.3191429376602173,-0.07462475448846817,0.14963635802268982,-3.13375186920166,0.034770417958498,3.13375186920166,0.034770417958498,0.0,181.69253540039062,0.0
544,11.279204368591309,0.5,0.0,0.0,0.31094828248023987,-0.05846820026636124,0.2332882583141327,-3.130258083343506,0.032402463257312775,3.130258083343506,0.032402463257312775,0.0,177.03565979003906,0.0
545,11.307185411453247,0.5,0.0,0.0,0.30627426505088806,-0.043504346162080765,0.24838605523109436,-3.121753454208374,0.03272313252091408,3.121753454208374,0.03272313252091408,0.0,178.2707061767578,0.0
546,11.318610668182373,0.5,0.0,0.0,0.30569472908973694,-0.02793179452419281,0.18066708743572235,-3.1125729084014893,0.03376755118370056,3.1125729084014893,0.03376755118370056,0.0,184.0441436767578,0.0
547,11.346508026123047,0.5,0.0,0.0,0.30412188172340393,-0.00768495537340641,0.09678956866264343,-3.107034921646118,0.03394516557455063,3.107034921646118,0.03394516557455063,0.0,191.3909149169922,0.0
548,11.357670545578003,0.5,0.0,0.0,0.3040349781513214,0.01404577773064375,0.04800712317228317,-3.1086387634277344,0.034580398350954056,3.1086387634277344,0.034580398350954056,0.0,186.12994384765625,0.0
549,11.384900093078613,0.5,0.0,0.0,0.30855053663253784,0.03459678962826729,0.021246500313282013,-3.1167848110198975,0.03506636992096901,3.1167848110198975,0.03506636992096901,0.0,186.48793029785156,0.0
550,11.396339893341064,0.5,0.0,0.0,0.3167424499988556,0.05248390510678291,0.030418137088418007,-3.1296396255493164,0.03529568761587143,3.1296396255493164,0.03529568761587143,0.0,165.79356384277344,0.0
551,11.422840595245361,0.5,0.0,0.0,0.32793253660202026,0.06375379860401154,0.05131828784942627,3.138972520828247,0.03673198074102402,3.138972520828247,0.03673198074102402,0.0,143.22706604003906,0.0
552,11.43398118019104,0.5,0.0,0.0,0.33105018734931946,0.06902005523443222,0.174408420920372,3.123957633972168,0.035302262753248215,3.123957633972168,0.035302262753248215,114.36284637451172,118.6832046508789,0.0
553,11.460428953170776,0.5,0.0,0.0,0.33868157863616943,0.05177421495318413,0.2513250708580017,3.11499285697937,0.032300859689712524,3.11499285697937,0.032300859689712524,180.2213134765625,62.414886474609375,0.0
554,11.472638607025146,0.5,0.0,0.0,0.3419034481048584,0.02437535859644413,0.1766667664051056,3.1117565631866455,0.03471989557147026,3.1117565631866455,0.03471989557147026,188.77163696289062,0.0,0.0
555,11.501770496368408,0.5,0.0,0.0,0.3416738212108612,-0.0036407664883881807,0.05139364302158356,3.109874725341797,0.040214553475379944,3.109874725341797,0.040214553475379944,187.4308624267578,0.0,0.0
556,11.513936519622803,0.5,0.0,0.0,0.3475523293018341,-0.029060442000627518,-0.00372474268078804,3.1055192947387695,0.04669429361820221,3.1055192947387695,0.04669429361820221,178.86578369140625,0.0,0.0
557,11.544581174850464,0.5,0.0,0.0,0.35922127962112427,-0.05456564947962761,0.003046378493309021,3.0996224880218506,0.05287322402000427,3.0996224880218506,0.05287322402000427,183.9173583984375,0.0,0.0
558,11.555705070495605,0.5,0.0,0.0,0.37711021304130554,-0.08387551456689835,0.02635823003947735,3.0950634479522705,0.057687319815158844,3.0950634479522705,0.057687319815158844,200.3050079345703,0.0,0.0
559,11.584007501602173,0.5,0.0,0.0,0.4018408954143524,-0.1163148581981659,0.06688797473907471,3.09279727935791,0.06113504245877266,3.09279727935791,0.06113504245877266,211.84136962890625,0.0,52.29072952270508
560,11.595073461532593,0.5,0.0,0.0,0.5018237829208374,-0.13526001572608948,0.152950257062912,3.0953097343444824,0.05653586611151695,3.0953097343444824,0.05653586611151695,212.0096435546875,0.0,52.29072952270508
561,11.622276544570923,0.5,0.0,0.0,0.5957313776016235,-0.15782959759235382,0.10997611284255981,3.1011691093444824,0.042836856096982956,3.1011691093444824,0.042836856096982956,191.7691650390625,0.0,52.29072952270508
562,11.637028217315674,0.5,0.0,0.0,0.6773223280906677,-0.1736794412136078,-0.020870201289653778,3.1078085899353027,0.02495669759809971,3.1078085899353027,0.02495669759809971,154.04750061035156,0.0,52.29072952270508
563,11.665971279144287,0.5,0.0,0.0,0.7506794929504395,-0.17637988924980164,-0.10931161046028137,3.1145060062408447,0.0077090137638151646,3.1145060062408447,0.0077090137638151646,126.74613189697266,0.0,52.29072952270508
564,11.677238702774048,0.5,0.0,0.0,0.8223837018013,-0.17629849910736084,-0.0811581015586853,3.122239589691162,-0.00420771911740303,3.122239589691162,0.00420771911740303,126.02239990234375,0.0,52.29072952270508
565,11.704398393630981,0.5,0.0,0.0,0.8930402398109436,-0.1830635368824005,-0.028559047728776932,3.1346631050109863,-0.006836096290498972,3.1346631050109863,0.006836096290498972,112.19811248779297,344.5096130371094,52.29072952270508
566,11.715917587280273,0.5,0.0,0.0,0.9474066495895386,-0.14574730396270752,-0.23464497923851013,-3.1366283893585205,-0.013548631221055984,3.1366283893585205,0.013548631221055984,29.367706298828125,216.01243591308594,52.29072952270508
567,11.750329732894897,0.5,0.0,0.0,0.9534981846809387,-0.06735549867153168,-0.012320934794843197,-3.135265588760376,-0.021803511306643486,3.135265588760376,0.021803511306643486,0.0,257.91619873046875,52.29072952270508
568,11.76497769355774,0.5,0.0,0.0,0.9717662930488586,0.0082082599401474,0.31418219208717346,3.1404495239257812,-0.02708323486149311,3.1404495239257812,0.02708323486149311,0.0,284.7527770996094,52.29072952270508
569,11.799537420272827,0.5,0.0,0.0,1.0127217769622803,0.06746253371238708,0.4928249716758728,3.1264102458953857,-0.02697121538221836,3.1264102458953857,0.02697121538221836,0.0,311.43682861328125,0.0
570,11.811126708984375,0.5,0.0,0.0,1.007209062576294,0.09802468866109848,0.4735640287399292,3.1054821014404297,-0.017923999577760696,3.1054821014404297,0.017923999577760696,0.0,316.1413269042969,0.0
571,11.837027788162231,0.5,0.0,0.0,1.0271114110946655,0.12463461607694626,0.3908923864364624,3.0812594890594482,-0.004028176888823509,3.0812594890594482,0.004028176888823509,0.0,279.61962890625,0.0
572,11.848023176193237,0.5,0.0,0.0,1.0481890439987183,0.15157455205917358,0.3515211343765259,3.0604207515716553,0.006321324966847897,3.0604207515716553,0.006321324966847897,0.0,215.07241821289062,0.0
573,11.874936819076538,0.5,0.0,0.0,1.0560294389724731,0.17201748490333557,0.4789537191390991,3.045811176300049,0.012198449112474918,3.045811176300049,0.012198449112474918,0.0,156.03045654296875,0.0
574,11.886015176773071,0.5,0.0,0.0,1.056333303451538,0.17467448115348816,0.6791291832923889,3.037191390991211,0.014378979802131653,3.037191390991211,0.014378979802131653,0.0,101.04192352294922,0.0
575,11.913043975830078,0.5,0.0,0.0,1.0520890951156616,0.17227910459041595,0.7581722140312195,3.0356993675231934,0.013889149762690067,3.0356993675231934,0.013889149762690067,0.0,69.44721984863281,0.0
576,11.92509150505066,0.5,0.0,0.0,1.0474045276641846,0.18195536732673645,0.6908539533615112,3.0424580574035645,0.012987487018108368,3.0424580574035645,0.012987487018108368,0.0,54.62208938598633,0.0
577,11.955092430114746,0.5,0.0,0.0,1.0425355434417725,0.19603212177753448,0.5763975381851196,3.057992935180664,0.016024775803089142,3.057992935180664,0.016024775803089142,0.0,44.579227447509766,0.0
578,11.967644214630127,0.5,0.0,0.0,1.0297887325286865,0.19520895183086395,0.40510237216949463,3.0764193534851074,0.026871051639318466,3.0764193534851074,0.026871051639318466,0.0,28.70062255859375,0.0
579,11.99734616279602,0.5,0.0,0.0,0.9691324830055237,0.19853466749191284,-0.21722404658794403,3.0888381004333496,0.04851793497800827,3.0888381004333496,0.04851793497800827,698.4994506835938,12.32623291015625,0.0
580,12.008603572845459,0.5,0.0,0.0,0.8904260396957397,0.16115519404411316,0.02525155618786812,3.0970001220703125,0.05864349380135536,3.0970001220703125,0.05864349380135536,291.2103271484375,14.069953918457031,0.0
581,12.03590989112854,0.5,0.0,0.0,0.7756971716880798,0.11214955151081085,0.14013561606407166,3.1122565269470215,0.05193585902452469,3.1122565269470215,0.05193585902452469,331.8353576660156,0.0,0.0
582,12.047231197357178,0.5,0.0,0.0,0.6398666501045227,0.05920973792672157,0.04038110002875328,3.1311910152435303,0.04969096556305885,3.1311910152435303,0.04969096556305885,335.5876159667969,0.0,0.0
583,12.076247453689575,0.5,0.0,0.0,0.5181477069854736,0.018639476969838142,-0.17701543867588043,-3.136362075805664,0.061646196991205215,3.136362075805664,0.061646196991205215,309.30877685546875,0.0,0.0
584,12.088024854660034,0.5,0.0,0.0,0.43066340684890747,-0.006976754404604435,-0.2935708463191986,-3.128540277481079,0.08142899721860886,3.128540277481079,0.08142899721860886,276.1909484863281,0.0,0.0
585,12.123135328292847,0.5,0.0,0.0,0.3682514727115631,-0.02755560167133808,-0.20965024828910828,-3.126748561859131,0.09518371522426605,3.126748561859131,0.09518371522426605,248.2550811767578,0.0,0.0
586,12.148289203643799,0.5,0.0,0.0,0.3145381808280945,-0.04811805114150047,-0.03733208030462265,-3.127030849456787,0.0997810959815979,3.127030849456787,0.0997810959815979,224.37791442871094,0.0,0.0
587,12.176289319992065,0.5,0.0,0.0,0.2632926404476166,-0.06796219199895859,0.06594167649745941,-3.128093719482422,0.09873289614915848,3.128093719482422,0.09873289614915848,188.74795532226562,0.0,0.0
588,12.187452554702759,0.5,0.0,0.0,0.2156844139099121,-0.08516143262386322,0.032629381865262985,-3.1308364868164062,0.0971432700753212,3.1308364868164062,0.0971432700753212,143.66958618164062,0.0,0.0
589,12.216021537780762,0.5,0.0,0.0,0.17426644265651703,-0.10053296387195587,-0.021790599450469017,-3.136716365814209,0.09794479608535767,3.136716365814209,0.09794479608535767,127.07986450195312,0.0,41.42151641845703
590,12.227892875671387,0.5,0.0,0.0,0.0996258556842804,-0.09121771901845932,-0.024450622498989105,3.140094757080078,0.09965173900127411,3.140094757080078,0.09965173900127411,127.544677734375,0.0,41.42151641845703
591,12.261713743209839,0.5,0.0,0.0,0.022697802633047104,-0.08064023405313492,0.043787069618701935,3.1345252990722656,0.10249379277229309,3.1345252990722656,0.10249379277229309,129.35052490234375,0.0,41.42151641845703
592,12.27660608291626,0.5,0.0,0.0,-0.055014364421367645,-0.06804420799016953,0.13953447341918945,3.1291699409484863,0.10985608398914337,3.1291699409484863,0.10985608398914337,123.08280181884766,0.0,41.42151641845703
593,12.303564071655273,0.5,0.0,0.0,-0.12753517925739288,-0.05145685374736786,0.19990204274654388,3.125819206237793,0.1215457022190094,3.125819206237793,0.1215457022190094,138.0845184326172,41.3602409362793,41.42151641845703
594,12.315000772476196,0.5,0.0,0.0,-0.16860610246658325,-0.02233201265335083,0.4018668830394745,3.122985601425171,0.1278139054775238,3.122985601425171,0.1278139054775238,163.35528564453125,143.5499267578125,41.42151641845703
595,12.34322714805603,0.5,0.0,0.0,-0.19582363963127136,0.014788639731705189,0.5985326766967773,3.1311614513397217,0.12381182610988617,3.1311614513397217,0.12381182610988617,134.3693084716797,202.22134399414062,41.42151641845703
596,12.354806661605835,0.5,0.0,0.0,-0.21842709183692932,0.07134328782558441,0.6089293360710144,-3.1346511840820312,0.11156098544597626,3.1346511840820312,0.11156098544597626,50.03203582763672,221.9912567138672,41.42151641845703
597,12.382789611816406,0.5,0.0,0.0,-0.2541327476501465,0.14139819145202637,0.40185263752937317,-3.1217963695526123,0.10146322101354599,3.1217963695526123,0.10146322101354599,0.0,216.17941284179688,41.42151641845703
598,12.394442319869995,0.5,0.0,0.0,-0.28949299454689026,0.20776119828224182,0.14760750532150269,-3.120436429977417,0.1000489890575409,3.120436429977417,0.1000489890575409,0.0,206.19003295898438,41.42151641845703
599,12.423725128173828,0.5,0.0,0.0,-0.3240550458431244,0.27166977524757385,-0.01080404594540596,-3.1258420944213867,0.10224538296461105,3.1258420944213867,0.10224538296461105,0.0,201.54647827148438,0.0
600,12.435266256332397,0.5,0.0,0.0,-0.3228011429309845,0.31800639629364014,-0.16813358664512634,-3.1354713439941406,0.10349348932504654,3.1354713439941406,0.10349348932504654,0.0,220.9218292236328,0.0
601,12.462567329406738,0.5,0.0,0.0,-0.3221147358417511,0.3683907389640808,-0.2715184688568115,3.135409116744995,0.09972701221704483,3.135409116744995,0.09972701221704483,0.0,206.70318603515625,0.0
602,12.474434614181519,0.5,0.0,0.0,-0.3244227468967438,0.421192467212677,-0.31505700945854187,3.122925043106079,0.09099853783845901,3.122925043106079,0.09099853783845901,0.0,194.14288330078125,0.0
603,12.503024816513062,0.5,0.0,0.0,-0.325765997171402,0.472603976726532,-0.27332010865211487,3.111887216567993,0.07722654938697815,3.111887216567993,0.07722654938697815,0.0,160.3972930908203,0.0
604,12.51424527168274,0.5,0.0,0.0,-0.3191467821598053,0.5094507932662964,-0.10394515097141266,3.1055660247802734,0.061229854822158813,3.1055660247802734,0.061229854822158813,0.0,137.33697509765625,0.0
605,12.541405439376831,0.5,0.0,0.0,-0.3047497570514679,0.5250179171562195,0.08197668194770813,3.1076784133911133,0.04750756919384003,3.1076784133911133,0.04750756919384003,0.0,121.65312957763672,0.0
606,12.55498218536377,0.5,0.0,0.0,-0.2809591293334961,0.5295833349227905,0.029594628140330315,3.116093397140503,0.037077344954013824,3.116093397140503,0.037077344954013824,0.0,126.0858383178711,0.0
607,12.582635402679443,0.5,0.0,0.0,-0.26806309819221497,0.5295289754867554,0.021052487194538116,3.1187479496002197,0.025241423398256302,3.1187479496002197,0.025241423398256302,0.0,104.56901550292969,0.0
608,12.594758033752441,0.5,0.0,0.0,-0.2068307101726532,0.4637662172317505,-0.12081245332956314,3.121462345123291,0.006538619287312031,3.121462345123291,0.006538619287312031,298.03851318359375,82.76742553710938,0.0
609,12.626622676849365,0.5,0.0,0.0,-0.15737083554267883,0.3913096487522125,-0.24315927922725677,3.1241626739501953,-0.00834598671644926,3.1241626739501953,0.00834598671644926,237.16600036621094,67.40235137939453,31.902307510375977
610,12.638426542282104,0.5,0.0,0.0,-0.1157335638999939,0.291939377784729,-0.2567386031150818,3.124467372894287,-0.014760106801986694,3.124467372894287,0.014760106801986694,202.77679443359375,52.002376556396484,31.902307510375977
611,12.665875911712646,0.5,0.0,0.0,-0.07487291842699051,0.20701630413532257,-0.022034231573343277,3.119446277618408,-0.011544927954673767,3.119446277618408,0.011544927954673767,161.70640563964844,22.55850601196289,31.902307510375977
612,12.677371263504028,0.5,0.0,0.0,-0.03141792491078377,0.12430742383003235,0.25167718529701233,3.1109328269958496,-0.004765219055116177,3.1109328269958496,0.004765219055116177,129.2649688720703,0.0,31.902307510375977
613,12.705093145370483,0.5,0.0,0.0,0.003187942085787654,0.040730297565460205,0.2902774512767792,3.105602741241455,0.001047253841534257,3.105602741241455,0.001047253841534257,109.4457778930664,0.0,31.902307510375977
614,12.71727180480957,0.5,0.0,0.0,0.03178427368402481,-0.04119572415947914,0.11655531823635101,3.106308698654175,0.005236486904323101,3.106308698654175,0.005236486904323101,115.85398864746094,0.0,31.902307510375977
615,12.74494481086731,0.5,0.0,0.0,0.06321743875741959,-0.12425374984741211,-0.07956913113594055,3.112321615219116,0.0074109709821641445,3.112321615219116,0.0074109709821641445,135.6938934326172,0.0,31.902307510375977
616,12.756381511688232,0.5,0.0,0.0,0.10370112955570221,-0.2072254717350006,-0.122671939432621,3.1207289695739746,0.007771619595587254,3.1207289695739746,0.007771619595587254,161.97755432128906,0.0,31.902307510375977
617,12.784092903137207,0.5,0.0,0.0,0.15194110572338104,-0.29686248302459717,-0.14427727460861206,3.128354787826538,0.007572881877422333,3.128354787826538,0.007572881877422333,182.48419189453125,0.0,31.902307510375977
618,12.795411348342896,0.5,0.0,0.0,0.20292821526527405,-0.3933303952217102,-0.2580175995826721,3.134145498275757,0.008799836039543152,3.134145498275757,0.008799836039543152,185.7147979736328,0.0,31.902307510375977
619,12.8264799118042,0.5,0.0,0.0,0.2583625912666321,-0.49047988653182983,-0.38835465908050537,3.1396608352661133,0.01007670909166336,3.1396608352661133,0.01007670909166336,162.95953369140625,0.0,0.0
620,12.839053392410278,0.5,0.0,0.0,0.3039530813694,-0.5253735184669495,-0.2757924795150757,-3.1380045413970947,0.008491043001413345,3.1380045413970947,0.008491043001413345,120.19358825683594,0.0,0.0
621,12.866703510284424,0.5,0.0,0.0,0.3269862234592438,-0.5595341324806213,0.2231132835149765,-3.1329452991485596,0.005872267298400402,3.1329452991485596,0.005872267298400402,77.98564910888672,240.89865112304688,0.0
622,12.88121747970581,0.5,0.0,0.0,0.34625065326690674,-0.5511577725410461,0.0737839862704277,-3.12446928024292,0.001954689621925354,3.12446928024292,0.001954689621925354,56.297119140625,224.00157165527344,0.0
623,12.908265113830566,0.5,0.0,0.0,0.3585001230239868,-0.5171756744384766,-0.1967344880104065,-3.1175997257232666,-0.0041186814196407795,3.1175997257232666,0.0041186814196407795,40.508182525634766,263.8455505371094,0.0
624,12.919578790664673,0.5,0.0,0.0,0.3654993772506714,-0.460517555475235,-0.3244532644748688,-3.118703842163086,-0.011449671350419521,3.118703842163086,0.011449671350419521,14.356142044067383,276.5863037109375,0.0
625,12.946521282196045,0.5,0.0,0.0,0.34938162565231323,-0.3777715563774109,-0.20912952721118927,-3.130573034286499,-0.016027629375457764,3.130573034286499,0.016027629375457764,0.0,302.4767761230469,0.0
626,12.957772016525269,0.5,0.0,0.0,0.34833091497421265,-0.3140791058540344,-0.06800166517496109,3.1323747634887695,-0.013520987704396248,3.1323747634887695,0.013520987704396248,0.0,276.8564758300781,0.0
627,12.984732866287231,0.5,0.0,0.0,0.3657817542552948,-0.27743029594421387,0.019341573119163513,3.112912893295288,-0.01062505692243576,3.112912893295288,0.01062505692243576,0.0,245.14559936523438,0.0
628,12.996242761611938,0.5,0.0,0.0,0.3925800025463104,-0.25360891222953796,0.054802365601062775,3.101635456085205,-0.00943627581000328,3.101635456085205,0.00943627581000328,0.0,220.91598510742188,0.0
629,13.023212194442749,0.5,0.0,0.0,0.4130341708660126,-0.22687171399593353,0.02554829604923725,3.1020851135253906,-0.013539456762373447,3.1020851135253906,0.013539456762373447,0.0,203.79891967773438,22.047157287597656
630,13.03416895866394,0.5,0.0,0.0,0.41829732060432434,-0.20077000558376312,-0.06106822192668915,3.108593702316284,-0.023012910038232803,3.108593702316284,0.023012910038232803,0.0,177.83583068847656,22.047157287597656
631,13.060237646102905,0.5,0.0,0.0,0.4173630177974701,-0.1770142763853073,-0.10194617509841919,3.1174633502960205,-0.03469828516244888,3.1174633502960205,0.03469828516244888,0.0,152.7943572998047,22.047157287597656
632,13.071438550949097,0.5,0.0,0.0,0.4189607501029968,-0.15642565488815308,-0.10353506356477737,3.126382827758789,-0.04413802921772003,3.126382827758789,0.04413802921772003,0.0,159.12319946289062,22.047157287597656
633,13.099291563034058,0.5,0.0,0.0,0.4268079400062561,-0.13670483231544495,-0.08631648868322372,3.1342737674713135,-0.05129428952932358,3.1342737674713135,0.05129428952932358,0.0,159.98043823242188,22.047157287597656
634,13.110674142837524,0.5,0.0,0.0,0.43928271532058716,-0.11494535207748413,-0.055700208991765976,-3.1415069103240967,-0.05715426057577133,3.1415069103240967,0.05715426057577133,0.0,176.6141357421875,22.047157287597656
635,13.138493299484253,0.5,0.0,0.0,0.45363861322402954,-0.08795077353715897,-0.020997382700443268,-3.1356582641601562,-0.06222859025001526,3.1356582641601562,0.06222859025001526,0.0,185.61643981933594,22.047157287597656
636,13.150064706802368,0.5,0.0,0.0,0.464530885219574,-0.061476074159145355,0.021880868822336197,-3.13383412361145,-0.06569033861160278,3.13383412361145,0.06569033861160278,0.0,174.4703826904297,22.047157287597656
637,13.177521228790283,0.5,0.0,0.0,0.46903160214424133,-0.042116209864616394,0.055355411022901535,-3.1389553546905518,-0.06293812394142151,3.1389553546905518,0.06293812394142151,0.0,156.29885864257812,22.047157287597656
638,13.189218759536743,0.5,0.0,0.0,0.4693300426006317,-0.03388803452253342,0.046147942543029785,3.131789445877075,-0.04998331889510155,3.131789445877075,0.04998331889510155,0.0,127.41241455078125,22.047157287597656
639,13.217652559280396,0.5,0.0,0.0,0.4335678219795227,-0.028336461633443832,0.10760714113712311,3.110766887664795,-0.02718503773212433,3.110766887664795,0.02718503773212433,0.0,72.66283416748047,0.0
640,13.229151964187622,0.5,0.0,0.0,0.40071868896484375,-0.036629147827625275,0.18073023855686188,3.0981831550598145,-0.010948507115244865,3.0981831550598145,0.010948507115244865,246.5371856689453,12.596455574035645,0.0
641,13.257145881652832,0.5,0.0,0.0,0.3539803624153137,-0.058212317526340485,0.08278575539588928,3.100748300552368,-0.0018213324947282672,3.100748300552368,0.0018213324947282672,252.36192321777344,0.0,0.0
642,13.270086288452148,0.5,0.0,0.0,0.30510038137435913,-0.07599519938230515,-0.050321243703365326,3.1091675758361816,0.006414253730326891,3.1091675758361816,0.006414253730326891,243.02871704101562,0.0,0.0
643,13.2975492477417,0.5,0.0,0.0,0.26350080966949463,-0.08854483813047409,-0.1243482455611229,3.1140589714050293,0.019845029339194298,3.1140589714050293,0.019845029339194298,219.90817260742188,0.0,0.0
644,13.308983325958252,0.5,0.0,0.0,0.2329891473054886,-0.09843548387289047,-0.11354473978281021,3.1121509075164795,0.03591035678982735,3.1121509075164795,0.03591035678982735,204.2441864013672,0.0,0.0
645,13.33594012260437,0.5,0.0,0.0,0.2122703492641449,-0.10814700275659561,-0.01174461841583252,3.106171131134033,0.05064893141388893,3.106171131134033,0.05064893141388893,197.87222290039062,0.0,0.0
646,13.347015619277954,0.5,0.0,0.0,0.19581909477710724,-0.11904413253068924,0.10726707428693771,3.099849224090576,0.0595550499856472,3.099849224090576,0.0595550499856472,191.172607421875,0.0,0.0
647,13.374524116516113,0.5,0.0,0.0,0.1786469966173172,-0.13114511966705322,0.1673010289669037,3.0947799682617188,0.06329672038555145,3.0947799682617188,0.06329672038555145,185.9102783203125,0.0,0.0
648,13.386593580245972,0.5,0.0,0.0,0.1602485328912735,-0.14340254664421082,0.12725822627544403,3.088912010192871,0.06332112103700638,3.088912010192871,0.06332112103700638,172.37353515625,0.0,0.0
649,13.415986776351929,0.5,0.0,0.0,0.13969245553016663,-0.15672321617603302,0.03405272588133812,3.0808889865875244,0.06227467581629753,3.0808889865875244,0.06227467581629753,173.2904052734375,0.0,45.39163589477539
650,13.427467823028564,0.5,0.0,0.0,0.05260155349969864,-0.1909039318561554,-0.03054383024573326,3.069122314453125,0.06816646456718445,3.069122314453125,0.06816646456718445,190.25962829589844,0.0,45.39163589477539
651,13.453895330429077,0.5,0.0,0.0,-0.03025873750448227,-0.22824114561080933,0.05750856176018715,3.0574769973754883,0.08419535309076309,3.0574769973754883,0.08419535309076309,198.50537109375,0.0,45.39163589477539
652,13.465330839157104,0.5,0.0,0.0,-0.08505133539438248,-0.25562000274658203,0.13099297881126404,3.0528743267059326,0.10131590813398361,3.0528743267059326,0.10131590813398361,179.49110412597656,93.55156707763672,45.39163589477539
653,13.492542743682861,0.5,0.0,0.0,-0.11910602450370789,-0.2733052670955658,0.2656891345977783,3.0564160346984863,0.10805868357419968,3.0564160346984863,0.10805868357419968,157.1415252685547,166.67771911621094,45.39163589477539
654,13.50423789024353,0.5,0.0,0.0,-0.14834383130073547,-0.2690728008747101,0.29450637102127075,3.0726826190948486,0.10410456359386444,3.0726826190948486,0.10410456359386444,56.729759216308594,217.12794494628906,45.39163589477539
655,13.537379264831543,0.5,0.0,0.0,-0.19751979410648346,-0.23633544147014618,0.1276826411485672,3.08950138092041,0.09464937448501587,3.08950138092041,0.09464937448501587,0.0,222.06729125976562,45.39163589477539
656,13.559836626052856,0.5,0.0,0.0,-0.26237866282463074,-0.20765329897403717,-0.1355890929698944,3.093428373336792,0.08832886070013046,3.093428373336792,0.08832886070013046,0.0,173.0236358642578,45.39163589477539
657,13.590348482131958,0.5,0.0,0.0,-0.33123114705085754,-0.193162739276886,-0.33637893199920654,3.087078809738159,0.08999782055616379,3.087078809738159,0.08999782055616379,0.0,162.11134338378906,45.39163589477539
658,13.601412773132324,0.5,0.0,0.0,-0.39614787697792053,-0.1833050400018692,-0.4753609001636505,3.0752007961273193,0.09784835577011108,3.0752007961273193,0.09784835577011108,0.0,168.28611755371094,45.39163589477539
659,13.627921342849731,0.5,0.0,0.0,-0.45764634013175964,-0.17189274728298187,-0.5987510681152344,3.0612213611602783,0.10783818364143372,3.0612213611602783,0.10783818364143372,0.0,199.71810913085938,61.77730178833008
660,13.638958215713501,0.5,0.0,0.0,-0.3933301270008087,-0.08502957224845886,-0.6093855500221252,3.044273614883423,0.10737438499927521,3.044273614883423,0.10737438499927521,0.0,206.46145629882812,61.77730178833008
661,13.665275573730469,0.5,0.0,0.0,-0.33880528807640076,-0.0014193468960002065,-0.5545445680618286,3.025779962539673,0.09333010762929916,3.025779962539673,0.09333010762929916,0.0,191.61073303222656,61.77730178833008
662,13.67660117149353,0.5,0.0,0.0,-0.28684407472610474,0.08513709157705307,-0.34847769141197205,3.0084023475646973,0.07196076959371567,3.0084023475646973,0.07196076959371567,0.0,157.5026092529297,61.77730178833008
663,13.705256462097168,0.5,0.0,0.0,-0.22687913477420807,0.16546015441417694,-0.08925560116767883,2.99668288230896,0.04970934987068176,2.99668288230896,0.04970934987068176,0.0,139.01266479492188,61.77730178833008
664,13.71877408027649,0.5,0.0,0.0,-0.15918728709220886,0.23705154657363892,0.18636055290699005,2.9953207969665527,0.030444635078310966,2.9953207969665527,0.030444635078310966,0.0,135.93128967285156,61.77730178833008
665,13.74533748626709,0.5,0.0,0.0,-0.0927739292383194,0.3077298700809479,0.3879268169403076,3.000659942626953,0.017810773104429245,3.000659942626953,0.017810773104429245,0.0,136.22914123535156,61.77730178833008
666,13.757240295410156,0.5,0.0,0.0,-0.0432220958173275,0.3820785880088806,0.6879172325134277,3.002624750137329,0.008208061568439007,3.002624750137329,0.008208061568439007,0.0,117.56590270996094,61.77730178833008
667,13.78365182876587,0.5,0.0,0.0,0.08772202581167221,0.40276238322257996,0.6489861607551575,3.0007240772247314,-0.011011180467903614,3.0007240772247314,0.011011180467903614,239.81399536132812,97.71095275878906,61.77730178833008
668,13.795192003250122,0.5,0.0,0.0,0.20490741729736328,0.39934465289115906,0.4220709502696991,2.99564790725708,-0.029978396371006966,2.99564790725708,0.029978396371006966,260.7724914550781,52.394039154052734,61.77730178833008
669,13.822874546051025,0.5,0.0,0.0,0.3207126259803772,0.38962820172309875,0.2183210849761963,2.9954984188079834,-0.03650108352303505,2.9954984188079834,0.03650108352303505,249.5880889892578,10.835430145263672,0.0
670,13.833920240402222,0.5,0.0,0.0,0.3799535036087036,0.33368831872940063,-0.015991002321243286,3.0056471824645996,-0.028306977823376656,3.0056471824645996,0.028306977823376656,213.83700561523438,0.0,0.0
671,13.859962940216064,0.5,0.0,0.0,0.4450973868370056,0.30722951889038086,-0.08792353421449661,3.0209476947784424,-0.012284222058951855,3.0209476947784424,0.012284222058951855,171.3438262939453,0.0,0.0
672,13.871257543563843,0.5,0.0,0.0,0.5126147866249084,0.30551108717918396,0.029456663876771927,3.029547929763794,-0.000982619938440621,3.029547929763794,0.000982619938440621,146.12413024902344,0.0,0.0
673,13.898508548736572,0.5,0.0,0.0,0.5795695185661316,0.29947522282600403,0.06891185790300369,3.029515504837036,-0.0007539093494415283,3.029515504837036,0.0007539093494415283,152.26304626464844,0.0,0.0
674,13.910532236099243,0.5,0.0,0.0,0.6409401297569275,0.2790006697177887,-0.08151702582836151,3.030449867248535,-0.007410779129713774,3.030449867248535,0.007410779129713774,160.38946533203125,0.0,0.0
675,13.938843488693237,0.5,0.0,0.0,0.6988687515258789,0.2538173496723175,-0.3217387795448303,3.03725004196167,-0.01215958222746849,3.03725004196167,0.01215958222746849,171.5797576904297,0.0,0.0
676,13.951956987380981,0.5,0.0,0.0,0.760188639163971,0.24139535427093506,-0.5023199319839478,3.0474414825439453,-0.012981260195374489,3.0474414825439453,0.012981260195374489,150.05270385742188,0.0,0.0
677,13.979324340820312,0.5,0.0,0.0,0.8186483383178711,0.2483585625886917,-0.5390844941139221,3.0535025596618652,-0.015267791226506233,3.0535025596618652,0.015267791226506233,126.71649169921875,0.0,0.0
678,13.997751712799072,0.5,0.0,0.0,0.8672426342964172,0.2692035436630249,-0.4588465392589569,3.0550286769866943,-0.018726153299212456,3.0550286769866943,0.018726153299212456,95.25941467285156,0.0,0.0
679,14.026958227157593,0.5,0.0,0.0,0.9060364961624146,0.29266658425331116,-0.3546491861343384,3.0536112785339355,-0.02036411687731743,3.0536112785339355,0.02036411687731743,68.97566223144531,0.0,0.0
680,14.038126230239868,0.5,0.0,0.0,0.9258241057395935,0.31103289127349854,-0.41699472069740295,3.062525749206543,-0.02072342298924923,3.062525749206543,0.02072342298924923,17.08422088623047,97.60697937011719,0.0
681,14.068340301513672,0.5,0.0,0.0,0.8479689359664917,0.34730884432792664,-0.04851006343960762,3.0573856830596924,-0.029120508581399918,3.0573856830596924,0.029120508581399918,0.0,243.69967651367188,0.0
682,14.082521915435791,0.5,0.0,0.0,0.7510775923728943,0.36802804470062256,0.322102427482605,3.0489301681518555,-0.03103264980018139,3.0489301681518555,0.03103264980018139,0.0,298.2413635253906,0.0
683,14.11100435256958,0.5,0.0,0.0,0.6905251145362854,0.3632895350456238,0.24560248851776123,3.0384552478790283,-0.021095097064971924,3.0384552478790283,0.021095097064971924,0.0,325.94415283203125,0.0
684,14.122363328933716,0.5,0.0,0.0,0.6635018587112427,0.34616509079933167,-0.020694777369499207,3.0300657749176025,-0.001276772702112794,3.0300657749176025,0.001276772702112794,0.0,334.07720947265625,0.0
685,14.148705244064331,0.5,0.0,0.0,0.6507257223129272,0.3347698450088501,-0.1933077722787857,3.027433156967163,0.02068225108087063,3.027433156967163,0.02068225108087063,0.0,323.0697937011719,0.0
686,14.161425352096558,0.5,0.0,0.0,0.6312388777732849,0.3411894738674164,-0.16915832459926605,3.0311529636383057,0.034237828105688095,3.0311529636383057,0.034237828105688095,0.0,284.772705078125,0.0
687,14.19277811050415,0.5,0.0,0.0,0.6009689569473267,0.3595784604549408,-0.06133665144443512,3.038147449493408,0.03675341606140137,3.038147449493408,0.03675341606140137,0.0,224.10142517089844,0.0
688,14.205485582351685,0.5,0.0,0.0,0.5726220607757568,0.38007912039756775,0.0003493651747703552,3.047602653503418,0.034674834460020065,3.047602653503418,0.034674834460020065,0.0,174.1803436279297,0.0
689,14.232262372970581,0.5,0.0,0.0,0.5555725693702698,0.40167227387428284,0.05072340369224548,3.060086488723755,0.03253990784287453,3.060086488723755,0.03253990784287453,0.0,141.75315856933594,0.0
690,14.243515014648438,0.5,0.0,0.0,0.5502312779426575,0.4221712350845337,0.13527549803256989,3.0753791332244873,0.029400160536170006,3.0753791332244873,0.029400160536170006,0.0,124.0388412475586,0.0
691,14.269882440567017,0.5,0.0,0.0,0.551396906375885,0.44431501626968384,0.30524593591690063,3.0927069187164307,0.023977359756827354,3.0927069187164307,0.023977359756827354,0.0,116.13712310791016,0.0
692,14.281073570251465,0.5,0.0,0.0,0.5548661947250366,0.4621313512325287,0.49441462755203247,3.109954357147217,0.017556458711624146,3.109954357147217,0.017556458711624146,0.0,110.16778564453125,0.0
693,14.30898642539978,0.5,0.0,0.0,0.5508556962013245,0.476548969745636,0.4887174963951111,3.126601219177246,0.01280239224433899,3.126601219177246,0.01280239224433899,0.0,106.05424499511719,0.0
694,14.32062315940857,0.5,0.0,0.0,0.5069339871406555,0.5110139846801758,0.2012784481048584,3.137575387954712,0.013633960857987404,3.137575387954712,0.013633960857987404,464.58734130859375,108.95311737060547,0.0
695,14.348565578460693,0.5,0.0,0.0,0.5011932253837585,0.46116355061531067,0.23810169100761414,-3.139636993408203,0.008393796160817146,3.139636993408203,0.008393796160817146,232.78126525878906,87.92235565185547,0.0
696,14.3599534034729,0.5,0.0,0.0,0.47208842635154724,0.3890787959098816,0.161748468875885,-3.128887891769409,0.002647568704560399,3.128887891769409,0.002647568704560399,266.7157287597656,83.99847412109375,0.0
697,14.388669967651367,0.5,0.0,0.0,0.4307093620300293,0.30909550189971924,-0.05931468307971954,-3.1185309886932373,0.004723638761788607,3.1185309886932373,0.004723638761788607,290.7152404785156,40.853126525878906,0.0
698,14.405498266220093,0.5,0.0,0.0,0.3921675980091095,0.2211681455373764,-0.12917160987854004,-3.1124184131622314,0.01945546828210354,3.1124184131622314,0.01945546828210354,286.34466552734375,0.0,0.0
699,14.442576169967651,0.5,0.0,0.0,0.37262892723083496,0.1381443738937378,-0.14533278346061707,-3.108975410461426,0.03966742008924484,3.108975410461426,0.03966742008924484,238.89608764648438,0.0,0.0
700,14.454627752304077,0.5,0.0,0.0,0.37349826097488403,0.08111423254013062,-0.13854017853736877,-3.1082141399383545,0.05388840287923813,3.1082141399383545,0.05388840287923813,174.96287536621094,0.0,0.0
701,14.484151601791382,0.5,0.0,0.0,0.3743149936199188,0.04274342954158783,-0.08244159817695618,-3.1133224964141846,0.056736983358860016,3.1133224964141846,0.056736983358860016,142.5221710205078,0.0,0.0
702,14.496119499206543,0.5,0.0,0.0,0.3683335483074188,0.008558147586882114,-0.07422980666160583,-3.1232216358184814,0.053822100162506104,3.1232216358184814,0.053822100162506104,138.7594451904297,0.0,0.0
703,14.52567195892334,0.5,0.0,0.0,0.3601914346218109,-0.029337655752897263,-0.10627669841051102,-3.134364604949951,0.05052525922656059,3.134364604949951,0.05052525922656059,143.03407287597656,0.0,0.0
704,14.538641214370728,0.5,0.0,0.0,0.3540251553058624,-0.07181140780448914,-0.1547943502664566,-3.141479253768921,0.047569390386343,3.141479253768921,0.047569390386343,148.00030517578125,0.0,0.0
705,14.566228866577148,0.5,0.0,0.0,0.35086876153945923,-0.1182328537106514,-0.16358914971351624,3.1406800746917725,0.044940244406461716,3.1406800746917725,0.044940244406461716,160.6767120361328,0.0,0.0
706,14.57771348953247,0.5,0.0,0.0,0.35002535581588745,-0.16516974568367004,-0.16655635833740234,-3.137481451034546,0.04176962748169899,3.137481451034546,0.04176962748169899,156.53204345703125,0.0,0.0
707,14.603709697723389,0.5,0.0,0.0,0.35099655389785767,-0.2065909057855606,-0.24058344960212708,-3.130439043045044,0.038964878767728806,3.130439043045044,0.038964878767728806,147.66104125976562,0.0,0.0
708,14.614864826202393,0.5,0.0,0.0,0.3541865050792694,-0.2374226301908493,-0.28970614075660706,-3.1241188049316406,0.03647186607122421,3.1241188049316406,0.03647186607122421,120.6140365600586,0.0,0.0
709,14.64883017539978,0.5,0.0,0.0,0.3609274625778198,-0.25955596566200256,-0.18488264083862305,-3.1185364723205566,0.03425205871462822,3.1185364723205566,0.03425205871462822,109.94720458984375,0.0,45.126346588134766
710,14.660879135131836,0.5,0.0,0.0,0.3860940933227539,-0.2230997532606125,0.048172254115343094,-3.115091323852539,0.029344787821173668,3.115091323852539,0.029344787821173668,103.21284484863281,143.7875213623047,45.126346588134766
711,14.689305305480957,0.5,0.0,0.0,0.4106358289718628,-0.17071817815303802,0.005114213563501835,-3.11659574508667,0.018974827602505684,3.11659574508667,0.018974827602505684,122.73487854003906,211.835693359375,45.126346588134766
712,14.700948715209961,0.5,0.0,0.0,0.4320596158504486,-0.1146366074681282,-0.010220603086054325,-3.116504192352295,0.011755740270018578,3.116504192352295,0.011755740270018578,111.90895080566406,236.17074584960938,45.126346588134766
713,14.728576898574829,0.5,0.0,0.0,0.45166894793510437,-0.03366371616721153,0.006447892170399427,-3.1150918006896973,0.00969619955867529,3.1150918006896973,0.00969619955867529,17.8621826171875,253.9829559326172,45.126346588134766
714,14.741531133651733,0.5,0.0,0.0,0.46865370869636536,0.07382848858833313,0.08571141958236694,-3.1204092502593994,0.0084895184263587,3.1204092502593994,0.0084895184263587,0.0,247.03543090820312,45.126346588134766
715,14.768024206161499,0.5,0.0,0.0,0.5019183158874512,0.17073707282543182,0.2520037889480591,-3.1325929164886475,0.002550724893808365,3.1325929164886475,0.002550724893808365,0.0,207.5919189453125,45.126346588134766
716,14.779300928115845,0.5,0.0,0.0,0.5403814315795898,0.2592097818851471,0.4956757426261902,3.136259078979492,-0.007627283222973347,3.136259078979492,0.007627283222973347,0.0,187.810546875,45.126346588134766
717,14.806260347366333,0.5,0.0,0.0,0.582567036151886,0.3469087779521942,0.7780571579933167,3.1240973472595215,-0.018326634541153908,3.1240973472595215,0.018326634541153908,0.0,173.5626678466797,45.126346588134766
718,14.818219423294067,0.5,0.0,0.0,0.6271258592605591,0.4299497604370117,1.06714928150177,3.115471601486206,-0.03022622875869274,3.115471601486206,0.03022622875869274,0.0,156.70086669921875,45.126346588134766
719,14.849510908126831,0.5,0.0,0.0,0.6683805584907532,0.503673255443573,1.3447012901306152,3.1108076572418213,-0.0411674939095974,3.1108076572418213,0.0411674939095974,0.0,137.34727478027344,0.0
720,14.861721515655518,0.5,0.0,0.0,0.6929441690444946,0.503110945224762,1.4925224781036377,3.113234519958496,-0.04850366711616516,3.113234519958496,0.04850366711616516,0.0,120.91846466064453,0.0
721,14.891268730163574,0.5,0.0,0.0,0.719258189201355,0.49375760555267334,1.542737364768982,3.124228000640869,-0.052140429615974426,3.124228000640869,0.052140429615974426,0.0,106.33118438720703,0.0
722,14.907605648040771,0.5,0.0,0.0,0.7462400794029236,0.4819871485233307,1.3610576391220093,-3.140089988708496,-0.05328623577952385,3.140089988708496,0.05328623577952385,0.0,99.91896057128906,0.0
723,14.935272932052612,0.5,0.0,0.0,0.774919331073761,0.46807876229286194,0.8597319722175598,-3.1204335689544678,-0.052375514060258865,3.1204335689544678,0.052375514060258865,0.0,113.20215606689453,0.0
724,14.946459293365479,0.5,0.0,0.0,0.7598760724067688,0.4701995253562927,-0.13378675282001495,-3.10932993888855,-0.04688241705298424,3.10932993888855,0.04688241705298424,310.3266906738281,93.26811981201172,0.0
725,14.972888946533203,0.5,0.0,0.0,0.7119733095169067,0.40308108925819397,0.0014214543625712395,-3.1075243949890137,-0.04568178206682205,3.1075243949890137,0.04568178206682205,301.6485595703125,32.86604690551758,0.0
726,14.984392881393433,0.5,0.0,0.0,0.6302704811096191,0.29877689480781555,0.30097201466560364,-3.0998427867889404,-0.03780924156308174,3.0998427867889404,0.03780924156308174,332.37103271484375,0.0,0.0
727,15.011102199554443,0.5,0.0,0.0,0.556023359298706,0.18573184311389923,0.23068632185459137,-3.0846030712127686,-0.017451541498303413,3.0846030712127686,0.017451541498303413,290.6557922363281,0.0,0.0
728,15.022463321685791,0.5,0.0,0.0,0.5142166614532471,0.0997321754693985,-0.09083648771047592,-3.070157289505005,0.007809660863131285,3.070157289505005,0.007809660863131285,244.95294189453125,0.0,0.0
729,15.053807258605957,0.5,0.0,0.0,0.4975535571575165,0.0395675003528595,-0.2621464729309082,-3.067025661468506,0.029400566592812538,3.067025661468506,0.029400566592812538,203.0265350341797,0.0,0.0
730,15.067089080810547,0.5,0.0,0.0,0.4951801598072052,-0.007577217184007168,-0.1554241180419922,-3.075820207595825,0.041490767151117325,3.075820207595825,0.041490767151117325,184.35171508789062,0.0,0.0
731,15.096172332763672,0.5,0.0,0.0,0.49299436807632446,-0.05487282574176788,0.0335238054394722,-3.0872721672058105,0.043602582067251205,3.0872721672058105,0.043602582067251205,177.85134887695312,0.0,0.0
732,15.107365608215332,0.5,0.0,0.0,0.48628371953964233,-0.1044839397072792,0.07766057550907135,-3.097660779953003,0.03975909203290939,3.097660779953003,0.03975909203290939,160.80889892578125,0.0,0.0
733,15.135106563568115,0.5,0.0,0.0,0.4762709438800812,-0.1558069884777069,-0.04880024492740631,-3.106520652770996,0.0347815603017807,3.106520652770996,0.0347815603017807,153.2530059814453,0.0,0.0
734,15.146384716033936,0.5,0.0,0.0,0.46576249599456787,-0.20904937386512756,-0.25386595726013184,-3.113168478012085,0.030234437435865402,3.113168478012085,0.030234437435865402,153.29505920410156,0.0,0.0
735,15.172852516174316,0.5,0.0,0.0,0.4553753733634949,-0.2605717182159424,-0.41981595754623413,-3.116457462310791,0.027233244851231575,3.116457462310791,0.027233244851231575,144.80923461914062,0.0,0.0
736,15.183979272842407,0.5,0.0,0.0,0.4489295184612274,-0.3029373288154602,-0.46997499465942383,-3.1159489154815674,0.026437651365995407,3.1159489154815674,0.026437651365995407,134.5533905029297,0.0,0.0
737,15.210877180099487,0.5,0.0,0.0,0.44997522234916687,-0.33325931429862976,-0.3382101058959961,-3.11147141456604,0.028231363743543625,3.11147141456604,0.028231363743543625,115.88948059082031,0.0,0.0
738,15.222037076950073,0.5,0.0,0.0,0.44722220301628113,-0.3567793071269989,0.16789187490940094,-3.103949785232544,0.033221080899238586,3.103949785232544,0.033221080899238586,78.51217651367188,216.88079833984375,0.0
739,15.249032974243164,0.5,0.0,0.0,0.4383661150932312,-0.34362494945526123,0.20439448952674866,-3.095317840576172,0.03262145817279816,3.095317840576172,0.03262145817279816,59.9537239074707,228.21536254882812,0.0
740,15.260070562362671,0.5,0.0,0.0,0.40784716606140137,-0.3140180706977844,0.039857327938079834,-3.0906617641448975,0.03221786022186279,3.0906617641448975,0.03221786022186279,43.142024993896484,260.9087829589844,0.0
741,15.287428855895996,0.5,0.0,0.0,0.3803987205028534,-0.2722262740135193,-0.12313184142112732,-3.091487407684326,0.03734828159213066,3.091487407684326,0.03734828159213066,12.65239429473877,268.807861328125,0.0
742,15.300377607345581,0.5,0.0,0.0,0.36887088418006897,-0.22348237037658691,-0.12805482745170593,-3.0986328125,0.04116388410329819,3.0986328125,0.04116388410329819,0.0,240.7309112548828,0.0
743,15.327864646911621,0.5,0.0,0.0,0.35970380902290344,-0.18237389624118805,-0.05965844541788101,-3.1108736991882324,0.0378274992108345,3.1108736991882324,0.0378274992108345,0.0,215.63058471679688,0.0
744,15.339125156402588,0.5,0.0,0.0,0.34840884804725647,-0.15304146707057953,-0.014954536221921444,-3.121422290802002,0.03253598138689995,3.121422290802002,0.03253598138689995,0.0,199.1041717529297,0.0
745,15.366187572479248,0.5,0.0,0.0,0.33629390597343445,-0.12775032222270966,0.0014090538024902344,-3.1256825923919678,0.027685092762112617,3.1256825923919678,0.027685092762112617,0.0,190.53848266601562,0.0
746,15.37965726852417,0.5,0.0,0.0,0.3251773416996002,-0.10123477876186371,0.018929846584796906,-3.125221014022827,0.024949481710791588,3.125221014022827,0.024949481710791588,0.0,191.94198608398438,0.0
747,15.406747579574585,0.5,0.0,0.0,0.3174220621585846,-0.07366077601909637,0.026671089231967926,-3.1223418712615967,0.02355850487947464,3.1223418712615967,0.02355850487947464,0.0,193.76368713378906,0.0
748,15.417772054672241,0.5,0.0,0.0,0.313130646944046,-0.046727702021598816,0.010437600314617157,-3.1192591190338135,0.022110838443040848,3.1192591190338135,0.022110838443040848,0.0,197.88479614257812,0.0
749,15.446261167526245,0.5,0.0,0.0,0.3118284046649933,-0.020569931715726852,-0.020435772836208344,-3.1169285774230957,0.020552704110741615,3.1169285774230957,0.020552704110741615,0.0,200.84634399414062,59.0444221496582
750,15.457605838775635,0.5,0.0,0.0,0.25963112711906433,0.07106272876262665,0.039278507232666016,-3.1201157569885254,0.02367372252047062,3.1201157569885254,0.02367372252047062,0.0,209.23046875,59.0444221496582
751,15.488543272018433,0.5,0.0,0.0,0.2082359492778778,0.16595926880836487,0.09027816355228424,-3.131335973739624,0.031851574778556824,3.131335973739624,0.031851574778556824,0.0,212.3893280029297,59.0444221496582
752,15.504469394683838,0.5,0.0,0.0,0.1584227830171585,0.2578548491001129,0.09329181909561157,3.131963014602661,0.04343927651643753,3.131963014602661,0.04343927651643753,0.0,193.0785675048828,59.0444221496582
753,15.536418199539185,0.5,0.0,0.0,0.13086915016174316,0.32058507204055786,-0.0044782087206840515,3.1111769676208496,0.05564270541071892,3.1111769676208496,0.05564270541071892,0.0,158.70932006835938,59.0444221496582
754,15.548718452453613,0.5,0.0,0.0,0.08495061099529266,0.37480372190475464,0.13286833465099335,3.107276201248169,0.06080993264913559,3.107276201248169,0.06080993264913559,168.79763793945312,113.92688751220703,59.0444221496582
755,15.577881097793579,0.5,0.0,0.0,0.05218319967389107,0.4167749881744385,0.17189039289951324,3.126563310623169,0.053859855979681015,3.126563310623169,0.053859855979681015,170.95660400390625,100.52161407470703,59.0444221496582
756,15.589167356491089,0.5,0.0,0.0,-0.0005404939875006676,0.4830716550350189,0.1366737335920334,-3.1292245388031006,0.045733772218227386,3.1292245388031006,0.045733772218227386,85.5510025024414,95.65675354003906,59.0444221496582
757,15.615324974060059,0.5,0.0,0.0,-0.06950591504573822,0.574322521686554,0.1699930876493454,-3.11489200592041,0.04729640111327171,3.11489200592041,0.04729640111327171,0.0,110.47071075439453,59.0444221496582
758,15.62703800201416,0.5,0.0,0.0,-0.1344328224658966,0.6786701083183289,0.23150524497032166,-3.123887300491333,0.0585612989962101,3.123887300491333,0.0585612989962101,0.0,142.6326141357422,59.0444221496582
759,15.653803825378418,0.5,0.0,0.0,-0.18609069287776947,0.7921516299247742,0.18174701929092407,3.132969617843628,0.07182953506708145,3.132969617843628,0.07182953506708145,0.0,175.72311401367188,0.0
760,15.664983987808228,0.5,0.0,0.0,-0.1748257875442505,0.8457199931144714,0.002667747437953949,3.1027321815490723,0.0769122913479805,3.1027321815490723,0.0769122913479805,0.0,162.70030212402344,0.0
761,15.692728996276855,0.5,0.0,0.0,-0.16741782426834106,0.8912867903709412,-0.10008551180362701,3.076941728591919,0.07488634437322617,3.076941728591919,0.07488634437322617,0.0,120.92454528808594,0.0
762,15.70442819595337,0.5,0.0,0.0,-0.15554869174957275,0.9077103734016418,-0.06685034185647964,3.059537172317505,0.07132507860660553,3.059537172317505,0.07132507860660553,0.0,62.03856658935547,0.0
763,15.731443643569946,0.5,0.0,0.0,-0.12175436317920685,0.8529106378555298,0.013977615162730217,3.053975820541382,0.07100928574800491,3.053975820541382,0.07100928574800491,0.0,35.21050262451172,0.0
764,15.744822263717651,0.5,0.0,0.0,-0.11932916939258575,0.7939930558204651,0.807607889175415,3.059580087661743,0.0685659721493721,3.059580087661743,0.0685659721493721,536.1620483398438,64.93490600585938,0.0
765,15.77269196510315,0.5,0.0,0.0,-0.033728305250406265,0.624970018863678,0.6462423205375671,3.0760738849639893,0.053981613367795944,3.0760738849639893,0.053981613367795944,280.48126220703125,79.07003021240234,0.0
766,15.784545183181763,0.5,0.0,0.0,-0.0045353928580880165,0.4882294237613678,-0.28446251153945923,3.0963103771209717,0.04603032022714615,3.0963103771209717,0.04603032022714615,245.41836547851562,68.7217788696289,0.0
767,15.812212467193604,0.5,0.0,0.0,0.013549447059631348,0.37377822399139404,-0.6806524395942688,3.1103203296661377,0.05159853771328926,3.1103203296661377,0.05159853771328926,228.559326171875,29.628753662109375,0.0
768,15.823421239852905,0.5,0.0,0.0,0.04987333342432976,0.27667686343193054,-0.27037978172302246,3.117337465286255,0.06170249357819557,3.117337465286255,0.06170249357819557,181.37319946289062,0.0,0.0
769,15.849848985671997,0.5,0.0,0.0,0.08436595648527145,0.20379795134067535,0.15943750739097595,3.120655059814453,0.06374872475862503,3.120655059814453,0.06374872475862503,135.43836975097656,0.0,0.0
770,15.861374139785767,0.5,0.0,0.0,0.10194067656993866,0.14824225008487701,0.15147940814495087,3.1237025260925293,0.05775728449225426,3.1237025260925293,0.05775728449225426,119.6054458618164,0.0,0.0
771,15.889320850372314,0.5,0.0,0.0,0.11214811354875565,0.09417545795440674,-0.08237777650356293,3.127776622772217,0.049413662403821945,3.127776622772217,0.049413662403821945,133.96939086914062,0.0,0.0
772,15.900547504425049,0.5,0.0,0.0,0.12630261480808258,0.03083234466612339,-0.33335840702056885,3.131739377975464,0.04148762300610542,3.131739377975464,0.04148762300610542,159.42510986328125,0.0,0.0
773,15.92984414100647,0.5,0.0,0.0,0.1494111567735672,-0.04412611946463585,-0.4507262408733368,3.1356759071350098,0.035804931074380875,3.1356759071350098,0.035804931074380875,188.4601593017578,0.0,0.0
774,15.941324234008789,0.5,0.0,0.0,0.18093743920326233,-0.10927041620016098,-0.3381601870059967,3.1401472091674805,0.03127323463559151,3.1401472091674805,0.03127323463559151,152.12413024902344,0.0,0.0
775,15.969861507415771,0.5,0.0,0.0,0.2055770754814148,-0.16291269659996033,-0.09671495109796524,-3.1380951404571533,0.029029780998826027,3.1380951404571533,0.029029780998826027,139.27085876464844,90.96749114990234,0.0
776,15.981163263320923,0.5,0.0,0.0,0.23690512776374817,-0.20036669075489044,0.11591707170009613,-3.1306824684143066,0.027449948713183403,3.1306824684143066,0.027449948713183403,112.41088104248047,159.51376342773438,0.0
777,16.007826566696167,0.5,0.0,0.0,0.2632994055747986,-0.21934203803539276,0.07316210120916367,-3.119523525238037,0.02716437540948391,3.119523525238037,0.02716437540948391,53.7510986328125,208.390625,0.0
778,16.018927097320557,0.5,0.0,0.0,0.28380289673805237,-0.20346345007419586,-0.09134279191493988,-3.10561466217041,0.023080309852957726,3.10561466217041,0.023080309852957726,0.0,222.1292724609375,0.0
779,16.048176765441895,0.5,0.0,0.0,0.30440661311149597,-0.1702999472618103,-0.1440034657716751,-3.097473621368408,0.007351922802627087,3.097473621368408,0.007351922802627087,0.0,204.97999572753906,0.0
780,16.059664964675903,0.5,0.0,0.0,0.31999483704566956,-0.14013800024986267,-0.07064524292945862,-3.0953245162963867,-0.013544615358114243,3.0953245162963867,0.013544615358114243,0.0,196.2417755126953,0.0
781,16.094297885894775,0.5,0.0,0.0,0.3369060754776001,-0.11395033448934555,0.1023484617471695,-3.0961952209472656,-0.02761661820113659,3.0961952209472656,0.02761661820113659,0.0,211.43153381347656,0.0
782,16.113284587860107,0.5,0.0,0.0,0.3635615408420563,-0.09051100164651871,0.24599401652812958,-3.096094846725464,-0.03384256735444069,3.096094846725464,0.03384256735444069,0.0,218.66455078125,0.0
783,16.140438556671143,0.5,0.0,0.0,0.39355990290641785,-0.06604694575071335,0.3222808241844177,-3.0948047637939453,-0.03780575096607208,3.0948047637939453,0.03780575096607208,0.0,227.17501831054688,0.0
784,16.152668714523315,0.5,0.0,0.0,0.42360901832580566,-0.04065122455358505,0.3357600271701813,-3.0923852920532227,-0.041041500866413116,3.0923852920532227,0.041041500866413116,0.0,232.78282165527344,0.0
785,16.180649518966675,0.5,0.0,0.0,0.45064640045166016,-0.015024454332888126,0.2960014343261719,-3.0914196968078613,-0.044176556169986725,3.0914196968078613,0.044176556169986725,0.0,223.83172607421875,0.0
786,16.191848278045654,0.5,0.0,0.0,0.47530892491340637,0.006721951067447662,0.25010570883750916,-3.0943338871002197,-0.04541114717721939,3.0943338871002197,0.04541114717721939,0.0,198.43788146972656,0.0
787,16.218480110168457,0.5,0.0,0.0,0.49960803985595703,0.01931035704910755,0.2249108850955963,-3.1013994216918945,-0.042811598628759384,3.1013994216918945,0.042811598628759384,0.0,154.9138641357422,0.0
788,16.229896783828735,0.5,0.0,0.0,0.493708997964859,0.028536558151245117,0.401712566614151,-3.1129212379455566,-0.0361919030547142,3.1129212379455566,0.0361919030547142,0.0,106.0399169921875,0.0
789,16.258108854293823,0.5,0.0,0.0,0.508844256401062,0.0020151063799858093,0.2842186391353607,-3.121288537979126,-0.034947920590639114,3.121288537979126,0.034947920590639114,203.08786010742188,5.648837089538574,48.10106658935547
790,16.269365549087524,0.5,0.0,0.0,0.5320911407470703,-0.08363299071788788,0.04586688056588173,-3.123492479324341,-0.02938789501786232,3.123492479324341,0.02938789501786232,193.14328002929688,0.0,48.10106658935547
791,16.296984910964966,0.5,0.0,0.0,0.5667707920074463,-0.1615605503320694,-0.13236339390277863,-3.1232552528381348,-0.019228985533118248,3.1232552528381348,0.019228985533118248,183.8419647216797,0.0,48.10106658935547
792,16.308453798294067,0.5,0.0,0.0,0.6128478646278381,-0.23616085946559906,-0.23315680027008057,-3.1222238540649414,-0.008164912462234497,3.1222238540649414,0.008164912462234497,184.09408569335938,0.0,48.10106658935547
793,16.335899829864502,0.5,0.0,0.0,0.668698787689209,-0.3083454668521881,-0.2882278859615326,-3.120002508163452,0.0003698849177453667,3.120002508163452,0.0003698849177453667,181.7515106201172,0.0,48.10106658935547
794,16.347392320632935,0.5,0.0,0.0,0.7294327616691589,-0.37553033232688904,-0.3399689793586731,-3.1164987087249756,0.0035466416738927364,3.1164987087249756,0.0035466416738927364,162.35028076171875,0.0,48.10106658935547
795,16.37465214729309,0.5,0.0,0.0,0.7902688384056091,-0.43293896317481995,-0.3964528739452362,-3.112928867340088,0.0017773889703676105,3.112928867340088,0.0017773889703676105,122.8610610961914,0.0,48.10106658935547
796,16.386093378067017,0.5,0.0,0.0,0.84752357006073,-0.4835961163043976,-0.4197445511817932,-3.106879711151123,-0.004946467000991106,3.106879711151123,0.004946467000991106,76.81211853027344,0.0,48.10106658935547
797,16.413192987442017,0.5,0.0,0.0,0.8851246237754822,-0.5363261103630066,-0.12079992890357971,-3.094759225845337,-0.011862905696034431,3.094759225845337,0.011862905696034431,49.96989440917969,149.97390747070312,48.10106658935547
798,16.42479133605957,0.5,0.0,0.0,0.903488278388977,-0.5505574345588684,-0.16702595353126526,-3.0796592235565186,-0.02173982560634613,3.0796592235565186,0.02173982560634613,0.0,230.51553344726562,48.10106658935547
799,16.452258825302124,0.5,0.0,0.0,0.8833766579627991,-0.5212634801864624,-0.22298675775527954,-3.0750460624694824,-0.03114251233637333,3.0750460624694824,0.03114251233637333,0.0,302.4348449707031,0.0
800,16.464646816253662,0.5,0.0,0.0,0.8355236649513245,-0.4352172315120697,-0.11934126913547516,-3.089442491531372,-0.03306036815047264,3.089442491531372,0.03306036815047264,0.0,342.5711975097656,0.0
801,16.490424156188965,0.5,0.0,0.0,0.8187956809997559,-0.3727308213710785,-0.038244348019361496,-3.1205570697784424,-0.024564582854509354,3.1205570697784424,0.024564582854509354,0.0,353.4059753417969,0.0
802,16.501544952392578,0.5,0.0,0.0,0.8317636251449585,-0.3416084945201874,-0.001688588410615921,3.1270251274108887,-0.010060244239866734,3.1270251274108887,0.010060244239866734,0.0,337.7699279785156,0.0
803,16.528460025787354,0.5,0.0,0.0,0.8588942289352417,-0.3269098103046417,-0.004981940612196922,3.098940134048462,0.003454800695180893,3.098940134048462,0.003454800695180893,0.0,280.229736328125,0.0
804,16.54016137123108,0.5,0.0,0.0,0.8778690695762634,-0.3115561902523041,-0.009441032074391842,3.0840649604797363,0.011129488237202168,3.0840649604797363,0.011129488237202168,0.0,209.79263305664062,0.0
805,16.573076963424683,0.5,0.0,0.0,0.878852367401123,-0.29320549964904785,0.022229919210076332,3.0796103477478027,0.011135492473840714,3.0796103477478027,0.011135492473840714,0.0,152.63096618652344,0.0
806,16.593613624572754,0.5,0.0,0.0,0.8718385696411133,-0.2746891677379608,0.025630556046962738,3.0813846588134766,0.006609699223190546,3.0813846588134766,0.006609699223190546,0.0,105.32734680175781,0.0
807,16.620962142944336,0.5,0.0,0.0,0.8644567131996155,-0.2496890276670456,-0.009935078211128712,3.0894196033477783,0.001917581306770444,3.0894196033477783,0.001917581306770444,0.0,83.8237075805664,0.0
808,16.632547855377197,0.5,0.0,0.0,0.8510118126869202,-0.22291699051856995,-0.0306803360581398,3.098355293273926,0.0012911224039271474,3.098355293273926,0.0012911224039271474,0.0,50.36915969848633,0.0
809,16.66089129447937,0.5,0.0,0.0,0.8239881992340088,-0.21022474765777588,0.006182742305099964,3.098816394805908,0.014489226043224335,3.098816394805908,0.014489226043224335,0.0,0.0,0.0
810,16.672527551651,0.5,0.0,0.0,0.7564769387245178,-0.1946575939655304,-0.001882258802652359,3.08803129196167,0.045697685331106186,3.08803129196167,0.045697685331106186,565.9956665039062,0.0,0.0
811,16.70541000366211,0.5,0.0,0.0,0.7097080945968628,-0.18560488522052765,-0.005620097741484642,3.076050043106079,0.07011827826499939,3.076050043106079,0.07011827826499939,72.34819030761719,0.0,0.0
812,16.7204749584198,0.5,0.0,0.0,0.6487334370613098,-0.17964710295200348,0.10463345050811768,3.0782246589660645,0.07643460482358932,3.0782246589660645,0.07643460482358932,256.017578125,0.0,0.0
813,16.748008966445923,0.5,0.0,0.0,0.5810335874557495,-0.17977243661880493,0.14997030794620514,3.088481903076172,0.08182832598686218,3.088481903076172,0.08182832598686218,265.6915283203125,0.0,0.0
814,16.759368896484375,0.5,0.0,0.0,0.5189037919044495,-0.1786402016878128,0.10531238466501236,3.0964713096618652,0.09157891571521759,3.0964713096618652,0.09157891571521759,263.7859191894531,0.0,0.0
815,16.786559104919434,0.5,0.0,0.0,0.4689379036426544,-0.17527879774570465,0.04137059673666954,3.0955419540405273,0.10366444289684296,3.0955419540405273,0.10366444289684296,255.46632385253906,0.0,0.0
816,16.797873735427856,0.5,0.0,0.0,0.4292610287666321,-0.17304018139839172,0.09307847917079926,3.0847482681274414,0.11492274701595306,3.0847482681274414,0.11492274701595306,242.7161865234375,0.0,0.0
817,16.825519323349,0.5,0.0,0.0,0.3963058292865753,-0.1756620854139328,0.2195979654788971,3.0673553943634033,0.12459070980548859,3.0673553943634033,0.12459070980548859,217.701416015625,0.0,0.0
818,16.836689233779907,0.5,0.0,0.0,0.36621809005737305,-0.18546025454998016,0.34331104159355164,3.048570394515991,0.13202668726444244,3.048570394515991,0.13202668726444244,213.08912658691406,0.0,0.0
819,16.86482882499695,0.5,0.0,0.0,0.3376767039299011,-0.20239214599132538,0.35386568307876587,3.036595582962036,0.13791979849338531,3.036595582962036,0.13791979849338531,210.7408447265625,0.0,0.0
820,16.886377334594727,0.5,0.0,0.0,0.31359079480171204,-0.21671892702579498,0.20252978801727295,3.037869453430176,0.1444026529788971,3.037869453430176,0.1444026529788971,193.69400024414062,147.57965087890625,0.0
821,16.918644905090332,0.5,0.0,0.0,0.3220066428184509,-0.21096748113632202,-0.001851782202720642,3.0530099868774414,0.14297565817832947,3.0530099868774414,0.14297565817832947,150.7781219482422,115.25448608398438,0.0
822,16.931396484375,0.5,0.0,0.0,0.31122803688049316,-0.18047939240932465,-0.1122649759054184,3.0771677494049072,0.12847861647605896,3.0771677494049072,0.12847861647605896,22.187292098999023,125.48736572265625,0.0
823,16.958797216415405,0.5,0.0,0.0,0.28090962767601013,-0.13074445724487305,-0.04536927118897438,3.0953030586242676,0.11595974117517471,3.0953030586242676,0.11595974117517471,0.0,127.54861450195312,0.0
824,16.970138549804688,0.5,0.0,0.0,0.25874754786491394,-0.08459830284118652,0.05621563643217087,3.1023168563842773,0.10928355157375336,3.1023168563842773,0.10928355157375336,0.0,134.5247344970703,0.0
825,16.99752950668335,0.5,0.0,0.0,0.24677813053131104,-0.04363325983285904,0.08411066979169846,3.103872060775757,0.10532306134700775,3.103872060775757,0.10532306134700775,0.0,149.7443389892578,0.0
826,17.00961184501648,0.5,0.0,0.0,0.23907296359539032,-0.0006626825779676437,0.0555461123585701,3.1039819717407227,0.1018560528755188,3.1039819717407227,0.1018560528755188,0.0,169.6703338623047,0.0
827,17.036858797073364,0.5,0.0,0.0,0.2310808151960373,0.04869687184691429,0.04426346719264984,3.1019155979156494,0.09834335744380951,3.1019155979156494,0.09834335744380951,0.0,183.3933868408203,0.0
828,17.047825574874878,0.5,0.0,0.0,0.2281147986650467,0.1019093245267868,0.06260338425636292,3.09484601020813,0.09561646729707718,3.09484601020813,0.09561646729707718,0.0,179.7824249267578,0.0
829,17.075472116470337,0.5,0.0,0.0,0.2270643711090088,0.15373140573501587,0.03393993154168129,3.0844898223876953,0.09276148676872253,3.0844898223876953,0.09276148676872253,0.0,180.8934326171875,0.0
830,17.086748600006104,0.5,0.0,0.0,0.22382625937461853,0.19450294971466064,-0.13834848999977112,3.073519229888916,0.08969050645828247,3.073519229888916,0.08969050645828247,96.91981506347656,173.86224365234375,0.0
831,17.114651918411255,0.5,0.0,0.0,0.23450811207294464,0.209554061293602,-0.04551665857434273,3.0620951652526855,0.08447438478469849,3.0620951652526855,0.08447438478469849,186.2065887451172,129.17459106445312,0.0
832,17.125953912734985,0.5,0.0,0.0,0.2420557141304016,0.190760537981987,-0.005427374504506588,3.056819200515747,0.0779842957854271,3.056819200515747,0.0779842957854271,234.7974090576172,74.61318969726562,0.0
833,17.153669118881226,0.5,0.0,0.0,0.23894177377223969,0.14845533668994904,-0.02163153886795044,3.0575058460235596,0.07483355700969696,3.0575058460235596,0.07483355700969696,252.54742431640625,0.0,0.0
834,17.164794445037842,0.5,0.0,0.0,0.23232504725456238,0.10252642631530762,-0.023866090923547745,3.0634853839874268,0.07725218683481216,3.0634853839874268,0.07725218683481216,217.84866333007812,0.0,0.0
835,17.194344758987427,0.5,0.0,0.0,0.2341926395893097,0.07379278540611267,0.014166136272251606,3.068470001220703,0.08097222447395325,3.068470001220703,0.08097222447395325,179.63803100585938,0.0,0.0
836,17.20554542541504,0.5,0.0,0.0,0.23919695615768433,0.05750728398561478,0.08169665187597275,3.0689897537231445,0.08166593313217163,3.0689897537231445,0.08166593313217163,161.0339813232422,0.0,0.0
837,17.233036041259766,0.5,0.0,0.0,0.24358557164669037,0.04332243651151657,0.1061081662774086,3.0647287368774414,0.07853944599628448,3.0647287368774414,0.07853944599628448,154.687744140625,0.0,0.0
838,17.247864484786987,0.5,0.0,0.0,0.24482910335063934,0.025971993803977966,0.07186918705701828,3.0593507289886475,0.07316350191831589,3.0593507289886475,0.07316350191831589,158.7830810546875,0.0,0.0
839,17.277058362960815,0.5,0.0,0.0,0.24540646374225616,0.00269513763487339,0.017084041610360146,3.055774211883545,0.06829756498336792,3.055774211883545,0.06829756498336792,171.8126220703125,0.0,45.8648681640625
840,17.288207292556763,0.5,0.0,0.0,0.3060866892337799,-0.03470345214009285,-0.042758919298648834,3.054514169692993,0.06205546855926514,3.054514169692993,0.06205546855926514,198.0908966064453,0.0,45.8648681640625
841,17.315675258636475,0.5,0.0,0.0,0.37373271584510803,-0.07693428546190262,-0.08454176038503647,3.057020425796509,0.053876668214797974,3.057020425796509,0.053876668214797974,209.85980224609375,0.0,45.8648681640625
842,17.32738471031189,0.5,0.0,0.0,0.4442838430404663,-0.11530769616365433,-0.09576814621686935,3.0664827823638916,0.04337802529335022,3.0664827823638916,0.04337802529335022,186.3089141845703,0.0,45.8648681640625
843,17.356284379959106,0.5,0.0,0.0,0.5071832537651062,-0.13808003067970276,-0.20968444645404816,3.0850563049316406,0.034643884748220444,3.0850563049316406,0.034643884748220444,113.5843505859375,92.38105773925781,45.8648681640625
844,17.367778062820435,0.5,0.0,0.0,0.5648998618125916,-0.11791820079088211,-0.15713441371917725,3.101515293121338,0.025941120460629463,3.101515293121338,0.025941120460629463,0.0,184.30364990234375,45.8648681640625
845,17.39596915245056,0.5,0.0,0.0,0.6297394633293152,-0.08610064536333084,-0.021317265927791595,3.1088411808013916,0.017220159992575645,3.1088411808013916,0.017220159992575645,0.0,189.90951538085938,45.8648681640625
846,17.407076597213745,0.5,0.0,0.0,0.7114081382751465,-0.0641828328371048,0.1173834279179573,3.112877130508423,0.005808310117572546,3.112877130508423,0.005808310117572546,0.0,203.6094970703125,45.8648681640625
847,17.434444189071655,0.5,0.0,0.0,0.804713785648346,-0.04832622781395912,0.23262201249599457,3.1180419921875,-0.007121261674910784,3.1180419921875,0.007121261674910784,0.0,207.57022094726562,45.8648681640625
848,17.447206258773804,0.5,0.0,0.0,0.9051823616027832,-0.03215382620692253,0.3458341956138611,3.1262810230255127,-0.022787079215049744,3.1262810230255127,0.022787079215049744,0.0,201.58912658691406,45.8648681640625
849,17.475027322769165,0.5,0.0,0.0,1.0024348497390747,-0.014867782592773438,0.4602091312408447,3.137521743774414,-0.04305209964513779,3.137521743774414,0.04305209964513779,0.0,177.42372131347656,0.0
850,17.48644995689392,0.5,0.0,0.0,1.0234835147857666,0.0041617900133132935,0.6184756755828857,-3.132368803024292,-0.06524363905191422,3.132368803024292,0.06524363905191422,0.0,127.81401062011719,0.0
851,17.512639045715332,0.5,0.0,0.0,1.025088906288147,0.0053046150133013725,0.810262143611908,-3.1201388835906982,-0.08142375946044922,3.1201388835906982,0.08142375946044922,0.0,70.04300689697266,0.0
852,17.523719310760498,0.5,0.0,0.0,1.008877158164978,-0.019321659579873085,0.9172980189323425,-3.1126623153686523,-0.08150594681501389,3.1126623153686523,0.08150594681501389,0.0,31.906991958618164,0.0
853,17.55309247970581,0.5,0.0,0.0,0.9340559244155884,-0.049154579639434814,0.38271966576576233,-3.1170566082000732,-0.058759454637765884,3.1170566082000732,0.058759454637765884,0.0,0.0,0.0
854,17.566164016723633,0.5,0.0,0.0,0.8442878723144531,-0.0740228220820427,0.11501480638980865,-3.125140905380249,-0.04425762966275215,3.125140905380249,0.04425762966275215,288.6109924316406,0.0,0.0
855,17.595909118652344,0.5,0.0,0.0,0.7452592849731445,-0.10687931627035141,0.05272481590509415,-3.1310880184173584,-0.035325631499290466,3.1310880184173584,0.035325631499290466,334.048583984375,0.0,0.0
856,17.607301950454712,0.5,0.0,0.0,0.6518190503120422,-0.14170925319194794,0.1330113261938095,-3.134490728378296,-0.018966276198625565,3.134490728378296,0.018966276198625565,334.7876892089844,0.0,0.0
857,17.634321928024292,0.5,0.0,0.0,0.577978253364563,-0.1804649978876114,0.1956998109817505,-3.134406566619873,0.0027955614496022463,3.134406566619873,0.0027955614496022463,324.3282775878906,0.0,0.0
858,17.64532971382141,0.5,0.0,0.0,0.5265373587608337,-0.21980947256088257,0.16961078345775604,-3.134190559387207,0.024312853813171387,3.134190559387207,0.024312853813171387,299.6837158203125,0.0,0.0
859,17.672435998916626,0.5,0.0,0.0,0.4908192455768585,-0.25711333751678467,0.13488152623176575,-3.137629508972168,0.04190488159656525,3.137629508972168,0.04190488159656525,256.62652587890625,0.0,45.55118942260742
860,17.68368101119995,0.5,0.0,0.0,0.5028234720230103,-0.33056697249412537,0.07693405449390411,3.1388983726501465,0.05517309531569481,3.1388983726501465,0.05517309531569481,196.31185913085938,0.0,45.55118942260742
861,17.710829734802246,0.5,0.0,0.0,0.5221981406211853,-0.39569512009620667,0.06580981612205505,3.129448652267456,0.0652071088552475,3.129448652267456,0.0652071088552475,138.51046752929688,0.0,45.55118942260742
862,17.723315238952637,0.5,0.0,0.0,0.5455089211463928,-0.4560546278953552,0.04576023668050766,3.120314359664917,0.07147712260484695,3.120314359664917,0.07147712260484695,93.90302276611328,0.0,45.55118942260742
863,17.753376483917236,0.5,0.0,0.0,0.5660333633422852,-0.5145976543426514,0.028492435812950134,3.114769458770752,0.07344646751880646,3.114769458770752,0.07344646751880646,82.25875854492188,116.99250030517578,45.55118942260742
864,17.768362283706665,0.5,0.0,0.0,0.594102144241333,-0.5490185022354126,-0.07378785312175751,3.117103338241577,0.06887173652648926,3.117103338241577,0.06887173652648926,48.46976089477539,124.00578308105469,45.55118942260742
865,17.803686380386353,0.5,0.0,0.0,0.6084262728691101,-0.5554783940315247,-0.12505102157592773,3.128286600112915,0.05778880417346954,3.128286600112915,0.05778880417346954,0.0,161.18063354492188,45.55118942260742
866,17.815064668655396,0.5,0.0,0.0,0.6133020520210266,-0.5402073264122009,-0.010085325688123703,3.140896797180176,0.05169335752725601,3.140896797180176,0.05169335752725601,0.0,196.638916015625,45.55118942260742
867,17.84110403060913,0.5,0.0,0.0,0.6318708062171936,-0.523845911026001,0.08482024818658829,-3.134300947189331,0.0523051843047142,3.134300947189331,0.0523051843047142,0.0,227.67025756835938,45.55118942260742
868,17.85216760635376,0.5,0.0,0.0,0.6589515805244446,-0.5053020119667053,0.12158653140068054,-3.1335794925689697,0.052829813212156296,3.1335794925689697,0.052829813212156296,0.0,263.8273010253906,45.55118942260742
869,17.88007116317749,0.5,0.0,0.0,0.6975123882293701,-0.4904720187187195,0.15437112748622894,-3.1388185024261475,0.05344042927026749,3.1388185024261475,0.05344042927026749,0.0,278.88232421875,0.0
870,17.891557693481445,0.5,0.0,0.0,0.7070525288581848,-0.4401252567768097,0.18600325286388397,3.1354856491088867,0.05168014392256737,3.1354856491088867,0.05168014392256737,0.0,274.4891662597656,0.0
871,17.91843605041504,0.5,0.0,0.0,0.7106688618659973,-0.3962690234184265,0.15031403303146362,3.123359441757202,0.04781610146164894,3.123359441757202,0.04781610146164894,0.0,248.9125518798828,0.0
872,17.931877851486206,0.5,0.0,0.0,0.7083836197853088,-0.36356452107429504,0.08516763895750046,3.1089658737182617,0.044329434633255005,3.1089658737182617,0.044329434633255005,0.0,196.4160614013672,0.0
873,17.96125292778015,0.5,0.0,0.0,0.7055019736289978,-0.3418428599834442,0.04250441491603851,3.0941030979156494,0.04438263922929764,3.0941030979156494,0.04438263922929764,0.0,146.837646484375,0.0
874,17.972508192062378,0.5,0.0,0.0,0.7027338147163391,-0.32669591903686523,0.028417356312274933,3.0797245502471924,0.0495065413415432,3.0797245502471924,0.0495065413415432,0.0,99.20264434814453,0.0
875,18.00004768371582,0.5,0.0,0.0,0.6864499449729919,-0.31687024235725403,0.038066502660512924,3.062849998474121,0.06130039691925049,3.062849998474121,0.06130039691925049,0.0,13.06120491027832,0.0
876,18.011798858642578,0.5,0.0,0.0,0.6516760587692261,-0.3046484887599945,-0.06824088841676712,3.040621519088745,0.0865570679306984,3.040621519088745,0.0865570679306984,0.0,0.0,0.0
877,18.040714740753174,0.5,0.0,0.0,0.5771012306213379,-0.2635241448879242,-0.1681409776210785,3.0176985263824463,0.10849886387586594,3.0176985263824463,0.10849886387586594,425.28955078125,0.0,0.0
878,18.054938793182373,0.5,0.0,0.0,0.5414449572563171,-0.2390204817056656,0.023647114634513855,3.0108282566070557,0.11178196966648102,3.0108282566070557,0.11178196966648102,273.5099792480469,0.0,0.0
879,18.083157300949097,0.5,0.0,0.0,0.47822239995002747,-0.22264564037322998,0.16506758332252502,3.019136428833008,0.11491081863641739,3.019136428833008,0.11491081863641739,233.62884521484375,0.0,22.133913040161133
880,18.094406366348267,0.5,0.0,0.0,0.425432026386261,-0.16670572757720947,0.2350413054227829,3.028778076171875,0.12262234836816788,3.028778076171875,0.12262234836816788,232.9274139404297,0.0,22.133913040161133
881,18.121193408966064,0.5,0.0,0.0,0.37739068269729614,-0.10830014199018478,0.24518191814422607,3.02728009223938,0.13164865970611572,3.02728009223938,0.13164865970611572,228.556396484375,0.0,22.133913040161133
882,18.135085582733154,0.5,0.0,0.0,0.33251941204071045,-0.04984520375728607,0.28726792335510254,3.01206111907959,0.14358535408973694,3.01206111907959,0.14358535408973694,219.61492919921875,0.0,22.133913040161133
883,18.165902376174927,0.5,0.0,0.0,0.2924470007419586,0.0021542194299399853,0.44189339876174927,2.986884593963623,0.1578626185655594,2.986884593963623,0.1578626185655594,240.16952514648438,0.0,22.133913040161133
884,18.18039298057556,0.5,0.0,0.0,0.2629716694355011,0.04135572165250778,0.6805239915847778,2.962538957595825,0.17128749191761017,2.962538957595825,0.17128749191761017,269.5206604003906,0.0,22.133913040161133
885,18.207781314849854,0.5,0.0,0.0,0.24692754447460175,0.06941409409046173,0.8581379652023315,2.951470136642456,0.17975027859210968,2.951470136642456,0.17975027859210968,279.7967834472656,0.0,22.133913040161133
886,18.219515800476074,0.5,0.0,0.0,0.23509415984153748,0.09984949231147766,0.8635569214820862,2.9611103534698486,0.1828463077545166,2.9611103534698486,0.1828463077545166,249.64723205566406,0.0,22.133913040161133
887,18.246492624282837,0.5,0.0,0.0,0.23297029733657837,0.1614169329404831,0.58217453956604,2.9861395359039307,0.18283377587795258,2.9861395359039307,0.18283377587795258,175.05087280273438,91.74617004394531,22.133913040161133
888,18.257917642593384,0.5,0.0,0.0,0.22146709263324738,0.24345728754997253,0.46165984869003296,3.007744073867798,0.17696528136730194,3.007744073867798,0.17696528136730194,30.33283042907715,116.41495513916016,22.133913040161133
889,18.289142847061157,0.5,0.0,0.0,0.19308465719223022,0.33883872628211975,0.539972186088562,3.012066602706909,0.1704898327589035,3.012066602706909,0.1704898327589035,0.0,129.58612060546875,0.0
890,18.30258274078369,0.5,0.0,0.0,0.17589576542377472,0.39975062012672424,0.5940138101577759,3.0024168491363525,0.1616934984922409,3.0024168491363525,0.1616934984922409,0.0,151.36839294433594,0.0
891,18.331934928894043,0.5,0.0,0.0,0.17700891196727753,0.4599270224571228,0.5578247904777527,2.9914848804473877,0.14590619504451752,2.9914848804473877,0.14590619504451752,0.0,149.54202270507812,0.0
892,18.343282222747803,0.5,0.0,0.0,0.1821199655532837,0.5101985335350037,0.541867733001709,2.9881396293640137,0.1254502385854721,2.9881396293640137,0.1254502385854721,0.0,121.61553955078125,0.0
893,18.37084984779358,0.5,0.0,0.0,0.18500643968582153,0.5472303628921509,0.6276509761810303,2.995384931564331,0.1055501252412796,2.995384931564331,0.1055501252412796,0.0,86.64907836914062,0.0
894,18.38230299949646,0.5,0.0,0.0,0.18773481249809265,0.5647749304771423,0.6221919655799866,3.011502504348755,0.08984837681055069,3.011502504348755,0.08984837681055069,0.0,77.2805404663086,0.0
895,18.409075498580933,0.5,0.0,0.0,0.17826347053050995,0.5656418204307556,0.1859893798828125,3.0316269397735596,0.0762760266661644,3.0316269397735596,0.0762760266661644,144.9065704345703,90.37530517578125,0.0
896,18.421650171279907,0.5,0.0,0.0,0.17911800742149353,0.5012324452400208,0.06609436124563217,3.043933153152466,0.061133962124586105,3.043933153152466,0.061133962124586105,268.2271728515625,48.49937438964844,0.0
897,18.448517084121704,0.5,0.0,0.0,0.16701056063175201,0.39987391233444214,-0.07021793723106384,3.0548269748687744,0.057324741035699844,3.0548269748687744,0.057324741035699844,306.2365417480469,20.6199893951416,0.0
898,18.459917306900024,0.5,0.0,0.0,0.16119913756847382,0.28641146421432495,-0.0559137761592865,3.068696975708008,0.0646839588880539,3.068696975708008,0.0646839588880539,301.46697998046875,0.0,0.0
899,18.488144159317017,0.5,0.0,0.0,0.16828882694244385,0.18760564923286438,-0.013070540502667427,3.084239959716797,0.07618749886751175,3.084239959716797,0.07618749886751175,264.8677673339844,0.0,0.0
900,18.502965450286865,0.5,0.0,0.0,0.1810770183801651,0.11916906386613846,0.0030927471816539764,3.095668315887451,0.08339899033308029,3.095668315887451,0.08339899033308029,215.47055053710938,0.0,0.0
901,18.536194562911987,0.5,0.0,0.0,0.1881060153245926,0.07337246090173721,-0.04174536466598511,3.0972671508789062,0.08461753278970718,3.0972671508789062,0.08461753278970718,188.781005859375,0.0,0.0
902,18.547643661499023,0.5,0.0,0.0,0.18998080492019653,0.03565041720867157,-0.10397909581661224,3.088817596435547,0.08420852571725845,3.088817596435547,0.08420852571725845,179.0821533203125,0.0,0.0
903,18.575632572174072,0.5,0.0,0.0,0.1932777613401413,-0.005757386330515146,-0.0704227015376091,3.075965404510498,0.08413075655698776,3.075965404510498,0.08413075655698776,182.23574829101562,0.0,0.0
904,18.587406873703003,0.5,0.0,0.0,0.19684606790542603,-0.05605528876185417,-0.0078132264316082,3.067491292953491,0.08421466499567032,3.067491292953491,0.08421466499567032,181.81825256347656,0.0,0.0
905,18.613945245742798,0.5,0.0,0.0,0.2016214281320572,-0.1088024452328682,0.06778986752033234,3.06630277633667,0.08478403091430664,3.06630277633667,0.08478403091430664,181.19149780273438,0.0,0.0
906,18.625232458114624,0.5,0.0,0.0,0.20859608054161072,-0.15851452946662903,0.11238907277584076,3.0720717906951904,0.08473823219537735,3.0720717906951904,0.08473823219537735,168.47726440429688,0.0,0.0
907,18.652669191360474,0.5,0.0,0.0,0.2141677290201187,-0.1978137046098709,0.0454089418053627,3.0853331089019775,0.08490293473005295,3.0853331089019775,0.08490293473005295,131.2449188232422,0.0,0.0
908,18.664565801620483,0.5,0.0,0.0,0.2162911593914032,-0.22034114599227905,-0.1596393883228302,3.104414939880371,0.08636385947465897,3.104414939880371,0.08636385947465897,92.51067352294922,135.34967041015625,0.0
909,18.693241357803345,0.5,0.0,0.0,0.23805931210517883,-0.21281719207763672,-0.16714434325695038,3.1242358684539795,0.0824403241276741,3.1242358684539795,0.0824403241276741,31.121536254882812,165.99095153808594,0.0
910,18.70457172393799,0.5,0.0,0.0,0.24873676896095276,-0.17872445285320282,-0.1068328320980072,3.1410539150238037,0.0678393617272377,3.1410539150238037,0.0678393617272377,0.0,182.728759765625,0.0
911,18.731324911117554,0.5,0.0,0.0,0.2559016942977905,-0.1457703709602356,-0.07370367646217346,-3.1328415870666504,0.049902450293302536,3.1328415870666504,0.049902450293302536,0.0,174.52891540527344,0.0
912,18.742965936660767,0.5,0.0,0.0,0.26547205448150635,-0.11667986214160919,-0.02688063308596611,-3.1273791790008545,0.033211104571819305,3.1273791790008545,0.033211104571819305,0.0,195.84521484375,0.0
913,18.77082061767578,0.5,0.0,0.0,0.27870094776153564,-0.08424828201532364,0.051839713007211685,-3.1243929862976074,0.02019655890762806,3.1243929862976074,0.02019655890762806,0.0,219.60232543945312,0.0
914,18.78406834602356,0.5,0.0,0.0,0.2974364757537842,-0.051173191517591476,0.1383553296327591,-3.1236610412597656,0.011475815437734127,3.1236610412597656,0.011475815437734127,0.0,228.03392028808594,0.0
915,18.811917543411255,0.5,0.0,0.0,0.31918349862098694,-0.018147747963666916,0.1798001080751419,-3.124056577682495,0.005005453713238239,3.124056577682495,0.005005453713238239,0.0,234.79185485839844,0.0
916,18.82348895072937,0.5,0.0,0.0,0.3407142162322998,0.016447927802801132,0.20288358628749847,-3.124868392944336,-4.544852708932012e-05,3.124868392944336,4.544852708932012e-05,0.0,233.69810485839844,0.0
917,18.851176500320435,0.5,0.0,0.0,0.3598450720310211,0.0502338781952858,0.2089356929063797,-3.128169298171997,-0.0028903402853757143,3.128169298171997,0.0028903402853757143,0.0,219.76919555664062,0.0
918,18.862401485443115,0.5,0.0,0.0,0.37782496213912964,0.07924365997314453,0.21148480474948883,-3.1364073753356934,-0.0017776833847165108,3.1364073753356934,0.0017776833847165108,0.0,189.48748779296875,0.0
919,18.889795541763306,0.5,0.0,0.0,0.35823437571525574,0.11643549799919128,0.34414738416671753,3.133007287979126,0.004345144610852003,3.133007287979126,0.004345144610852003,422.2771301269531,164.8007049560547,48.574859619140625
920,18.900953769683838,0.5,0.0,0.0,0.4510367810726166,0.0536036491394043,0.20970912277698517,3.119652032852173,-0.00012765823339577764,3.119652032852173,0.00012765823339577764,107.44422912597656,95.83641815185547,48.574859619140625
921,18.927767753601074,0.5,0.0,0.0,0.49064332246780396,-0.021302353590726852,0.007668273523449898,3.114347457885742,-0.007055527996271849,3.114347457885742,0.007055527996271849,201.08163452148438,0.0,48.574859619140625
922,18.939581394195557,0.5,0.0,0.0,0.5218935012817383,-0.10145293921232224,-0.2361069619655609,3.115009307861328,-0.010081530548632145,3.115009307861328,0.010081530548632145,177.7168731689453,0.0,48.574859619140625
923,18.969714641571045,0.5,0.0,0.0,0.5662150382995605,-0.17434626817703247,-0.43373939394950867,3.1190197467803955,-0.012024758383631706,3.1190197467803955,0.012024758383631706,165.70372009277344,0.0,48.574859619140625
924,18.982547760009766,0.5,0.0,0.0,0.6202303171157837,-0.24385902285575867,-0.594106912612915,3.1244900226593018,-0.017648767679929733,3.1244900226593018,0.017648767679929733,164.0648193359375,0.0,48.574859619140625
925,19.00877046585083,0.5,0.0,0.0,0.6751613020896912,-0.3112271726131439,-0.8206282258033752,3.132938861846924,-0.026664961129426956,3.132938861846924,0.026664961129426956,163.44586181640625,0.0,48.574859619140625
926,19.019973754882812,0.5,0.0,0.0,0.733549177646637,-0.36559411883354187,-1.1235712766647339,-3.1407196521759033,-0.036643363535404205,3.1407196521759033,0.036643363535404205,138.8113555908203,0.0,48.574859619140625
927,19.046621322631836,0.5,0.0,0.0,0.797456681728363,-0.4030407667160034,-1.3822416067123413,-3.132375478744507,-0.04914306104183197,3.132375478744507,0.04914306104183197,106.98932647705078,0.0,48.574859619140625
928,19.05752396583557,0.5,0.0,0.0,0.8604098558425903,-0.42680081725120544,-1.4198660850524902,-3.124392509460449,-0.060634318739175797,3.124392509460449,0.060634318739175797,72.76754760742188,0.0,48.574859619140625
929,19.08416724205017,0.5,0.0,0.0,0.9071593880653381,-0.44770103693008423,-0.6527753472328186,-3.1138033866882324,-0.06416844576597214,3.1138033866882324,0.06416844576597214,58.65309143066406,171.86720275878906,0.0
930,19.095544815063477,0.5,0.0,0.0,0.8751800656318665,-0.38495033979415894,-0.2105577141046524,-3.103645086288452,-0.06408309936523438,3.103645086288452,0.06408309936523438,0.0,256.6007995605469,0.0
931,19.121712684631348,0.5,0.0,0.0,0.8329976201057434,-0.31498202681541443,0.13224154710769653,-3.1026997566223145,-0.05152089148759842,3.1026997566223145,0.05152089148759842,0.0,312.5403747558594,0.0
932,19.1331570148468,0.5,0.0,0.0,0.8148512840270996,-0.26481595635414124,0.15612712502479553,-3.1111650466918945,-0.030412429943680763,3.1111650466918945,0.030412429943680763,0.0,344.7492370605469,0.0
933,19.167909145355225,0.5,0.0,0.0,0.8249634504318237,-0.22763536870479584,-0.021105047315359116,-3.1274361610412598,-0.00973045825958252,3.1274361610412598,0.00973045825958252,0.0,344.50262451171875,0.0
934,19.18775248527527,0.5,0.0,0.0,0.8424767851829529,-0.19124141335487366,-0.16763506829738617,3.1336870193481445,0.0021941913291811943,3.1336870193481445,0.0021941913291811943,0.0,296.8238220214844,0.0
935,19.214545488357544,0.5,0.0,0.0,0.8599469661712646,-0.1636309027671814,-0.1960321068763733,3.11116623878479,0.008527377620339394,3.11116623878479,0.008527377620339394,0.0,221.69439697265625,0.0
936,19.225691556930542,0.5,0.0,0.0,0.865470290184021,-0.14434686303138733,-0.1237090602517128,3.0959694385528564,0.010706810280680656,3.0959694385528564,0.010706810280680656,0.0,154.13723754882812,0.0
937,19.25249171257019,0.5,0.0,0.0,0.8632898926734924,-0.12937095761299133,-0.04872409254312515,3.0919055938720703,0.012428797781467438,3.0919055938720703,0.012428797781467438,0.0,113.78433990478516,0.0
938,19.26388716697693,0.5,0.0,0.0,0.8566096425056458,-0.10898847132921219,-0.03801882266998291,3.096644639968872,0.014461366459727287,3.096644639968872,0.014461366459727287,0.0,93.92398834228516,0.0
939,19.293711185455322,0.5,0.0,0.0,0.8443017601966858,-0.08350503444671631,-0.03983797878026962,3.1043970584869385,0.0209164060652256,3.1043970584869385,0.0209164060652256,0.0,69.550537109375,0.0
940,19.30519938468933,0.5,0.0,0.0,0.8187832832336426,-0.0685325637459755,-0.028123224154114723,3.106417655944824,0.04003316909074783,3.106417655944824,0.04003316909074783,0.0,22.475061416625977,0.0
941,19.332716941833496,0.5,0.0,0.0,0.7615589499473572,-0.06113281846046448,0.0900682806968689,3.0974338054656982,0.07430004328489304,3.0974338054656982,0.07430004328489304,0.0,0.0,0.0
942,19.34433603286743,0.5,0.0,0.0,0.6920135617256165,-0.06012706458568573,0.15240758657455444,3.0908043384552,0.0970606878399849,3.0908043384552,0.0970606878399849,237.52708435058594,0.0,0.0
943,19.37158703804016,0.5,0.0,0.0,0.6256820559501648,-0.07079631835222244,0.1723138988018036,3.0945990085601807,0.09570851922035217,3.0945990085601807,0.09570851922035217,252.9152374267578,0.0,0.0
944,19.382654428482056,0.5,0.0,0.0,0.5411983728408813,-0.08570179343223572,0.15141285955905914,3.103606939315796,0.09077116847038269,3.103606939315796,0.09077116847038269,267.8329162597656,0.0,0.0
945,19.410081148147583,0.5,0.0,0.0,0.45553508400917053,-0.09980728477239609,0.07748234272003174,3.1110925674438477,0.09388615190982819,3.1110925674438477,0.09388615190982819,272.70166015625,0.0,0.0
946,19.421184062957764,0.5,0.0,0.0,0.37843361496925354,-0.11167097836732864,-0.0025070495903491974,3.110767126083374,0.10440230369567871,3.110767126083374,0.10440230369567871,256.53131103515625,0.0,0.0
947,19.448222160339355,0.5,0.0,0.0,0.3109501600265503,-0.12540321052074432,0.047324493527412415,3.103329658508301,0.12078559398651123,3.103329658508301,0.12078559398651123,254.5063934326172,0.0,0.0
948,19.47202229499817,0.5,0.0,0.0,0.25451457500457764,-0.14149987697601318,0.26498743891716003,3.092650890350342,0.13768118619918823,3.092650890350342,0.13768118619918823,239.5934295654297,0.0,0.0
949,19.50259804725647,0.5,0.0,0.0,0.20624585449695587,-0.1577254980802536,0.4825522005558014,3.081235408782959,0.15307214856147766,3.081235408782959,0.15307214856147766,209.2772216796875,0.0,0.0
950,19.51368498802185,0.5,0.0,0.0,0.1634601503610611,-0.17191967368125916,0.5341517329216003,3.071805477142334,0.16656740009784698,3.071805477142334,0.16656740009784698,178.9881134033203,0.0,0.0
951,19.548765420913696,0.5,0.0,0.0,0.14502179622650146,-0.17037436366081238,0.3649473786354065,3.066023111343384,0.17407672107219696,3.066023111343384,0.17407672107219696,132.85324096679688,94.04690551757812,0.0
952,19.56104564666748,0.5,0.0,0.0,0.14086246490478516,-0.1621471494436264,0.22805985808372498,3.067495346069336,0.1685587614774704,3.067495346069336,0.1685587614774704,104.54694366455078,139.0479736328125,0.0
953,19.59015727043152,0.5,0.0,0.0,0.13453775644302368,-0.13575348258018494,0.0834229588508606,3.080470085144043,0.15351837873458862,3.080470085144043,0.15351837873458862,10.309659957885742,160.57846069335938,0.0
954,19.60122013092041,0.5,0.0,0.0,0.11577969789505005,-0.09088336676359177,0.006340868771076202,3.092890977859497,0.13797760009765625,3.092890977859497,0.13797760009765625,0.0,158.05380249023438,0.0
955,19.628808736801147,0.5,0.0,0.0,0.09844157844781876,-0.04723486676812172,-0.0002448316663503647,3.096358299255371,0.12947873771190643,3.096358299255371,0.12947873771190643,0.0,158.39642333984375,0.0
956,19.64642643928528,0.5,0.0,0.0,0.09025795012712479,-0.006557091139256954,0.023982375860214233,3.093627452850342,0.12663547694683075,3.093627452850342,0.12663547694683075,0.0,165.48095703125,0.0
957,19.677814483642578,0.5,0.0,0.0,0.09020360559225082,0.033136118203401566,0.023545246571302414,3.0897574424743652,0.12575547397136688,3.0897574424743652,0.12575547397136688,0.0,179.30323791503906,0.0
958,19.68880796432495,0.5,0.0,0.0,0.09311053156852722,0.075899139046669,-0.04650334268808365,3.087240219116211,0.12377794086933136,3.087240219116211,0.12377794086933136,0.0,197.70635986328125,0.0
959,19.716735363006592,0.5,0.0,0.0,0.09821703284978867,0.12595589458942413,-0.13493184745311737,3.0843546390533447,0.12014414370059967,3.0843546390533447,0.12014414370059967,0.0,206.3191375732422,0.0
960,19.727732181549072,0.5,0.0,0.0,0.11240904778242111,0.17376965284347534,-0.19736063480377197,3.07964825630188,0.11368250846862793,3.07964825630188,0.11368250846862793,0.0,207.52622985839844,0.0
961,19.755962133407593,0.5,0.0,0.0,0.13524866104125977,0.21389509737491608,-0.17534205317497253,3.0772042274475098,0.10411220788955688,3.0772042274475098,0.10411220788955688,0.0,208.29360961914062,0.0
962,19.7672176361084,0.5,0.0,0.0,0.13150903582572937,0.26222312450408936,0.07859540730714798,3.0766963958740234,0.09505655616521835,3.0766963958740234,0.09505655616521835,383.8038330078125,178.4977264404297,0.0
963,19.794656991958618,0.5,0.0,0.0,0.1747182160615921,0.2554107904434204,0.07073983550071716,3.0757272243499756,0.08625003695487976,3.0757272243499756,0.08625003695487976,153.52987670898438,148.85769653320312,0.0
964,19.80587935447693,0.5,0.0,0.0,0.19222834706306458,0.24321947991847992,-0.009309262968599796,3.0722134113311768,0.08009717613458633,3.0722134113311768,0.08009717613458633,162.7205810546875,76.02217864990234,0.0
965,19.833701848983765,0.5,0.0,0.0,0.19524145126342773,0.2119142711162567,-0.071407750248909,3.0655131340026855,0.07448743283748627,3.0655131340026855,0.07448743283748627,166.18601989746094,0.0,0.0
966,19.845313787460327,0.5,0.0,0.0,0.1935831904411316,0.17497283220291138,-0.02049344778060913,3.06078839302063,0.07158756256103516,3.06078839302063,0.07158756256103516,154.0490264892578,0.0,0.0
967,19.874463319778442,0.5,0.0,0.0,0.1996346116065979,0.14621292054653168,0.08126328885555267,3.0601918697357178,0.06776200979948044,3.0601918697357178,0.06776200979948044,151.9584197998047,0.0,0.0
968,19.893514394760132,0.5,0.0,0.0,0.20833559334278107,0.12078376859426498,0.12087621539831161,3.0619990825653076,0.06212881579995155,3.0619990825653076,0.06212881579995155,153.0386505126953,0.0,0.0
969,19.94161558151245,0.5,0.0,0.0,0.21745148301124573,0.0915125161409378,0.09507179260253906,3.0649397373199463,0.05563557520508766,3.0649397373199463,0.05563557520508766,171.61685180664062,0.0,0.0
970,19.95427942276001,0.5,0.0,0.0,0.22767455875873566,0.05487716943025589,-0.013599446974694729,3.0705790519714355,0.050218600779771805,3.0705790519714355,0.050218600779771805,186.499755859375,0.0,0.0
971,19.980730295181274,0.5,0.0,0.0,0.24267025291919708,0.014744135551154613,-0.11201492697000504,3.0768542289733887,0.046611323952674866,3.0768542289733887,0.046611323952674866,201.15025329589844,0.0,0.0
972,19.991849660873413,0.5,0.0,0.0,0.26502177119255066,-0.02385881543159485,-0.0893145278096199,3.0830767154693604,0.04343172907829285,3.0830767154693604,0.04343172907829285,211.547607421875,0.0,0.0
973,20.019455671310425,0.5,0.0,0.0,0.294597864151001,-0.06303547322750092,-0.0030066855251789093,3.0922696590423584,0.04029852896928787,3.0922696590423584,0.04029852896928787,210.60684204101562,0.0,0.0
974,20.030493021011353,0.5,0.0,0.0,0.3147922158241272,-0.0958685576915741,-0.07578754425048828,3.1084306240081787,0.03754138574004173,3.1084306240081787,0.03754138574004173,147.43975830078125,284.4285583496094,0.0
975,20.05802083015442,0.5,0.0,0.0,0.33903586864471436,-0.08815743774175644,-0.07189019024372101,3.123570442199707,0.03328175097703934,3.123570442199707,0.03328175097703934,20.351337432861328,174.15565490722656,0.0
976,20.069366216659546,0.5,0.0,0.0,0.34867000579833984,-0.05932610481977463,-0.0053422292694449425,3.1310439109802246,0.02719266712665558,3.1310439109802246,0.02719266712665558,0.0,180.8470458984375,0.0
977,20.096879959106445,0.5,0.0,0.0,0.368526816368103,-0.03732454404234886,0.0720587819814682,3.1366701126098633,0.016660090535879135,3.1366701126098633,0.016660090535879135,0.0,173.69357299804688,0.0
978,20.10899567604065,0.5,0.0,0.0,0.3933858871459961,-0.017998356372117996,0.17000825703144073,-3.1380770206451416,0.004953594412654638,3.1380770206451416,0.004953594412654638,0.0,193.08534240722656,0.0
979,20.137417554855347,0.5,0.0,0.0,0.4251551926136017,0.0006280080415308475,0.23936042189598083,-3.1274983882904053,-0.004981794860213995,3.1274983882904053,0.004981794860213995,0.0,198.60592651367188,0.0
980,20.148361206054688,0.5,0.0,0.0,0.45916447043418884,0.02180544286966324,0.2872617244720459,-3.1171510219573975,-0.015142570249736309,3.1171510219573975,0.015142570249736309,0.0,210.0505828857422,0.0
981,20.17632031440735,0.5,0.0,0.0,0.49149125814437866,0.044514354318380356,0.3265094459056854,-3.108879327774048,-0.02567918412387371,3.108879327774048,0.02567918412387371,0.0,203.60972595214844,0.0
982,20.187970638275146,0.5,0.0,0.0,0.5184043049812317,0.06595934182405472,0.3721810281276703,-3.103376865386963,-0.03521242365241051,3.103376865386963,0.03521242365241051,0.0,174.35902404785156,0.0
983,20.214078903198242,0.5,0.0,0.0,0.5399985313415527,0.07931380718946457,0.4131529927253723,-3.1010637283325195,-0.04156407713890076,3.1010637283325195,0.04156407713890076,0.0,143.66836547851562,0.0
984,20.225534200668335,0.5,0.0,0.0,0.5280223488807678,0.09107735008001328,0.28936272859573364,-3.1007280349731445,-0.04047363996505737,3.1007280349731445,0.04047363996505737,258.4535827636719,124.25700378417969,0.0
985,20.25517702102661,0.5,0.0,0.0,0.5372888445854187,0.07277534902095795,0.3700987994670868,-3.1071648597717285,-0.040213726460933685,3.1071648597717285,0.040213726460933685,207.52545166015625,63.37124252319336,0.0
986,20.267221689224243,0.5,0.0,0.0,0.5197852253913879,0.024491896852850914,0.2489866316318512,-3.110225200653076,-0.03807235136628151,3.110225200653076,0.03807235136628151,271.5852966308594,0.0,0.0
987,20.294570922851562,0.5,0.0,0.0,0.49513497948646545,-0.033998873084783554,0.0033845435827970505,-3.113140821456909,-0.026904825121164322,3.113140821456909,0.026904825121164322,270.1319885253906,0.0,0.0
988,20.308491706848145,0.5,0.0,0.0,0.49072811007499695,-0.08589333295822144,-0.153266042470932,-3.1185803413391113,-0.009743955917656422,3.1185803413391113,0.009743955917656422,255.71742248535156,0.0,0.0
989,20.33618450164795,0.5,0.0,0.0,0.5019823312759399,-0.1334473341703415,-0.1430199146270752,-3.12446665763855,0.005992436315864325,3.12446665763855,0.005992436315864325,229.7799530029297,0.0,0.0
990,20.347599506378174,0.5,0.0,0.0,0.5189722180366516,-0.1760706603527069,-0.0549025759100914,-3.1254568099975586,0.017711281776428223,3.1254568099975586,0.017711281776428223,203.46142578125,0.0,0.0
991,20.375675201416016,0.5,0.0,0.0,0.5377188324928284,-0.2087482362985611,0.030232829973101616,-3.122299909591675,0.02441159076988697,3.122299909591675,0.02441159076988697,173.07911682128906,0.0,0.0
992,20.38688564300537,0.5,0.0,0.0,0.5534674525260925,-0.23066627979278564,0.06660209596157074,-3.120245933532715,0.0265799630433321,3.120245933532715,0.0265799630433321,123.6800765991211,0.0,0.0
993,20.414674758911133,0.5,0.0,0.0,0.562602162361145,-0.25072604417800903,-0.017690615728497505,-3.122290849685669,0.025193316861987114,3.122290849685669,0.025193316861987114,95.85127258300781,0.0,0.0
994,20.42678427696228,0.5,0.0,0.0,0.5678471922874451,-0.2750313878059387,-0.12095686048269272,-3.125422954559326,0.021652258932590485,3.125422954559326,0.021652258932590485,105.9732666015625,0.0,0.0
995,20.453246116638184,0.5,0.0,0.0,0.5733150839805603,-0.305737167596817,-0.0645715594291687,-3.123626708984375,0.0192787516862154,3.123626708984375,0.0192787516862154,112.23818969726562,143.4802703857422,0.0
996,20.46494197845459,0.5,0.0,0.0,0.5755912661552429,-0.30296292901039124,-0.24048078060150146,-3.1156866550445557,0.010951247066259384,3.1156866550445557,0.010951247066259384,47.43282699584961,187.4634552001953,0.0
997,20.49112319946289,0.5,0.0,0.0,0.5441733598709106,-0.2588993310928345,-0.1492297202348709,-3.108900308609009,0.006076920311897993,3.108900308609009,0.006076920311897993,0.0,233.6722869873047,0.0
998,20.502500772476196,0.5,0.0,0.0,0.5255340933799744,-0.20879676938056946,0.043915074318647385,-3.110292911529541,0.0076673259027302265,3.110292911529541,0.0076673259027302265,0.0,245.93905639648438,0.0
999,20.53189992904663,0.5,0.0,0.0,0.5235586166381836,-0.17136675119400024,0.1066707968711853,-3.1168649196624756,0.01189957745373249,3.1168649196624756,0.01189957745373249,0.0,262.48870849609375,0.0
1000,20.544042110443115,0.5,0.0,0.0,0.5296929478645325,-0.13910596072673798,0.060203325003385544,-3.125319004058838,0.013982515782117844,3.125319004058838,0.013982515782117844,0.0,258.04669189453125,0.0
1001,20.580059051513672,0.5,0.0,0.0,0.5328378677368164,-0.10484687983989716,0.04771868512034416,-3.132911443710327,0.011364571750164032,3.132911443710327,0.011364571750164032,0.0,236.01052856445312,0.0
1002,20.591086864471436,0.5,0.0,0.0,0.5305910706520081,-0.07116053998470306,0.1463209092617035,-3.1388721466064453,0.00854985136538744,3.1388721466064453,0.00854985136538744,0.0,213.68899536132812,0.0
1003,20.618422269821167,0.5,0.0,0.0,0.5270599722862244,-0.04446360841393471,0.2536008954048157,-3.141265392303467,0.008184650912880898,3.141265392303467,0.008184650912880898,0.0,197.76559448242188,0.0
1004,20.629862308502197,0.5,0.0,0.0,0.5134514570236206,-0.031728047877550125,0.2504819333553314,-3.1412370204925537,0.012219849042594433,3.1412370204925537,0.012219849042594433,0.0,156.93711853027344,0.0
1005,20.65771484375,0.5,0.0,0.0,0.44510072469711304,0.002410301472991705,0.22883683443069458,3.136864185333252,0.028294363990426064,3.136864185333252,0.028294363990426064,625.3834838867188,106.6401596069336,0.0
1006,20.669225454330444,0.5,0.0,0.0,0.48457053303718567,-0.04163504019379616,-0.04260862618684769,3.1317906379699707,0.02604956366121769,3.1317906379699707,0.02604956366121769,186.9147491455078,9.042642593383789,0.0
1007,20.69780731201172,0.5,0.0,0.0,0.46009328961372375,-0.08048095554113388,-0.4237787425518036,3.13720440864563,0.01695769466459751,3.13720440864563,0.01695769466459751,160.24151611328125,0.0,0.0
1008,20.711246252059937,0.5,0.0,0.0,0.42616498470306396,-0.10678563266992569,-0.5568246841430664,-3.141287326812744,0.014469936490058899,3.141287326812744,0.014469936490058899,144.49351501464844,0.0,0.0
1009,20.7388014793396,0.5,0.0,0.0,0.39946505427360535,-0.128073588013649,-0.3561898171901703,-3.1398301124572754,0.02959229052066803,3.1398301124572754,0.02959229052066803,156.5972137451172,0.0,0.0
1010,20.75,0.5,0.0,0.0,0.3957686126232147,-0.14531822502613068,-0.0011576153337955475,-3.1347498893737793,0.056969065219163895,3.1347498893737793,0.056969065219163895,162.35333251953125,0.0,0.0
1011,20.7782564163208,0.5,0.0,0.0,0.39816519618034363,-0.15658526122570038,0.20395326614379883,-3.123823404312134,0.08327121287584305,3.123823404312134,0.08327121287584305,113.69071197509766,102.86245727539062,0.0
1012,20.792900800704956,0.5,0.0,0.0,0.3895930051803589,-0.1489412784576416,0.30290836095809937,-3.1144139766693115,0.09713423252105713,3.1144139766693115,0.09713423252105713,4.048498153686523,176.59463500976562,0.0
1013,20.819047689437866,0.5,0.0,0.0,0.36287200450897217,-0.13081695139408112,0.2319393754005432,-3.111133098602295,0.10190235078334808,3.111133098602295,0.10190235078334808,0.0,187.98486328125,0.0
1014,20.83029007911682,0.5,0.0,0.0,0.33895301818847656,-0.11540915071964264,0.11807657033205032,-3.1129069328308105,0.09751365333795547,3.1129069328308105,0.09751365333795547,0.0,182.58941650390625,0.0
1015,20.85658288002014,0.5,0.0,0.0,0.3148118853569031,-0.10065319389104843,0.09878208488225937,-3.117983341217041,0.08766132593154907,3.117983341217041,0.08766132593154907,0.0,183.269287109375,0.0
1016,20.868799209594727,0.5,0.0,0.0,0.2909231185913086,-0.08671971410512924,0.14528542757034302,-3.1220288276672363,0.07752648741006851,3.1220288276672363,0.07752648741006851,0.0,196.8727569580078,0.0
1017,20.89670443534851,0.5,0.0,0.0,0.26996561884880066,-0.07297643274068832,0.2039787769317627,-3.1232962608337402,0.0686037540435791,3.1232962608337402,0.0686037540435791,0.0,213.24594116210938,0.0
1018,20.9082772731781,0.5,0.0,0.0,0.2501350939273834,-0.05800455063581467,0.253849595785141,-3.1208255290985107,0.05912113934755325,3.1208255290985107,0.05912113934755325,0.0,232.04647827148438,0.0
1019,20.936229467391968,0.5,0.0,0.0,0.22991831600666046,-0.04218433052301407,0.2595946788787842,-3.116677761077881,0.04971858114004135,3.116677761077881,0.04971858114004135,0.0,241.04449462890625,0.0
1020,20.947781085968018,0.5,0.0,0.0,0.20708678662776947,-0.025181641802191734,0.21567994356155396,-3.11468243598938,0.042075566947460175,3.11468243598938,0.042075566947460175,0.0,246.05958557128906,0.0
1021,20.978864192962646,0.5,0.0,0.0,0.18267807364463806,-0.007576800417155027,0.1863347291946411,-3.1175239086151123,0.037667375057935715,3.1175239086151123,0.037667375057935715,0.0,235.81979370117188,0.0
1022,20.992034912109375,0.5,0.0,0.0,0.16297273337841034,0.008839422836899757,0.19555291533470154,-3.123220443725586,0.03713199868798256,3.123220443725586,0.03713199868798256,0.0,225.44512939453125,0.0
1023,21.01956534385681,0.5,0.0,0.0,0.14497172832489014,0.024056943133473396,0.19588980078697205,-3.129910469055176,0.03802484646439552,3.129910469055176,0.03802484646439552,0.0,224.412841796875,0.0
1024,21.03107213973999,0.5,0.0,0.0,0.1285455971956253,0.03511979430913925,0.13443401455879211,-3.1370091438293457,0.03941737487912178,3.1370091438293457,0.03941737487912178,0.0,209.86651611328125,0.0
1025,21.05831003189087,0.5,0.0,0.0,0.11196110397577286,0.046160195022821426,0.03793245926499367,3.139233350753784,0.04189825803041458,3.139233350753784,0.04189825803041458,0.0,197.8093719482422,0.0
1026,21.06920051574707,0.5,0.0,0.0,0.10139952600002289,0.057341113686561584,-0.04977239668369293,3.129002571105957,0.04415423050522804,3.129002571105957,0.04415423050522804,0.0,174.7832794189453,0.0
1027,21.096871376037598,0.5,0.0,0.0,0.09438863396644592,0.07436536252498627,0.09570616483688354,3.11515212059021,0.044613540172576904,3.11515212059021,0.044613540172576904,195.21286010742188,137.41529846191406,0.0
1028,21.108832836151123,0.5,0.0,0.0,0.10080084949731827,0.05820636451244354,-0.002471519634127617,3.104388475418091,0.04611152037978172,3.104388475418091,0.04611152037978172,121.02635955810547,106.26930236816406,0.0
1029,21.137128591537476,0.5,0.0,0.0,0.11069539934396744,0.041924990713596344,0.04561471566557884,3.0957343578338623,0.048845648765563965,3.0957343578338623,0.048845648765563965,172.18443298339844,32.36882400512695,26.224254608154297
1030,21.14871907234192,0.5,0.0,0.0,0.10844378173351288,0.018597407266497612,0.10125847160816193,3.0903964042663574,0.05110214278101921,3.0903964042663574,0.05110214278101921,170.01284790039062,0.0,26.224254608154297
1031,21.175817728042603,0.5,0.0,0.0,0.10652793198823929,-0.003779179183766246,0.10427878797054291,3.0871877670288086,0.05025568604469299,3.0871877670288086,0.05025568604469299,172.22679138183594,0.0,26.224254608154297
1032,21.18687605857849,0.5,0.0,0.0,0.100188247859478,-0.0313568077981472,0.08528859913349152,3.087419271469116,0.048161495476961136,3.087419271469116,0.048161495476961136,178.69935607910156,0.0,26.224254608154297
1033,21.2144718170166,0.5,0.0,0.0,0.09353449940681458,-0.06533662229776382,0.04741343855857849,3.0916056632995605,0.047745708376169205,3.0916056632995605,0.047745708376169205,191.33021545410156,0.0,26.224254608154297
1034,21.226370096206665,0.5,0.0,0.0,0.0900287851691246,-0.10461371392011642,-0.0130369383841753,3.0997800827026367,0.049805670976638794,3.0997800827026367,0.049805670976638794,208.16526794433594,0.0,26.224254608154297
1035,21.255035877227783,0.5,0.0,0.0,0.09183001518249512,-0.1408272087574005,-0.017357196658849716,3.1099493503570557,0.053402453660964966,3.1099493503570557,0.053402453660964966,214.32203674316406,0.0,26.224254608154297
1036,21.268481731414795,0.5,0.0,0.0,0.10137219727039337,-0.170813649892807,0.07029926776885986,3.1176810264587402,0.056956205517053604,3.1176810264587402,0.056956205517053604,218.81613159179688,0.0,26.224254608154297
1037,21.29664421081543,0.5,0.0,0.0,0.11415178328752518,-0.19960246980190277,0.1435747891664505,3.1211657524108887,0.0576898530125618,3.1211657524108887,0.0576898530125618,203.0588836669922,0.0,26.224254608154297
1038,21.308332681655884,0.5,0.0,0.0,0.1217544749379158,-0.2290775626897812,0.12649092078208923,3.120262861251831,0.05462788790464401,3.120262861251831,0.05462788790464401,187.69749450683594,0.0,26.224254608154297
1039,21.342554330825806,0.5,0.0,0.0,0.1252908855676651,-0.2651222050189972,0.033476658165454865,3.1171135902404785,0.04805586487054825,3.1171135902404785,0.04805586487054825,177.1613311767578,0.0,34.26646041870117
1040,21.35570502281189,0.5,0.0,0.0,0.19573532044887543,-0.30088144540786743,-0.026056045666337013,3.1145567893981934,0.03662605956196785,3.1145567893981934,0.03662605956196785,154.4931640625,0.0,34.26646041870117
1041,21.383373260498047,0.5,0.0,0.0,0.2606245279312134,-0.33215564489364624,-0.002781627932563424,3.1144943237304688,0.023664766922593117,3.1144943237304688,0.023664766922593117,143.0575714111328,0.0,34.26646041870117
1042,21.39452815055847,0.5,0.0,0.0,0.315253347158432,-0.36796534061431885,-0.014105895534157753,3.1204848289489746,0.014213928021490574,3.1204848289489746,0.014213928021490574,128.69204711914062,337.8088684082031,34.26646041870117
1043,21.422393083572388,0.5,0.0,0.0,0.3850345313549042,-0.3601747155189514,-0.13000722229480743,3.1301119327545166,0.0029266877099871635,3.1301119327545166,0.0029266877099871635,92.86064147949219,198.7833709716797,34.26646041870117
1044,21.433799743652344,0.5,0.0,0.0,0.43906375765800476,-0.32343122363090515,-0.15743547677993774,3.134075880050659,-0.00368465855717659,3.134075880050659,0.00368465855717659,30.240816116333008,228.17433166503906,34.26646041870117
1045,21.461235761642456,0.5,0.0,0.0,0.48419898748397827,-0.2582528293132782,-0.04644341021776199,3.1308605670928955,-0.006787118501961231,3.1308605670928955,0.006787118501961231,0.0,259.75299072265625,34.26646041870117
1046,21.472668170928955,0.5,0.0,0.0,0.5440821051597595,-0.19911295175552368,0.10334113985300064,3.1201059818267822,-0.011463651433587074,3.1201059818267822,0.011463651433587074,0.0,249.7256317138672,34.26646041870117
1047,21.50081729888916,0.5,0.0,0.0,0.6181336641311646,-0.15830554068088531,0.23491236567497253,3.109168767929077,-0.01989293284714222,3.109168767929077,0.01989293284714222,0.0,237.54127502441406,34.26646041870117
1048,21.511762380599976,0.5,0.0,0.0,0.6948667764663696,-0.12505373358726501,0.3829300105571747,3.1014673709869385,-0.030387742444872856,3.1014673709869385,0.030387742444872856,0.0,223.06101989746094,34.26646041870117
1049,21.54007315635681,0.5,0.0,0.0,0.7765436768531799,-0.0957588404417038,0.5530155301094055,3.0999536514282227,-0.04049626737833023,3.0999536514282227,0.04049626737833023,0.0,206.66937255859375,0.0
1050,21.551703453063965,0.5,0.0,0.0,0.8107210993766785,-0.06489247828722,0.674493670463562,3.1030800342559814,-0.04642696678638458,3.1030800342559814,0.04642696678638458,0.0,186.97967529296875,0.0
1051,21.582570791244507,0.5,0.0,0.0,0.8524141907691956,-0.03928506374359131,0.7485512495040894,3.1099555492401123,-0.05015316978096962,3.1099555492401123,0.05015316978096962,0.0,161.21871948242188,0.0
1052,21.595646858215332,0.5,0.0,0.0,0.8881248235702515,-0.016527149826288223,0.8025322556495667,3.121743679046631,-0.057478856295347214,3.121743679046631,0.057478856295347214,0.0,143.09339904785156,0.0
1053,21.62345576286316,0.5,0.0,0.0,0.9097152352333069,-0.0016860412433743477,0.8860836029052734,3.1354846954345703,-0.06880342215299606,3.1354846954345703,0.06880342215299606,0.0,113.82018280029297,0.0
1054,21.634820699691772,0.5,0.0,0.0,0.9249336123466492,0.0009435354731976986,0.967788815498352,-3.1344799995422363,-0.07969881594181061,3.1344799995422363,0.07969881594181061,0.0,92.71266174316406,0.0
1055,21.6629376411438,0.5,0.0,0.0,0.9374150037765503,-0.008121393620967865,0.9942982196807861,-3.1224169731140137,-0.0850113108754158,3.1224169731140137,0.0850113108754158,0.0,66.19233703613281,0.0
1056,21.674193859100342,0.5,0.0,0.0,0.9497068524360657,-0.03266075253486633,0.9215989112854004,-3.113112449645996,-0.07916776835918427,3.113112449645996,0.07916776835918427,0.0,41.82069396972656,0.0
1057,21.700796842575073,0.5,0.0,0.0,0.9405660629272461,-0.07072494179010391,0.7679380774497986,-3.1074771881103516,-0.06303779035806656,3.1074771881103516,0.06303779035806656,0.0,0.0,0.0
1058,21.711973428726196,0.5,0.0,0.0,0.8467009663581848,-0.07583905756473541,0.15343819558620453,-3.112666130065918,-0.046833183616399765,3.112666130065918,0.046833183616399765,295.82354736328125,21.112062454223633,0.0
1059,21.739513397216797,0.5,0.0,0.0,0.7416343092918396,-0.08902353793382645,-0.00945888552814722,-3.1166419982910156,-0.04586920142173767,3.1166419982910156,0.04586920142173767,340.0770568847656,0.0,45.91522979736328
1060,21.750670671463013,0.5,0.0,0.0,0.6586984395980835,-0.08937481790781021,-0.04432627931237221,-3.1247293949127197,-0.0414825938642025,3.1247293949127197,0.0414825938642025,378.6961669921875,0.0,45.91522979736328
1061,21.77747368812561,0.5,0.0,0.0,0.586958110332489,-0.0908929780125618,0.032882075756788254,-3.133741617202759,-0.0273987278342247,3.133741617202759,0.0273987278342247,376.273193359375,0.0,45.91522979736328
1062,21.788525342941284,0.5,0.0,0.0,0.5458704233169556,-0.09471888095140457,0.12322127819061279,-3.14052414894104,-0.01071107480674982,3.14052414894104,0.01071107480674982,344.5010070800781,0.0,45.91522979736328
1063,21.818281412124634,0.5,0.0,0.0,0.5318911075592041,-0.10050810873508453,0.1426958292722702,3.135901689529419,0.0009059503208845854,3.135901689529419,0.0009059503208845854,291.1444396972656,0.0,45.91522979736328
1064,21.83596920967102,0.5,0.0,0.0,0.536855936050415,-0.10637059062719345,0.1356421411037445,3.1231627464294434,0.006279703229665756,3.1231627464294434,0.006279703229665756,224.03416442871094,0.0,45.91522979736328
1065,21.86758518218994,0.5,0.0,0.0,0.5530974268913269,-0.11205539852380753,0.15021628141403198,3.1036789417266846,0.00766062643378973,3.1036789417266846,0.00766062643378973,160.12576293945312,0.0,45.91522979736328
1066,21.88214421272278,0.5,0.0,0.0,0.5757582783699036,-0.1146557554602623,0.15275952219963074,3.081408977508545,0.00894265715032816,3.081408977508545,0.00894265715032816,119.67501831054688,0.0,45.91522979736328
1067,21.910903453826904,0.5,0.0,0.0,0.6020888090133667,-0.11398260295391083,0.13727730512619019,3.0609664916992188,0.011726288124918938,3.0609664916992188,0.011726288124918938,118.74567413330078,0.0,45.91522979736328
1068,21.927151918411255,0.5,0.0,0.0,0.6288020014762878,-0.11110369861125946,0.13874226808547974,3.045255422592163,0.015968000516295433,3.045255422592163,0.015968000516295433,128.98556518554688,0.0,45.91522979736328
1069,21.96134042739868,0.5,0.0,0.0,0.6583276987075806,-0.10811281949281693,0.15859320759773254,3.0337705612182617,0.022093547508120537,3.0337705612182617,0.022093547508120537,138.5814971923828,0.0,58.28916931152344
1070,21.972952842712402,0.5,0.0,0.0,0.694041907787323,-0.07438305765390396,0.22980234026908875,3.0248541831970215,0.029075350612401962,3.0248541831970215,0.029075350612401962,153.9654083251953,0.0,58.28916931152344
1071,22.009434700012207,0.5,0.0,0.0,0.7340445518493652,-0.04674728587269783,0.3055126667022705,3.017551898956299,0.03669019788503647,3.017551898956299,0.03669019788503647,171.0201416015625,0.0,58.28916931152344
1072,22.02259087562561,0.5,0.0,0.0,0.7793629765510559,-0.028212977573275566,0.39808234572410583,3.0147957801818848,0.04522334039211273,3.0147957801818848,0.04522334039211273,192.95892333984375,0.0,58.28916931152344
1073,22.04913902282715,0.5,0.0,0.0,0.8336716294288635,-0.023088546469807625,0.5000712275505066,3.0203731060028076,0.055713899433612823,3.0203731060028076,0.055713899433612823,223.06146240234375,0.0,58.28916931152344
1074,22.06047248840332,0.5,0.0,0.0,0.8996347188949585,-0.027619309723377228,0.372376024723053,3.0397961139678955,0.0688377320766449,3.0397961139678955,0.0688377320766449,216.88558959960938,152.489013671875,58.28916931152344
1075,22.086880207061768,0.5,0.0,0.0,0.9615020155906677,-0.00598226860165596,-0.23529133200645447,3.0660006999969482,0.07612403482198715,3.0660006999969482,0.07612403482198715,154.88442993164062,182.9346466064453,58.28916931152344
1076,22.09836983680725,0.5,0.0,0.0,0.9664440751075745,0.06723576784133911,-0.433401882648468,3.0834505558013916,0.07575377076864243,3.0834505558013916,0.07575377076864243,0.0,215.90670776367188,58.28916931152344
1077,22.124873161315918,0.5,0.0,0.0,0.9470677375793457,0.17521613836288452,-0.11703166365623474,3.08453369140625,0.08310841768980026,3.08453369140625,0.08310841768980026,0.0,210.4591064453125,58.28916931152344
1078,22.136138200759888,0.5,0.0,0.0,0.9594597816467285,0.2687331736087799,0.24624992907047272,3.0752131938934326,0.09176989644765854,3.0752131938934326,0.09176989644765854,0.0,205.70620727539062,58.28916931152344
1079,22.163324117660522,0.5,0.0,0.0,0.9935324788093567,0.3423299193382263,0.42404741048812866,3.0634353160858154,0.09834185242652893,3.0634353160858154,0.09834185242652893,0.0,207.81704711914062,0.0
1080,22.174338817596436,0.5,0.0,0.0,0.979416012763977,0.36614710092544556,0.423450231552124,3.0565104484558105,0.09899931401014328,3.0565104484558105,0.09899931401014328,0.0,203.45816040039062,0.0
1081,22.201526165008545,0.5,0.0,0.0,0.9597244262695312,0.40028882026672363,0.47545164823532104,3.054471492767334,0.09289103746414185,3.054471492767334,0.09289103746414185,0.0,187.22164916992188,0.0
1082,22.212345361709595,0.5,0.0,0.0,0.939144492149353,0.4334968626499176,0.6072031259536743,3.0525712966918945,0.08291244506835938,3.0525712966918945,0.08291244506835938,0.0,166.61245727539062,0.0
1083,22.238805294036865,0.5,0.0,0.0,0.9229540824890137,0.4568348824977875,0.7878234386444092,3.0499114990234375,0.07086073607206345,3.0499114990234375,0.07086073607206345,0.0,140.34176635742188,0.0
1084,22.250041723251343,0.5,0.0,0.0,0.9112938642501831,0.46938684582710266,0.9833737015724182,3.048959493637085,0.05895597115159035,3.048959493637085,0.05895597115159035,0.0,102.4454345703125,0.0
1085,22.277235746383667,0.5,0.0,0.0,0.9030020236968994,0.48048681020736694,1.0777440071105957,3.054652690887451,0.04929483309388161,3.054652690887451,0.04929483309388161,0.0,88.59032440185547,0.0
1086,22.288100242614746,0.5,0.0,0.0,0.9006558060646057,0.49159714579582214,0.8977492451667786,3.067504405975342,0.04249532148241997,3.067504405975342,0.04249532148241997,0.0,92.90348815917969,0.0
1087,22.314306020736694,0.5,0.0,0.0,0.8977326154708862,0.49275457859039307,0.529329776763916,3.082263469696045,0.03947143256664276,3.082263469696045,0.03947143256664276,0.0,92.76541137695312,0.0
1088,22.32550621032715,0.5,0.0,0.0,0.8569850325584412,0.5097629427909851,-0.1865043342113495,3.097874164581299,0.04354020580649376,3.097874164581299,0.04354020580649376,325.4105224609375,86.30467987060547,0.0
1089,22.353970050811768,0.5,0.0,0.0,0.7745320200920105,0.44651105999946594,0.24053224921226501,3.1167051792144775,0.0443914532661438,3.1167051792144775,0.0443914532661438,287.4454345703125,78.77967071533203,0.0
1090,22.36539125442505,0.5,0.0,0.0,0.6826416850090027,0.36439049243927,0.45963817834854126,-3.139328718185425,0.04613184183835983,3.139328718185425,0.04613184183835983,285.2499084472656,87.13433074951172,0.0
1091,22.39165234565735,0.5,0.0,0.0,0.6107117533683777,0.29645463824272156,0.008027794770896435,-3.119237184524536,0.057403430342674255,3.119237184524536,0.057403430342674255,244.62588500976562,86.03884887695312,0.0
1092,22.403343439102173,0.5,0.0,0.0,0.5627524256706238,0.24762530624866486,-0.5201295614242554,-3.1176130771636963,0.0708032175898552,3.1176130771636963,0.0708032175898552,204.92320251464844,48.1357307434082,0.0
1093,22.431225299835205,0.5,0.0,0.0,0.5146245360374451,0.1916905641555786,-0.5289733409881592,-3.1277801990509033,0.0782695785164833,3.1277801990509033,0.0782695785164833,172.27471923828125,0.0,0.0
1094,22.4428129196167,0.5,0.0,0.0,0.46690046787261963,0.13691124320030212,-0.1868985891342163,-3.1338822841644287,0.07867062091827393,3.1338822841644287,0.07867062091827393,152.75941467285156,0.0,0.0
1095,22.468799352645874,0.5,0.0,0.0,0.42328768968582153,0.09043198078870773,0.06231486052274704,-3.126105785369873,0.07672477513551712,3.126105785369873,0.07672477513551712,137.2179412841797,0.0,0.0
1096,22.4801025390625,0.5,0.0,0.0,0.3830791115760803,0.04754073917865753,0.05329865217208862,-3.1099889278411865,0.0757492259144783,3.1099889278411865,0.0757492259144783,138.12652587890625,0.0,0.0
1097,22.508066654205322,0.5,0.0,0.0,0.3434162437915802,0.004973086528480053,-0.13231784105300903,-3.095078706741333,0.07566002011299133,3.095078706741333,0.07566002011299133,154.8099822998047,0.0,0.0
1098,22.519415616989136,0.5,0.0,0.0,0.30410510301589966,-0.04098805785179138,-0.33524370193481445,-3.085927963256836,0.07707203179597855,3.085927963256836,0.07707203179597855,189.35789489746094,0.0,0.0
1099,22.54695200920105,0.5,0.0,0.0,0.26700645685195923,-0.09352262318134308,-0.4088364243507385,-3.0823283195495605,0.07873982936143875,3.0823283195495605,0.07873982936143875,216.10992431640625,0.0,0.0
1100,22.558602809906006,0.5,0.0,0.0,0.23237115144729614,-0.15171152353286743,-0.37665867805480957,-3.081204652786255,0.0794043317437172,3.081204652786255,0.0794043317437172,230.5551300048828,0.0,0.0
1101,22.587958335876465,0.5,0.0,0.0,0.2044079750776291,-0.2118828445672989,-0.28647351264953613,-3.0810563564300537,0.0778871700167656,3.0810563564300537,0.0778871700167656,214.20138549804688,0.0,0.0
1102,22.59923768043518,0.5,0.0,0.0,0.18088793754577637,-0.26940444111824036,-0.2867906093597412,-3.082245111465454,0.0729885995388031,3.082245111465454,0.0729885995388031,187.3279571533203,0.0,0.0
1103,22.627318620681763,0.5,0.0,0.0,0.16302642226219177,-0.3177335560321808,-0.3822372555732727,-3.0847556591033936,0.06377812474966049,3.0847556591033936,0.06377812474966049,144.44886779785156,0.0,0.0
1104,22.645221710205078,0.5,0.0,0.0,0.1400369256734848,-0.37321215867996216,-0.3904603123664856,-3.0884084701538086,0.05249679461121559,3.0884084701538086,0.05249679461121559,110.6338882446289,183.54293823242188,0.0
1105,22.677390098571777,0.5,0.0,0.0,0.14961379766464233,-0.3764209449291229,-0.5024770498275757,-3.0889201164245605,0.03856978565454483,3.0889201164245605,0.03856978565454483,91.00316619873047,177.2509765625,0.0
1106,22.688801765441895,0.5,0.0,0.0,0.15776143968105316,-0.3503669798374176,-0.25670337677001953,-3.0863420963287354,0.025206634774804115,3.0863420963287354,0.025206634774804115,104.00623321533203,227.56149291992188,0.0
1107,22.71665644645691,0.5,0.0,0.0,0.1665869802236557,-0.3082984387874603,0.15298056602478027,-3.0815746784210205,0.020724156871438026,3.0815746784210205,0.020724156871438026,89.22196960449219,262.4158630371094,0.0
1108,22.732563257217407,0.5,0.0,0.0,0.18703541159629822,-0.250924289226532,0.32208842039108276,-3.080897092819214,0.02417260780930519,3.080897092819214,0.02417260780930519,7.897315979003906,263.929443359375,0.0
1109,22.76084303855896,0.5,0.0,0.0,0.21180856227874756,-0.18719714879989624,0.19372639060020447,-3.0911102294921875,0.027953634038567543,3.0911102294921875,0.027953634038567543,0.0,221.89869689941406,0.0
1110,22.772008895874023,0.5,0.0,0.0,0.2325410544872284,-0.15199527144432068,0.03294190391898155,-3.1088948249816895,0.026726268231868744,3.1088948249816895,0.026726268231868744,0.0,155.78350830078125,0.0
1111,22.802645206451416,0.5,0.0,0.0,0.24531807005405426,-0.13588763773441315,-0.007286731153726578,-3.125488758087158,0.02301529236137867,3.125488758087158,0.02301529236137867,0.0,128.69639587402344,0.0
1112,22.81700611114502,0.5,0.0,0.0,0.2594490647315979,-0.12370432913303375,0.07742393016815186,-3.135373830795288,0.02056790143251419,3.135373830795288,0.02056790143251419,0.0,126.91930389404297,0.0
1113,22.84421730041504,0.5,0.0,0.0,0.27870073914527893,-0.10904355347156525,0.2048959583044052,-3.1355326175689697,0.019915902987122536,3.1355326175689697,0.019915902987122536,0.0,144.93685913085938,0.0
1114,22.85664415359497,0.5,0.0,0.0,0.3041172921657562,-0.090998575091362,0.30922770500183105,-3.1254775524139404,0.02060859091579914,3.1254775524139404,0.02060859091579914,0.0,159.6817626953125,0.0
1115,22.886390924453735,0.5,0.0,0.0,0.3349279463291168,-0.06793449819087982,0.3427945375442505,-3.108708620071411,0.021254802122712135,3.108708620071411,0.021254802122712135,0.0,183.9265594482422,0.0
1116,22.8973286151886,0.5,0.0,0.0,0.37043845653533936,-0.039644356817007065,0.3268061876296997,-3.0921289920806885,0.02034345082938671,3.0921289920806885,0.02034345082938671,0.0,189.86074829101562,0.0
1117,22.9243905544281,0.5,0.0,0.0,0.41083791851997375,-0.007746818941086531,0.32631391286849976,-3.080087423324585,0.017305107787251472,3.080087423324585,0.017305107787251472,0.0,197.8904266357422,0.0
1118,22.935712814331055,0.5,0.0,0.0,0.45748043060302734,0.023410728201270103,0.3442201018333435,-3.0728814601898193,0.011651421897113323,3.0728814601898193,0.011651421897113323,0.0,188.2081756591797,0.0
1119,22.96376132965088,0.5,0.0,0.0,0.5040783882141113,0.04933742433786392,0.34142130613327026,-3.0690813064575195,0.00168496067635715,3.0690813064575195,0.00168496067635715,0.0,173.21409606933594,0.0
1120,22.975109338760376,0.5,0.0,0.0,0.5449472665786743,0.0696486234664917,0.3197849988937378,-3.0684590339660645,-0.010586832650005817,3.0684590339660645,0.010586832650005817,0.0,154.66650390625,0.0
1121,23.001872301101685,0.5,0.0,0.0,0.5809430480003357,0.08292927592992783,0.28754425048828125,-3.073054313659668,-0.02156839147210121,3.073054313659668,0.02156839147210121,0.0,129.25587463378906,0.0
1122,23.013588190078735,0.5,0.0,0.0,0.5684118270874023,0.10131724923849106,0.27323198318481445,-3.0835492610931396,-0.028221895918250084,3.0835492610931396,0.028221895918250084,509.01666259765625,92.33157348632812,0.0
1123,23.04119110107422,0.5,0.0,0.0,0.5948683023452759,0.08744319528341293,0.2913174629211426,-3.096752405166626,-0.03806755691766739,3.096752405166626,0.03806755691766739,111.19550323486328,54.02350616455078,0.0
1124,23.05231738090515,0.5,0.0,0.0,0.5585364103317261,0.061324574053287506,0.210456982254982,-3.1075358390808105,-0.041663460433483124,3.1075358390808105,0.041663460433483124,268.069091796875,0.0,0.0
1125,23.078803062438965,0.5,0.0,0.0,0.5180953741073608,0.02639656327664852,0.030055159702897072,-3.1190450191497803,-0.03495791554450989,3.1190450191497803,0.03495791554450989,274.61712646484375,0.0,0.0
1126,23.09048819541931,0.5,0.0,0.0,0.4949358403682709,-0.004304536618292332,-0.07956677675247192,-3.1313300132751465,-0.02337028831243515,3.1313300132751465,0.02337028831243515,255.01373291015625,0.0,0.0
1127,23.118151664733887,0.5,0.0,0.0,0.49095800518989563,-0.030504805967211723,-0.04296223074197769,3.1400644779205322,-0.011163420975208282,3.1400644779205322,0.011163420975208282,224.39151000976562,0.0,0.0
1128,23.129613876342773,0.5,0.0,0.0,0.4946235120296478,-0.0549435019493103,0.021318648010492325,3.1333303451538086,-0.0031274929642677307,3.1333303451538086,0.0031274929642677307,199.18528747558594,0.0,0.0
1129,23.168267488479614,0.5,0.0,0.0,0.5008297562599182,-0.07700534164905548,0.06137537583708763,3.128682851791382,0.0001785214408300817,3.128682851791382,0.0001785214408300817,196.75064086914062,0.0,0.0
1130,23.183735847473145,0.5,0.0,0.0,0.50814288854599,-0.09848112612962723,0.04659104347229004,3.122748613357544,0.0005285211373120546,3.122748613357544,0.0005285211373120546,184.76576232910156,0.0,0.0
1131,23.21172571182251,0.5,0.0,0.0,0.5157133340835571,-0.12027015537023544,-0.04136645793914795,3.1149322986602783,4.1855488234432414e-05,3.1149322986602783,4.1855488234432414e-05,187.9462432861328,0.0,0.0
1132,23.222990036010742,0.5,0.0,0.0,0.5245516300201416,-0.1460520327091217,-0.1671667993068695,3.1056604385375977,-0.0001188013848150149,3.1056604385375977,0.0001188013848150149,201.61314392089844,0.0,0.0
1133,23.24919605255127,0.5,0.0,0.0,0.5353677272796631,-0.17468835413455963,-0.27242982387542725,3.097818613052368,0.001328261918388307,3.097818613052368,0.001328261918388307,195.288818359375,0.0,0.0
1134,23.26024889945984,0.5,0.0,0.0,0.549172580242157,-0.20120109617710114,-0.31830596923828125,3.092853307723999,0.004920735489577055,3.092853307723999,0.004920735489577055,182.98538208007812,0.0,0.0
1135,23.288001537322998,0.5,0.0,0.0,0.5677597522735596,-0.2194448560476303,-0.2668592929840088,3.0913448333740234,0.010932176373898983,3.0913448333740234,0.010932176373898983,162.25502014160156,0.0,0.0
1136,23.302192449569702,0.5,0.0,0.0,0.5921591520309448,-0.23166178166866302,-0.059191763401031494,3.093322515487671,0.01900000311434269,3.093322515487671,0.01900000311434269,152.43125915527344,0.0,0.0
1137,23.32996964454651,0.5,0.0,0.0,0.6175253391265869,-0.24559123814105988,0.16071750223636627,3.099160671234131,0.027856847271323204,3.099160671234131,0.027856847271323204,129.0476531982422,128.0390625,0.0
1138,23.341079235076904,0.5,0.0,0.0,0.6185373067855835,-0.2480936348438263,-0.01703048124909401,3.105764150619507,0.028360869735479355,3.105764150619507,0.028360869735479355,89.85317993164062,161.2244110107422,0.0
1139,23.368756771087646,0.5,0.0,0.0,0.5836560130119324,-0.2297171950340271,-0.1801442950963974,3.1138696670532227,0.03183900937438011,3.1138696670532227,0.03183900937438011,24.160825729370117,197.91969299316406,0.0
1140,23.38016963005066,0.5,0.0,0.0,0.5469151139259338,-0.18814443051815033,-0.1401481032371521,3.1185245513916016,0.04172447696328163,3.1185245513916016,0.04172447696328163,0.0,205.27903747558594,0.0
1141,23.40753197669983,0.5,0.0,0.0,0.5249093770980835,-0.14712212979793549,-0.058486513793468475,3.1171553134918213,0.048544395714998245,3.1171553134918213,0.048544395714998245,0.0,201.50083923339844,0.0
1142,23.420949459075928,0.5,0.0,0.0,0.50909024477005,-0.11606045067310333,-0.08737111836671829,3.1130974292755127,0.04975257068872452,3.1130974292755127,0.04975257068872452,0.0,198.43978881835938,0.0
1143,23.455214023590088,0.5,0.0,0.0,0.49517133831977844,-0.0874762013554573,-0.14061513543128967,3.109377384185791,0.04526941105723381,3.109377384185791,0.04526941105723381,0.0,188.14056396484375,0.0
1144,23.468308210372925,0.5,0.0,0.0,0.480526328086853,-0.05688720941543579,-0.12932570278644562,3.1082496643066406,0.03752189874649048,3.1082496643066406,0.03752189874649048,0.0,189.25538635253906,0.0
1145,23.495368003845215,0.5,0.0,0.0,0.4633128345012665,-0.024928096681833267,-0.08566755056381226,3.1106491088867188,0.02831607311964035,3.1106491088867188,0.02831607311964035,0.0,198.49789428710938,0.0
1146,23.506425142288208,0.5,0.0,0.0,0.4476611614227295,0.008692429400980473,-0.020096462219953537,3.115669012069702,0.01958616077899933,3.115669012069702,0.01958616077899933,0.0,208.0565643310547,0.0
1147,23.534140586853027,0.5,0.0,0.0,0.43597212433815,0.04138987883925438,0.028028279542922974,3.1219120025634766,0.011890715919435024,3.1219120025634766,0.011890715919435024,0.0,216.1668243408203,0.0
1148,23.545617818832397,0.5,0.0,0.0,0.42462223768234253,0.07594501972198486,0.010673318058252335,3.12801456451416,0.005367164500057697,3.12801456451416,0.005367164500057697,0.0,225.6309814453125,0.0
1149,23.574252128601074,0.5,0.0,0.0,0.4158346354961395,0.11349733173847198,-0.003944677300751209,3.1311495304107666,4.0933486161520705e-05,3.1311495304107666,4.0933486161520705e-05,0.0,217.71778869628906,39.087440490722656
1150,23.585468292236328,0.5,0.0,0.0,0.40769779682159424,0.10316478461027145,-0.03968436270952225,3.1324024200439453,-0.004021200817078352,3.1324024200439453,0.004021200817078352,0.0,210.04452514648438,39.087440490722656
1151,23.61283564567566,0.5,0.0,0.0,0.39885756373405457,0.09240612387657166,-0.061920516192913055,3.133084535598755,-0.006443438585847616,3.133084535598755,0.006443438585847616,0.0,199.68106079101562,39.087440490722656
1152,23.624133348464966,0.5,0.0,0.0,0.39186394214630127,0.08149425685405731,-0.07187039405107498,3.1333367824554443,-0.005529540125280619,3.1333367824554443,0.005529540125280619,0.0,187.83474731445312,39.087440490722656
1153,23.65183401107788,0.5,0.0,0.0,0.3893827497959137,0.06849025934934616,-0.04266589507460594,3.1346142292022705,-0.0010680959094315767,3.1346142292022705,0.0010680959094315767,0.0,186.1243133544922,39.087440490722656
1154,23.663729190826416,0.5,0.0,0.0,0.38843297958374023,0.05657636374235153,-0.03732713684439659,3.1391210556030273,0.00800038781017065,3.1391210556030273,0.00800038781017065,0.0,194.22659301757812,39.087440490722656
1155,23.690782070159912,0.5,0.0,0.0,0.3765847384929657,0.052264753729104996,-0.03815504163503647,-3.1395187377929688,0.020889127627015114,3.1395187377929688,0.020889127627015114,87.11426544189453,214.63287353515625,39.087440490722656
1156,23.70196557044983,0.5,0.0,0.0,0.3861078917980194,0.0355212427675724,0.08491392433643341,-3.1366426944732666,0.027625229209661484,3.1366426944732666,0.027625229209661484,86.82060241699219,223.59127807617188,39.087440490722656
1157,23.72921633720398,0.5,0.0,0.0,0.39631879329681396,0.00775594636797905,0.15042075514793396,-3.132542848587036,0.026944926008582115,3.132542848587036,0.026944926008582115,115.99201202392578,196.8721160888672,39.087440490722656
1158,23.741703033447266,0.5,0.0,0.0,0.39689093828201294,-0.027401767671108246,0.17810195684432983,-3.1304543018341064,0.02815362811088562,3.1304543018341064,0.02815362811088562,99.15562438964844,152.33985900878906,39.087440490722656
1159,23.769742488861084,0.5,0.0,0.0,0.3917801082134247,-0.07673557847738266,0.09531471133232117,-3.135739803314209,0.03399934247136116,3.135739803314209,0.03399934247136116,96.62295532226562,66.02967071533203,0.0
1160,23.781575202941895,0.5,0.0,0.0,0.3791085183620453,-0.09971354156732559,0.008027645759284496,3.135128974914551,0.042713943868875504,3.135128974914551,0.042713943868875504,106.7214584350586,0.0,0.0
1161,23.809420585632324,0.5,0.0,0.0,0.3661186099052429,-0.130403071641922,-0.03327980265021324,3.1240270137786865,0.04886035993695259,3.1240270137786865,0.04886035993695259,111.54072570800781,0.0,0.0
1162,23.821393728256226,0.5,0.0,0.0,0.353743314743042,-0.15945535898208618,-0.030207697302103043,3.120615005493164,0.05065951123833656,3.120615005493164,0.05065951123833656,114.9466552734375,0.0,0.0
1163,23.84914994239807,0.5,0.0,0.0,0.3396097421646118,-0.18790040910243988,-0.04938884451985359,3.123823642730713,0.05265666916966438,3.123823642730713,0.05265666916966438,128.3612518310547,0.0,0.0
1164,23.860267400741577,0.5,0.0,0.0,0.32848554849624634,-0.21778693795204163,-0.052119411528110504,3.1290483474731445,0.056530606001615524,3.1290483474731445,0.056530606001615524,140.85992431640625,0.0,0.0
1165,23.886823654174805,0.5,0.0,0.0,0.32080572843551636,-0.2509560286998749,-0.07776973396539688,3.1340103149414062,0.06076749786734581,3.1340103149414062,0.06076749786734581,148.97412109375,0.0,0.0
1166,23.898090839385986,0.5,0.0,0.0,0.3167649209499359,-0.28617897629737854,-0.1666022688150406,3.1366758346557617,0.06339184194803238,3.1366758346557617,0.06339184194803238,148.98049926757812,0.0,0.0
1167,23.924755573272705,0.5,0.0,0.0,0.3168167173862457,-0.3220324218273163,-0.2097162902355194,3.1377112865448,0.06306518614292145,3.1377112865448,0.06306518614292145,146.07208251953125,0.0,0.0
1168,23.935709714889526,0.5,0.0,0.0,0.3124881684780121,-0.36041536927223206,-0.0722028911113739,3.138068675994873,0.061107002198696136,3.138068675994873,0.061107002198696136,128.72779846191406,61.849151611328125,0.0
1169,23.968596935272217,0.5,0.0,0.0,0.32895442843437195,-0.37153297662734985,-0.07089987397193909,3.140380620956421,0.055093444883823395,3.140380620956421,0.055093444883823395,100.2381591796875,187.80441284179688,0.0
1170,23.98697257041931,0.5,0.0,0.0,0.3343106508255005,-0.3575519323348999,-0.10677297413349152,-3.140516757965088,0.0410589836537838,3.140516757965088,0.0410589836537838,123.93904113769531,254.78541564941406,0.0
1171,24.014615058898926,0.5,0.0,0.0,0.32980677485466003,-0.33851784467697144,-0.11168450117111206,-3.135643482208252,0.03573247417807579,3.135643482208252,0.03573247417807579,118.32207489013672,278.818359375,0.0
1172,24.02729344367981,0.5,0.0,0.0,0.33100154995918274,-0.304729163646698,-0.1038278266787529,-3.1302666664123535,0.04097023978829384,3.1302666664123535,0.04097023978829384,65.32363891601562,284.4296569824219,0.0
1173,24.055678129196167,0.5,0.0,0.0,0.34066078066825867,-0.25046834349632263,-0.09914272278547287,-3.129281759262085,0.0507393553853035,3.129281759262085,0.0507393553853035,0.0,249.7718048095703,0.0
1174,24.067200660705566,0.5,0.0,0.0,0.3540739119052887,-0.20236748456954956,-0.11233839392662048,-3.135338306427002,0.05326735973358154,3.135338306427002,0.05326735973358154,0.0,181.92076110839844,0.0
1175,24.094253540039062,0.5,0.0,0.0,0.3587908148765564,-0.17589916288852692,-0.14688685536384583,3.140207052230835,0.04648579657077789,3.140207052230835,0.04648579657077789,0.0,122.60813903808594,0.0
1176,24.10613250732422,0.5,0.0,0.0,0.3543604016304016,-0.15774716436862946,-0.13397708535194397,3.1362738609313965,0.03847809508442879,3.1362738609313965,0.03847809508442879,0.0,104.92523956298828,0.0
1177,24.133429288864136,0.5,0.0,0.0,0.3542609214782715,-0.14149782061576843,-0.07545710355043411,3.1376564502716064,0.03430863469839096,3.1376564502716064,0.03430863469839096,0.0,112.11257934570312,0.0
1178,24.144963026046753,0.5,0.0,0.0,0.35951510071754456,-0.12265314906835556,-0.03706859052181244,-3.1396420001983643,0.032065629959106445,3.1396420001983643,0.032065629959106445,0.0,132.38136291503906,0.0
1179,24.172728538513184,0.5,0.0,0.0,0.3694177567958832,-0.0988316610455513,-0.0443008691072464,-3.1319921016693115,0.029672224074602127,3.1319921016693115,0.029672224074602127,0.0,160.4690704345703,20.200706481933594
1180,24.184097290039062,0.5,0.0,0.0,0.41866374015808105,-0.05865411460399628,-0.06746108084917068,-3.1270101070404053,0.022268371656537056,3.1270101070404053,0.022268371656537056,0.0,180.3941650390625,20.200706481933594
1181,24.2116379737854,0.5,0.0,0.0,0.4699426293373108,-0.01395376492291689,-0.01940363645553589,-3.1268529891967773,0.010146411135792732,3.1268529891967773,0.010146411135792732,0.0,192.13282775878906,20.200706481933594
1182,24.222870349884033,0.5,0.0,0.0,0.5255012512207031,0.03076217509806156,0.1472184956073761,-3.128854990005493,-0.0034052745904773474,3.128854990005493,0.0034052745904773474,0.0,188.64418029785156,20.200706481933594
1183,24.25093698501587,0.5,0.0,0.0,0.5841128826141357,0.07017750293016434,0.3514734208583832,-3.1298775672912598,-0.016292426735162735,3.1298775672912598,0.016292426735162735,0.0,183.2098846435547,20.200706481933594
1184,24.26244854927063,0.5,0.0,0.0,0.6409914493560791,0.10559851676225662,0.562618613243103,-3.1268978118896484,-0.027791008353233337,3.1268978118896484,0.027791008353233337,0.0,169.1771697998047,20.200706481933594
1185,24.2919282913208,0.5,0.0,0.0,0.6943494081497192,0.13361482322216034,0.7120099067687988,-3.119499444961548,-0.03551730513572693,3.119499444961548,0.03551730513572693,0.0,155.4413299560547,20.200706481933594
1186,24.304313898086548,0.5,0.0,0.0,0.7427427768707275,0.15087732672691345,0.6893714070320129,-3.1124870777130127,-0.03784386068582535,3.1124870777130127,0.03784386068582535,0.0,141.7578887939453,20.200706481933594
1187,24.332706451416016,0.5,0.0,0.0,0.7576914429664612,0.1672031730413437,0.4011995494365692,-3.1166086196899414,-0.03398055210709572,3.1166086196899414,0.03398055210709572,0.0,127.08843994140625,20.200706481933594
1188,24.344350814819336,0.5,0.0,0.0,0.7713499665260315,0.1521110236644745,0.2004881501197815,-3.127603530883789,-0.039885178208351135,3.127603530883789,0.039885178208351135,248.428466796875,63.92241287231445,20.200706481933594
1189,24.372010231018066,0.5,0.0,0.0,0.7375563979148865,0.10603876411914825,0.046234130859375,-3.1374268531799316,-0.0465446412563324,3.1374268531799316,0.0465446412563324,317.5162353515625,0.0,13.757041931152344
1190,24.384143829345703,0.5,0.0,0.0,0.6870348453521729,0.029956931248307228,-0.02434605173766613,-3.1369781494140625,-0.04435393214225769,3.1369781494140625,0.04435393214225769,318.8600158691406,0.0,13.757041931152344
1191,24.413215398788452,0.5,0.0,0.0,0.6591503024101257,-0.03521658107638359,-0.10358063876628876,-3.124077320098877,-0.032072052359580994,3.124077320098877,0.032072052359580994,280.6350402832031,0.0,13.757041931152344
1192,24.4249587059021,0.5,0.0,0.0,0.6625573635101318,-0.08061693608760834,-0.20598840713500977,-3.1083719730377197,-0.012896808795630932,3.1083719730377197,0.012896808795630932,223.41305541992188,0.0,13.757041931152344
1193,24.453458547592163,0.5,0.0,0.0,0.685340166091919,-0.11208270490169525,-0.29703742265701294,-3.0977511405944824,0.004167521372437477,3.0977511405944824,0.004167521372437477,183.5890350341797,0.0,13.757041931152344
1194,24.46560525894165,0.5,0.0,0.0,0.7147407531738281,-0.13745898008346558,-0.35027772188186646,-3.0941927433013916,0.0149632403627038,3.0941927433013916,0.0149632403627038,168.38320922851562,0.0,13.757041931152344
1195,24.492960691452026,0.5,0.0,0.0,0.745823860168457,-0.16102105379104614,-0.3851235508918762,-3.095715284347534,0.018077092245221138,3.095715284347534,0.018077092245221138,152.04978942871094,0.0,13.757041931152344
1196,24.504223346710205,0.5,0.0,0.0,0.7755128741264343,-0.18462622165679932,-0.4438455104827881,-3.0996413230895996,0.01656542904675007,3.0996413230895996,0.01656542904675007,138.2350616455078,0.0,13.757041931152344
1197,24.531053066253662,0.5,0.0,0.0,0.8038797378540039,-0.20619936287403107,-0.5326300263404846,-3.103273630142212,0.013473248109221458,3.103273630142212,0.013473248109221458,114.85237121582031,0.0,13.757041931152344
1198,24.542341947555542,0.5,0.0,0.0,0.8331668376922607,-0.22552210092544556,-0.6589688062667847,-3.105574131011963,0.00967702642083168,3.105574131011963,0.00967702642083168,92.73747253417969,0.0,13.757041931152344
1199,24.57144069671631,0.5,0.0,0.0,0.8599011898040771,-0.24215836822986603,-0.7614800930023193,-3.10675311088562,0.0038911139126867056,3.10675311088562,0.0038911139126867056,79.5099105834961,0.0,0.0
1200,24.582606315612793,0.5,0.0,0.0,0.850123941898346,-0.24402715265750885,-0.6712273359298706,-3.108853340148926,0.00631111953407526,3.108853340148926,0.00631111953407526,84.29468536376953,0.0,0.0
1201,24.61066436767578,0.5,0.0,0.0,0.8439168334007263,-0.24324890971183777,-0.2870997190475464,-3.109262466430664,0.02121296152472496,3.109262466430664,0.02121296152472496,90.53897094726562,144.28993225097656,0.0
1202,24.622081518173218,0.5,0.0,0.0,0.8226152062416077,-0.2281212955713272,-0.33882278203964233,-3.107922077178955,0.028768479824066162,3.107922077178955,0.028768479824066162,85.59991455078125,223.0206298828125,0.0
1203,24.650421619415283,0.5,0.0,0.0,0.7593796849250793,-0.18936386704444885,-0.24538904428482056,-3.103527784347534,0.031526971608400345,3.103527784347534,0.031526971608400345,19.25640869140625,283.5357971191406,0.0
1204,24.661701679229736,0.5,0.0,0.0,0.6759223341941833,-0.1282086819410324,-0.015586602501571178,-3.103668212890625,0.04120732471346855,3.103668212890625,0.04120732471346855,0.0,308.9333801269531,0.0
1205,24.689000844955444,0.5,0.0,0.0,0.6132896542549133,-0.07972750067710876,-0.015049583278596401,-3.1131930351257324,0.05336330831050873,3.1131930351257324,0.05336330831050873,0.0,292.5384216308594,0.0
1206,24.70187783241272,0.5,0.0,0.0,0.5691513419151306,-0.04679315537214279,-0.16125459969043732,-3.1289517879486084,0.060849469155073166,3.1289517879486084,0.060849469155073166,0.0,240.81980895996094,0.0
1207,24.730275630950928,0.5,0.0,0.0,0.5295441150665283,-0.01907324232161045,-0.20615246891975403,3.138598918914795,0.06255554407835007,3.138598918914795,0.06255554407835007,0.0,190.55494689941406,0.0
1208,24.742329359054565,0.5,0.0,0.0,0.4868074953556061,0.00857667624950409,-0.0968741923570633,3.129645824432373,0.06252940744161606,3.129645824432373,0.06252940744161606,0.0,177.65420532226562,0.0
1209,24.770368337631226,0.5,0.0,0.0,0.4454571306705475,0.03417224809527397,0.021981578320264816,3.1301116943359375,0.06347057968378067,3.1301116943359375,0.06347057968378067,0.0,170.77146911621094,0.0
1210,24.781717538833618,0.5,0.0,0.0,0.4087306559085846,0.05821613594889641,0.04888664186000824,3.1373355388641357,0.06515371054410934,3.1373355388641357,0.06515371054410934,0.0,172.90933227539062,0.0
1211,24.809980630874634,0.5,0.0,0.0,0.37803003191947937,0.08256032317876816,0.009861616417765617,-3.13613224029541,0.06581283360719681,3.13613224029541,0.06581283360719681,0.0,177.3447723388672,0.0
1212,24.827279806137085,0.5,0.0,0.0,0.3529576361179352,0.1076541319489479,-0.05486670881509781,-3.1266276836395264,0.06434590369462967,3.1266276836395264,0.06434590369462967,0.0,184.40606689453125,0.0
1213,24.86251425743103,0.5,0.0,0.0,0.3246609568595886,0.13753673434257507,-0.16059544682502747,-3.1194610595703125,0.06113506853580475,3.1194610595703125,0.06113506853580475,0.0,198.81500244140625,0.0
1214,24.875207662582397,0.5,0.0,0.0,0.2943582236766815,0.17265336215496063,-0.28140032291412354,-3.117318630218506,0.058248575776815414,3.117318630218506,0.058248575776815414,0.0,204.5459747314453,0.0
1215,24.90265989303589,0.5,0.0,0.0,0.267984539270401,0.2102774828672409,-0.3418043851852417,-3.120497226715088,0.05655324459075928,3.120497226715088,0.05655324459075928,0.0,198.72955322265625,0.0
1216,24.91405963897705,0.5,0.0,0.0,0.24894994497299194,0.24915681779384613,-0.30537399649620056,-3.1278626918792725,0.056069303303956985,3.1278626918792725,0.056069303303956985,0.0,189.21839904785156,0.0
1217,24.942119359970093,0.5,0.0,0.0,0.23999366164207458,0.2808363437652588,-0.2268931269645691,-3.136815309524536,0.0555155873298645,3.136815309524536,0.0555155873298645,0.0,185.63653564453125,0.0
1218,24.95559048652649,0.5,0.0,0.0,0.21784651279449463,0.3102632164955139,-0.08863687515258789,3.1403613090515137,0.054362546652555466,3.1403613090515137,0.054362546652555466,157.3366241455078,171.2267303466797,0.0
1219,24.991361141204834,0.5,0.0,0.0,0.23156532645225525,0.302562952041626,0.23358672857284546,3.136793375015259,0.04664944112300873,3.136793375015259,0.04664944112300873,182.6531219482422,138.5142364501953,0.0
1220,25.0099675655365,0.5,0.0,0.0,0.23891225457191467,0.2802673280239105,0.34056007862091064,3.1378116607666016,0.03666909411549568,3.1378116607666016,0.03666909411549568,176.2957305908203,124.08084869384766,0.0
1221,25.038166284561157,0.5,0.0,0.0,0.23451781272888184,0.2559783458709717,0.20402123034000397,3.133147716522217,0.030454594641923904,3.133147716522217,0.030454594641923904,153.45578002929688,80.05978393554688,0.0
1222,25.049494743347168,0.5,0.0,0.0,0.22357985377311707,0.2233952134847641,0.07694467902183533,3.120633602142334,0.034348003566265106,3.120633602142334,0.034348003566265106,138.0780487060547,9.678279876708984,0.0
1223,25.075912952423096,0.5,0.0,0.0,0.22007547318935394,0.18559183180332184,0.036633171141147614,3.1083016395568848,0.04794894531369209,3.1083016395568848,0.04794894531369209,129.51654052734375,0.0,0.0
1224,25.086989402770996,0.5,0.0,0.0,0.22913643717765808,0.15003840625286102,0.044898439198732376,3.0988481044769287,0.06070337072014809,3.0988481044769287,0.06070337072014809,140.915283203125,0.0,0.0
1225,25.114900827407837,0.5,0.0,0.0,0.24301841855049133,0.11564484238624573,0.11315575242042542,3.094484329223633,0.06740929931402206,3.094484329223633,0.06740929931402206,150.84617614746094,0.0,0.0
1226,25.12692928314209,0.5,0.0,0.0,0.2573341131210327,0.07997284829616547,0.1842523068189621,3.093397855758667,0.06953786313533783,3.093397855758667,0.06953786313533783,172.73370361328125,0.0,0.0
1227,25.154059171676636,0.5,0.0,0.0,0.273799329996109,0.04005056619644165,0.20071397721767426,3.0930557250976562,0.0700422152876854,3.0930557250976562,0.0700422152876854,189.70004272460938,0.0,0.0
1228,25.165468454360962,0.5,0.0,0.0,0.2959558963775635,-0.0070993900299072266,0.18644821643829346,3.093259334564209,0.06994222849607468,3.093259334564209,0.06994222849607468,210.65664672851562,0.0,0.0
1229,25.193583011627197,0.5,0.0,0.0,0.32207024097442627,-0.060503073036670685,0.15378405153751373,3.095644235610962,0.06942161172628403,3.095644235610962,0.06942161172628403,219.8129425048828,0.0,39.224308013916016
1230,25.204727172851562,0.5,0.0,0.0,0.3134537935256958,-0.1354743391275406,0.03620259463787079,3.101794958114624,0.06846022605895996,3.101794958114624,0.06846022605895996,201.26564025878906,0.0,39.224308013916016
1231,25.23195767402649,0.5,0.0,0.0,0.30039674043655396,-0.2038109004497528,-0.08609341830015182,3.1083314418792725,0.06662986427545547,3.1083314418792725,0.06662986427545547,186.9217987060547,0.0,39.224308013916016
1232,25.243049144744873,0.5,0.0,0.0,0.2838941216468811,-0.26201316714286804,-0.020533084869384766,3.114967107772827,0.06658843159675598,3.114967107772827,0.06658843159675598,173.3156280517578,0.0,39.224308013916016
1233,25.270488023757935,0.5,0.0,0.0,0.26805394887924194,-0.31148284673690796,0.20770487189292908,3.124385356903076,0.07087329030036926,3.124385356903076,0.07087329030036926,142.20980834960938,0.0,39.224308013916016
1234,25.282026529312134,0.5,0.0,0.0,0.23839884996414185,-0.3674870431423187,0.4438854455947876,3.1390833854675293,0.0771167129278183,3.1390833854675293,0.0771167129278183,105.4951400756836,112.1156005859375,39.224308013916016
1235,25.309807300567627,0.5,0.0,0.0,0.21769249439239502,-0.3976978361606598,0.2638140320777893,-3.123652696609497,0.07969451695680618,3.123652696609497,0.07969451695680618,63.419334411621094,177.7012176513672,39.224308013916016
1236,25.320828914642334,0.5,0.0,0.0,0.1896030753850937,-0.40570706129074097,-0.0719999447464943,-3.103978395462036,0.07142843306064606,3.103978395462036,0.07142843306064606,25.69890594482422,205.94970703125,39.224308013916016
1237,25.34730863571167,0.5,0.0,0.0,0.14620009064674377,-0.39328545331954956,-0.2851948142051697,-3.0900399684906006,0.055040378123521805,3.0900399684906006,0.055040378123521805,0.0,210.609130859375,39.224308013916016
1238,25.359604120254517,0.5,0.0,0.0,0.09073325246572495,-0.3680606484413147,-0.2467958629131317,-3.0879502296447754,0.03822177276015282,3.0879502296447754,0.03822177276015282,0.0,202.7900390625,39.224308013916016
1239,25.387844562530518,0.5,0.0,0.0,0.038567546755075455,-0.35042470693588257,-0.12974774837493896,-3.096090316772461,0.028877032920718193,3.096090316772461,0.028877032920718193,0.0,207.2030029296875,0.0
1240,25.398951768875122,0.5,0.0,0.0,0.026353830471634865,-0.32223495841026306,-0.083758644759655,-3.1090173721313477,0.026351219043135643,3.1090173721313477,0.026351219043135643,0.0,219.55726623535156,0.0
1241,25.42771816253662,0.5,0.0,0.0,0.012871849350631237,-0.29980671405792236,-0.1120464950799942,-3.1206443309783936,0.02747303806245327,3.1206443309783936,0.02747303806245327,0.0,242.17892456054688,0.0
1242,25.439157009124756,0.5,0.0,0.0,-0.002488200319930911,-0.27802786231040955,-0.20528846979141235,-3.1279876232147217,0.03009185753762722,3.1279876232147217,0.03009185753762722,0.0,257.3655700683594,0.0
1243,25.465900182724,0.5,0.0,0.0,-0.02197960577905178,-0.2545393705368042,-0.35464322566986084,-3.133091688156128,0.03128461167216301,3.133091688156128,0.03128461167216301,0.0,258.1028137207031,0.0
1244,25.477046251296997,0.5,0.0,0.0,-0.045324862003326416,-0.23229588568210602,-0.4887653589248657,-3.1399571895599365,0.031080834567546844,3.1399571895599365,0.031080834567546844,0.0,257.65960693359375,0.0
1245,25.503841400146484,0.5,0.0,0.0,-0.06547580659389496,-0.21641337871551514,-0.5472932457923889,3.1355340480804443,0.030331723392009735,3.1355340480804443,0.030331723392009735,0.0,236.01841735839844,0.0
1246,25.515215158462524,0.5,0.0,0.0,-0.08140090107917786,-0.20541740953922272,-0.5375897884368896,3.1293294429779053,0.030451402068138123,3.1293294429779053,0.030451402068138123,0.0,222.53367614746094,0.0
1247,25.543732404708862,0.5,0.0,0.0,-0.0912860557436943,-0.19840584695339203,-0.5189342498779297,3.1255452632904053,0.030716098845005035,3.1255452632904053,0.030716098845005035,0.0,214.29624938964844,0.0
1248,25.555498123168945,0.5,0.0,0.0,-0.09988635033369064,-0.19434410333633423,-0.519709050655365,3.1231417655944824,0.030913598835468292,3.1231417655944824,0.030913598835468292,0.0,208.07835388183594,0.0
1249,25.584035634994507,0.5,0.0,0.0,-0.10647717863321304,-0.19427713751792908,-0.5561764240264893,3.1208856105804443,0.03178858384490013,3.1208856105804443,0.03178858384490013,0.0,193.998779296875,0.0
1250,25.595595836639404,0.5,0.0,0.0,-0.10931394249200821,-0.1944568008184433,-0.5879492163658142,3.117598056793213,0.0346958190202713,3.117598056793213,0.0346958190202713,0.0,176.54705810546875,0.0
1251,25.623034238815308,0.5,0.0,0.0,-0.11069022864103317,-0.19202768802642822,-0.5792299509048462,3.111222743988037,0.04165542125701904,3.111222743988037,0.04165542125701904,0.0,158.6073455810547,0.0
1252,25.634252071380615,0.5,0.0,0.0,-0.15381933748722076,-0.17267458140850067,-0.30542248487472534,3.100160598754883,0.05311943590641022,3.100160598754883,0.05311943590641022,454.94708251953125,123.74998474121094,0.0
1253,25.661173582077026,0.5,0.0,0.0,-0.1002064049243927,-0.1935969740152359,-0.28453415632247925,3.0903584957122803,0.05629553273320198,3.0903584957122803,0.05629553273320198,144.8899688720703,57.06107711791992,0.0
1254,25.672322034835815,0.5,0.0,0.0,-0.0601663701236248,-0.19861097633838654,-0.08388747274875641,3.0840437412261963,0.05434545874595642,3.0840437412261963,0.05434545874595642,168.01214599609375,0.0,0.0
1255,25.69905734062195,0.5,0.0,0.0,-0.03635204955935478,-0.20260994136333466,0.07414678484201431,3.0774776935577393,0.049054328352212906,3.0774776935577393,0.049054328352212906,90.8209457397461,61.217308044433594,0.0
1256,25.710506439208984,0.5,0.0,0.0,-0.05345451459288597,-0.20971372723579407,0.2767438292503357,3.0818498134613037,0.05019962787628174,3.0818498134613037,0.05019962787628174,0.0,85.48424530029297,0.0
1257,25.737881898880005,0.5,0.0,0.0,-0.07620996236801147,-0.208796426653862,0.3725895285606384,3.098456382751465,0.0584840252995491,3.098456382751465,0.0584840252995491,0.0,131.09249877929688,0.0
1258,25.749584197998047,0.5,0.0,0.0,-0.08707684278488159,-0.2048555463552475,0.36428290605545044,3.1201295852661133,0.06461216509342194,3.1201295852661133,0.06461216509342194,0.0,172.25210571289062,0.0
1259,25.778419494628906,0.5,0.0,0.0,-0.0960540771484375,-0.19919353723526,0.29907581210136414,3.1385321617126465,0.06424866616725922,3.1385321617126465,0.06424866616725922,0.0,208.42489624023438,0.0
1260,25.790203332901,0.5,0.0,0.0,-0.1040484830737114,-0.19389700889587402,0.20153069496154785,-3.134553909301758,0.05789734795689583,3.134553909301758,0.05789734795689583,0.0,236.8150177001953,0.0
1261,25.819405794143677,0.5,0.0,0.0,-0.11418124288320541,-0.18837013840675354,0.12324048578739166,-3.133749485015869,0.04836332052946091,3.133749485015869,0.04836332052946091,0.0,247.15382385253906,0.0
1262,25.831223249435425,0.5,0.0,0.0,-0.12775790691375732,-0.1852424591779709,0.06783595681190491,-3.141105890274048,0.0386941023170948,3.141105890274048,0.0386941023170948,0.0,241.03167724609375,0.0
1263,25.85858154296875,0.5,0.0,0.0,-0.1404341161251068,-0.18720726668834686,0.02266564965248108,3.13012433052063,0.03090302273631096,3.13012433052063,0.03090302273631096,0.0,226.36334228515625,0.0
1264,25.869775533676147,0.5,0.0,0.0,-0.15275245904922485,-0.19182154536247253,-0.008005212992429733,3.1165950298309326,0.02669677697122097,3.1165950298309326,0.02669677697122097,0.0,214.35182189941406,0.0
1265,25.896416902542114,0.5,0.0,0.0,-0.16414229571819305,-0.1970280110836029,-0.022148873656988144,3.1033599376678467,0.02628791145980358,3.1033599376678467,0.02628791145980358,0.0,198.83497619628906,0.0
1266,25.90772581100464,0.5,0.0,0.0,-0.15618613362312317,-0.23574618995189667,-0.11733879894018173,3.111912727355957,0.029563304036855698,3.111912727355957,0.029563304036855698,123.17278289794922,186.6049346923828,0.0
1267,25.934773445129395,0.5,0.0,0.0,-0.12588129937648773,-0.25804853439331055,-0.24463683366775513,3.120086908340454,0.03213492035865784,3.120086908340454,0.03213492035865784,176.42356872558594,121.3395004272461,0.0
1268,25.946314811706543,0.5,0.0,0.0,-0.07728822529315948,-0.2729611098766327,-0.05665455013513565,3.1228935718536377,0.03251057118177414,3.1228935718536377,0.03251057118177414,218.6927032470703,18.460304260253906,0.0
1269,25.974557399749756,0.5,0.0,0.0,-0.023370297625660896,-0.2755919396877289,0.18516552448272705,3.117809772491455,0.03040655329823494,3.117809772491455,0.03040655329823494,203.69602966308594,0.0,0.0
1270,25.986475467681885,0.5,0.0,0.0,0.015098173171281815,-0.28693687915802,0.255462110042572,3.1086301803588867,0.02675526775419712,3.1086301803588867,0.02675526775419712,158.31707763671875,0.0,0.0
1271,26.01501965522766,0.5,0.0,0.0,0.033425845205783844,-0.3104143440723419,0.1729649305343628,3.1046948432922363,0.023915700614452362,3.1046948432922363,0.023915700614452362,130.16802978515625,0.0,0.0
1272,26.028420448303223,0.5,0.0,0.0,0.049474600702524185,-0.340981662273407,0.02923942357301712,3.1066322326660156,0.021890977397561073,3.1066322326660156,0.021890977397561073,135.7331085205078,0.0,0.0
1273,26.057412147521973,0.5,0.0,0.0,0.07046383619308472,-0.3732527494430542,-0.07725841552019119,3.1095340251922607,0.019698914140462875,3.1095340251922607,0.019698914140462875,138.56431579589844,0.0,0.0
1274,26.070886611938477,0.5,0.0,0.0,0.09209394454956055,-0.3987019956111908,-0.09973251819610596,3.111572742462158,0.01924094744026661,3.111572742462158,0.01924094744026661,127.76223754882812,0.0,0.0
1275,26.09861993789673,0.5,0.0,0.0,0.1175299882888794,-0.4072529971599579,-0.024510258808732033,3.1142239570617676,0.02065126970410347,3.1142239570617676,0.02065126970410347,95.92445373535156,0.0,0.0
1276,26.109766960144043,0.5,0.0,0.0,0.11848036199808121,-0.4228309094905853,0.21551811695098877,3.1194114685058594,0.022051049396395683,3.1194114685058594,0.022051049396395683,57.76218795776367,235.44302368164062,0.0
1277,26.137384176254272,0.5,0.0,0.0,0.16500747203826904,-0.3909730017185211,0.041433997452259064,3.128298044204712,0.019189827144145966,3.128298044204712,0.019189827144145966,32.71171569824219,218.44676208496094,0.0
1278,26.14851474761963,0.5,0.0,0.0,0.20912478864192963,-0.34764617681503296,-0.12845753133296967,3.1336426734924316,-0.0021418295800685883,3.1336426734924316,0.0021418295800685883,1.9462306499481201,226.84478759765625,0.0
1279,26.175787687301636,0.5,0.0,0.0,0.22139886021614075,-0.2866349518299103,-0.12257848680019379,3.130686044692993,-0.03065500780940056,3.130686044692993,0.03065500780940056,0.0,231.20022583007812,0.0
1280,26.187933444976807,0.5,0.0,0.0,0.22666972875595093,-0.22701522707939148,0.02643902599811554,3.119187593460083,-0.0509488508105278,3.119187593460083,0.0509488508105278,0.0,240.86727905273438,0.0
1281,26.215285539627075,0.5,0.0,0.0,0.2437366396188736,-0.1765439659357071,0.21888911724090576,3.1069815158843994,-0.0586194284260273,3.1069815158843994,0.0586194284260273,0.0,258.6444091796875,0.0
1282,26.226518392562866,0.5,0.0,0.0,0.27660346031188965,-0.13215842843055725,0.3510549068450928,3.099388599395752,-0.05819559469819069,3.099388599395752,0.05819559469819069,0.0,267.4866638183594,0.0
1283,26.253512144088745,0.5,0.0,0.0,0.3121908903121948,-0.08696886897087097,0.3893677592277527,3.097870349884033,-0.05817826837301254,3.097870349884033,0.05817826837301254,0.0,263.2158508300781,0.0
1284,26.265272617340088,0.5,0.0,0.0,0.3392859995365143,-0.04200410842895508,0.3978305459022522,3.0988948345184326,-0.059540703892707825,3.0988948345184326,0.059540703892707825,0.0,234.59048461914062,0.0
1285,26.2927987575531,0.5,0.0,0.0,0.3606348931789398,-0.004581525921821594,0.3995557427406311,3.0998003482818604,-0.05938589572906494,3.0998003482818604,0.05938589572906494,0.0,206.9406280517578,0.0
1286,26.304519414901733,0.5,0.0,0.0,0.3853727877140045,0.02453211322426796,0.3894621729850769,3.1004815101623535,-0.05710352212190628,3.1004815101623535,0.05710352212190628,0.0,180.62864685058594,0.0
1287,26.332454919815063,0.5,0.0,0.0,0.41328516602516174,0.049320779740810394,0.35004299879074097,3.103416681289673,-0.05345211923122406,3.103416681289673,0.05345211923122406,0.0,161.7135467529297,0.0
1288,26.343518495559692,0.5,0.0,0.0,0.43707528710365295,0.07121946662664413,0.25736120343208313,3.107902765274048,-0.04909278824925423,3.107902765274048,0.04909278824925423,0.0,124.46704864501953,0.0
1289,26.37182903289795,0.5,0.0,0.0,0.42947548627853394,0.09143665432929993,0.233955979347229,3.106027603149414,-0.043816473335027695,3.106027603149414,0.043816473335027695,0.0,82.70145416259766,0.0
1290,26.383631229400635,0.5,0.0,0.0,0.4428696930408478,0.07201508432626724,0.13140688836574554,3.102003812789917,-0.04346219822764397,3.102003812789917,0.04346219822764397,211.59091186523438,2.3629047870635986,0.0
1291,26.410648345947266,0.5,0.0,0.0,0.4311155080795288,0.035649411380290985,-0.022396333515644073,3.099630832672119,-0.037194784730672836,3.099630832672119,0.037194784730672836,220.78244018554688,0.0,0.0
1292,26.421933889389038,0.5,0.0,0.0,0.4288054406642914,0.0017310961848124862,-0.11828681826591492,3.0996086597442627,-0.026356955990195274,3.0996086597442627,0.026356955990195274,220.90000915527344,0.0,0.0
1293,26.45285391807556,0.5,0.0,0.0,0.43839940428733826,-0.028000134974718094,-0.136491060256958,3.1004204750061035,-0.014490105211734772,3.1004204750061035,0.014490105211734772,216.1405792236328,0.0,0.0
1294,26.466127395629883,0.5,0.0,0.0,0.45732200145721436,-0.05501305311918259,-0.11024916917085648,3.1018054485321045,-0.004599486943334341,3.1018054485321045,0.004599486943334341,213.13697814941406,0.0,0.0
1295,26.493798971176147,0.5,0.0,0.0,0.48051926493644714,-0.08165202289819717,-0.0961114913225174,3.1046180725097656,0.00143240368925035,3.1046180725097656,0.00143240368925035,213.6929473876953,0.0,0.0
1296,26.505178928375244,0.5,0.0,0.0,0.5054318308830261,-0.10274036973714828,-0.08652675151824951,3.1075267791748047,0.003865919541567564,3.1075267791748047,0.003865919541567564,193.28504943847656,0.0,0.0
1297,26.532285451889038,0.5,0.0,0.0,0.5288373827934265,-0.11850857734680176,-0.08968639373779297,3.108065605163574,0.0032092854380607605,3.108065605163574,0.0032092854380607605,166.254638671875,0.0,0.0
1298,26.545144081115723,0.5,0.0,0.0,0.5476899147033691,-0.1345992386341095,-0.11169649660587311,3.105614423751831,0.001733314711600542,3.105614423751831,0.001733314711600542,149.27101135253906,0.0,0.0
1299,26.572685718536377,0.5,0.0,0.0,0.5691932439804077,-0.1581670343875885,-0.11901571601629257,3.1052310466766357,0.0009066707571037114,3.1052310466766357,0.0009066707571037114,160.403564453125,0.0,0.0
1300,26.584545612335205,0.5,0.0,0.0,0.5912559032440186,-0.18606600165367126,-0.19259819388389587,3.1138312816619873,0.0017659871373325586,3.1138312816619873,0.0017659871373325586,145.57029724121094,204.39784240722656,0.0
1301,26.612430572509766,0.5,0.0,0.0,0.6039907932281494,-0.18200059235095978,-0.31544554233551025,3.1266396045684814,-0.0008617682033218443,3.1266396045684814,0.0008617682033218443,59.515316009521484,161.6126251220703,0.0
1302,26.623699188232422,0.5,0.0,0.0,0.5779069066047668,-0.14268162846565247,-0.12134198844432831,3.1346018314361572,-0.0017081113765016198,3.1346018314361572,0.0017081113765016198,0.0,210.07643127441406,0.0
1303,26.652180433273315,0.5,0.0,0.0,0.5647750496864319,-0.10464762151241302,0.07180134952068329,3.136571168899536,0.0020283511839807034,3.136571168899536,0.0020283511839807034,0.0,212.47303771972656,0.0
1304,26.66786503791809,0.5,0.0,0.0,0.5653791427612305,-0.0793498232960701,0.1131913810968399,3.1356358528137207,0.0076284026727080345,3.1356358528137207,0.0076284026727080345,0.0,225.9854736328125,0.0
1305,26.695834398269653,0.5,0.0,0.0,0.5725147128105164,-0.05729903653264046,0.07137038558721542,3.133880615234375,0.012277210131287575,3.133880615234375,0.012277210131287575,0.0,231.59820556640625,0.0
1306,26.70777702331543,0.5,0.0,0.0,0.5786316990852356,-0.03169989958405495,0.04037078842520714,3.1320977210998535,0.012085488066077232,3.1320977210998535,0.012085488066077232,0.0,227.87013244628906,0.0
1307,26.736191987991333,0.5,0.0,0.0,0.5785765051841736,-0.002663640072569251,0.03834150731563568,3.130913019180298,0.008359569124877453,3.130913019180298,0.008359569124877453,0.0,222.400146484375,0.0
1308,26.749476432800293,0.5,0.0,0.0,0.5757922530174255,0.02591295912861824,0.0764937549829483,3.1294503211975098,0.004025720991194248,3.1294503211975098,0.004025720991194248,0.0,199.29800415039062,0.0
1309,26.780070781707764,0.5,0.0,0.0,0.5742647647857666,0.05027778819203377,0.12127414345741272,3.1282334327697754,0.002117549069225788,3.1282334327697754,0.002117549069225788,0.0,186.29702758789062,0.0
1310,26.791911602020264,0.5,0.0,0.0,0.5739999413490295,0.07336732000112534,0.10855510830879211,3.1266860961914062,0.0037722729612141848,3.1266860961914062,0.0037722729612141848,0.0,171.33981323242188,0.0
1311,26.81984806060791,0.5,0.0,0.0,0.5737475156784058,0.09487762302160263,0.0533265694975853,3.124455213546753,0.010623913258314133,3.124455213546753,0.010623913258314133,0.0,142.28692626953125,0.0
1312,26.831242561340332,0.5,0.0,0.0,0.5479716658592224,0.1167733371257782,0.19935564696788788,3.1205878257751465,0.02456451766192913,3.1205878257751465,0.02456451766192913,168.54150390625,105.11871337890625,0.0
1313,26.857911348342896,0.5,0.0,0.0,0.5330977439880371,0.09966404736042023,0.32575148344039917,3.1188652515411377,0.0333159863948822,3.1188652515411377,0.0333159863948822,205.00900268554688,29.514419555664062,0.0
1314,26.869640827178955,0.5,0.0,0.0,0.501170814037323,0.06654838472604752,0.20233497023582458,3.1246912479400635,0.038871508091688156,3.1246912479400635,0.038871508091688156,210.8702392578125,0.0,0.0
1315,26.896210432052612,0.5,0.0,0.0,0.46600592136383057,0.03626183792948723,0.02053202874958515,3.1301867961883545,0.047475602477788925,3.1301867961883545,0.047475602477788925,209.09249877929688,0.0,0.0
1316,26.90976095199585,0.5,0.0,0.0,0.43943166732788086,0.011134027503430843,-0.06356672942638397,3.130829334259033,0.06051846593618393,3.130829334259033,0.06051846593618393,205.22474670410156,0.0,0.0
1317,26.937978267669678,0.5,0.0,0.0,0.42529043555259705,-0.010678174905478954,-0.048913322389125824,3.126960277557373,0.07404694706201553,3.126960277557373,0.07404694706201553,199.4975128173828,0.0,0.0
1318,26.94919991493225,0.5,0.0,0.0,0.4185202419757843,-0.032775215804576874,0.04649445414543152,3.1219687461853027,0.08356590569019318,3.1219687461853027,0.08356590569019318,201.9093780517578,0.0,0.0
1319,26.977449655532837,0.5,0.0,0.0,0.41407668590545654,-0.055275969207286835,0.14563637971878052,3.1175804138183594,0.0879673957824707,3.1175804138183594,0.0879673957824707,193.2738800048828,0.0,0.0
1320,26.989294052124023,0.5,0.0,0.0,0.4092419743537903,-0.07859165966510773,0.14105606079101562,3.1130616664886475,0.08874893933534622,3.1130616664886475,0.08874893933534622,183.36163330078125,0.0,0.0
1321,27.016578912734985,0.5,0.0,0.0,0.4029540419578552,-0.10476335883140564,0.03972464054822922,3.1078953742980957,0.08706680685281754,3.1078953742980957,0.08706680685281754,179.479736328125,0.0,0.0
1322,27.027788639068604,0.5,0.0,0.0,0.39568227529525757,-0.13380832970142365,-0.03728237748146057,3.1037847995758057,0.08516784757375717,3.1037847995758057,0.08516784757375717,189.54254150390625,0.0,0.0
1323,27.053887605667114,0.5,0.0,0.0,0.39069169759750366,-0.16341738402843475,0.011062121018767357,3.1065165996551514,0.08641479164361954,3.1065165996551514,0.08641479164361954,185.15695190429688,0.0,0.0
1324,27.065698623657227,0.5,0.0,0.0,0.4077795147895813,-0.173369362950325,-0.1737150400876999,3.1195719242095947,0.08459095656871796,3.1195719242095947,0.08459095656871796,122.22207641601562,152.1259002685547,0.0
1325,27.09237575531006,0.5,0.0,0.0,0.39989954233169556,-0.15003301203250885,-0.19033756852149963,3.133967638015747,0.07121820747852325,3.133967638015747,0.07121820747852325,0.0,169.61143493652344,0.0
1326,27.10351014137268,0.5,0.0,0.0,0.37534046173095703,-0.10973309725522995,-0.03538163751363754,3.140596866607666,0.06173583120107651,3.140596866607666,0.06173583120107651,0.0,154.64959716796875,0.0
1327,27.129905223846436,0.5,0.0,0.0,0.35924234986305237,-0.07825645059347153,0.09518495202064514,-3.141212224960327,0.056867729872465134,3.141212224960327,0.056867729872465134,0.0,166.31475830078125,0.0
1328,27.140700101852417,0.5,0.0,0.0,0.35162198543548584,-0.05218410864472389,0.12773272395133972,-3.1394925117492676,0.054382093250751495,3.1394925117492676,0.054382093250751495,0.0,189.02687072753906,0.0
1329,27.168784618377686,0.5,0.0,0.0,0.3452099561691284,-0.023677006363868713,0.09924162924289703,-3.135612726211548,0.05073000490665436,3.135612726211548,0.05073000490665436,0.0,204.30967712402344,0.0
1330,27.180358171463013,0.5,0.0,0.0,0.34026291966438293,0.008556869812309742,0.08124840259552002,-3.132028579711914,0.04658568277955055,3.132028579711914,0.04658568277955055,0.0,206.15890502929688,0.0
1331,27.211040496826172,0.5,0.0,0.0,0.3367481827735901,0.04449201002717018,0.1105160117149353,-3.130829334259033,0.04298343509435654,3.130829334259033,0.04298343509435654,0.0,210.78799438476562,0.0
1332,27.222710847854614,0.5,0.0,0.0,0.3299201726913452,0.08224558085203171,0.14045350253582,-3.134051561355591,0.0410667322576046,3.134051561355591,0.0410667322576046,0.0,209.9900665283203,0.0
1333,27.2506103515625,0.5,0.0,0.0,0.3242521286010742,0.11681470274925232,0.13470309972763062,3.140944719314575,0.0433637797832489,3.140944719314575,0.0433637797832489,0.0,199.70974731445312,0.0
1334,27.261640787124634,0.5,0.0,0.0,0.32418978214263916,0.1441858410835266,0.06294496357440948,3.1314291954040527,0.049890898168087006,3.1314291954040527,0.049890898168087006,0.0,196.87576293945312,0.0
1335,27.289834022521973,0.5,0.0,0.0,0.3218840956687927,0.16365094482898712,0.11558983474969864,3.1212782859802246,0.05215368792414665,3.1212782859802246,0.05215368792414665,113.97888946533203,166.70230102539062,0.0
1336,27.301272869110107,0.5,0.0,0.0,0.32412686944007874,0.15391482412815094,0.1268879771232605,3.116668224334717,0.04982120543718338,3.116668224334717,0.04982120543718338,172.4987335205078,116.32487487792969,0.0
1337,27.328996181488037,0.5,0.0,0.0,0.3146715760231018,0.12714169919490814,0.10362105816602707,3.1142842769622803,0.053395915776491165,3.1142842769622803,0.053395915776491165,192.1048583984375,31.31326675415039,0.0
1338,27.340478897094727,0.5,0.0,0.0,0.30564209818840027,0.09338414669036865,0.04188751429319382,3.111065149307251,0.06350387632846832,3.111065149307251,0.06350387632846832,171.1951446533203,0.0,0.0
1339,27.368637084960938,0.5,0.0,0.0,0.30370643734931946,0.06448325514793396,0.010327575728297234,3.1036689281463623,0.07120420038700104,3.1036689281463623,0.07120420038700104,152.0118408203125,0.0,0.0
1340,27.380120515823364,0.5,0.0,0.0,0.304043710231781,0.03954218327999115,0.04082229360938072,3.0960533618927,0.07383116334676743,3.0960533618927,0.07383116334676743,145.38241577148438,0.0,0.0
1341,27.40853214263916,0.5,0.0,0.0,0.3033500015735626,0.015717247501015663,0.10379259288311005,3.091209650039673,0.07359201461076736,3.091209650039673,0.07359201461076736,149.55320739746094,0.0,0.0
1342,27.41972589492798,0.5,0.0,0.0,0.30267152190208435,-0.012736033648252487,0.14462924003601074,3.0904064178466797,0.07293231040239334,3.0904064178466797,0.07293231040239334,162.33152770996094,0.0,0.0
1343,27.447244882583618,0.5,0.0,0.0,0.3023701012134552,-0.04774478077888489,0.10916213691234589,3.0934152603149414,0.07213375717401505,3.0934152603149414,0.07213375717401505,175.02842712402344,0.0,0.0
1344,27.458280086517334,0.5,0.0,0.0,0.3042643368244171,-0.08243265748023987,0.03724294155836105,3.098738193511963,0.07216325402259827,3.098738193511963,0.07216325402259827,174.4224090576172,0.0,0.0
1345,27.48511576652527,0.5,0.0,0.0,0.3114788234233856,-0.11704809218645096,0.040114615112543106,3.1044650077819824,0.07302446663379669,3.1044650077819824,0.07302446663379669,194.32730102539062,0.0,0.0
1346,27.496358156204224,0.5,0.0,0.0,0.32534804940223694,-0.15240567922592163,0.09979844093322754,3.1147027015686035,0.07506195455789566,3.1147027015686035,0.07506195455789566,175.37257385253906,0.0,0.0
1347,27.524548053741455,0.5,0.0,0.0,0.34671661257743835,-0.16736817359924316,-0.055962733924388885,3.129831314086914,0.07335146516561508,3.129831314086914,0.07335146516561508,98.82859802246094,166.23948669433594,0.0
1348,27.53712296485901,0.5,0.0,0.0,0.3520317077636719,-0.14969706535339355,-0.0913226306438446,3.141490936279297,0.06483260542154312,3.141490936279297,0.06483260542154312,0.0,197.11627197265625,0.0
1349,27.567301750183105,0.5,0.0,0.0,0.34790244698524475,-0.1164657324552536,-0.014570672996342182,-3.1369636058807373,0.05548720434308052,3.1369636058807373,0.05548720434308052,0.0,191.52816772460938,0.0
1350,27.58450412750244,0.5,0.0,0.0,0.3552309572696686,-0.09256105870008469,0.07698577642440796,-3.135667562484741,0.04640505090355873,3.135667562484741,0.04640505090355873,0.0,193.41127014160156,0.0
1351,27.611828565597534,0.5,0.0,0.0,0.36910387873649597,-0.07330092787742615,0.13690923154354095,-3.1320462226867676,0.03718448430299759,3.1320462226867676,0.03718448430299759,0.0,205.31060791015625,0.0
1352,27.623099088668823,0.5,0.0,0.0,0.38307511806488037,-0.05181025341153145,0.16136059165000916,-3.125945806503296,0.027863282710313797,3.125945806503296,0.027863282710313797,0.0,216.57086181640625,0.0
1353,27.651062726974487,0.5,0.0,0.0,0.39570268988609314,-0.028107307851314545,0.1702398657798767,-3.1208600997924805,0.01926877722144127,3.1208600997924805,0.01926877722144127,0.0,216.66433715820312,0.0
1354,27.663865566253662,0.5,0.0,0.0,0.4083782434463501,-0.004359180107712746,0.1592669039964676,-3.1179277896881104,0.012613024562597275,3.1179277896881104,0.012613024562597275,0.0,213.66085815429688,0.0
1355,27.691828966140747,0.5,0.0,0.0,0.42081063985824585,0.02096598967909813,0.16493502259254456,-3.1184370517730713,0.007881909608840942,3.1184370517730713,0.007881909608840942,0.0,204.10816955566406,0.0
1356,27.705491065979004,0.5,0.0,0.0,0.43656688928604126,0.042838387191295624,0.1986117959022522,-3.1232457160949707,0.005707890726625919,3.1232457160949707,0.005707890726625919,0.0,182.99752807617188,0.0
1357,27.732242822647095,0.5,0.0,0.0,0.4506811201572418,0.05801432207226753,0.21079126000404358,-3.130049705505371,0.0060828919522464275,3.130049705505371,0.0060828919522464275,0.0,153.13388061523438,0.0
1358,27.743552923202515,0.5,0.0,0.0,0.416055291891098,0.08361649513244629,0.23861095309257507,-3.139456272125244,0.011069562286138535,3.139456272125244,0.011069562286138535,489.3226013183594,132.7559814453125,0.0
1359,27.773452758789062,0.5,0.0,0.0,0.44746074080467224,0.055265363305807114,0.19798612594604492,3.133828639984131,0.011045051738619804,3.133828639984131,0.011045051738619804,219.9404296875,61.40419387817383,0.0
1360,27.784926652908325,0.5,0.0,0.0,0.43710005283355713,0.01952829398214817,0.09229400008916855,3.1309704780578613,0.014559007249772549,3.1309704780578613,0.014559007249772549,224.47239685058594,0.0,0.0
1361,27.811851024627686,0.5,0.0,0.0,0.42576369643211365,-0.014857283793389797,-0.0423223152756691,3.1310994625091553,0.02025132067501545,3.1310994625091553,0.02025132067501545,197.9844970703125,0.0,0.0
1362,27.823984146118164,0.5,0.0,0.0,0.42142632603645325,-0.04437051713466644,-0.09287425130605698,3.1300747394561768,0.02757396176457405,3.1300747394561768,0.02757396176457405,187.710693359375,0.0,0.0
1363,27.853344917297363,0.5,0.0,0.0,0.42494362592697144,-0.07342645525932312,-0.08183963596820831,3.1298282146453857,0.03423193097114563,3.1298282146453857,0.03423193097114563,181.22100830078125,0.0,0.0
1364,27.864325046539307,0.5,0.0,0.0,0.43140214681625366,-0.10136797279119492,-0.05876530706882477,3.132481575012207,0.03899192065000534,3.132481575012207,0.03899192065000534,187.71463012695312,0.0,0.0
1365,27.892679929733276,0.5,0.0,0.0,0.44243893027305603,-0.12504394352436066,-0.04675064980983734,3.1360771656036377,0.04155479744076729,3.1360771656036377,0.04155479744076729,178.56993103027344,0.0,0.0
1366,27.90390181541443,0.5,0.0,0.0,0.45307761430740356,-0.14416199922561646,-0.10219228267669678,3.136843204498291,0.041710857301950455,3.136843204498291,0.041710857301950455,158.68104553222656,0.0,0.0
1367,27.931630849838257,0.5,0.0,0.0,0.46295076608657837,-0.15955816209316254,-0.15880101919174194,3.1347908973693848,0.04041667655110359,3.1347908973693848,0.04041667655110359,139.1981201171875,0.0,0.0
1368,27.942805290222168,0.5,0.0,0.0,0.47372177243232727,-0.18139538168907166,-0.10915233194828033,3.1316189765930176,0.0384003110229969,3.1316189765930176,0.0384003110229969,160.62411499023438,0.0,0.0
1369,27.971442461013794,0.5,0.0,0.0,0.4944210946559906,-0.21095693111419678,-0.08434956520795822,3.1335415840148926,0.03714491054415703,3.1335415840148926,0.03714491054415703,163.9019317626953,88.32661437988281,0.0
1370,27.98264169692993,0.5,0.0,0.0,0.5057734251022339,-0.21467532217502594,-0.2142932116985321,3.140658140182495,0.02835015580058098,3.140658140182495,0.02835015580058098,109.9453353881836,178.57598876953125,0.0
1371,28.00996971130371,0.5,0.0,0.0,0.4877425730228424,-0.1800912469625473,-0.20253732800483704,-3.1348206996917725,0.026538820937275887,3.1348206996917725,0.026538820937275887,0.0,230.43492126464844,0.0
1372,28.021215438842773,0.5,0.0,0.0,0.47762516140937805,-0.12623436748981476,-0.0670045018196106,-3.135075569152832,0.029092898592352867,3.135075569152832,0.029092898592352867,0.0,223.39425659179688,0.0
1373,28.048805713653564,0.5,0.0,0.0,0.48732689023017883,-0.08561243861913681,0.02045459672808647,3.1415579319000244,0.028869545087218285,3.1415579319000244,0.028869545087218285,0.0,216.3460693359375,0.0
1374,28.059985160827637,0.5,0.0,0.0,0.5003753900527954,-0.05538969859480858,0.01748551055788994,3.135101079940796,0.024440405890345573,3.135101079940796,0.024440405890345573,0.0,208.15335083007812,0.0
1375,28.08686351776123,0.5,0.0,0.0,0.5065862536430359,-0.023498907685279846,0.034202490001916885,3.1313576698303223,0.01724827103316784,3.1313576698303223,0.01724827103316784,0.0,194.13804626464844,0.0
1376,28.098204851150513,0.5,0.0,0.0,0.5095371603965759,0.009144856594502926,0.12448172271251678,3.1300241947174072,0.010388842783868313,3.1300241947174072,0.010388842783868313,0.0,184.58946228027344,0.0
1377,28.12527894973755,0.5,0.0,0.0,0.5126693248748779,0.037845198065042496,0.20201560854911804,3.131195306777954,0.006100133061408997,3.131195306777954,0.006100133061408997,0.0,175.88314819335938,0.0
1378,28.13634490966797,0.5,0.0,0.0,0.51436448097229,0.06776926666498184,0.25413304567337036,3.1339375972747803,0.0039710551500320435,3.1339375972747803,0.0039710551500320435,0.0,165.4611053466797,0.0
1379,28.163045167922974,0.5,0.0,0.0,0.5147449374198914,0.09356341511011124,0.27245980501174927,3.1350231170654297,0.004734452348202467,3.1350231170654297,0.004734452348202467,0.0,141.88522338867188,0.0
1380,28.1750009059906,0.5,0.0,0.0,0.5101490616798401,0.11161287873983383,0.18604221940040588,3.1332828998565674,0.011364973150193691,3.1332828998565674,0.011364973150193691,0.0,125.26535034179688,0.0
1381,28.202651977539062,0.5,0.0,0.0,0.4872274696826935,0.12528717517852783,0.07641792297363281,3.1237921714782715,0.022529155015945435,3.1237921714782715,0.022529155015945435,122.5515365600586,88.01150512695312,0.0
1382,28.214070081710815,0.5,0.0,0.0,0.4595343768596649,0.10870230197906494,0.14460518956184387,3.116387128829956,0.029958451166749,3.116387128829956,0.029958451166749,227.2625732421875,19.78159523010254,0.0
1383,28.24045491218567,0.5,0.0,0.0,0.4268493950366974,0.07265523076057434,0.09634752571582794,3.115399122238159,0.038348693400621414,3.115399122238159,0.038348693400621414,235.65338134765625,0.0,0.0
1384,28.25149369239807,0.5,0.0,0.0,0.3981796205043793,0.03610972315073013,0.005116380285471678,3.1184263229370117,0.04782186821103096,3.1184263229370117,0.04782186821103096,233.743408203125,0.0,0.0
1385,28.279236555099487,0.5,0.0,0.0,0.3772370219230652,0.005328180268406868,-0.03075835481286049,3.1233274936676025,0.05750666558742523,3.1233274936676025,0.05750666558742523,215.14486694335938,0.0,0.0
1386,28.290424346923828,0.5,0.0,0.0,0.3641454577445984,-0.018769605085253716,-0.027762696146965027,3.125997304916382,0.0666656345129013,3.125997304916382,0.0666656345129013,203.76742553710938,0.0,0.0
1387,28.316632509231567,0.5,0.0,0.0,0.35640740394592285,-0.03800651431083679,0.00237394031137228,3.124160051345825,0.07337798178195953,3.124160051345825,0.07337798178195953,191.5825653076172,0.0,0.0
1388,28.327903270721436,0.5,0.0,0.0,0.3518604040145874,-0.05752304568886757,0.06557995080947876,3.117689609527588,0.0772443488240242,3.117689609527588,0.0772443488240242,191.12368774414062,0.0,0.0
1389,28.35667085647583,0.5,0.0,0.0,0.34797945618629456,-0.08155060559511185,0.12224765121936798,3.110008955001831,0.07762114703655243,3.110008955001831,0.07762114703655243,185.9429168701172,0.0,0.0
1390,28.36946940422058,0.5,0.0,0.0,0.3422279953956604,-0.10725931078195572,0.10733313858509064,3.1040334701538086,0.07571099698543549,3.1040334701538086,0.07571099698543549,173.80377197265625,0.0,0.0
1391,28.397644519805908,0.5,0.0,0.0,0.33654600381851196,-0.13615266978740692,0.03438229858875275,3.1007678508758545,0.0736398845911026,3.1007678508758545,0.0736398845911026,184.30751037597656,0.0,0.0
1392,28.413426637649536,0.5,0.0,0.0,0.33214569091796875,-0.16704171895980835,0.002239546738564968,3.1028032302856445,0.07300350815057755,3.1028032302856445,0.07300350815057755,185.58990478515625,0.0,0.0
1393,28.44644021987915,0.5,0.0,0.0,0.3516978919506073,-0.18362665176391602,-0.16003376245498657,3.112147092819214,0.0694173276424408,3.112147092819214,0.0694173276424408,150.20806884765625,122.40397644042969,0.0
1394,28.45744252204895,0.5,0.0,0.0,0.35719478130340576,-0.17505541443824768,-0.17158913612365723,3.1249771118164062,0.05779654532670975,3.1249771118164062,0.05779654532670975,56.75419616699219,163.27194213867188,0.0
1395,28.48361110687256,0.5,0.0,0.0,0.3500122129917145,-0.13902077078819275,-0.06440401077270508,3.1354689598083496,0.04928217828273773,3.1354689598083496,0.04928217828273773,0.0,190.4335479736328,0.0
1396,28.49516797065735,0.5,0.0,0.0,0.3519127070903778,-0.1035785898566246,0.03030620887875557,3.139869451522827,0.04278968647122383,3.139869451522827,0.04278968647122383,0.0,179.21359252929688,0.0
1397,28.52193284034729,0.5,0.0,0.0,0.3615783154964447,-0.0749313160777092,0.09146550297737122,-3.1401031017303467,0.03663455694913864,3.1401031017303467,0.03663455694913864,0.0,185.7501678466797,0.0
1398,28.53532075881958,0.5,0.0,0.0,0.37295857071876526,-0.04679274186491966,0.13762928545475006,-3.13735032081604,0.030535545200109482,3.13735032081604,0.030535545200109482,0.0,188.79685974121094,0.0
1399,28.563794136047363,0.5,0.0,0.0,0.38392162322998047,-0.017398551106452942,0.1836339235305786,-3.1360764503479004,0.02550683543086052,3.1360764503479004,0.02550683543086052,0.0,194.63882446289062,31.21934700012207
1400,28.575297355651855,0.5,0.0,0.0,0.3955347239971161,0.04614697024226189,0.2515489459037781,-3.1368582248687744,0.018926400691270828,3.1368582248687744,0.018926400691270828,0.0,197.58511352539062,31.21934700012207
1401,28.602844953536987,0.5,0.0,0.0,0.4059586822986603,0.1076355129480362,0.31356582045555115,-3.140324115753174,0.010626664385199547,3.140324115753174,0.010626664385199547,0.0,179.39053344726562,31.21934700012207
1402,28.614315271377563,0.5,0.0,0.0,0.41596463322639465,0.16241152584552765,0.3994382321834564,3.1382007598876953,0.0022214248310774565,3.1382007598876953,0.0022214248310774565,0.0,146.19436645507812,31.21934700012207
1403,28.64168620109558,0.5,0.0,0.0,0.42042580246925354,0.20497864484786987,0.4823527932167053,3.1339123249053955,-0.0027070436626672745,3.1339123249053955,0.0027070436626672745,0.0,104.33175659179688,31.21934700012207
1404,28.65339970588684,0.5,0.0,0.0,0.40192076563835144,0.23530423641204834,0.35013020038604736,3.123785972595215,-0.007961913011968136,3.123785972595215,0.007961913011968136,155.04298400878906,66.49991607666016,31.21934700012207
1405,28.68112564086914,0.5,0.0,0.0,0.37580427527427673,0.23798659443855286,0.22707122564315796,3.114866256713867,-0.010469400323927402,3.114866256713867,0.010469400323927402,244.3314971923828,0.0,31.21934700012207
1406,28.693982362747192,0.5,0.0,0.0,0.34471261501312256,0.2275880128145218,0.05776382237672806,3.104099750518799,-0.0016561790835112333,3.104099750518799,0.0016561790835112333,261.6950378417969,0.0,31.21934700012207
1407,28.721909761428833,0.5,0.0,0.0,0.32718658447265625,0.2152436375617981,0.048654697835445404,3.0949461460113525,0.013894687406718731,3.0949461460113525,0.013894687406718731,268.2971496582031,0.0,31.21934700012207
1408,28.733259439468384,0.5,0.0,0.0,0.32527974247932434,0.20409664511680603,0.1713675558567047,3.093367576599121,0.029020437970757484,3.093367576599121,0.029020437970757484,256.6982421875,0.0,31.21934700012207
1409,28.761054039001465,0.5,0.0,0.0,0.3312528133392334,0.20291902124881744,0.3008118271827698,3.099924325942993,0.04047149792313576,3.099924325942993,0.04047149792313576,225.49526977539062,0.0,27.275556564331055
1410,28.775018215179443,0.5,0.0,0.0,0.2980203330516815,0.1670444756746292,0.3697449564933777,3.1091842651367188,0.05390225723385811,3.1091842651367188,0.05390225723385811,200.93875122070312,0.0,27.275556564331055
1411,28.802046298980713,0.5,0.0,0.0,0.2701987326145172,0.14137284457683563,0.42343682050704956,3.1146154403686523,0.07084376364946365,3.1146154403686523,0.07084376364946365,188.20603942871094,0.0,27.275556564331055
1412,28.813620567321777,0.5,0.0,0.0,0.24556435644626617,0.11859577894210815,0.5067241191864014,3.1128807067871094,0.08832739293575287,3.1128807067871094,0.08832739293575287,188.24411010742188,0.0,27.275556564331055
1413,28.841368913650513,0.5,0.0,0.0,0.22192631661891937,0.09247460216283798,0.6173573136329651,3.106948137283325,0.1057223528623581,3.106948137283325,0.1057223528623581,187.63893127441406,0.0,27.275556564331055
1414,28.85264492034912,0.5,0.0,0.0,0.202551931142807,0.05645628273487091,0.6783081293106079,3.1040542125701904,0.12294436246156693,3.1040542125701904,0.12294436246156693,212.56155395507812,0.0,27.275556564331055
1415,28.87906241416931,0.5,0.0,0.0,0.19103914499282837,0.013482814654707909,0.6215955018997192,3.1119046211242676,0.13819392025470734,3.1119046211242676,0.13819392025470734,216.8179473876953,0.0,27.275556564331055
1416,28.89040732383728,0.5,0.0,0.0,0.17579783499240875,-0.021880963817238808,0.4762127697467804,3.133861541748047,0.1511359065771103,3.133861541748047,0.1511359065771103,166.4740753173828,0.0,27.275556564331055
1417,28.917145490646362,0.5,0.0,0.0,0.16349630057811737,-0.02469564974308014,0.19344380497932434,-3.120910882949829,0.15907429158687592,3.120910882949829,0.15907429158687592,45.403011322021484,136.6453857421875,27.275556564331055
1418,28.92823338508606,0.5,0.0,0.0,0.1255217343568802,-0.00680769607424736,0.1755087971687317,-3.1036124229431152,0.15065740048885345,3.1036124229431152,0.15065740048885345,0.0,140.0290985107422,27.275556564331055
1419,28.9588143825531,0.5,0.0,0.0,0.07600384205579758,0.005482349544763565,0.1827426254749298,-3.0997235774993896,0.13557128608226776,3.0997235774993896,0.13557128608226776,0.0,136.5513153076172,0.0
1420,28.977834939956665,0.5,0.0,0.0,0.06846944987773895,0.02427505888044834,0.15158013999462128,-3.1040079593658447,0.11657540500164032,3.1040079593658447,0.11657540500164032,0.0,143.4000701904297,0.0
1421,29.005815505981445,0.5,0.0,0.0,0.06282249093055725,0.041706643998622894,0.1554887890815735,-3.1112992763519287,0.09687259793281555,3.1112992763519287,0.09687259793281555,0.0,158.01852416992188,0.0
1422,29.017136812210083,0.5,0.0,0.0,0.061738356947898865,0.06160576269030571,0.1878945231437683,-3.1169674396514893,0.07905314117670059,3.1169674396514893,0.07905314117670059,0.0,177.82077026367188,0.0
1423,29.044248580932617,0.5,0.0,0.0,0.06291218101978302,0.08556325733661652,0.22894036769866943,-3.120151996612549,0.06222952529788017,3.120151996612549,0.06222952529788017,0.0,193.55987548828125,0.0
1424,29.055433988571167,0.5,0.0,0.0,0.06439532339572906,0.11136572062969208,0.2829304039478302,-3.122603416442871,0.047719940543174744,3.122603416442871,0.047719940543174744,0.0,196.44070434570312,0.0
1425,29.082897663116455,0.5,0.0,0.0,0.06095283851027489,0.13885115087032318,0.3142348527908325,-3.1260883808135986,0.03848410025238991,3.1260883808135986,0.03848410025238991,0.0,203.7066192626953,0.0
1426,29.094358205795288,0.5,0.0,0.0,0.06208033114671707,0.1619011014699936,0.28486162424087524,-3.1378672122955322,0.03202877566218376,3.1378672122955322,0.03202877566218376,92.36615753173828,213.32699584960938,0.0
1427,29.12177062034607,0.5,0.0,0.0,0.08181267231702805,0.16520866751670837,0.19075946509838104,3.1288223266601562,0.02743701823055744,3.1288223266601562,0.02743701823055744,155.51580810546875,195.33892822265625,0.0
1428,29.13362717628479,0.5,0.0,0.0,0.10923131555318832,0.14525547623634338,0.08592554926872253,3.1103551387786865,0.024457616731524467,3.1103551387786865,0.024457616731524467,206.95948791503906,133.33583068847656,0.0
1429,29.16191291809082,0.5,0.0,0.0,0.13739438354969025,0.10241684317588806,0.0867697149515152,3.0943801403045654,0.02308717742562294,3.0943801403045654,0.02308717742562294,240.36927795410156,26.578123092651367,0.0
1430,29.1731595993042,0.5,0.0,0.0,0.1609855592250824,0.05599780008196831,0.11698104441165924,3.0870349407196045,0.025883756577968597,3.0870349407196045,0.025883756577968597,196.8414764404297,0.0,0.0
1431,29.200334072113037,0.5,0.0,0.0,0.1809217482805252,0.023761894553899765,0.12065389007329941,3.0851848125457764,0.030275562778115273,3.0851848125457764,0.030275562778115273,152.0568084716797,0.0,0.0
1432,29.211811542510986,0.5,0.0,0.0,0.1980213224887848,-0.0011577857658267021,0.09005536139011383,3.085405111312866,0.03317149356007576,3.085405111312866,0.03317149356007576,136.40396118164062,0.0,0.0
1433,29.238279104232788,0.5,0.0,0.0,0.21272175014019012,-0.025374922901391983,0.050206758081912994,3.087714195251465,0.03462902456521988,3.087714195251465,0.03462902456521988,141.88832092285156,0.0,0.0
1434,29.2493999004364,0.5,0.0,0.0,0.23068475723266602,-0.050500087440013885,0.06116174906492233,3.091728925704956,0.03638774901628494,3.091728925704956,0.03638774901628494,155.96893310546875,0.0,0.0
1435,29.276156902313232,0.5,0.0,0.0,0.2495967447757721,-0.07437608391046524,0.08499555289745331,3.0970847606658936,0.03884296491742134,3.0970847606658936,0.03884296491742134,151.68594360351562,0.0,0.0
1436,29.287264347076416,0.5,0.0,0.0,0.2705233693122864,-0.09824320673942566,0.08564841747283936,3.102139711380005,0.042732905596494675,3.102139711380005,0.042732905596494675,151.89295959472656,0.0,0.0
1437,29.314167976379395,0.5,0.0,0.0,0.29618263244628906,-0.1254575103521347,0.04949326068162918,3.1078999042510986,0.04502306133508682,3.1078999042510986,0.04502306133508682,148.8561553955078,0.0,0.0
1438,29.32666563987732,0.5,0.0,0.0,0.32089683413505554,-0.14972293376922607,0.04556398466229439,3.117053508758545,0.04509211331605911,3.117053508758545,0.04509211331605911,127.15975952148438,0.0,0.0
1439,29.355130434036255,0.5,0.0,0.0,0.3380754292011261,-0.16870588064193726,-0.07152266055345535,3.1322736740112305,0.045113835483789444,3.1322736740112305,0.045113835483789444,85.25228881835938,146.3502960205078,8.142807960510254
1440,29.366446018218994,0.5,0.0,0.0,0.3403969407081604,-0.16210229694843292,-0.14386676251888275,-3.1346535682678223,0.04393903911113739,3.1346535682678223,0.04393903911113739,0.0,206.0580291748047,8.142807960510254
1441,29.393473863601685,0.5,0.0,0.0,0.3409379720687866,-0.13252127170562744,-0.1051550954580307,-3.1259753704071045,0.0418928787112236,3.1259753704071045,0.0418928787112236,0.0,224.75022888183594,8.142807960510254
1442,29.404480934143066,0.5,0.0,0.0,0.3561350405216217,-0.1057383269071579,-0.0726892277598381,-3.1257529258728027,0.035192809998989105,3.1257529258728027,0.035192809998989105,0.0,231.98263549804688,8.142807960510254
1443,29.43198561668396,0.5,0.0,0.0,0.37341564893722534,-0.08328291773796082,-0.04858502745628357,-3.1289796829223633,0.025861574336886406,3.1289796829223633,0.025861574336886406,0.0,237.90545654296875,8.142807960510254
1444,29.443329334259033,0.5,0.0,0.0,0.3885764181613922,-0.06114428490400314,0.004551730118691921,-3.1321260929107666,0.018696477636694908,3.1321260929107666,0.018696477636694908,0.0,252.40750122070312,8.142807960510254
1445,29.470470905303955,0.5,0.0,0.0,0.4065960645675659,-0.04099605977535248,0.042638301849365234,-3.13484263420105,0.016600893810391426,3.13484263420105,0.016600893810391426,0.0,248.59500122070312,8.142807960510254
1446,29.481674432754517,0.5,0.0,0.0,0.42274895310401917,-0.021358177065849304,0.042511794716119766,-3.1366074085235596,0.01677348092198372,3.1366074085235596,0.01677348092198372,0.0,237.10525512695312,8.142807960510254
1447,29.509058713912964,0.5,0.0,0.0,0.4304683208465576,-0.00019063649233430624,0.02829599753022194,-3.1393866539001465,0.019012607634067535,3.1393866539001465,0.019012607634067535,0.0,223.9574737548828,8.142807960510254
1448,29.520554780960083,0.5,0.0,0.0,0.43934500217437744,0.016487058252096176,-0.0018110559321939945,3.13789439201355,0.024969225749373436,3.13789439201355,0.024969225749373436,0.0,194.06719970703125,8.142807960510254
1449,29.548895120620728,0.5,0.0,0.0,0.45094841718673706,0.028965629637241364,-0.0659894198179245,3.130613327026367,0.03423992916941643,3.130613327026367,0.03423992916941643,0.0,181.41629028320312,67.77359771728516
1450,29.559868812561035,0.5,0.0,0.0,0.42783308029174805,0.09049619734287262,-0.028500638902187347,3.122903823852539,0.04213957116007805,3.122903823852539,0.04213957116007805,0.0,148.3083038330078,67.77359771728516
1451,29.587154150009155,0.5,0.0,0.0,0.3807527720928192,0.14533689618110657,0.3355681598186493,3.1146702766418457,0.04300806298851967,3.1146702766418457,0.04300806298851967,156.6513671875,82.06974792480469,67.77359771728516
1452,29.598398685455322,0.5,0.0,0.0,0.3280304968357086,0.16854922473430634,0.4106518626213074,3.1131231784820557,0.040582526475191116,3.1131231784820557,0.040582526475191116,172.64073181152344,1.7733967304229736,67.77359771728516
1453,29.624794483184814,0.5,0.0,0.0,0.25849929451942444,0.1845598667860031,0.2988773286342621,3.1121950149536133,0.04576782509684563,3.1121950149536133,0.04576782509684563,163.67877197265625,0.0,67.77359771728516
1454,29.636068105697632,0.5,0.0,0.0,0.19992102682590485,0.20927155017852783,0.25654029846191406,3.1075167655944824,0.05598665773868561,3.1075167655944824,0.05598665773868561,163.82994079589844,0.0,67.77359771728516
1455,29.662782907485962,0.5,0.0,0.0,0.14945171773433685,0.23549143970012665,0.35164493322372437,3.0978848934173584,0.0671190395951271,3.0978848934173584,0.0671190395951271,183.11029052734375,0.0,67.77359771728516
1456,29.67389726638794,0.5,0.0,0.0,0.09985645115375519,0.25398215651512146,0.5177246332168579,3.087111234664917,0.07816002517938614,3.087111234664917,0.07816002517938614,211.25730895996094,0.0,67.77359771728516
1457,29.700136423110962,0.5,0.0,0.0,0.04911261424422264,0.26433807611465454,0.772756040096283,3.0789737701416016,0.09162230789661407,3.0789737701416016,0.09162230789661407,246.9970703125,0.0,67.77359771728516
1458,29.71113395690918,0.5,0.0,0.0,0.006143959239125252,0.27107754349708557,1.0784010887145996,3.0761425495147705,0.11006757616996765,3.0761425495147705,0.11006757616996765,264.6978759765625,0.0,67.77359771728516
1459,29.742615938186646,0.5,0.0,0.0,-0.024532940238714218,0.2739171087741852,1.3039133548736572,3.082340717315674,0.13039453327655792,3.082340717315674,0.13039453327655792,289.2152404785156,0.0,53.48847579956055
1460,29.756913423538208,0.5,0.0,0.0,0.036846503615379333,0.30177950859069824,1.3588154315948486,3.099027633666992,0.14549681544303894,3.099027633666992,0.14549681544303894,283.987060546875,0.0,53.48847579956055
1461,29.782880067825317,0.5,0.0,0.0,0.0964377224445343,0.34561213850975037,1.282947301864624,3.1230804920196533,0.15384669601917267,3.1230804920196533,0.15384669601917267,230.96414184570312,0.0,53.48847579956055
1462,29.794018030166626,0.5,0.0,0.0,0.13921593129634857,0.40462660789489746,1.2015235424041748,-3.1369802951812744,0.1597861796617508,3.1369802951812744,0.1597861796617508,192.47242736816406,0.0,53.48847579956055
1463,29.820770978927612,0.5,0.0,0.0,0.2013285905122757,0.48243117332458496,1.0904514789581299,-3.1249449253082275,0.1622753143310547,3.1249449253082275,0.1622753143310547,104.1507568359375,105.0425033569336,53.48847579956055
1464,29.83175277709961,0.5,0.0,0.0,0.24661460518836975,0.5693899989128113,1.1529450416564941,-3.1301369667053223,0.1508631706237793,3.1301369667053223,0.1508631706237793,0.0,129.37399291992188,53.48847579956055
1465,29.85787534713745,0.5,0.0,0.0,0.28344759345054626,0.65486079454422,1.2358957529067993,3.1345763206481934,0.12744151055812836,3.1345763206481934,0.12744151055812836,0.0,126.23043060302734,53.48847579956055
1466,29.868918657302856,0.5,0.0,0.0,0.3348109722137451,0.7375675439834595,1.3340246677398682,3.114741086959839,0.09277136623859406,3.114741086959839,0.09277136623859406,0.0,130.81396484375,53.48847579956055
1467,29.89551591873169,0.5,0.0,0.0,0.40409278869628906,0.8147946000099182,1.5493574142456055,3.102169990539551,0.05356665700674057,3.102169990539551,0.05356665700674057,0.0,127.91500091552734,53.48847579956055
1468,29.90742540359497,0.5,0.0,0.0,0.48748910427093506,0.8775544762611389,1.9170507192611694,3.1022026538848877,0.01604604348540306,3.1022026538848877,0.01604604348540306,0.0,107.32145690917969,53.48847579956055
1469,29.934420824050903,0.5,0.0,0.0,0.5692307353019714,0.9196020364761353,2.306252956390381,3.1166176795959473,-0.015341639518737793,3.1166176795959473,0.015341639518737793,0.0,72.84737396240234,0.0
1470,29.945292234420776,0.5,0.0,0.0,0.6059110760688782,0.8789471387863159,2.3637425899505615,-3.1384928226470947,-0.03190915286540985,3.1384928226470947,0.03190915286540985,0.0,72.13873291015625,0.0
1471,29.97141122817993,0.5,0.0,0.0,0.6455279588699341,0.8244788646697998,1.7793645858764648,-3.1091790199279785,-0.03152215853333473,3.1091790199279785,0.03152215853333473,0.0,100.23963165283203,0.0
1472,29.982608318328857,0.5,0.0,0.0,0.6463568210601807,0.7988378405570984,0.9052037596702576,-3.1026711463928223,-0.03391522914171219,3.1026711463928223,0.03391522914171219,173.3245849609375,95.39591217041016,0.0
1473,30.009231567382812,0.5,0.0,0.0,0.6299206018447876,0.6559789776802063,0.15316607058048248,-3.115262508392334,-0.04081232473254204,3.115262508392334,0.04081232473254204,320.1752014160156,0.0,0.0
1474,30.020256519317627,0.5,0.0,0.0,0.5726953148841858,0.47342532873153687,-0.3318074345588684,-3.1301915645599365,-0.020408164709806442,3.1301915645599365,0.020408164709806442,383.5401306152344,0.0,0.0
1475,30.047345876693726,0.5,0.0,0.0,0.5742388963699341,0.30121132731437683,-0.25705471634864807,-3.1303553581237793,0.015374792739748955,3.1303553581237793,0.015374792739748955,365.234619140625,0.0,0.0
1476,30.05842638015747,0.5,0.0,0.0,0.6248288154602051,0.17098890244960785,0.050133414566516876,-3.112011432647705,0.04184838384389877,3.112011432647705,0.04184838384389877,291.7605285644531,0.0,0.0
1477,30.08493208885193,0.5,0.0,0.0,0.6720688343048096,0.09407657384872437,0.29238784313201904,-3.089510917663574,0.04960263520479202,3.089510917663574,0.04960263520479202,194.0197296142578,0.0,0.0
1478,30.097163677215576,0.5,0.0,0.0,0.6940040588378906,0.04737039655447006,0.30854150652885437,-3.0803325176239014,0.04576331004500389,3.0803325176239014,0.04576331004500389,134.3893585205078,0.0,0.0
1479,30.127087593078613,0.5,0.0,0.0,0.6995936036109924,0.00642681960016489,0.1670132875442505,-3.0868306159973145,0.03998592868447304,3.0868306159973145,0.03998592868447304,117.36153411865234,0.0,27.631038665771484
1480,30.14003610610962,0.5,0.0,0.0,0.6705282330513,-0.012846024706959724,0.060416512191295624,-3.102811336517334,0.03873942419886589,3.102811336517334,0.03873942419886589,111.81967163085938,0.0,27.631038665771484
1481,30.165995597839355,0.5,0.0,0.0,0.6478257179260254,-0.04457661509513855,0.004232105799019337,-3.1193954944610596,0.04085274785757065,3.1193954944610596,0.04085274785757065,127.18700408935547,0.0,27.631038665771484
1482,30.177175045013428,0.5,0.0,0.0,0.6313537359237671,-0.08833400905132294,-0.01083056814968586,-3.1277670860290527,0.04511577636003494,3.1277670860290527,0.04511577636003494,142.66531372070312,0.0,27.631038665771484
1483,30.20337152481079,0.5,0.0,0.0,0.6175059080123901,-0.12358392030000687,0.08759280294179916,-3.123377799987793,0.052855610847473145,3.123377799987793,0.052855610847473145,119.5221176147461,0.0,27.631038665771484
1484,30.21464729309082,0.5,0.0,0.0,0.5968301892280579,-0.14300520718097687,0.06837740540504456,-3.107473373413086,0.06655500829219818,3.107473373413086,0.06655500829219818,84.04246520996094,349.41473388671875,27.631038665771484
1485,30.24064588546753,0.5,0.0,0.0,0.5499384999275208,-0.12009508907794952,0.06315698474645615,-3.092299699783325,0.07451099157333374,3.092299699783325,0.07451099157333374,0.0,200.28102111816406,27.631038665771484
1486,30.25629472732544,0.5,0.0,0.0,0.48814013600349426,-0.07881107181310654,0.138080894947052,-3.088566541671753,0.07969121634960175,3.088566541671753,0.07969121634960175,0.0,206.05099487304688,27.631038665771484
1487,30.289474964141846,0.5,0.0,0.0,0.44096314907073975,-0.0443028025329113,0.1636005938053131,-3.093337059020996,0.08010174334049225,3.093337059020996,0.08010174334049225,0.0,209.6998748779297,27.631038665771484
1488,30.30053472518921,0.5,0.0,0.0,0.39418432116508484,-0.010276822373270988,0.1262884885072708,-3.101438283920288,0.07574177533388138,3.101438283920288,0.07574177533388138,0.0,222.16856384277344,27.631038665771484
1489,30.329501152038574,0.5,0.0,0.0,0.3414030969142914,0.031142903491854668,0.09871870279312134,-3.1105003356933594,0.06951263546943665,3.1105003356933594,0.06951263546943665,0.0,235.21681213378906,0.0
1490,30.340769052505493,0.5,0.0,0.0,0.3173415958881378,0.05614466965198517,0.15008670091629028,-3.11808705329895,0.06057439744472504,3.11808705329895,0.06057439744472504,0.0,245.0587921142578,0.0
1491,30.368570804595947,0.5,0.0,0.0,0.28965574502944946,0.08103110641241074,0.2609107792377472,-3.1223182678222656,0.051446668803691864,3.1223182678222656,0.051446668803691864,0.0,238.19334411621094,0.0
1492,30.381091356277466,0.5,0.0,0.0,0.26394590735435486,0.09960462152957916,0.32958003878593445,-3.1228063106536865,0.04572669789195061,3.1228063106536865,0.04572669789195061,0.0,230.00669860839844,0.0
1493,30.40771174430847,0.5,0.0,0.0,0.23855805397033691,0.11695482581853867,0.3280581533908844,-3.1207034587860107,0.04364568740129471,3.1207034587860107,0.04364568740129471,0.0,223.5978546142578,0.0
1494,30.418659210205078,0.5,0.0,0.0,0.21370366215705872,0.13365502655506134,0.23430660367012024,-3.1191985607147217,0.04530024901032448,3.1191985607147217,0.04530024901032448,0.0,211.69557189941406,0.0
1495,30.445414066314697,0.5,0.0,0.0,0.19300444424152374,0.14938443899154663,0.07979723066091537,-3.120492935180664,0.05052226409316063,3.120492935180664,0.05052226409316063,0.0,196.81884765625,0.0
1496,30.456714868545532,0.5,0.0,0.0,0.17664912343025208,0.16241733729839325,0.047737352550029755,-3.1278393268585205,0.05528832972049713,3.1278393268585205,0.05528832972049713,63.08894729614258,191.10708618164062,0.0
1497,30.48406672477722,0.5,0.0,0.0,0.18025045096874237,0.1491912305355072,-0.0030083139427006245,-3.1366500854492188,0.05458264797925949,3.1366500854492188,0.05458264797925949,146.71536254882812,153.3282012939453,0.0
1498,30.495198249816895,0.5,0.0,0.0,0.17910809814929962,0.11995039135217667,-0.014967638999223709,3.1374661922454834,0.055920641869306564,3.1374661922454834,0.055920641869306564,170.9789276123047,71.20343780517578,0.0
1499,30.530407667160034,0.5,0.0,0.0,0.17844514548778534,0.08160322159528732,-0.0024461355060338974,3.128756046295166,0.062183257192373276,3.128756046295166,0.062183257192373276,168.4960174560547,0.0,0.0
1500,30.54491662979126,0.5,0.0,0.0,0.1816110908985138,0.04360334947705269,0.029410632327198982,3.1216578483581543,0.07019419223070145,3.1216578483581543,0.07019419223070145,153.00961303710938,0.0,0.0
1501,30.587551832199097,0.5,0.0,0.0,0.18752065300941467,0.011157587170600891,0.08875761181116104,3.1179182529449463,0.07584801316261292,3.1179182529449463,0.07584801316261292,142.5313720703125,0.0,0.0
1502,30.59869360923767,0.5,0.0,0.0,0.19212035834789276,-0.021099232137203217,0.11426685750484467,3.116866111755371,0.07836674153804779,3.116866111755371,0.07836674153804779,143.97079467773438,0.0,0.0
1503,30.626607179641724,0.5,0.0,0.0,0.1936328411102295,-0.05582740902900696,0.06876305490732193,3.119504451751709,0.0797128677368164,3.119504451751709,0.0797128677368164,146.7872314453125,0.0,0.0
1504,30.637943029403687,0.5,0.0,0.0,0.19703581929206848,-0.08814346045255661,0.019330592826008797,3.1237120628356934,0.08110946416854858,3.1237120628356934,0.08110946416854858,143.1952667236328,0.0,0.0
1505,30.668447732925415,0.5,0.0,0.0,0.20036226511001587,-0.11731307953596115,-0.008848467841744423,3.126859664916992,0.08223653584718704,3.126859664916992,0.08223653584718704,136.17153930664062,0.0,0.0
1506,30.68028211593628,0.5,0.0,0.0,0.20620284974575043,-0.1517513394355774,0.041078634560108185,3.1297566890716553,0.0840916559100151,3.1297566890716553,0.0840916559100151,172.7930450439453,0.0,0.0
1507,30.708465814590454,0.5,0.0,0.0,0.22371675074100494,-0.1929825097322464,0.14868846535682678,3.1326143741607666,0.08389866352081299,3.1326143741607666,0.08389866352081299,183.92152404785156,0.0,0.0
1508,30.7198965549469,0.5,0.0,0.0,0.2485213577747345,-0.24074602127075195,0.11033733189105988,3.1362736225128174,0.07936558872461319,3.1362736225128174,0.07936558872461319,181.10618591308594,0.0,0.0
1509,30.748786211013794,0.5,0.0,0.0,0.274397611618042,-0.2900475561618805,-0.031690314412117004,3.1405081748962402,0.06928896903991699,3.1405081748962402,0.06928896903991699,172.0103302001953,0.0,0.0
1510,30.760849952697754,0.5,0.0,0.0,0.30175769329071045,-0.3374764919281006,-0.17679694294929504,-3.1366517543792725,0.05660896375775337,3.1366517543792725,0.05660896375775337,156.87326049804688,117.01821899414062,0.0
1511,30.788907527923584,0.5,0.0,0.0,0.331110417842865,-0.3423785865306854,-0.33229607343673706,-3.1318047046661377,0.038241833448410034,3.1318047046661377,0.038241833448410034,111.30078887939453,214.29806518554688,0.0
1512,30.800233125686646,0.5,0.0,0.0,0.3474328815937042,-0.3137894570827484,-0.2478415071964264,-3.131466865539551,0.02538515254855156,3.131466865539551,0.02538515254855156,73.47710418701172,247.3310546875,0.0
1513,30.832802772521973,0.5,0.0,0.0,0.3572114109992981,-0.26131048798561096,-0.07773353904485703,-3.135897636413574,0.019352184608578682,3.135897636413574,0.019352184608578682,0.0,270.0538024902344,0.0
1514,30.849295139312744,0.5,0.0,0.0,0.3667755424976349,-0.20618019998073578,0.028261752799153328,3.136286497116089,0.01589515618979931,3.136286497116089,0.01589515618979931,0.0,246.99392700195312,0.0
1515,30.876936197280884,0.5,0.0,0.0,0.3836553394794464,-0.17027927935123444,0.05826191231608391,3.1248230934143066,0.011410864070057869,3.1248230934143066,0.011410864070057869,0.0,216.4290008544922,0.0
1516,30.888209104537964,0.5,0.0,0.0,0.40097659826278687,-0.1425066888332367,0.06711583584547043,3.118466854095459,0.005586821585893631,3.118466854095459,0.005586821585893631,0.0,195.9735565185547,0.0
1517,30.918232917785645,0.5,0.0,0.0,0.41860026121139526,-0.11699935793876648,0.0954773873090744,3.118870973587036,0.0009129820391535759,3.118870973587036,0.0009129820391535759,0.0,172.01358032226562,0.0
1518,30.929461240768433,0.5,0.0,0.0,0.43694257736206055,-0.09113003313541412,0.12491469085216522,3.1240170001983643,-0.002115474548190832,3.1240170001983643,0.002115474548190832,0.0,164.98318481445312,0.0
1519,30.95661449432373,0.5,0.0,0.0,0.4564606547355652,-0.064995676279068,0.14391514658927917,3.130581855773926,-0.004994924645870924,3.130581855773926,0.004994924645870924,0.0,160.48455810546875,0.0
1520,30.967793941497803,0.5,0.0,0.0,0.4783153831958771,-0.03936690092086792,0.14242157340049744,3.1368002891540527,-0.009121633134782314,3.1368002891540527,0.009121633134782314,0.0,161.46258544921875,0.0
1521,30.995133876800537,0.5,0.0,0.0,0.50201815366745,-0.013519230298697948,0.13208431005477905,-3.1410293579101562,-0.015388970263302326,3.1410293579101562,0.015388970263302326,0.0,164.0885009765625,0.0
1522,31.00649857521057,0.5,0.0,0.0,0.5283163785934448,0.012839030474424362,0.13160979747772217,-3.134967803955078,-0.02294231578707695,3.134967803955078,0.02294231578707695,0.0,161.81361389160156,0.0
1523,31.033989667892456,0.5,0.0,0.0,0.5547414422035217,0.03980523347854614,0.1514909714460373,-3.12967586517334,-0.030656397342681885,3.12967586517334,0.030656397342681885,0.0,148.2312774658203,0.0
1524,31.045135736465454,0.5,0.0,0.0,0.5771129727363586,0.05717657878994942,0.1796283721923828,-3.131150484085083,-0.03671930357813835,3.131150484085083,0.03671930357813835,0.0,107.73371124267578,0.0
1525,31.073534727096558,0.5,0.0,0.0,0.5728035569190979,0.06447377055883408,0.08676241338253021,-3.1399550437927246,-0.036138925701379776,3.1399550437927246,0.036138925701379776,152.81903076171875,81.69783782958984,0.0
1526,31.085205793380737,0.5,0.0,0.0,0.5520312786102295,0.06508740782737732,0.10431580245494843,3.1274566650390625,-0.03276102617383003,3.1274566650390625,0.03276102617383003,210.68115234375,43.5648307800293,0.0
1527,31.11188316345215,0.5,0.0,0.0,0.5195651054382324,0.04077160358428955,0.13734939694404602,3.121596574783325,-0.03378638997673988,3.121596574783325,0.03378638997673988,280.8325500488281,0.0,0.0
1528,31.123643398284912,0.5,0.0,0.0,0.46944892406463623,0.003804231761023402,0.07543473690748215,3.1252925395965576,-0.03018135018646717,3.1252925395965576,0.03018135018646717,299.80914306640625,0.0,0.0
1529,31.150065422058105,0.5,0.0,0.0,0.4300349950790405,-0.029130328446626663,-0.02341715805232525,3.1324644088745117,-0.018878716975450516,3.1324644088745117,0.018878716975450516,289.1764221191406,0.0,0.0
1530,31.161297082901,0.5,0.0,0.0,0.4089924395084381,-0.05273650214076042,-0.11663658171892166,3.136378526687622,-0.0027002005372196436,3.136378526687622,0.0027002005372196436,257.984619140625,0.0,0.0
1531,31.18807625770569,0.5,0.0,0.0,0.40235668420791626,-0.07060471922159195,-0.13398559391498566,3.1324868202209473,0.0134604936465621,3.1324868202209473,0.0134604936465621,225.73500061035156,0.0,0.0
1532,31.199366092681885,0.5,0.0,0.0,0.4036753475666046,-0.08727677911520004,-0.08773279190063477,3.1235694885253906,0.025581685826182365,3.1235694885253906,0.025581685826182365,200.82041931152344,0.0,0.0
1533,31.226545810699463,0.5,0.0,0.0,0.407839834690094,-0.10437922924757004,-0.01806827448308468,3.114292621612549,0.031870074570178986,3.114292621612549,0.031870074570178986,181.2196807861328,0.0,0.0
1534,31.248769521713257,0.5,0.0,0.0,0.41126376390457153,-0.12192291021347046,0.04292060062289238,3.1090524196624756,0.03329360485076904,3.1090524196624756,0.03329360485076904,162.14004516601562,0.0,0.0
1535,31.27841806411743,0.5,0.0,0.0,0.41260358691215515,-0.13870851695537567,0.03647879138588905,3.1073219776153564,0.031309522688388824,3.1073219776153564,0.031309522688388824,156.46829223632812,0.0,0.0
1536,31.289472341537476,0.5,0.0,0.0,0.41241341829299927,-0.1529528647661209,-0.032046202570199966,3.105916976928711,0.028303248807787895,3.105916976928711,0.028303248807787895,144.51788330078125,0.0,0.0
1537,31.315969467163086,0.5,0.0,0.0,0.4118858277797699,-0.16865849494934082,-0.09501039236783981,3.10302472114563,0.026598066091537476,3.10302472114563,0.026598066091537476,153.3651885986328,0.0,0.0
1538,31.327340364456177,0.5,0.0,0.0,0.41198983788490295,-0.18852832913398743,-0.14440137147903442,3.1006815433502197,0.027351468801498413,3.1006815433502197,0.027351468801498413,156.16860961914062,0.0,0.0
1539,31.355509996414185,0.5,0.0,0.0,0.4174080193042755,-0.21137019991874695,-0.1062232032418251,3.1019084453582764,0.03178536891937256,3.1019084453582764,0.03178536891937256,181.35423278808594,0.0,0.0
1540,31.36912965774536,0.5,0.0,0.0,0.4326789677143097,-0.23420841991901398,-0.07820164412260056,3.111013650894165,0.03886765241622925,3.111013650894165,0.03886765241622925,165.23760986328125,280.3996276855469,0.0
1541,31.396648406982422,0.5,0.0,0.0,0.44247791171073914,-0.2360125482082367,-0.10816787928342819,3.1224193572998047,0.039184849709272385,3.1224193572998047,0.039184849709272385,124.28598022460938,169.67596435546875,0.0
1542,31.407795429229736,0.5,0.0,0.0,0.42402368783950806,-0.21407930552959442,-0.07232625037431717,3.132152557373047,0.04328983277082443,3.132152557373047,0.04328983277082443,23.50987434387207,213.06588745117188,0.0
1543,31.43532156944275,0.5,0.0,0.0,0.40509897470474243,-0.1746893972158432,0.024291343986988068,3.1337809562683105,0.05082063004374504,3.1337809562683105,0.05082063004374504,0.0,222.66064453125,0.0
1544,31.446200132369995,0.5,0.0,0.0,0.3994252383708954,-0.14424484968185425,0.040656741708517075,3.1313815116882324,0.05196089670062065,3.1313815116882324,0.05196089670062065,0.0,206.31161499023438,0.0
1545,31.478197813034058,0.5,0.0,0.0,0.3915407061576843,-0.11955416202545166,0.05421491339802742,3.129462480545044,0.046655673533678055,3.129462480545044,0.046655673533678055,0.0,190.5487823486328,0.0
1546,31.495200395584106,0.5,0.0,0.0,0.3825065493583679,-0.09830757975578308,0.08440303802490234,3.12939453125,0.04180404543876648,3.12939453125,0.04180404543876648,0.0,184.52227783203125,0.0
1547,31.52175211906433,0.5,0.0,0.0,0.37607061862945557,-0.07851508259773254,0.08486174046993256,3.1321487426757812,0.038100872188806534,3.1321487426757812,0.038100872188806534,0.0,191.31654357910156,0.0
1548,31.53317403793335,0.5,0.0,0.0,0.37049028277397156,-0.0560990646481514,0.07161848992109299,3.135434150695801,0.03469059243798256,3.135434150695801,0.03469059243798256,0.0,200.294921875,0.0
1549,31.561800718307495,0.5,0.0,0.0,0.366870254278183,-0.031352076679468155,0.06119849905371666,3.1372737884521484,0.03089636005461216,3.1372737884521484,0.03089636005461216,0.0,205.14654541015625,32.079593658447266
1550,31.572842359542847,0.5,0.0,0.0,0.4177360236644745,0.006253788247704506,0.04393603652715683,3.133620023727417,0.021740872412919998,3.133620023727417,0.021740872412919998,0.0,199.473388671875,32.079593658447266
1551,31.601815700531006,0.5,0.0,0.0,0.46559515595436096,0.04144606366753578,0.06048989295959473,3.1251022815704346,0.007916942238807678,3.1251022815704346,0.007916942238807678,0.0,193.38255310058594,32.079593658447266
1552,31.61466908454895,0.5,0.0,0.0,0.5139472484588623,0.07433193176984787,0.11414708942174911,3.1148390769958496,-0.006660399027168751,3.1148390769958496,0.006660399027168751,0.0,178.64547729492188,32.079593658447266
1553,31.642969846725464,0.5,0.0,0.0,0.5652268528938293,0.10582612454891205,0.2675108015537262,3.1055290699005127,-0.02036130242049694,3.1055290699005127,0.02036130242049694,0.0,145.34400939941406,32.079593658447266
1554,31.657516717910767,0.5,0.0,0.0,0.6168601512908936,0.12876732647418976,0.4724142253398895,3.0990982055664062,-0.030238941311836243,3.0990982055664062,0.030238941311836243,0.0,116.74325561523438,32.079593658447266
1555,31.68846082687378,0.5,0.0,0.0,0.6260923147201538,0.1578570306301117,0.4531993865966797,3.0960426330566406,-0.03288382664322853,3.0960426330566406,0.03288382664322853,409.36285400390625,116.07953643798828,32.079593658447266
1556,31.701655387878418,0.5,0.0,0.0,0.6707074046134949,0.1441136747598648,0.5264723300933838,3.09270977973938,-0.037813179194927216,3.09270977973938,0.037813179194927216,202.94512939453125,83.17496490478516,32.079593658447266
1557,31.72789239883423,0.5,0.0,0.0,0.6898267865180969,0.10763513296842575,0.3338991105556488,3.0929677486419678,-0.043459031730890274,3.0929677486419678,0.043459031730890274,273.6397705078125,5.373108863830566,32.079593658447266
1558,31.739049196243286,0.5,0.0,0.0,0.6951549649238586,0.05789317190647125,-0.013187753967940807,3.090834856033325,-0.03945619612932205,3.090834856033325,0.03945619612932205,301.80963134765625,0.0,32.079593658447266
1559,31.76916265487671,0.5,0.0,0.0,0.7158865332603455,0.009413355030119419,-0.24000634253025055,3.0861806869506836,-0.026156025007367134,3.0861806869506836,0.026156025007367134,295.9745788574219,0.0,38.57957077026367
1560,31.78107976913452,0.5,0.0,0.0,0.7586014866828918,-0.07265019416809082,-0.3261427581310272,3.086735486984253,-0.010299744084477425,3.086735486984253,0.010299744084477425,270.9476013183594,0.0,38.57957077026367
1561,31.808389902114868,0.5,0.0,0.0,0.8182331323623657,-0.14237801730632782,-0.3508189916610718,3.097320795059204,0.0008377820486202836,3.097320795059204,0.0008377820486202836,224.92263793945312,0.0,38.57957077026367
1562,31.819687128067017,0.5,0.0,0.0,0.8812269568443298,-0.19221684336662292,-0.4188254773616791,3.1129860877990723,0.0040594362653791904,3.1129860877990723,0.0040594362653791904,177.94482421875,0.0,38.57957077026367
1563,31.847212076187134,0.5,0.0,0.0,0.9393337368965149,-0.22155112028121948,-0.5341869592666626,3.12450909614563,0.0009052517707459629,3.12450909614563,0.0009052517707459629,135.51092529296875,0.0,38.57957077026367
1564,31.858996868133545,0.5,0.0,0.0,0.9940113425254822,-0.23848101496696472,-0.689697265625,3.126115083694458,-0.004014709498733282,3.126115083694458,0.004014709498733282,108.05110931396484,0.0,38.57957077026367
1565,31.885757446289062,0.5,0.0,0.0,1.0480537414550781,-0.25402697920799255,-0.8907168507575989,3.120894432067871,-0.00908051896840334,3.120894432067871,0.00908051896840334,78.90026092529297,0.0,38.57957077026367
1566,31.897093296051025,0.5,0.0,0.0,1.0966650247573853,-0.26744598150253296,-1.093231201171875,3.114697217941284,-0.015339364297688007,3.114697217941284,0.015339364297688007,51.87053680419922,0.0,38.57957077026367
1567,31.923675537109375,0.5,0.0,0.0,1.1474720239639282,-0.2747170329093933,-1.1507947444915771,3.1113691329956055,-0.017946770414710045,3.1113691329956055,0.017946770414710045,61.35615158081055,0.0,38.57957077026367
1568,31.934670209884644,0.5,0.0,0.0,1.202140212059021,-0.275561660528183,-0.7163125276565552,3.113621711730957,-0.013301714323461056,3.113621711730957,0.013301714323461056,65.71814727783203,207.69309997558594,38.57957077026367
1569,31.961687088012695,0.5,0.0,0.0,1.223730444908142,-0.2577682435512543,-0.4621638357639313,3.117952823638916,-0.012069504708051682,3.117952823638916,0.012069504708051682,19.76377296447754,212.938720703125,52.10818862915039
1570,31.973227977752686,0.5,0.0,0.0,1.1360762119293213,-0.1517747938632965,0.13341973721981049,3.1207897663116455,-0.007705604657530785,3.1207897663116455,0.007705604657530785,0.0,288.5823974609375,52.10818862915039
1571,31.99978733062744,0.5,0.0,0.0,1.0629135370254517,-0.0718202143907547,0.38558995723724365,3.1226511001586914,0.010100794024765491,3.1226511001586914,0.010100794024765491,0.0,326.94744873046875,52.10818862915039
1572,32.01098942756653,0.5,0.0,0.0,1.0153841972351074,-0.001965146977454424,0.2680196166038513,3.1200826168060303,0.03204796090722084,3.1200826168060303,0.03204796090722084,0.0,340.0617980957031,52.10818862915039
1573,32.03845286369324,0.5,0.0,0.0,0.9858406782150269,0.07566201686859131,0.05852242559194565,3.1085221767425537,0.04836462065577507,3.1085221767425537,0.04836462065577507,0.0,319.5036315917969,52.10818862915039
1574,32.04967999458313,0.5,0.0,0.0,0.9679696559906006,0.15876074135303497,-0.027743980288505554,3.0903027057647705,0.05493173003196716,3.0903027057647705,0.05493173003196716,0.0,279.42724609375,52.10818862915039
1575,32.077104568481445,0.5,0.0,0.0,0.9507224559783936,0.24402780830860138,0.11418121308088303,3.0734457969665527,0.05290692299604416,3.0734457969665527,0.05290692299604416,0.0,239.3124542236328,52.10818862915039
1576,32.08925414085388,0.5,0.0,0.0,0.9421901106834412,0.32546067237854004,0.44031357765197754,3.0634303092956543,0.04907063767313957,3.0634303092956543,0.04907063767313957,0.0,206.37515258789062,52.10818862915039
1577,32.116846323013306,0.5,0.0,0.0,0.9549832940101624,0.3923279643058777,0.7976680994033813,3.0623679161071777,0.04547916352748871,3.0623679161071777,0.04547916352748871,0.0,173.5430450439453,52.10818862915039
1578,32.12797570228577,0.5,0.0,0.0,0.9763161540031433,0.45462626218795776,1.1801860332489014,3.070307493209839,0.038675982505083084,3.070307493209839,0.038675982505083084,0.0,146.038330078125,52.10818862915039
1579,32.15766525268555,0.5,0.0,0.0,0.9923873543739319,0.5186910033226013,1.5569742918014526,3.0825486183166504,0.028419962152838707,3.0825486183166504,0.028419962152838707,0.0,123.24081420898438,50.791141510009766
1580,32.168851375579834,0.5,0.0,0.0,0.9494329690933228,0.4748547375202179,1.5385925769805908,3.09395694732666,0.018575679510831833,3.09395694732666,0.018575679510831833,0.0,109.30322265625,50.791141510009766
1581,32.195590019226074,0.5,0.0,0.0,0.9047180414199829,0.4201503098011017,1.197452187538147,3.104365348815918,0.014604585245251656,3.104365348815918,0.014604585245251656,0.0,105.30236053466797,50.791141510009766
1582,32.207515001297,0.5,0.0,0.0,0.861483633518219,0.3693670928478241,0.5683940649032593,3.1174161434173584,0.020386723801493645,3.1174161434173584,0.020386723801493645,0.0,112.59774780273438,50.791141510009766
1583,32.233696937561035,0.5,0.0,0.0,0.8144675493240356,0.32438451051712036,-0.09784950315952301,3.131913423538208,0.03649554401636124,3.131913423538208,0.03649554401636124,0.0,103.59689331054688,50.791141510009766
1584,32.24481821060181,0.5,0.0,0.0,0.7246654033660889,0.2888030707836151,-0.28798723220825195,-3.1404857635498047,0.054555319249629974,3.1404857635498047,0.054555319249629974,155.42742919921875,60.943485260009766,50.791141510009766
1585,32.27080225944519,0.5,0.0,0.0,0.6090694665908813,0.19497869908809662,0.15979014337062836,-3.1239778995513916,0.060485631227493286,3.1239778995513916,0.060485631227493286,234.48968505859375,27.84953498840332,50.791141510009766
1586,32.28236198425293,0.5,0.0,0.0,0.4850192070007324,0.08002393692731857,0.21383433043956757,-3.102961301803589,0.07022533565759659,3.102961301803589,0.07022533565759659,220.69168090820312,4.284434795379639,50.791141510009766
1587,32.30923318862915,0.5,0.0,0.0,0.36874905228614807,-0.03461666777729988,-0.11314047127962112,-3.083364486694336,0.08545809984207153,3.083364486694336,0.08545809984207153,200.30738830566406,0.0,50.791141510009766
1588,32.320539712905884,0.5,0.0,0.0,0.2670261263847351,-0.13829177618026733,-0.3967936336994171,-3.0696589946746826,0.09884949773550034,3.0696589946746826,0.09884949773550034,192.30563354492188,0.0,50.791141510009766
1589,32.347326040267944,0.5,0.0,0.0,0.17142532765865326,-0.23746921122074127,-0.4986936151981354,-3.0601284503936768,0.10693821310997009,3.0601284503936768,0.10693821310997009,203.28631591796875,0.0,17.53973388671875
1590,32.3587064743042,0.5,0.0,0.0,0.08854326605796814,-0.30999064445495605,-0.4547079801559448,-3.0535435676574707,0.11584077775478363,3.0535435676574707,0.11584077775478363,213.30596923828125,0.0,17.53973388671875
1591,32.3850622177124,0.5,0.0,0.0,0.013920648023486137,-0.38430556654930115,-0.40684860944747925,-3.0504300594329834,0.1263008713722229,3.0504300594329834,0.1263008713722229,203.88717651367188,0.0,17.53973388671875
1592,32.39671015739441,0.5,0.0,0.0,-0.05203235149383545,-0.45870333909988403,-0.3790574073791504,-3.050153970718384,0.13408270478248596,3.050153970718384,0.13408270478248596,181.28997802734375,0.0,17.53973388671875
1593,32.426193952560425,0.5,0.0,0.0,-0.10977153480052948,-0.5288023948669434,-0.26861491799354553,-3.051896572113037,0.1358964890241623,3.051896572113037,0.1358964890241623,145.32040405273438,0.0,17.53973388671875
1594,32.44039297103882,0.5,0.0,0.0,-0.16252486407756805,-0.5875628590583801,-0.10370030254125595,-3.055262804031372,0.1350291669368744,3.055262804031372,0.1350291669368744,97.95674133300781,0.0,17.53973388671875
1595,32.46713948249817,0.5,0.0,0.0,-0.20762979984283447,-0.6359215378761292,-0.08122537285089493,-3.055626153945923,0.1347944736480713,3.055626153945923,0.1347944736480713,57.08549499511719,141.7298583984375,17.53973388671875
1596,32.47820568084717,0.5,0.0,0.0,-0.18320232629776,-0.596642017364502,-0.22565367817878723,-3.0497446060180664,0.13138443231582642,3.0497446060180664,0.13138443231582642,31.45018196105957,297.4364013671875,17.53973388671875
1597,32.505770206451416,0.5,0.0,0.0,-0.1251673549413681,-0.5067731738090515,-0.12005314230918884,-3.044869899749756,0.12167646735906601,3.044869899749756,0.12167646735906601,26.941362380981445,359.5461730957031,17.53973388671875
1598,32.517232179641724,0.5,0.0,0.0,-0.07006380707025528,-0.4020872414112091,0.14575190842151642,-3.0548293590545654,0.11071702092885971,3.0548293590545654,0.11071702092885971,12.5608549118042,359.83184814453125,17.53973388671875
1599,32.544904947280884,0.5,0.0,0.0,-0.03132998198270798,-0.3144042193889618,0.25235164165496826,-3.080352783203125,0.10427026450634003,3.080352783203125,0.10427026450634003,0.0,317.96380615234375,0.0
1600,32.55598521232605,0.5,0.0,0.0,0.01616828888654709,-0.24700412154197693,0.1252160370349884,-3.1119279861450195,0.09826548397541046,3.1119279861450195,0.09826548397541046,0.0,251.1260223388672,0.0
1601,32.58829212188721,0.5,0.0,0.0,0.03973344340920448,-0.21620453894138336,-0.06656074523925781,-3.140399217605591,0.09280285239219666,3.140399217605591,0.09280285239219666,0.0,174.39944458007812,0.0
1602,32.60062861442566,0.5,0.0,0.0,0.04730844497680664,-0.20196834206581116,-0.24212460219860077,3.1219077110290527,0.09090959280729294,3.1219077110290527,0.09090959280729294,0.0,137.16647338867188,0.0
1603,32.631632804870605,0.5,0.0,0.0,0.053682975471019745,-0.19096995890140533,-0.35251572728157043,3.1076865196228027,0.0947047770023346,3.1076865196228027,0.0947047770023346,0.0,132.5837860107422,0.0
1604,32.64560556411743,0.5,0.0,0.0,0.06620923429727554,-0.17607660591602325,-0.41737136244773865,3.099485158920288,0.10201896727085114,3.099485158920288,0.10201896727085114,0.0,142.7161407470703,0.0
1605,32.67338418960571,0.5,0.0,0.0,0.08611854165792465,-0.15453612804412842,-0.4524244964122772,3.096235990524292,0.1090741753578186,3.096235990524292,0.1090741753578186,0.0,160.52001953125,0.0
1606,32.68835425376892,0.5,0.0,0.0,0.11343350261449814,-0.12534482777118683,-0.4385426640510559,3.0942533016204834,0.11313067376613617,3.0942533016204834,0.11313067376613617,0.0,177.67816162109375,0.0
1607,32.71679759025574,0.5,0.0,0.0,0.1458735316991806,-0.09084205329418182,-0.37123602628707886,3.0901594161987305,0.1138291284441948,3.0901594161987305,0.1138291284441948,0.0,200.1626739501953,0.0
1608,32.7279109954834,0.5,0.0,0.0,0.18139560520648956,-0.057788193225860596,-0.2786889374256134,3.0830674171447754,0.11206599324941635,3.0830674171447754,0.11206599324941635,0.0,198.36888122558594,0.0
1609,32.75583744049072,0.5,0.0,0.0,0.21138878166675568,-0.026984093710780144,-0.2486475557088852,3.075244426727295,0.10933636128902435,3.075244426727295,0.10933636128902435,0.0,196.36111450195312,0.0
1610,32.76740837097168,0.5,0.0,0.0,0.23900780081748962,0.002624083310365677,-0.2880564332008362,3.0664150714874268,0.107527956366539,3.0664150714874268,0.107527956366539,0.0,188.66900634765625,0.0
1611,32.79520797729492,0.5,0.0,0.0,0.270018070936203,0.033377911895513535,-0.3100384473800659,3.0570545196533203,0.10469873994588852,3.0570545196533203,0.10469873994588852,0.0,187.21910095214844,0.0
1612,32.80651497840881,0.5,0.0,0.0,0.30580443143844604,0.06297183781862259,-0.26451972126960754,3.047683000564575,0.09922638535499573,3.047683000564575,0.09922638535499573,0.0,176.77684020996094,0.0
1613,32.8336923122406,0.5,0.0,0.0,0.33944615721702576,0.08544859290122986,-0.2084406614303589,3.0417442321777344,0.09143263101577759,3.0417442321777344,0.09143263101577759,0.0,158.80577087402344,0.0
1614,32.84470081329346,0.5,0.0,0.0,0.36262860894203186,0.10330915451049805,-0.19686183333396912,3.0410029888153076,0.08639458566904068,3.0410029888153076,0.08639458566904068,0.0,132.8561553955078,0.0
1615,32.872556924819946,0.5,0.0,0.0,0.3613375723361969,0.12022199481725693,0.1237512156367302,3.041779041290283,0.08402461558580399,3.041779041290283,0.08402461558580399,81.19935607910156,82.35758209228516,0.0
1616,32.88428711891174,0.5,0.0,0.0,0.3702164590358734,0.09812241047620773,0.20935668051242828,3.051328659057617,0.07738359272480011,3.051328659057617,0.07738359272480011,167.58114624023438,27.526649475097656,0.0
1617,32.91234636306763,0.5,0.0,0.0,0.36352238059043884,0.06985092163085938,0.149607315659523,3.063387155532837,0.07332369685173035,3.063387155532837,0.07332369685173035,169.2937774658203,0.0,0.0
1618,32.92355275154114,0.5,0.0,0.0,0.3601422905921936,0.042779747396707535,0.052795182913541794,3.0728745460510254,0.06768283993005753,3.0728745460510254,0.06768283993005753,174.22882080078125,0.0,0.0
1619,32.9505295753479,0.5,0.0,0.0,0.3626313805580139,0.01489228755235672,0.0005497010424733162,3.0778098106384277,0.05970016494393349,3.0778098106384277,0.05970016494393349,192.32107543945312,0.0,0.0
1620,32.96164298057556,0.5,0.0,0.0,0.3683663308620453,-0.018920347094535828,-0.01496032066643238,3.0803651809692383,0.052253108471632004,3.0803651809692383,0.052253108471632004,209.5634002685547,0.0,0.0
1621,32.98771595954895,0.5,0.0,0.0,0.3761935830116272,-0.06050156429409981,-0.07474254071712494,3.0834453105926514,0.047133926302194595,3.0834453105926514,0.047133926302194595,229.8966827392578,0.0,0.0
1622,32.99923634529114,0.5,0.0,0.0,0.3900245428085327,-0.10421812534332275,-0.12988902628421783,3.086862325668335,0.045137204229831696,3.086862325668335,0.045137204229831696,250.48599243164062,0.0,0.0
1623,33.02661943435669,0.5,0.0,0.0,0.41374149918556213,-0.14710724353790283,-0.11676938086748123,3.0885095596313477,0.04330627620220184,3.0885095596313477,0.04330627620220184,253.1553955078125,0.0,0.0
1624,33.03770852088928,0.5,0.0,0.0,0.4413672685623169,-0.18915866315364838,-0.13318976759910583,3.087756872177124,0.040066663175821304,3.087756872177124,0.040066663175821304,235.0455780029297,0.0,0.0
1625,33.063880920410156,0.5,0.0,0.0,0.4675452411174774,-0.22687199711799622,-0.23580554127693176,3.0848402976989746,0.03470679745078087,3.0848402976989746,0.03470679745078087,197.51681518554688,0.0,0.0
1626,33.075051069259644,0.5,0.0,0.0,0.4873552620410919,-0.2558825612068176,-0.27290013432502747,3.0814366340637207,0.027413727715611458,3.0814366340637207,0.027413727715611458,160.45880126953125,0.0,0.0
1627,33.102561473846436,0.5,0.0,0.0,0.5022757053375244,-0.278212308883667,-0.09973718225955963,3.080993890762329,0.022891616448760033,3.080993890762329,0.022891616448760033,140.65159606933594,0.0,0.0
1628,33.11395573616028,0.5,0.0,0.0,0.5138009786605835,-0.3027138411998749,0.036512985825538635,3.0877492427825928,0.024887194857001305,3.0877492427825928,0.024887194857001305,126.42536163330078,119.11512756347656,0.0
1629,33.141459226608276,0.5,0.0,0.0,0.5191632509231567,-0.2988741993904114,-0.11623255163431168,3.097339153289795,0.024287020787596703,3.097339153289795,0.024287020787596703,76.78963470458984,166.06065368652344,0.0
1630,33.15414619445801,0.5,0.0,0.0,0.5068500638008118,-0.264767587184906,-0.18915550410747528,3.104227066040039,0.02628437802195549,3.104227066040039,0.02628437802195549,0.0,197.35125732421875,0.0
1631,33.180861949920654,0.5,0.0,0.0,0.4908318817615509,-0.21025007963180542,-0.09656687825918198,3.104058265686035,0.029734237119555473,3.104058265686035,0.029734237119555473,0.0,205.30767822265625,0.0
1632,33.19187068939209,0.5,0.0,0.0,0.4886447489261627,-0.16504129767417908,-0.039176005870103836,3.100266218185425,0.02921529859304428,3.100266218185425,0.02921529859304428,0.0,207.04917907714844,0.0
1633,33.21839880943298,0.5,0.0,0.0,0.49333086609840393,-0.12563244998455048,-0.03224010765552521,3.0970749855041504,0.024008745327591896,3.0970749855041504,0.024008745327591896,0.0,197.31491088867188,0.0
1634,33.23615884780884,0.5,0.0,0.0,0.49620285630226135,-0.08588280528783798,-0.01843135990202427,3.0954387187957764,0.016221340745687485,3.0954387187957764,0.016221340745687485,0.0,200.3692169189453,0.0
1635,33.263832807540894,0.5,0.0,0.0,0.49750763177871704,-0.04437623172998428,0.0430612713098526,3.0961687564849854,0.007970819249749184,3.0961687564849854,0.007970819249749184,0.0,204.36473083496094,0.0
1636,33.27574419975281,0.5,0.0,0.0,0.5019780397415161,-0.0016760587459430099,0.1614374816417694,3.0995774269104004,0.0012440024875104427,3.0995774269104004,0.0012440024875104427,0.0,208.52767944335938,0.0
1637,33.3067741394043,0.5,0.0,0.0,0.5099684596061707,0.03841745853424072,0.26471588015556335,3.104933023452759,-0.004951725248247385,3.104933023452759,0.004951725248247385,0.0,204.9517364501953,0.0
1638,33.318487882614136,0.5,0.0,0.0,0.5163460969924927,0.07549654692411423,0.32776638865470886,3.111856460571289,-0.011380059644579887,3.111856460571289,0.011380059644579887,0.0,196.02069091796875,0.0
1639,33.345885276794434,0.5,0.0,0.0,0.5237593054771423,0.1121782436966896,0.3668045699596405,3.119842052459717,-0.015478283166885376,3.119842052459717,0.015478283166885376,0.0,186.86233520507812,0.0
1640,33.35736846923828,0.5,0.0,0.0,0.5335938334465027,0.14773111045360565,0.3533073663711548,3.127377986907959,-0.0172464270144701,3.127377986907959,0.0172464270144701,0.0,167.01283264160156,0.0
1641,33.38419508934021,0.5,0.0,0.0,0.5438559055328369,0.17797544598579407,0.27702590823173523,3.130671739578247,-0.01688222400844097,3.130671739578247,0.01688222400844097,0.0,152.06459045410156,0.0
1642,33.395979166030884,0.5,0.0,0.0,0.5372018218040466,0.20715433359146118,0.025481250137090683,3.1321449279785156,-0.011362873017787933,3.1321449279785156,0.011362873017787933,179.4274139404297,130.7288360595703,0.0
1643,33.42400288581848,0.5,0.0,0.0,0.5314004421234131,0.21109630167484283,0.1128348708152771,3.128858804702759,-0.009198751300573349,3.128858804702759,0.009198751300573349,176.9993133544922,100.20838928222656,0.0
1644,33.43548226356506,0.5,0.0,0.0,0.5067434906959534,0.18650378286838531,0.24566471576690674,3.130657911300659,-0.010628958232700825,3.130657911300659,0.010628958232700825,232.4746856689453,52.51179885864258,0.0
1645,33.4637815952301,0.5,0.0,0.0,0.46368125081062317,0.1406741887331009,0.2372288554906845,3.135533332824707,-0.003961903974413872,3.135533332824707,0.003961903974413872,250.36175537109375,0.0,0.0
1646,33.476792335510254,0.5,0.0,0.0,0.4229108691215515,0.08754338324069977,0.04282290115952492,3.1382644176483154,0.011809712275862694,3.1382644176483154,0.011809712275862694,234.45111083984375,0.0,0.0
1647,33.505289793014526,0.5,0.0,0.0,0.40169525146484375,0.046856094151735306,-0.13368543982505798,3.1344518661499023,0.028711050748825073,3.1344518661499023,0.028711050748825073,207.43896484375,0.0,0.0
1648,33.52140522003174,0.5,0.0,0.0,0.39050111174583435,0.013235486112535,-0.11370909214019775,3.126213788986206,0.04156719520688057,3.126213788986206,0.04156719520688057,195.79562377929688,0.0,0.0
1649,33.55099034309387,0.5,0.0,0.0,0.38510504364967346,-0.019458845257759094,0.05928977206349373,3.11979603767395,0.04910815879702568,3.11979603767395,0.04910815879702568,189.56546020507812,0.0,0.0
1650,33.56232833862305,0.5,0.0,0.0,0.3798045516014099,-0.050783365964889526,0.20849958062171936,3.11942458152771,0.0507543571293354,3.11942458152771,0.0507543571293354,183.99429321289062,0.0,0.0
1651,33.58922338485718,0.5,0.0,0.0,0.3721981346607208,-0.08011054992675781,0.19452983140945435,3.1210062503814697,0.05007729306817055,3.1210062503814697,0.05007729306817055,171.1585235595703,0.0,0.0
1652,33.60096549987793,0.5,0.0,0.0,0.3633541762828827,-0.11050306260585785,0.02326267585158348,3.120518207550049,0.049332596361637115,3.120518207550049,0.049332596361637115,176.5254669189453,0.0,0.0
1653,33.62780165672302,0.5,0.0,0.0,0.35590001940727234,-0.1406528800725937,-0.13617607951164246,3.1167056560516357,0.04961446300148964,3.1167056560516357,0.04961446300148964,174.72816467285156,0.0,0.0
1654,33.63948583602905,0.5,0.0,0.0,0.349932998418808,-0.16976813971996307,-0.13809362053871155,3.110814094543457,0.051151763647794724,3.110814094543457,0.051151763647794724,174.5032501220703,0.0,0.0
1655,33.666971921920776,0.5,0.0,0.0,0.3477259874343872,-0.1999487578868866,0.03101613000035286,3.106062650680542,0.05540628358721733,3.106062650680542,0.05540628358721733,175.07748413085938,0.0,0.0
1656,33.67806124687195,0.5,0.0,0.0,0.35189786553382874,-0.2306210845708847,0.23887573182582855,3.105450391769409,0.06172078102827072,3.105450391769409,0.06172078102827072,161.754150390625,0.0,0.0
1657,33.704209089279175,0.5,0.0,0.0,0.3607255220413208,-0.25613242387771606,0.20458106696605682,3.1101040840148926,0.06493159383535385,3.1101040840148926,0.06493159383535385,117.8094253540039,100.96075439453125,0.0
1658,33.71550226211548,0.5,0.0,0.0,0.3686387240886688,-0.2683064043521881,-0.019038677215576172,3.1176297664642334,0.059394463896751404,3.1176297664642334,0.059394463896751404,118.1812515258789,161.81393432617188,0.0
1659,33.743330240249634,0.5,0.0,0.0,0.3664720356464386,-0.2669670581817627,-0.21254269778728485,3.1304590702056885,0.054539311677217484,3.1304590702056885,0.054539311677217484,87.96459197998047,196.91160583496094,0.0
1660,33.75497388839722,0.5,0.0,0.0,0.363677054643631,-0.23507197201251984,-0.2712670862674713,-3.1403653621673584,0.05609329044818878,3.1403653621673584,0.05609329044818878,0.0,224.43368530273438,0.0
1661,33.78199601173401,0.5,0.0,0.0,0.3630194664001465,-0.17914187908172607,-0.19102194905281067,-3.138035774230957,0.057716019451618195,3.138035774230957,0.057716019451618195,0.0,225.2718963623047,0.0
1662,33.792964220047,0.5,0.0,0.0,0.37200605869293213,-0.13810226321220398,-0.16127684712409973,3.1373724937438965,0.05403700843453407,3.1373724937438965,0.05403700843453407,0.0,205.21292114257812,0.0
1663,33.82650351524353,0.5,0.0,0.0,0.3827451169490814,-0.11032529920339584,-0.1838807314634323,3.1284472942352295,0.04561995342373848,3.1284472942352295,0.04561995342373848,0.0,189.5791015625,0.0
1664,33.83861517906189,0.5,0.0,0.0,0.3911845088005066,-0.08442504703998566,-0.14993736147880554,3.12275767326355,0.035314805805683136,3.12275767326355,0.035314805805683136,0.0,171.3308563232422,0.0
1665,33.866700887680054,0.5,0.0,0.0,0.396091490983963,-0.059157852083444595,-0.0787382498383522,3.12162446975708,0.026593435555696487,3.12162446975708,0.026593435555696487,0.0,169.28936767578125,0.0
1666,33.87984800338745,0.5,0.0,0.0,0.4007737636566162,-0.0343606136739254,-0.042013201862573624,3.1259679794311523,0.020274151116609573,3.1259679794311523,0.020274151116609573,0.0,175.0615997314453,0.0
1667,33.90881967544556,0.5,0.0,0.0,0.4091337323188782,-0.007086379919201136,-0.035921934992074966,3.1334035396575928,0.016175398603081703,3.1334035396575928,0.016175398603081703,0.0,188.35308837890625,0.0
1668,33.921581506729126,0.5,0.0,0.0,0.4219370186328888,0.023679077625274658,-0.03487304970622063,3.140772819519043,0.01306917890906334,3.140772819519043,0.01306917890906334,0.0,194.3720245361328,0.0
1669,33.94902586936951,0.5,0.0,0.0,0.44158706068992615,0.05596369504928589,-0.02842901647090912,-3.1373109817504883,0.01048691663891077,3.1373109817504883,0.01048691663891077,0.0,198.6876220703125,0.0
1670,33.95998477935791,0.5,0.0,0.0,0.46798989176750183,0.09070224314928055,0.028709447011351585,-3.1337296962738037,0.006712608505040407,3.1337296962738037,0.006712608505040407,0.0,202.15086364746094,0.0
1671,33.986642360687256,0.5,0.0,0.0,0.49299347400665283,0.1272030621767044,0.1233893558382988,-3.1301724910736084,0.0033469044137746096,3.1301724910736084,0.0033469044137746096,0.0,189.41473388671875,0.0
1672,33.99846148490906,0.5,0.0,0.0,0.5116682052612305,0.16116295754909515,0.1501433551311493,-3.1316089630126953,0.0046326229348778725,3.1316089630126953,0.0046326229348778725,0.0,173.55267333984375,0.0
1673,34.02629280090332,0.5,0.0,0.0,0.4880506694316864,0.1991761475801468,0.23035000264644623,3.1406781673431396,0.012132038362324238,3.1406781673431396,0.012132038362324238,453.61627197265625,126.02873992919922,0.0
1674,34.03735947608948,0.5,0.0,0.0,0.5121406316757202,0.1784154325723648,0.16404491662979126,3.1274828910827637,0.012678725644946098,3.1274828910827637,0.012678725644946098,196.66990661621094,57.964569091796875,0.0
1675,34.06519961357117,0.5,0.0,0.0,0.4882151782512665,0.14507310092449188,0.05478459596633911,3.1226212978363037,0.011674520559608936,3.1226212978363037,0.011674520559608936,231.1147918701172,0.0,0.0
1676,34.07733678817749,0.5,0.0,0.0,0.45876291394233704,0.10902968049049377,-0.04350241273641586,3.1210012435913086,0.015645837411284447,3.1210012435913086,0.015645837411284447,223.92901611328125,0.0,0.0
1677,34.10646677017212,0.5,0.0,0.0,0.4399925172328949,0.07738357037305832,-0.0655040517449379,3.121439218521118,0.023277390748262405,3.121439218521118,0.023277390748262405,214.01092529296875,0.0,0.0
1678,34.11809778213501,0.5,0.0,0.0,0.4305742681026459,0.0503152459859848,-0.05894836038351059,3.1223485469818115,0.031539659947156906,3.1223485469818115,0.031539659947156906,202.02627563476562,0.0,0.0
1679,34.149136781692505,0.5,0.0,0.0,0.42855653166770935,0.02712509222328663,-0.046387724578380585,3.123110771179199,0.03902510553598404,3.123110771179199,0.03902510553598404,201.0975341796875,0.0,0.0
1680,34.16198539733887,0.5,0.0,0.0,0.42995724081993103,0.005673196632415056,-0.016726050525903702,3.1236414909362793,0.04394850507378578,3.1236414909362793,0.04394850507378578,197.72377014160156,0.0,0.0
1681,34.188857555389404,0.5,0.0,0.0,0.43310117721557617,-0.014683843590319157,-0.016635054722428322,3.123065948486328,0.04639933630824089,3.123065948486328,0.04639933630824089,192.1981201171875,0.0,0.0
1682,34.20053505897522,0.5,0.0,0.0,0.43748682737350464,-0.03428497165441513,-0.03399217128753662,3.12115478515625,0.04756886512041092,3.12115478515625,0.04756886512041092,189.35064697265625,0.0,0.0
1683,34.228559255599976,0.5,0.0,0.0,0.44374576210975647,-0.05240704119205475,-0.04819101840257645,3.117777109146118,0.04742481932044029,3.117777109146118,0.04742481932044029,179.87078857421875,0.0,0.0
1684,34.24396562576294,0.5,0.0,0.0,0.4500037729740143,-0.06831640005111694,-0.05763574689626694,3.112292528152466,0.046796198934316635,3.112292528152466,0.046796198934316635,166.54981994628906,0.0,0.0
1685,34.27541780471802,0.5,0.0,0.0,0.45844030380249023,-0.08684755116701126,-0.0072716111317276955,3.105710506439209,0.04709964245557785,3.105710506439209,0.04709964245557785,173.06686401367188,0.0,0.0
1686,34.286438941955566,0.5,0.0,0.0,0.4730428159236908,-0.1130990982055664,0.02640504390001297,3.1028740406036377,0.0477217435836792,3.1028740406036377,0.0477217435836792,176.29605102539062,0.0,0.0
1687,34.31466722488403,0.5,0.0,0.0,0.49038949608802795,-0.1442161202430725,0.005457358900457621,3.1076273918151855,0.0482688806951046,3.1076273918151855,0.0482688806951046,183.47293090820312,0.0,0.0
1688,34.326825857162476,0.5,0.0,0.0,0.5131421685218811,-0.1668069064617157,-0.21730586886405945,3.121420383453369,0.048241764307022095,3.121420383453369,0.048241764307022095,147.26040649414062,99.33931732177734,0.0
1689,34.35482883453369,0.5,0.0,0.0,0.5096275806427002,-0.15906080603599548,-0.27521681785583496,3.1344106197357178,0.044253554195165634,3.1344106197357178,0.044253554195165634,45.985023498535156,166.6001434326172,30.10140037536621
1690,34.366119384765625,0.5,0.0,0.0,0.5023232102394104,-0.16711954772472382,-0.17788702249526978,-3.141268253326416,0.043525002896785736,3.141268253326416,0.043525002896785736,0.0,201.27310180664062,30.10140037536621
1691,34.3942608833313,0.5,0.0,0.0,0.5066014528274536,-0.1751912534236908,-0.07770554721355438,-3.137350559234619,0.03999987617135048,3.137350559234619,0.03999987617135048,0.0,207.52479553222656,30.10140037536621
1692,34.405590772628784,0.5,0.0,0.0,0.5203261375427246,-0.19357632100582123,-0.037645574659109116,-3.133216142654419,0.033628009259700775,3.133216142654419,0.033628009259700775,0.0,211.16363525390625,30.10140037536621
1693,34.432636737823486,0.5,0.0,0.0,0.5356477499008179,-0.21764861047267914,-0.06238270923495293,-3.1264166831970215,0.026775751262903214,3.1264166831970215,0.026775751262903214,0.0,226.73712158203125,30.10140037536621
1694,34.443490982055664,0.5,0.0,0.0,0.5512117743492126,-0.23943527042865753,-0.12733903527259827,-3.118819236755371,0.018977224826812744,3.118819236755371,0.018977224826812744,0.0,236.68284606933594,30.10140037536621
1695,34.470882177352905,0.5,0.0,0.0,0.5700902938842773,-0.25764399766921997,-0.17347460985183716,-3.1139559745788574,0.01046004705131054,3.1139559745788574,0.01046004705131054,0.0,237.975341796875,30.10140037536621
1696,34.48382639884949,0.5,0.0,0.0,0.5905979871749878,-0.276291161775589,-0.16751907765865326,-3.1130800247192383,0.0019387886859476566,3.1130800247192383,0.0019387886859476566,0.0,231.48681640625,30.10140037536621
1697,34.51166033744812,0.5,0.0,0.0,0.6109567284584045,-0.29770419001579285,-0.1145058423280716,-3.111875295639038,-0.005092654377222061,3.111875295639038,0.005092654377222061,0.0,220.46908569335938,30.10140037536621
1698,34.52300715446472,0.5,0.0,0.0,0.629153311252594,-0.3190211355686188,-0.07742939889431,-3.107651472091675,-0.00907756108790636,3.107651472091675,0.00907756108790636,0.0,217.90809631347656,30.10140037536621
1699,34.55044150352478,0.5,0.0,0.0,0.6467005014419556,-0.33709028363227844,-0.10036472976207733,-3.101799964904785,-0.00948425941169262,3.101799964904785,0.00948425941169262,0.0,207.58090209960938,64.68887329101562
1700,34.5614128112793,0.5,0.0,0.0,0.5887386202812195,-0.3662163317203522,-0.158677875995636,-3.102891683578491,0.0030381199903786182,3.102891683578491,0.0030381199903786182,0.0,201.74229431152344,64.68887329101562
1701,34.58831787109375,0.5,0.0,0.0,0.5485531687736511,-0.4025150537490845,-0.15590548515319824,-3.120640277862549,0.02848712168633938,3.120640277862549,0.02848712168633938,0.0,178.3583221435547,64.68887329101562
1702,34.599798917770386,0.5,0.0,0.0,0.5141690969467163,-0.4493478834629059,-0.09227827191352844,3.127068281173706,0.06094438582658768,3.127068281173706,0.06094438582658768,0.0,120.38923645019531,64.68887329101562
1703,34.62771463394165,0.5,0.0,0.0,0.4635958671569824,-0.503012478351593,-0.4427935779094696,3.0808706283569336,0.09334006905555725,3.0808706283569336,0.09334006905555725,0.0,30.426969528198242,64.68887329101562
1704,34.638646602630615,0.5,0.0,0.0,0.3381856083869934,-0.5331805944442749,-0.2513822019100189,3.0497729778289795,0.11553836613893509,3.0497729778289795,0.11553836613893509,426.05084228515625,5.404848098754883,64.68887329101562
1705,34.66580367088318,0.5,0.0,0.0,0.23296697437763214,-0.5752668380737305,-0.0747256651520729,3.041942596435547,0.12982693314552307,3.041942596435547,0.12982693314552307,205.52108764648438,0.39499178528785706,64.68887329101562
1706,34.676798582077026,0.5,0.0,0.0,0.10488031804561615,-0.6251293420791626,-0.060092877596616745,3.0579323768615723,0.13965359330177307,3.0579323768615723,0.13965359330177307,233.73248291015625,0.0,64.68887329101562
1707,34.7038037776947,0.5,0.0,0.0,-0.023901520296931267,-0.675857663154602,-0.1889514923095703,3.0837349891662598,0.14983558654785156,3.0837349891662598,0.14983558654785156,237.72132873535156,0.0,64.68887329101562
1708,34.71509766578674,0.5,0.0,0.0,-0.14738424122333527,-0.7275679111480713,-0.4122169315814972,3.1069889068603516,0.16101939976215363,3.1069889068603516,0.16101939976215363,232.59425354003906,0.0,64.68887329101562
1709,34.74279499053955,0.5,0.0,0.0,-0.25907549262046814,-0.7814522385597229,-0.6470029354095459,3.123661756515503,0.17069371044635773,3.123661756515503,0.17069371044635773,204.60354614257812,0.0,47.079864501953125
1710,34.75365900993347,0.5,0.0,0.0,-0.28044775128364563,-0.7145258784294128,-0.5537791848182678,3.12675142288208,0.17173801362514496,3.12675142288208,0.17173801362514496,152.83026123046875,0.0,47.079864501953125
1711,34.78072929382324,0.5,0.0,0.0,-0.29416364431381226,-0.64702969789505,-0.32107266783714294,3.1142823696136475,0.1655409038066864,3.1142823696136475,0.1655409038066864,95.29845428466797,0.0,47.079864501953125
1712,34.791988134384155,0.5,0.0,0.0,-0.3101027309894562,-0.5756295919418335,-0.03995439410209656,3.0929369926452637,0.15752112865447998,3.0929369926452637,0.15752112865447998,55.77376937866211,0.0,47.079864501953125
1713,34.82112526893616,0.5,0.0,0.0,-0.3454234302043915,-0.5165997743606567,0.2263776659965515,3.071714162826538,0.15709246695041656,3.071714162826538,0.15709246695041656,56.44816589355469,393.62579345703125,47.079864501953125
1714,34.83256411552429,0.5,0.0,0.0,-0.27087581157684326,-0.35361117124557495,0.46784356236457825,3.0559608936309814,0.1552937924861908,3.0559608936309814,0.1552937924861908,79.34624481201172,265.60430908203125,47.079864501953125
1715,34.85915470123291,0.5,0.0,0.0,-0.19472253322601318,-0.20082969963550568,0.7103108763694763,3.0444138050079346,0.1431007832288742,3.0444138050079346,0.1431007832288742,106.83428192138672,265.92608642578125,47.079864501953125
1716,34.87032651901245,0.5,0.0,0.0,-0.1419862061738968,-0.07036449015140533,0.7420072555541992,3.0404770374298096,0.12859727442264557,3.0404770374298096,0.12859727442264557,108.49635314941406,231.38873291015625,47.079864501953125
1717,34.897743940353394,0.5,0.0,0.0,-0.10689201951026917,0.04795403778553009,0.5761342644691467,3.044515371322632,0.11515793949365616,3.044515371322632,0.11515793949365616,93.3018798828125,196.96707153320312,47.079864501953125
1718,34.90904951095581,0.5,0.0,0.0,-0.07767023891210556,0.16297058761119843,0.3354474604129791,3.0516204833984375,0.10585254430770874,3.0516204833984375,0.10585254430770874,50.540679931640625,171.44371032714844,47.079864501953125
1719,34.93830323219299,0.5,0.0,0.0,-0.04607357457280159,0.28946274518966675,-0.03809892386198044,3.0593936443328857,0.10291199386119843,3.0593936443328857,0.10291199386119843,0.0,157.20120239257812,51.01955795288086
1720,34.949557304382324,0.5,0.0,0.0,-0.0676301121711731,0.4070602357387543,-0.43857496976852417,3.0580804347991943,0.10851610451936722,3.0580804347991943,0.10851610451936722,0.0,165.00892639160156,51.01955795288086
1721,34.97628211975098,0.5,0.0,0.0,-0.08668601512908936,0.5305377244949341,-0.6748223900794983,3.040163278579712,0.12110687047243118,3.040163278579712,0.12110687047243118,0.0,188.60263061523438,51.01955795288086
1722,34.987560510635376,0.5,0.0,0.0,-0.10285381227731705,0.6657587289810181,-0.7484322786331177,3.002331495285034,0.13540354371070862,3.002331495285034,0.13540354371070862,0.0,202.34629821777344,51.01955795288086
1723,35.01419997215271,0.5,0.0,0.0,-0.11601487547159195,0.8049671053886414,-0.8324400186538696,2.9478020668029785,0.14670778810977936,2.9478020668029785,0.14670778810977936,0.0,196.77340698242188,51.01955795288086
1724,35.025394439697266,0.5,0.0,0.0,-0.1387365311384201,0.9370556473731995,-1.011720895767212,2.8909270763397217,0.15118740499019623,2.8909270763397217,0.15118740499019623,0.0,166.97323608398438,51.01955795288086
1725,35.051979541778564,0.5,0.0,0.0,-0.18349090218544006,1.0622235536575317,-1.2145862579345703,2.8426313400268555,0.15163332223892212,2.8426313400268555,0.15163332223892212,0.0,119.96271514892578,51.01955795288086
1726,35.06337809562683,0.5,0.0,0.0,-0.2509961426258087,1.1684995889663696,-1.2390317916870117,2.8064913749694824,0.15192970633506775,2.8064913749694824,0.15192970633506775,0.0,53.44051742553711,51.01955795288086
1727,35.09026622772217,0.5,0.0,0.0,-0.32086145877838135,1.2212437391281128,-0.8573852777481079,2.7838757038116455,0.154724583029747,2.7838757038116455,0.154724583029747,0.0,0.0,51.01955795288086
1728,35.10197901725769,0.5,0.0,0.0,-0.3561262786388397,1.1950472593307495,-0.3050163686275482,2.775397300720215,0.15861831605434418,2.775397300720215,0.15861831605434418,0.0,0.0,51.01955795288086
1729,35.134291887283325,0.5,0.0,0.0,-0.40048184990882874,1.0883010625839233,1.593541145324707,2.780721426010132,0.1367063820362091,2.780721426010132,0.1367063820362091,764.7647094726562,0.0,35.718509674072266
1730,35.146342277526855,0.5,0.0,0.0,-0.2942533493041992,0.8434791564941406,0.7638347148895264,2.818211555480957,0.10367030650377274,2.818211555480957,0.10367030650377274,371.3662414550781,0.0,35.718509674072266
1731,35.17277765274048,0.5,0.0,0.0,-0.2756805717945099,0.7163825035095215,-0.9452683925628662,2.874696969985962,0.09872077405452728,2.874696969985962,0.09872077405452728,334.2248229980469,65.56732940673828,35.718509674072266
1732,35.185487031936646,0.5,0.0,0.0,-0.25507956743240356,0.6002999544143677,-1.1106873750686646,2.9167726039886475,0.10991957038640976,2.9167726039886475,0.10991957038640976,328.1081848144531,17.7571964263916,35.718509674072266
1733,35.21154999732971,0.5,0.0,0.0,-0.21524259448051453,0.5123682022094727,-0.32503610849380493,2.946404218673706,0.1147569939494133,2.946404218673706,0.1147569939494133,267.251953125,0.0,35.718509674072266
1734,35.222745180130005,0.5,0.0,0.0,-0.18744094669818878,0.4873533546924591,0.3658796548843384,2.9715094566345215,0.10187067836523056,2.9715094566345215,0.10187067836523056,177.45472717285156,0.0,35.718509674072266
1735,35.24913144111633,0.5,0.0,0.0,-0.18819119036197662,0.5135000348091125,0.46080493927001953,2.991802453994751,0.0799652710556984,2.991802453994751,0.0799652710556984,120.85344696044922,0.0,35.718509674072266
1736,35.26021766662598,0.5,0.0,0.0,-0.20293539762496948,0.5485853552818298,0.21247966587543488,3.0038230419158936,0.0652625635266304,3.0038230419158936,0.0652625635266304,129.85494995117188,0.0,35.718509674072266
1737,35.28601908683777,0.5,0.0,0.0,-0.21316421031951904,0.5670738816261292,-0.006638102699071169,3.007143259048462,0.0625859797000885,3.007143259048462,0.0625859797000885,173.87124633789062,0.0,35.718509674072266
1738,35.298120975494385,0.5,0.0,0.0,-0.21557773649692535,0.5627163648605347,-0.010114035569131374,3.008554697036743,0.06764394044876099,3.008554697036743,0.06764394044876099,226.93157958984375,0.0,35.718509674072266
1739,35.32609701156616,0.5,0.0,0.0,-0.21282672882080078,0.541432797908783,0.21615874767303467,3.016291379928589,0.07410981506109238,3.016291379928589,0.07410981506109238,270.303955078125,0.0,0.0
1740,35.33716893196106,0.5,0.0,0.0,-0.2178754061460495,0.4814472198486328,0.40544331073760986,3.036134958267212,0.07821052521467209,3.036134958267212,0.07821052521467209,264.3533630371094,0.0,0.0
1741,35.364428997039795,0.5,0.0,0.0,-0.22582168877124786,0.4443981349468231,0.40292710065841675,3.0667402744293213,0.07960837334394455,3.0667402744293213,0.07960837334394455,221.37557983398438,0.0,0.0
1742,35.37602233886719,0.5,0.0,0.0,-0.24315930902957916,0.4272635281085968,0.2897976040840149,3.0981459617614746,0.08186039328575134,3.0981459617614746,0.08186039328575134,190.99533081054688,0.0,0.0
1743,35.40394306182861,0.5,0.0,0.0,-0.26038381457328796,0.4201899468898773,0.17729249596595764,3.1205899715423584,0.08765813708305359,3.1205899715423584,0.08765813708305359,159.26397705078125,0.0,0.0
1744,35.41499948501587,0.5,0.0,0.0,-0.27402371168136597,0.4147709906101227,0.13570979237556458,3.1307690143585205,0.09327030181884766,3.1307690143585205,0.09327030181884766,148.68374633789062,0.0,0.0
1745,35.44314670562744,0.5,0.0,0.0,-0.29221656918525696,0.40601596236228943,0.17865540087223053,3.1336452960968018,0.09651634842157364,3.1336452960968018,0.09651634842157364,157.93138122558594,0.0,0.0
1746,35.45432949066162,0.5,0.0,0.0,-0.31077250838279724,0.396223783493042,0.13975490629673004,-3.1414029598236084,0.09670109301805496,3.1414029598236084,0.09670109301805496,127.6500473022461,0.0,0.0
1747,35.48096585273743,0.5,0.0,0.0,-0.3175177574157715,0.3962956964969635,0.11929508298635483,-3.130810022354126,0.09833531826734543,3.130810022354126,0.09833531826734543,77.49229431152344,177.13836669921875,0.0
1748,35.49221920967102,0.5,0.0,0.0,-0.2741590440273285,0.4006703495979309,0.3020102381706238,-3.1309914588928223,0.09604387730360031,3.1309914588928223,0.09604387730360031,5.352261066436768,195.818603515625,0.0
1749,35.51989698410034,0.5,0.0,0.0,-0.21944813430309296,0.3955613374710083,0.25051751732826233,3.138636827468872,0.09012650698423386,3.138636827468872,0.09012650698423386,0.0,214.24569702148438,0.0
1750,35.53113603591919,0.5,0.0,0.0,-0.16217531263828278,0.384801983833313,0.03936071693897247,3.1217947006225586,0.0778307095170021,3.1217947006225586,0.0778307095170021,0.0,213.78524780273438,0.0
1751,35.55816626548767,0.5,0.0,0.0,-0.10819447040557861,0.374326229095459,-0.18565161526203156,3.1106340885162354,0.06062982231378555,3.1106340885162354,0.06062982231378555,0.0,215.79983520507812,0.0
1752,35.56976056098938,0.5,0.0,0.0,-0.05028552561998367,0.36911988258361816,-0.25306081771850586,3.1092584133148193,0.04564351215958595,3.1092584133148193,0.04564351215958595,0.0,237.21377563476562,0.0
1753,35.597673654556274,0.5,0.0,0.0,0.023434709757566452,0.36541709303855896,-0.12113283574581146,3.116281270980835,0.03678186237812042,3.116281270980835,0.03678186237812042,0.0,240.4855499267578,0.0
1754,35.61012864112854,0.5,0.0,0.0,0.09755749255418777,0.3653849959373474,0.07335878163576126,3.130479574203491,0.03085269406437874,3.130479574203491,0.03085269406437874,0.0,225.24697875976562,0.0
1755,35.63722085952759,0.5,0.0,0.0,0.15446826815605164,0.37390434741973877,0.11748339235782623,-3.135159492492676,0.02796761877834797,3.135159492492676,0.02796761877834797,0.0,199.30862426757812,0.0
1756,35.64878439903259,0.5,0.0,0.0,0.1977444291114807,0.38662058115005493,-0.01087561808526516,-3.1190316677093506,0.027628125622868538,3.1190316677093506,0.027628125622868538,0.0,168.68666076660156,0.0
1757,35.67615866661072,0.5,0.0,0.0,0.23381933569908142,0.37907859683036804,-0.15481142699718475,-3.1070172786712646,0.02756495028734207,3.1070172786712646,0.02756495028734207,0.0,92.70556640625,0.0
1758,35.68767237663269,0.5,0.0,0.0,0.22401119768619537,0.36560091376304626,-0.1684676557779312,-3.104717969894409,0.033086467534303665,3.104717969894409,0.033086467534303665,266.9577941894531,0.0,0.0
1759,35.715571880340576,0.5,0.0,0.0,0.23340965807437897,0.29199594259262085,-0.03265528753399849,-3.103036880493164,0.03245150297880173,3.103036880493164,0.03245150297880173,186.3274383544922,0.0,0.0
1760,35.726645946502686,0.5,0.0,0.0,0.24313917756080627,0.2245366871356964,0.03255385160446167,-3.091740131378174,0.02214261144399643,3.091740131378174,0.02214261144399643,169.4783172607422,0.0,0.0
1761,35.75396919250488,0.5,0.0,0.0,0.24842019379138947,0.16569295525550842,-0.015668772161006927,-3.0775649547576904,0.008942280896008015,3.0775649547576904,0.008942280896008015,162.16244506835938,0.0,0.0
1762,35.765249490737915,0.5,0.0,0.0,0.25122013688087463,0.1082003191113472,-0.17493754625320435,-3.067183494567871,-0.0008459705859422684,3.067183494567871,0.0008459705859422684,186.5863037109375,0.0,0.0
1763,35.79304528236389,0.5,0.0,0.0,0.2593142092227936,0.047386284917593,-0.32528820633888245,-3.0654003620147705,-0.006056270562112331,3.0654003620147705,0.006056270562112331,209.19422912597656,0.0,0.0
1764,35.80984807014465,0.5,0.0,0.0,0.2724241614341736,-0.019976189360022545,-0.3301999568939209,-3.0705978870391846,-0.00932183489203453,3.0705978870391846,0.00932183489203453,240.63494873046875,0.0,0.0
1765,35.842288970947266,0.5,0.0,0.0,0.2949426770210266,-0.09208165109157562,-0.1877763271331787,-3.0776665210723877,-0.012045209296047688,3.0776665210723877,0.012045209296047688,248.9033660888672,0.0,0.0
1766,35.853477239608765,0.5,0.0,0.0,0.3241545259952545,-0.16336263716220856,-0.15828204154968262,-3.081507921218872,-0.016687044873833656,3.081507921218872,0.016687044873833656,211.35643005371094,0.0,0.0
1767,35.88144898414612,0.5,0.0,0.0,0.345060795545578,-0.22726358473300934,-0.2028830200433731,-3.081408977508545,-0.022221781313419342,3.081408977508545,0.022221781313419342,152.8367919921875,98.5239028930664,0.0
1768,35.89228391647339,0.5,0.0,0.0,0.36964187026023865,-0.2556881606578827,-0.29238536953926086,-3.0776174068450928,-0.033460576087236404,3.0776174068450928,0.033460576087236404,80.72698974609375,174.473876953125,0.0
1769,35.919405698776245,0.5,0.0,0.0,0.372351735830307,-0.24072973430156708,-0.3085413873195648,-3.073639392852783,-0.038431957364082336,3.073639392852783,0.038431957364082336,0.0,222.45924377441406,0.0
1770,35.930649518966675,0.5,0.0,0.0,0.3835979104042053,-0.2050810009241104,-0.15984895825386047,-3.0768635272979736,-0.034210965037345886,3.0768635272979736,0.034210965037345886,0.0,228.0963592529297,0.0
1771,35.95693302154541,0.5,0.0,0.0,0.4157531261444092,-0.18451634049415588,0.009973603300750256,-3.084137201309204,-0.026155393570661545,3.084137201309204,0.026155393570661545,0.0,232.57949829101562,0.0
1772,35.968443155288696,0.5,0.0,0.0,0.4616307020187378,-0.17622433602809906,0.10376377403736115,-3.090360403060913,-0.017662575468420982,3.090360403060913,0.017662575468420982,0.0,237.75990295410156,0.0
1773,35.99441456794739,0.5,0.0,0.0,0.5114561915397644,-0.17206664383411407,0.13671812415122986,-3.093926429748535,-0.011614464223384857,3.093926429748535,0.011614464223384857,0.0,227.77037048339844,0.0
1774,36.005263328552246,0.5,0.0,0.0,0.5598626732826233,-0.16851896047592163,0.11277947574853897,-3.093888998031616,-0.009223243221640587,3.093888998031616,0.009223243221640587,0.0,203.55067443847656,0.0
1775,36.03250026702881,0.5,0.0,0.0,0.5990788340568542,-0.16441379487514496,0.06535064429044724,-3.090907096862793,-0.011795305646955967,3.090907096862793,0.011795305646955967,0.0,167.82138061523438,0.0
1776,36.04374575614929,0.5,0.0,0.0,0.6308541893959045,-0.15940098464488983,0.039006877690553665,-3.085408926010132,-0.016939979046583176,3.085408926010132,0.016939979046583176,0.0,150.6655731201172,0.0
1777,36.07131886482239,0.5,0.0,0.0,0.6615725755691528,-0.15404435992240906,0.02427150495350361,-3.077436923980713,-0.023460224270820618,3.077436923980713,0.023460224270820618,0.0,142.521484375,0.0
1778,36.08346438407898,0.5,0.0,0.0,0.6887794733047485,-0.1452759951353073,0.04702628776431084,-3.0686864852905273,-0.03003581613302231,3.0686864852905273,0.03003581613302231,0.0,128.02389526367188,0.0
1779,36.11120247840881,0.5,0.0,0.0,0.7101831436157227,-0.1410374641418457,0.12801966071128845,-3.0669844150543213,-0.0331207774579525,3.0669844150543213,0.0331207774579525,0.0,100.60964965820312,0.0
1780,36.122607707977295,0.5,0.0,0.0,0.7207176685333252,-0.14920632541179657,0.2502339780330658,-3.0768165588378906,-0.02766110748052597,3.0768165588378906,0.02766110748052597,0.0,42.926082611083984,0.0
1781,36.1498498916626,0.5,0.0,0.0,0.6783237457275391,-0.15388669073581696,0.26745516061782837,-3.0982279777526855,-0.01533290185034275,3.0982279777526855,0.01533290185034275,169.97317504882812,0.0,0.0
1782,36.161360025405884,0.5,0.0,0.0,0.6256487369537354,-0.1519254446029663,0.09119963645935059,-3.1163523197174072,-0.010646840557456017,3.1163523197174072,0.010646840557456017,233.92193603515625,0.0,0.0
1783,36.18771958351135,0.5,0.0,0.0,0.5774810910224915,-0.1501239687204361,0.11728761345148087,-3.1301956176757812,-0.005483557470142841,3.1301956176757812,0.005483557470142841,261.90789794921875,0.0,0.0
1784,36.19949746131897,0.5,0.0,0.0,0.5272653698921204,-0.15447773039340973,0.1959359496831894,-3.1391098499298096,0.0071955169551074505,3.1391098499298096,0.0071955169551074505,285.6775817871094,0.0,0.0
1785,36.22804403305054,0.5,0.0,0.0,0.49140360951423645,-0.16211503744125366,0.24297112226486206,3.1369881629943848,0.02562275156378746,3.1369881629943848,0.02562275156378746,283.38092041015625,0.0,0.0
1786,36.23948884010315,0.5,0.0,0.0,0.46890413761138916,-0.1739773154258728,0.2416481375694275,3.1307735443115234,0.043467339128255844,3.1307735443115234,0.043467339128255844,268.2928466796875,0.0,0.0
1787,36.266196727752686,0.5,0.0,0.0,0.4555637836456299,-0.18614500761032104,0.23352283239364624,3.1223390102386475,0.05834224075078964,3.1223390102386475,0.05834224075078964,253.6276397705078,0.0,0.0
1788,36.277703046798706,0.5,0.0,0.0,0.44892117381095886,-0.19986025989055634,0.31455719470977783,3.1098198890686035,0.06955934315919876,3.1098198890686035,0.06955934315919876,222.70541381835938,0.0,0.0
1789,36.30640387535095,0.5,0.0,0.0,0.44411277770996094,-0.2174726128578186,0.42577818036079407,3.095592975616455,0.07718782871961594,3.095592975616455,0.07718782871961594,197.57086181640625,0.0,0.0
1790,36.3176965713501,0.5,0.0,0.0,0.43893200159072876,-0.2352829873561859,0.4575502872467041,3.08310866355896,0.08169551938772202,3.08310866355896,0.08169551938772202,160.16607666015625,0.0,0.0
1791,36.348135471343994,0.5,0.0,0.0,0.43184325098991394,-0.25672465562820435,0.3671260178089142,3.073497772216797,0.08431465923786163,3.073497772216797,0.08431465923786163,159.50657653808594,0.0,0.0
1792,36.36213040351868,0.5,0.0,0.0,0.4226493239402771,-0.2777065336704254,0.27667006850242615,3.068350315093994,0.08718962222337723,3.068350315093994,0.08718962222337723,154.86595153808594,0.0,0.0
1793,36.38926339149475,0.5,0.0,0.0,0.4175252318382263,-0.2932378351688385,0.15187257528305054,3.071793556213379,0.09354981780052185,3.071793556213379,0.09354981780052185,139.50743103027344,254.0287322998047,0.0
1794,36.40104579925537,0.5,0.0,0.0,0.4358748197555542,-0.28301918506622314,-0.1119731217622757,3.0813355445861816,0.08993460237979889,3.0813355445861816,0.08993460237979889,85.16336059570312,143.99945068359375,0.0
1795,36.42906713485718,0.5,0.0,0.0,0.42370671033859253,-0.24811714887619019,-0.21184268593788147,3.092454433441162,0.07560009509325027,3.092454433441162,0.07560009509325027,0.0,165.12405395507812,0.0
1796,36.44018793106079,0.5,0.0,0.0,0.3973035216331482,-0.19713246822357178,-0.14291474223136902,3.0971267223358154,0.06382445245981216,3.0971267223358154,0.06382445245981216,0.0,169.1518096923828,0.0
1797,36.468631982803345,0.5,0.0,0.0,0.3820924460887909,-0.1528511494398117,-0.06007426977157593,3.096526622772217,0.05581123009324074,3.096526622772217,0.05581123009324074,0.0,167.53977966308594,0.0
1798,36.480717182159424,0.5,0.0,0.0,0.3742341697216034,-0.11235043406486511,0.006385329179465771,3.095367431640625,0.04987705498933792,3.095367431640625,0.04987705498933792,0.0,188.2155303955078,0.0
1799,36.50829744338989,0.5,0.0,0.0,0.37200623750686646,-0.07026776671409607,0.0648529976606369,3.095627546310425,0.04485972970724106,3.095627546310425,0.04485972970724106,0.0,205.81011962890625,0.0
1800,36.519919633865356,0.5,0.0,0.0,0.3687055706977844,-0.025819027796387672,0.06673841178417206,3.0973100662231445,0.03885851800441742,3.0973100662231445,0.03885851800441742,0.0,218.5743865966797,0.0
1801,36.546218156814575,0.5,0.0,0.0,0.3621808588504791,0.022690992802381516,0.03973418474197388,3.0975053310394287,0.0325472392141819,3.0975053310394287,0.0325472392141819,0.0,222.1660614013672,0.0
1802,36.557233572006226,0.5,0.0,0.0,0.35805654525756836,0.07291599363088608,0.06926886737346649,3.0938868522644043,0.027112029492855072,3.0938868522644043,0.027112029492855072,0.0,214.43421936035156,0.0
1803,36.584787130355835,0.5,0.0,0.0,0.3576609790325165,0.11958606541156769,0.1688559502363205,3.0871191024780273,0.0233597531914711,3.0871191024780273,0.0233597531914711,0.0,193.7267608642578,0.0
1804,36.59980821609497,0.5,0.0,0.0,0.35940617322921753,0.15937376022338867,0.26899927854537964,3.0810563564300537,0.02197105437517166,3.0810563564300537,0.02197105437517166,0.0,179.78927612304688,0.0
1805,36.628212451934814,0.5,0.0,0.0,0.3595186173915863,0.1937362551689148,0.24787302315235138,3.0787408351898193,0.02371923066675663,3.0787408351898193,0.02371923066675663,0.0,167.78587341308594,0.0
1806,36.639514446258545,0.5,0.0,0.0,0.3382376432418823,0.2265261560678482,0.023586947470903397,3.0779852867126465,0.028555985540151596,3.0779852867126465,0.028555985540151596,165.57687377929688,153.1146240234375,0.0
1807,36.6663498878479,0.5,0.0,0.0,0.34734615683555603,0.22375842928886414,0.09190741181373596,3.0779929161071777,0.028931593522429466,3.0779929161071777,0.028931593522429466,174.31349182128906,121.16832733154297,0.0
1808,36.67765474319458,0.5,0.0,0.0,0.3430047631263733,0.20242956280708313,0.07707815617322922,3.0819895267486572,0.028713354840874672,3.0819895267486572,0.028713354840874672,195.58822631835938,65.4037094116211,0.0
1809,36.705289363861084,0.5,0.0,0.0,0.3279675841331482,0.16792209446430206,-0.011213338933885098,3.0861892700195312,0.03334425389766693,3.0861892700195312,0.03334425389766693,193.62811279296875,0.0,0.0
1810,36.7169463634491,0.5,0.0,0.0,0.31487637758255005,0.1317770928144455,-0.050467390567064285,3.087185859680176,0.042849067598581314,3.087185859680176,0.042849067598581314,175.1726531982422,0.0,0.0
1811,36.74409079551697,0.5,0.0,0.0,0.31292828917503357,0.10233812034130096,-0.04394812509417534,3.0853774547576904,0.05057626962661743,3.0853774547576904,0.05057626962661743,169.3225860595703,0.0,0.0
1812,36.755329847335815,0.5,0.0,0.0,0.31508421897888184,0.07306911051273346,0.008018925786018372,3.0847129821777344,0.0542173907160759,3.0847129821777344,0.0542173907160759,180.2984161376953,0.0,0.0
1813,36.78334999084473,0.5,0.0,0.0,0.3178817629814148,0.04385783523321152,0.07092588394880295,3.0880606174468994,0.054388098418712616,3.0880606174468994,0.054388098418712616,178.77513122558594,0.0,0.0
1814,36.79530358314514,0.5,0.0,0.0,0.320353239774704,0.016160152852535248,0.0765877515077591,3.092663049697876,0.052785713225603104,3.092663049697876,0.052785713225603104,179.8971405029297,0.0,0.0
1815,36.82225275039673,0.5,0.0,0.0,0.3236212432384491,-0.012281275354325771,0.0050813183188438416,3.0963194370269775,0.05085134506225586,3.0963194370269775,0.05085134506225586,187.25546264648438,0.0,0.0
1816,36.83365511894226,0.5,0.0,0.0,0.327983558177948,-0.03978665918111801,-0.1087956354022026,3.0967326164245605,0.04858929291367531,3.0967326164245605,0.04858929291367531,182.37310791015625,0.0,0.0
1817,36.862311124801636,0.5,0.0,0.0,0.33316728472709656,-0.07147226482629776,-0.1567363440990448,3.0941989421844482,0.04699978977441788,3.0941989421844482,0.04699978977441788,202.7425079345703,0.0,0.0
1818,36.87345242500305,0.5,0.0,0.0,0.34460800886154175,-0.10421114414930344,-0.07496240735054016,3.093137264251709,0.04714605212211609,3.093137264251709,0.04714605212211609,199.08334350585938,0.0,0.0
1819,36.89958190917969,0.5,0.0,0.0,0.3606942296028137,-0.13460366427898407,0.07366880774497986,3.0992445945739746,0.049583952873945236,3.0992445945739746,0.049583952873945236,176.54917907714844,0.0,0.0
1820,36.91048812866211,0.5,0.0,0.0,0.37477174401283264,-0.15373380482196808,-0.022634141147136688,3.113161563873291,0.0506695881485939,3.113161563873291,0.0506695881485939,121.0413589477539,132.3631134033203,0.0
1821,36.937954902648926,0.5,0.0,0.0,0.37947046756744385,-0.14472657442092896,-0.09803707897663116,3.128030776977539,0.04799655079841614,3.128030776977539,0.04799655079841614,22.085922241210938,162.45985412597656,0.0
1822,36.94940161705017,0.5,0.0,0.0,0.3709818124771118,-0.11137092858552933,-0.03682421147823334,3.1374621391296387,0.042010605335235596,3.1374621391296387,0.042010605335235596,0.0,178.97784423828125,0.0
1823,36.976938009262085,0.5,0.0,0.0,0.3710388243198395,-0.08240383118391037,0.03279053792357445,-3.1415789127349854,0.034831203520298004,3.1415789127349854,0.034831203520298004,0.0,183.0405731201172,0.0
1824,36.98828911781311,0.5,0.0,0.0,0.37894919514656067,-0.05695066973567009,0.09038063138723373,-3.13835072517395,0.02673889696598053,3.13835072517395,0.02673889696598053,0.0,202.02955627441406,0.0
1825,37.01595687866211,0.5,0.0,0.0,0.3887404203414917,-0.029587095603346825,0.17127659916877747,-3.1356911659240723,0.019480526447296143,3.1356911659240723,0.019480526447296143,0.0,214.7524871826172,0.0
1826,37.027130365371704,0.5,0.0,0.0,0.40021008253097534,-0.0009540779865346849,0.23950238525867462,-3.13370680809021,0.014807632192969322,3.13370680809021,0.014807632192969322,0.0,224.1688995361328,0.0
1827,37.05404877662659,0.5,0.0,0.0,0.40990960597991943,0.028305761516094208,0.25243163108825684,-3.1330416202545166,0.011014137417078018,3.1330416202545166,0.011014137417078018,0.0,224.3000946044922,0.0
1828,37.06510519981384,0.5,0.0,0.0,0.4163047969341278,0.05753421410918236,0.2179931104183197,-3.1348469257354736,0.008144254796206951,3.1348469257354736,0.008144254796206951,0.0,216.654541015625,0.0
1829,37.09243392944336,0.5,0.0,0.0,0.4267788529396057,0.08453568071126938,0.18652155995368958,-3.1401638984680176,0.006246940698474646,3.1401638984680176,0.006246940698474646,0.0,196.77197265625,26.641498565673828
1830,37.10339403152466,0.5,0.0,0.0,0.4216361343860626,0.10503938794136047,0.15507863461971283,3.136739492416382,0.002740753348916769,3.136739492416382,0.002740753348916769,0.0,174.32025146484375,26.641498565673828
1831,37.130467653274536,0.5,0.0,0.0,0.41316652297973633,0.12119771540164948,0.12188129872083664,3.1324548721313477,-0.0010970935691148043,3.1324548721313477,0.0010970935691148043,0.0,151.53135681152344,26.641498565673828
1832,37.1416597366333,0.5,0.0,0.0,0.37953945994377136,0.13667841255664825,0.11843413859605789,3.1302285194396973,-0.001085636904463172,3.1302285194396973,0.001085636904463172,125.29741668701172,127.47635650634766,26.641498565673828
1833,37.16877055168152,0.5,0.0,0.0,0.36142584681510925,0.11993768066167831,0.16531506180763245,3.130573034286499,-0.00153448770288378,3.130573034286499,0.00153448770288378,175.52920532226562,80.28298950195312,26.641498565673828
1834,37.17984318733215,0.5,0.0,0.0,0.3311940133571625,0.08770854771137238,0.11109659075737,3.133887529373169,0.0013619803357869387,3.133887529373169,0.0013619803357869387,197.84552001953125,18.22132682800293,26.641498565673828
1835,37.20795798301697,0.5,0.0,0.0,0.29623767733573914,0.047123733907938004,-0.03526126220822334,3.135291576385498,0.007559422869235277,3.135291576385498,0.007559422869235277,208.75868225097656,0.0,26.641498565673828
1836,37.21928095817566,0.5,0.0,0.0,0.2671758234500885,0.010963115841150284,-0.1670234650373459,3.1318819522857666,0.013733986765146255,3.1318819522857666,0.013733986765146255,185.69622802734375,0.0,26.641498565673828
1837,37.24681639671326,0.5,0.0,0.0,0.24219095706939697,-0.023654671385884285,-0.22149008512496948,3.125070810317993,0.018535375595092773,3.125070810317993,0.018535375595092773,194.0171661376953,0.0,26.641498565673828
1838,37.259316205978394,0.5,0.0,0.0,0.21983648836612701,-0.06055865064263344,-0.20400559902191162,3.120086431503296,0.02295544743537903,3.120086431503296,0.02295544743537903,195.68484497070312,0.0,26.641498565673828
1839,37.28787589073181,0.5,0.0,0.0,0.20090365409851074,-0.09767082333564758,-0.17426173388957977,3.118934392929077,0.026044145226478577,3.118934392929077,0.026044145226478577,199.2020263671875,0.0,0.0
1840,37.29922699928284,0.5,0.0,0.0,0.20273780822753906,-0.13115526735782623,-0.15143458545207977,3.120431900024414,0.029985817149281502,3.120431900024414,0.029985817149281502,201.31192016601562,0.0,0.0
1841,37.32693862915039,0.5,0.0,0.0,0.21010510623455048,-0.16419140994548798,-0.1810828596353531,3.121370315551758,0.03296574950218201,3.121370315551758,0.03296574950218201,192.41062927246094,0.0,0.0
1842,37.33816742897034,0.5,0.0,0.0,0.21808114647865295,-0.1937985122203827,-0.25256049633026123,3.120328426361084,0.03336675837635994,3.120328426361084,0.03336675837635994,165.35755920410156,0.0,0.0
1843,37.3650381565094,0.5,0.0,0.0,0.2256542593240738,-0.21931779384613037,-0.25112664699554443,3.116802930831909,0.03079410083591938,3.116802930831909,0.03079410083591938,156.34735107421875,0.0,0.0
1844,37.376750230789185,0.5,0.0,0.0,0.2346876710653305,-0.24450086057186127,-0.08200240880250931,3.11380934715271,0.027885066345334053,3.11380934715271,0.027885066345334053,157.73252868652344,0.0,0.0
1845,37.40638494491577,0.5,0.0,0.0,0.25079435110092163,-0.2667054235935211,-0.027865305542945862,3.117070198059082,0.02321861870586872,3.117070198059082,0.02321861870586872,141.49754333496094,134.54080200195312,0.0
1846,37.41754603385925,0.5,0.0,0.0,0.26390767097473145,-0.2737469971179962,-0.08096566796302795,3.1266164779663086,0.016177598387002945,3.1266164779663086,0.016177598387002945,123.1617202758789,182.3400115966797,0.0
1847,37.44866180419922,0.5,0.0,0.0,0.273405522108078,-0.25447016954421997,-0.12189561873674393,-3.141522169113159,0.014634782448410988,3.141522169113159,0.014634782448410988,24.244586944580078,208.7595672607422,0.0
1848,37.4611394405365,0.5,0.0,0.0,0.2827441990375519,-0.20854465663433075,-0.1580631136894226,-3.13102388381958,0.01386871188879013,3.13102388381958,0.01386871188879013,0.0,213.8427734375,0.0
1849,37.4881865978241,0.5,0.0,0.0,0.2996619641780853,-0.16597922146320343,-0.14342324435710907,-3.1292598247528076,0.007964562624692917,3.1292598247528076,0.007964562624692917,0.0,190.02032470703125,0.0
1850,37.49953317642212,0.5,0.0,0.0,0.3168082535266876,-0.13247717916965485,-0.040038153529167175,-3.132146120071411,0.0001592788757989183,3.132146120071411,0.0001592788757989183,0.0,180.6400146484375,0.0
1851,37.52615714073181,0.5,0.0,0.0,0.3366454541683197,-0.1042204275727272,0.1026013195514679,-3.1358323097229004,-0.004033135250210762,3.1358323097229004,0.004033135250210762,0.0,180.54092407226562,0.0
1852,37.537272691726685,0.5,0.0,0.0,0.35932379961013794,-0.07845010608434677,0.20648613572120667,-3.1376419067382812,-0.005021447781473398,3.1376419067382812,0.005021447781473398,0.0,190.97964477539062,0.0
1853,37.563658475875854,0.5,0.0,0.0,0.3801786005496979,-0.052396584302186966,0.21622195839881897,-3.136504650115967,-0.004874430131167173,3.136504650115967,0.004874430131167173,0.0,193.80931091308594,0.0
1854,37.57655334472656,0.5,0.0,0.0,0.39871418476104736,-0.024757059291005135,0.18633723258972168,-3.1347298622131348,-0.00463930843397975,3.1347298622131348,0.00463930843397975,0.0,191.44183349609375,0.0
1855,37.60295820236206,0.5,0.0,0.0,0.42155224084854126,0.0010709313210099936,0.16076348721981049,-3.1350109577178955,-0.003703557187691331,3.1350109577178955,0.003703557187691331,0.0,184.55874633789062,0.0
1856,37.61517310142517,0.5,0.0,0.0,0.44704434275627136,0.02445213310420513,0.12781310081481934,-3.13615083694458,-0.0032856508623808622,3.13615083694458,0.0032856508623808622,0.0,169.7274932861328,0.0
1857,37.64280104637146,0.5,0.0,0.0,0.46940842270851135,0.04509817436337471,0.08274801820516586,-3.138522148132324,-0.002492809435352683,3.138522148132324,0.002492809435352683,0.0,148.4309844970703,0.0
1858,37.6540789604187,0.5,0.0,0.0,0.4448871612548828,0.07902056723833084,0.19100576639175415,3.1386830806732178,0.0021855835802853107,3.1386830806732178,0.0021855835802853107,497.8849792480469,127.49514770507812,0.0
1859,37.68160033226013,0.5,0.0,0.0,0.4808942377567291,0.06200452148914337,0.3156081736087799,3.132582426071167,0.0017787879332900047,3.132582426071167,0.0017787879332900047,195.72007751464844,82.67196655273438,0.0
1860,37.69311594963074,0.5,0.0,0.0,0.4677409529685974,0.031264450401067734,0.26999521255493164,3.1310195922851562,0.0034561713691800833,3.1310195922851562,0.0034561713691800833,233.76010131835938,3.6865274906158447,0.0
1861,37.72093605995178,0.5,0.0,0.0,0.44449809193611145,-0.00898862536996603,0.05807510018348694,3.1296753883361816,0.012298444285988808,3.1296753883361816,0.012298444285988808,218.69273376464844,0.0,0.0
1862,37.73234748840332,0.5,0.0,0.0,0.4353278577327728,-0.040390048176050186,-0.08155781775712967,3.1245203018188477,0.02282428927719593,3.1245203018188477,0.02282428927719593,200.90267944335938,0.0,0.0
1863,37.75930666923523,0.5,0.0,0.0,0.4356205463409424,-0.0674351155757904,-0.09649481624364853,3.116455316543579,0.031752415001392365,3.116455316543579,0.031752415001392365,190.30169677734375,0.0,0.0
1864,37.77078056335449,0.5,0.0,0.0,0.44088971614837646,-0.0950237438082695,-0.03997703641653061,3.1093039512634277,0.03825407847762108,3.1093039512634277,0.03825407847762108,188.57598876953125,0.0,0.0
1865,37.79927086830139,0.5,0.0,0.0,0.4496610164642334,-0.12365620583295822,0.032208435237407684,3.106257915496826,0.04177039861679077,3.106257915496826,0.04177039861679077,190.94131469726562,0.0,0.0
1866,37.81067752838135,0.5,0.0,0.0,0.4602309763431549,-0.15313968062400818,0.03986119106411934,3.1064436435699463,0.04193665087223053,3.1064436435699463,0.04193665087223053,183.51780700683594,0.0,0.0
1867,37.83823323249817,0.5,0.0,0.0,0.4701889455318451,-0.1802474409341812,-0.036164604127407074,3.1070196628570557,0.039313774555921555,3.1070196628570557,0.039313774555921555,165.22625732421875,0.0,0.0
1868,37.84965109825134,0.5,0.0,0.0,0.47846147418022156,-0.20173963904380798,-0.09564438462257385,3.1059038639068604,0.0345454066991806,3.1059038639068604,0.0345454066991806,146.5823211669922,0.0,0.0
1869,37.87797951698303,0.5,0.0,0.0,0.4835928976535797,-0.21854469180107117,-0.06822796165943146,3.1044721603393555,0.030574431642889977,3.1044721603393555,0.030574431642889977,129.7274169921875,0.0,0.0
1870,37.889535427093506,0.5,0.0,0.0,0.49259477853775024,-0.24181407690048218,0.00662788562476635,3.1078882217407227,0.03137058764696121,3.1078882217407227,0.03137058764696121,140.847412109375,141.69961547851562,0.0
1871,37.91732931137085,0.5,0.0,0.0,0.5052564740180969,-0.24371518194675446,-0.1248248741030693,3.1148712635040283,0.02474818006157875,3.1148712635040283,0.02474818006157875,103.3704605102539,174.2634735107422,0.0
1872,37.9284565448761,0.5,0.0,0.0,0.48881402611732483,-0.21608306467533112,-0.13013650476932526,3.1219100952148438,0.021568460389971733,3.1219100952148438,0.021568460389971733,17.642704010009766,226.19985961914062,0.0
1873,37.95470333099365,0.5,0.0,0.0,0.4652142822742462,-0.16187115013599396,-0.02583407796919346,3.1248483657836914,0.026184750720858574,3.1248483657836914,0.026184750720858574,0.0,257.0959777832031,0.0
1874,37.96614074707031,0.5,0.0,0.0,0.46918079257011414,-0.11527963727712631,0.034167226403951645,3.1207003593444824,0.030422735959291458,3.1207003593444824,0.030422735959291458,0.0,248.23150634765625,0.0
1875,37.99375557899475,0.5,0.0,0.0,0.4837879538536072,-0.07783538848161697,0.012603288516402245,3.1131203174591064,0.027712799608707428,3.1131203174591064,0.027712799608707428,0.0,237.49618530273438,0.0
1876,38.00515174865723,0.5,0.0,0.0,0.4943011999130249,-0.04313218593597412,0.006150600500404835,3.105595111846924,0.019468318670988083,3.105595111846924,0.019468318670988083,0.0,199.1106414794922,0.0
1877,38.03347420692444,0.5,0.0,0.0,0.4966886043548584,-0.008415203541517258,0.09810817986726761,3.1003260612487793,0.01066317968070507,3.1003260612487793,0.01066317968070507,0.0,182.6582794189453,0.0
1878,38.04451656341553,0.5,0.0,0.0,0.49966904520988464,0.021014174446463585,0.2270779311656952,3.098841905593872,0.004638522397726774,3.098841905593872,0.004638522397726774,0.0,169.55172729492188,0.0
1879,38.07290291786194,0.5,0.0,0.0,0.505007803440094,0.04701413959264755,0.3509487807750702,3.10251784324646,0.0009988867677748203,3.10251784324646,0.0009988867677748203,0.0,164.3629150390625,0.0
1880,38.084160804748535,0.5,0.0,0.0,0.5115369558334351,0.07221530377864838,0.4453679025173187,3.110703945159912,-0.0015428598271682858,3.110703945159912,0.0015428598271682858,0.0,159.767333984375,0.0
1881,38.11138033866882,0.5,0.0,0.0,0.5145114064216614,0.0969230905175209,0.43247586488723755,3.1210756301879883,-0.0027339616790413857,3.1210756301879883,0.0027339616790413857,0.0,161.24551391601562,0.0
1882,38.122363567352295,0.5,0.0,0.0,0.5153872966766357,0.12181802839040756,0.2834533452987671,3.129223585128784,0.0006080753519199789,3.129223585128784,0.0006080753519199789,0.0,151.0354461669922,0.0
1883,38.149930238723755,0.5,0.0,0.0,0.5187851190567017,0.14241920411586761,0.09843193739652634,3.131606340408325,0.010553070344030857,3.131606340408325,0.010553070344030857,0.0,138.67701721191406,0.0
1884,38.16131353378296,0.5,0.0,0.0,0.5032783150672913,0.15805231034755707,0.14162199199199677,3.126523494720459,0.02202734164893627,3.126523494720459,0.02202734164893627,168.66403198242188,92.90617370605469,0.0
1885,38.18877696990967,0.5,0.0,0.0,0.4906226396560669,0.13668107986450195,0.13823337852954865,3.1237785816192627,0.026364194229245186,3.1237785816192627,0.026364194229245186,219.03944396972656,31.20441436767578,0.0
1886,38.20017957687378,0.5,0.0,0.0,0.4603036940097809,0.09998472034931183,0.019027281552553177,3.1240925788879395,0.030373521149158478,3.1240925788879395,0.030373521149158478,231.36070251464844,0.0,0.0
1887,38.229830265045166,0.5,0.0,0.0,0.43040451407432556,0.06421934813261032,-0.09484554827213287,3.1240386962890625,0.03720318526029587,3.1240386962890625,0.03720318526029587,222.6514129638672,0.0,0.0
1888,38.24165892601013,0.5,0.0,0.0,0.41158536076545715,0.033005811274051666,-0.09908749163150787,3.1235437393188477,0.04520128294825554,3.1235437393188477,0.04520128294825554,216.64540100097656,0.0,0.0
1889,38.270522594451904,0.5,0.0,0.0,0.4002046287059784,0.003858978394418955,-0.04737213999032974,3.124758720397949,0.05141089856624603,3.124758720397949,0.05141089856624603,207.67153930664062,0.0,0.0
1890,38.28178787231445,0.5,0.0,0.0,0.39415302872657776,-0.02217225544154644,-0.00227217935025692,3.127115488052368,0.05560985580086708,3.127115488052368,0.05560985580086708,201.0663299560547,0.0,0.0
1891,38.30898857116699,0.5,0.0,0.0,0.3912939727306366,-0.045078497380018234,0.010380209423601627,3.1284122467041016,0.0563683956861496,3.1284122467041016,0.0563683956861496,196.0437469482422,0.0,0.0
1892,38.319910287857056,0.5,0.0,0.0,0.38855576515197754,-0.06542453169822693,-0.06491884589195251,3.126225233078003,0.054830800741910934,3.126225233078003,0.054830800741910934,179.7738037109375,0.0,0.0
1893,38.34751796722412,0.5,0.0,0.0,0.38536536693573,-0.08597920089960098,-0.17072544991970062,3.118861675262451,0.05223405361175537,3.118861675262451,0.05223405361175537,174.63790893554688,0.0,0.0
1894,38.35914611816406,0.5,0.0,0.0,0.3819550573825836,-0.10952864587306976,-0.19715926051139832,3.1088829040527344,0.04949381202459335,3.1088829040527344,0.04949381202459335,176.54603576660156,0.0,0.0
1895,38.38819646835327,0.5,0.0,0.0,0.3809052109718323,-0.13424603641033173,-0.13346508145332336,3.100659132003784,0.048277996480464935,3.100659132003784,0.048277996480464935,174.57479858398438,0.0,0.0
1896,38.40189719200134,0.5,0.0,0.0,0.3841470777988434,-0.15972204506397247,-0.0029774769209325314,3.09854793548584,0.05000212788581848,3.09854793548584,0.05000212788581848,174.84771728515625,0.0,0.0
1897,38.43078684806824,0.5,0.0,0.0,0.3970339894294739,-0.17466126382350922,-0.06671901792287827,3.104886293411255,0.04992574825882912,3.104886293411255,0.04992574825882912,130.38868713378906,119.0363998413086,0.0
1898,38.44176530838013,0.5,0.0,0.0,0.3922216296195984,-0.16525942087173462,-0.07909460365772247,3.113945245742798,0.045405447483062744,3.113945245742798,0.045405447483062744,54.51028823852539,173.67469787597656,0.0
1899,38.470322132110596,0.5,0.0,0.0,0.3816367983818054,-0.13146300613880157,-0.0033814923372119665,3.1215341091156006,0.046438999474048615,3.1215341091156006,0.046438999474048615,0.0,197.07986450195312,0.0
1900,38.48145937919617,0.5,0.0,0.0,0.3775906264781952,-0.09268130362033844,0.07468231767416,3.1249396800994873,0.046601682901382446,3.1249396800994873,0.046601682901382446,0.0,206.09507751464844,0.0
1901,38.50783967971802,0.5,0.0,0.0,0.38075652718544006,-0.06009766831994057,0.10066477209329605,3.1267924308776855,0.044839613139629364,3.1267924308776855,0.044839613139629364,0.0,204.08251953125,0.0
1902,38.51924395561218,0.5,0.0,0.0,0.3880820870399475,-0.029310282319784164,0.08609960973262787,3.1283023357391357,0.04123226925730705,3.1283023357391357,0.04123226925730705,0.0,208.4250946044922,0.0
1903,38.546298027038574,0.5,0.0,0.0,0.3933562934398651,0.004477077163755894,0.07391304522752762,3.1288809776306152,0.03532122075557709,3.1288809776306152,0.03532122075557709,0.0,204.98233032226562,0.0
1904,38.55754733085632,0.5,0.0,0.0,0.3968653678894043,0.0381767638027668,0.09692978858947754,3.1272318363189697,0.02883834019303322,3.1272318363189697,0.02883834019303322,0.0,192.420166015625,0.0
1905,38.58545804023743,0.5,0.0,0.0,0.40116262435913086,0.06977590918540955,0.15146036446094513,3.1238961219787598,0.02307865023612976,3.1238961219787598,0.02307865023612976,0.0,185.8729705810547,0.0
1906,38.59711480140686,0.5,0.0,0.0,0.4097607731819153,0.09786622226238251,0.23154741525650024,3.120954751968384,0.0180875975638628,3.120954751968384,0.0180875975638628,0.0,179.8126678466797,0.0
1907,38.62602424621582,0.5,0.0,0.0,0.4219817519187927,0.12205516546964645,0.31530657410621643,3.1212735176086426,0.014337615109980106,3.1212735176086426,0.014337615109980106,0.0,172.75973510742188,0.0
1908,38.638089418411255,0.5,0.0,0.0,0.42988720536231995,0.14410576224327087,0.33403462171554565,3.1265931129455566,0.012734640389680862,3.1265931129455566,0.012734640389680862,0.0,156.38003540039062,0.0
1909,38.66616463661194,0.5,0.0,0.0,0.41635584831237793,0.1702568084001541,0.05831218138337135,3.1317813396453857,0.016978658735752106,3.1317813396453857,0.016978658735752106,160.6484375,162.2469482421875,0.0
1910,38.67750120162964,0.5,0.0,0.0,0.41905534267425537,0.17357607185840607,0.12478923797607422,3.1292576789855957,0.019789641723036766,3.1292576789855957,0.019789641723036766,166.44883728027344,115.58879852294922,0.0
1911,38.70526051521301,0.5,0.0,0.0,0.4131484627723694,0.15023401379585266,0.15237288177013397,3.1272969245910645,0.021600980311632156,3.1272969245910645,0.021600980311632156,203.85008239746094,60.66929626464844,0.0
1912,38.71669244766235,0.5,0.0,0.0,0.39455199241638184,0.10823364555835724,0.09690354764461517,3.1251437664031982,0.026959124952554703,3.1251437664031982,0.026959124952554703,230.0496063232422,0.0,0.0
1913,38.74453926086426,0.5,0.0,0.0,0.3737979531288147,0.05853083357214928,-0.021032273769378662,3.1232850551605225,0.03703578561544418,3.1232850551605225,0.03703578561544418,212.2925262451172,0.0,0.0
1914,38.7562096118927,0.5,0.0,0.0,0.3642614483833313,0.016272276639938354,-0.06685119867324829,3.12153697013855,0.04677698388695717,3.12153697013855,0.04677698388695717,194.6189727783203,0.0,0.0
1915,38.78722143173218,0.5,0.0,0.0,0.360892117023468,-0.020113453269004822,-0.030871091410517693,3.121516227722168,0.05454640835523605,3.121516227722168,0.05454640835523605,186.346923828125,0.0,0.0
1916,38.79979920387268,0.5,0.0,0.0,0.3615075945854187,-0.05210527032613754,0.01722940243780613,3.122967004776001,0.059715092182159424,3.122967004776001,0.059715092182159424,178.11526489257812,0.0,0.0
1917,38.82710123062134,0.5,0.0,0.0,0.3624300956726074,-0.08174038678407669,0.009290529415011406,3.124518394470215,0.062345199286937714,3.124518394470215,0.062345199286937714,181.78392028808594,0.0,0.0
1918,38.83830952644348,0.5,0.0,0.0,0.36573347449302673,-0.11085739731788635,-0.009426125325262547,3.1230831146240234,0.06308414041996002,3.1230831146240234,0.06308414041996002,177.9552001953125,0.0,0.0
1919,38.86628246307373,0.5,0.0,0.0,0.3675072193145752,-0.14035263657569885,-0.008915478363633156,3.1200544834136963,0.06279050558805466,3.1200544834136963,0.06279050558805466,164.8127899169922,0.0,0.0
1920,38.87727761268616,0.5,0.0,0.0,0.3698168396949768,-0.172071173787117,-0.025120873004198074,3.1164920330047607,0.06280588358640671,3.1164920330047607,0.06280588358640671,163.43875122070312,0.0,0.0
1921,38.906017541885376,0.5,0.0,0.0,0.3748701512813568,-0.20584844052791595,-0.0060445768758654594,3.1141397953033447,0.06264326721429825,3.1141397953033447,0.06264326721429825,160.08631896972656,0.0,0.0
1922,38.917259216308594,0.5,0.0,0.0,0.3822823166847229,-0.24379697442054749,0.007094418164342642,3.118107557296753,0.06304699927568436,3.118107557296753,0.06304699927568436,162.39002990722656,277.0721740722656,0.0
1923,38.94363737106323,0.5,0.0,0.0,0.40301764011383057,-0.261062890291214,-0.09404989331960678,3.1280677318573,0.05667512118816376,3.1280677318573,0.05667512118816376,131.8673553466797,163.59255981445312,0.0
1924,38.95495343208313,0.5,0.0,0.0,0.4018588960170746,-0.25021126866340637,-0.16620247066020966,3.141012191772461,0.05068475753068924,3.141012191772461,0.05068475753068924,35.1850700378418,196.48822021484375,0.0
1925,38.982182264328,0.5,0.0,0.0,0.3921647369861603,-0.20803029835224152,-0.12714718282222748,-3.1344754695892334,0.047751665115356445,3.1344754695892334,0.047751665115356445,0.0,210.33480834960938,0.0
1926,38.994417905807495,0.5,0.0,0.0,0.39247581362724304,-0.16850176453590393,-0.05777451768517494,-3.1355104446411133,0.04311675578355789,3.1355104446411133,0.04311675578355789,0.0,196.42678833007812,0.0
1927,39.02195739746094,0.5,0.0,0.0,0.3981393873691559,-0.13948558270931244,-0.0034482048358768225,-3.1395514011383057,0.03719864413142204,3.1395514011383057,0.03719864413142204,0.0,197.45814514160156,0.0
1928,39.03364396095276,0.5,0.0,0.0,0.4089105725288391,-0.114341139793396,0.05234702676534653,3.1400885581970215,0.03252158313989639,3.1400885581970215,0.03252158313989639,0.0,197.996826171875,0.0
1929,39.06271171569824,0.5,0.0,0.0,0.42215675115585327,-0.08902471512556076,0.09270219504833221,3.1392922401428223,0.02790904976427555,3.1392922401428223,0.02790904976427555,0.0,200.86660766601562,0.0
1930,39.07459735870361,0.5,0.0,0.0,0.4321880042552948,-0.061594024300575256,0.11141858994960785,3.139859914779663,0.022861700505018234,3.139859914779663,0.022861700505018234,0.0,199.34657287597656,0.0
1931,39.10137104988098,0.5,0.0,0.0,0.43873557448387146,-0.03374549746513367,0.10223711282014847,3.1400530338287354,0.01861565001308918,3.1400530338287354,0.01861565001308918,0.0,201.1016845703125,0.0
1932,39.114513874053955,0.5,0.0,0.0,0.44870704412460327,-0.007424007169902325,0.08218634128570557,3.1391916275024414,0.015382583253085613,3.1391916275024414,0.015382583253085613,0.0,190.64071655273438,0.0
1933,39.14218306541443,0.5,0.0,0.0,0.46280616521835327,0.017807699739933014,0.08523024618625641,3.137302875518799,0.012353756465017796,3.137302875518799,0.012353756465017796,0.0,183.81788635253906,0.0
1934,39.15341663360596,0.5,0.0,0.0,0.4790497124195099,0.040798794478178024,0.07604743540287018,3.135108470916748,0.010060690343379974,3.135108470916748,0.010060690343379974,0.0,177.4119110107422,0.0
1935,39.18129563331604,0.5,0.0,0.0,0.49361300468444824,0.062000252306461334,0.039679184556007385,3.133627414703369,0.010520701296627522,3.133627414703369,0.010520701296627522,0.0,162.71661376953125,0.0
1936,39.193225145339966,0.5,0.0,0.0,0.4836382567882538,0.08333879709243774,0.22282354533672333,3.1287615299224854,0.015186316333711147,3.1287615299224854,0.015186316333711147,0.0,125.5771484375,0.0
1937,39.22462725639343,0.5,0.0,0.0,0.49058544635772705,0.07025768607854843,0.3072816729545593,3.127455711364746,0.015976285561919212,3.127455711364746,0.015976285561919212,196.00489807128906,51.10179138183594,0.0
1938,39.25191807746887,0.5,0.0,0.0,0.47474926710128784,0.03992534056305885,0.23274046182632446,3.128828763961792,0.018096279352903366,3.128828763961792,0.018096279352903366,204.8962860107422,0.0,0.0
1939,39.280858755111694,0.5,0.0,0.0,0.4564264714717865,0.008280479349195957,0.049452897161245346,3.1279211044311523,0.024196607992053032,3.1279211044311523,0.024196607992053032,195.74925231933594,0.0,0.0
1940,39.29239845275879,0.5,0.0,0.0,0.44694891571998596,-0.019120778888463974,-0.05577694624662399,3.1224677562713623,0.03251415863633156,3.1224677562713623,0.03251415863633156,193.33059692382812,0.0,0.0
1941,39.31997537612915,0.5,0.0,0.0,0.444585382938385,-0.047816816717386246,-0.04657023772597313,3.115901470184326,0.04109891504049301,3.115901470184326,0.04109891504049301,199.3128662109375,0.0,0.0
1942,39.3313889503479,0.5,0.0,0.0,0.44980642199516296,-0.07859522104263306,0.01361360214650631,3.1131203174591064,0.04828323423862457,3.1131203174591064,0.04828323423862457,204.7579803466797,0.0,0.0
1943,39.360044717788696,0.5,0.0,0.0,0.460285484790802,-0.10684367269277573,0.0718502327799797,3.1143996715545654,0.05229845270514488,3.1143996715545654,0.05229845270514488,200.20323181152344,0.0,0.0
1944,39.371339559555054,0.5,0.0,0.0,0.4715677797794342,-0.13156552612781525,0.030190985649824142,3.1159162521362305,0.05276297405362129,3.1159162521362305,0.05276297405362129,184.37750244140625,0.0,0.0
1945,39.398308992385864,0.5,0.0,0.0,0.4814698398113251,-0.15464167296886444,-0.08731064945459366,3.1131486892700195,0.050796251744031906,3.1131486892700195,0.050796251744031906,168.94979858398438,0.0,0.0
1946,39.4100821018219,0.5,0.0,0.0,0.48867976665496826,-0.18228848278522491,-0.13745670020580292,3.107377529144287,0.047051507979631424,3.107377529144287,0.047051507979631424,172.37738037109375,0.0,0.0
1947,39.43732523918152,0.5,0.0,0.0,0.49823835492134094,-0.21522192656993866,-0.036842215806245804,3.104919672012329,0.046631067991256714,3.104919672012329,0.046631067991256714,183.80767822265625,0.0,0.0
1948,39.44870400428772,0.5,0.0,0.0,0.5120198726654053,-0.2417628914117813,-0.03105119615793228,3.1133248805999756,0.0511491522192955,3.1133248805999756,0.0511491522192955,132.98118591308594,215.35577392578125,0.0
1949,39.47772407531738,0.5,0.0,0.0,0.511671781539917,-0.23345932364463806,-0.07654938846826553,3.1243724822998047,0.049437474459409714,3.1243724822998047,0.049437474459409714,55.79994201660156,173.6553497314453,26.648868560791016
1950,39.490813970565796,0.5,0.0,0.0,0.48014912009239197,-0.1613798588514328,-0.0004926843103021383,3.1290977001190186,0.04789302870631218,3.1290977001190186,0.04789302870631218,0.0,200.49293518066406,26.648868560791016
1951,39.519264936447144,0.5,0.0,0.0,0.4575757086277008,-0.0898212343454361,0.08641660213470459,3.1244893074035645,0.046408578753471375,3.1244893074035645,0.046408578753471375,0.0,193.42056274414062,26.648868560791016
1952,39.53072786331177,0.5,0.0,0.0,0.4443807303905487,-0.02412552386522293,0.17945623397827148,3.1175243854522705,0.04118563234806061,3.1175243854522705,0.04118563234806061,0.0,202.24758911132812,26.648868560791016
1953,39.56136727333069,0.5,0.0,0.0,0.4329645335674286,0.04190744087100029,0.2760918438434601,3.111348867416382,0.033841222524642944,3.111348867416382,0.033841222524642944,0.0,209.87179565429688,26.648868560791016
1954,39.573206186294556,0.5,0.0,0.0,0.42103588581085205,0.11083169281482697,0.3641856908798218,3.1064982414245605,0.024890966713428497,3.1064982414245605,0.024890966713428497,0.0,219.79696655273438,26.648868560791016
1955,39.59950017929077,0.5,0.0,0.0,0.4076583981513977,0.1843779981136322,0.497873455286026,3.1013710498809814,0.01540371123701334,3.1013710498809814,0.01540371123701334,0.0,219.1688232421875,26.648868560791016
1956,39.61047029495239,0.5,0.0,0.0,0.3955565392971039,0.2587566375732422,0.6983178853988647,3.09500789642334,0.0073074521496891975,3.09500789642334,0.0073074521496891975,0.0,211.4752960205078,26.648868560791016
1957,39.63803029060364,0.5,0.0,0.0,0.38534367084503174,0.3277371823787689,0.9164423942565918,3.087977886199951,0.0019576274789869785,3.087977886199951,0.0019576274789869785,0.0,187.72259521484375,26.648868560791016
1958,39.65204429626465,0.5,0.0,0.0,0.38106876611709595,0.38752055168151855,1.0902788639068604,3.0824716091156006,-2.9361810447880998e-05,3.0824716091156006,2.9361810447880998e-05,0.0,160.88150024414062,26.648868560791016
1959,39.683321952819824,0.5,0.0,0.0,0.3803238272666931,0.4383758008480072,1.1450402736663818,3.080714702606201,0.0010237670503556728,3.080714702606201,0.0010237670503556728,0.0,120.42977905273438,0.0
1960,39.69589829444885,0.5,0.0,0.0,0.37973281741142273,0.44318661093711853,0.8001449704170227,3.083785057067871,0.005985855124890804,3.083785057067871,0.005985855124890804,0.0,130.50425720214844,0.0
1961,39.723506927490234,0.5,0.0,0.0,0.362137109041214,0.43633243441581726,0.07978922873735428,3.080275774002075,0.009542309679090977,3.080275774002075,0.009542309679090977,180.21665954589844,117.6575927734375,0.0
1962,39.73747229576111,0.5,0.0,0.0,0.34314486384391785,0.3777775168418884,-0.20613428950309753,3.074392318725586,0.008779266849160194,3.074392318725586,0.008779266849160194,252.79898071289062,39.785213470458984,0.0
1963,39.76432657241821,0.5,0.0,0.0,0.31262317299842834,0.29420801997184753,-0.21664518117904663,3.0784733295440674,0.018291950225830078,3.0784733295440674,0.018291950225830078,290.58624267578125,0.0,0.0
1964,39.777212381362915,0.5,0.0,0.0,0.2999407947063446,0.213337242603302,-0.10706673562526703,3.0945844650268555,0.033631354570388794,3.0945844650268555,0.033631354570388794,259.83868408203125,0.0,0.0
1965,39.805731534957886,0.5,0.0,0.0,0.30238741636276245,0.15584348142147064,-0.049576349556446075,3.1142537593841553,0.04438019543886185,3.1142537593841553,0.04438019543886185,218.1175537109375,0.0,0.0
1966,39.817331075668335,0.5,0.0,0.0,0.30574947595596313,0.12007714807987213,-0.046879302710294724,3.127668619155884,0.048525940626859665,3.127668619155884,0.048525940626859665,177.7366943359375,0.0,0.0
1967,39.84408450126648,0.5,0.0,0.0,0.30751392245292664,0.09414675831794739,-0.08437728136777878,3.1288106441497803,0.047908902168273926,3.1288106441497803,0.047908902168273926,163.45652770996094,0.0,0.0
1968,39.855708599090576,0.5,0.0,0.0,0.30789914727211,0.06556586921215057,-0.12744882702827454,3.1215295791625977,0.04485606402158737,3.1215295791625977,0.04485606402158737,162.88571166992188,0.0,0.0
1969,39.883105993270874,0.5,0.0,0.0,0.30637481808662415,0.028100406751036644,-0.17182974517345428,3.1143975257873535,0.041387587785720825,3.1143975257873535,0.041387587785720825,172.06922912597656,0.0,0.0
1970,39.89440608024597,0.5,0.0,0.0,0.3034524917602539,-0.014119118452072144,-0.2248857021331787,3.113940715789795,0.03940648213028908,3.113940715789795,0.03940648213028908,171.6948699951172,0.0,0.0
1971,39.924084186553955,0.5,0.0,0.0,0.30386069416999817,-0.051435209810733795,-0.2498374730348587,3.1191673278808594,0.038866277784109116,3.1191673278808594,0.038866277784109116,171.5590057373047,0.0,0.0
1972,39.935147762298584,0.5,0.0,0.0,0.3071701228618622,-0.07895432412624359,-0.22236399352550507,3.1261940002441406,0.03935196250677109,3.1261940002441406,0.03935196250677109,156.68502807617188,0.0,0.0
1973,39.9630389213562,0.5,0.0,0.0,0.315428763628006,-0.09807976335287094,-0.1422283798456192,3.1330533027648926,0.041647471487522125,3.1330533027648926,0.041647471487522125,136.9856719970703,0.0,0.0
1974,39.97426891326904,0.5,0.0,0.0,0.31647393107414246,-0.11909306049346924,0.010251976549625397,3.1409859657287598,0.04588708281517029,3.1409859657287598,0.04588708281517029,113.52244567871094,161.95912170410156,0.0
1975,40.002066135406494,0.5,0.0,0.0,0.32437586784362793,-0.12290946394205093,0.0208300594240427,-3.133392810821533,0.04861109331250191,3.133392810821533,0.04861109331250191,50.67702102661133,173.1954803466797,0.0
1976,40.013461112976074,0.5,0.0,0.0,0.3206557035446167,-0.10389181971549988,0.021796854212880135,-3.1272923946380615,0.04991503804922104,3.1272923946380615,0.04991503804922104,0.0,222.78565979003906,0.0
1977,40.040611743927,0.5,0.0,0.0,0.32736635208129883,-0.0790606364607811,0.05597042292356491,-3.1258766651153564,0.04871097207069397,3.1258766651153564,0.04871097207069397,0.0,232.66029357910156,0.0
1978,40.051955223083496,0.5,0.0,0.0,0.34404322504997253,-0.05852655693888664,0.08165155351161957,-3.126368522644043,0.042462512850761414,3.126368522644043,0.042462512850761414,0.0,236.9411163330078,0.0
1979,40.079729080200195,0.5,0.0,0.0,0.36107152700424194,-0.03900303691625595,0.09657666087150574,-3.128085136413574,0.03347846120595932,3.128085136413574,0.03347846120595932,0.0,241.39743041992188,0.0
1980,40.091580629348755,0.5,0.0,0.0,0.37724190950393677,-0.01893615536391735,0.12555913627147675,-3.130333662033081,0.023985324427485466,3.130333662033081,0.023985324427485466,0.0,229.64837646484375,0.0
1981,40.121323347091675,0.5,0.0,0.0,0.39096975326538086,-0.00034025200875476,0.20199966430664062,-3.132160186767578,0.01529477909207344,3.132160186767578,0.01529477909207344,0.0,214.23773193359375,0.0
1982,40.133933782577515,0.5,0.0,0.0,0.40469858050346375,0.013475071638822556,0.2839886248111725,-3.1302947998046875,0.009995680302381516,3.1302947998046875,0.009995680302381516,0.0,200.16123962402344,0.0
1983,40.163007497787476,0.5,0.0,0.0,0.41644570231437683,0.02630709484219551,0.3193671405315399,-3.1242668628692627,0.007608388084918261,3.1242668628692627,0.007608388084918261,0.0,197.22007751464844,0.0
1984,40.17402672767639,0.5,0.0,0.0,0.42946529388427734,0.037971485406160355,0.29511070251464844,-3.1174583435058594,0.00715027516707778,3.1174583435058594,0.00715027516707778,0.0,184.27468872070312,0.0
1985,40.20012450218201,0.5,0.0,0.0,0.44475021958351135,0.0500577911734581,0.24732859432697296,-3.1096019744873047,0.007727802265435457,3.1096019744873047,0.007727802265435457,0.0,173.28907775878906,0.0
1986,40.21110510826111,0.5,0.0,0.0,0.46132734417915344,0.0639728382229805,0.19884473085403442,-3.1027657985687256,0.009833264164626598,3.1027657985687256,0.009833264164626598,0.0,159.57928466796875,0.0
1987,40.23814392089844,0.5,0.0,0.0,0.4785171151161194,0.07358817011117935,0.1403575986623764,-3.102515935897827,0.013805604539811611,3.102515935897827,0.013805604539811611,0.0,140.72702026367188,0.0
1988,40.249603271484375,0.5,0.0,0.0,0.4783654510974884,0.0807863399386406,0.20485728979110718,-3.1120173931121826,0.013508024625480175,3.1120173931121826,0.013508024625480175,249.52389526367188,91.29716491699219,0.0
1989,40.27755641937256,0.5,0.0,0.0,0.46830102801322937,0.05282667651772499,0.16105742752552032,-3.1220264434814453,0.012245366349816322,3.1220264434814453,0.012245366349816322,198.92344665527344,13.864757537841797,37.35164260864258
1990,40.288615465164185,0.5,0.0,0.0,0.45930999517440796,-0.027893440797924995,-0.07538897544145584,-3.128146171569824,0.01758851297199726,3.128146171569824,0.01758851297199726,219.78878784179688,0.0,37.35164260864258
1991,40.31620168685913,0.5,0.0,0.0,0.4591892659664154,-0.10697905719280243,-0.2359691858291626,-3.1279470920562744,0.027560409158468246,3.1279470920562744,0.027560409158468246,225.9114990234375,0.0,37.35164260864258
1992,40.32725191116333,0.5,0.0,0.0,0.4733610451221466,-0.18339070677757263,-0.28715747594833374,-3.1225578784942627,0.03853631392121315,3.1225578784942627,0.03853631392121315,223.16455078125,0.0,37.35164260864258
1993,40.354607343673706,0.5,0.0,0.0,0.4982902705669403,-0.25442931056022644,-0.31714266538619995,-3.113969087600708,0.04630277678370476,3.113969087600708,0.04630277678370476,208.74755859375,0.0,37.35164260864258
1994,40.367512464523315,0.5,0.0,0.0,0.5284725427627563,-0.31734856963157654,-0.39319536089897156,-3.10604190826416,0.048893481492996216,3.10604190826416,0.048893481492996216,198.94252014160156,0.0,37.35164260864258
1995,40.39505457878113,0.5,0.0,0.0,0.561934232711792,-0.37401026487350464,-0.5752280950546265,-3.1032371520996094,0.04653952270746231,3.1032371520996094,0.04653952270746231,168.5186767578125,0.0,37.35164260864258
1996,40.40645980834961,0.5,0.0,0.0,0.5935989022254944,-0.42599019408226013,-0.7799444198608398,-3.105591058731079,0.03968706354498863,3.105591058731079,0.03968706354498863,128.40040588378906,0.0,37.35164260864258
1997,40.43546795845032,0.5,0.0,0.0,0.6219569444656372,-0.47651946544647217,-0.900031566619873,-3.1100471019744873,0.029257195070385933,3.1100471019744873,0.029257195070385933,100.18050384521484,0.0,37.35164260864258
1998,40.44677734375,0.5,0.0,0.0,0.6483049392700195,-0.5214738845825195,-0.8148585557937622,-3.114025115966797,0.01912553235888481,3.114025115966797,0.01912553235888481,85.73614501953125,0.0,37.35164260864258
1999,40.47408962249756,0.5,0.0,0.0,0.6709632277488708,-0.5574287176132202,-0.4207853674888611,-3.1132049560546875,0.012069419957697392,3.1132049560546875,0.012069419957697392,78.18128967285156,138.9873809814453,0.0
2000,40.48536443710327,0.5,0.0,0.0,0.6526964902877808,-0.5099577307701111,-0.20261645317077637,-3.109987258911133,0.003448033006861806,3.109987258911133,0.003448033006861806,24.870040893554688,239.6441650390625,0.0
2001,40.52850937843323,0.5,0.0,0.0,0.6104223728179932,-0.4316657781600952,0.09538491070270538,-3.111846446990967,0.00588060449808836,3.111846446990967,0.00588060449808836,0.0,296.91552734375,0.0
2002,40.54087829589844,0.5,0.0,0.0,0.5885818004608154,-0.3628684878349304,0.21559682488441467,-3.1230273246765137,0.015113281086087227,3.1230273246765137,0.015113281086087227,0.0,312.6083984375,0.0
2003,40.56766700744629,0.5,0.0,0.0,0.5854173898696899,-0.31362834572792053,0.145187109708786,3.1409945487976074,0.022704459726810455,3.1409945487976074,0.022704459726810455,0.0,308.8486328125,0.0
2004,40.579047441482544,0.5,0.0,0.0,0.5942299365997314,-0.2782503068447113,0.017028329893946648,3.119476318359375,0.024695469066500664,3.119476318359375,0.024695469066500664,0.0,269.5684814453125,0.0
2005,40.60616898536682,0.5,0.0,0.0,0.6035407781600952,-0.24901843070983887,-0.03862706571817398,3.1003236770629883,0.020112615078687668,3.1003236770629883,0.020112615078687668,0.0,215.60385131835938,0.0
2006,40.617778062820435,0.5,0.0,0.0,0.6069656610488892,-0.22413884103298187,0.024624619632959366,3.0881457328796387,0.01443607360124588,3.0881457328796387,0.01443607360124588,0.0,172.2133331298828,0.0
2007,40.64500665664673,0.5,0.0,0.0,0.6094264388084412,-0.20403702557086945,0.1304348260164261,3.08612060546875,0.011849621310830116,3.08612060546875,0.011849621310830116,0.0,148.0977783203125,0.0
2008,40.65656614303589,0.5,0.0,0.0,0.6014021039009094,-0.1824389100074768,0.213705912232399,3.0932157039642334,0.012953300029039383,3.0932157039642334,0.012953300029039383,0.0,149.26837158203125,0.0
2009,40.6840455532074,0.5,0.0,0.0,0.5985952615737915,-0.1630915254354477,0.2297380417585373,3.104783773422241,0.020566441118717194,3.104783773422241,0.020566441118717194,0.0,146.57630920410156,0.0
2010,40.695000886917114,0.5,0.0,0.0,0.6119146347045898,-0.1460363119840622,0.19608920812606812,3.1185693740844727,0.028963111340999603,3.1185693740844727,0.028963111340999603,0.0,147.77023315429688,0.0
2011,40.72241282463074,0.5,0.0,0.0,0.6322342753410339,-0.12767356634140015,0.1619700938463211,3.13144850730896,0.031079059466719627,3.13144850730896,0.031079059466719627,0.0,152.4807891845703,0.0
2012,40.734631299972534,0.5,0.0,0.0,0.6574106812477112,-0.10777980089187622,0.13851255178451538,-3.1411798000335693,0.027437768876552582,3.1411798000335693,0.027437768876552582,0.0,166.28219604492188,0.0
2013,40.762566804885864,0.5,0.0,0.0,0.6830313801765442,-0.08618380129337311,0.1416313350200653,-3.134877920150757,0.01962251402437687,3.134877920150757,0.01962251402437687,0.0,155.05809020996094,0.0
2014,40.775052547454834,0.5,0.0,0.0,0.7076249718666077,-0.06864695996046066,0.16531062126159668,-3.132469415664673,0.01204802468419075,3.132469415664673,0.01204802468419075,0.0,139.91036987304688,0.0
2015,40.80274772644043,0.5,0.0,0.0,0.7277093529701233,-0.05797873064875603,0.1916968673467636,-3.1354856491088867,0.007539158686995506,3.1354856491088867,0.007539158686995506,0.0,105.50159454345703,0.0
2016,40.81425642967224,0.5,0.0,0.0,0.7191622257232666,-0.04932285100221634,0.47151491045951843,3.1379518508911133,0.010339051485061646,3.1379518508911133,0.010339051485061646,273.00408935546875,53.96094512939453,0.0
2017,40.841487884521484,0.5,0.0,0.0,0.67099928855896,-0.05115753412246704,0.14215387403964996,3.124260425567627,0.013861404731869698,3.124260425567627,0.013861404731869698,246.01470947265625,11.460975646972656,0.0
2018,40.8544065952301,0.5,0.0,0.0,0.598782479763031,-0.055752698332071304,-0.055093131959438324,3.1166396141052246,0.013447497971355915,3.1166396141052246,0.013447497971355915,301.9615478515625,0.0,0.0
2019,40.88349103927612,0.5,0.0,0.0,0.521747887134552,-0.05838499218225479,-0.10119017213582993,3.1130218505859375,0.01927782967686653,3.1130218505859375,0.01927782967686653,306.3877258300781,0.0,33.08681106567383
2020,40.89507293701172,0.5,0.0,0.0,0.4276987612247467,-0.08477422595024109,-0.0673588290810585,3.113515615463257,0.036584366112947464,3.113515615463257,0.036584366112947464,293.2043151855469,0.0,33.08681106567383
2021,40.92295241355896,0.5,0.0,0.0,0.3546583652496338,-0.11148302257061005,-0.03117191791534424,3.1179561614990234,0.058702386915683746,3.1179561614990234,0.058702386915683746,264.6451110839844,0.0,33.08681106567383
2022,40.935706615448,0.5,0.0,0.0,0.298909991979599,-0.13602951169013977,-0.03959616273641586,3.1222083568573,0.07798270136117935,3.1222083568573,0.07798270136117935,229.8821258544922,0.0,33.08681106567383
2023,40.96507501602173,0.5,0.0,0.0,0.24968504905700684,-0.15939444303512573,-0.05453762412071228,3.12190842628479,0.09064072370529175,3.12190842628479,0.09064072370529175,203.51303100585938,0.0,33.08681106567383
2024,40.976725816726685,0.5,0.0,0.0,0.20150907337665558,-0.1829417496919632,-0.07767220586538315,3.1157426834106445,0.09764113277196884,3.1157426834106445,0.09764113277196884,172.61680603027344,0.0,33.08681106567383
2025,41.0040488243103,0.5,0.0,0.0,0.15312592685222626,-0.20618225634098053,-0.14319176971912384,3.104862689971924,0.10125832259654999,3.104862689971924,0.10125832259654999,147.95486450195312,0.0,33.08681106567383
2026,41.01549410820007,0.5,0.0,0.0,0.10500205308198929,-0.23126621544361115,-0.22503122687339783,3.0907552242279053,0.10281030833721161,3.0907552242279053,0.10281030833721161,138.7523956298828,0.0,33.08681106567383
2027,41.0422739982605,0.5,0.0,0.0,0.05510736629366875,-0.2608974874019623,-0.22076423466205597,3.077453136444092,0.1029001772403717,3.077453136444092,0.1029001772403717,151.13397216796875,0.0,33.08681106567383
2028,41.05370569229126,0.5,0.0,0.0,0.01219814270734787,-0.2884834408760071,-0.15642434358596802,3.0719425678253174,0.10185118764638901,3.0719425678253174,0.10185118764638901,145.4545440673828,36.99779510498047,33.08681106567383
2029,41.08370089530945,0.5,0.0,0.0,-0.01169546414166689,-0.3022705018520355,-0.03227256238460541,3.0761520862579346,0.09566834568977356,3.0761520862579346,0.09566834568977356,140.19561767578125,145.7610626220703,0.0
2030,41.09536385536194,0.5,0.0,0.0,0.001983549678698182,-0.27782711386680603,0.13727028667926788,3.0923259258270264,0.08472836017608643,3.0923259258270264,0.08472836017608643,86.75430297851562,192.89422607421875,0.0
2031,41.12282919883728,0.5,0.0,0.0,0.011673887260258198,-0.23075765371322632,0.17472103238105774,3.1111042499542236,0.07250440865755081,3.1111042499542236,0.07250440865755081,0.0,224.34072875976562,0.0
2032,41.13433218002319,0.5,0.0,0.0,0.016708632931113243,-0.17896999418735504,0.12218217551708221,3.1184732913970947,0.06115589290857315,3.1184732913970947,0.06115589290857315,0.0,200.42800903320312,0.0
2033,41.16188025474548,0.5,0.0,0.0,0.020228881388902664,-0.136214017868042,0.10831911861896515,3.1153955459594727,0.05288827791810036,3.1153955459594727,0.05288827791810036,0.0,191.8642578125,0.0
2034,41.17397689819336,0.5,0.0,0.0,0.027877135202288628,-0.10108225047588348,0.1044016182422638,3.1087846755981445,0.04792594164609909,3.1087846755981445,0.04792594164609909,0.0,182.3473663330078,0.0
2035,41.20208382606506,0.5,0.0,0.0,0.04038824886083603,-0.06953885406255722,0.08606607466936111,3.105837345123291,0.043565552681684494,3.105837345123291,0.043565552681684494,0.0,188.77008056640625,0.0
2036,41.21321749687195,0.5,0.0,0.0,0.056741178035736084,-0.03806232288479805,0.07517383247613907,3.1074209213256836,0.03730887547135353,3.1074209213256836,0.03730887547135353,0.0,186.64566040039062,0.0
2037,41.24133229255676,0.5,0.0,0.0,0.07664100080728531,-0.005858075805008411,0.09208358824253082,3.1123733520507812,0.029245711863040924,3.1123733520507812,0.029245711863040924,0.0,190.7151336669922,0.0
2038,41.25373697280884,0.5,0.0,0.0,0.09785374253988266,0.027067329734563828,0.10858186334371567,3.119640350341797,0.020533422008156776,3.119640350341797,0.020533422008156776,0.0,203.12025451660156,0.0
2039,41.28032994270325,0.5,0.0,0.0,0.12096074223518372,0.06160096824169159,0.1302596628665924,3.127246856689453,0.012097852304577827,3.127246856689453,0.012097852304577827,0.0,206.8553924560547,0.0
2040,41.29183053970337,0.5,0.0,0.0,0.14292921125888824,0.10074848681688309,0.22594277560710907,3.1321609020233154,0.006118290591984987,3.1321609020233154,0.006118290591984987,0.0,193.64453125,0.0
2041,41.31897759437561,0.5,0.0,0.0,0.158454030752182,0.14116309583187103,0.32851189374923706,3.129215955734253,0.00595505814999342,3.129215955734253,0.00595505814999342,26.855594635009766,175.40972900390625,0.0
2042,41.330044984817505,0.5,0.0,0.0,0.17482061684131622,0.16498000919818878,0.3256905674934387,3.1161141395568848,0.004560423549264669,3.1161141395568848,0.004560423549264669,75.0343246459961,142.033447265625,0.0
2043,41.35793733596802,0.5,0.0,0.0,0.193559929728508,0.15438111126422882,0.16283638775348663,3.0991110801696777,0.0010716086253523827,3.0991110801696777,0.0010716086253523827,172.27249145507812,50.31711959838867,0.0
2044,41.36954116821289,0.5,0.0,0.0,0.20244666934013367,0.12374865263700485,0.011592118069529533,3.084348201751709,0.004335043020546436,3.084348201751709,0.004335043020546436,188.50196838378906,0.0,0.0
2045,41.39616107940674,0.5,0.0,0.0,0.21549220383167267,0.09138309210538864,-0.07642550766468048,3.074758768081665,0.011113393120467663,3.074758768081665,0.011113393120467663,182.50099182128906,0.0,0.0
2046,41.40737223625183,0.5,0.0,0.0,0.23646260797977448,0.061044685542583466,-0.07066918909549713,3.07078218460083,0.017475076019763947,3.07078218460083,0.017475076019763947,187.08815002441406,0.0,0.0
2047,41.43433213233948,0.5,0.0,0.0,0.2627868056297302,0.03372616320848465,-0.010097340680658817,3.071100950241089,0.02091287449002266,3.071100950241089,0.02091287449002266,187.35084533691406,0.0,0.0
2048,41.445738792419434,0.5,0.0,0.0,0.2907751798629761,0.007233269512653351,0.02511143684387207,3.0742862224578857,0.021485263481736183,3.0742862224578857,0.021485263481736183,187.3607940673828,0.0,0.0
2049,41.47408866882324,0.5,0.0,0.0,0.3183854818344116,-0.0180563572794199,-0.0005852123722434044,3.0795576572418213,0.02044041082262993,3.0795576572418213,0.02044041082262993,189.1803741455078,0.0,27.937719345092773
2050,41.48535132408142,0.5,0.0,0.0,0.35353970527648926,-0.015553230419754982,0.05005106329917908,3.083116292953491,0.021686242893338203,3.083116292953491,0.021686242893338203,195.96954345703125,0.0,27.937719345092773
2051,41.51235914230347,0.5,0.0,0.0,0.39454177021980286,-0.01745709776878357,0.1124219223856926,3.084124803543091,0.02462642826139927,3.084124803543091,0.02462642826139927,200.84170532226562,0.0,27.937719345092773
2052,41.52346444129944,0.5,0.0,0.0,0.43936246633529663,-0.023050300776958466,0.14717034995555878,3.086352586746216,0.02865052968263626,3.086352586746216,0.02865052968263626,196.65066528320312,0.0,27.937719345092773
2053,41.549447774887085,0.5,0.0,0.0,0.48597389459609985,-0.02900763414800167,0.18561279773712158,3.092756748199463,0.034009989351034164,3.092756748199463,0.034009989351034164,189.21609497070312,0.0,27.937719345092773
2054,41.560481548309326,0.5,0.0,0.0,0.5304072499275208,-0.03254132345318794,0.23605181276798248,3.107004404067993,0.0423981212079525,3.107004404067993,0.0423981212079525,151.22764587402344,0.0,27.937719345092773
2055,41.587390184402466,0.5,0.0,0.0,0.5676268339157104,-0.008448692038655281,0.04048167169094086,3.123917579650879,0.0466412790119648,3.123917579650879,0.0466412790119648,36.87495803833008,152.79710388183594,27.937719345092773
2056,41.598647356033325,0.5,0.0,0.0,0.5688771605491638,0.04328872635960579,0.08019233494997025,3.1325907707214355,0.04152996838092804,3.1325907707214355,0.04152996838092804,0.0,175.69871520996094,27.937719345092773
2057,41.627166748046875,0.5,0.0,0.0,0.5760313272476196,0.09677312523126602,0.2120344042778015,3.1322274208068848,0.03330716863274574,3.1322274208068848,0.03330716863274574,0.0,183.9288330078125,27.937719345092773
2058,41.63852143287659,0.5,0.0,0.0,0.5986899733543396,0.1466909646987915,0.33788564801216125,3.1255648136138916,0.026764824986457825,3.1255648136138916,0.026764824986457825,0.0,200.26455688476562,27.937719345092773
2059,41.66743803024292,0.5,0.0,0.0,0.6357851028442383,0.1958296298980713,0.4534739553928375,3.1164989471435547,0.022951455786824226,3.1164989471435547,0.022951455786824226,0.0,225.45285034179688,0.0
2060,41.67866134643555,0.5,0.0,0.0,0.6790800094604492,0.21878871321678162,0.5064860582351685,3.1107170581817627,0.014014849439263344,3.1107170581817627,0.014014849439263344,0.0,229.22410583496094,0.0
2061,41.706239223480225,0.5,0.0,0.0,0.7124326229095459,0.24162475764751434,0.6469728350639343,3.1104817390441895,-0.0012846584431827068,3.1104817390441895,0.0012846584431827068,0.0,206.16648864746094,0.0
2062,41.71715521812439,0.5,0.0,0.0,0.7273594737052917,0.25502267479896545,0.8673267364501953,3.1150386333465576,-0.01720924861729145,3.1150386333465576,0.01720924861729145,0.0,165.13629150390625,0.0
2063,41.74400281906128,0.5,0.0,0.0,0.7289392352104187,0.25828948616981506,1.039940595626831,3.1235511302948,-0.02760153077542782,3.1235511302948,0.02760153077542782,0.0,125.00606536865234,0.0
2064,41.756824254989624,0.5,0.0,0.0,0.726133406162262,0.25619760155677795,0.9301141500473022,3.1330344676971436,-0.02950986661016941,3.1330344676971436,0.02950986661016941,0.0,113.32709503173828,0.0
2065,41.78591799736023,0.5,0.0,0.0,0.7037908434867859,0.2568505108356476,0.07038629800081253,3.137627601623535,-0.02075236476957798,3.137627601623535,0.02075236476957798,291.0497131347656,107.45542907714844,0.0
2066,41.797781229019165,0.5,0.0,0.0,0.6742690801620483,0.2255561202764511,0.0028628006111830473,3.133103132247925,-0.013386794365942478,3.133103132247925,0.013386794365942478,238.95408630371094,48.95915222167969,0.0
2067,41.82614326477051,0.5,0.0,0.0,0.6200156807899475,0.15749484300613403,0.09612259268760681,3.13582444190979,-0.01037868857383728,3.13582444190979,0.01037868857383728,305.5298767089844,0.0,0.0
2068,41.83948993682861,0.5,0.0,0.0,0.5541428923606873,0.0739469826221466,0.05856078118085861,-3.133239507675171,-0.0011688119266182184,3.133239507675171,0.0011688119266182184,301.25177001953125,0.0,0.0
2069,41.86701440811157,0.5,0.0,0.0,0.5071889758110046,0.003979698289185762,-0.13997389376163483,-3.1162617206573486,0.013964809477329254,3.1162617206573486,0.013964809477329254,269.8659362792969,0.0,0.0
2070,41.87869906425476,0.5,0.0,0.0,0.48117297887802124,-0.048708025366067886,-0.27076631784439087,-3.1077041625976562,0.030979938805103302,3.1077041625976562,0.030979938805103302,246.37574768066406,0.0,0.0
2071,41.906299114227295,0.5,0.0,0.0,0.47099214792251587,-0.09179581701755524,-0.2417077124118805,-3.107560157775879,0.04512295499444008,3.107560157775879,0.04512295499444008,219.24884033203125,0.0,0.0
2072,41.91772270202637,0.5,0.0,0.0,0.4679119884967804,-0.13120581209659576,-0.13374285399913788,-3.1105337142944336,0.05273636057972908,3.1105337142944336,0.05273636057972908,201.23484802246094,0.0,0.0
2073,41.945823669433594,0.5,0.0,0.0,0.46592679619789124,-0.16791607439517975,-0.054239094257354736,-3.1131720542907715,0.05392514541745186,3.1131720542907715,0.05392514541745186,171.9439697265625,0.0,0.0
2074,41.95741248130798,0.5,0.0,0.0,0.46124908328056335,-0.201920285820961,-0.1137397512793541,-3.116422176361084,0.050018779933452606,3.116422176361084,0.050018779933452606,133.90374755859375,0.0,0.0
2075,41.98599290847778,0.5,0.0,0.0,0.45256948471069336,-0.2332790195941925,-0.2841686010360718,-3.1215944290161133,0.0437391959130764,3.1215944290161133,0.0437391959130764,111.39157104492188,0.0,0.0
2076,42.01008415222168,0.5,0.0,0.0,0.4411238729953766,-0.25919225811958313,-0.38610801100730896,-3.1273317337036133,0.03675651550292969,3.1273317337036133,0.03675651550292969,100.008056640625,0.0,0.0
2077,42.054299116134644,0.5,0.0,0.0,0.4313402771949768,-0.283613383769989,-0.2665267586708069,-3.1301627159118652,0.033885493874549866,3.1301627159118652,0.033885493874549866,117.98666381835938,0.0,0.0
2078,42.06759238243103,0.5,0.0,0.0,0.4289743900299072,-0.3037481904029846,-0.047903627157211304,-3.1244585514068604,0.03635098785161972,3.1244585514068604,0.03635098785161972,98.18392181396484,126.67850494384766,0.0
2079,42.096264362335205,0.5,0.0,0.0,0.4174801707267761,-0.2950631082057953,0.05571341514587402,-3.1145436763763428,0.03398307412862778,3.1145436763763428,0.03398307412862778,54.883384704589844,206.1093292236328,23.56268310546875
2080,42.10715341567993,0.5,0.0,0.0,0.4052334427833557,-0.22564871609210968,0.12697026133537292,-3.105943441390991,0.033693667501211166,3.105943441390991,0.033693667501211166,0.0,254.97715759277344,23.56268310546875
2081,42.13349890708923,0.5,0.0,0.0,0.4007020592689514,-0.14696748554706573,0.1576417088508606,-3.108255624771118,0.032056137919425964,3.108255624771118,0.032056137919425964,0.0,258.6927795410156,23.56268310546875
2082,42.14497900009155,0.5,0.0,0.0,0.40855735540390015,-0.07951214164495468,0.2077709138393402,-3.1210923194885254,0.02563457004725933,3.1210923194885254,0.02563457004725933,0.0,240.52696228027344,23.56268310546875
2083,42.171950340270996,0.5,0.0,0.0,0.4198451638221741,-0.020140478387475014,0.3050590753555298,-3.136737823486328,0.015143738128244877,3.136737823486328,0.015143738128244877,0.0,226.14993286132812,23.56268310546875
2084,42.18294882774353,0.5,0.0,0.0,0.4315100908279419,0.03968629986047745,0.5126960873603821,3.133220672607422,0.002560617169365287,3.133220672607422,0.002560617169365287,0.0,210.98667907714844,23.56268310546875
2085,42.210548400878906,0.5,0.0,0.0,0.4428998529911041,0.09571176022291183,0.7785929441452026,3.1257009506225586,-0.009858252480626106,3.1257009506225586,0.009858252480626106,0.0,191.21786499023438,23.56268310546875
2086,42.221768379211426,0.5,0.0,0.0,0.45362305641174316,0.1463957130908966,1.0468387603759766,3.1254005432128906,-0.019828232005238533,3.1254005432128906,0.019828232005238533,0.0,171.25892639160156,23.56268310546875
2087,42.251134157180786,0.5,0.0,0.0,0.4661259353160858,0.19091570377349854,1.3156743049621582,3.130347728729248,-0.02685680240392685,3.130347728729248,0.02685680240392685,0.0,144.62774658203125,23.56268310546875
2088,42.26398539543152,0.5,0.0,0.0,0.4799899756908417,0.2253895252943039,1.49330735206604,3.1379165649414062,-0.030661465600132942,3.1379165649414062,0.030661465600132942,0.0,121.91667175292969,23.56268310546875
2089,42.29221749305725,0.5,0.0,0.0,0.4916841983795166,0.2542141079902649,1.38591730594635,-3.139253854751587,-0.03121291659772396,3.139253854751587,0.03121291659772396,0.0,120.66551208496094,0.0
2090,42.303306579589844,0.5,0.0,0.0,0.490218847990036,0.23935231566429138,0.8776497840881348,-3.1387975215911865,-0.023360345512628555,3.1387975215911865,0.023360345512628555,0.0,136.51904296875,0.0
2091,42.33103942871094,0.5,0.0,0.0,0.4660716652870178,0.22894860804080963,0.2388027161359787,3.1342995166778564,-0.01742427609860897,3.1342995166778564,0.01742427609860897,378.0816345214844,92.62767791748047,0.0
2092,42.342350244522095,0.5,0.0,0.0,0.4384154975414276,0.16519112884998322,-0.11727280914783478,3.124335765838623,-0.01036165188997984,3.124335765838623,0.01036165188997984,273.0451965332031,29.103588104248047,0.0
2093,42.370373249053955,0.5,0.0,0.0,0.40790143609046936,0.0915815532207489,-0.2682943344116211,3.1225266456604004,0.004909691866487265,3.1225266456604004,0.004909691866487265,278.39227294921875,0.0,0.0
2094,42.38167595863342,0.5,0.0,0.0,0.39151233434677124,0.025047702714800835,-0.23727966845035553,3.132054328918457,0.02022460848093033,3.132054328918457,0.02022460848093033,242.04470825195312,0.0,0.0
2095,42.40998983383179,0.5,0.0,0.0,0.3876533508300781,-0.0232707429677248,-0.17569033801555634,-3.135523796081543,0.032497305423021317,3.135523796081543,0.032497305423021317,195.34877014160156,0.0,0.0
2096,42.42279648780823,0.5,0.0,0.0,0.38791123032569885,-0.05651495233178139,-0.16832487285137177,-3.1214590072631836,0.03998352214694023,3.1214590072631836,0.03998352214694023,164.11199951171875,0.0,0.0
2097,42.45086407661438,0.5,0.0,0.0,0.3882092535495758,-0.08168354630470276,-0.20268575847148895,-3.113774061203003,0.043865833431482315,3.113774061203003,0.043865833431482315,151.4056854248047,0.0,0.0
2098,42.46191596984863,0.5,0.0,0.0,0.3906075656414032,-0.1041601151227951,-0.21886801719665527,-3.1134145259857178,0.044977493584156036,3.1134145259857178,0.044977493584156036,151.03309631347656,0.0,0.0
2099,42.489811182022095,0.5,0.0,0.0,0.39430466294288635,-0.12800340354442596,-0.23576858639717102,-3.118614912033081,0.043364062905311584,3.118614912033081,0.043364062905311584,142.18637084960938,0.0,0.0
2100,42.50079321861267,0.5,0.0,0.0,0.39700841903686523,-0.15669791400432587,-0.3096698224544525,-3.126397132873535,0.040103353559970856,3.126397132873535,0.040103353559970856,135.1346435546875,0.0,0.0
2101,42.528422832489014,0.5,0.0,0.0,0.4005776047706604,-0.188066303730011,-0.33242368698120117,-3.1322295665740967,0.03511966019868851,3.1322295665740967,0.03511966019868851,137.47714233398438,0.0,0.0
2102,42.54158353805542,0.5,0.0,0.0,0.40473687648773193,-0.21779699623584747,-0.19689999520778656,-3.1332767009735107,0.031015437096357346,3.1332767009735107,0.031015437096357346,134.35935974121094,0.0,0.0
2103,42.57142925262451,0.5,0.0,0.0,0.4163394272327423,-0.24011576175689697,-0.1363246738910675,-3.127652168273926,0.027128810063004494,3.127652168273926,0.027128810063004494,117.9019546508789,148.16510009765625,0.0
2104,42.58291268348694,0.5,0.0,0.0,0.4174385368824005,-0.23610861599445343,-0.12895266711711884,-3.1181509494781494,0.0204215869307518,3.1181509494781494,0.0204215869307518,61.15018081665039,212.66258239746094,0.0
2105,42.61027908325195,0.5,0.0,0.0,0.406194806098938,-0.19787800312042236,-0.07197842746973038,-3.109997510910034,0.019603971391916275,3.109997510910034,0.019603971391916275,0.0,263.8053283691406,0.0
2106,42.62236213684082,0.5,0.0,0.0,0.410709947347641,-0.1505342721939087,0.0323067270219326,-3.1111152172088623,0.020568110048770905,3.1111152172088623,0.020568110048770905,0.0,266.6012878417969,0.0
2107,42.65041160583496,0.5,0.0,0.0,0.43115726113319397,-0.11611612886190414,0.09080632776021957,-3.1186556816101074,0.018739458173513412,3.1186556816101074,0.018739458173513412,0.0,250.8361053466797,0.0
2108,42.662036657333374,0.5,0.0,0.0,0.448551744222641,-0.08974052965641022,0.10418190062046051,-3.127568006515503,0.012358606792986393,3.127568006515503,0.012358606792986393,0.0,229.15975952148438,0.0
2109,42.689974546432495,0.5,0.0,0.0,0.4598309099674225,-0.06613000482320786,0.14975854754447937,-3.132833957672119,0.005363205913454294,3.132833957672119,0.005363205913454294,0.0,210.53271484375,0.0
2110,42.70122575759888,0.5,0.0,0.0,0.469014972448349,-0.044620171189308167,0.21722081303596497,-3.133267879486084,0.0011369030689820647,3.133267879486084,0.0011369030689820647,0.0,187.8954620361328,0.0
2111,42.727285623550415,0.5,0.0,0.0,0.4778505861759186,-0.0265626460313797,0.2554594874382019,-3.1295318603515625,-0.0003972742415498942,3.1295318603515625,0.0003972742415498942,0.0,170.849853515625,0.0
2112,42.73864221572876,0.5,0.0,0.0,0.48636820912361145,-0.009238344617187977,0.2407321035861969,-3.124199867248535,-0.0003453194221947342,3.124199867248535,0.0003453194221947342,0.0,168.7277069091797,0.0
2113,42.76730227470398,0.5,0.0,0.0,0.49717673659324646,0.006813795305788517,0.18155032396316528,-3.1208550930023193,0.0007284876191988587,3.1208550930023193,0.0007284876191988587,0.0,153.52719116210938,0.0
2114,42.77946329116821,0.5,0.0,0.0,0.5083873867988586,0.02106877788901329,0.13587117195129395,-3.1196343898773193,0.003082571318373084,3.1196343898773193,0.003082571318373084,0.0,131.5791473388672,0.0
2115,42.80621123313904,0.5,0.0,0.0,0.5155224204063416,0.02902924083173275,0.11864712089300156,-3.1216630935668945,0.009993644431233406,3.1216630935668945,0.009993644431233406,0.0,104.96427917480469,0.0
2116,42.817723989486694,0.5,0.0,0.0,0.48892632126808167,0.03537789359688759,0.3353010416030884,-3.1285486221313477,0.01478333305567503,3.1285486221313477,0.01478333305567503,309.6910095214844,45.08477020263672,0.0
2117,42.84580659866333,0.5,0.0,0.0,0.4763037860393524,0.004789040889590979,0.25110092759132385,-3.129462480545044,0.015315767377614975,3.129462480545044,0.015315767377614975,231.06727600097656,0.0,0.0
2118,42.857409715652466,0.5,0.0,0.0,0.44612935185432434,-0.026134131476283073,0.03991414234042168,-3.1313066482543945,0.021977409720420837,3.1313066482543945,0.021977409720420837,230.87513732910156,0.0,0.0
2119,42.884488344192505,0.5,0.0,0.0,0.4262673258781433,-0.053106021136045456,-0.0692303329706192,-3.1381287574768066,0.033551085740327835,3.1381287574768066,0.033551085740327835,228.960205078125,0.0,0.0
2120,42.897176027297974,0.5,0.0,0.0,0.4170418977737427,-0.08325588703155518,-0.04869312047958374,3.1368801593780518,0.04661647975444794,3.1368801593780518,0.04661647975444794,233.93597412109375,0.0,0.0
2121,42.924437522888184,0.5,0.0,0.0,0.41670557856559753,-0.1142333373427391,0.0076227872632443905,3.1325175762176514,0.05787205323576927,3.1325175762176514,0.05787205323576927,221.7153778076172,0.0,0.0
2122,42.936254024505615,0.5,0.0,0.0,0.42224520444869995,-0.13976742327213287,0.09855225682258606,3.1302592754364014,0.06512539833784103,3.1302592754364014,0.06512539833784103,204.55474853515625,0.0,0.0
2123,42.963911294937134,0.5,0.0,0.0,0.42856869101524353,-0.16073264181613922,0.1433125138282776,3.127749443054199,0.06839819997549057,3.127749443054199,0.06839819997549057,179.4342803955078,0.0,0.0
2124,42.97786545753479,0.5,0.0,0.0,0.4352613389492035,-0.17854741215705872,0.14194150269031525,3.1216418743133545,0.0681997686624527,3.1216418743133545,0.0681997686624527,156.09291076660156,0.0,0.0
2125,43.00465488433838,0.5,0.0,0.0,0.4396854043006897,-0.19965796172618866,0.0945008248090744,3.11289119720459,0.06348954886198044,3.11289119720459,0.06348954886198044,141.3450927734375,0.0,0.0
2126,43.01818799972534,0.5,0.0,0.0,0.44190794229507446,-0.23018671572208405,-0.030976947396993637,3.1059675216674805,0.05716572701931,3.1059675216674805,0.05716572701931,159.13397216796875,0.0,0.0
2127,43.04556131362915,0.5,0.0,0.0,0.4424201250076294,-0.26499485969543457,-0.09660014510154724,3.106166124343872,0.05330958589911461,3.106166124343872,0.05330958589911461,165.12217712402344,42.575836181640625,0.0
2128,43.05688810348511,0.5,0.0,0.0,0.46718794107437134,-0.2754669189453125,-0.2896198332309723,3.114630699157715,0.04730420559644699,3.114630699157715,0.04730420559644699,129.26611328125,150.18228149414062,0.0
2129,43.085668325424194,0.5,0.0,0.0,0.46710270643234253,-0.2504101097583771,-0.2593746483325958,3.1235666275024414,0.03309936076402664,3.1235666275024414,0.03309936076402664,39.404869079589844,193.86947631835938,48.73490524291992
2130,43.098944664001465,0.5,0.0,0.0,0.40881428122520447,-0.24409005045890808,-0.14581529796123505,3.1277897357940674,0.026876306161284447,3.1277897357940674,0.026876306161284447,0.0,219.51683044433594,48.73490524291992
2131,43.12523007392883,0.5,0.0,0.0,0.3683947026729584,-0.2428489327430725,-0.0815594270825386,3.1279714107513428,0.028730573132634163,3.1279714107513428,0.028730573132634163,0.0,217.3500518798828,48.73490524291992
2132,43.136446714401245,0.5,0.0,0.0,0.34052184224128723,-0.2519984841346741,-0.13421101868152618,3.1269614696502686,0.03262782469391823,3.1269614696502686,0.03262782469391823,0.0,212.78924560546875,48.73490524291992
2133,43.16296195983887,0.5,0.0,0.0,0.30862659215927124,-0.26228585839271545,-0.2469833642244339,3.127216100692749,0.0352804996073246,3.127216100692749,0.0352804996073246,0.0,211.62973022460938,48.73490524291992
2134,43.17403602600098,0.5,0.0,0.0,0.26899293065071106,-0.27132177352905273,-0.37244585156440735,3.12764573097229,0.03873616084456444,3.12764573097229,0.03873616084456444,0.0,208.75933837890625,48.73490524291992
2135,43.201528549194336,0.5,0.0,0.0,0.22707499563694,-0.28144699335098267,-0.5028705596923828,3.12587308883667,0.04696730524301529,3.12587308883667,0.04696730524301529,0.0,210.94302368164062,48.73490524291992
2136,43.21304965019226,0.5,0.0,0.0,0.19009491801261902,-0.2926309406757355,-0.641669750213623,3.121856927871704,0.06090497225522995,3.121856927871704,0.06090497225522995,0.0,225.04771423339844,48.73490524291992
2137,43.240121603012085,0.5,0.0,0.0,0.15846262872219086,-0.30374789237976074,-0.8282212018966675,3.115471601486206,0.07884236425161362,3.115471601486206,0.07884236425161362,0.0,247.1212158203125,48.73490524291992
2138,43.25123333930969,0.5,0.0,0.0,0.1367620974779129,-0.31628453731536865,-1.0708298683166504,3.104771375656128,0.09841911494731903,3.104771375656128,0.09841911494731903,0.0,256.5939636230469,48.73490524291992
2139,43.28118419647217,0.5,0.0,0.0,0.12466408312320709,-0.33755630254745483,-1.2866261005401611,3.088963270187378,0.11593346297740936,3.088963270187378,0.11593346297740936,0.0,236.8335723876953,0.0
2140,43.292248249053955,0.5,0.0,0.0,0.15520279109477997,-0.3217589855194092,-1.3181363344192505,3.0712010860443115,0.13081692159175873,3.0712010860443115,0.13081692159175873,0.0,190.6197052001953,0.0
2141,43.32097816467285,0.5,0.0,0.0,0.18181684613227844,-0.31008297204971313,-1.2875162363052368,3.0537168979644775,0.1434457153081894,3.0537168979644775,0.1434457153081894,0.0,120.0119400024414,0.0
2142,43.33781290054321,0.5,0.0,0.0,0.16583648324012756,-0.296382337808609,-0.8128310441970825,3.043067693710327,0.14736585319042206,3.043067693710327,0.14736585319042206,293.598876953125,21.528648376464844,0.0
2143,43.364673376083374,0.5,0.0,0.0,0.18476876616477966,-0.3121582269668579,-0.7563427686691284,3.044955253601074,0.13770440220832825,3.044955253601074,0.13770440220832825,161.76199340820312,0.0,0.0
2144,43.376288652420044,0.5,0.0,0.0,0.18328580260276794,-0.32071653008461,-0.7476961612701416,3.0518553256988525,0.11946502327919006,3.0518553256988525,0.11946502327919006,137.29638671875,0.0,0.0
2145,43.4034960269928,0.5,0.0,0.0,0.17523643374443054,-0.33209604024887085,-0.8261194229125977,3.059241771697998,0.09972743690013885,3.059241771697998,0.09972743690013885,131.53866577148438,0.0,0.0
2146,43.414530992507935,0.5,0.0,0.0,0.17006850242614746,-0.34813666343688965,-0.9249577522277832,3.0661168098449707,0.08251550048589706,3.0661168098449707,0.08251550048589706,130.00527954101562,0.0,0.0
2147,43.44143557548523,0.5,0.0,0.0,0.16946904361248016,-0.36863917112350464,-1.0603915452957153,3.07387113571167,0.06769189983606339,3.07387113571167,0.06769189983606339,139.48681640625,0.0,0.0
2148,43.453495025634766,0.5,0.0,0.0,0.17385445535182953,-0.3877450227737427,-1.1928534507751465,3.082930564880371,0.05554885417222977,3.082930564880371,0.05554885417222977,143.6907958984375,0.0,0.0
2149,43.482542991638184,0.5,0.0,0.0,0.182882621884346,-0.4003089964389801,-1.09067702293396,3.092317819595337,0.04591396078467369,3.092317819595337,0.04591396078467369,135.84930419921875,0.0,48.78479766845703
2150,43.49440860748291,0.5,0.0,0.0,0.23260480165481567,-0.40946730971336365,-0.5369996428489685,3.1015915870666504,0.03978253901004791,3.1015915870666504,0.03978253901004791,114.77677917480469,169.5350341796875,48.78479766845703
2151,43.520591735839844,0.5,0.0,0.0,0.3063660264015198,-0.37447312474250793,-0.09401464462280273,3.112776517868042,0.03396177664399147,3.112776517868042,0.03396177664399147,97.72013854980469,217.00241088867188,48.78479766845703
2152,43.53189492225647,0.5,0.0,0.0,0.374114453792572,-0.3191298842430115,0.16780829429626465,3.121898889541626,0.028628578409552574,3.121898889541626,0.028628578409552574,59.86605453491211,278.56146240234375,48.78479766845703
2153,43.55974626541138,0.5,0.0,0.0,0.43921950459480286,-0.24512679874897003,0.17209528386592865,3.1245932579040527,0.028612790629267693,3.1245932579040527,0.028612790629267693,0.0,302.3028259277344,48.78479766845703
2154,43.57248258590698,0.5,0.0,0.0,0.5143982172012329,-0.16587883234024048,0.1831655651330948,3.1172659397125244,0.026774104684591293,3.1172659397125244,0.026774104684591293,0.0,278.9082336425781,48.78479766845703
2155,43.5988450050354,0.5,0.0,0.0,0.5985546708106995,-0.10443796217441559,0.3260353207588196,3.1062629222869873,0.017654459923505783,3.1062629222869873,0.017654459923505783,0.0,243.45643615722656,48.78479766845703
2156,43.61020803451538,0.5,0.0,0.0,0.6857369542121887,-0.05981653556227684,0.535865843296051,3.0995583534240723,0.0051941839046776295,3.0995583534240723,0.0051941839046776295,0.0,201.35960388183594,48.78479766845703
2157,43.63884615898132,0.5,0.0,0.0,0.7702794075012207,-0.0221711378544569,0.749247133731842,3.1015005111694336,-0.006688578519970179,3.1015005111694336,0.006688578519970179,0.0,182.23464965820312,48.78479766845703
2158,43.650484561920166,0.5,0.0,0.0,0.8615222573280334,0.009916556067764759,0.9126931428909302,3.111558675765991,-0.017080092802643776,3.111558675765991,0.017080092802643776,0.0,160.9438934326172,48.78479766845703
2159,43.67817282676697,0.5,0.0,0.0,0.9533720016479492,0.03443226218223572,1.0218837261199951,3.128614902496338,-0.03188116475939751,3.128614902496338,0.03188116475939751,0.0,137.2974090576172,0.0
2160,43.68953609466553,0.5,0.0,0.0,0.9820371866226196,0.04698986932635307,1.0964076519012451,-3.134695053100586,-0.05312970653176308,3.134695053100586,0.05312970653176308,0.0,112.28553009033203,0.0
2161,43.71613144874573,0.5,0.0,0.0,0.9945891499519348,0.0500713512301445,1.220871925354004,-3.115248918533325,-0.07484250515699387,3.115248918533325,0.07484250515699387,0.0,73.29547119140625,0.0
2162,43.7272515296936,0.5,0.0,0.0,1.0017943382263184,0.032496556639671326,1.3275643587112427,-3.097785472869873,-0.08821477741003036,3.097785472869873,0.08821477741003036,0.0,40.312808990478516,0.0
2163,43.75341033935547,0.5,0.0,0.0,1.0026410818099976,-0.010969050228595734,1.2468490600585938,-3.0852808952331543,-0.09026116132736206,3.0852808952331543,0.09026116132736206,0.0,2.0827765464782715,0.0
2164,43.76542782783508,0.5,0.0,0.0,0.9391688108444214,-0.049815792590379715,0.451175719499588,-3.0874998569488525,-0.0796138197183609,3.0874998569488525,0.0796138197183609,0.0,0.0,0.0
2165,43.791285276412964,0.5,0.0,0.0,0.8583775162696838,-0.06342876702547073,-0.03461004048585892,-3.101619243621826,-0.07529719173908234,3.101619243621826,0.07529719173908234,296.698486328125,0.0,0.0
2166,43.802979469299316,0.5,0.0,0.0,0.744838535785675,-0.07622162252664566,-0.06890710443258286,-3.1248483657836914,-0.06663117557764053,3.1248483657836914,0.06663117557764053,361.92620849609375,0.0,0.0
2167,43.82974147796631,0.5,0.0,0.0,0.636615514755249,-0.09536265581846237,0.19410040974617004,3.137720823287964,-0.044772204011678696,3.137720823287964,0.044772204011678696,376.14337158203125,0.0,0.0
2168,43.84129452705383,0.5,0.0,0.0,0.5598399639129639,-0.12476766854524612,0.374715119600296,3.1290016174316406,-0.01842617429792881,3.1290016174316406,0.01842617429792881,373.42578125,0.0,0.0
2169,43.86866235733032,0.5,0.0,0.0,0.5117396712303162,-0.15644051134586334,0.39437562227249146,3.12673020362854,0.0009311528410762548,3.12673020362854,0.0009311528410762548,345.3620300292969,0.0,0.0
2170,43.87974214553833,0.5,0.0,0.0,0.4762762188911438,-0.18781229853630066,0.327332079410553,3.1199898719787598,0.012062703259289265,3.1199898719787598,0.012062703259289265,281.8343811035156,0.0,0.0
2171,43.907694816589355,0.5,0.0,0.0,0.44843804836273193,-0.21854063868522644,0.26439622044563293,3.1027121543884277,0.021805627271533012,3.1027121543884277,0.021805627271533012,206.91256713867188,0.0,0.0
2172,43.92235779762268,0.5,0.0,0.0,0.428774893283844,-0.24526649713516235,0.2741643488407135,3.078857898712158,0.03328823298215866,3.078857898712158,0.03328823298215866,147.96444702148438,0.0,0.0
2173,43.9575891494751,0.5,0.0,0.0,0.4122883975505829,-0.2677824795246124,0.4095965325832367,3.055528402328491,0.04653732478618622,3.055528402328491,0.04653732478618622,130.8772430419922,0.0,0.0
2174,43.969395875930786,0.5,0.0,0.0,0.39382341504096985,-0.2892606258392334,0.6013004183769226,3.0401031970977783,0.06239740923047066,3.0401031970977783,0.06239740923047066,122.8521499633789,0.0,0.0
2175,43.996703147888184,0.5,0.0,0.0,0.3751398026943207,-0.3130536675453186,0.7100747227668762,3.0367162227630615,0.0817512646317482,3.0367162227630615,0.0817512646317482,131.74270629882812,0.0,0.0
2176,44.00797414779663,0.5,0.0,0.0,0.3581774830818176,-0.33513516187667847,0.7033116817474365,3.0479230880737305,0.10229743272066116,3.0479230880737305,0.10229743272066116,111.41197967529297,0.0,0.0
2177,44.0359742641449,0.5,0.0,0.0,0.3608902394771576,-0.3272157907485962,0.2913073003292084,3.0689589977264404,0.11565466970205307,3.0689589977264404,0.11565466970205307,45.24982452392578,138.86192321777344,0.0
2178,44.047590494155884,0.5,0.0,0.0,0.349196195602417,-0.29445868730545044,0.01112852618098259,3.086834669113159,0.10933093726634979,3.086834669113159,0.10933093726634979,0.0,153.5965576171875,0.0
2179,44.07574796676636,0.5,0.0,0.0,0.32151883840560913,-0.25155726075172424,-0.1155201643705368,3.095964193344116,0.09488498419523239,3.095964193344116,0.09488498419523239,0.0,156.6044158935547,52.41645431518555
2180,44.08686661720276,0.5,0.0,0.0,0.27307844161987305,-0.26076391339302063,-0.19801490008831024,3.0976808071136475,0.08202467858791351,3.0976808071136475,0.08202467858791351,0.0,163.23341369628906,52.41645431518555
2181,44.11323380470276,0.5,0.0,0.0,0.22878006100654602,-0.2689887285232544,-0.14562806487083435,3.0977721214294434,0.07371491193771362,3.0977721214294434,0.07371491193771362,0.0,185.06968688964844,52.41645431518555
2182,44.124964237213135,0.5,0.0,0.0,0.1866556853055954,-0.2778379023075104,-0.08916982263326645,3.1000306606292725,0.06990330666303635,3.1000306606292725,0.06990330666303635,0.0,215.9769744873047,52.41645431518555
2183,44.15371584892273,0.5,0.0,0.0,0.14237041771411896,-0.285435289144516,-0.11279409378767014,3.1058311462402344,0.06952814757823944,3.1058311462402344,0.06952814757823944,0.0,240.89947509765625,52.41645431518555
2184,44.16488289833069,0.5,0.0,0.0,0.0904761254787445,-0.2896242141723633,-0.25526219606399536,3.11037278175354,0.07301028072834015,3.11037278175354,0.07301028072834015,0.0,263.9042053222656,52.41645431518555
2185,44.19227576255798,0.5,0.0,0.0,0.03237929940223694,-0.29172036051750183,-0.539609968662262,3.1088545322418213,0.08136498928070068,3.1088545322418213,0.08136498928070068,0.0,282.36993408203125,52.41645431518555
2186,44.2036337852478,0.5,0.0,0.0,-0.019036410376429558,-0.3000921905040741,-0.8890758156776428,3.101473093032837,0.09214582294225693,3.101473093032837,0.09214582294225693,0.0,276.96484375,52.41645431518555
2187,44.23119592666626,0.5,0.0,0.0,-0.060236454010009766,-0.3179090619087219,-1.190306305885315,3.0912678241729736,0.10166671127080917,3.0912678241729736,0.10166671127080917,0.0,262.1513366699219,52.41645431518555
2188,44.24225378036499,0.5,0.0,0.0,-0.08893920481204987,-0.34796038269996643,-1.3815062046051025,3.0793333053588867,0.1077517718076706,3.0793333053588867,0.1077517718076706,0.0,220.0697479248047,52.41645431518555
2189,44.27043414115906,0.5,0.0,0.0,-0.10198675841093063,-0.389613538980484,-1.460713505744934,3.0678598880767822,0.1131519079208374,3.0678598880767822,0.1131519079208374,0.0,171.508056640625,62.626399993896484
2190,44.28258752822876,0.5,0.0,0.0,-0.14328177273273468,-0.31407836079597473,-1.1150355339050293,3.0570013523101807,0.12603075802326202,3.0570013523101807,0.12603075802326202,89.7255859375,112.48657989501953,62.626399993896484
2191,44.309441566467285,0.5,0.0,0.0,-0.17693310976028442,-0.2571491301059723,-0.6634870767593384,3.0456881523132324,0.1405123770236969,3.0456881523132324,0.1405123770236969,189.18936157226562,29.516910552978516,62.626399993896484
2192,44.32208323478699,0.5,0.0,0.0,-0.18076588213443756,-0.2028723508119583,-0.20842884480953217,3.031764268875122,0.14563409984111786,3.031764268875122,0.14563409984111786,208.30914306640625,0.0,62.626399993896484
2193,44.34917330741882,0.5,0.0,0.0,-0.19657161831855774,-0.1516880989074707,0.13606619834899902,3.0105934143066406,0.1391528844833374,3.0105934143066406,0.1391528844833374,173.0867919921875,0.0,62.626399993896484
2194,44.36045289039612,0.5,0.0,0.0,-0.2384989708662033,-0.11017162352800369,0.28480803966522217,2.991481304168701,0.12744659185409546,2.991481304168701,0.12744659185409546,142.20016479492188,0.0,62.626399993896484
2195,44.38693308830261,0.5,0.0,0.0,-0.2933692932128906,-0.07988947629928589,0.2592166066169739,2.982236385345459,0.11724304407835007,2.982236385345459,0.11724304407835007,148.2083740234375,0.0,62.626399993896484
2196,44.40188813209534,0.5,0.0,0.0,-0.34726467728614807,-0.058217234909534454,0.17119473218917847,2.9843709468841553,0.11063522100448608,2.9843709468841553,0.11063522100448608,165.4861297607422,0.0,62.626399993896484
2197,44.431397438049316,0.5,0.0,0.0,-0.39937764406204224,-0.035098228603601456,0.14270304143428802,2.9954640865325928,0.10942335426807404,2.9954640865325928,0.10942335426807404,174.46640014648438,0.0,62.626399993896484
2198,44.44425845146179,0.5,0.0,0.0,-0.4520711600780487,-0.0009172360878437757,0.28288111090660095,3.0114383697509766,0.11420247703790665,3.0114383697509766,0.11420247703790665,175.9872283935547,0.0,62.626399993896484
2199,44.47256422042847,0.5,0.0,0.0,-0.49439167976379395,0.0457884818315506,0.5188957452774048,3.0293991565704346,0.1220867782831192,3.0293991565704346,0.1220867782831192,160.75250244140625,0.0,18.71011734008789
2200,44.48356580734253,0.5,0.0,0.0,-0.4998355507850647,0.020346850156784058,0.5801496505737305,3.0534558296203613,0.12360554933547974,3.0534558296203613,0.12360554933547974,120.60861206054688,0.0,18.71011734008789
2201,44.5111780166626,0.5,0.0,0.0,-0.5026512145996094,0.0023479016963392496,0.42481282353401184,3.086703300476074,0.11747976392507553,3.086703300476074,0.11747976392507553,73.27334594726562,234.80471801757812,18.71011734008789
2202,44.5232048034668,0.5,0.0,0.0,-0.44659292697906494,0.014098597690463066,0.4541761875152588,3.115490674972534,0.10090760886669159,3.115490674972534,0.10090760886669159,30.276029586791992,226.31997680664062,18.71011734008789
2203,44.551109075546265,0.5,0.0,0.0,-0.3991245925426483,0.036498378962278366,0.3955932855606079,3.129619836807251,0.07860902696847916,3.129619836807251,0.07860902696847916,5.367828845977783,236.4901580810547,18.71011734008789
2204,44.564481258392334,0.5,0.0,0.0,-0.360107421875,0.05580081045627594,0.2689554691314697,3.132047414779663,0.055778950452804565,3.132047414779663,0.055778950452804565,0.0,238.35220336914062,18.71011734008789
2205,44.590864181518555,0.5,0.0,0.0,-0.3220843970775604,0.07275201380252838,0.1470697671175003,3.13175106048584,0.032728035002946854,3.13175106048584,0.032728035002946854,0.0,249.83621215820312,18.71011734008789
2206,44.601961612701416,0.5,0.0,0.0,-0.28333672881126404,0.09162241220474243,0.13656094670295715,3.1318657398223877,0.009199786931276321,3.1318657398223877,0.009199786931276321,0.0,247.94696044921875,18.71011734008789
2207,44.628846645355225,0.5,0.0,0.0,-0.24359551072120667,0.1125621348619461,0.26203399896621704,3.1346919536590576,-0.01205642893910408,3.1346919536590576,0.01205642893910408,0.0,251.8984832763672,18.71011734008789
2208,44.642425775527954,0.5,0.0,0.0,-0.20159949362277985,0.13351783156394958,0.4863753318786621,-3.140808343887329,-0.027026070281863213,3.140808343887329,0.027026070281863213,0.0,251.1637725830078,18.71011734008789
2209,44.67226266860962,0.5,0.0,0.0,-0.16361777484416962,0.15039163827896118,0.6463999152183533,-3.1277520656585693,-0.03515935316681862,3.1277520656585693,0.03515935316681862,0.0,237.70697021484375,0.0
2210,44.684246301651,0.5,0.0,0.0,-0.12341035157442093,0.18249285221099854,0.6095543503761292,-3.113142728805542,-0.03661670163273811,3.113142728805542,0.03661670163273811,0.0,221.45309448242188,0.0
2211,44.71914553642273,0.5,0.0,0.0,-0.08878128230571747,0.21351878345012665,0.4217894673347473,-3.103311777114868,-0.034627702087163925,3.103311777114868,0.034627702087163925,0.0,211.2551727294922,0.0
2212,44.73440670967102,0.5,0.0,0.0,-0.04951631277799606,0.2417384535074234,0.27497363090515137,-3.103508234024048,-0.034599561244249344,3.103508234024048,0.034599561244249344,0.0,160.12417602539062,0.0
2213,44.761512756347656,0.5,0.0,0.0,-0.0022918088361620903,0.2567580044269562,0.17147578299045563,-3.1138525009155273,-0.03991904854774475,3.1138525009155273,0.03991904854774475,0.0,112.12432098388672,0.0
2214,44.774314403533936,0.5,0.0,0.0,0.04172822833061218,0.2480665147304535,0.1987336128950119,-3.1317527294158936,-0.04895651340484619,3.1317527294158936,0.04895651340484619,147.5924530029297,67.8682632446289,0.0
2215,44.801724672317505,0.5,0.0,0.0,0.08350609987974167,0.20283670723438263,0.18971076607704163,3.1358847618103027,-0.055330630391836166,3.1358847618103027,0.055330630391836166,204.13973999023438,14.83428955078125,0.0
2216,44.813865661621094,0.5,0.0,0.0,0.12662644684314728,0.14686432480812073,0.11817026883363724,3.1297073364257812,-0.05599037557840347,3.1297073364257812,0.05599037557840347,190.43234252929688,0.0,0.0
2217,44.84126257896423,0.5,0.0,0.0,0.16981589794158936,0.0952199324965477,0.026255523785948753,3.129586696624756,-0.054809778928756714,3.129586696624756,0.054809778928756714,193.28253173828125,0.0,0.0
2218,44.85256505012512,0.5,0.0,0.0,0.2161073386669159,0.049360767006874084,-0.03925365209579468,3.1297361850738525,-0.05321400240063667,3.1297361850738525,0.05321400240063667,182.076904296875,0.0,0.0
2219,44.880348443984985,0.5,0.0,0.0,0.2659384608268738,0.005931214429438114,-0.08119992911815643,3.127310037612915,-0.05131860077381134,3.127310037612915,0.05131860077381134,192.20962524414062,0.0,0.0
2220,44.892486572265625,0.5,0.0,0.0,0.3230316936969757,-0.03770317882299423,-0.07349447906017303,3.122982978820801,-0.04930960759520531,3.122982978820801,0.04930960759520531,199.49969482421875,0.0,0.0
2221,44.9218065738678,0.5,0.0,0.0,0.3864593207836151,-0.08557998389005661,-0.07455017417669296,3.119840383529663,-0.048695869743824005,3.119840383529663,0.048695869743824005,203.94168090820312,0.0,0.0
2222,44.93332767486572,0.5,0.0,0.0,0.44901546835899353,-0.1335885375738144,-0.1662735939025879,3.118013620376587,-0.05047638714313507,3.118013620376587,0.05047638714313507,180.10118103027344,0.0,0.0
2223,44.961249351501465,0.5,0.0,0.0,0.5041966438293457,-0.17522941529750824,-0.3184330463409424,3.1158080101013184,-0.05454414337873459,3.1158080101013184,0.05454414337873459,158.406005859375,0.0,0.0
2224,44.972360134124756,0.5,0.0,0.0,0.5547285079956055,-0.20732197165489197,-0.3773082494735718,3.11405348777771,-0.05858694761991501,3.11405348777771,0.05858694761991501,142.58436584472656,0.0,0.0
2225,44.9989070892334,0.5,0.0,0.0,0.602550208568573,-0.22539737820625305,-0.19791264832019806,3.1164097785949707,-0.05941220372915268,3.1164097785949707,0.05941220372915268,119.65692901611328,0.0,0.0
2226,45.01014566421509,0.5,0.0,0.0,0.6249863505363464,-0.22780804336071014,0.026444029062986374,3.123504877090454,-0.057878006249666214,3.123504877090454,0.057878006249666214,52.001155853271484,153.862548828125,0.0
2227,45.038257122039795,0.5,0.0,0.0,0.5913916826248169,-0.19926637411117554,0.18183612823486328,3.1293327808380127,-0.055755335837602615,3.1293327808380127,0.055755335837602615,0.0,227.164794921875,0.0
2228,45.04948353767395,0.5,0.0,0.0,0.5612324476242065,-0.17247317731380463,0.2508614659309387,3.1293320655822754,-0.049341168254613876,3.1293320655822754,0.049341168254613876,0.0,247.13583374023438,0.0
2229,45.07853364944458,0.5,0.0,0.0,0.5548956990242004,-0.154377743601799,0.22240668535232544,3.1220390796661377,-0.039395567029714584,3.1220390796661377,0.039395567029714584,0.0,266.2904052734375,0.0
2230,45.08988642692566,0.5,0.0,0.0,0.5654134154319763,-0.1389775425195694,0.14176975190639496,3.1087300777435303,-0.029603922739624977,3.1087300777435303,0.029603922739624977,0.0,262.66107177734375,0.0
2231,45.116050004959106,0.5,0.0,0.0,0.5782365798950195,-0.12233676761388779,0.09493051469326019,3.0943422317504883,-0.02457301877439022,3.0943422317504883,0.02457301877439022,0.0,256.23773193359375,0.0
2232,45.12725496292114,0.5,0.0,0.0,0.5881070494651794,-0.10590104013681412,0.12220188975334167,3.084944725036621,-0.022703293710947037,3.084944725036621,0.022703293710947037,0.0,227.4495849609375,0.0
2233,45.15495419502258,0.5,0.0,0.0,0.5959330797195435,-0.09180859476327896,0.2146960198879242,3.0830047130584717,-0.02118816040456295,3.0830047130584717,0.02118816040456295,0.0,207.55917358398438,0.0
2234,45.16611909866333,0.5,0.0,0.0,0.6061740517616272,-0.08058629930019379,0.3071257472038269,3.0892322063446045,-0.018923921510577202,3.0892322063446045,0.018923921510577202,0.0,195.7139892578125,0.0
2235,45.19260048866272,0.5,0.0,0.0,0.6156137585639954,-0.06704273074865341,0.3684515058994293,3.1017420291900635,-0.01918225921690464,3.1017420291900635,0.01918225921690464,0.0,178.13369750976562,0.0
2236,45.20365238189697,0.5,0.0,0.0,0.6174747347831726,-0.050978370010852814,0.3693244755268097,3.1150152683258057,-0.021230624988675117,3.1150152683258057,0.021230624988675117,0.0,169.51583862304688,0.0
2237,45.22951817512512,0.5,0.0,0.0,0.6188281774520874,-0.0359831266105175,0.29833078384399414,3.123448133468628,-0.020236246287822723,3.123448133468628,0.020236246287822723,0.0,146.27076721191406,0.0
2238,45.2409462928772,0.5,0.0,0.0,0.6214759945869446,-0.024144822731614113,0.22408190369606018,3.125744104385376,-0.012241930700838566,3.125744104385376,0.012241930700838566,0.0,118.28573608398438,0.0
2239,45.26935529708862,0.5,0.0,0.0,0.5994728803634644,-0.018223566934466362,0.40162327885627747,3.1182661056518555,0.002385607222095132,3.1182661056518555,0.002385607222095132,48.5898551940918,33.637630462646484,22.99471664428711
2240,45.28064513206482,0.5,0.0,0.0,0.5959911346435547,-0.06576642394065857,0.2022877335548401,3.117581367492676,0.010591537691652775,3.117581367492676,0.010591537691652775,203.9832305908203,0.0,22.99471664428711
2241,45.30788445472717,0.5,0.0,0.0,0.5832626819610596,-0.11258743703365326,-0.008295904844999313,3.124737501144409,0.016479674726724625,3.124737501144409,0.016479674726724625,224.95384216308594,0.0,22.99471664428711
2242,45.31925582885742,0.5,0.0,0.0,0.5720593929290771,-0.1583460420370102,-0.08067620545625687,3.1339664459228516,0.027102438732981682,3.1339664459228516,0.027102438732981682,236.9569091796875,0.0,22.99471664428711
2243,45.345611333847046,0.5,0.0,0.0,0.5728800296783447,-0.2037685513496399,-0.11193753778934479,-3.1405587196350098,0.04233376309275627,3.1405587196350098,0.04233376309275627,247.1474151611328,0.0,22.99471664428711
2244,45.35729360580444,0.5,0.0,0.0,0.5907474160194397,-0.24701641499996185,-0.13966532051563263,-3.1345813274383545,0.05524224042892456,3.1345813274383545,0.05524224042892456,245.933349609375,0.0,22.99471664428711
2245,45.385727405548096,0.5,0.0,0.0,0.6179637908935547,-0.2884310781955719,-0.1408272236585617,-3.131254196166992,0.060583241283893585,3.131254196166992,0.060583241283893585,221.68760681152344,0.0,22.99471664428711
2246,45.396950483322144,0.5,0.0,0.0,0.6449843049049377,-0.32840582728385925,-0.18053333461284637,-3.1299896240234375,0.05944465473294258,3.1299896240234375,0.05944465473294258,182.48886108398438,0.0,22.99471664428711
2247,45.42385387420654,0.5,0.0,0.0,0.6725260019302368,-0.36464014649391174,-0.3390909433364868,-3.130139112472534,0.05386415123939514,3.130139112472534,0.05386415123939514,129.89578247070312,0.0,22.99471664428711
2248,45.435258865356445,0.5,0.0,0.0,0.6984419822692871,-0.39689502120018005,-0.48011860251426697,-3.1311984062194824,0.042455077171325684,3.1311984062194824,0.042455077171325684,101.78170013427734,0.0,22.99471664428711
2249,45.463624715805054,0.5,0.0,0.0,0.7166102528572083,-0.42782968282699585,-0.38569802045822144,-3.132549524307251,0.030658956617116928,3.132549524307251,0.030658956617116928,94.09324645996094,0.0,64.54985046386719
2250,45.47592854499817,0.5,0.0,0.0,0.7779086828231812,-0.3700052499771118,-0.0710749477148056,-3.133143901824951,0.02114592120051384,3.133143901824951,0.02114592120051384,97.2662124633789,170.70460510253906,64.54985046386719
2251,45.504185914993286,0.5,0.0,0.0,0.8106389045715332,-0.2713063061237335,0.0029634663369506598,-3.134754180908203,0.002513621700927615,3.134754180908203,0.002513621700927615,27.267160415649414,224.4122314453125,64.54985046386719
2252,45.515531063079834,0.5,0.0,0.0,0.8109017610549927,-0.14171801507472992,0.28215622901916504,3.1406941413879395,-0.008127416484057903,3.1406941413879395,0.008127416484057903,0.0,279.0926208496094,64.54985046386719
2253,45.54174518585205,0.5,0.0,0.0,0.8382645845413208,-0.01859322190284729,0.523176908493042,3.1261963844299316,-0.013424217700958252,3.1261963844299316,0.013424217700958252,0.0,285.5960693359375,64.54985046386719
2254,45.55453038215637,0.5,0.0,0.0,0.8874155282974243,0.09771590679883957,0.7244783043861389,3.108431816101074,-0.023787951096892357,3.108431816101074,0.023787951096892357,0.0,294.87286376953125,64.54985046386719
2255,45.58156394958496,0.5,0.0,0.0,0.9447875022888184,0.2120828926563263,0.9481505155563354,3.088870048522949,-0.040764760226011276,3.088870048522949,0.040764760226011276,0.0,268.3605651855469,64.54985046386719
2256,45.592533826828,0.5,0.0,0.0,1.003933310508728,0.3214782774448395,1.3251622915267944,3.0696539878845215,-0.06093767285346985,3.0696539878845215,0.06093767285346985,0.0,232.89625549316406,64.54985046386719
2257,45.61945104598999,0.5,0.0,0.0,1.0699434280395508,0.4102357029914856,1.8653931617736816,3.053558349609375,-0.07871589064598083,3.053558349609375,0.07871589064598083,0.0,185.73507690429688,64.54985046386719
2258,45.631502866744995,0.5,0.0,0.0,1.1307848691940308,0.4640093445777893,2.5682199001312256,3.043726682662964,-0.09333059191703796,3.043726682662964,0.09333059191703796,0.0,139.64784240722656,64.54985046386719
2259,45.65901184082031,0.5,0.0,0.0,1.1929454803466797,0.4830196499824524,3.194946050643921,3.040285348892212,-0.10173336416482925,3.040285348892212,0.10173336416482925,0.0,118.00092315673828,0.0
2260,45.67030143737793,0.5,0.0,0.0,1.210556983947754,0.429106742143631,3.2856547832489014,3.0438930988311768,-0.09506344795227051,3.0438930988311768,0.09506344795227051,0.0,119.44535827636719,0.0
2261,45.696544885635376,0.5,0.0,0.0,1.2495617866516113,0.3731038570404053,3.0104031562805176,3.0564327239990234,-0.07392125576734543,3.0564327239990234,0.07392125576734543,0.0,120.58531951904297,0.0
2262,45.70762372016907,0.5,0.0,0.0,1.3005493879318237,0.31767091155052185,2.518972635269165,3.080611228942871,-0.048262257128953934,3.080611228942871,0.048262257128953934,0.0,104.10504150390625,0.0
2263,45.73391628265381,0.5,0.0,0.0,1.3543885946273804,0.2549208104610443,1.777169942855835,3.111396551132202,-0.02614014409482479,3.111396551132202,0.02614014409482479,0.0,79.01270294189453,0.0
2264,45.744794607162476,0.5,0.0,0.0,1.321800947189331,0.2081412523984909,0.4161240756511688,3.1339550018310547,-0.013145482167601585,3.1339550018310547,0.013145482167601585,0.0,41.712554931640625,0.0
2265,45.77059841156006,0.5,0.0,0.0,1.211281657218933,0.15271934866905212,-0.32346367835998535,-3.134709596633911,-0.027573535218834877,3.134709596633911,0.027573535218834877,412.57757568359375,0.0,0.0
2266,45.78201127052307,0.5,0.0,0.0,1.0468188524246216,0.09189009666442871,-0.40024927258491516,-3.132108211517334,-0.03334880247712135,3.132108211517334,0.03334880247712135,347.3966979980469,0.0,0.0
2267,45.81087040901184,0.5,0.0,0.0,0.9061915278434753,0.04473104327917099,-0.1826673299074173,-3.1282761096954346,-0.01195515226572752,3.1282761096954346,0.01195515226572752,289.94091796875,0.0,0.0
2268,45.8253059387207,0.5,0.0,0.0,0.8278460502624512,0.009454850107431412,-0.037058062851428986,-3.1172468662261963,0.02428084798157215,3.1172468662261963,0.02428084798157215,240.91754150390625,0.0,0.0
2269,45.85794377326965,0.5,0.0,0.0,0.7915107607841492,-0.01678137481212616,-0.027941502630710602,-3.10540771484375,0.05516921356320381,3.10540771484375,0.05516921356320381,212.07113647460938,0.0,0.0
2270,45.87387657165527,0.5,0.0,0.0,0.7673384547233582,-0.03742700815200806,-0.11740370839834213,-3.0983991622924805,0.06984809786081314,3.0983991622924805,0.06984809786081314,201.5336456298828,0.0,0.0
2271,45.90222716331482,0.5,0.0,0.0,0.7414559125900269,-0.05704442784190178,-0.16824214160442352,-3.0995867252349854,0.07204741984605789,3.0995867252349854,0.07204741984605789,188.1022491455078,0.0,0.0
2272,45.91530895233154,0.5,0.0,0.0,0.713864266872406,-0.07986891269683838,-0.1863161027431488,-3.1059694290161133,0.06829497963190079,3.1059694290161133,0.06829497963190079,167.636474609375,0.0,0.0
2273,45.943461179733276,0.5,0.0,0.0,0.6862139701843262,-0.10547961294651031,-0.26276615262031555,-3.114358425140381,0.06383621692657471,3.114358425140381,0.06383621692657471,142.43316650390625,0.0,0.0
2274,45.954428911209106,0.5,0.0,0.0,0.6586709022521973,-0.12913058698177338,-0.30715668201446533,-3.1230618953704834,0.06037871539592743,3.1230618953704834,0.06037871539592743,119.26602172851562,0.0,0.0
2275,45.98295187950134,0.5,0.0,0.0,0.6354290246963501,-0.14723505079746246,-0.22265885770320892,-3.1294198036193848,0.060510799288749695,3.1294198036193848,0.060510799288749695,114.05913543701172,0.0,0.0
2276,45.99444651603699,0.5,0.0,0.0,0.6179701685905457,-0.1644730120897293,-0.05637986958026886,-3.1285228729248047,0.06531856209039688,3.1285228729248047,0.06531856209039688,112.32857513427734,0.0,0.0
2277,46.022995471954346,0.5,0.0,0.0,0.6060028076171875,-0.1779216229915619,-0.02405662089586258,-3.117765188217163,0.0728168860077858,3.117765188217163,0.0728168860077858,94.65287780761719,142.9701690673828,0.0
2278,46.034220457077026,0.5,0.0,0.0,0.5775991678237915,-0.16977646946907043,-0.007971025072038174,-3.104325294494629,0.0703873410820961,3.104325294494629,0.0703873410820961,42.0726318359375,179.5982666015625,0.0
2279,46.062779903411865,0.5,0.0,0.0,0.5276787281036377,-0.14023658633232117,0.09974902123212814,-3.092255115509033,0.06956815719604492,3.092255115509033,0.06956815719604492,0.0,223.77877807617188,0.0
2280,46.07450461387634,0.5,0.0,0.0,0.4817100465297699,-0.10295500606298447,0.14774352312088013,-3.0889129638671875,0.07432481646537781,3.0889129638671875,0.07432481646537781,0.0,251.68182373046875,0.0
2281,46.10856032371521,0.5,0.0,0.0,0.45430541038513184,-0.0690920278429985,0.05949690192937851,-3.0937960147857666,0.0794450119137764,3.0937960147857666,0.0794450119137764,0.0,255.53009033203125,0.0
2282,46.120030641555786,0.5,0.0,0.0,0.4280143976211548,-0.035186510533094406,-0.030329212546348572,-3.105076789855957,0.07816292345523834,3.105076789855957,0.07816292345523834,0.0,241.690185546875,0.0
2283,46.148765563964844,0.5,0.0,0.0,0.3966161012649536,-0.0019468938698992133,0.016370724886655807,-3.1179282665252686,0.07368049770593643,3.1179282665252686,0.07368049770593643,0.0,228.75909423828125,0.0
2284,46.15997791290283,0.5,0.0,0.0,0.36506423354148865,0.027038997039198875,0.15270093083381653,-3.12890362739563,0.07076501846313477,3.12890362739563,0.07076501846313477,0.0,213.83953857421875,0.0
2285,46.187278032302856,0.5,0.0,0.0,0.3367629945278168,0.049258798360824585,0.25845465064048767,-3.135490894317627,0.07096976786851883,3.135490894317627,0.07096976786851883,0.0,200.64625549316406,0.0
2286,46.198410749435425,0.5,0.0,0.0,0.31046244502067566,0.06875334680080414,0.29422637820243835,-3.1366918087005615,0.07391751557588577,3.1366918087005615,0.07391751557588577,0.0,190.2823028564453,0.0
2287,46.22485136985779,0.5,0.0,0.0,0.28520745038986206,0.08872789889574051,0.2145673632621765,-3.135141372680664,0.07952748239040375,3.135141372680664,0.07952748239040375,0.0,192.5209197998047,0.0
2288,46.235931158065796,0.5,0.0,0.0,0.26498132944107056,0.1090446263551712,0.08307566493749619,-3.133920669555664,0.08637465536594391,3.133920669555664,0.08637465536594391,0.0,173.6632537841797,0.0
2289,46.26241898536682,0.5,0.0,0.0,0.2502748966217041,0.1306508332490921,-0.07092614471912384,-3.1340622901916504,0.09364890307188034,3.1340622901916504,0.09364890307188034,0.0,186.07589721679688,0.0
2290,46.27362561225891,0.5,0.0,0.0,0.23259186744689941,0.1575038880109787,-0.12537157535552979,-3.140019655227661,0.09907927364110947,3.140019655227661,0.09907927364110947,136.43687438964844,179.31906127929688,0.0
2291,46.30076336860657,0.5,0.0,0.0,0.23403418064117432,0.15713317692279816,-0.19488853216171265,3.1346170902252197,0.09864624589681625,3.1346170902252197,0.09864624589681625,115.61190795898438,144.5526885986328,0.0
2292,46.311591148376465,0.5,0.0,0.0,0.22447215020656586,0.14368221163749695,-0.23005259037017822,3.1265065670013428,0.09367364645004272,3.1265065670013428,0.09367364645004272,153.778076171875,69.10738372802734,0.0
2293,46.33937883377075,0.5,0.0,0.0,0.20612512528896332,0.11470288783311844,-0.15553174912929535,3.1186420917510986,0.09232649207115173,3.1186420917510986,0.09232649207115173,177.12551879882812,0.0,0.0
2294,46.350852489471436,0.5,0.0,0.0,0.19024544954299927,0.07746349275112152,-0.09152849018573761,3.1143741607666016,0.09508445858955383,3.1143741607666016,0.09508445858955383,169.98385620117188,0.0,0.0
2295,46.3815701007843,0.5,0.0,0.0,0.1810765564441681,0.04414386674761772,-0.047746505588293076,3.116642951965332,0.0983617901802063,3.116642951965332,0.0983617901802063,163.3295135498047,0.0,0.0
2296,46.39570665359497,0.5,0.0,0.0,0.17466305196285248,0.01508393231779337,-0.026375217363238335,3.12214732170105,0.09902501106262207,3.12214732170105,0.09902501106262207,156.77024841308594,0.0,0.0
2297,46.423813819885254,0.5,0.0,0.0,0.1681061089038849,-0.013133377768099308,-0.0519968681037426,3.12768816947937,0.09769046306610107,3.12768816947937,0.09769046306610107,160.89930725097656,0.0,0.0
2298,46.435317039489746,0.5,0.0,0.0,0.16311420500278473,-0.04249196499586105,-0.1222158819437027,3.1311166286468506,0.0947989746928215,3.1311166286468506,0.0947989746928215,169.8892822265625,0.0,0.0
2299,46.46369767189026,0.5,0.0,0.0,0.16037946939468384,-0.07451429218053818,-0.18223801255226135,3.1313912868499756,0.09056172519922256,3.1313912868499756,0.09056172519922256,180.5233917236328,0.0,0.0
2300,46.47494196891785,0.5,0.0,0.0,0.1607937216758728,-0.10767573118209839,-0.18398593366146088,3.1289844512939453,0.08548318594694138,3.1289844512939453,0.08548318594694138,185.99334716796875,0.0,0.0
2301,46.50182485580444,0.5,0.0,0.0,0.16431601345539093,-0.1397787183523178,-0.13682202994823456,3.1257102489471436,0.07979673892259598,3.1257102489471436,0.07979673892259598,183.10520935058594,0.0,0.0
2302,46.51313233375549,0.5,0.0,0.0,0.17083780467510223,-0.17201387882232666,-0.09425041079521179,3.1255767345428467,0.07507502287626266,3.1255767345428467,0.07507502287626266,162.2107696533203,79.89177703857422,0.0
2303,46.53986048698425,0.5,0.0,0.0,0.19339953362941742,-0.18199647963047028,-0.0453176274895668,3.1304962635040283,0.06517939269542694,3.1304962635040283,0.06517939269542694,120.48220825195312,184.50839233398438,0.0
2304,46.551291942596436,0.5,0.0,0.0,0.21164627373218536,-0.17301246523857117,-0.027641478925943375,3.1395041942596436,0.05460711196064949,3.1395041942596436,0.05460711196064949,45.12273406982422,206.47666931152344,0.0
2305,46.57909059524536,0.5,0.0,0.0,0.219109907746315,-0.13930314779281616,-0.030313711613416672,-3.1335275173187256,0.04293838143348694,3.1335275173187256,0.04293838143348694,0.0,224.42608642578125,0.0
2306,46.590773820877075,0.5,0.0,0.0,0.22666314244270325,-0.10268279165029526,-0.015229656361043453,-3.1295056343078613,0.03238962963223457,3.1295056343078613,0.03238962963223457,0.0,202.08950805664062,0.0
2307,46.618505001068115,0.5,0.0,0.0,0.24055151641368866,-0.07483387738466263,0.012615637853741646,-3.128002643585205,0.023033909499645233,3.128002643585205,0.023033909499645233,0.0,192.26780700683594,0.0
2308,46.629462480545044,0.5,0.0,0.0,0.2569488286972046,-0.049314819276332855,0.06863214075565338,-3.1270053386688232,0.01452946849167347,3.1270053386688232,0.01452946849167347,0.0,188.38255310058594,0.0
2309,46.65809464454651,0.5,0.0,0.0,0.2752957046031952,-0.026889346539974213,0.14428216218948364,-3.1248514652252197,0.00729124341160059,3.1248514652252197,0.00729124341160059,0.0,184.37820434570312,0.0
2310,46.67030191421509,0.5,0.0,0.0,0.29512378573417664,-0.005848458036780357,0.1938946545124054,-3.1194629669189453,0.002318135229870677,3.1194629669189453,0.002318135229870677,0.0,192.9446563720703,0.0
2311,46.69736909866333,0.5,0.0,0.0,0.31548061966896057,0.017747020348906517,0.18532517552375793,-3.1128225326538086,-0.0011772121069952846,3.1128225326538086,0.0011772121069952846,0.0,198.61480712890625,0.0
2312,46.708277225494385,0.5,0.0,0.0,0.33803412318229675,0.04340400919318199,0.16598732769489288,-3.108454942703247,-0.004433831665664911,3.108454942703247,0.004433831665664911,0.0,191.23641967773438,0.0
2313,46.73596382141113,0.5,0.0,0.0,0.3620761036872864,0.0674867257475853,0.1622268110513687,-3.107928991317749,-0.007743897382169962,3.107928991317749,0.007743897382169962,0.0,177.00982666015625,0.0
2314,46.753517627716064,0.5,0.0,0.0,0.3855201303958893,0.08867178112268448,0.1638401746749878,-3.1106903553009033,-0.010651499032974243,3.1106903553009033,0.010651499032974243,0.0,158.26742553710938,0.0
2315,46.7824592590332,0.5,0.0,0.0,0.37169522047042847,0.12146366387605667,0.2561761438846588,-3.1183576583862305,-0.01121906191110611,3.1183576583862305,0.01121906191110611,414.3830871582031,159.9953155517578,0.0
2316,46.793405055999756,0.5,0.0,0.0,0.4198545515537262,0.10935533046722412,0.326728880405426,-3.128014087677002,-0.015627289190888405,3.128014087677002,0.015627289190888405,201.22006225585938,129.38131713867188,0.0
2317,46.82143688201904,0.5,0.0,0.0,0.4298801124095917,0.08495833724737167,0.3669178783893585,-3.1359035968780518,-0.015119238756597042,3.1359035968780518,0.015119238756597042,204.89981079101562,55.27695846557617,0.0
2318,46.83298707008362,0.5,0.0,0.0,0.4309583902359009,0.04477565363049507,0.24230241775512695,3.1387245655059814,-0.007197879254817963,3.1387245655059814,0.007197879254817963,206.64923095703125,0.0,0.0
2319,46.861310720443726,0.5,0.0,0.0,0.4341488182544708,0.004840995650738478,0.041871510446071625,3.129655599594116,0.0032517574727535248,3.129655599594116,0.0032517574727535248,179.17056274414062,0.0,0.0
2320,46.87354326248169,0.5,0.0,0.0,0.44535312056541443,-0.029643401503562927,-0.047831661999225616,3.119096040725708,0.012294774875044823,3.119096040725708,0.012294774875044823,174.1325225830078,0.0,0.0
2321,46.90083360671997,0.5,0.0,0.0,0.4608611464500427,-0.06485780328512192,-0.031285759061574936,3.111212730407715,0.01895282045006752,3.111212730407715,0.01895282045006752,172.57696533203125,0.0,0.0
2322,46.91197896003723,0.5,0.0,0.0,0.4785310626029968,-0.09828521311283112,0.0059430645778775215,3.1090102195739746,0.023172952234745026,3.1090102195739746,0.023172952234745026,170.6974334716797,0.0,0.0
2323,46.939342737197876,0.5,0.0,0.0,0.4993025064468384,-0.12777991592884064,-0.0022420489694923162,3.1101927757263184,0.024910172447562218,3.1101927757263184,0.024910172447562218,168.59341430664062,0.0,0.0
2324,46.9510543346405,0.5,0.0,0.0,0.5198846459388733,-0.15262694656848907,-0.02833278477191925,3.111095428466797,0.024744121357798576,3.111095428466797,0.024744121357798576,157.92459106445312,0.0,0.0
2325,46.978307485580444,0.5,0.0,0.0,0.5418947339057922,-0.17853215336799622,-0.037591468542814255,3.1102983951568604,0.023073207587003708,3.1102983951568604,0.023073207587003708,156.15354919433594,0.0,0.0
2326,46.989901542663574,0.5,0.0,0.0,0.5626327395439148,-0.2062973976135254,-0.05705374851822853,3.110403299331665,0.020973486825823784,3.110403299331665,0.020973486825823784,137.97694396972656,0.0,0.0
2327,47.016743898391724,0.5,0.0,0.0,0.5809953212738037,-0.2389419674873352,-0.05400457978248596,3.115422010421753,0.021140670403838158,3.115422010421753,0.021140670403838158,140.09811401367188,290.951416015625,0.0
2328,47.027918577194214,0.5,0.0,0.0,0.6001591682434082,-0.24131426215171814,-0.2881934940814972,3.124281167984009,0.013761382550001144,3.124281167984009,0.013761382550001144,96.45318603515625,191.20693969726562,0.0
2329,47.05598998069763,0.5,0.0,0.0,0.5725724101066589,-0.20395685732364655,-0.26919025182724,3.1292176246643066,0.007926955819129944,3.1292176246643066,0.007926955819129944,0.0,247.01361083984375,67.20832061767578
2330,47.06726789474487,0.5,0.0,0.0,0.4926624596118927,-0.0789390429854393,-0.0335162878036499,3.122225046157837,0.01258664671331644,3.122225046157837,0.01258664671331644,0.0,253.27740478515625,67.20832061767578
2331,47.09543967247009,0.5,0.0,0.0,0.43581536412239075,0.029227005317807198,0.10533321648836136,3.1052052974700928,0.01754583977162838,3.1052052974700928,0.01754583977162838,0.0,236.40789794921875,67.20832061767578
2332,47.10708570480347,0.5,0.0,0.0,0.38950467109680176,0.12641695141792297,0.15397405624389648,3.0854084491729736,0.018538832664489746,3.0854084491729736,0.018538832664489746,0.0,219.74986267089844,67.20832061767578
2333,47.13381314277649,0.5,0.0,0.0,0.3355301320552826,0.2290983349084854,0.23474186658859253,3.068415880203247,0.013330832123756409,3.068415880203247,0.013330832123756409,0.0,211.4504852294922,67.20832061767578
2334,47.151376247406006,0.5,0.0,0.0,0.27423450350761414,0.3400019705295563,0.4434972107410431,3.054290533065796,0.00550178112462163,3.054290533065796,0.00550178112462163,0.0,198.50662231445312,67.20832061767578
2335,47.18548655509949,0.5,0.0,0.0,0.2167188823223114,0.4497036933898926,0.7286079525947571,3.041738271713257,-0.0005781799554824829,3.041738271713257,0.0005781799554824829,0.0,185.65087890625,67.20832061767578
2336,47.19721031188965,0.5,0.0,0.0,0.1679132878780365,0.5499744415283203,0.9716058373451233,3.0316860675811768,-0.0029369769617915154,3.0316860675811768,0.0029369769617915154,0.0,161.53807067871094,67.20832061767578
2337,47.22330927848816,0.5,0.0,0.0,0.11871497333049774,0.6545149683952332,1.148184895515442,3.0235674381256104,-0.0008211394888348877,3.0235674381256104,0.0008211394888348877,0.0,131.6598663330078,67.20832061767578
2338,47.23461198806763,0.5,0.0,0.0,0.07587552815675735,0.7513110041618347,1.129884958267212,3.012451648712158,0.00500039616599679,3.012451648712158,0.00500039616599679,0.0,105.6054916381836,67.20832061767578
2339,47.26248836517334,0.5,0.0,0.0,0.036224350333213806,0.8297404646873474,0.5856552124023438,3.0007522106170654,0.01341357920318842,3.0007522106170654,0.01341357920318842,46.52680587768555,114.51492309570312,38.51443099975586
2340,47.27374887466431,0.5,0.0,0.0,-0.023180177435278893,0.8004802465438843,-0.1773868203163147,2.985039234161377,0.017186935991048813,2.985039234161377,0.017186935991048813,282.3926086425781,76.54389190673828,38.51443099975586
2341,47.30103373527527,0.5,0.0,0.0,-0.08709682524204254,0.6829630136489868,-0.2845463454723358,2.978437900543213,0.025531576946377754,2.978437900543213,0.025531576946377754,358.6095886230469,0.0,38.51443099975586
2342,47.31234574317932,0.5,0.0,0.0,-0.13898412883281708,0.5371972322463989,0.01844417303800583,2.998279094696045,0.04307738319039345,2.998279094696045,0.04307738319039345,391.607421875,0.0,38.51443099975586
2343,47.33905506134033,0.5,0.0,0.0,-0.16507543623447418,0.43215247988700867,0.36815574765205383,3.037951707839966,0.06079338490962982,3.037951707839966,0.06079338490962982,344.3727111816406,0.0,38.51443099975586
2344,47.35051774978638,0.5,0.0,0.0,-0.19291988015174866,0.39206209778785706,0.5130302309989929,3.0797908306121826,0.07191307842731476,3.0797908306121826,0.07191307842731476,243.60043334960938,0.0,38.51443099975586
2345,47.378021001815796,0.5,0.0,0.0,-0.2389710247516632,0.3981392979621887,0.4706765115261078,3.1047205924987793,0.08112054318189621,3.1047205924987793,0.08112054318189621,150.70819091796875,0.0,38.51443099975586
2346,47.389334201812744,0.5,0.0,0.0,-0.29357481002807617,0.4179791510105133,0.4219270944595337,3.102811813354492,0.0941368117928505,3.102811813354492,0.0941368117928505,113.36106872558594,0.0,38.51443099975586
2347,47.41651153564453,0.5,0.0,0.0,-0.34779831767082214,0.42910289764404297,0.5082346796989441,3.0823118686676025,0.11135982722043991,3.0823118686676025,0.11135982722043991,137.56222534179688,0.0,38.51443099975586
2348,47.42762279510498,0.5,0.0,0.0,-0.40256136655807495,0.42417001724243164,0.7040698528289795,3.060373544692993,0.12992480397224426,3.060373544692993,0.12992480397224426,170.501220703125,0.0,38.51443099975586
2349,47.45520520210266,0.5,0.0,0.0,-0.45673802495002747,0.41168004274368286,0.8571822643280029,3.0509700775146484,0.14823026955127716,3.0509700775146484,0.14823026955127716,177.40426635742188,0.0,47.7292594909668
2350,47.46639633178711,0.5,0.0,0.0,-0.4255940616130829,0.3957054316997528,1.0322723388671875,3.064981698989868,0.16295243799686432,3.064981698989868,0.16295243799686432,160.05377197265625,0.0,47.7292594909668
2351,47.493879079818726,0.5,0.0,0.0,-0.39814814925193787,0.40187928080558777,1.101030945777893,3.097959518432617,0.17458860576152802,3.097959518432617,0.17458860576152802,117.21882629394531,0.0,47.7292594909668
2352,47.50600457191467,0.5,0.0,0.0,-0.36614522337913513,0.4217351973056793,1.0387632846832275,3.1358776092529297,0.18340298533439636,3.1358776092529297,0.18340298533439636,55.85528564453125,0.0,47.7292594909668
2353,47.53392052650452,0.5,0.0,0.0,-0.34234386682510376,0.44548600912094116,0.9830607175827026,-3.1153204441070557,0.18932810425758362,3.1153204441070557,0.18932810425758362,25.76058578491211,0.0,47.7292594909668
2354,47.54534840583801,0.5,0.0,0.0,-0.2928204834461212,0.4508591890335083,0.8249561786651611,-3.0926573276519775,0.19491343200206757,3.0926573276519775,0.19491343200206757,6.6407060623168945,85.20083618164062,47.7292594909668
2355,47.57289242744446,0.5,0.0,0.0,-0.17975454032421112,0.464130163192749,0.8010848760604858,-3.0797677040100098,0.18448840081691742,3.0797677040100098,0.18448840081691742,0.0,207.7711181640625,47.7292594909668
2356,47.58931040763855,0.5,0.0,0.0,-0.06412063539028168,0.47546154260635376,0.7161751985549927,-3.0731613636016846,0.15950815379619598,3.0731613636016846,0.15950815379619598,0.0,219.81336975097656,47.7292594909668
2357,47.61991739273071,0.5,0.0,0.0,0.047335103154182434,0.4892628490924835,0.643546998500824,-3.0658113956451416,0.1277497410774231,3.0658113956451416,0.1277497410774231,0.0,231.22312927246094,47.7292594909668
2358,47.633227825164795,0.5,0.0,0.0,0.163485586643219,0.5089519023895264,0.7146428227424622,-3.0536561012268066,0.09641348570585251,3.0536561012268066,0.09641348570585251,0.0,251.73178100585938,47.7292594909668
2359,47.66223454475403,0.5,0.0,0.0,0.29660043120384216,0.5344290733337402,1.0503051280975342,-3.0342414379119873,0.06867693364620209,3.0342414379119873,0.06867693364620209,0.0,271.7791442871094,48.707088470458984
2360,47.67397141456604,0.5,0.0,0.0,0.44289475679397583,0.4825919270515442,1.4140385389328003,-3.007152795791626,0.03973724693059921,3.007152795791626,0.03973724693059921,0.0,255.03378295898438,48.707088470458984
2361,47.7013521194458,0.5,0.0,0.0,0.5804740786552429,0.429381787776947,1.8579776287078857,-2.974076509475708,0.00610237754881382,2.974076509475708,0.00610237754881382,0.0,224.40457153320312,48.707088470458984
2362,47.7131450176239,0.5,0.0,0.0,0.695595920085907,0.36792972683906555,2.387360095977783,-2.9375267028808594,-0.022954074665904045,2.9375267028808594,0.022954074665904045,0.0,179.02822875976562,48.707088470458984
2363,47.73965358734131,0.5,0.0,0.0,0.7925270795822144,0.2858944237232208,2.9094207286834717,-2.8992531299591064,-0.03916461393237114,2.8992531299591064,0.03916461393237114,0.0,151.988525390625,48.707088470458984
2364,47.750715255737305,0.5,0.0,0.0,0.8755723834037781,0.1736675351858139,3.3134799003601074,-2.863140106201172,-0.042404305189847946,2.863140106201172,0.042404305189847946,0.0,116.66215515136719,48.707088470458984
2365,47.77792024612427,0.5,0.0,0.0,0.9346035122871399,0.008616672828793526,3.4130969047546387,-2.834874153137207,-0.03511354699730873,2.834874153137207,0.03511354699730873,0.0,56.45706558227539,48.707088470458984
2366,47.789536237716675,0.5,0.0,0.0,0.8981387615203857,-0.16828253865242004,2.9792044162750244,-2.813227415084839,-0.035074006766080856,2.813227415084839,0.035074006766080856,452.56390380859375,0.0,48.707088470458984
2367,47.81832981109619,0.5,0.0,0.0,0.8420619368553162,-0.38254639506340027,2.1971843242645264,-2.7862842082977295,-0.0416143499314785,2.7862842082977295,0.0416143499314785,297.5925598144531,0.0,48.707088470458984
2368,47.834643840789795,0.5,0.0,0.0,0.768687903881073,-0.5712739825248718,1.2350115776062012,-2.7870430946350098,-0.028692394495010376,2.7870430946350098,0.028692394495010376,301.03668212890625,0.0,48.707088470458984
2369,47.86408233642578,0.5,0.0,0.0,0.7426329851150513,-0.7494567036628723,0.31664416193962097,-2.8233845233917236,-0.0034572849981486797,2.8233845233917236,0.0034572849981486797,255.9871368408203,0.0,0.0
2370,47.875211000442505,0.5,0.0,0.0,0.7286182641983032,-0.8656105995178223,-0.11334589123725891,-2.884066343307495,0.02369009517133236,2.884066343307495,0.02369009517133236,206.73878479003906,0.0,0.0
2371,47.90373992919922,0.5,0.0,0.0,0.7351744771003723,-0.9842577576637268,-0.1604290008544922,-2.945446252822876,0.04484162852168083,2.945446252822876,0.04484162852168083,145.61978149414062,0.0,0.0
2372,47.91637921333313,0.5,0.0,0.0,0.7413389682769775,-1.08368718624115,0.022473566234111786,-2.98732328414917,0.05533706396818161,2.98732328414917,0.05533706396818161,87.77439880371094,34.33219909667969,0.0
2373,47.94275641441345,0.5,0.0,0.0,0.7400131821632385,-1.1273664236068726,0.09930571913719177,-3.0048980712890625,0.05170762911438942,3.0048980712890625,0.05170762911438942,31.4371280670166,107.34951782226562,0.0
2374,47.953972816467285,0.5,0.0,0.0,0.7150995135307312,-1.1038721799850464,-0.1389840841293335,-3.0038208961486816,0.036237217485904694,3.0038208961486816,0.036237217485904694,10.29078483581543,223.64010620117188,0.0
2375,47.980435371398926,0.5,0.0,0.0,0.6683846712112427,-1.0029382705688477,-0.5925833582878113,-2.9990572929382324,0.01032890472561121,2.9990572929382324,0.01032890472561121,21.361228942871094,321.58770751953125,0.0
2376,47.993908166885376,0.5,0.0,0.0,0.6029030084609985,-0.8455526232719421,-0.5191847681999207,-3.0102412700653076,-0.0040183537639677525,3.0102412700653076,0.0040183537639677525,18.254470825195312,405.8783874511719,0.0
2377,48.02197527885437,0.5,0.0,0.0,0.5436948537826538,-0.6824591159820557,-0.08726727217435837,-3.0428175926208496,0.008178598247468472,3.0428175926208496,0.008178598247468472,0.0,418.2545166015625,0.0
2378,48.032952070236206,0.5,0.0,0.0,0.5155259370803833,-0.5644385814666748,0.3063522279262543,-3.0896594524383545,0.038206733763217926,3.0896594524383545,0.038206733763217926,0.0,363.8356628417969,0.0
2379,48.06096315383911,0.5,0.0,0.0,0.5221017003059387,-0.5188747644424438,0.3960384130477905,-3.138835906982422,0.0677332654595375,3.138835906982422,0.0677332654595375,0.0,252.8740234375,54.162261962890625
2380,48.07193970680237,0.5,0.0,0.0,0.46994277834892273,-0.5339655876159668,0.18818198144435883,3.105355739593506,0.08424283564090729,3.105355739593506,0.08424283564090729,0.0,167.36521911621094,54.162261962890625
2381,48.10084867477417,0.5,0.0,0.0,0.4054716229438782,-0.5485808253288269,0.012833579443395138,3.082994222640991,0.09158878773450851,3.082994222640991,0.09158878773450851,0.0,110.55980682373047,54.162261962890625
2382,48.112144947052,0.5,0.0,0.0,0.3294714093208313,-0.555701494216919,-0.07915718853473663,3.075789451599121,0.09829897433519363,3.075789451599121,0.09829897433519363,0.0,86.77091979980469,54.162261962890625
2383,48.13852024078369,0.5,0.0,0.0,0.25678321719169617,-0.5623449683189392,-0.15190254151821136,3.081430435180664,0.11019644886255264,3.081430435180664,0.11019644886255264,0.0,98.24324798583984,54.162261962890625
2384,48.14951491355896,0.5,0.0,0.0,0.19273151457309723,-0.570054829120636,-0.2643841803073883,3.0960447788238525,0.12364804744720459,3.0960447788238525,0.12364804744720459,0.0,117.74734497070312,54.162261962890625
2385,48.1756374835968,0.5,0.0,0.0,0.13441970944404602,-0.5759908556938171,-0.43561801314353943,3.112870693206787,0.13465900719165802,3.112870693206787,0.13465900719165802,0.0,153.71218872070312,54.162261962890625
2386,48.18681454658508,0.5,0.0,0.0,0.08166521787643433,-0.5787099003791809,-0.6333115696907043,3.1244208812713623,0.1405750960111618,3.1244208812713623,0.1405750960111618,0.0,190.4703826904297,54.162261962890625
2387,48.21348476409912,0.5,0.0,0.0,0.03176819905638695,-0.582819938659668,-0.8023188710212708,3.1250996589660645,0.14238907396793365,3.1250996589660645,0.14238907396793365,0.0,210.76681518554688,54.162261962890625
2388,48.22442889213562,0.5,0.0,0.0,-0.013920918107032776,-0.5938018560409546,-0.9115710258483887,3.1145944595336914,0.14370140433311462,3.1145944595336914,0.14370140433311462,0.0,228.84971618652344,54.162261962890625
2389,48.250874519348145,0.5,0.0,0.0,-0.05396970734000206,-0.6149488091468811,-0.9830684661865234,3.0955584049224854,0.1461440622806549,3.0955584049224854,0.1461440622806549,0.0,234.52313232421875,0.0
2390,48.26177787780762,0.5,0.0,0.0,-0.022385690361261368,-0.6699925661087036,-1.1747431755065918,3.0826938152313232,0.1457289755344391,3.0826938152313232,0.1457289755344391,0.0,328.6433410644531,0.0
2391,48.29020380973816,0.5,0.0,0.0,-0.0077176387421786785,-0.6588636636734009,-0.8903496265411377,3.1067087650299072,0.14065246284008026,3.1067087650299072,0.14065246284008026,0.0,195.18505859375,0.0
2392,48.30190658569336,0.5,0.0,0.0,0.01706508919596672,-0.6786330938339233,-0.89702308177948,3.1272993087768555,0.13800108432769775,3.1272993087768555,0.13800108432769775,36.787174224853516,135.52125549316406,0.0
2393,48.33015060424805,0.5,0.0,0.0,-0.021921807900071144,-0.6676784157752991,-0.7268809080123901,-3.1364669799804688,0.13438846170902252,3.1364669799804688,0.13438846170902252,742.9896240234375,0.0,0.0
2394,48.34129285812378,0.5,0.0,0.0,0.02985474094748497,-0.7169034481048584,-0.7996655106544495,-3.1224758625030518,0.11625967174768448,3.1224758625030518,0.11625967174768448,170.827392578125,0.0,0.0
2395,48.36909461021423,0.5,0.0,0.0,0.03513330966234207,-0.7515290975570679,-1.0378385782241821,-3.1119847297668457,0.09796164929866791,3.1119847297668457,0.09796164929866791,153.0505828857422,0.0,0.0
2396,48.38191342353821,0.5,0.0,0.0,0.03342442959547043,-0.7802730202674866,-1.236265778541565,-3.103983163833618,0.08767945319414139,3.103983163833618,0.08767945319414139,112.92723083496094,0.0,0.0
2397,48.40973210334778,0.5,0.0,0.0,0.035934269428253174,-0.8093859553337097,-1.2855666875839233,-3.1008689403533936,0.08600524067878723,3.1008689403533936,0.08600524067878723,87.61709594726562,0.0,0.0
2398,48.42135953903198,0.5,0.0,0.0,0.04679426923394203,-0.8433475494384766,-1.110788106918335,-3.1062841415405273,0.0875045582652092,3.1062841415405273,0.0875045582652092,80.51026153564453,0.0,0.0
2399,48.45066022872925,0.5,0.0,0.0,0.06505754590034485,-0.8625226020812988,-0.6149306297302246,-3.1149795055389404,0.08929663151502609,3.1149795055389404,0.08929663151502609,72.18449401855469,0.0,0.0
2400,48.46320056915283,0.5,0.0,0.0,0.06101243942975998,-0.8858945369720459,0.020536206662654877,-3.116403579711914,0.09022396802902222,3.116403579711914,0.09022396802902222,30.570209503173828,388.746826171875,0.0
2401,48.49002265930176,0.5,0.0,0.0,0.10701189190149307,-0.7784755825996399,0.19541648030281067,-3.109870433807373,0.08357742428779602,3.109870433807373,0.08357742428779602,30.494325637817383,299.20135498046875,0.0
2402,48.5036838054657,0.5,0.0,0.0,0.14451639354228973,-0.6412396430969238,0.21721743047237396,-3.1111397743225098,0.06594779342412949,3.1111397743225098,0.06594779342412949,30.999263763427734,347.09161376953125,0.0
2403,48.52989935874939,0.5,0.0,0.0,0.17183375358581543,-0.5235687494277954,0.08908994495868683,-3.1279640197753906,0.05070555955171585,3.1279640197753906,0.05070555955171585,51.434959411621094,308.7414855957031,0.0
2404,48.542129039764404,0.5,0.0,0.0,0.1920231729745865,-0.4654638171195984,-0.08603329956531525,3.135293960571289,0.04419245570898056,3.135293960571289,0.04419245570898056,84.5195083618164,259.70147705078125,0.0
2405,48.57074737548828,0.5,0.0,0.0,0.21884754300117493,-0.43946295976638794,-0.0907253697514534,3.1291325092315674,0.045241016894578934,3.1291325092315674,0.045241016894578934,60.72713088989258,185.44589233398438,0.0
2406,48.58213567733765,0.5,0.0,0.0,0.2394750863313675,-0.39575979113578796,0.0023769522085785866,3.1400039196014404,0.039697349071502686,3.1400039196014404,0.039697349071502686,0.0,150.64073181152344,0.0
2407,48.61347794532776,0.5,0.0,0.0,0.24403634667396545,-0.3383636176586151,-0.1191302090883255,-3.1276485919952393,0.027602912858128548,3.1276485919952393,0.027602912858128548,0.0,118.89968872070312,0.0
2408,48.62754559516907,0.5,0.0,0.0,0.24741291999816895,-0.29641297459602356,-0.19838473200798035,-3.1196956634521484,0.01512354426085949,3.1196956634521484,0.01512354426085949,0.0,106.3966064453125,0.0
2409,48.65492534637451,0.5,0.0,0.0,0.2565573751926422,-0.2597586512565613,-0.051502473652362823,-3.1204540729522705,0.008160259574651718,3.1204540729522705,0.008160259574651718,0.0,124.94205474853516,0.0
2410,48.66653299331665,0.5,0.0,0.0,0.2716618478298187,-0.21730424463748932,0.09073156118392944,-3.1252241134643555,0.006404196843504906,3.1252241134643555,0.006404196843504906,0.0,156.2359619140625,0.0
2411,48.693467140197754,0.5,0.0,0.0,0.29433560371398926,-0.16756796836853027,0.10836542397737503,-3.130169153213501,0.005798434838652611,3.130169153213501,0.005798434838652611,0.0,190.5768280029297,0.0
2412,48.704957485198975,0.5,0.0,0.0,0.3246684670448303,-0.11222447454929352,0.0939432755112648,-3.133068561553955,0.003078144509345293,3.133068561553955,0.003078144509345293,0.0,211.1207275390625,0.0
2413,48.732346534729004,0.5,0.0,0.0,0.361009806394577,-0.05339139327406883,0.10587964951992035,-3.1343324184417725,-0.0010892159771174192,3.1343324184417725,0.0010892159771174192,0.0,219.3401336669922,0.0
2414,48.7442581653595,0.5,0.0,0.0,0.39982402324676514,0.006669726688414812,0.11950232833623886,-3.1360347270965576,-0.006095599848777056,3.1360347270965576,0.006095599848777056,0.0,224.62411499023438,0.0
2415,48.77892470359802,0.5,0.0,0.0,0.4400501549243927,0.06596909463405609,0.1514952927827835,-3.1404361724853516,-0.01004753727465868,3.1404361724853516,0.01004753727465868,0.0,220.0089874267578,0.0
2416,48.799787282943726,0.5,0.0,0.0,0.48191002011299133,0.11943274736404419,0.2006251960992813,3.137380838394165,-0.011211074888706207,3.137380838394165,0.011211074888706207,0.0,210.27268981933594,0.0
2417,48.827186584472656,0.5,0.0,0.0,0.4906451106071472,0.17514075338840485,0.4070306718349457,3.13136887550354,-0.011529402807354927,3.13136887550354,0.011529402807354927,257.0753479003906,185.03526306152344,0.0
2418,48.83893918991089,0.5,0.0,0.0,0.5259361863136292,0.17548984289169312,0.466141939163208,3.1292808055877686,-0.01693210005760193,3.1292808055877686,0.01693210005760193,197.64706420898438,145.45938110351562,0.0
2419,48.869131326675415,0.5,0.0,0.0,0.5242863297462463,0.14656062424182892,0.2956673800945282,3.1258769035339355,-0.015370461158454418,3.1258769035339355,0.015370461158454418,227.22735595703125,49.26462936401367,0.0
2420,48.881428241729736,0.5,0.0,0.0,0.5075579881668091,0.09184954315423965,-0.028742674738168716,3.1166439056396484,-0.003346681594848633,3.1166439056396484,0.003346681594848633,213.53797912597656,0.0,0.0
2421,48.91005349159241,0.5,0.0,0.0,0.5026839375495911,0.044986575841903687,-0.19804787635803223,3.1042423248291016,0.010307153686881065,3.1042423248291016,0.010307153686881065,177.57835388183594,0.0,0.0
2422,48.92577004432678,0.5,0.0,0.0,0.5096389651298523,0.009994705207645893,-0.13328327238559723,3.094829559326172,0.0194045789539814,3.094829559326172,0.0194045789539814,162.0148162841797,0.0,0.0
2423,48.95397067070007,0.5,0.0,0.0,0.5167244672775269,-0.01962362788617611,-0.03415533900260925,3.0936079025268555,0.023481635376811028,3.0936079025268555,0.023481635376811028,147.7509002685547,0.0,0.0
2424,48.96542024612427,0.5,0.0,0.0,0.5255312323570251,-0.042152006179094315,0.03684500604867935,3.0976972579956055,0.02395811304450035,3.0976972579956055,0.02395811304450035,141.84625244140625,0.0,0.0
2425,48.99253034591675,0.5,0.0,0.0,0.534599781036377,-0.06259150803089142,0.04726290702819824,3.1030924320220947,0.019997572526335716,3.1030924320220947,0.019997572526335716,139.73304748535156,0.0,0.0
2426,49.00381064414978,0.5,0.0,0.0,0.5391287207603455,-0.08331286907196045,-0.03911607712507248,3.1065995693206787,0.015172140672802925,3.1065995693206787,0.015172140672802925,136.40902709960938,0.0,0.0
2427,49.031869888305664,0.5,0.0,0.0,0.5434212684631348,-0.10582953691482544,-0.12508128583431244,3.107067108154297,0.012685605324804783,3.107067108154297,0.012685605324804783,144.16204833984375,0.0,0.0
2428,49.04304027557373,0.5,0.0,0.0,0.5542241930961609,-0.13147671520709991,-0.11716005206108093,3.1077940464019775,0.01288454420864582,3.1077940464019775,0.01288454420864582,153.3081512451172,0.0,0.0
2429,49.070801734924316,0.5,0.0,0.0,0.5720361471176147,-0.1628197878599167,-0.003924368415027857,3.112558364868164,0.015409551560878754,3.112558364868164,0.015409551560878754,166.05349731445312,0.0,0.0
2430,49.08275270462036,0.5,0.0,0.0,0.5966150760650635,-0.1871321052312851,-0.17848116159439087,3.1243231296539307,0.015753526240587234,3.1243231296539307,0.015753526240587234,125.53547668457031,151.40032958984375,0.0
2431,49.11118698120117,0.5,0.0,0.0,0.5865134596824646,-0.17546424269676208,-0.23787027597427368,3.134622812271118,0.010028380900621414,3.134622812271118,0.010028380900621414,33.22911071777344,210.77218627929688,0.0
2432,49.12228226661682,0.5,0.0,0.0,0.5518682599067688,-0.1303398609161377,-0.04644443839788437,3.138035535812378,0.012013007886707783,3.138035535812378,0.012013007886707783,0.0,244.75343322753906,0.0
2433,49.14977216720581,0.5,0.0,0.0,0.5405422449111938,-0.09326836466789246,0.10891112685203552,3.134449005126953,0.019053863361477852,3.134449005126953,0.019053863361477852,0.0,249.14405822753906,0.0
2434,49.16203284263611,0.5,0.0,0.0,0.5480772256851196,-0.06981747597455978,0.11917822062969208,3.1280243396759033,0.025579243898391724,3.1280243396759033,0.025579243898391724,0.0,238.73248291015625,0.0
2435,49.18983745574951,0.5,0.0,0.0,0.5577189326286316,-0.04864290729165077,0.05312356352806091,3.1229500770568848,0.026607120409607887,3.1229500770568848,0.026607120409607887,0.0,224.3700714111328,0.0
2436,49.201313495635986,0.5,0.0,0.0,0.5588294863700867,-0.022881658747792244,0.01784023642539978,3.1203010082244873,0.02218993380665779,3.1203010082244873,0.02218993380665779,0.0,199.23184204101562,0.0
2437,49.227710247039795,0.5,0.0,0.0,0.5563888549804688,0.0031252074986696243,0.06197385489940643,3.118694305419922,0.0162245761603117,3.118694305419922,0.0162245761603117,0.0,177.2450408935547,0.0
2438,49.239033460617065,0.5,0.0,0.0,0.5561497211456299,0.02384266071021557,0.12892073392868042,3.1178441047668457,0.011254553683102131,3.1178441047668457,0.011254553683102131,0.0,164.0958251953125,0.0
2439,49.27139925956726,0.5,0.0,0.0,0.559379518032074,0.04176858067512512,0.17978864908218384,3.119586944580078,0.0069714924320578575,3.119586944580078,0.0069714924320578575,0.0,157.22909545898438,0.0
2440,49.283167123794556,0.5,0.0,0.0,0.5636762976646423,0.062178708612918854,0.21906951069831848,3.1253724098205566,0.003400305984541774,3.1253724098205566,0.003400305984541774,0.0,152.759033203125,0.0
2441,49.30966067314148,0.5,0.0,0.0,0.5646592378616333,0.08285319060087204,0.2535393536090851,3.131716012954712,0.0022227976005524397,3.131716012954712,0.0022227976005524397,0.0,133.38282775878906,0.0
2442,49.321303367614746,0.5,0.0,0.0,0.5591500997543335,0.09348949790000916,0.2588977515697479,3.1341302394866943,0.008839411661028862,3.1341302394866943,0.008839411661028862,0.0,104.81893157958984,0.0
2443,49.34894561767578,0.5,0.0,0.0,0.5216893553733826,0.0993623435497284,0.22142459452152252,3.1281042098999023,0.018388867378234863,3.1281042098999023,0.018388867378234863,157.50332641601562,75.33039093017578,0.0
2444,49.36020588874817,0.5,0.0,0.0,0.4939121901988983,0.07533303648233414,0.12369517982006073,3.122596025466919,0.02146828919649124,3.122596025466919,0.02146828919649124,239.27951049804688,5.078624248504639,0.0
2445,49.38662242889404,0.5,0.0,0.0,0.44396066665649414,0.03702261671423912,-0.007771306671202183,3.1218037605285645,0.02655711956322193,3.1218037605285645,0.02655711956322193,266.55938720703125,0.0,0.0
2446,49.397915840148926,0.5,0.0,0.0,0.3982437252998352,-0.0008441450772807002,-0.07631070166826248,3.124924898147583,0.037955060601234436,3.124924898147583,0.037955060601234436,268.1669616699219,0.0,0.0
2447,49.425089597702026,0.5,0.0,0.0,0.36735138297080994,-0.03406302630901337,-0.0506913848221302,3.1291515827178955,0.0533272810280323,3.1291515827178955,0.0533272810280323,252.22222900390625,0.0,0.0
2448,49.43663573265076,0.5,0.0,0.0,0.3483961522579193,-0.06177521497011185,-0.006055936217308044,3.132901430130005,0.06751427054405212,3.132901430130005,0.06751427054405212,227.59259033203125,0.0,0.0
2449,49.46431612968445,0.5,0.0,0.0,0.3364381194114685,-0.08271615952253342,0.02167823351919651,3.1324150562286377,0.07836195081472397,3.1324150562286377,0.07836195081472397,200.9857177734375,0.0,36.49272155761719
2450,49.47551155090332,0.5,0.0,0.0,0.26590844988822937,-0.08899765461683273,0.03547161817550659,3.123354196548462,0.0914645567536354,3.123354196548462,0.0914645567536354,179.57652282714844,0.0,36.49272155761719
2451,49.50498104095459,0.5,0.0,0.0,0.20001085102558136,-0.09680794924497604,0.05666260048747063,3.107616662979126,0.10744897276163101,3.107616662979126,0.10744897276163101,171.35841369628906,0.0,36.49272155761719
2452,49.51709055900574,0.5,0.0,0.0,0.1360243260860443,-0.10906350612640381,0.19735705852508545,3.09051775932312,0.12379235029220581,3.09051775932312,0.12379235029220581,183.06118774414062,0.0,36.49272155761719
2453,49.54528498649597,0.5,0.0,0.0,0.07424855977296829,-0.12964674830436707,0.44111135601997375,3.0780317783355713,0.13970401883125305,3.0780317783355713,0.13970401883125305,209.2165985107422,0.0,36.49272155761719
2454,49.556368589401245,0.5,0.0,0.0,0.01761341094970703,-0.15215863287448883,0.576689600944519,3.0760650634765625,0.15472328662872314,3.0760650634765625,0.15472328662872314,183.3765411376953,0.0,36.49272155761719
2455,49.58386492729187,0.5,0.0,0.0,-0.03466875106096268,-0.16455794870853424,0.45961642265319824,3.0836546421051025,0.16679233312606812,3.0836546421051025,0.16679233312606812,152.9105682373047,93.09507751464844,36.49272155761719
2456,49.5950026512146,0.5,0.0,0.0,-0.06448062509298325,-0.15977981686592102,0.27000027894973755,3.0960822105407715,0.17195917665958405,3.0960822105407715,0.17195917665958405,103.60724639892578,157.91061401367188,36.49272155761719
2457,49.62246346473694,0.5,0.0,0.0,-0.09773411601781845,-0.12962019443511963,0.04587792605161667,3.1104118824005127,0.16500476002693176,3.1104118824005127,0.16500476002693176,5.204567909240723,182.45419311523438,36.49272155761719
2458,49.63396692276001,0.5,0.0,0.0,-0.16040754318237305,-0.0814540833234787,-0.14771412312984467,3.1167094707489014,0.1504921168088913,3.1167094707489014,0.1504921168088913,0.0,163.86322021484375,36.49272155761719
2459,49.662590742111206,0.5,0.0,0.0,-0.23595350980758667,-0.037728119641542435,-0.2825952172279358,3.111333131790161,0.13992087543010712,3.111333131790161,0.13992087543010712,0.0,157.20774841308594,0.0
2460,49.67404556274414,0.5,0.0,0.0,-0.2499837428331375,-0.005073022097349167,-0.36265015602111816,3.099459171295166,0.1310267150402069,3.099459171295166,0.1310267150402069,0.0,181.5714874267578,0.0
2461,49.70129919052124,0.5,0.0,0.0,-0.26222461462020874,0.02795550413429737,-0.40192243456840515,3.0859856605529785,0.12125452607870102,3.0859856605529785,0.12125452607870102,0.0,185.17486572265625,0.0
2462,49.712565660476685,0.5,0.0,0.0,-0.27084994316101074,0.06155300512909889,-0.41687434911727905,3.0755040645599365,0.11146880686283112,3.0755040645599365,0.11146880686283112,0.0,203.54652404785156,0.0
2463,49.73994040489197,0.5,0.0,0.0,-0.2789905369281769,0.09739000350236893,-0.44349390268325806,3.0691630840301514,0.10045971721410751,3.0691630840301514,0.10045971721410751,0.0,219.65415954589844,0.0
2464,49.75114631652832,0.5,0.0,0.0,-0.28396493196487427,0.13041096925735474,-0.4631100594997406,3.066176176071167,0.08754552900791168,3.066176176071167,0.08754552900791168,0.0,203.46371459960938,0.0
2465,49.77816295623779,0.5,0.0,0.0,-0.2847253978252411,0.15415596961975098,-0.4592211842536926,3.0664126873016357,0.07499334961175919,3.0664126873016357,0.07499334961175919,0.0,193.3927764892578,0.0
2466,49.789291858673096,0.5,0.0,0.0,-0.2745744585990906,0.16782797873020172,-0.44202131032943726,3.0685975551605225,0.06649216264486313,3.0685975551605225,0.06649216264486313,0.0,178.00938415527344,0.0
2467,49.81583285331726,0.5,0.0,0.0,-0.26310351490974426,0.17497919499874115,-0.22720623016357422,3.0683724880218506,0.062747523188591,3.0683724880218506,0.062747523188591,0.0,161.23834228515625,0.0
2468,49.82704281806946,0.5,0.0,0.0,-0.207585409283638,0.15121787786483765,-0.13946455717086792,3.067305326461792,0.05495237559080124,3.067305326461792,0.05495237559080124,206.5470733642578,144.15599060058594,0.0
2469,49.85447335243225,0.5,0.0,0.0,-0.15988846123218536,0.1180599257349968,-0.14059612154960632,3.063216209411621,0.039983030408620834,3.063216209411621,0.039983030408620834,201.73361206054688,102.9687728881836,0.0
2470,49.86589813232422,0.5,0.0,0.0,-0.13454389572143555,0.08461865037679672,-0.02429981902241707,3.0552566051483154,0.027357332408428192,3.0552566051483154,0.027357332408428192,180.50758361816406,24.38055419921875,0.0
2471,49.892239570617676,0.5,0.0,0.0,-0.11263556033372879,0.05271153151988983,0.1921844780445099,3.0478320121765137,0.025528181344270706,3.0478320121765137,0.025528181344270706,158.1243438720703,0.0,0.0
2472,49.90378999710083,0.5,0.0,0.0,-0.08505847305059433,0.02635122649371624,0.3201320767402649,3.044508934020996,0.029838642105460167,3.044508934020996,0.029838642105460167,138.21531677246094,0.0,0.0
2473,49.931252002716064,0.5,0.0,0.0,-0.058909088373184204,-0.0002653743140399456,0.3134695887565613,3.0473735332489014,0.034075457602739334,3.0473735332489014,0.034075457602739334,142.66348266601562,0.0,0.0
2474,49.9427707195282,0.5,0.0,0.0,-0.0348636656999588,-0.029842477291822433,0.2485312819480896,3.0565972328186035,0.0375136062502861,3.0565972328186035,0.0375136062502861,146.36489868164062,0.0,0.0
2475,49.97020244598389,0.5,0.0,0.0,-0.008272457867860794,-0.06056289002299309,0.19673234224319458,3.0681967735290527,0.04005786031484604,3.0681967735290527,0.04005786031484604,161.7619171142578,0.0,0.0
2476,49.981281995773315,0.5,0.0,0.0,0.021455340087413788,-0.09550947695970535,0.13914406299591064,3.0791168212890625,0.04126441106200218,3.0791168212890625,0.04126441106200218,172.3643798828125,0.0,0.0
2477,50.007944107055664,0.5,0.0,0.0,0.05274998024106026,-0.12718318402767181,0.09958671778440475,3.0894742012023926,0.04223133623600006,3.0894742012023926,0.04223133623600006,160.91127014160156,0.0,0.0
2478,50.01911664009094,0.5,0.0,0.0,0.08719950914382935,-0.15539072453975677,0.07010389864444733,3.0959312915802,0.04052315279841423,3.0959312915802,0.04052315279841423,155.4879150390625,0.0,0.0
2479,50.04643750190735,0.5,0.0,0.0,0.12015670537948608,-0.18593941628932953,0.03363274782896042,3.0982325077056885,0.03513046354055405,3.0982325077056885,0.03513046354055405,146.8711395263672,0.0,0.0
2480,50.05858111381531,0.5,0.0,0.0,0.15084940195083618,-0.21849489212036133,0.00796472281217575,3.1018877029418945,0.028443751856684685,3.1018877029418945,0.028443751856684685,137.6251983642578,0.0,0.0
2481,50.08606433868408,0.5,0.0,0.0,0.17374254763126373,-0.25885009765625,-0.10346617549657822,3.1131553649902344,0.024398542940616608,3.1131553649902344,0.024398542940616608,135.03164672851562,125.73486328125,0.0
2482,50.097641944885254,0.5,0.0,0.0,0.2229844480752945,-0.2639410197734833,-0.2180705964565277,3.1289188861846924,0.016629215329885483,3.1289188861846924,0.016629215329885483,83.77842712402344,179.2839813232422,0.0
2483,50.12634348869324,0.5,0.0,0.0,0.2514908015727997,-0.22865882515907288,-0.2389931082725525,3.1400346755981445,0.007031487300992012,3.1400346755981445,0.007031487300992012,0.0,222.35794067382812,0.0
2484,50.137518644332886,0.5,0.0,0.0,0.27486759424209595,-0.17518772184848785,-0.13545028865337372,3.139072895050049,-0.00417132256552577,3.139072895050049,0.00417132256552577,0.0,219.47088623046875,0.0
2485,50.16471219062805,0.5,0.0,0.0,0.30780142545700073,-0.1346074789762497,-3.415858373045921e-05,3.1324551105499268,-0.015425287187099457,3.1324551105499268,0.015425287187099457,0.0,215.61248779296875,0.0
2486,50.17645215988159,0.5,0.0,0.0,0.3468738794326782,-0.10166162252426147,0.10476037859916687,3.127411365509033,-0.02444385550916195,3.127411365509033,0.02444385550916195,0.0,227.1857452392578,0.0
2487,50.20396304130554,0.5,0.0,0.0,0.3883778154850006,-0.06898967176675797,0.17365339398384094,3.1271023750305176,-0.03137015923857689,3.1271023750305176,0.03137015923857689,0.0,226.65423583984375,0.0
2488,50.21527290344238,0.5,0.0,0.0,0.4285801947116852,-0.03514595329761505,0.21972256898880005,3.1308529376983643,-0.037050217390060425,3.1308529376983643,0.037050217390060425,0.0,211.71998596191406,0.0
2489,50.24297761917114,0.5,0.0,0.0,0.46463334560394287,-0.0031896133441478014,0.2351837456226349,3.1366915702819824,-0.042535360902547836,3.1366915702819824,0.042535360902547836,0.0,201.15072631835938,0.0
2490,50.254090785980225,0.5,0.0,0.0,0.498312383890152,0.027118900790810585,0.25166329741477966,-3.140665054321289,-0.04777006059885025,3.140665054321289,0.04777006059885025,0.0,183.78175354003906,0.0
2491,50.281524896621704,0.5,0.0,0.0,0.5309709310531616,0.05270283669233322,0.2977764308452606,-3.1358466148376465,-0.052248939871788025,3.1358466148376465,0.052248939871788025,0.0,154.81243896484375,0.0
2492,50.29424571990967,0.5,0.0,0.0,0.5602604150772095,0.07435785233974457,0.3548552393913269,-3.1319010257720947,-0.054431650787591934,3.1319010257720947,0.054431650787591934,0.0,144.54058837890625,0.0
2493,50.32196068763733,0.5,0.0,0.0,0.582628607749939,0.09238101541996002,0.3556481599807739,-3.128537893295288,-0.0504392609000206,3.128537893295288,0.0504392609000206,0.0,133.1890869140625,0.0
2494,50.33354115486145,0.5,0.0,0.0,0.5643542408943176,0.11005966365337372,0.4736909568309784,-3.132686138153076,-0.041523467749357224,3.132686138153076,0.041523467749357224,303.37176513671875,92.29318237304688,0.0
2495,50.361163854599,0.5,0.0,0.0,0.5641798973083496,0.07584787905216217,0.27955880761146545,-3.1367642879486084,-0.039744969457387924,3.1367642879486084,0.039744969457387924,248.09861755371094,22.6337890625,0.0
2496,50.37263536453247,0.5,0.0,0.0,0.524273157119751,0.027186190709471703,-0.09190990030765533,3.1414945125579834,-0.03548750281333923,3.1414945125579834,0.03548750281333923,286.3747253417969,0.0,0.0
2497,50.4001739025116,0.5,0.0,0.0,0.48909991979599,-0.016287244856357574,-0.24912352859973907,3.135193347930908,-0.025564974173903465,3.135193347930908,0.025564974173903465,277.67388916015625,0.0,0.0
2498,50.411736726760864,0.5,0.0,0.0,0.4718208611011505,-0.054628100246191025,-0.17774026095867157,3.131312370300293,-0.00997063610702753,3.131312370300293,0.00997063610702753,252.23629760742188,0.0,0.0
2499,50.43983173370361,0.5,0.0,0.0,0.47039249539375305,-0.08787596970796585,-0.05727004259824753,3.133517265319824,0.0062216222286224365,3.133517265319824,0.0062216222286224365,223.901123046875,0.0,0.0
2500,50.45127463340759,0.5,0.0,0.0,0.47727930545806885,-0.11364574730396271,0.0064515783451497555,3.1389126777648926,0.017674924805760384,3.1389126777648926,0.017674924805760384,190.68939208984375,0.0,0.0
2501,50.501954555511475,0.5,0.0,0.0,0.48606324195861816,-0.1310592144727707,0.01613481529057026,-3.140702247619629,0.02344701439142227,3.140702247619629,0.02344701439142227,162.3252410888672,0.0,0.0
2502,50.51367497444153,0.5,0.0,0.0,0.49114909768104553,-0.14543859660625458,-0.04311244934797287,3.140216112136841,0.024322131648659706,3.140216112136841,0.024322131648659706,139.28134155273438,0.0,0.0
2503,50.541892528533936,0.5,0.0,0.0,0.4932720363140106,-0.15933355689048767,-0.166720449924469,3.132070779800415,0.023669134825468063,3.132070779800415,0.023669134825468063,119.30574035644531,0.0,0.0
2504,50.553242683410645,0.5,0.0,0.0,0.49448275566101074,-0.17456956207752228,-0.20813493430614471,3.1211726665496826,0.021790219470858574,3.1211726665496826,0.021790219470858574,127.30075073242188,0.0,0.0
2505,50.58058977127075,0.5,0.0,0.0,0.4974713623523712,-0.19836543500423431,-0.1125197559595108,3.113874673843384,0.02204842120409012,3.113874673843384,0.02204842120409012,151.2716064453125,0.0,0.0
2506,50.59213733673096,0.5,0.0,0.0,0.5106622576713562,-0.2286675125360489,-0.0937008336186409,3.1174557209014893,0.026472510769963264,3.1174557209014893,0.026472510769963264,159.5951690673828,83.6603012084961,0.0
2507,50.619739294052124,0.5,0.0,0.0,0.52098149061203,-0.23468998074531555,-0.197505921125412,3.1281328201293945,0.02328842505812645,3.1281328201293945,0.02328842505812645,102.46739196777344,156.4225616455078,0.0
2508,50.63192558288574,0.5,0.0,0.0,0.5026249289512634,-0.20431482791900635,-0.12206142395734787,3.138232707977295,0.02178098075091839,3.138232707977295,0.02178098075091839,0.0,209.52401733398438,0.0
2509,50.66162467002869,0.5,0.0,0.0,0.48243534564971924,-0.1572350114583969,0.019104186445474625,3.1404600143432617,0.026188449934124947,3.1404600143432617,0.026188449934124947,0.0,224.31365966796875,56.31471633911133
2510,50.67372512817383,0.5,0.0,0.0,0.5259784460067749,-0.18595771491527557,-0.04997369647026062,3.140794277191162,0.02784363366663456,3.140794277191162,0.02784363366663456,0.0,240.11505126953125,56.31471633911133
2511,50.70034956932068,0.5,0.0,0.0,0.5611938834190369,-0.21033848822116852,-0.15533725917339325,-3.140310287475586,0.029976023361086845,3.140310287475586,0.029976023361086845,0.0,243.34017944335938,56.31471633911133
2512,50.712215423583984,0.5,0.0,0.0,0.6022425293922424,-0.23092564940452576,-0.20888885855674744,-3.1383261680603027,0.03128510341048241,3.1383261680603027,0.03128510341048241,0.0,218.05813598632812,56.31471633911133
2513,50.74173855781555,0.5,0.0,0.0,0.6449307799339294,-0.25244250893592834,-0.22928369045257568,-3.135667324066162,0.028306247666478157,3.135667324066162,0.028306247666478157,0.0,222.88314819335938,56.31471633911133
2514,50.754544258117676,0.5,0.0,0.0,0.696753978729248,-0.2785957455635071,-0.2214275598526001,-3.1318626403808594,0.024348342791199684,3.1318626403808594,0.024348342791199684,0.0,210.65924072265625,56.31471633911133
2515,50.78042006492615,0.5,0.0,0.0,0.7598111629486084,-0.3105957508087158,-0.1887989342212677,-3.125502586364746,0.019954565912485123,3.125502586364746,0.019954565912485123,0.0,199.64776611328125,56.31471633911133
2516,50.792335510253906,0.5,0.0,0.0,0.8256242871284485,-0.34438925981521606,-0.12464064359664917,-3.1169912815093994,0.01532524824142456,3.1169912815093994,0.01532524824142456,0.0,203.85162353515625,56.31471633911133
2517,50.82022547721863,0.5,0.0,0.0,0.9050087332725525,-0.3819443881511688,-0.03513922914862633,-3.1066901683807373,0.011944339610636234,3.1066901683807373,0.011944339610636234,0.0,205.82151794433594,56.31471633911133
2518,50.832016706466675,0.5,0.0,0.0,0.9912044405937195,-0.4197043180465698,0.05612422153353691,-3.0943856239318848,0.004951861221343279,3.0943856239318848,0.004951861221343279,0.0,207.12327575683594,56.31471633911133
2519,50.86128211021423,0.5,0.0,0.0,1.0744670629501343,-0.4526846408843994,0.12422102689743042,-3.080667495727539,-0.007178128231316805,3.080667495727539,0.007178128231316805,0.0,201.69558715820312,0.0
2520,50.87345361709595,0.5,0.0,0.0,1.0979714393615723,-0.42007970809936523,0.26389801502227783,-3.0713655948638916,-0.018327124416828156,3.0713655948638916,0.018327124416828156,0.0,178.31777954101562,0.0
2521,50.900156021118164,0.5,0.0,0.0,1.1178196668624878,-0.3980310261249542,0.39939790964126587,-3.071014404296875,-0.024905340746045113,3.071014404296875,0.024905340746045113,0.0,139.4934539794922,0.0
2522,50.911418437957764,0.5,0.0,0.0,1.1369750499725342,-0.4088174104690552,0.5109302997589111,-3.0900168418884277,-0.028586264699697495,3.0900168418884277,0.028586264699697495,0.0,68.03244018554688,0.0
2523,50.93748760223389,0.5,0.0,0.0,1.1269677877426147,-0.4354923665523529,0.32398033142089844,-3.119581460952759,-0.026419714093208313,3.119581460952759,0.026419714093208313,0.0,0.0,0.0
2524,50.949167013168335,0.5,0.0,0.0,1.091225028038025,-0.45210763812065125,0.11993399262428284,3.141376256942749,-0.010075913742184639,3.141376256942749,0.010075913742184639,0.0,0.0,0.0
2525,50.97645950317383,0.5,0.0,0.0,1.0051994323730469,-0.43826860189437866,0.06782319396734238,3.114974021911621,0.023425137624144554,3.114974021911621,0.023425137624144554,0.0,0.0,0.0
2526,50.987749099731445,0.5,0.0,0.0,0.8991122841835022,-0.40503576397895813,0.4489034414291382,3.094115734100342,0.04693716764450073,3.094115734100342,0.04693716764450073,293.15277099609375,0.0,0.0
2527,51.014429569244385,0.5,0.0,0.0,0.7828633785247803,-0.39088624715805054,0.5570199489593506,3.0823230743408203,0.05747240409255028,3.0823230743408203,0.05747240409255028,335.2791442871094,0.0,0.0
2528,51.025683879852295,0.5,0.0,0.0,0.6666645407676697,-0.38750317692756653,0.3962085247039795,3.072523355484009,0.06536620855331421,3.072523355484009,0.06536620855331421,344.1777038574219,0.0,0.0
2529,51.05287146568298,0.5,0.0,0.0,0.5596060752868652,-0.395851194858551,0.23033493757247925,3.0603795051574707,0.07361166924238205,3.0603795051574707,0.07361166924238205,326.3009338378906,0.0,0.0
2530,51.064066886901855,0.5,0.0,0.0,0.47025468945503235,-0.41148751974105835,0.26847124099731445,3.043794870376587,0.08172699809074402,3.043794870376587,0.08172699809074402,308.2376708984375,0.0,0.0
2531,51.09104585647583,0.5,0.0,0.0,0.3975614607334137,-0.4308485984802246,0.5072646141052246,3.024967670440674,0.08694801479578018,3.024967670440674,0.08694801479578018,252.5706329345703,0.0,0.0
2532,51.102683544158936,0.5,0.0,0.0,0.33565250039100647,-0.448813259601593,0.7206056118011475,3.0052413940429688,0.09263545274734497,3.0052413940429688,0.09263545274734497,199.5861358642578,0.0,0.0
2533,51.13335108757019,0.5,0.0,0.0,0.2820146083831787,-0.4610624611377716,0.7895061373710632,2.985459566116333,0.10098420083522797,2.985459566116333,0.10098420083522797,149.79742431640625,0.0,0.0
2534,51.14584231376648,0.5,0.0,0.0,0.23333008587360382,-0.4649134576320648,0.7859646081924438,2.966466188430786,0.11266326159238815,2.966466188430786,0.11266326159238815,121.38249969482422,0.0,0.0
2535,51.172871828079224,0.5,0.0,0.0,0.18377885222434998,-0.46211713552474976,0.8442416787147522,2.948760747909546,0.12809178233146667,2.948760747909546,0.12809178233146667,109.87629699707031,0.0,0.0
2536,51.18433690071106,0.5,0.0,0.0,0.1328277736902237,-0.4560166895389557,0.9422991275787354,2.9351937770843506,0.14846186339855194,2.9351937770843506,0.14846186339855194,100.0472640991211,0.0,0.0
2537,51.21158456802368,0.5,0.0,0.0,0.08602811396121979,-0.4525753855705261,1.0180965662002563,2.9305131435394287,0.1706915944814682,2.9305131435394287,0.1706915944814682,104.1505355834961,0.0,0.0
2538,51.22290849685669,0.5,0.0,0.0,0.07075317203998566,-0.45000338554382324,0.9243650436401367,2.93947434425354,0.187302365899086,2.93947434425354,0.187302365899086,121.58232879638672,154.4933624267578,0.0
2539,51.24965286254883,0.5,0.0,0.0,0.09593257308006287,-0.4320424497127533,0.7264631390571594,2.9571967124938965,0.18072524666786194,2.9571967124938965,0.18072524666786194,130.320068359375,194.5068817138672,0.0
2540,51.260844230651855,0.5,0.0,0.0,0.10833953320980072,-0.40316954255104065,0.4601689577102661,2.9830052852630615,0.15548494458198547,2.9830052852630615,0.15548494458198547,102.11141204833984,199.69248962402344,0.0
2541,51.287182331085205,0.5,0.0,0.0,0.09511414170265198,-0.35544610023498535,0.1643395870923996,3.0116655826568604,0.1281844973564148,3.0116655826568604,0.1281844973564148,39.172725677490234,173.80014038085938,0.0
2542,51.29834294319153,0.5,0.0,0.0,0.06854107975959778,-0.2899247705936432,-0.0712251141667366,3.037182092666626,0.1109326109290123,3.037182092666626,0.1109326109290123,0.0,154.05227661132812,0.0
2543,51.325650215148926,0.5,0.0,0.0,0.04894439876079559,-0.2210533320903778,-0.1496901661157608,3.05428409576416,0.10492905974388123,3.05428409576416,0.10492905974388123,0.0,142.79368591308594,0.0
2544,51.336950063705444,0.5,0.0,0.0,0.03842843696475029,-0.1589069664478302,-0.1279943585395813,3.0622687339782715,0.10559053719043732,3.0622687339782715,0.10559053719043732,0.0,147.36903381347656,0.0
2545,51.36523747444153,0.5,0.0,0.0,0.03414218872785568,-0.09991148859262466,-0.10601815581321716,3.06353497505188,0.10796253383159637,3.06353497505188,0.10796253383159637,0.0,157.26036071777344,0.0
2546,51.38620948791504,0.5,0.0,0.0,0.03264785185456276,-0.038638483732938766,-0.1071414202451706,3.060859441757202,0.11014696210622787,3.060859441757202,0.11014696210622787,0.0,178.1597900390625,0.0
2547,51.42121076583862,0.5,0.0,0.0,0.035912562161684036,0.028022577986121178,-0.20210187137126923,3.0562331676483154,0.11079022288322449,3.0562331676483154,0.11079022288322449,0.0,210.84072875976562,0.0
2548,51.43583679199219,0.5,0.0,0.0,0.04424280300736427,0.10001492500305176,-0.35901156067848206,3.0505459308624268,0.10718035697937012,3.0505459308624268,0.10718035697937012,0.0,222.15464782714844,0.0
2549,51.479430198669434,0.5,0.0,0.0,0.05278231203556061,0.1785728931427002,-0.4297732412815094,3.0434367656707764,0.09857258945703506,3.0434367656707764,0.09857258945703506,0.0,218.77584838867188,60.81018829345703
2550,51.49141526222229,0.5,0.0,0.0,0.09567328542470932,0.20550113916397095,-0.4244458079338074,3.0351450443267822,0.08907011151313782,3.0351450443267822,0.08907011151313782,0.0,205.07498168945312,60.81018829345703
2551,51.518585205078125,0.5,0.0,0.0,0.14875143766403198,0.2190524935722351,-0.2089044451713562,3.0287725925445557,0.08060231804847717,3.0287725925445557,0.08060231804847717,0.0,172.2914276123047,60.81018829345703
2552,51.53056859970093,0.5,0.0,0.0,0.1757686585187912,0.2254466563463211,0.08466298878192902,3.028750419616699,0.07475084811449051,3.028750419616699,0.07475084811449051,335.7161865234375,167.00396728515625,60.81018829345703
2553,51.5570387840271,0.5,0.0,0.0,0.256732702255249,0.1795579493045807,0.36511754989624023,3.03177547454834,0.0634244903922081,3.03177547454834,0.0634244903922081,180.08949279785156,125.34966278076172,60.81018829345703
2554,51.568572998046875,0.5,0.0,0.0,0.3230384588241577,0.10992869734764099,0.2470521628856659,3.0390665531158447,0.049357227981090546,3.0390665531158447,0.049357227981090546,180.7508544921875,113.14768981933594,60.81018829345703
2555,51.596121072769165,0.5,0.0,0.0,0.3744005560874939,0.04037146642804146,0.010302675887942314,3.0448293685913086,0.035968903452157974,3.0448293685913086,0.035968903452157974,163.2861328125,77.32621765136719,60.81018829345703
2556,51.60918045043945,0.5,0.0,0.0,0.41482996940612793,-0.02846255712211132,-0.07668136060237885,3.048168897628784,0.02997753769159317,3.048168897628784,0.02997753769159317,135.70144653320312,22.683883666992188,60.81018829345703
2557,51.63587546348572,0.5,0.0,0.0,0.45515725016593933,-0.1068112775683403,-0.07232342660427094,3.051469326019287,0.030563175678253174,3.051469326019287,0.030563175678253174,128.3856201171875,0.0,60.81018829345703
2558,51.64833354949951,0.5,0.0,0.0,0.503948986530304,-0.18606264889240265,-0.11693286895751953,3.0567898750305176,0.03134912624955177,3.0567898750305176,0.03134912624955177,112.50553131103516,0.0,60.81018829345703
2559,51.67707395553589,0.5,0.0,0.0,0.5612515807151794,-0.2604307234287262,-0.26489442586898804,3.061695098876953,0.026082366704940796,3.061695098876953,0.026082366704940796,129.0007781982422,0.0,0.0
2560,51.690468311309814,0.5,0.0,0.0,0.5904273986816406,-0.28488489985466003,-0.43745243549346924,3.0643179416656494,0.013278234750032425,3.0643179416656494,0.013278234750032425,145.59841918945312,0.0,0.0
2561,51.7176833152771,0.5,0.0,0.0,0.6199705600738525,-0.31620514392852783,-0.6833672523498535,3.062995433807373,-0.0011073722271248698,3.062995433807373,0.0011073722271248698,165.99961853027344,0.0,0.0
2562,51.729459285736084,0.5,0.0,0.0,0.6534813642501831,-0.35229891538619995,-0.9242429733276367,3.0611259937286377,-0.011744827032089233,3.0611259937286377,0.011744827032089233,168.02540588378906,0.0,0.0
2563,51.756813526153564,0.5,0.0,0.0,0.6916945576667786,-0.38028720021247864,-1.0334230661392212,3.0607399940490723,-0.017337393015623093,3.0607399940490723,0.017337393015623093,148.14964294433594,0.0,0.0
2564,51.77087211608887,0.5,0.0,0.0,0.7297439575195312,-0.3912413716316223,-0.8810205459594727,3.063471794128418,-0.017342546954751015,3.063471794128418,0.017342546954751015,119.31217956542969,0.0,0.0
2565,51.79701805114746,0.5,0.0,0.0,0.7591525912284851,-0.39228126406669617,-0.3529421389102936,3.0689010620117188,-0.010636437684297562,3.0689010620117188,0.010636437684297562,94.32192993164062,139.8485565185547,0.0
2566,51.80813384056091,0.5,0.0,0.0,0.747933566570282,-0.37164875864982605,-0.2431437373161316,3.072051525115967,-0.009979326277971268,3.072051525115967,0.009979326277971268,62.760765075683594,250.4252166748047,0.0
2567,51.83483576774597,0.5,0.0,0.0,0.7019050717353821,-0.33421796560287476,-0.12644176185131073,3.0776681900024414,-0.001957752276211977,3.0776681900024414,0.001957752276211977,11.335245132446289,279.4910888671875,0.0
2568,51.84612536430359,0.5,0.0,0.0,0.6484184861183167,-0.276679664850235,0.09738960862159729,3.084346294403076,0.01096127275377512,3.084346294403076,0.01096127275377512,0.0,283.7830505371094,0.0
2569,51.87370467185974,0.5,0.0,0.0,0.6158978343009949,-0.22969737648963928,0.1710643768310547,3.0859854221343994,0.022084742784500122,3.0859854221343994,0.022084742784500122,0.0,263.63555908203125,0.0
2570,51.88530993461609,0.5,0.0,0.0,0.6009317636489868,-0.19615869224071503,0.056981779634952545,3.0818254947662354,0.026877880096435547,3.0818254947662354,0.026877880096435547,0.0,225.63119506835938,0.0
2571,51.91272521018982,0.5,0.0,0.0,0.5910903811454773,-0.16471630334854126,-0.0319259874522686,3.075350522994995,0.025300374254584312,3.075350522994995,0.025300374254584312,0.0,194.1631622314453,0.0
2572,51.92410945892334,0.5,0.0,0.0,0.581365168094635,-0.13106177747249603,-0.008910449221730232,3.070897340774536,0.022175047546625137,3.070897340774536,0.022175047546625137,0.0,178.54469299316406,0.0
2573,51.95145630836487,0.5,0.0,0.0,0.5744115114212036,-0.09779134392738342,0.076296366751194,3.071392297744751,0.020039303228259087,3.071392297744751,0.020039303228259087,0.0,186.05947875976562,0.0
2574,51.96372365951538,0.5,0.0,0.0,0.5701003074645996,-0.06715236604213715,0.1576324701309204,3.0781729221343994,0.017968233674764633,3.0781729221343994,0.017968233674764633,0.0,184.6729278564453,0.0
2575,51.991536140441895,0.5,0.0,0.0,0.568918764591217,-0.037933237850666046,0.20929306745529175,3.0892510414123535,0.016000038012862206,3.0892510414123535,0.016000038012862206,0.0,196.106689453125,0.0
2576,52.0024151802063,0.5,0.0,0.0,0.571774423122406,-0.008082058280706406,0.21303966641426086,3.10139799118042,0.01294621266424656,3.10139799118042,0.01294621266424656,0.0,197.99778747558594,0.0
2577,52.028942584991455,0.5,0.0,0.0,0.5759562253952026,0.023220732808113098,0.1756715476512909,3.1116344928741455,0.008275252766907215,3.1116344928741455,0.008275252766907215,0.0,193.00340270996094,0.0
2578,52.04115295410156,0.5,0.0,0.0,0.5802034735679626,0.057132184505462646,0.16819775104522705,3.118528366088867,0.0032660458236932755,3.118528366088867,0.0032660458236932755,0.0,179.91461181640625,0.0
2579,52.07074785232544,0.5,0.0,0.0,0.5866917967796326,0.08813000470399857,0.1876286417245865,3.1205575466156006,0.00040355874807573855,3.1205575466156006,0.00040355874807573855,0.0,161.2274627685547,0.0
2580,52.08279371261597,0.5,0.0,0.0,0.5952715277671814,0.11331021785736084,0.16482071578502655,3.118255376815796,-0.0004660502600017935,3.118255376815796,0.0004660502600017935,0.0,144.86056518554688,0.0
2581,52.117332220077515,0.5,0.0,0.0,0.5897846817970276,0.13672611117362976,0.1107778251171112,3.112823486328125,0.002430170541629195,3.112823486328125,0.002430170541629195,121.14505767822266,118.33882141113281,0.0
2582,52.12938094139099,0.5,0.0,0.0,0.5755521059036255,0.14205564558506012,0.28928640484809875,3.1061506271362305,0.004918607883155346,3.1061506271362305,0.004918607883155346,171.4295196533203,81.32717895507812,0.0
2583,52.157678842544556,0.5,0.0,0.0,0.5541930794715881,0.1157601922750473,0.3716953992843628,3.108393907546997,0.00347698456607759,3.108393907546997,0.00347698456607759,228.89620971679688,30.158540725708008,0.0
2584,52.16869640350342,0.5,0.0,0.0,0.5181263089179993,0.07636936008930206,0.19601796567440033,3.1150271892547607,0.008310134522616863,3.1150271892547607,0.008310134522616863,240.88720703125,0.0,0.0
2585,52.19439744949341,0.5,0.0,0.0,0.48525673151016235,0.0397016741335392,-0.05099443346261978,3.1176750659942627,0.019537726417183876,3.1176750659942627,0.019537726417183876,246.09629821777344,0.0,0.0
2586,52.20567226409912,0.5,0.0,0.0,0.46716511249542236,0.008348850533366203,-0.12098544836044312,3.1133625507354736,0.03443508967757225,3.1133625507354736,0.03443508967757225,238.5985870361328,0.0,0.0
2587,52.23327565193176,0.5,0.0,0.0,0.4616611897945404,-0.02172722853720188,-0.0404636487364769,3.1084799766540527,0.04743514582514763,3.1084799766540527,0.04743514582514763,218.26031494140625,0.0,0.0
2588,52.24447464942932,0.5,0.0,0.0,0.4614165723323822,-0.05029881000518799,0.05585026741027832,3.1069695949554443,0.05541696771979332,3.1069695949554443,0.05541696771979332,205.69906616210938,0.0,0.0
2589,52.27210474014282,0.5,0.0,0.0,0.4625692069530487,-0.07659342139959335,0.11227817833423615,3.1085588932037354,0.059348296374082565,3.1085588932037354,0.059348296374082565,197.6079559326172,0.0,0.0
2590,52.28456258773804,0.5,0.0,0.0,0.4638475775718689,-0.09860056638717651,0.11711332201957703,3.1107828617095947,0.060480132699012756,3.1107828617095947,0.060480132699012756,177.2781982421875,0.0,0.0
2591,52.31195592880249,0.5,0.0,0.0,0.46442869305610657,-0.11734369397163391,0.08573868870735168,3.111976146697998,0.060535311698913574,3.111976146697998,0.060535311698913574,157.72291564941406,0.0,0.0
2592,52.323182821273804,0.5,0.0,0.0,0.464193195104599,-0.13557788729667664,0.03439463675022125,3.111567258834839,0.06013614684343338,3.111567258834839,0.06013614684343338,145.08949279785156,0.0,0.0
2593,52.35141658782959,0.5,0.0,0.0,0.4632242023944855,-0.15286855399608612,0.013208016753196716,3.109752893447876,0.05957287177443504,3.109752893447876,0.05957287177443504,141.19070434570312,0.0,0.0
2594,52.362709522247314,0.5,0.0,0.0,0.4653817415237427,-0.17206919193267822,0.051557980477809906,3.108807325363159,0.0606398768723011,3.108807325363159,0.0606398768723011,148.39910888671875,0.0,0.0
2595,52.390623569488525,0.5,0.0,0.0,0.4691898822784424,-0.19387976825237274,0.10923528671264648,3.1131269931793213,0.06391213834285736,3.1131269931793213,0.06391213834285736,134.91050720214844,33.82276153564453,0.0
2596,52.401777029037476,0.5,0.0,0.0,0.4822499752044678,-0.20552660524845123,-0.06927254796028137,3.123255968093872,0.06325165182352066,3.123255968093872,0.06325165182352066,111.63321685791016,146.92547607421875,0.0
2597,52.428516149520874,0.5,0.0,0.0,0.4802189767360687,-0.19868482649326324,-0.17738205194473267,3.1350395679473877,0.055372342467308044,3.1350395679473877,0.055372342467308044,73.01012420654297,175.69557189941406,0.0
2598,52.440293312072754,0.5,0.0,0.0,0.4631181061267853,-0.16822971403598785,-0.11001472175121307,-3.1368119716644287,0.04774601384997368,3.1368119716644287,0.04774601384997368,0.0,214.6492462158203,0.0
2599,52.46910786628723,0.5,0.0,0.0,0.44534385204315186,-0.12656427919864655,-0.01367270853370428,-3.1311450004577637,0.04224831238389015,3.1311450004577637,0.04224831238389015,0.0,220.75253295898438,48.9566764831543
2600,52.48007583618164,0.5,0.0,0.0,0.45054593682289124,-0.1532205194234848,-0.11037851870059967,-3.128404378890991,0.03128531947731972,3.128404378890991,0.03128531947731972,0.0,216.17091369628906,48.9566764831543
2601,52.50630831718445,0.5,0.0,0.0,0.4479055404663086,-0.1807795912027359,-0.17928409576416016,-3.125586748123169,0.015616768971085548,3.125586748123169,0.015616768971085548,0.0,213.0418243408203,48.9566764831543
2602,52.51810693740845,0.5,0.0,0.0,0.4478663206100464,-0.2086016833782196,-0.16977638006210327,-3.122997999191284,0.0045095644891262054,3.122997999191284,0.0045095644891262054,0.0,212.30828857421875,48.9566764831543
2603,52.548805713653564,0.5,0.0,0.0,0.4541088342666626,-0.23746204376220703,-0.1258125603199005,-3.121034622192383,-0.0015674083260819316,3.121034622192383,0.0015674083260819316,0.0,225.2458038330078,48.9566764831543
2604,52.561036825180054,0.5,0.0,0.0,0.4627349078655243,-0.26860877871513367,-0.09901751577854156,-3.1187689304351807,-0.0041151768527925014,3.1187689304351807,0.0041151768527925014,0.0,230.638671875,48.9566764831543
2605,52.58764600753784,0.5,0.0,0.0,0.47118842601776123,-0.30096298456192017,-0.11886722594499588,-3.1165390014648438,-0.004138252232223749,3.1165390014648438,0.004138252232223749,0.0,234.22483825683594,48.9566764831543
2606,52.59908676147461,0.5,0.0,0.0,0.47914329171180725,-0.3318430781364441,-0.20818811655044556,-3.1153388023376465,-0.0018928821664303541,3.1153388023376465,0.0018928821664303541,0.0,242.72752380371094,48.9566764831543
2607,52.625765323638916,0.5,0.0,0.0,0.4904117286205292,-0.3626871109008789,-0.36460819840431213,-3.117844343185425,0.0029231817461550236,3.117844343185425,0.0029231817461550236,0.0,240.58656311035156,48.9566764831543
2608,52.63727593421936,0.5,0.0,0.0,0.510614275932312,-0.3969002962112427,-0.5300424695014954,-3.126258611679077,0.010541046969592571,3.126258611679077,0.010541046969592571,0.0,220.9146270751953,48.9566764831543
2609,52.6651451587677,0.5,0.0,0.0,0.5390555262565613,-0.43592655658721924,-0.669186532497406,-3.139439105987549,0.019779376685619354,3.139439105987549,0.019779376685619354,0.0,201.9736785888672,0.0
2610,52.67677569389343,0.5,0.0,0.0,0.5554773211479187,-0.41737812757492065,-0.6441652774810791,3.125722646713257,0.03427516669034958,3.125722646713257,0.03427516669034958,0.0,154.99444580078125,0.0
2611,52.706043004989624,0.5,0.0,0.0,0.5656598806381226,-0.4030599594116211,-0.5681621432304382,3.1025352478027344,0.056040775030851364,3.1025352478027344,0.056040775030851364,0.0,81.99295043945312,0.0
2612,52.71771192550659,0.5,0.0,0.0,0.5341484546661377,-0.3761923313140869,-0.24179323017597198,3.0727765560150146,0.083720363676548,3.0727765560150146,0.083720363676548,456.1967468261719,0.0,0.0
2613,52.74525237083435,0.5,0.0,0.0,0.5085223913192749,-0.3635931611061096,-0.13547900319099426,3.050903081893921,0.09848463535308838,3.050903081893921,0.09848463535308838,201.79995727539062,0.0,0.0
2614,52.76469111442566,0.5,0.0,0.0,0.46556419134140015,-0.3549655079841614,-0.07215048372745514,3.0529990196228027,0.09627407044172287,3.0529990196228027,0.09627407044172287,204.2440948486328,0.0,0.0
2615,52.79429769515991,0.5,0.0,0.0,0.40763235092163086,-0.34921136498451233,-0.010189341381192207,3.070089340209961,0.0919058695435524,3.070089340209961,0.0919058695435524,207.78207397460938,0.0,0.0
2616,52.805474519729614,0.5,0.0,0.0,0.34891995787620544,-0.34275195002555847,0.0008988678455352783,3.088803291320801,0.09571711719036102,3.088803291320801,0.09571711719036102,205.70687866210938,0.0,0.0
2617,52.83308506011963,0.5,0.0,0.0,0.30193832516670227,-0.33177825808525085,-0.10655441135168076,3.098771333694458,0.1069214791059494,3.098771333694458,0.1069214791059494,202.35037231445312,0.0,0.0
2618,52.8443968296051,0.5,0.0,0.0,0.2644674777984619,-0.3201856017112732,-0.21848875284194946,3.096200942993164,0.11892790347337723,3.096200942993164,0.11892790347337723,195.61134338378906,0.0,0.0
2619,52.87245035171509,0.5,0.0,0.0,0.23134641349315643,-0.31154173612594604,-0.14612682163715363,3.0842647552490234,0.1285664439201355,3.0842647552490234,0.1285664439201355,173.85206604003906,0.0,44.25486373901367
2620,52.88376045227051,0.5,0.0,0.0,0.18491536378860474,-0.26791995763778687,0.25743988156318665,3.0684659481048584,0.1399107128381729,3.0684659481048584,0.1399107128381729,183.367919921875,0.0,44.25486373901367
2621,52.91105103492737,0.5,0.0,0.0,0.14326319098472595,-0.23039057850837708,0.5748193264007568,3.054922580718994,0.1498095542192459,3.054922580718994,0.1498095542192459,180.19949340820312,0.0,44.25486373901367
2622,52.92294931411743,0.5,0.0,0.0,0.1005704328417778,-0.19738233089447021,0.618425190448761,3.0474486351013184,0.15775522589683533,3.0474486351013184,0.15775522589683533,180.2781524658203,162.96743774414062,44.25486373901367
2623,52.95001554489136,0.5,0.0,0.0,0.09774702042341232,-0.14583292603492737,0.4929082989692688,3.045466661453247,0.15985557436943054,3.045466661453247,0.15985557436943054,171.2654571533203,140.12677001953125,44.25486373901367
2624,52.961090087890625,0.5,0.0,0.0,0.10929548740386963,-0.08781196177005768,0.32534027099609375,3.050801992416382,0.15037177503108978,3.050801992416382,0.15037177503108978,182.8816680908203,166.222900390625,44.25486373901367
2625,52.988187074661255,0.5,0.0,0.0,0.11114989221096039,-0.01944149285554886,0.23207953572273254,3.067174196243286,0.1325024962425232,3.067174196243286,0.1325024962425232,149.6573486328125,165.475341796875,44.25486373901367
2626,52.99963903427124,0.5,0.0,0.0,0.09807243943214417,0.06521308422088623,0.1787114441394806,3.0866217613220215,0.11554908752441406,3.0866217613220215,0.11554908752441406,46.42394256591797,146.7136993408203,44.25486373901367
2627,53.027077436447144,0.5,0.0,0.0,0.07217631489038467,0.15987619757652283,0.17983826994895935,3.0971837043762207,0.1060563400387764,3.0971837043762207,0.1060563400387764,0.0,128.29226684570312,44.25486373901367
2628,53.03849530220032,0.5,0.0,0.0,0.049884796142578125,0.2490527480840683,0.18477585911750793,3.094444990158081,0.10446186363697052,3.094444990158081,0.10446186363697052,0.0,124.4730453491211,44.25486373901367
2629,53.06749725341797,0.5,0.0,0.0,0.038775160908699036,0.33702385425567627,0.12259973585605621,3.0859689712524414,0.10546683520078659,3.0859689712524414,0.10546683520078659,0.0,136.26101684570312,0.0
2630,53.0786337852478,0.5,0.0,0.0,0.0517057329416275,0.3889686167240143,-0.03263431042432785,3.0756945610046387,0.10084352642297745,3.0756945610046387,0.10084352642297745,0.0,144.23110961914062,0.0
2631,53.10578393936157,0.5,0.0,0.0,0.06640352308750153,0.4480290412902832,-0.044964730739593506,3.064927577972412,0.08846896141767502,3.064927577972412,0.08846896141767502,0.0,143.0021514892578,0.0
2632,53.1170699596405,0.5,0.0,0.0,0.08326801657676697,0.5063368678092957,0.07388446480035782,3.054663896560669,0.0730087161064148,3.054663896560669,0.0730087161064148,0.0,133.56114196777344,0.0
2633,53.1456024646759,0.5,0.0,0.0,0.10356783866882324,0.5579507350921631,0.3042273223400116,3.04801869392395,0.05738333985209465,3.04801869392395,0.05738333985209465,0.0,122.99359130859375,0.0
2634,53.15727138519287,0.5,0.0,0.0,0.12515224516391754,0.5917766094207764,0.47523993253707886,3.0472493171691895,0.04435863345861435,3.0472493171691895,0.04435863345861435,0.0,107.1935043334961,0.0
2635,53.18571424484253,0.5,0.0,0.0,0.13521285355091095,0.603645920753479,0.413906455039978,3.0498597621917725,0.0287252776324749,3.0498597621917725,0.0287252776324749,217.4124755859375,112.5670166015625,0.0
2636,53.19676852226257,0.5,0.0,0.0,0.15364573895931244,0.5502834916114807,0.27564090490341187,3.0547330379486084,0.009889332577586174,3.0547330379486084,0.009889332577586174,269.01031494140625,75.91997528076172,0.0
2637,53.2229323387146,0.5,0.0,0.0,0.14963872730731964,0.45924001932144165,-0.012315183877944946,3.061685085296631,0.0017200266011059284,3.061685085296631,0.0017200266011059284,315.3759460449219,53.11418914794922,0.0
2638,53.23434376716614,0.5,0.0,0.0,0.14763686060905457,0.3584355115890503,-0.05812148004770279,3.0692591667175293,0.00876586139202118,3.0692591667175293,0.00876586139202118,324.150146484375,24.349416732788086,0.0
2639,53.26204252243042,0.5,0.0,0.0,0.16196605563163757,0.26335403323173523,0.08310410380363464,3.0779736042022705,0.02185295708477497,3.0779736042022705,0.02185295708477497,262.9305419921875,1.378307819366455,29.88334083557129
2640,53.27340507507324,0.5,0.0,0.0,0.21642157435417175,0.18445385992527008,0.18048670887947083,3.0867981910705566,0.02948525734245777,3.0867981910705566,0.02948525734245777,179.7579345703125,0.0,29.88334083557129
2641,53.30670189857483,0.5,0.0,0.0,0.26100456714630127,0.1387854516506195,0.1943674385547638,3.0908498764038086,0.028779448941349983,3.0908498764038086,0.028779448941349983,125.76514434814453,0.0,29.88334083557129
2642,53.31929540634155,0.5,0.0,0.0,0.30015167593955994,0.10650093853473663,0.1181134581565857,3.084998607635498,0.023383980616927147,3.084998607635498,0.023383980616927147,124.54164123535156,0.0,29.88334083557129
2643,53.34674000740051,0.5,0.0,0.0,0.33921125531196594,0.0692669227719307,0.03637990355491638,3.0735721588134766,0.015743672847747803,3.0735721588134766,0.015743672847747803,148.62222290039062,0.0,29.88334083557129
2644,53.358078479766846,0.5,0.0,0.0,0.3820446729660034,0.018902676180005074,-0.03709987550973892,3.06502366065979,0.008158206939697266,3.06502366065979,0.008158206939697266,171.6571807861328,0.0,29.88334083557129
2645,53.38559579849243,0.5,0.0,0.0,0.428364634513855,-0.046328719705343246,-0.1662939339876175,3.0654497146606445,0.0012425337918102741,3.0654497146606445,0.0012425337918102741,196.81590270996094,0.0,29.88334083557129
2646,53.396808385849,0.5,0.0,0.0,0.4809698462486267,-0.11506808549165726,-0.34006601572036743,3.0744223594665527,-0.005327578634023666,3.0744223594665527,0.005327578634023666,204.14404296875,0.0,29.88334083557129
2647,53.4244339466095,0.5,0.0,0.0,0.5388442873954773,-0.1740957498550415,-0.5019564628601074,3.0854082107543945,-0.013179684989154339,3.0854082107543945,0.013179684989154339,198.77978515625,0.0,29.88334083557129
2648,53.435654163360596,0.5,0.0,0.0,0.5992293357849121,-0.22149913012981415,-0.6431200504302979,3.0918962955474854,-0.022278357297182083,3.0918962955474854,0.022278357297182083,179.41627502441406,0.0,29.88334083557129
2649,53.46255946159363,0.5,0.0,0.0,0.6588489413261414,-0.2535138726234436,-0.7490323781967163,3.0946240425109863,-0.030605226755142212,3.0946240425109863,0.030605226755142212,141.15542602539062,0.0,0.0
2650,53.47382307052612,0.5,0.0,0.0,0.6779516339302063,-0.2634292244911194,-0.7566275596618652,3.0978400707244873,-0.033643938601017,3.0978400707244873,0.033643938601017,117.34571838378906,0.0,0.0
2651,53.5056414604187,0.5,0.0,0.0,0.6968851089477539,-0.280441015958786,-0.36756449937820435,3.104257345199585,-0.02885860577225685,3.104257345199585,0.02885860577225685,125.42906951904297,128.27029418945312,0.0
2652,53.5189893245697,0.5,0.0,0.0,0.7065593600273132,-0.27824121713638306,-0.3205740749835968,3.113072156906128,-0.027887098491191864,3.113072156906128,0.027887098491191864,89.73725128173828,175.2460174560547,0.0
2653,53.54737424850464,0.5,0.0,0.0,0.6752094030380249,-0.2370629459619522,-0.09462788701057434,3.121354818344116,-0.022090066224336624,3.121354818344116,0.022090066224336624,0.0,239.10040283203125,0.0
2654,53.55875873565674,0.5,0.0,0.0,0.6357283592224121,-0.17916174232959747,0.14276450872421265,3.123286008834839,-0.006475917994976044,3.123286008834839,0.006475917994976044,0.0,267.2227783203125,0.0
2655,53.58834099769592,0.5,0.0,0.0,0.622511088848114,-0.1382759064435959,0.13093003630638123,3.1196939945220947,0.00925657618790865,3.1196939945220947,0.00925657618790865,0.0,261.3609619140625,0.0
2656,53.60215377807617,0.5,0.0,0.0,0.6238787174224854,-0.10383084416389465,-0.042230553925037384,3.1120619773864746,0.0164189450442791,3.1120619773864746,0.0164189450442791,0.0,228.450439453125,0.0
2657,53.638206481933594,0.5,0.0,0.0,0.620806097984314,-0.06749586760997772,-0.14993345737457275,3.10235333442688,0.01352713257074356,3.10235333442688,0.01352713257074356,0.0,194.49575805664062,0.0
2658,53.654589891433716,0.5,0.0,0.0,0.6124279499053955,-0.03083496168255806,-0.09297078847885132,3.095834970474243,0.006852084305137396,3.095834970474243,0.006852084305137396,0.0,177.44509887695312,0.0
2659,53.6830039024353,0.5,0.0,0.0,0.6066956520080566,0.0019156314665451646,0.07414749264717102,3.095414400100708,0.001850629923865199,3.095414400100708,0.001850629923865199,0.0,164.54412841796875,0.0
2660,53.694299936294556,0.5,0.0,0.0,0.6079298257827759,0.031236954033374786,0.3075212836265564,3.1016414165496826,0.0003676207852549851,3.1016414165496826,0.0003676207852549851,0.0,164.22352600097656,0.0
2661,53.72269058227539,0.5,0.0,0.0,0.6125234961509705,0.05669163912534714,0.46575793623924255,3.1135313510894775,0.00048026241711340845,3.1135313510894775,0.00048026241711340845,0.0,176.68154907226562,0.0
2662,53.734166860580444,0.5,0.0,0.0,0.6135985255241394,0.08683540672063828,0.47016841173171997,3.129016876220703,-0.0001599756215000525,3.129016876220703,0.0001599756215000525,0.0,180.0728759765625,0.0
2663,53.76145339012146,0.5,0.0,0.0,0.6154216527938843,0.11962472647428513,0.3655789792537689,-3.1409664154052734,0.0009925613412633538,3.1409664154052734,0.0009925613412633538,0.0,174.3047332763672,0.0
2664,53.77401256561279,0.5,0.0,0.0,0.6201581358909607,0.1461327224969864,0.14439556002616882,-3.1367006301879883,0.005381622817367315,3.1367006301879883,0.005381622817367315,0.0,156.03099060058594,0.0
2665,53.80213403701782,0.5,0.0,0.0,0.6249321103096008,0.16582117974758148,-0.07573211938142776,3.140979766845703,0.014915995299816132,3.140979766845703,0.014915995299816132,0.0,132.9612274169922,0.0
2666,53.81366229057312,0.5,0.0,0.0,0.5992099046707153,0.18491284549236298,0.10502779483795166,3.1305463314056396,0.023256836459040642,3.1305463314056396,0.023256836459040642,237.86907958984375,92.49202728271484,0.0
2667,53.84142446517944,0.5,0.0,0.0,0.5709723234176636,0.1616353839635849,0.4050878882408142,3.12907338142395,0.026205969974398613,3.12907338142395,0.026205969974398613,234.99124145507812,48.44938278198242,0.0
2668,53.85440230369568,0.5,0.0,0.0,0.525458037853241,0.11714234203100204,0.3303425908088684,3.13509464263916,0.03256290778517723,3.13509464263916,0.03256290778517723,237.92469787597656,0.0,0.0
2669,53.88252806663513,0.5,0.0,0.0,0.47935834527015686,0.07170964032411575,0.04644836485385895,3.137540817260742,0.045032672584056854,3.137540817260742,0.045032672584056854,223.03564453125,0.0,0.0
2670,53.89558172225952,0.5,0.0,0.0,0.45033779740333557,0.038221970200538635,-0.08990038931369781,3.1303341388702393,0.05869691073894501,3.1303341388702393,0.05869691073894501,203.96681213378906,0.0,0.0
2671,53.92384195327759,0.5,0.0,0.0,0.4309868812561035,0.007507381495088339,0.00015056971460580826,3.1178371906280518,0.06848465651273727,3.1178371906280518,0.06848465651273727,200.00296020507812,0.0,0.0
2672,53.936734437942505,0.5,0.0,0.0,0.4137466251850128,-0.024590041488409042,0.13154371082782745,3.1093716621398926,0.07431120425462723,3.1093716621398926,0.07431120425462723,189.73599243164062,0.0,0.0
2673,53.9632613658905,0.5,0.0,0.0,0.3977542817592621,-0.055800385773181915,0.17837686836719513,3.10501766204834,0.0780072957277298,3.10501766204834,0.0780072957277298,187.79847717285156,0.0,0.0
2674,53.974547386169434,0.5,0.0,0.0,0.3833204209804535,-0.08387645334005356,0.1249060332775116,3.1016387939453125,0.08048976212739944,3.1016387939453125,0.08048976212739944,173.7771453857422,0.0,0.0
2675,54.00248861312866,0.5,0.0,0.0,0.3706294000148773,-0.11042924225330353,0.04957761988043785,3.0958619117736816,0.08212194591760635,3.0958619117736816,0.08212194591760635,180.10791015625,0.0,0.0
2676,54.01440787315369,0.5,0.0,0.0,0.35941585898399353,-0.14053459465503693,0.05801026150584221,3.0879528522491455,0.08321413397789001,3.0879528522491455,0.08321413397789001,186.16090393066406,0.0,0.0
2677,54.04510259628296,0.5,0.0,0.0,0.3498004972934723,-0.17373353242874146,0.11326949298381805,3.0799920558929443,0.08458732068538666,3.0799920558929443,0.08458732068538666,182.04452514648438,0.0,0.0
2678,54.059892416000366,0.5,0.0,0.0,0.34158504009246826,-0.21274971961975098,0.22469094395637512,3.075383186340332,0.0873163640499115,3.075383186340332,0.0873163640499115,198.29812622070312,0.0,0.0
2679,54.09590268135071,0.5,0.0,0.0,0.335051953792572,-0.25517815351486206,0.2824300527572632,3.0797345638275146,0.09295853972434998,3.0797345638275146,0.09295853972434998,174.29830932617188,10.528780937194824,0.0
2680,54.10836100578308,0.5,0.0,0.0,0.3475959599018097,-0.27234572172164917,-0.009762766771018505,3.091130256652832,0.09456270933151245,3.091130256652832,0.09456270933151245,118.27900695800781,148.87025451660156,0.0
2681,54.138378381729126,0.5,0.0,0.0,0.3515591323375702,-0.27046072483062744,-0.17360113561153412,3.1036980152130127,0.08523557335138321,3.1036980152130127,0.08523557335138321,94.16519927978516,166.72061157226562,0.0
2682,54.149614334106445,0.5,0.0,0.0,0.3395668566226959,-0.24395155906677246,-0.20926856994628906,3.1189205646514893,0.07496830075979233,3.1189205646514893,0.07496830075979233,7.762380123138428,181.94203186035156,0.0
2683,54.17805337905884,0.5,0.0,0.0,0.3219340443611145,-0.19788604974746704,-0.17607927322387695,3.127345085144043,0.06801079213619232,3.127345085144043,0.06801079213619232,0.0,180.93231201171875,0.0
2684,54.1923041343689,0.5,0.0,0.0,0.3141642212867737,-0.15853391587734222,-0.12866879999637604,3.1285276412963867,0.0608447901904583,3.1285276412963867,0.0608447901904583,0.0,170.09532165527344,0.0
2685,54.22154951095581,0.5,0.0,0.0,0.3106110990047455,-0.12642276287078857,-0.09998272359371185,3.1270151138305664,0.05318117514252663,3.1270151138305664,0.05318117514252663,0.0,180.8262481689453,0.0
2686,54.23283100128174,0.5,0.0,0.0,0.308086633682251,-0.09515868872404099,-0.09358837455511093,3.126359462738037,0.04543799161911011,3.126359462738037,0.04543799161911011,0.0,190.33767700195312,0.0
2687,54.26084637641907,0.5,0.0,0.0,0.30692604184150696,-0.061877645552158356,-0.06503724306821823,3.127157211303711,0.03819410502910614,3.127157211303711,0.03819410502910614,0.0,196.1651153564453,0.0
2688,54.27206778526306,0.5,0.0,0.0,0.3069946765899658,-0.026636537164449692,-0.0062089478597044945,3.128854274749756,0.03209536150097847,3.128854274749756,0.03209536150097847,0.0,205.4273681640625,0.0
2689,54.30068111419678,0.5,0.0,0.0,0.3091132342815399,0.010137085802853107,0.07982431352138519,3.13038969039917,0.02833659015595913,3.13038969039917,0.02833659015595913,0.0,212.93321228027344,34.13232421875
2690,54.31165862083435,0.5,0.0,0.0,0.28992658853530884,-0.00783577561378479,0.09548623859882355,3.136244058609009,0.031728457659482956,3.136244058609009,0.031728457659482956,0.0,223.79348754882812,34.13232421875
2691,54.3394193649292,0.5,0.0,0.0,0.2727258503437042,-0.020950820297002792,-0.006410850211977959,-3.137850761413574,0.04186726734042168,3.137850761413574,0.04186726734042168,0.0,238.08514404296875,34.13232421875
2692,54.350658655166626,0.5,0.0,0.0,0.266271710395813,-0.03166956827044487,-0.20446835458278656,-3.1299943923950195,0.055964913219213486,3.1299943923950195,0.055964913219213486,0.0,251.36264038085938,34.13232421875
2693,54.37779474258423,0.5,0.0,0.0,0.26899710297584534,-0.037186671048402786,-0.3883577585220337,-3.123934507369995,0.07021263241767883,3.123934507369995,0.07021263241767883,0.0,253.6569366455078,34.13232421875
2694,54.389302015304565,0.5,0.0,0.0,0.28000086545944214,-0.041570261120796204,-0.5014771223068237,-3.1237688064575195,0.0842575877904892,3.1237688064575195,0.0842575877904892,0.0,244.75991821289062,34.13232421875
2695,54.41775918006897,0.5,0.0,0.0,0.2961350977420807,-0.04858022928237915,-0.5131850242614746,-3.1301777362823486,0.09774044156074524,3.1301777362823486,0.09774044156074524,0.0,218.3376007080078,34.13232421875
2696,54.42995023727417,0.5,0.0,0.0,0.29875683784484863,-0.061322517693042755,-0.20555490255355835,3.141474723815918,0.10865665972232819,3.141474723815918,0.10865665972232819,83.34074401855469,161.8621063232422,34.13232421875
2697,54.46476721763611,0.5,0.0,0.0,0.30696070194244385,-0.10182999819517136,-0.07433827221393585,3.1342880725860596,0.11047787964344025,3.1342880725860596,0.11047787964344025,77.5414047241211,110.25679016113281,34.13232421875
2698,54.47709894180298,0.5,0.0,0.0,0.2887255847454071,-0.15522271394729614,0.009689477272331715,3.128819465637207,0.10802414268255234,3.128819465637207,0.10802414268255234,91.77191162109375,17.83926010131836,34.13232421875
2699,54.504103899002075,0.5,0.0,0.0,0.2527152895927429,-0.22630198299884796,-0.009943155571818352,3.12567400932312,0.1079876571893692,3.12567400932312,0.1079876571893692,107.43230438232422,0.0,0.0
2700,54.51532864570618,0.5,0.0,0.0,0.24342584609985352,-0.24426673352718353,-0.043321579694747925,3.1248133182525635,0.10394497960805893,3.1248133182525635,0.10394497960805893,115.13078308105469,0.0,0.0
2701,54.54293942451477,0.5,0.0,0.0,0.2371591478586197,-0.2637604773044586,-0.09494923055171967,3.122880458831787,0.09585834294557571,3.122880458831787,0.09585834294557571,131.73477172851562,0.0,0.0
2702,54.55424666404724,0.5,0.0,0.0,0.23086220026016235,-0.29002460837364197,-0.18563693761825562,3.1205897331237793,0.08797872066497803,3.1205897331237793,0.08797872066497803,145.93685913085938,0.0,0.0
2703,54.58096170425415,0.5,0.0,0.0,0.22892454266548157,-0.3223511576652527,-0.29125064611434937,3.1191515922546387,0.08208463340997696,3.1191515922546387,0.08208463340997696,157.89932250976562,0.0,0.0
2704,54.59195804595947,0.5,0.0,0.0,0.232781782746315,-0.3587055206298828,-0.36561882495880127,3.119037389755249,0.07614213973283768,3.119037389755249,0.07614213973283768,155.6534423828125,0.0,0.0
2705,54.61939740180969,0.5,0.0,0.0,0.24078316986560822,-0.3924718201160431,-0.2874547243118286,3.1208279132843018,0.06869275122880936,3.1208279132843018,0.06869275122880936,144.6859588623047,0.0,0.0
2706,54.63213109970093,0.5,0.0,0.0,0.251029908657074,-0.4191073477268219,-0.07236230373382568,3.125190258026123,0.061188288033008575,3.125190258026123,0.061188288033008575,119.77227020263672,108.21321868896484,0.0
2707,54.66003370285034,0.5,0.0,0.0,0.27452728152275085,-0.3957405686378479,-0.03687390685081482,3.1286206245422363,0.04779636859893799,3.1286206245422363,0.04779636859893799,92.2282943725586,261.4978942871094,0.0
2708,54.67303133010864,0.5,0.0,0.0,0.29215186834335327,-0.3578697144985199,-0.06881211698055267,3.128131628036499,0.038817085325717926,3.128131628036499,0.038817085325717926,95.12419128417969,285.2210388183594,0.0
2709,54.700847148895264,0.5,0.0,0.0,0.31398364901542664,-0.32134294509887695,-0.05568990483880043,3.12728214263916,0.034498605877161026,3.12728214263916,0.034498605877161026,70.81548309326172,270.7075500488281,60.565528869628906
2710,54.712071895599365,0.5,0.0,0.0,0.37529438734054565,-0.3146740794181824,-0.144473135471344,3.1290297508239746,0.031026991084218025,3.1290297508239746,0.031026991084218025,0.0,249.67498779296875,60.565528869628906
2711,54.73848533630371,0.5,0.0,0.0,0.43504828214645386,-0.3015926480293274,-0.23324139416217804,3.1278226375579834,0.022994477301836014,3.1278226375579834,0.022994477301836014,0.0,189.18104553222656,60.565528869628906
2712,54.74987030029297,0.5,0.0,0.0,0.48799842596054077,-0.3026339113712311,-0.2605324387550354,3.122250556945801,0.010174019262194633,3.122250556945801,0.010174019262194633,0.0,152.51918029785156,60.565528869628906
2713,54.777732849121094,0.5,0.0,0.0,0.5419633984565735,-0.3154469430446625,-0.20589783787727356,3.1174638271331787,0.0005593998357653618,3.1174638271331787,0.0005593998357653618,0.0,130.859619140625,60.565528869628906
2714,54.78890657424927,0.5,0.0,0.0,0.6021533608436584,-0.3343387842178345,-0.1176622211933136,3.1179354190826416,-0.004262077622115612,3.1179354190826416,0.004262077622115612,0.0,135.5913543701172,60.565528869628906
2715,54.815587520599365,0.5,0.0,0.0,0.6678339838981628,-0.35447657108306885,-0.05081499367952347,3.1255578994750977,-0.005849205423146486,3.1255578994750977,0.005849205423146486,0.0,157.98785400390625,60.565528869628906
2716,54.82713723182678,0.5,0.0,0.0,0.7429901361465454,-0.37111327052116394,-0.0058127338998019695,3.1410434246063232,-0.006144710350781679,3.1410434246063232,0.006144710350781679,0.0,182.9055938720703,60.565528869628906
2717,54.854159355163574,0.5,0.0,0.0,0.8256104588508606,-0.376554399728775,0.0065072644501924515,-3.1238200664520264,-0.008315668441355228,3.1238200664520264,0.008315668441355228,0.0,208.5723876953125,60.565528869628906
2718,54.8653724193573,0.5,0.0,0.0,0.9105632305145264,-0.3701525926589966,-0.016512515023350716,-3.1096248626708984,-0.0132472924888134,3.1096248626708984,0.0132472924888134,0.0,218.13624572753906,60.565528869628906
2719,54.891844034194946,0.5,0.0,0.0,0.9952523112297058,-0.36310940980911255,-0.029064076021313667,-3.1042184829711914,-0.018847759813070297,3.1042184829711914,0.018847759813070297,0.0,192.18121337890625,0.0
2720,54.90313196182251,0.5,0.0,0.0,1.0284223556518555,-0.32994166016578674,0.08409338444471359,-3.1115915775299072,-0.022650493308901787,3.1115915775299072,0.022650493308901787,0.0,124.58745574951172,0.0
2721,54.93036508560181,0.5,0.0,0.0,1.043617844581604,-0.331489622592926,0.10626889020204544,3.137427568435669,-0.020254911854863167,3.137427568435669,0.020254911854863167,0.0,39.66111373901367,0.0
2722,54.94232130050659,0.5,0.0,0.0,1.0149489641189575,-0.3374210298061371,-0.1431390941143036,3.105236530303955,-0.003814063500612974,3.105236530303955,0.003814063500612974,0.0,0.0,0.0
2723,54.96926164627075,0.5,0.0,0.0,0.9134083390235901,-0.3019227385520935,-0.036195527762174606,3.07541561126709,0.017143046483397484,3.07541561126709,0.017143046483397484,320.4316711425781,0.0,0.0
2724,54.98202347755432,0.5,0.0,0.0,0.8294658660888672,-0.27157536149024963,0.2738569974899292,3.0625948905944824,0.020162338390946388,3.0625948905944824,0.020162338390946388,297.6897888183594,0.0,0.0
2725,55.009578704833984,0.5,0.0,0.0,0.7291499376296997,-0.25860562920570374,0.4092711806297302,3.0630831718444824,0.01942317746579647,3.0630831718444824,0.01942317746579647,326.05279541015625,0.0,0.0
2726,55.0217490196228,0.5,0.0,0.0,0.6351495385169983,-0.24855177104473114,0.32164621353149414,3.064455509185791,0.027332618832588196,3.064455509185791,0.027332618832588196,317.2789611816406,0.0,0.0
2727,55.04943799972534,0.5,0.0,0.0,0.5596428513526917,-0.24014048278331757,0.1724165678024292,3.0590126514434814,0.041837748140096664,3.0590126514434814,0.041837748140096664,296.7961730957031,0.0,0.0
2728,55.06228756904602,0.5,0.0,0.0,0.5042483806610107,-0.23640453815460205,0.10566294193267822,3.045790672302246,0.05805690959095955,3.045790672302246,0.05805690959095955,260.9407653808594,0.0,0.0
2729,55.09186387062073,0.5,0.0,0.0,0.4647175073623657,-0.23709984123706818,0.19493108987808228,3.0281665325164795,0.07102010399103165,3.0281665325164795,0.07102010399103165,213.61978149414062,0.0,16.388635635375977
2730,55.10302400588989,0.5,0.0,0.0,0.4476127028465271,-0.2304227352142334,0.4340084195137024,3.0127310752868652,0.07923269271850586,3.0127310752868652,0.07923269271850586,186.3099822998047,0.0,16.388635635375977
2731,55.130399227142334,0.5,0.0,0.0,0.43140867352485657,-0.22215494513511658,0.6521410942077637,3.0013434886932373,0.0847107544541359,3.0013434886932373,0.0847107544541359,156.23587036132812,0.0,16.388635635375977
2732,55.14180064201355,0.5,0.0,0.0,0.4143774211406708,-0.21191070973873138,0.7778904438018799,2.9932680130004883,0.09159566462039948,2.9932680130004883,0.09159566462039948,139.35171508789062,0.0,16.388635635375977
2733,55.16979360580444,0.5,0.0,0.0,0.39495083689689636,-0.20651480555534363,0.7556297779083252,2.988189697265625,0.10179403424263,2.988189697265625,0.10179403424263,154.05526733398438,0.0,16.388635635375977
2734,55.18094444274902,0.5,0.0,0.0,0.3765612244606018,-0.206358402967453,0.6842196583747864,2.9876489639282227,0.11737266182899475,2.9876489639282227,0.11737266182899475,182.48193359375,0.0,16.388635635375977
2735,55.20836329460144,0.5,0.0,0.0,0.3686017394065857,-0.20769086480140686,0.7032064199447632,2.9946608543395996,0.13607463240623474,2.9946608543395996,0.13607463240623474,185.60987854003906,0.0,16.388635635375977
2736,55.22514367103577,0.5,0.0,0.0,0.37527382373809814,-0.205446258187294,0.5727158784866333,3.014871835708618,0.15370449423789978,3.014871835708618,0.15370449423789978,161.17140197753906,286.4129333496094,16.388635635375977
2737,55.256287574768066,0.5,0.0,0.0,0.4069116711616516,-0.17659202218055725,0.28407424688339233,3.0395567417144775,0.15363043546676636,3.0395567417144775,0.15363043546676636,101.45757293701172,136.34361267089844,16.388635635375977
2738,55.26762390136719,0.5,0.0,0.0,0.4103359580039978,-0.1312871277332306,0.08607009053230286,3.0616209506988525,0.13629865646362305,3.0616209506988525,0.13629865646362305,11.630239486694336,139.49325561523438,16.388635635375977
2739,55.295209646224976,0.5,0.0,0.0,0.39073479175567627,-0.0739772692322731,0.07124727219343185,3.0767273902893066,0.11561189591884613,3.0767273902893066,0.11561189591884613,0.0,139.84793090820312,0.0
2740,55.30653357505798,0.5,0.0,0.0,0.3572041392326355,-0.025218870490789413,0.13852426409721375,3.0811893939971924,0.09878569841384888,3.0811893939971924,0.09878569841384888,0.0,144.48956298828125,0.0
2741,55.33342099189758,0.5,0.0,0.0,0.3374135494232178,0.022449005395174026,0.24439342319965363,3.080094814300537,0.08753659576177597,3.080094814300537,0.08753659576177597,0.0,169.55726623535156,0.0
2742,55.34477782249451,0.5,0.0,0.0,0.3305278420448303,0.07237645983695984,0.36215293407440186,3.0794029235839844,0.07787394523620605,3.0794029235839844,0.07787394523620605,0.0,192.4865264892578,0.0
2743,55.37218713760376,0.5,0.0,0.0,0.32820138335227966,0.12858545780181885,0.4667373299598694,3.0801331996917725,0.06653698533773422,3.0801331996917725,0.06653698533773422,0.0,215.49085998535156,0.0
2744,55.383724212646484,0.5,0.0,0.0,0.3238218426704407,0.18689969182014465,0.5605461597442627,3.081178903579712,0.05332421138882637,3.081178903579712,0.05332421138882637,0.0,218.94650268554688,0.0
2745,55.4115355014801,0.5,0.0,0.0,0.3153226971626282,0.24462160468101501,0.6623584032058716,3.081646203994751,0.04186183586716652,3.081646203994751,0.04186183586716652,0.0,207.21791076660156,0.0
2746,55.42265725135803,0.5,0.0,0.0,0.3088230490684509,0.29718834161758423,0.7529564499855042,3.08095645904541,0.03447853401303291,3.08095645904541,0.03447853401303291,0.0,183.54815673828125,0.0
2747,55.4499237537384,0.5,0.0,0.0,0.30700281262397766,0.3411816954612732,0.8059911727905273,3.0806925296783447,0.03073674812912941,3.0806925296783447,0.03073674812912941,0.0,154.07122802734375,0.0
2748,55.461280822753906,0.5,0.0,0.0,0.30602648854255676,0.3749397099018097,0.6804825067520142,3.0822412967681885,0.030352387577295303,3.0822412967681885,0.030352387577295303,0.0,144.44381713867188,0.0
2749,55.48875093460083,0.5,0.0,0.0,0.28860902786254883,0.39906075596809387,0.0555732324719429,3.080397129058838,0.02859119325876236,3.080397129058838,0.02859119325876236,147.06903076171875,153.8164825439453,0.0
2750,55.50114297866821,0.5,0.0,0.0,0.27422118186950684,0.3760547935962677,-0.15513944625854492,3.07515287399292,0.02035529911518097,3.07515287399292,0.02035529911518097,232.6507568359375,89.01699829101562,0.0
2751,55.52848839759827,0.5,0.0,0.0,0.23819971084594727,0.322261244058609,-0.17851752042770386,3.0766263008117676,0.017692524939775467,3.0766263008117676,0.017692524939775467,264.84326171875,25.095319747924805,0.0
2752,55.54045557975769,0.5,0.0,0.0,0.20347248017787933,0.2539823055267334,-0.011251866817474365,3.0864951610565186,0.0276346355676651,3.0864951610565186,0.0276346355676651,255.4822998046875,0.0,0.0
2753,55.5674684047699,0.5,0.0,0.0,0.18789447844028473,0.19572997093200684,0.08487864583730698,3.0994865894317627,0.042345717549324036,3.0994865894317627,0.042345717549324036,202.59027099609375,0.0,0.0
2754,55.5788938999176,0.5,0.0,0.0,0.18085896968841553,0.15956059098243713,0.043742645531892776,3.1076650619506836,0.053808122873306274,3.1076650619506836,0.053808122873306274,171.13360595703125,0.0,0.0
2755,55.605162382125854,0.5,0.0,0.0,0.1735031008720398,0.13464869558811188,0.02433101274073124,3.106283664703369,0.061466190963983536,3.106283664703369,0.061466190963983536,162.37278747558594,0.0,0.0
2756,55.616755962371826,0.5,0.0,0.0,0.1663161665201187,0.1120954230427742,0.05230080336332321,3.097640037536621,0.06640128791332245,3.097640037536621,0.06640128791332245,170.30462646484375,0.0,0.0
2757,55.64616632461548,0.5,0.0,0.0,0.15920057892799377,0.08607175946235657,0.08296528458595276,3.0850884914398193,0.06947993487119675,3.0850884914398193,0.06947993487119675,174.9193878173828,0.0,0.0
2758,55.65931963920593,0.5,0.0,0.0,0.15144507586956024,0.053299982100725174,0.13525745272636414,3.075061082839966,0.07124243676662445,3.075061082839966,0.07124243676662445,183.666015625,0.0,0.0
2759,55.68794918060303,0.5,0.0,0.0,0.1422199010848999,0.014651274308562279,0.10964726656675339,3.0712132453918457,0.07164596021175385,3.0712132453918457,0.07164596021175385,183.26168823242188,0.0,0.0
2760,55.69995903968811,0.5,0.0,0.0,0.1312231570482254,-0.02248864434659481,0.06695984303951263,3.0734901428222656,0.07230852544307709,3.0734901428222656,0.07230852544307709,182.052490234375,0.0,0.0
2761,55.7260365486145,0.5,0.0,0.0,0.14288540184497833,-0.04310312494635582,0.17528638243675232,3.079899549484253,0.0733107402920723,3.079899549484253,0.0733107402920723,152.70687866210938,0.0,0.0
2762,55.73777508735657,0.5,0.0,0.0,0.15291506052017212,-0.04085984453558922,0.14998479187488556,3.0962026119232178,0.07345542311668396,3.0962026119232178,0.07345542311668396,73.90478515625,222.58775329589844,0.0
2763,55.76437425613403,0.5,0.0,0.0,0.18706311285495758,0.0018093292601406574,0.14221054315567017,3.10701847076416,0.065183125436306,3.10701847076416,0.065183125436306,11.397315979003906,231.2786102294922,0.0
2764,55.775716066360474,0.5,0.0,0.0,0.20412148535251617,0.046527739614248276,0.06033497303724289,3.1075761318206787,0.05611575022339821,3.1075761318206787,0.05611575022339821,6.034165859222412,200.76205444335938,0.0
2765,55.803146839141846,0.5,0.0,0.0,0.21928080916404724,0.08150949329137802,0.07660536468029022,3.1009304523468018,0.04945030435919762,3.1009304523468018,0.04945030435919762,33.30705642700195,150.3741455078125,0.0
2766,55.81539344787598,0.5,0.0,0.0,0.23493067920207977,0.09845532476902008,0.06593155115842819,3.092013120651245,0.04594011604785919,3.092013120651245,0.04594011604785919,71.92210388183594,104.03096771240234,0.0
2767,55.84779381752014,0.5,0.0,0.0,0.23743094503879547,0.09493273496627808,-0.0073600029572844505,3.0831806659698486,0.04500184208154678,3.0831806659698486,0.04500184208154678,134.1232147216797,18.04267120361328,0.0
2768,55.86054611206055,0.5,0.0,0.0,0.23488910496234894,0.07422266155481339,-0.08083666861057281,3.0769381523132324,0.04714237153530121,3.0769381523132324,0.04714237153530121,160.28379821777344,0.0,0.0
2769,55.88799452781677,0.5,0.0,0.0,0.24043619632720947,0.05195961892604828,-0.12107361108064651,3.0739848613739014,0.047946564853191376,3.0739848613739014,0.047946564853191376,168.53253173828125,0.0,0.0
2770,55.8990433216095,0.5,0.0,0.0,0.25383737683296204,0.030901063233613968,-0.08361869305372238,3.075089931488037,0.04608772322535515,3.075089931488037,0.04608772322535515,183.76268005371094,0.0,0.0
2771,55.92674255371094,0.5,0.0,0.0,0.2711018919944763,0.007252431474626064,-0.04803964123129845,3.0787792205810547,0.04110197722911835,3.0787792205810547,0.04110197722911835,195.73541259765625,0.0,0.0
2772,55.94202280044556,0.5,0.0,0.0,0.2881988286972046,-0.019136635586619377,-0.058116305619478226,3.083888292312622,0.03541448339819908,3.083888292312622,0.03541448339819908,203.75828552246094,0.0,0.0
2773,55.9695405960083,0.5,0.0,0.0,0.30711618065834045,-0.04952419549226761,-0.11557754129171371,3.089315176010132,0.029883258044719696,3.089315176010132,0.029883258044719696,210.97149658203125,0.0,0.0
2774,55.98125410079956,0.5,0.0,0.0,0.3274073302745819,-0.07796646654605865,-0.1693865954875946,3.0943291187286377,0.02535048872232437,3.0943291187286377,0.02535048872232437,205.42764282226562,0.0,0.0
2775,56.00901436805725,0.5,0.0,0.0,0.3512662351131439,-0.10114354640245438,-0.20173516869544983,3.0985054969787598,0.02142721228301525,3.0985054969787598,0.02142721228301525,195.90151977539062,0.0,0.0
2776,56.02032542228699,0.5,0.0,0.0,0.3736645579338074,-0.12027142196893692,-0.1723705232143402,3.1031837463378906,0.019666826352477074,3.1031837463378906,0.019666826352477074,177.00889587402344,0.0,0.0
2777,56.04749011993408,0.5,0.0,0.0,0.3982565701007843,-0.13556770980358124,-0.20060566067695618,3.1120285987854004,0.020501937717199326,3.1120285987854004,0.020501937717199326,136.2736053466797,126.5202865600586,0.0
2778,56.061440229415894,0.5,0.0,0.0,0.40923067927360535,-0.11787629872560501,-0.18050295114517212,3.121694803237915,0.018430834636092186,3.121694803237915,0.018430834636092186,0.0,187.87535095214844,0.0
2779,56.09129595756531,0.5,0.0,0.0,0.4088573157787323,-0.07820116728544235,-0.04544190689921379,3.1243913173675537,0.018358979374170303,3.1243913173675537,0.018358979374170303,0.0,188.62362670898438,0.0
2780,56.10283184051514,0.5,0.0,0.0,0.4240308403968811,-0.04804323613643646,0.059661865234375,3.1237564086914062,0.015123125165700912,3.1237564086914062,0.015123125165700912,0.0,189.68885803222656,0.0
2781,56.13076949119568,0.5,0.0,0.0,0.444522887468338,-0.025265565142035484,0.123422771692276,3.1247618198394775,0.009886638261377811,3.1247618198394775,0.009886638261377811,0.0,197.65325927734375,0.0
2782,56.14226412773132,0.5,0.0,0.0,0.46733686327934265,-0.0027266759425401688,0.16237345337867737,3.1290977001190186,0.004939348436892033,3.1290977001190186,0.004939348436892033,0.0,206.49905395507812,0.0
2783,56.16879749298096,0.5,0.0,0.0,0.4893404543399811,0.024302160367369652,0.1945359855890274,3.1348609924316406,-0.0011186042102053761,3.1348609924316406,0.0011186042102053761,0.0,216.0227508544922,0.0
2784,56.1807427406311,0.5,0.0,0.0,0.5106996297836304,0.05410020425915718,0.22429518401622772,3.139258861541748,-0.007181121967732906,3.139258861541748,0.007181121967732906,0.0,212.9842529296875,0.0
2785,56.20736813545227,0.5,0.0,0.0,0.5279476642608643,0.0841231718659401,0.2538682222366333,3.141284227371216,-0.0124586196616292,3.141284227371216,0.0124586196616292,0.0,192.14466857910156,0.0
2786,56.21871376037598,0.5,0.0,0.0,0.5404407978057861,0.1070159375667572,0.24874842166900635,3.13777756690979,-0.01426096260547638,3.13777756690979,0.01426096260547638,0.0,156.9357147216797,0.0
2787,56.24897789955139,0.5,0.0,0.0,0.5486201047897339,0.12147726863622665,0.1521841138601303,3.129934787750244,-0.010078412480652332,3.129934787750244,0.010078412480652332,18.83912467956543,145.27874755859375,0.0
2788,56.26877403259277,0.5,0.0,0.0,0.5367039442062378,0.13027918338775635,0.28391575813293457,3.119839668273926,-0.006525333039462566,3.119839668273926,0.006525333039462566,205.5438690185547,98.1937484741211,0.0
2789,56.29739046096802,0.5,0.0,0.0,0.5278212428092957,0.10171440988779068,0.3668532371520996,3.11867356300354,-0.006135507486760616,3.11867356300354,0.006135507486760616,222.2880096435547,29.80181312561035,0.0
2790,56.30891036987305,0.5,0.0,0.0,0.5028079152107239,0.05752582103013992,0.1984642744064331,3.1212120056152344,-0.0007342285825870931,3.1212120056152344,0.0007342285825870931,231.10694885253906,0.0,0.0
2791,56.33616065979004,0.5,0.0,0.0,0.481884241104126,0.017065580934286118,-0.023553289473056793,3.123859405517578,0.010317620821297169,3.123859405517578,0.010317620821297169,216.23001098632812,0.0,0.0
2792,56.34743595123291,0.5,0.0,0.0,0.47377413511276245,-0.016576873138546944,-0.07668457925319672,3.122762441635132,0.024387961253523827,3.122762441635132,0.024387961253523827,210.16790771484375,0.0,0.0
2793,56.37819027900696,0.5,0.0,0.0,0.4767531454563141,-0.047659359872341156,-0.016673659905791283,3.122340679168701,0.03731272369623184,3.122340679168701,0.03731272369623184,200.67425537109375,0.0,0.0
2794,56.39799642562866,0.5,0.0,0.0,0.48535236716270447,-0.07445237785577774,0.042439498007297516,3.1223044395446777,0.045496512204408646,3.1223044395446777,0.045496512204408646,186.81533813476562,0.0,0.0
2795,56.426061391830444,0.5,0.0,0.0,0.49434542655944824,-0.09882605075836182,0.10200822353363037,3.1222164630889893,0.04901493713259697,3.1222164630889893,0.04901493713259697,173.44204711914062,0.0,0.0
2796,56.438334941864014,0.5,0.0,0.0,0.4996280074119568,-0.12136583030223846,0.1282864212989807,3.121955394744873,0.04951757937669754,3.121955394744873,0.04951757937669754,152.47503662109375,0.0,0.0
2797,56.4715690612793,0.5,0.0,0.0,0.5038241147994995,-0.14443853497505188,0.09765566140413284,3.1208837032318115,0.05022827163338661,3.1208837032318115,0.05022827163338661,143.244140625,0.0,0.0
2798,56.48327445983887,0.5,0.0,0.0,0.5088633298873901,-0.17198286950588226,0.042009636759757996,3.121602773666382,0.05036012455821037,3.121602773666382,0.05036012455821037,144.26043701171875,0.0,0.0
2799,56.51096296310425,0.5,0.0,0.0,0.5176059603691101,-0.1979825496673584,-0.06176147982478142,3.129237174987793,0.05147772282361984,3.129237174987793,0.05147772282361984,128.31951904296875,127.10187530517578,0.0
2800,56.52366352081299,0.5,0.0,0.0,0.5223217010498047,-0.19502156972885132,-0.1841655969619751,3.1405301094055176,0.04425396770238876,3.1405301094055176,0.04425396770238876,46.01136779785156,166.94654846191406,0.0
2801,56.550424337387085,0.5,0.0,0.0,0.4990725815296173,-0.16194124519824982,-0.08156020939350128,-3.132991313934326,0.03747493401169777,3.132991313934326,0.03747493401169777,0.0,206.82215881347656,0.0
2802,56.561410903930664,0.5,0.0,0.0,0.4855904281139374,-0.12636354565620422,0.06702319532632828,-3.1287922859191895,0.03433547541499138,3.1287922859191895,0.03433547541499138,0.0,214.9198760986328,0.0
2803,56.58869910240173,0.5,0.0,0.0,0.4853380024433136,-0.09754899889230728,0.13005957007408142,-3.12797474861145,0.033718496561050415,3.12797474861145,0.033718496561050415,0.0,235.09884643554688,0.0
2804,56.60040831565857,0.5,0.0,0.0,0.49114173650741577,-0.07018603384494781,0.10129237174987793,-3.130323648452759,0.032413698732852936,3.130323648452759,0.032413698732852936,0.0,238.524658203125,0.0
2805,56.62773418426514,0.5,0.0,0.0,0.4935351312160492,-0.04121379181742668,0.06896549463272095,-3.134885549545288,0.027517059817910194,3.134885549545288,0.027517059817910194,0.0,227.07015991210938,0.0
2806,56.63896870613098,0.5,0.0,0.0,0.49078598618507385,-0.01251788716763258,0.06995587050914764,-3.1410253047943115,0.022393926978111267,3.1410253047943115,0.022393926978111267,0.0,217.81390380859375,0.0
2807,56.66674494743347,0.5,0.0,0.0,0.48642414808273315,0.015245744027197361,0.11326281726360321,3.134993553161621,0.019476627930998802,3.134993553161621,0.019476627930998802,0.0,202.33543395996094,0.0
2808,56.67840790748596,0.5,0.0,0.0,0.48522982001304626,0.037773247808218,0.19006425142288208,3.127495050430298,0.019483128562569618,3.127495050430298,0.019483128562569618,0.0,172.85513305664062,0.0
2809,56.706270933151245,0.5,0.0,0.0,0.4830092489719391,0.05444611981511116,0.22857296466827393,3.1203575134277344,0.02279040776193142,3.1203575134277344,0.02279040776193142,0.0,157.93023681640625,0.0
2810,56.71790957450867,0.5,0.0,0.0,0.4778326749801636,0.06799392402172089,0.14262160658836365,3.113525152206421,0.03252295404672623,3.113525152206421,0.03252295404672623,0.0,156.18946838378906,0.0
2811,56.74484300613403,0.5,0.0,0.0,0.444034218788147,0.08661436289548874,0.25193914771080017,3.105675458908081,0.04241744056344032,3.105675458908081,0.04241744056344032,366.8007507324219,110.60083770751953,0.0
2812,56.756317377090454,0.5,0.0,0.0,0.4471745491027832,0.05446629226207733,0.2535998523235321,3.1063759326934814,0.04522912576794624,3.1063759326934814,0.04522912576794624,209.8925323486328,30.49761390686035,0.0
2813,56.7857666015625,0.5,0.0,0.0,0.4192184805870056,0.019695520401000977,0.09369455277919769,3.1130177974700928,0.05131959170103073,3.1130177974700928,0.05131959170103073,203.67608642578125,0.0,0.0
2814,56.796913146972656,0.5,0.0,0.0,0.39562633633613586,-0.008234919980168343,-0.06831510365009308,3.117889642715454,0.060933876782655716,3.117889642715454,0.060933876782655716,187.55526733398438,0.0,0.0
2815,56.82388877868652,0.5,0.0,0.0,0.3829196095466614,-0.03127259761095047,-0.0917598307132721,3.1177561283111572,0.07101968675851822,3.1177561283111572,0.07101968675851822,183.44517517089844,0.0,0.0
2816,56.83548283576965,0.5,0.0,0.0,0.3764971196651459,-0.054829515516757965,-0.024031637236475945,3.116410255432129,0.0780494436621666,3.116410255432129,0.0780494436621666,181.78475952148438,0.0,0.0
2817,56.86242985725403,0.5,0.0,0.0,0.37186121940612793,-0.07843833416700363,0.048089537769556046,3.1165664196014404,0.08167114108800888,3.1165664196014404,0.08167114108800888,180.46524047851562,0.0,0.0
2818,56.873363733291626,0.5,0.0,0.0,0.36731892824172974,-0.10018134862184525,0.045726291835308075,3.1168155670166016,0.08260243386030197,3.1168155670166016,0.08260243386030197,169.52716064453125,0.0,0.0
2819,56.900673627853394,0.5,0.0,0.0,0.36229148507118225,-0.12191097438335419,0.0038486765697598457,3.114656686782837,0.08199170976877213,3.114656686782837,0.08199170976877213,164.83132934570312,0.0,41.61023712158203
2820,56.91165471076965,0.5,0.0,0.0,0.405985563993454,-0.12879332900047302,-0.026800863444805145,3.1069982051849365,0.07947570830583572,3.1069982051849365,0.07947570830583572,172.4882354736328,0.0,41.61023712158203
2821,56.938889503479004,0.5,0.0,0.0,0.4527639150619507,-0.14261910319328308,-0.036366987973451614,3.099069595336914,0.07658367604017258,3.099069595336914,0.07658367604017258,185.62249755859375,0.0,41.61023712158203
2822,56.95059013366699,0.5,0.0,0.0,0.5241588354110718,-0.15891921520233154,-0.18266353011131287,3.1001601219177246,0.06778144836425781,3.1001601219177246,0.06778144836425781,189.50990295410156,108.33551025390625,41.61023712158203
2823,56.978731870651245,0.5,0.0,0.0,0.5806470513343811,-0.1551746428012848,-0.24494148790836334,3.111564874649048,0.04857863485813141,3.111564874649048,0.04857863485813141,124.92003631591797,150.3108673095703,41.61023712158203
2824,56.99033975601196,0.5,0.0,0.0,0.6127923130989075,-0.10716824978590012,-0.12334908545017242,3.1258363723754883,0.036525242030620575,3.1258363723754883,0.036525242030620575,0.0,198.97946166992188,41.61023712158203
2825,57.01786923408508,0.5,0.0,0.0,0.6580536961555481,-0.042939890176057816,0.11345174908638,3.129932403564453,0.03154386207461357,3.129932403564453,0.03154386207461357,0.0,184.10107421875,41.61023712158203
2826,57.029160261154175,0.5,0.0,0.0,0.7292429804801941,0.002630476374179125,0.26982998847961426,3.12725567817688,0.02659331075847149,3.12725567817688,0.02659331075847149,0.0,174.72891235351562,41.61023712158203
2827,57.05634593963623,0.5,0.0,0.0,0.8039660453796387,0.043811630457639694,0.3585894703865051,3.1237599849700928,0.015761876478791237,3.1237599849700928,0.015761876478791237,0.0,173.0864715576172,41.61023712158203
2828,57.06798219680786,0.5,0.0,0.0,0.878917396068573,0.08659172803163528,0.4618779420852661,3.1210837364196777,0.00029542658012360334,3.1210837364196777,0.00029542658012360334,0.0,165.01699829101562,41.61023712158203
2829,57.09499216079712,0.5,0.0,0.0,0.9487130641937256,0.12545405328273773,0.5931084752082825,3.1199700832366943,-0.020285634323954582,3.1199700832366943,0.020285634323954582,0.0,133.44493103027344,0.0
2830,57.106061697006226,0.5,0.0,0.0,0.9582570791244507,0.13097743690013885,0.7761839628219604,3.1229989528656006,-0.04068928211927414,3.1229989528656006,0.04068928211927414,0.0,95.34180450439453,0.0
2831,57.13337254524231,0.5,0.0,0.0,0.9546618461608887,0.11667429655790329,0.9365832209587097,3.129619836807251,-0.05359656736254692,3.129619836807251,0.05359656736254692,0.0,57.568138122558594,0.0
2832,57.144898653030396,0.5,0.0,0.0,0.9308533668518066,0.08543462306261063,0.9103701114654541,3.1384763717651367,-0.05005686730146408,3.1384763717651367,0.05005686730146408,0.0,45.76917266845703,0.0
2833,57.1735520362854,0.5,0.0,0.0,0.8333831429481506,0.07822175323963165,0.11555399745702744,3.1411893367767334,-0.03414753079414368,3.1411893367767334,0.03414753079414368,663.6973876953125,27.895370483398438,0.0
2834,57.18496918678284,0.5,0.0,0.0,0.7671443223953247,0.005426926538348198,0.040511827915906906,-3.1376993656158447,-0.030446894466876984,3.1376993656158447,0.030446894466876984,361.5583190917969,0.0,0.0
2835,57.21230888366699,0.5,0.0,0.0,0.6525063514709473,-0.07323003560304642,-0.14282573759555817,-3.1282413005828857,-0.024869341403245926,3.1282413005828857,0.024869341403245926,382.7413635253906,0.0,0.0
2836,57.22374415397644,0.5,0.0,0.0,0.5569782853126526,-0.14132383465766907,-0.22548583149909973,-3.1162991523742676,-0.004632624331861734,3.1162991523742676,0.004632624331861734,348.1629943847656,0.0,0.0
2837,57.25075697898865,0.5,0.0,0.0,0.5044245719909668,-0.19274304807186127,-0.23690322041511536,-3.1058614253997803,0.024019675329327583,3.1058614253997803,0.024019675329327583,301.92864990234375,0.0,0.0
2838,57.262542486190796,0.5,0.0,0.0,0.4811343550682068,-0.23285949230194092,-0.18394996225833893,-3.1002790927886963,0.04758482053875923,3.1002790927886963,0.04758482053875923,242.91860961914062,0.0,0.0
2839,57.28914666175842,0.5,0.0,0.0,0.46847206354141235,-0.26544591784477234,-0.11471673846244812,-3.0996854305267334,0.06315703690052032,3.0996854305267334,0.06315703690052032,175.3896026611328,0.0,0.0
2840,57.300278425216675,0.5,0.0,0.0,0.4598899185657501,-0.291269987821579,-0.11104805767536163,-3.1039373874664307,0.07177922129631042,3.1039373874664307,0.07177922129631042,125.69017028808594,0.0,0.0
2841,57.32802104949951,0.5,0.0,0.0,0.4510577619075775,-0.3111841678619385,-0.20503178238868713,-3.112698793411255,0.07276611030101776,3.112698793411255,0.07276611030101776,79.00025177001953,0.0,0.0
2842,57.33945631980896,0.5,0.0,0.0,0.436509370803833,-0.32821395993232727,-0.32391682267189026,-3.1241440773010254,0.0685071349143982,3.1241440773010254,0.0685071349143982,65.5344467163086,0.0,0.0
2843,57.36611461639404,0.5,0.0,0.0,0.41788846254348755,-0.3464578688144684,-0.30080413818359375,-3.134498357772827,0.06424743682146072,3.134498357772827,0.06424743682146072,87.820556640625,0.0,0.0
2844,57.37937927246094,0.5,0.0,0.0,0.40071287751197815,-0.3746669888496399,0.0148314805701375,-3.13569974899292,0.06546156108379364,3.13569974899292,0.06546156108379364,130.09840393066406,224.62814331054688,0.0
2845,57.41391110420227,0.5,0.0,0.0,0.392963707447052,-0.3781500458717346,0.14205831289291382,-3.123361825942993,0.06256865710020065,3.123361825942993,0.06256865710020065,104.50738525390625,168.1641845703125,0.0
2846,57.42765164375305,0.5,0.0,0.0,0.3659922778606415,-0.34657758474349976,0.1187940388917923,-3.105504274368286,0.06052585318684578,3.105504274368286,0.06052585318684578,0.0,227.09286499023438,0.0
2847,57.45528244972229,0.5,0.0,0.0,0.34314507246017456,-0.2861159145832062,-0.00865145307034254,-3.099008560180664,0.062100496143102646,3.099008560180664,0.062100496143102646,0.0,235.8855438232422,0.0
2848,57.466360330581665,0.5,0.0,0.0,0.33682501316070557,-0.23307695984840393,-0.07332920283079147,-3.1068990230560303,0.05878583714365959,3.1068990230560303,0.05878583714365959,0.0,227.53282165527344,0.0
2849,57.4935405254364,0.5,0.0,0.0,0.3344951868057251,-0.18934637308120728,-0.019093038514256477,-3.1201894283294678,0.050265271216630936,3.1201894283294678,0.050265271216630936,0.0,211.81332397460938,0.0
2850,57.50483202934265,0.5,0.0,0.0,0.3284718990325928,-0.15022297203540802,0.12777653336524963,-3.1325552463531494,0.04140310734510422,3.1325552463531494,0.04140310734510422,0.0,206.8653106689453,0.0
2851,57.53158378601074,0.5,0.0,0.0,0.3200514018535614,-0.11426876485347748,0.2860097587108612,-3.14018177986145,0.03607894480228424,3.14018177986145,0.03607894480228424,0.0,208.2236328125,0.0
2852,57.54402685165405,0.5,0.0,0.0,0.31468141078948975,-0.08086027204990387,0.41080155968666077,3.1414635181427,0.03443593531847,3.1414635181427,0.03443593531847,0.0,208.44471740722656,0.0
2853,57.570746421813965,0.5,0.0,0.0,0.3071230947971344,-0.046690016984939575,0.43961092829704285,-3.1394262313842773,0.03571761026978493,3.1394262313842773,0.03571761026978493,0.0,218.15774536132812,0.0
2854,57.58190965652466,0.5,0.0,0.0,0.2972172200679779,-0.012283973395824432,0.3507286012172699,-3.1397032737731934,0.04043945297598839,3.1397032737731934,0.04043945297598839,0.0,215.9035186767578,0.0
2855,57.61032843589783,0.5,0.0,0.0,0.29022082686424255,0.02112833969295025,0.19005466997623444,3.1362223625183105,0.04927504435181618,3.1362223625183105,0.04927504435181618,0.0,201.4891815185547,0.0
2856,57.62164068222046,0.5,0.0,0.0,0.2954314947128296,0.04352525994181633,0.016140777617692947,3.1195571422576904,0.05817889794707298,3.1195571422576904,0.05817889794707298,0.0,147.93324279785156,0.0
2857,57.64948272705078,0.5,0.0,0.0,0.28885534405708313,0.05040893331170082,-0.03328954428434372,3.100111484527588,0.06491119414567947,3.100111484527588,0.06491119414567947,152.19985961914062,67.77461242675781,0.0
2858,57.66079616546631,0.5,0.0,0.0,0.2824609577655792,0.030481325462460518,-0.0453934408724308,3.088884115219116,0.06979973614215851,3.088884115219116,0.06979973614215851,187.625,0.0,0.0
2859,57.688849687576294,0.5,0.0,0.0,0.27292415499687195,0.006896374747157097,-0.056739162653684616,3.0862505435943604,0.0734979435801506,3.0862505435943604,0.0734979435801506,173.3199005126953,0.0,37.698795318603516
2860,57.699899196624756,0.5,0.0,0.0,0.23981542885303497,-0.04063376784324646,-0.1631263792514801,3.0863277912139893,0.07711049914360046,3.0863277912139893,0.07711049914360046,169.9790802001953,0.0,37.698795318603516
2861,57.72638463973999,0.5,0.0,0.0,0.2105126529932022,-0.0878259539604187,-0.2750510573387146,3.0860955715179443,0.08102472126483917,3.0860955715179443,0.08102472126483917,179.3495330810547,0.0,37.698795318603516
2862,57.737892389297485,0.5,0.0,0.0,0.18770237267017365,-0.13358516991138458,-0.3328779637813568,3.0854384899139404,0.08467427641153336,3.0854384899139404,0.08467427641153336,180.92686462402344,0.0,37.698795318603516
2863,57.76453733444214,0.5,0.0,0.0,0.16966411471366882,-0.17854252457618713,-0.2903875708580017,3.0842156410217285,0.08605848997831345,3.0842156410217285,0.08605848997831345,188.60073852539062,0.0,37.698795318603516
2864,57.77558183670044,0.5,0.0,0.0,0.15503884851932526,-0.22340306639671326,-0.277044415473938,3.0832769870758057,0.0845126211643219,3.0832769870758057,0.0845126211643219,172.24264526367188,0.0,37.698795318603516
2865,57.8020977973938,0.5,0.0,0.0,0.14177332818508148,-0.26836997270584106,-0.36041292548179626,3.082623243331909,0.07830101251602173,3.082623243331909,0.07830101251602173,154.13917541503906,0.0,37.698795318603516
2866,57.813283920288086,0.5,0.0,0.0,0.12449703365564346,-0.31757599115371704,-0.41792231798171997,3.0841116905212402,0.06807855516672134,3.0841116905212402,0.06807855516672134,136.7611846923828,109.36383056640625,37.698795318603516
2867,57.83995485305786,0.5,0.0,0.0,0.1271916627883911,-0.3469271957874298,-0.4511403441429138,3.0909786224365234,0.05679070204496384,3.0909786224365234,0.05679070204496384,126.50186920166016,170.0520477294922,37.698795318603516
2868,57.85101675987244,0.5,0.0,0.0,0.13009177148342133,-0.35825490951538086,-0.3895602226257324,3.105278253555298,0.04901038110256195,3.105278253555298,0.04901038110256195,68.88713073730469,214.1038818359375,37.698795318603516
2869,57.87957549095154,0.5,0.0,0.0,0.13582049310207367,-0.3411087691783905,-0.275617390871048,3.1196951866149902,0.044905345886945724,3.1196951866149902,0.044905345886945724,0.0,231.689697265625,0.0
2870,57.89149880409241,0.5,0.0,0.0,0.16580605506896973,-0.29031702876091003,-0.13702692091464996,3.12345814704895,0.03974698856472969,3.12345814704895,0.03974698856472969,0.0,216.56341552734375,0.0
2871,57.91792678833008,0.5,0.0,0.0,0.18901169300079346,-0.25338470935821533,-0.11383488774299622,3.119666576385498,0.03484759107232094,3.119666576385498,0.03484759107232094,0.0,202.89739990234375,0.0
2872,57.92897582054138,0.5,0.0,0.0,0.21072083711624146,-0.2269693911075592,-0.16141271591186523,3.114760160446167,0.03197087347507477,3.114760160446167,0.03197087347507477,0.0,191.18524169921875,0.0
2873,57.956135511398315,0.5,0.0,0.0,0.23240846395492554,-0.203165203332901,-0.21230995655059814,3.1126105785369873,0.030611831694841385,3.1126105785369873,0.030611831694841385,0.0,184.09666442871094,0.0
2874,57.967352628707886,0.5,0.0,0.0,0.258296400308609,-0.17883650958538055,-0.23948822915554047,3.1122124195098877,0.03026891127228737,3.1122124195098877,0.03026891127228737,0.0,189.15728759765625,0.0
2875,57.995304584503174,0.5,0.0,0.0,0.28795531392097473,-0.15419860184192657,-0.2517753839492798,3.112102508544922,0.029668103903532028,3.112102508544922,0.029668103903532028,0.0,192.7991943359375,0.0
2876,58.00655460357666,0.5,0.0,0.0,0.322197824716568,-0.12808580696582794,-0.25287768244743347,3.1118991374969482,0.028661031275987625,3.1118991374969482,0.028661031275987625,0.0,204.6255340576172,0.0
2877,58.034255504608154,0.5,0.0,0.0,0.36143943667411804,-0.09921447932720184,-0.21298396587371826,3.110252618789673,0.026638031005859375,3.110252618789673,0.026638031005859375,0.0,209.3837432861328,0.0
2878,58.04551672935486,0.5,0.0,0.0,0.39747393131256104,-0.0705452710390091,-0.15826934576034546,3.1047422885894775,0.025389406830072403,3.1047422885894775,0.025389406830072403,0.0,186.5562744140625,0.0
2879,58.07400608062744,0.5,0.0,0.0,0.4262533187866211,-0.05000428855419159,-0.13189929723739624,3.093038558959961,0.028264356777071953,3.093038558959961,0.028264356777071953,0.0,141.12535095214844,0.0
2880,58.087966442108154,0.5,0.0,0.0,0.42597663402557373,-0.03645915538072586,0.12780597805976868,3.0768301486968994,0.032800573855638504,3.0768301486968994,0.032800573855638504,126.4959487915039,39.158329010009766,0.0
2881,58.115259647369385,0.5,0.0,0.0,0.4255155026912689,-0.05433109775185585,0.043789125978946686,3.0724499225616455,0.030644459649920464,3.0724499225616455,0.030644459649920464,173.4171600341797,0.0,0.0
2882,58.12624406814575,0.5,0.0,0.0,0.420808345079422,-0.071382537484169,-0.06835301220417023,3.076727867126465,0.027478251606225967,3.076727867126465,0.027478251606225967,172.79103088378906,0.0,0.0
2883,58.15338063240051,0.5,0.0,0.0,0.41914376616477966,-0.08634570240974426,-0.12445607036352158,3.085240602493286,0.025736138224601746,3.085240602493286,0.025736138224601746,177.22634887695312,0.0,0.0
2884,58.1644926071167,0.5,0.0,0.0,0.4256219267845154,-0.10047479718923569,-0.13817480206489563,3.092155694961548,0.026172826066613197,3.092155694961548,0.026172826066613197,192.4259490966797,0.0,0.0
2885,58.1919846534729,0.5,0.0,0.0,0.4388462007045746,-0.11539790779352188,-0.145692378282547,3.0965752601623535,0.026737621054053307,3.0965752601623535,0.026737621054053307,201.20620727539062,0.0,0.0
2886,58.20277690887451,0.5,0.0,0.0,0.4565716087818146,-0.1285955011844635,-0.18628153204917908,3.0979669094085693,0.02556389756500721,3.0979669094085693,0.02556389756500721,198.7454833984375,0.0,0.0
2887,58.22890877723694,0.5,0.0,0.0,0.4765012562274933,-0.1399557888507843,-0.2533959150314331,3.0950896739959717,0.02193024940788746,3.0950896739959717,0.02193024940788746,188.07530212402344,0.0,0.0
2888,58.240642786026,0.5,0.0,0.0,0.4973497986793518,-0.15473130345344543,-0.2423093467950821,3.090454578399658,0.01643485389649868,3.090454578399658,0.01643485389649868,193.93685913085938,0.0,0.0
2889,58.26847171783447,0.5,0.0,0.0,0.5198051929473877,-0.17637525498867035,-0.12533685564994812,3.0872888565063477,0.013255782425403595,3.0872888565063477,0.013255782425403595,200.29246520996094,0.0,34.84393310546875
2890,58.279542446136475,0.5,0.0,0.0,0.5173224806785583,-0.1719721108675003,-0.12322091311216354,3.094306707382202,0.016609806567430496,3.094306707382202,0.016609806567430496,187.0614013671875,123.1781234741211,34.84393310546875
2891,58.306328773498535,0.5,0.0,0.0,0.4989016056060791,-0.13821925222873688,-0.13445842266082764,3.109438180923462,0.018062569200992584,3.109438180923462,0.018062569200992584,89.61579132080078,179.9935760498047,34.84393310546875
2892,58.317384243011475,0.5,0.0,0.0,0.4556587338447571,-0.0669100433588028,0.0067452555522322655,3.1239702701568604,0.025782931596040726,3.1239702701568604,0.025782931596040726,0.0,213.30799865722656,34.84393310546875
2893,58.34486651420593,0.5,0.0,0.0,0.42197665572166443,0.00944145955145359,0.11839880049228668,3.1291496753692627,0.03414987027645111,3.1291496753692627,0.03414987027645111,0.0,206.1634063720703,34.84393310546875
2894,58.35825181007385,0.5,0.0,0.0,0.4030337333679199,0.07418666034936905,0.12909527122974396,3.1264357566833496,0.041033610701560974,3.1264357566833496,0.041033610701560974,0.0,195.77716064453125,34.84393310546875
2895,58.385621547698975,0.5,0.0,0.0,0.38213488459587097,0.13818500936031342,0.14499174058437347,3.120684862136841,0.045037031173706055,3.120684862136841,0.045037031173706055,0.0,189.0786590576172,34.84393310546875
2896,58.39688277244568,0.5,0.0,0.0,0.35363882780075073,0.20291554927825928,0.17376407980918884,3.113945245742798,0.047781702131032944,3.113945245742798,0.047781702131032944,0.0,185.1727294921875,34.84393310546875
2897,58.424153327941895,0.5,0.0,0.0,0.3194591999053955,0.2668169438838959,0.23866300284862518,3.10660982131958,0.0505950003862381,3.10660982131958,0.0505950003862381,0.0,157.43975830078125,34.84393310546875
2898,58.435553550720215,0.5,0.0,0.0,0.2845136225223541,0.3252755403518677,0.30552536249160767,3.0994341373443604,0.055607058107852936,3.0994341373443604,0.055607058107852936,0.0,136.1217803955078,34.84393310546875
2899,58.46655035018921,0.5,0.0,0.0,0.24713654816150665,0.37949874997138977,0.27940598130226135,3.092585563659668,0.0638294592499733,3.092585563659668,0.0638294592499733,0.0,123.2452163696289,0.0
2900,58.478126525878906,0.5,0.0,0.0,0.2385607212781906,0.3984698951244354,-0.018171386793255806,3.082491636276245,0.06924659758806229,3.082491636276245,0.06924659758806229,36.27162170410156,107.4601058959961,0.0
2901,58.506468057632446,0.5,0.0,0.0,0.24986568093299866,0.3771847188472748,0.007398158311843872,3.0704329013824463,0.06267618387937546,3.0704329013824463,0.06267618387937546,216.29190063476562,30.88534164428711,0.0
2902,58.51826786994934,0.5,0.0,0.0,0.24955274164676666,0.3218076527118683,0.08289998024702072,3.0683794021606445,0.05470731854438782,3.0683794021606445,0.05470731854438782,249.63278198242188,0.0,0.0
2903,58.54910898208618,0.5,0.0,0.0,0.24780482053756714,0.2594972550868988,0.10790088772773743,3.0764756202697754,0.05061252415180206,3.0764756202697754,0.05061252415180206,253.48434448242188,0.0,0.0
2904,58.56082034111023,0.5,0.0,0.0,0.2516626715660095,0.20818866789340973,0.054070934653282166,3.0879127979278564,0.050140660256147385,3.0879127979278564,0.050140660256147385,238.3317413330078,0.0,0.0
2905,58.58744835853577,0.5,0.0,0.0,0.25914299488067627,0.16901636123657227,-0.026351291686296463,3.0929763317108154,0.050489578396081924,3.0929763317108154,0.050489578396081924,228.076904296875,0.0,0.0
2906,58.598406076431274,0.5,0.0,0.0,0.2699667811393738,0.13496367633342743,-0.04803645610809326,3.089158296585083,0.05131987854838371,3.089158296585083,0.05131987854838371,221.11973571777344,0.0,0.0
2907,58.62576746940613,0.5,0.0,0.0,0.28300341963768005,0.09912420064210892,-0.025121737271547318,3.0813090801239014,0.051179006695747375,3.0813090801239014,0.051179006695747375,215.43722534179688,0.0,0.0
2908,58.6369948387146,0.5,0.0,0.0,0.2965778410434723,0.059896714985370636,7.7960139606148e-05,3.0763564109802246,0.050937142223119736,3.0763564109802246,0.050937142223119736,217.06982421875,0.0,0.0
2909,58.66479182243347,0.5,0.0,0.0,0.311267614364624,0.019417710602283478,-0.0434759184718132,3.0773346424102783,0.05058698728680611,3.0773346424102783,0.05058698728680611,211.82272338867188,0.0,0.0
2910,58.6759078502655,0.5,0.0,0.0,0.32563847303390503,-0.01438003871589899,-0.08073209226131439,3.082515239715576,0.05035875365138054,3.082515239715576,0.05035875365138054,196.21713256835938,0.0,0.0
2911,58.703277587890625,0.5,0.0,0.0,0.3419310748577118,-0.038425177335739136,-0.025406120344996452,3.0899815559387207,0.05003419890999794,3.0899815559387207,0.05003419890999794,181.96331787109375,0.0,0.0
2912,58.714465618133545,0.5,0.0,0.0,0.35802727937698364,-0.05554754287004471,0.04646235704421997,3.0999014377593994,0.0505644753575325,3.0999014377593994,0.0505644753575325,148.633544921875,0.0,0.0
2913,58.74117350578308,0.5,0.0,0.0,0.35385406017303467,-0.06528948992490768,-0.0548141673207283,3.116144895553589,0.055386822670698166,3.116144895553589,0.055386822670698166,66.90304565429688,136.8837432861328,0.0
2914,58.752437591552734,0.5,0.0,0.0,0.3562406599521637,-0.05224914848804474,0.027588754892349243,3.1327812671661377,0.063273124396801,3.1327812671661377,0.063273124396801,0.0,149.2047576904297,0.0
2915,58.78008460998535,0.5,0.0,0.0,0.3657322824001312,-0.03409626707434654,0.06516523659229279,-3.1397078037261963,0.061775773763656616,3.1397078037261963,0.061775773763656616,0.0,157.044677734375,0.0
2916,58.79107928276062,0.5,0.0,0.0,0.37792977690696716,-0.021147731691598892,0.07021328806877136,-3.131871461868286,0.05175814405083656,3.131871461868286,0.05175814405083656,0.0,176.7464599609375,0.0
2917,58.817710876464844,0.5,0.0,0.0,0.39506736397743225,-0.00850557629019022,0.10029435157775879,-3.1249022483825684,0.039397429674863815,3.1249022483825684,0.039397429674863815,0.0,192.05752563476562,0.0
2918,58.82948923110962,0.5,0.0,0.0,0.4185750484466553,0.006718396209180355,0.15254132449626923,-3.1189870834350586,0.02632753551006317,3.1189870834350586,0.02632753551006317,0.0,215.48724365234375,0.0
2919,58.85704326629639,0.5,0.0,0.0,0.4455910921096802,0.022550636902451515,0.2238544225692749,-3.114384174346924,0.012816858477890491,3.114384174346924,0.012816858477890491,0.0,224.26609802246094,0.0
2920,58.8681697845459,0.5,0.0,0.0,0.4730902314186096,0.038778066635131836,0.3027457296848297,-3.110574722290039,0.000231111393077299,3.110574722290039,0.000231111393077299,0.0,228.4092254638672,0.0
2921,58.89461278915405,0.5,0.0,0.0,0.4925539791584015,0.05797108635306358,0.3764347732067108,-3.1080095767974854,-0.00977883581072092,3.1080095767974854,0.00977883581072092,0.0,213.9822235107422,0.0
2922,58.90577173233032,0.5,0.0,0.0,0.5034317970275879,0.0742107406258583,0.4311034679412842,-3.10874080657959,-0.013826536945998669,3.10874080657959,0.013826536945998669,0.0,182.26133728027344,0.0
2923,58.93269371986389,0.5,0.0,0.0,0.5094985961914062,0.08128604292869568,0.42760932445526123,-3.1143577098846436,-0.008459326811134815,3.1143577098846436,0.008459326811134815,0.0,146.1076202392578,0.0
2924,58.9443359375,0.5,0.0,0.0,0.4902207851409912,0.07881468534469604,0.31586724519729614,-3.12803316116333,-0.0022540432401001453,3.12803316116333,0.0022540432401001453,201.6846160888672,100.970458984375,0.0
2925,58.971158266067505,0.5,0.0,0.0,0.4749775230884552,0.04378928244113922,0.17613601684570312,-3.1380889415740967,4.249531775712967e-05,3.1380889415740967,4.249531775712967e-05,255.94676208496094,3.834153652191162,0.0
2926,58.982393741607666,0.5,0.0,0.0,0.43854033946990967,-0.005549334455281496,-0.005134878680109978,3.1400532722473145,0.008468598127365112,3.1400532722473145,0.008468598127365112,265.565185546875,0.0,0.0
2927,59.008413791656494,0.5,0.0,0.0,0.41362154483795166,-0.05136702582240105,-0.09144356846809387,3.1397154331207275,0.02500578761100769,3.1397154331207275,0.02500578761100769,249.69000244140625,0.0,0.0
2928,59.01954102516174,0.5,0.0,0.0,0.4080374538898468,-0.08990730345249176,-0.05094221234321594,-3.139827251434326,0.043645624071359634,3.139827251434326,0.043645624071359634,222.40618896484375,0.0,0.0
2929,59.0460467338562,0.5,0.0,0.0,0.41253194212913513,-0.11947213113307953,0.036607593297958374,-3.1348257064819336,0.058036938309669495,3.1348257064819336,0.058036938309669495,188.32614135742188,0.0,0.0
2930,59.05817770957947,0.5,0.0,0.0,0.4185267686843872,-0.14110822975635529,0.1113775223493576,-3.1317787170410156,0.06579872220754623,3.1317787170410156,0.06579872220754623,171.56491088867188,0.0,0.0
2931,59.08578324317932,0.5,0.0,0.0,0.42230725288391113,-0.15835900604724884,0.13462355732917786,-3.134763717651367,0.06833165884017944,3.134763717651367,0.06833165884017944,149.11392211914062,0.0,0.0
2932,59.09672260284424,0.5,0.0,0.0,0.42246952652931213,-0.1789615899324417,0.02540256269276142,3.1393563747406006,0.06748388707637787,3.1393563747406006,0.06748388707637787,133.3758544921875,0.0,0.0
2933,59.12444019317627,0.5,0.0,0.0,0.42061370611190796,-0.2060859054327011,-0.1528988778591156,3.1280934810638428,0.0651383027434349,3.1280934810638428,0.0651383027434349,140.3359832763672,0.0,0.0
2934,59.136313676834106,0.5,0.0,0.0,0.4193258583545685,-0.23930805921554565,-0.178766131401062,3.119124174118042,0.06270178407430649,3.119124174118042,0.06270178407430649,167.38186645507812,0.0,0.0
2935,59.163944482803345,0.5,0.0,0.0,0.4309130311012268,-0.2735062837600708,-0.1398269236087799,3.1213159561157227,0.06383480876684189,3.1213159561157227,0.06383480876684189,169.62342834472656,111.11812591552734,0.0
2936,59.1750693321228,0.5,0.0,0.0,0.44739970564842224,-0.26979896426200867,-0.1690937876701355,3.1325998306274414,0.05453244224190712,3.1325998306274414,0.05453244224190712,87.36425018310547,175.07827758789062,0.0
2937,59.20265316963196,0.5,0.0,0.0,0.4309544563293457,-0.22817188501358032,-0.08116761595010757,-3.1408162117004395,0.04374706372618675,3.1408162117004395,0.04374706372618675,0.0,209.447998046875,0.0
2938,59.21380114555359,0.5,0.0,0.0,0.4154205322265625,-0.1796344816684723,0.016309818252921104,-3.139421224594116,0.03754512220621109,3.139421224594116,0.03754512220621109,0.0,195.64903259277344,0.0
2939,59.2419798374176,0.5,0.0,0.0,0.41329097747802734,-0.14344143867492676,0.051286328583955765,3.140376329421997,0.0330762080848217,3.140376329421997,0.0330762080848217,0.0,190.97662353515625,50.84834671020508
2940,59.25345849990845,0.5,0.0,0.0,0.3934310972690582,-0.1775578111410141,0.01852688565850258,3.1398510932922363,0.029918434098362923,3.1398510932922363,0.029918434098362923,0.0,188.4535369873047,50.84834671020508
2941,59.27995824813843,0.5,0.0,0.0,0.37720951437950134,-0.20944128930568695,-0.022218182682991028,-3.137932777404785,0.030319593846797943,3.137932777404785,0.030319593846797943,0.0,206.5867462158203,50.84834671020508
2942,59.291226863861084,0.5,0.0,0.0,0.3594556748867035,-0.23710402846336365,-0.12358903139829636,-3.1294243335723877,0.03119310736656189,3.1294243335723877,0.03119310736656189,0.0,215.6319122314453,50.84834671020508
2943,59.31769371032715,0.5,0.0,0.0,0.33918270468711853,-0.26285040378570557,-0.24248212575912476,-3.121812343597412,0.033708278089761734,3.121812343597412,0.033708278089761734,0.0,221.62158203125,50.84834671020508
2944,59.33143377304077,0.5,0.0,0.0,0.319619357585907,-0.2854751646518707,-0.38581615686416626,-3.1190552711486816,0.04061409458518028,3.1190552711486816,0.04061409458518028,0.0,242.8498992919922,50.84834671020508
2945,59.35941815376282,0.5,0.0,0.0,0.3067213296890259,-0.3082168698310852,-0.5543699264526367,-3.1244802474975586,0.052351195365190506,3.1244802474975586,0.052351195365190506,0.0,245.99859619140625,50.84834671020508
2946,59.37081980705261,0.5,0.0,0.0,0.3074796497821808,-0.3360494077205658,-0.7067396640777588,-3.1365480422973633,0.06764309853315353,3.1365480422973633,0.06764309853315353,0.0,240.8489990234375,50.84834671020508
2947,59.397130489349365,0.5,0.0,0.0,0.3179832100868225,-0.36919304728507996,-0.7923886179924011,3.1306588649749756,0.08357316255569458,3.1306588649749756,0.08357316255569458,0.0,217.24388122558594,50.84834671020508
2948,59.40830159187317,0.5,0.0,0.0,0.3087616264820099,-0.39634761214256287,-0.5368141531944275,3.1105430126190186,0.10018084198236465,3.1105430126190186,0.10018084198236465,254.3670196533203,162.44961547851562,50.84834671020508
2949,59.43574237823486,0.5,0.0,0.0,0.30344030261039734,-0.4586186408996582,-0.41214534640312195,3.0935301780700684,0.11064565926790237,3.0935301780700684,0.11064565926790237,156.37255859375,63.95661926269531,0.0
2950,59.4474835395813,0.5,0.0,0.0,0.30067819356918335,-0.4669588506221771,-0.4096298813819885,3.0867979526519775,0.11028242111206055,3.0867979526519775,0.11028242111206055,134.70761108398438,0.0,0.0
2951,59.474058866500854,0.5,0.0,0.0,0.2867010831832886,-0.47554394602775574,-0.513912558555603,3.0913243293762207,0.10291135311126709,3.0913243293762207,0.10291135311126709,127.25523376464844,0.0,0.0
2952,59.48536491394043,0.5,0.0,0.0,0.2764986753463745,-0.48336175084114075,-0.6750808954238892,3.102097511291504,0.09246611595153809,3.102097511291504,0.09246611595153809,119.47811889648438,0.0,0.0
2953,59.51723575592041,0.5,0.0,0.0,0.2710188627243042,-0.4928523302078247,-0.9206705689430237,3.114732027053833,0.08022594451904297,3.114732027053833,0.08022594451904297,116.44731903076172,0.0,0.0
2954,59.530179262161255,0.5,0.0,0.0,0.2610013782978058,-0.504529595375061,-1.1234915256500244,3.1257190704345703,0.06822162121534348,3.1257190704345703,0.06822162121534348,107.43726348876953,0.0,0.0
2955,59.55899143218994,0.5,0.0,0.0,0.2479821741580963,-0.5078964829444885,-0.9497685432434082,3.1327028274536133,0.06262248009443283,3.1327028274536133,0.06262248009443283,96.5302505493164,0.0,0.0
2956,59.57087016105652,0.5,0.0,0.0,0.23643161356449127,-0.5033450126647949,-0.29766368865966797,3.1387131214141846,0.06835927814245224,3.1387131214141846,0.06835927814245224,84.13188171386719,242.01524353027344,0.0
2957,59.59836220741272,0.5,0.0,0.0,0.25276145339012146,-0.444023996591568,0.0827564001083374,-3.139223575592041,0.06935442984104156,3.139223575592041,0.06935442984104156,71.04495239257812,253.5757293701172,0.0
2958,59.609583139419556,0.5,0.0,0.0,0.26697301864624023,-0.37061429023742676,0.2991466522216797,-3.137669324874878,0.0633138120174408,3.137669324874878,0.0633138120174408,14.20766544342041,291.06561279296875,0.0
2959,59.63720941543579,0.5,0.0,0.0,0.2679983973503113,-0.2874874770641327,0.27826806902885437,3.1405720710754395,0.05299735441803932,3.1405720710754395,0.05299735441803932,0.0,292.8422546386719,0.0
2960,59.64881491661072,0.5,0.0,0.0,0.26929715275764465,-0.21792104840278625,0.18157339096069336,3.12762451171875,0.041905295103788376,3.12762451171875,0.041905295103788376,0.0,258.169189453125,0.0
2961,59.67584466934204,0.5,0.0,0.0,0.2728898525238037,-0.16497792303562164,0.161851704120636,3.1132962703704834,0.030362265184521675,3.1132962703704834,0.030362265184521675,0.0,225.28805541992188,0.0
2962,59.68723273277283,0.5,0.0,0.0,0.2752661406993866,-0.11965303122997284,0.26648351550102234,3.103450298309326,0.020276298746466637,3.103450298309326,0.020276298746466637,0.0,195.445556640625,0.0
2963,59.71312499046326,0.5,0.0,0.0,0.2782169580459595,-0.0802118182182312,0.40726763010025024,3.101006507873535,0.01349553745239973,3.101006507873535,0.01349553745239973,0.0,177.05003356933594,0.0
2964,59.724594831466675,0.5,0.0,0.0,0.28364506363868713,-0.04510325565934181,0.49873095750808716,3.1055092811584473,0.010285153985023499,3.1055092811584473,0.010285153985023499,0.0,171.3841094970703,0.0
2965,59.751604318618774,0.5,0.0,0.0,0.2947157025337219,-0.012004358693957329,0.5161300301551819,3.1144826412200928,0.008697607554495335,3.1144826412200928,0.008697607554495335,0.0,170.5529327392578,0.0
2966,59.76298642158508,0.5,0.0,0.0,0.305592805147171,0.023084240034222603,0.4797654151916504,3.1244945526123047,0.006736453622579575,3.1244945526123047,0.006736453622579575,0.0,175.1793975830078,0.0
2967,59.78986573219299,0.5,0.0,0.0,0.3133702576160431,0.05874118208885193,0.3897975981235504,3.1300408840179443,0.005478604696691036,3.1300408840179443,0.005478604696691036,0.0,162.89756774902344,0.0
2968,59.80122470855713,0.5,0.0,0.0,0.324881374835968,0.0890972912311554,0.26805579662323,3.1278278827667236,0.005802014842629433,3.1278278827667236,0.005802014842629433,0.0,145.105224609375,0.0
2969,59.82914352416992,0.5,0.0,0.0,0.3251391351222992,0.1147175207734108,0.1856372356414795,3.1181845664978027,0.0066583724692463875,3.1181845664978027,0.0066583724692463875,0.0,123.59737396240234,0.0
2970,59.84029006958008,0.5,0.0,0.0,0.33941522240638733,0.112542062997818,0.16635306179523468,3.1069281101226807,0.006330839823931456,3.1069281101226807,0.006330839823931456,198.57643127441406,63.474159240722656,0.0
2971,59.87050771713257,0.5,0.0,0.0,0.34108203649520874,0.08819663524627686,0.13071945309638977,3.098534345626831,0.010232308879494667,3.098534345626831,0.010232308879494667,211.8201904296875,0.0,0.0
2972,59.88220715522766,0.5,0.0,0.0,0.3405890464782715,0.05676668882369995,0.03781528025865555,3.093127965927124,0.01695428229868412,3.093127965927124,0.01695428229868412,199.23228454589844,0.0,0.0
2973,59.909873962402344,0.5,0.0,0.0,0.347434401512146,0.029338007792830467,-0.03365487977862358,3.0881969928741455,0.023468371480703354,3.0881969928741455,0.023468371480703354,191.11087036132812,0.0,0.0
2974,59.92134761810303,0.5,0.0,0.0,0.36046522855758667,0.004465486854314804,-0.03582244738936424,3.0847365856170654,0.028553256765007973,3.0847365856170654,0.028553256765007973,193.20932006835938,0.0,0.0
2975,59.948822021484375,0.5,0.0,0.0,0.3786570429801941,-0.0174734964966774,0.01693073846399784,3.083606004714966,0.030658751726150513,3.083606004714966,0.030658751726150513,191.83807373046875,0.0,0.0
2976,59.9601514339447,0.5,0.0,0.0,0.39877980947494507,-0.03662726283073425,0.04095352068543434,3.082646369934082,0.029651999473571777,3.082646369934082,0.029651999473571777,191.04193115234375,0.0,0.0
2977,59.98766326904297,0.5,0.0,0.0,0.419170081615448,-0.0555691160261631,0.010237399488687515,3.079508066177368,0.02660451829433441,3.079508066177368,0.02660451829433441,183.40562438964844,0.0,0.0
2978,59.99878215789795,0.5,0.0,0.0,0.44068092107772827,-0.08310797065496445,-0.06082291901111603,3.0747458934783936,0.02233707532286644,3.0747458934783936,0.02233707532286644,197.16189575195312,0.0,0.0
2979,60.02564835548401,0.5,0.0,0.0,0.46642976999282837,-0.11848126351833344,-0.08646085858345032,3.0737855434417725,0.017725391313433647,3.0737855434417725,0.017725391313433647,215.39585876464844,0.0,0.0
2980,60.0366473197937,0.5,0.0,0.0,0.49655386805534363,-0.15065138041973114,-0.035169802606105804,3.0813825130462646,0.015070685185492039,3.0813825130462646,0.015070685185492039,198.239990234375,0.0,0.0
2981,60.06401824951172,0.5,0.0,0.0,0.5165885090827942,-0.1634570062160492,-0.13475647568702698,3.097811698913574,0.016780083999037743,3.097811698913574,0.016780083999037743,114.09270477294922,92.3875503540039,0.0
2982,60.074992179870605,0.5,0.0,0.0,0.5079948306083679,-0.13255418837070465,-0.07079679518938065,3.110219717025757,0.01877461187541485,3.110219717025757,0.01877461187541485,0.0,197.3860321044922,0.0
2983,60.103293895721436,0.5,0.0,0.0,0.497616708278656,-0.09513261914253235,0.02331831306219101,3.1130318641662598,0.021891755983233452,3.1130318641662598,0.021891755983233452,0.0,188.04408264160156,0.0
2984,60.116915464401245,0.5,0.0,0.0,0.5032183527946472,-0.06924843043088913,0.0713047981262207,3.1124536991119385,0.0233905091881752,3.1124536991119385,0.0233905091881752,0.0,186.33914184570312,0.0
2985,60.14779353141785,0.5,0.0,0.0,0.5141078233718872,-0.04760783538222313,0.08177268505096436,3.112837553024292,0.023124119266867638,3.112837553024292,0.023124119266867638,0.0,199.03802490234375,0.0
2986,60.16193437576294,0.5,0.0,0.0,0.529105544090271,-0.024656083434820175,0.060561973601579666,3.1141767501831055,0.020976057276129723,3.1141767501831055,0.020976057276129723,0.0,202.03517150878906,0.0
2987,60.18947887420654,0.5,0.0,0.0,0.5409038066864014,0.0038151643238961697,0.08148569613695145,3.115424394607544,0.01470810454338789,3.115424394607544,0.01470810454338789,0.0,197.63807678222656,0.0
2988,60.201135873794556,0.5,0.0,0.0,0.5477644801139832,0.032363343983888626,0.1754416525363922,3.11574125289917,0.006702057551592588,3.11574125289917,0.006702057551592588,0.0,187.419921875,0.0
2989,60.22814464569092,0.5,0.0,0.0,0.5517972111701965,0.056763503700494766,0.2823423147201538,3.116511583328247,0.000249600998358801,3.116511583328247,0.000249600998358801,0.0,175.2342529296875,0.0
2990,60.23920655250549,0.5,0.0,0.0,0.5520687699317932,0.07604267448186874,0.3285974860191345,3.117811918258667,-0.0025690910406410694,3.117811918258667,0.0025690910406410694,0.0,155.6407012939453,0.0
2991,60.26616907119751,0.5,0.0,0.0,0.547909677028656,0.08879714459180832,0.273120254278183,3.1191041469573975,0.0026377132162451744,3.1191041469573975,0.0026377132162451744,0.0,135.89089965820312,0.0
2992,60.27731132507324,0.5,0.0,0.0,0.5220648050308228,0.09796853363513947,0.2742462158203125,3.116237163543701,0.009729092940688133,3.116237163543701,0.009729092940688133,169.49038696289062,106.98622131347656,0.0
2993,60.30454111099243,0.5,0.0,0.0,0.5078715682029724,0.06925752013921738,0.332967072725296,3.1190550327301025,0.011655203998088837,3.1190550327301025,0.011655203998088837,227.62637329101562,43.57021713256836,0.0
2994,60.315783977508545,0.5,0.0,0.0,0.478053480386734,0.023738205432891846,0.146407812833786,3.1249985694885254,0.01754012517631054,3.1249985694885254,0.01754012517631054,243.5738067626953,0.0,0.0
2995,60.343693256378174,0.5,0.0,0.0,0.450336217880249,-0.020860426127910614,-0.07316197454929352,3.127340316772461,0.028755446895956993,3.127340316772461,0.028755446895956993,237.1724090576172,0.0,0.0
2996,60.35599637031555,0.5,0.0,0.0,0.43580251932144165,-0.06000284478068352,-0.15343303978443146,3.1259334087371826,0.042857661843299866,3.1259334087371826,0.042857661843299866,224.49488830566406,0.0,0.0
2997,60.386982679367065,0.5,0.0,0.0,0.4335632622241974,-0.09530359506607056,-0.0821075290441513,3.1237733364105225,0.05559883266687393,3.1237733364105225,0.05559883266687393,209.3373565673828,0.0,0.0
2998,60.40023708343506,0.5,0.0,0.0,0.43530333042144775,-0.12813901901245117,0.007724860683083534,3.1245479583740234,0.06350459158420563,3.1245479583740234,0.06350459158420563,192.52171325683594,0.0,0.0
2999,60.42929792404175,0.5,0.0,0.0,0.43806689977645874,-0.1546270251274109,0.07505122572183609,3.125988006591797,0.06768666207790375,3.125988006591797,0.06768666207790375,171.9352569580078,0.0,0.0
3000,60.440807819366455,0.5,0.0,0.0,0.43914681673049927,-0.17614930868148804,0.11349283158779144,3.1259491443634033,0.06821180135011673,3.1259491443634033,0.06821180135011673,142.19825744628906,0.0,0.0
3001,60.490402698516846,0.5,0.0,0.0,0.4374943971633911,-0.1967202126979828,0.04881388321518898,3.123889684677124,0.067080058157444,3.123889684677124,0.067080058157444,119.21369934082031,0.0,0.0
3002,60.501835346221924,0.5,0.0,0.0,0.43382886052131653,-0.21785835921764374,-0.06331440061330795,3.122426986694336,0.0638730600476265,3.122426986694336,0.0638730600476265,118.81330108642578,0.0,0.0
3003,60.528547525405884,0.5,0.0,0.0,0.4368446469306946,-0.24054697155952454,-0.1063641607761383,3.1254172325134277,0.06168064475059509,3.1254172325134277,0.06168064475059509,117.34962463378906,140.6392059326172,0.0
3004,60.540189266204834,0.5,0.0,0.0,0.4398544430732727,-0.2342737913131714,-0.18443813920021057,3.133587121963501,0.05098890885710716,3.133587121963501,0.05098890885710716,61.08177185058594,177.15110778808594,0.0
3005,60.57303738594055,0.5,0.0,0.0,0.4273059666156769,-0.19866271317005157,-0.0806020125746727,-3.1386067867279053,0.043622251600027084,3.1386067867279053,0.043622251600027084,0.0,221.55926513671875,0.0
3006,60.5867977142334,0.5,0.0,0.0,0.41985130310058594,-0.1490713506937027,0.08602451533079147,-3.1300911903381348,0.0392078198492527,3.1300911903381348,0.0392078198492527,0.0,234.84213256835938,0.0
3007,60.61509585380554,0.5,0.0,0.0,0.4255317747592926,-0.10569639503955841,0.15548190474510193,-3.126586437225342,0.036180030554533005,3.126586437225342,0.036180030554533005,0.0,242.2809600830078,0.0
3008,60.62747621536255,0.5,0.0,0.0,0.43249765038490295,-0.06424691528081894,0.12930434942245483,-3.1272642612457275,0.031039632856845856,3.1272642612457275,0.031039632856845856,0.0,241.1663818359375,0.0
3009,60.65544271469116,0.5,0.0,0.0,0.43593668937683105,-0.022925985977053642,0.11230769753456116,-3.1316416263580322,0.024949930608272552,3.1316416263580322,0.024949930608272552,0.0,224.7639923095703,46.21445083618164
3010,60.66671133041382,0.5,0.0,0.0,0.498113214969635,0.04440834000706673,0.175709068775177,-3.140847682952881,0.01538495346903801,3.140847682952881,0.01538495346903801,0.0,198.76400756835938,46.21445083618164
3011,60.69509410858154,0.5,0.0,0.0,0.558556318283081,0.10428878664970398,0.3437447249889374,3.129270315170288,0.0033611005637794733,3.129270315170288,0.0033611005637794733,0.0,167.74839782714844,46.21445083618164
3012,60.71059727668762,0.5,0.0,0.0,0.6103271842002869,0.14759351313114166,0.47432994842529297,3.118889331817627,-0.005824938416481018,3.118889331817627,0.005824938416481018,0.0,167.36956787109375,46.21445083618164
3013,60.736849308013916,0.5,0.0,0.0,0.6637099385261536,0.19075104594230652,0.4235737919807434,3.1174707412719727,-0.003782801330089569,3.1174707412719727,0.003782801330089569,0.0,175.0522003173828,46.21445083618164
3014,60.749019622802734,0.5,0.0,0.0,0.7194656133651733,0.24692121148109436,0.47011417150497437,3.1193788051605225,-0.005201765336096287,3.1193788051605225,0.005201765336096287,0.0,165.51220703125,46.21445083618164
3015,60.777021408081055,0.5,0.0,0.0,0.8132160902023315,0.30156275629997253,0.635505199432373,3.1283159255981445,-0.024182720109820366,3.1283159255981445,0.024182720109820366,0.0,165.8996124267578,46.21445083618164
3016,60.78859853744507,0.5,0.0,0.0,0.903239905834198,0.3659050762653351,1.0040026903152466,3.1385717391967773,-0.0452713705599308,3.1385717391967773,0.0452713705599308,0.0,173.91883850097656,46.21445083618164
3017,60.81813192367554,0.5,0.0,0.0,1.0208076238632202,0.4209413528442383,1.403337836265564,-3.132721185684204,-0.0650600790977478,3.132721185684204,0.0650600790977478,0.0,180.2298583984375,46.21445083618164
3018,60.84369373321533,0.5,0.0,0.0,1.1550593376159668,0.46357303857803345,1.7714605331420898,-3.117220163345337,-0.08843290060758591,3.117220163345337,0.08843290060758591,0.0,165.75152587890625,46.21445083618164
3019,60.87434697151184,0.5,0.0,0.0,1.2775579690933228,0.4889799654483795,2.19761323928833,-3.099378824234009,-0.11456635594367981,3.099378824234009,0.11456635594367981,0.0,139.88540649414062,0.0
3020,60.88645672798157,0.5,0.0,0.0,1.3181084394454956,0.4520421326160431,2.6641359329223633,-3.0784554481506348,-0.131773442029953,3.0784554481506348,0.131773442029953,0.0,114.56278228759766,0.0
3021,60.91246557235718,0.5,0.0,0.0,1.35175621509552,0.38526222109794617,3.049229383468628,-3.0542564392089844,-0.13329140841960907,3.0542564392089844,0.13329140841960907,0.0,89.94910430908203,0.0
3022,60.92396926879883,0.5,0.0,0.0,1.3803558349609375,0.2923721373081207,3.1719253063201904,-3.023613691329956,-0.11925940215587616,3.023613691329956,0.11925940215587616,0.0,63.17854690551758,0.0
3023,60.951446771621704,0.5,0.0,0.0,1.3945311307907104,0.15998528897762299,2.7904157638549805,-2.9901697635650635,-0.09194429218769073,2.9901697635650635,0.09194429218769073,0.0,29.89590072631836,0.0
3024,60.96285891532898,0.5,0.0,0.0,1.3266888856887817,0.037541862577199936,1.0422821044921875,-2.9654414653778076,-0.054600827395915985,2.9654414653778076,0.054600827395915985,1223.751220703125,51.6421012878418,0.0
3025,60.99458694458008,0.5,0.0,0.0,1.1894985437393188,-0.062338896095752716,-0.10362166911363602,-2.9503114223480225,-0.042762041091918945,2.9503114223480225,0.042762041091918945,393.5730285644531,58.9492073059082,0.0
3026,61.0078341960907,0.5,0.0,0.0,0.9691774845123291,-0.1261204481124878,-1.0589568614959717,-2.955687999725342,-0.055541835725307465,2.955687999725342,0.055541835725307465,442.6393127441406,0.0,0.0
3027,61.03464436531067,0.5,0.0,0.0,0.711421549320221,-0.18524296581745148,-1.0536829233169556,-2.9677467346191406,-0.066755510866642,2.9677467346191406,0.066755510866642,440.9573059082031,0.0,0.0
3028,61.0462429523468,0.5,0.0,0.0,0.4991571605205536,-0.2437712699174881,-0.6815295815467834,-2.966545343399048,-0.0585176944732666,2.966545343399048,0.0585176944732666,336.2840881347656,0.0,0.0
3029,61.073490619659424,0.5,0.0,0.0,0.3730812668800354,-0.2915526032447815,-0.4331686496734619,-2.951895236968994,-0.02811380848288536,2.951895236968994,0.02811380848288536,232.94300842285156,0.0,19.697999954223633
3030,61.08615231513977,0.5,0.0,0.0,0.3360092341899872,-0.32903000712394714,-0.42849308252334595,-2.936829090118408,0.008571543730795383,2.936829090118408,0.008571543730795383,183.3944854736328,0.0,19.697999954223633
3031,61.112712383270264,0.5,0.0,0.0,0.3249666690826416,-0.3697884678840637,-0.5277674198150635,-2.929931640625,0.033237721771001816,2.929931640625,0.033237721771001816,163.32803344726562,0.0,19.697999954223633
3032,61.12392854690552,0.5,0.0,0.0,0.32208478450775146,-0.41202908754348755,-0.6327161192893982,-2.930989980697632,0.04082058370113373,2.930989980697632,0.04082058370113373,114.9262924194336,0.0,19.697999954223633
3033,61.15138602256775,0.5,0.0,0.0,0.32401472330093384,-0.4535222351551056,-0.8701796531677246,-2.938797950744629,0.036311566829681396,2.938797950744629,0.036311566829681396,94.51393127441406,0.0,19.697999954223633
3034,61.16342377662659,0.5,0.0,0.0,0.3344042897224426,-0.49433085322380066,-1.1026233434677124,-2.9494733810424805,0.021427979692816734,2.9494733810424805,0.021427979692816734,69.6883773803711,0.0,19.697999954223633
3035,61.19102907180786,0.5,0.0,0.0,0.3332780599594116,-0.5400345325469971,-1.2339966297149658,-2.9598801136016846,0.005261228419840336,2.9598801136016846,0.005261228419840336,72.85004425048828,0.0,19.697999954223633
3036,61.20256733894348,0.5,0.0,0.0,0.31870612502098083,-0.5915083885192871,-0.864602267742157,-2.9648449420928955,0.0002555996470618993,2.9648449420928955,0.0002555996470618993,50.91326904296875,392.1194152832031,19.697999954223633
3037,61.23272109031677,0.5,0.0,0.0,0.3507109582424164,-0.5220497846603394,-0.7669281363487244,-2.9651238918304443,-0.001061715418472886,2.9651238918304443,0.001061715418472886,54.80499267578125,227.8240203857422,19.697999954223633
3038,61.245662212371826,0.5,0.0,0.0,0.3716118633747101,-0.4201154112815857,0.09160628914833069,-2.969475030899048,-0.000273242563707754,2.969475030899048,0.000273242563707754,71.6340103149414,264.3473815917969,19.697999954223633
3039,61.274983644485474,0.5,0.0,0.0,0.3990391790866852,-0.30606982111930847,0.6784897446632385,-2.980419158935547,0.011211786419153214,2.980419158935547,0.011211786419153214,0.503325879573822,304.9470520019531,0.0
3040,61.29021120071411,0.5,0.0,0.0,0.418637216091156,-0.19869859516620636,0.5748434662818909,-3.005993366241455,0.025749580934643745,3.005993366241455,0.025749580934643745,0.0,291.3551330566406,0.0
3041,61.31950068473816,0.5,0.0,0.0,0.44847071170806885,-0.12636390328407288,0.33429625630378723,-3.040520668029785,0.036555420607328415,3.040520668029785,0.036555420607328415,0.0,236.77923583984375,0.0
3042,61.3308207988739,0.5,0.0,0.0,0.4805859327316284,-0.0917138010263443,0.3098142445087433,-3.075026273727417,0.03790663555264473,3.075026273727417,0.03790663555264473,0.0,173.4607696533203,0.0
3043,61.35687756538391,0.5,0.0,0.0,0.5033058524131775,-0.07472741603851318,0.49111852049827576,-3.100616693496704,0.031592972576618195,3.100616693496704,0.031592972576618195,0.0,134.83982849121094,0.0
3044,61.3685257434845,0.5,0.0,0.0,0.5213313102722168,-0.06146584823727608,0.6977319717407227,-3.1111626625061035,0.024559903889894485,3.1111626625061035,0.024559903889894485,0.0,128.43153381347656,0.0
3045,61.396873474121094,0.5,0.0,0.0,0.5411630868911743,-0.048312991857528687,0.7767848372459412,-3.105562448501587,0.017860248684883118,3.105562448501587,0.017860248684883118,0.0,129.0928497314453,0.0
3046,61.409483194351196,0.5,0.0,0.0,0.5625119209289551,-0.03452405333518982,0.7376875281333923,-3.0903828144073486,0.01034899614751339,3.0903828144073486,0.01034899614751339,0.0,130.8162384033203,0.0
3047,61.43557000160217,0.5,0.0,0.0,0.5873708128929138,-0.018905047327280045,0.6803839206695557,-3.0734615325927734,0.0019967686384916306,3.0734615325927734,0.0019967686384916306,0.0,138.33135986328125,0.0
3048,61.44704747200012,0.5,0.0,0.0,0.6172258853912354,-0.0005068328464403749,0.648343026638031,-3.06032133102417,-0.005902470089495182,3.06032133102417,0.005902470089495182,0.0,139.95225524902344,0.0
3049,61.475056886672974,0.5,0.0,0.0,0.6482433080673218,0.012289920821785927,0.5870704650878906,-3.0552804470062256,-0.012460007332265377,3.0552804470062256,0.012460007332265377,0.0,120.34796142578125,0.0
3050,61.486841678619385,0.5,0.0,0.0,0.6746910810470581,0.014746771194040775,0.4744373559951782,-3.060833692550659,-0.015323437750339508,3.060833692550659,0.015323437750339508,0.0,100.6170425415039,0.0
3051,61.514031171798706,0.5,0.0,0.0,0.6437130570411682,0.028338277712464333,0.18147210776805878,-3.078744649887085,-0.019180413335561752,3.078744649887085,0.019180413335561752,450.1162109375,47.30554962158203,0.0
3052,61.525099992752075,0.5,0.0,0.0,0.5932354927062988,0.006184229161590338,0.06972566246986389,-3.097527027130127,-0.023014338687062263,3.097527027130127,0.023014338687062263,320.2510070800781,0.0,0.0
3053,61.55515432357788,0.5,0.0,0.0,0.5151657462120056,-0.021417483687400818,-0.044387128204107285,-3.113466262817383,-0.013320369645953178,3.113466262817383,0.013320369645953178,307.4889221191406,0.0,0.0
3054,61.566635608673096,0.5,0.0,0.0,0.4646513760089874,-0.04491060972213745,-0.04317285120487213,-3.1246533393859863,0.0027117531280964613,3.1246533393859863,0.0027117531280964613,261.5865783691406,0.0,0.0
3055,61.594027280807495,0.5,0.0,0.0,0.43509140610694885,-0.06525169312953949,0.024690397083759308,-3.1313014030456543,0.020711755380034447,3.1313014030456543,0.020711755380034447,218.2563018798828,0.0,0.0
3056,61.60588073730469,0.5,0.0,0.0,0.41931527853012085,-0.08130225539207458,0.06859194487333298,-3.1364219188690186,0.03498122841119766,3.1364219188690186,0.03498122841119766,183.01695251464844,0.0,0.0
3057,61.63315534591675,0.5,0.0,0.0,0.4073178470134735,-0.09489244222640991,0.05863777920603752,3.1396684646606445,0.04415019601583481,3.1396684646606445,0.04415019601583481,174.17926025390625,0.0,0.0
3058,61.645017862319946,0.5,0.0,0.0,0.39581117033958435,-0.10781943053007126,0.01849314570426941,3.1287786960601807,0.04944756627082825,3.1287786960601807,0.04944756627082825,166.8335723876953,0.0,0.0
3059,61.67434310913086,0.5,0.0,0.0,0.38512906432151794,-0.1222597286105156,0.01810143142938614,3.1150717735290527,0.0522356778383255,3.1150717735290527,0.0522356778383255,170.6182403564453,0.0,5.512851238250732
3060,61.68648147583008,0.5,0.0,0.0,0.3614810109138489,-0.1472727358341217,0.11635199189186096,3.1046550273895264,0.05627784505486488,3.1046550273895264,0.05627784505486488,171.6179656982422,0.0,5.512851238250732
3061,61.71292328834534,0.5,0.0,0.0,0.3373347818851471,-0.17580236494541168,0.21923495829105377,3.100517511367798,0.06278455257415771,3.100517511367798,0.06278455257415771,177.8481903076172,0.0,5.512851238250732
3062,61.72406530380249,0.5,0.0,0.0,0.3154534101486206,-0.20357249677181244,0.33681443333625793,3.104106903076172,0.07474204897880554,3.104106903076172,0.07474204897880554,171.14511108398438,0.0,5.512851238250732
3063,61.751699447631836,0.5,0.0,0.0,0.32092776894569397,-0.21648885309696198,0.1660875827074051,3.1131958961486816,0.08396663516759872,3.1131958961486816,0.08396663516759872,143.851806640625,127.50761413574219,5.512851238250732
3064,61.762991189956665,0.5,0.0,0.0,0.3217182159423828,-0.21344780921936035,-0.007806308567523956,3.123663902282715,0.08027312904596329,3.123663902282715,0.08027312904596329,99.37116241455078,179.94195556640625,5.512851238250732
3065,61.78954005241394,0.5,0.0,0.0,0.3031027019023895,-0.18863271176815033,-0.09230376780033112,3.133772850036621,0.07681416720151901,3.133772850036621,0.07681416720151901,10.24864673614502,204.021484375,5.512851238250732
3066,61.800830602645874,0.5,0.0,0.0,0.2842942774295807,-0.14758485555648804,-0.07778465747833252,3.1391942501068115,0.07928364723920822,3.1391942501068115,0.07928364723920822,0.0,206.69296264648438,5.512851238250732
3067,61.82808184623718,0.5,0.0,0.0,0.2791140079498291,-0.11081959307193756,-0.08408807218074799,3.140662908554077,0.07862123101949692,3.140662908554077,0.07862123101949692,0.0,200.16537475585938,5.512851238250732
3068,61.839932441711426,0.5,0.0,0.0,0.2738989293575287,-0.08092915266752243,-0.13074609637260437,-3.140742778778076,0.07249090075492859,3.140742778778076,0.07249090075492859,0.0,191.39535522460938,5.512851238250732
3069,61.86812162399292,0.5,0.0,0.0,0.26401641964912415,-0.053305625915527344,-0.14791670441627502,-3.1368205547332764,0.06441759318113327,3.1368205547332764,0.06441759318113327,0.0,178.7366943359375,0.0
3070,61.879488945007324,0.5,0.0,0.0,0.2668553590774536,-0.017656147480010986,-0.15285246074199677,-3.1352455615997314,0.05505470931529999,3.1352455615997314,0.05505470931529999,0.0,183.65687561035156,0.0
3071,61.9105019569397,0.5,0.0,0.0,0.27315554022789,0.01530754566192627,-0.09670937061309814,-3.136627435684204,0.04525378346443176,3.136627435684204,0.04525378346443176,0.0,182.81234741210938,0.0
3072,61.924590826034546,0.5,0.0,0.0,0.28299498558044434,0.047375086694955826,-0.008399829268455505,-3.137969493865967,0.036953963339328766,3.137969493865967,0.036953963339328766,0.0,191.9918670654297,0.0
3073,61.95144820213318,0.5,0.0,0.0,0.2874038517475128,0.08282448351383209,0.047850351780653,-3.139502763748169,0.031162355095148087,3.139502763748169,0.031162355095148087,0.0,197.76669311523438,0.0
3074,61.96276044845581,0.5,0.0,0.0,0.29038774967193604,0.11894135922193527,0.03261376917362213,3.1391172409057617,0.029133779928088188,3.1391172409057617,0.029133779928088188,0.0,195.850341796875,0.0
3075,61.989526987075806,0.5,0.0,0.0,0.2969808578491211,0.15346042811870575,0.01429663971066475,3.131525754928589,0.03063977137207985,3.131525754928589,0.03063977137207985,0.0,182.06126403808594,0.0
3076,62.00060701370239,0.5,0.0,0.0,0.2897604703903198,0.18737301230430603,0.10933639109134674,3.11991810798645,0.03525220975279808,3.11991810798645,0.03525220975279808,95.2364730834961,151.15719604492188,0.0
3077,62.030059576034546,0.5,0.0,0.0,0.3074546456336975,0.1841982901096344,0.17223894596099854,3.109682083129883,0.03480277955532074,3.109682083129883,0.03480277955532074,161.33682250976562,105.510986328125,0.0
3078,62.04125189781189,0.5,0.0,0.0,0.3136690557003021,0.16099825501441956,0.1563597470521927,3.1055710315704346,0.033030349761247635,3.1055710315704346,0.033030349761247635,194.18429565429688,41.542354583740234,0.0
3079,62.0681426525116,0.5,0.0,0.0,0.3090316653251648,0.12694886326789856,0.05595487356185913,3.1033132076263428,0.03505348786711693,3.1033132076263428,0.03505348786711693,196.7562713623047,0.0,0.0
3080,62.07965683937073,0.5,0.0,0.0,0.306031733751297,0.0936722606420517,-0.007911342196166515,3.0996084213256836,0.04131360352039337,3.0996084213256836,0.04131360352039337,184.22129821777344,0.0,0.0
3081,62.107262134552,0.5,0.0,0.0,0.31211090087890625,0.06377345323562622,0.005845634266734123,3.094562530517578,0.046691637486219406,3.094562530517578,0.046691637486219406,178.95382690429688,0.0,0.0
3082,62.119606018066406,0.5,0.0,0.0,0.32166212797164917,0.03445814549922943,0.0017186091281473637,3.0905392169952393,0.049688227474689484,3.0905392169952393,0.049688227474689484,181.54505920410156,0.0,0.0
3083,62.14672493934631,0.5,0.0,0.0,0.33401063084602356,0.004484912380576134,0.010607635602355003,3.0891411304473877,0.05070070922374725,3.0891411304473877,0.05070070922374725,191.51834106445312,0.0,0.0
3084,62.158079624176025,0.5,0.0,0.0,0.3486389219760895,-0.025037173181772232,0.037029244005680084,3.0904767513275146,0.04997441917657852,3.0904767513275146,0.04997441917657852,193.03256225585938,0.0,0.0
3085,62.188535928726196,0.5,0.0,0.0,0.3634136915206909,-0.05288611352443695,0.017254019156098366,3.0924267768859863,0.04843750223517418,3.0924267768859863,0.04843750223517418,185.88641357421875,0.0,0.0
3086,62.200316429138184,0.5,0.0,0.0,0.37788254022598267,-0.08079222589731216,-0.039778899401426315,3.09352707862854,0.04711516946554184,3.09352707862854,0.04711516946554184,180.1724853515625,0.0,0.0
3087,62.2292001247406,0.5,0.0,0.0,0.3943479359149933,-0.10920322686433792,-0.0721660628914833,3.094188928604126,0.04569258540868759,3.094188928604126,0.04569258540868759,178.9313507080078,0.0,0.0
3088,62.2409188747406,0.5,0.0,0.0,0.41595134139060974,-0.13994291424751282,-0.026172079145908356,3.097323179244995,0.04463333263993263,3.097323179244995,0.04463333263993263,189.5856475830078,0.0,0.0
3089,62.26883125305176,0.5,0.0,0.0,0.4354337155818939,-0.17080126702785492,-0.05474293977022171,3.107814073562622,0.045593589544296265,3.107814073562622,0.045593589544296265,156.9549102783203,287.8397521972656,27.995670318603516
3090,62.2805278301239,0.5,0.0,0.0,0.45838797092437744,-0.21338850259780884,-0.1464177966117859,3.1249709129333496,0.04088612645864487,3.1249709129333496,0.04088612645864487,58.51474380493164,164.13641357421875,27.995670318603516
3091,62.30696487426758,0.5,0.0,0.0,0.44991928339004517,-0.2233530431985855,-0.09090275317430496,3.1410632133483887,0.034262221306562424,3.1410632133483887,0.034262221306562424,0.0,195.13534545898438,27.995670318603516
3092,62.31863713264465,0.5,0.0,0.0,0.4465474486351013,-0.22986574470996857,-0.005393523257225752,-3.130979299545288,0.026288660243153572,3.130979299545288,0.026288660243153572,0.0,198.70501708984375,27.995670318603516
3093,62.34535598754883,0.5,0.0,0.0,0.45203909277915955,-0.2456277459859848,0.0033234888687729836,-3.1219286918640137,0.01781395450234413,3.1219286918640137,0.01781395450234413,0.0,213.53440856933594,27.995670318603516
3094,62.35693621635437,0.5,0.0,0.0,0.46087801456451416,-0.2631460726261139,-0.05659469962120056,-3.1151344776153564,0.010052721947431564,3.1151344776153564,0.010052721947431564,0.0,230.1453094482422,27.995670318603516
3095,62.38361644744873,0.5,0.0,0.0,0.4737686812877655,-0.2795169949531555,-0.10953826457262039,-3.112726926803589,0.002799695823341608,3.112726926803589,0.002799695823341608,0.0,235.445068359375,27.995670318603516
3096,62.39495372772217,0.5,0.0,0.0,0.48835042119026184,-0.2965024709701538,-0.11366579681634903,-3.112807035446167,-0.0038749289233237505,3.112807035446167,0.0038749289233237505,0.0,235.59536743164062,27.995670318603516
3097,62.42194080352783,0.5,0.0,0.0,0.5022876858711243,-0.31627315282821655,-0.09646996855735779,-3.11246919631958,-0.009213695302605629,3.11246919631958,0.009213695302605629,0.0,227.08901977539062,27.995670318603516
3098,62.433106899261475,0.5,0.0,0.0,0.5132636427879333,-0.33811450004577637,-0.10021603852510452,-3.110562324523926,-0.012094196863472462,3.110562324523926,0.012094196863472462,0.0,221.81057739257812,27.995670318603516
3099,62.46125340461731,0.5,0.0,0.0,0.5260807871818542,-0.3594609797000885,-0.1480627954006195,-3.1083390712738037,-0.012011864222586155,3.1083390712738037,0.012011864222586155,0.0,222.89393615722656,0.0
3100,62.472787857055664,0.5,0.0,0.0,0.5368000268936157,-0.33683404326438904,-0.16335661709308624,-3.11305832862854,-0.006717339623719454,3.11305832862854,0.006717339623719454,0.0,215.31939697265625,0.0
3101,62.50243544578552,0.5,0.0,0.0,0.5554875731468201,-0.31976577639579773,-0.1791592687368393,-3.1282875537872314,0.003333109198138118,3.1282875537872314,0.003333109198138118,0.0,191.6623992919922,0.0
3102,62.514124155044556,0.5,0.0,0.0,0.5724464654922485,-0.31007346510887146,-0.15282069146633148,3.1302294731140137,0.016387565061450005,3.1302294731140137,0.016387565061450005,0.0,129.6468963623047,0.0
3103,62.54168915748596,0.5,0.0,0.0,0.5744057297706604,-0.3038583993911743,-0.1509523242712021,3.098022699356079,0.034781888127326965,3.098022699356079,0.034781888127326965,0.0,0.35639292001724243,0.0
3104,62.5537474155426,0.5,0.0,0.0,0.5256698727607727,-0.2850985825061798,0.13348600268363953,3.0645833015441895,0.055395301431417465,3.0645833015441895,0.055395301431417465,186.04876708984375,0.0,0.0
3105,62.581361055374146,0.5,0.0,0.0,0.49764910340309143,-0.27355000376701355,0.12629251182079315,3.050377607345581,0.06377198547124863,3.050377607345581,0.06377198547124863,178.0274658203125,0.0,0.0
3106,62.592647075653076,0.5,0.0,0.0,0.46023380756378174,-0.2652207911014557,0.15835508704185486,3.0534255504608154,0.06633787602186203,3.0534255504608154,0.06633787602186203,207.39385986328125,0.0,0.0
3107,62.620299339294434,0.5,0.0,0.0,0.42058321833610535,-0.2559688091278076,0.17446523904800415,3.060415267944336,0.07255558669567108,3.060415267944336,0.07255558669567108,213.82589721679688,0.0,0.0
3108,62.63168692588806,0.5,0.0,0.0,0.38683807849884033,-0.2457556575536728,0.151886448264122,3.0619661808013916,0.08343778550624847,3.0619661808013916,0.08343778550624847,224.19671630859375,0.0,0.0
3109,62.65927839279175,0.5,0.0,0.0,0.36008772253990173,-0.23624570667743683,0.13640472292900085,3.0548861026763916,0.09597494453191757,3.0548861026763916,0.09597494453191757,216.9609375,0.0,0.0
3110,62.6728401184082,0.5,0.0,0.0,0.3370010256767273,-0.23165789246559143,0.26313725113868713,3.041219711303711,0.10810966789722443,3.041219711303711,0.10810966789722443,223.66558837890625,0.0,0.0
3111,62.70482540130615,0.5,0.0,0.0,0.32016488909721375,-0.2363387793302536,0.48796963691711426,3.0261106491088867,0.11951912939548492,3.0261106491088867,0.11951912939548492,230.47061157226562,0.0,0.0
3112,62.71653175354004,0.5,0.0,0.0,0.3090839087963104,-0.25148287415504456,0.5859423875808716,3.017040252685547,0.12685568630695343,3.017040252685547,0.12685568630695343,227.45314025878906,0.0,0.0
3113,62.744327545166016,0.5,0.0,0.0,0.3026633858680725,-0.26974838972091675,0.4960198700428009,3.0191125869750977,0.1304893046617508,3.0191125869750977,0.1304893046617508,218.04022216796875,0.0,0.0
3114,62.75666427612305,0.5,0.0,0.0,0.3203560411930084,-0.26850762963294983,0.14057426154613495,3.031200647354126,0.127937451004982,3.031200647354126,0.127937451004982,167.221923828125,106.97042083740234,0.0
3115,62.78312397003174,0.5,0.0,0.0,0.3326011598110199,-0.251116544008255,-0.08457457274198532,3.0456526279449463,0.11295970529317856,3.0456526279449463,0.11295970529317856,130.0935516357422,125.47222137451172,0.0
3116,62.79426670074463,0.5,0.0,0.0,0.32811522483825684,-0.21658757328987122,-0.12011825293302536,3.061795711517334,0.0965341329574585,3.061795711517334,0.0965341329574585,39.266544342041016,135.9193115234375,0.0
3117,62.82296824455261,0.5,0.0,0.0,0.3134895861148834,-0.16282281279563904,-0.012130007147789001,3.0731706619262695,0.08359069377183914,3.0731706619262695,0.08359069377183914,0.0,153.58746337890625,0.0
3118,62.83551621437073,0.5,0.0,0.0,0.3097594380378723,-0.11357558518648148,0.07448876649141312,3.0758986473083496,0.07421846687793732,3.0758986473083496,0.07421846687793732,0.0,143.82212829589844,0.0
3119,62.862502098083496,0.5,0.0,0.0,0.3147222697734833,-0.07194545120000839,0.12018998712301254,3.0772128105163574,0.06550963222980499,3.0772128105163574,0.06550963222980499,0.0,150.9142303466797,0.0
3120,62.87355399131775,0.5,0.0,0.0,0.3224477171897888,-0.030082032084465027,0.15649475157260895,3.080305576324463,0.056431856006383896,3.080305576324463,0.056431856006383896,0.0,162.8268585205078,0.0
3121,62.89926028251648,0.5,0.0,0.0,0.33258289098739624,0.013121925294399261,0.18781062960624695,3.0845439434051514,0.04748108610510826,3.0845439434051514,0.04748108610510826,0.0,172.35546875,0.0
3122,62.9161856174469,0.5,0.0,0.0,0.3456912338733673,0.057598575949668884,0.20976656675338745,3.089306116104126,0.03910084813833237,3.089306116104126,0.03910084813833237,0.0,178.37673950195312,0.0
3123,62.945109367370605,0.5,0.0,0.0,0.3607223331928253,0.10404379665851593,0.23757778108119965,3.0931053161621094,0.03119838796555996,3.0931053161621094,0.03119838796555996,0.0,176.16629028320312,0.0
3124,62.956748962402344,0.5,0.0,0.0,0.37756896018981934,0.14964036643505096,0.3310823440551758,3.0942344665527344,0.02465226501226425,3.0942344665527344,0.02465226501226425,0.0,155.29437255859375,0.0
3125,62.9836905002594,0.5,0.0,0.0,0.3711097836494446,0.1958054006099701,0.2105630338191986,3.093231678009033,0.02077503129839897,3.093231678009033,0.02077503129839897,261.4626159667969,155.425537109375,0.0
3126,62.994986057281494,0.5,0.0,0.0,0.38958117365837097,0.20682868361473083,0.17082461714744568,3.088127613067627,0.013491762802004814,3.088127613067627,0.013491762802004814,75.6956787109375,127.56935119628906,0.0
3127,63.021894693374634,0.5,0.0,0.0,0.3842821419239044,0.18649527430534363,0.12418793886899948,3.082698106765747,0.006869471166282892,3.082698106765747,0.006869471166282892,248.21835327148438,79.39595794677734,0.0
3128,63.03333854675293,0.5,0.0,0.0,0.3660614788532257,0.14048171043395996,0.08465971797704697,3.080552577972412,0.01002086978405714,3.080552577972412,0.01002086978405714,273.0683898925781,24.60112953186035,0.0
3129,63.060038328170776,0.5,0.0,0.0,0.352508544921875,0.08311209827661514,0.020971709862351418,3.0814907550811768,0.02197636477649212,3.0814907550811768,0.02197636477649212,259.7470703125,0.0,0.0
3130,63.07126259803772,0.5,0.0,0.0,0.35029637813568115,0.03330095857381821,-0.06043914705514908,3.0833444595336914,0.03330478072166443,3.0833444595336914,0.03330478072166443,221.18051147460938,0.0,0.0
3131,63.098604679107666,0.5,0.0,0.0,0.35483479499816895,-0.001692162360996008,-0.07570323348045349,3.081848382949829,0.04038023576140404,3.081848382949829,0.04038023576140404,189.6847686767578,0.0,0.0
3132,63.11012673377991,0.5,0.0,0.0,0.36025744676589966,-0.027280982583761215,-0.026535868644714355,3.079101085662842,0.04255644604563713,3.079101085662842,0.04255644604563713,163.6339111328125,0.0,0.0
3133,63.13679099082947,0.5,0.0,0.0,0.3631522059440613,-0.04791702702641487,-0.02301599457859993,3.0768327713012695,0.0420122928917408,3.0768327713012695,0.0420122928917408,148.79649353027344,0.0,0.0
3134,63.15030241012573,0.5,0.0,0.0,0.36597591638565063,-0.0665682777762413,-0.019541895017027855,3.0748367309570312,0.0403774119913578,3.0748367309570312,0.0403774119913578,154.34629821777344,0.0,0.0
3135,63.17664122581482,0.5,0.0,0.0,0.3699418604373932,-0.08556495606899261,0.008732620626688004,3.0729074478149414,0.03779670596122742,3.0729074478149414,0.03779670596122742,152.93190002441406,0.0,0.0
3136,63.18800711631775,0.5,0.0,0.0,0.37428605556488037,-0.10895222425460815,0.01691976748406887,3.0714306831359863,0.036203037947416306,3.0714306831359863,0.036203037947416306,159.8421630859375,0.0,0.0
3137,63.21698498725891,0.5,0.0,0.0,0.3820551931858063,-0.13867738842964172,-0.05779276788234711,3.071215867996216,0.035278573632240295,3.071215867996216,0.035278573632240295,167.35977172851562,0.0,0.0
3138,63.234060764312744,0.5,0.0,0.0,0.394779771566391,-0.16962498426437378,-0.09852049499750137,3.0735535621643066,0.03386107459664345,3.0735535621643066,0.03386107459664345,173.25332641601562,0.0,0.0
3139,63.26565742492676,0.5,0.0,0.0,0.40889662504196167,-0.1975221037864685,-0.018374377861618996,3.0818045139312744,0.03312951326370239,3.0818045139312744,0.03312951326370239,154.495849609375,0.0,38.708763122558594
3140,63.278711557388306,0.5,0.0,0.0,0.4067378640174866,-0.2616778314113617,-0.1837928593158722,3.098869562149048,0.036164913326501846,3.098869562149048,0.036164913326501846,115.3284683227539,163.3721923828125,38.708763122558594
3141,63.30710744857788,0.5,0.0,0.0,0.39419618248939514,-0.28874853253364563,-0.28724414110183716,3.1178064346313477,0.0392678938806057,3.1178064346313477,0.0392678938806057,9.417678833007812,218.98739624023438,38.708763122558594
3142,63.3186457157135,0.5,0.0,0.0,0.3734864890575409,-0.28526771068573,-0.2768629193305969,3.1297454833984375,0.04584253951907158,3.1297454833984375,0.04584253951907158,0.0,238.52760314941406,38.708763122558594
3143,63.345458984375,0.5,0.0,0.0,0.3716009259223938,-0.2894366681575775,-0.27816885709762573,3.1318774223327637,0.051244646310806274,3.1318774223327637,0.051244646310806274,0.0,225.42025756835938,38.708763122558594
3144,63.357192516326904,0.5,0.0,0.0,0.37670260667800903,-0.30575457215309143,-0.3213405907154083,3.130208730697632,0.053961750119924545,3.130208730697632,0.053961750119924545,0.0,216.77215576171875,38.708763122558594
3145,63.38376784324646,0.5,0.0,0.0,0.3786368668079376,-0.32814398407936096,-0.3679684102535248,3.1303822994232178,0.05596929043531418,3.1303822994232178,0.05596929043531418,0.0,207.0294647216797,38.708763122558594
3146,63.39553236961365,0.5,0.0,0.0,0.37470734119415283,-0.35172152519226074,-0.412049263715744,3.1344478130340576,0.06020275503396988,3.1344478130340576,0.06020275503396988,0.0,205.0779571533203,38.708763122558594
3147,63.422730445861816,0.5,0.0,0.0,0.3694077134132385,-0.3743005394935608,-0.48464787006378174,3.1402854919433594,0.06865571439266205,3.1402854919433594,0.06865571439266205,0.0,222.6043701171875,38.708763122558594
3148,63.43385577201843,0.5,0.0,0.0,0.36909201741218567,-0.39531195163726807,-0.5904499888420105,-3.138065814971924,0.08133801817893982,3.138065814971924,0.08133801817893982,0.0,232.23419189453125,38.708763122558594
3149,63.46038055419922,0.5,0.0,0.0,0.3780277669429779,-0.41280800104141235,-0.731531023979187,-3.137228488922119,0.09691041707992554,3.137228488922119,0.09691041707992554,0.0,260.3788757324219,0.0
3150,63.471460580825806,0.5,0.0,0.0,0.42062416672706604,-0.38044023513793945,-0.8012688159942627,3.1357948780059814,0.10766791552305222,3.1357948780059814,0.10766791552305222,0.0,263.28216552734375,0.0
3151,63.49764275550842,0.5,0.0,0.0,0.46137893199920654,-0.35771411657333374,-0.8351176977157593,3.112919330596924,0.11098641157150269,3.112919330596924,0.11098641157150269,0.0,227.80116271972656,0.0
3152,63.509148836135864,0.5,0.0,0.0,0.4896312654018402,-0.34710487723350525,-0.8515858054161072,3.0848684310913086,0.11196255683898926,3.0848684310913086,0.11196255683898926,0.0,167.0147247314453,0.0
3153,63.53672742843628,0.5,0.0,0.0,0.5018581748008728,-0.3390355408191681,-0.8811711668968201,3.0603818893432617,0.11739388853311539,3.0603818893432617,0.11739388853311539,0.0,83.5509262084961,0.0
3154,63.548346757888794,0.5,0.0,0.0,0.46318623423576355,-0.3063071370124817,-0.6869361996650696,3.040570020675659,0.1295328438282013,3.040570020675659,0.1295328438282013,456.7275085449219,0.0,0.0
3155,63.577988624572754,0.5,0.0,0.0,0.45196428894996643,-0.3054547905921936,-0.6147890090942383,3.03389310836792,0.13169363141059875,3.03389310836792,0.13169363141059875,64.74090576171875,0.0,0.0
3156,63.590407609939575,0.5,0.0,0.0,0.4381161034107208,-0.30711761116981506,-0.5345794558525085,3.045006275177002,0.11965131759643555,3.045006275177002,0.11965131759643555,156.44793701171875,0.0,0.0
3157,63.621891260147095,0.5,0.0,0.0,0.41523289680480957,-0.310927152633667,-0.46833962202072144,3.066793918609619,0.10417455434799194,3.066793918609619,0.10417455434799194,153.00433349609375,0.0,0.0
3158,63.63407278060913,0.5,0.0,0.0,0.3923708200454712,-0.3165017068386078,-0.49224525690078735,3.091334819793701,0.0935334861278534,3.091334819793701,0.0935334861278534,176.55511474609375,0.0,0.0
3159,63.660587787628174,0.5,0.0,0.0,0.3765873312950134,-0.3196730315685272,-0.5748037099838257,3.1123433113098145,0.08721596747636795,3.1123433113098145,0.08721596747636795,185.2607879638672,0.0,0.0
3160,63.67172122001648,0.5,0.0,0.0,0.3636611998081207,-0.31947818398475647,-0.7017278671264648,3.1272988319396973,0.08440202474594116,3.1272988319396973,0.08440202474594116,182.38092041015625,0.0,0.0
3161,63.69866323471069,0.5,0.0,0.0,0.3565242290496826,-0.31627780199050903,-0.7271729707717896,3.134923219680786,0.08385884761810303,3.134923219680786,0.08385884761810303,177.42581176757812,0.0,0.0
3162,63.7098913192749,0.5,0.0,0.0,0.35873037576675415,-0.3123825490474701,-0.48008012771606445,3.1353001594543457,0.08336003124713898,3.1353001594543457,0.08336003124713898,164.09375,0.0,0.0
3163,63.737483978271484,0.5,0.0,0.0,0.3557988405227661,-0.32263845205307007,-0.1227581799030304,3.1290316581726074,0.08037910610437393,3.1290316581726074,0.08037910610437393,140.3242645263672,139.03213500976562,0.0
3164,63.75389742851257,0.5,0.0,0.0,0.3709510862827301,-0.3043488562107086,-0.05060321092605591,3.1236727237701416,0.07312804460525513,3.1236727237701416,0.07312804460525513,133.52252197265625,182.97439575195312,0.0
3165,63.78368377685547,0.5,0.0,0.0,0.38285213708877563,-0.27219364047050476,-0.049058884382247925,3.1242001056671143,0.06545475125312805,3.1242001056671143,0.06545475125312805,112.158203125,229.08444213867188,0.0
3166,63.79485893249512,0.5,0.0,0.0,0.3914650082588196,-0.217054545879364,-0.03972424566745758,3.127995729446411,0.06427592784166336,3.127995729446411,0.06427592784166336,4.164667129516602,262.8106689453125,0.0
3167,63.83428883552551,0.5,0.0,0.0,0.4071696698665619,-0.1463952213525772,-0.011260652914643288,3.122819662094116,0.06518971174955368,3.122819662094116,0.06518971174955368,0.0,247.87094116210938,0.0
3168,63.84745192527771,0.5,0.0,0.0,0.43475860357284546,-0.09014207124710083,0.05427536740899086,3.1119651794433594,0.05909173935651779,3.1119651794433594,0.05909173935651779,0.0,216.4960174560547,0.0
3169,63.8750159740448,0.5,0.0,0.0,0.45861679315567017,-0.04820679500699043,0.15825492143630981,3.103209972381592,0.04943031817674637,3.103209972381592,0.04943031817674637,0.0,180.5386505126953,0.0
3170,63.886215925216675,0.5,0.0,0.0,0.4793221056461334,-0.014668845571577549,0.23774439096450806,3.1008682250976562,0.04188860207796097,3.1008682250976562,0.04188860207796097,0.0,155.23919677734375,0.0
3171,63.914220571517944,0.5,0.0,0.0,0.4959850609302521,0.016961414366960526,0.29105961322784424,3.1046111583709717,0.035409845411777496,3.1046111583709717,0.035409845411777496,0.0,146.1433868408203,0.0
3172,63.92534899711609,0.5,0.0,0.0,0.5128293633460999,0.04533706605434418,0.31975847482681274,3.1112725734710693,0.029301399365067482,3.1112725734710693,0.029301399365067482,0.0,140.6927490234375,0.0
3173,63.95196199417114,0.5,0.0,0.0,0.5306641459465027,0.07232141494750977,0.3049297034740448,3.118262767791748,0.022355465218424797,3.118262767791748,0.022355465218424797,0.0,143.4291534423828,0.0
3174,63.96300673484802,0.5,0.0,0.0,0.5491331815719604,0.1002487912774086,0.254418283700943,3.1238341331481934,0.014766314998269081,3.1238341331481934,0.014766314998269081,0.0,138.60476684570312,0.0
3175,63.99193501472473,0.5,0.0,0.0,0.5685213804244995,0.12898820638656616,0.19859611988067627,3.1291213035583496,0.008854544721543789,3.1291213035583496,0.008854544721543789,0.0,130.1071319580078,0.0
3176,64.00846314430237,0.5,0.0,0.0,0.5853632688522339,0.15392714738845825,0.1487472951412201,3.1326546669006348,0.006671975366771221,3.1326546669006348,0.006671975366771221,0.0,116.46393585205078,0.0
3177,64.03718852996826,0.5,0.0,0.0,0.5783710479736328,0.17253702878952026,0.2710099220275879,3.1301794052124023,0.0016064202645793557,3.1301794052124023,0.0016064202645793557,181.78269958496094,74.23908996582031,0.0
3178,64.04855632781982,0.5,0.0,0.0,0.5558537840843201,0.15219908952713013,0.23808421194553375,3.1287968158721924,-0.0056346384808421135,3.1287968158721924,0.0056346384808421135,245.66522216796875,19.553081512451172,0.0
3179,64.07688188552856,0.5,0.0,0.0,0.512294590473175,0.11191105097532272,0.05783474072813988,3.1257264614105225,-0.002300973515957594,3.1257264614105225,0.002300973515957594,278.5259704589844,0.0,37.301856994628906
3180,64.08825826644897,0.5,0.0,0.0,0.5113057494163513,0.06009321287274361,-0.1505386084318161,3.1191844940185547,0.0077565680257976055,3.1191844940185547,0.0077565680257976055,278.6677551269531,0.0,37.301856994628906
3181,64.11528825759888,0.5,0.0,0.0,0.5278455018997192,0.012868372723460197,-0.1993962526321411,3.113131523132324,0.01818784512579441,3.113131523132324,0.01818784512579441,266.81451416015625,0.0,37.301856994628906
3182,64.12624096870422,0.5,0.0,0.0,0.5552592873573303,-0.03227970004081726,-0.16628219187259674,3.1112098693847656,0.024734824895858765,3.1112098693847656,0.024734824895858765,247.77548217773438,0.0,37.301856994628906
3183,64.15410804748535,0.5,0.0,0.0,0.5875427722930908,-0.07274002581834793,-0.16348016262054443,3.1119797229766846,0.0273287333548069,3.1119797229766846,0.0273287333548069,221.7540283203125,0.0,37.301856994628906
3184,64.16778182983398,0.5,0.0,0.0,0.6237685680389404,-0.10701680183410645,-0.19328318536281586,3.1121914386749268,0.026279998943209648,3.1121914386749268,0.026279998943209648,197.3530731201172,0.0,37.301856994628906
3185,64.19679474830627,0.5,0.0,0.0,0.6617900729179382,-0.1383965164422989,-0.2740332782268524,3.1107590198516846,0.021655874326825142,3.1107590198516846,0.021655874326825142,174.51626586914062,0.0,37.301856994628906
3186,64.21705889701843,0.5,0.0,0.0,0.6976580619812012,-0.1658298820257187,-0.42118698358535767,3.1069693565368652,0.014489593915641308,3.1069693565368652,0.014489593915641308,142.92234802246094,0.0,37.301856994628906
3187,64.24454355239868,0.5,0.0,0.0,0.7323626279830933,-0.1865280717611313,-0.5549134016036987,3.1003904342651367,0.006445556413382292,3.1003904342651367,0.006445556413382292,126.04714965820312,0.0,37.301856994628906
3188,64.2579083442688,0.5,0.0,0.0,0.771492600440979,-0.2038685828447342,-0.62586510181427,3.0939524173736572,-0.0014389927964657545,3.0939524173736572,0.0014389927964657545,122.04617309570312,0.0,37.301856994628906
3189,64.2856867313385,0.5,0.0,0.0,0.8161886930465698,-0.21978403627872467,-0.5907702445983887,3.0929276943206787,-0.007284066174179316,3.0929276943206787,0.007284066174179316,120.39140319824219,0.0,61.374080657958984
3190,64.29682636260986,0.5,0.0,0.0,0.871860682964325,-0.2666849195957184,-0.5023311972618103,3.1030056476593018,-0.011942663230001926,3.1030056476593018,0.011942663230001926,66.25047302246094,135.56101989746094,61.374080657958984
3191,64.32383799552917,0.5,0.0,0.0,0.8887048959732056,-0.27962008118629456,-0.2882179617881775,3.1167962551116943,-0.02101997472345829,3.1167962551116943,0.02101997472345829,0.0,202.4512481689453,61.374080657958984
3192,64.3349096775055,0.5,0.0,0.0,0.8948439359664917,-0.2880719006061554,-0.01696961000561714,3.1285853385925293,-0.019911648705601692,3.1285853385925293,0.019911648705601692,0.0,243.18600463867188,61.374080657958984
3193,64.36199116706848,0.5,0.0,0.0,0.9178948998451233,-0.3124179542064667,-0.002958544297143817,3.1356759071350098,-0.005753260105848312,3.1356759071350098,0.005753260105848312,0.0,278.4844665527344,61.374080657958984
3194,64.37332224845886,0.5,0.0,0.0,0.9651283621788025,-0.34203287959098816,-0.1534111201763153,3.13720440864563,0.012998437508940697,3.13720440864563,0.012998437508940697,0.0,299.0421142578125,61.374080657958984
3195,64.39990639686584,0.5,0.0,0.0,1.025641918182373,-0.36656975746154785,-0.28391027450561523,3.1312224864959717,0.02585568279027939,3.1312224864959717,0.02585568279027939,0.0,288.9433288574219,61.374080657958984
3196,64.4109935760498,0.5,0.0,0.0,1.087836742401123,-0.3927629292011261,-0.3465190529823303,3.1199376583099365,0.02860395424067974,3.1199376583099365,0.02860395424067974,0.0,245.34718322753906,61.374080657958984
3197,64.4380350112915,0.5,0.0,0.0,1.1380623579025269,-0.42423614859580994,-0.36628878116607666,3.1085145473480225,0.02295338176190853,3.1085145473480225,0.02295338176190853,0.0,181.79977416992188,61.374080657958984
3198,64.44938850402832,0.5,0.0,0.0,1.1777174472808838,-0.4558213949203491,-0.4171416759490967,3.104795217514038,0.016353191807866096,3.104795217514038,0.016353191807866096,0.0,128.83062744140625,61.374080657958984
3199,64.47707486152649,0.5,0.0,0.0,1.2134078741073608,-0.4797624349594116,-0.5027468204498291,3.1130926609039307,0.01442412007600069,3.1130926609039307,0.01442412007600069,0.0,91.71730041503906,36.85557556152344
3200,64.48830795288086,0.5,0.0,0.0,1.160752296447754,-0.41993868350982666,-0.42240673303604126,3.1246137619018555,0.023573633283376694,3.1246137619018555,0.023573633283376694,0.0,59.48066711425781,36.85557556152344
3201,64.51443004608154,0.5,0.0,0.0,1.0887240171432495,-0.37230750918388367,-0.2435300052165985,3.125516414642334,0.05201960355043411,3.125516414642334,0.05201960355043411,0.0,0.0,36.85557556152344
3202,64.52514433860779,0.5,0.0,0.0,0.9813864231109619,-0.33638057112693787,-0.4566314220428467,3.112579822540283,0.10222258418798447,3.112579822540283,0.10222258418798447,0.0,0.0,36.85557556152344
3203,64.55167531967163,0.5,0.0,0.0,0.8425263166427612,-0.28874021768569946,-0.003245413303375244,3.1028645038604736,0.14760911464691162,3.1028645038604736,0.14760911464691162,490.37408447265625,0.0,36.85557556152344
3204,64.5630099773407,0.5,0.0,0.0,0.6945763230323792,-0.2568439245223999,0.307558536529541,3.0985729694366455,0.17751556634902954,3.0985729694366455,0.17751556634902954,277.1938781738281,162.12672424316406,36.85557556152344
3205,64.5903251171112,0.5,0.0,0.0,0.5744919180870056,-0.23182426393032074,0.18895919620990753,3.1077470779418945,0.17280903458595276,3.1077470779418945,0.17280903458595276,313.70538330078125,54.520164489746094,36.85557556152344
3206,64.60169053077698,0.5,0.0,0.0,0.412005215883255,-0.20069201290607452,-0.2837866544723511,3.1299564838409424,0.13651350140571594,3.1299564838409424,0.13651350140571594,295.1397705078125,0.0,36.85557556152344
3207,64.62868690490723,0.5,0.0,0.0,0.21117788553237915,-0.15950463712215424,-0.484605073928833,-3.129882335662842,0.11206944286823273,3.129882335662842,0.11206944286823273,256.4576416015625,0.0,36.85557556152344
3208,64.63971376419067,0.5,0.0,0.0,0.029852336272597313,-0.1196717917919159,-0.23461365699768066,-3.1152586936950684,0.12297015637159348,3.1152586936950684,0.12297015637159348,201.2794189453125,0.0,36.85557556152344
3209,64.66847109794617,0.5,0.0,0.0,-0.1126713752746582,-0.0848643034696579,0.07534125447273254,-3.1139442920684814,0.15369164943695068,3.1139442920684814,0.15369164943695068,188.68545532226562,0.0,0.0
3210,64.681631565094,0.5,0.0,0.0,-0.19747482240200043,-0.07844813913106918,0.28802797198295593,-3.120882511138916,0.1790563315153122,3.120882511138916,0.1790563315153122,179.02037048339844,0.0,0.0
3211,64.70935249328613,0.5,0.0,0.0,-0.2728534936904907,-0.07088558375835419,0.361229807138443,-3.129997491836548,0.19083136320114136,3.129997491836548,0.19083136320114136,139.4541473388672,0.0,0.0
3212,64.7203962802887,0.5,0.0,0.0,-0.3394928276538849,-0.06162130832672119,0.3707994818687439,-3.139521360397339,0.19103005528450012,3.139521360397339,0.19103005528450012,92.01213073730469,0.0,0.0
3213,64.74832653999329,0.5,0.0,0.0,-0.3614061176776886,-0.029087834060192108,0.6688762307167053,3.1337547302246094,0.18257977068424225,3.1337547302246094,0.18257977068424225,27.69577407836914,96.85102081298828,0.0
3214,64.7606508731842,0.5,0.0,0.0,-0.3311069905757904,0.007194783538579941,0.8762385845184326,3.118835926055908,0.17548152804374695,3.118835926055908,0.17548152804374695,11.834342956542969,251.00157165527344,0.0
3215,64.78960490226746,0.5,0.0,0.0,-0.273331880569458,0.0292308758944273,0.6563650369644165,3.10109543800354,0.1701929122209549,3.10109543800354,0.1701929122209549,10.201676368713379,272.6576232910156,0.0
3216,64.80110597610474,0.5,0.0,0.0,-0.20832139253616333,0.03937707096338272,0.21396782994270325,3.085730791091919,0.16423457860946655,3.085730791091919,0.16423457860946655,0.0,277.9940185546875,0.0
3217,64.82841086387634,0.5,0.0,0.0,-0.14497633278369904,0.054742779582738876,-0.10429302603006363,3.0721285343170166,0.15345381200313568,3.0721285343170166,0.15345381200313568,0.0,274.81011962890625,0.0
3218,64.84014105796814,0.5,0.0,0.0,-0.09705803543329239,0.07709629088640213,-0.2022799849510193,3.0597503185272217,0.13846427202224731,3.0597503185272217,0.13846427202224731,0.0,256.4769592285156,0.0
3219,64.86695981025696,0.5,0.0,0.0,-0.05860351398587227,0.10473164916038513,-0.14219968020915985,3.0490989685058594,0.12500791251659393,3.0490989685058594,0.12500791251659393,0.0,248.9328155517578,0.0
3220,64.87807130813599,0.5,0.0,0.0,-0.0199629794806242,0.13263428211212158,-0.03417161852121353,3.0422120094299316,0.11678106337785721,3.0422120094299316,0.11678106337785721,0.0,254.5478057861328,0.0
3221,64.90443205833435,0.5,0.0,0.0,0.0157605092972517,0.15801173448562622,0.054607585072517395,3.0412371158599854,0.11229520291090012,3.0412371158599854,0.11229520291090012,0.0,225.1412353515625,0.0
3222,64.9157075881958,0.5,0.0,0.0,0.039915915578603745,0.1819949597120285,0.04622703045606613,3.046457529067993,0.11128611117601395,3.046457529067993,0.11128611117601395,0.0,193.95416259765625,0.0
3223,64.94166731834412,0.5,0.0,0.0,0.05297192186117172,0.2095419466495514,-0.09323617815971375,3.056023359298706,0.11397909373044968,3.056023359298706,0.11397909373044968,0.0,169.10830688476562,0.0
3224,64.95265555381775,0.5,0.0,0.0,0.06675436347723007,0.24322086572647095,-0.23640023171901703,3.0641608238220215,0.11664175242185593,3.0641608238220215,0.11664175242185593,0.0,159.16432189941406,0.0
3225,64.9794511795044,0.5,0.0,0.0,0.08394359797239304,0.27848300337791443,-0.3096994459629059,3.0666663646698,0.1131976768374443,3.0666663646698,0.1131976768374443,0.0,141.48654174804688,0.0
3226,64.99095034599304,0.5,0.0,0.0,0.10525117069482803,0.3062504827976227,-0.2609947621822357,3.064779758453369,0.10097993910312653,3.064779758453369,0.10097993910312653,0.0,109.23340606689453,0.0
3227,65.02166056632996,0.5,0.0,0.0,0.13174356520175934,0.31395113468170166,-0.14960947632789612,3.0631766319274902,0.08411788940429688,3.0631766319274902,0.08411788940429688,0.0,86.55025482177734,0.0
3228,65.03613042831421,0.5,0.0,0.0,0.14194640517234802,0.30817949771881104,0.07430876791477203,3.0648789405822754,0.07047966122627258,3.0648789405822754,0.07047966122627258,305.6968688964844,62.48564147949219,0.0
3229,65.06346368789673,0.5,0.0,0.0,0.15674741566181183,0.26591023802757263,0.19008418917655945,3.071639060974121,0.061516549438238144,3.071639060974121,0.061516549438238144,183.84938049316406,20.052946090698242,0.0
3230,65.07664823532104,0.5,0.0,0.0,0.16656558215618134,0.21708671748638153,0.16692210733890533,3.0817906856536865,0.05601221323013306,3.0817906856536865,0.05601221323013306,176.80569458007812,0.0,0.0
3231,65.10533213615417,0.5,0.0,0.0,0.17761750519275665,0.1728859543800354,0.12903937697410583,3.091053009033203,0.0517764613032341,3.091053009033203,0.0517764613032341,173.07147216796875,0.0,0.0
3232,65.1160798072815,0.5,0.0,0.0,0.1970120668411255,0.13246135413646698,0.1398473083972931,3.095231533050537,0.04641632363200188,3.095231533050537,0.04641632363200188,189.4249267578125,0.0,0.0
3233,65.14268660545349,0.5,0.0,0.0,0.2187018096446991,0.089307501912117,0.1765233874320984,3.0959203243255615,0.039310961961746216,3.0959203243255615,0.039310961961746216,197.09202575683594,0.0,0.0
3234,65.15363574028015,0.5,0.0,0.0,0.24163925647735596,0.03638095408678055,0.14162692427635193,3.095402479171753,0.03351942449808121,3.095402479171753,0.03351942449808121,220.2321319580078,0.0,0.0
3235,65.18009781837463,0.5,0.0,0.0,0.2687363624572754,-0.026373574510216713,0.05891459435224533,3.0968611240386963,0.030225083231925964,3.0968611240386963,0.030225083231925964,241.67298889160156,0.0,0.0
3236,65.19161367416382,0.5,0.0,0.0,0.3012566566467285,-0.09263450652360916,-0.026048146188259125,3.101670265197754,0.028807317838072777,3.101670265197754,0.028807317838072777,243.44320678710938,0.0,0.0
3237,65.21840953826904,0.5,0.0,0.0,0.3353351652622223,-0.1526603102684021,-0.09083003550767899,3.1074962615966797,0.027799539268016815,3.1074962615966797,0.027799539268016815,222.7471160888672,0.0,0.0
3238,65.23063683509827,0.5,0.0,0.0,0.3681057393550873,-0.19910621643066406,-0.09243748337030411,3.1121318340301514,0.026659123599529266,3.1121318340301514,0.026659123599529266,194.1480712890625,0.0,0.0
3239,65.25876092910767,0.5,0.0,0.0,0.39723867177963257,-0.22707292437553406,0.010879847221076488,3.1165947914123535,0.025996360927820206,3.1165947914123535,0.025996360927820206,144.04791259765625,0.0,50.533538818359375
3240,65.26980423927307,0.5,0.0,0.0,0.4350254237651825,-0.2052927166223526,0.3241432309150696,3.12365460395813,0.029102832078933716,3.12365460395813,0.029102832078933716,88.90184020996094,0.0,50.533538818359375
3241,65.29578828811646,0.5,0.0,0.0,0.4817361831665039,-0.15366311371326447,0.2701999843120575,3.1321027278900146,0.030404264107346535,3.1321027278900146,0.030404264107346535,17.840776443481445,188.5495147705078,50.533538818359375
3242,65.30642247200012,0.5,0.0,0.0,0.5079144835472107,-0.07996205240488052,0.16046324372291565,3.135910749435425,0.024067675694823265,3.135910749435425,0.024067675694823265,0.0,213.40179443359375,50.533538818359375
3243,65.3326199054718,0.5,0.0,0.0,0.539351761341095,0.0011789437849074602,0.25503307580947876,3.1305246353149414,0.01217480655759573,3.1305246353149414,0.01217480655759573,0.0,209.07550048828125,50.533538818359375
3244,65.34425568580627,0.5,0.0,0.0,0.5864314436912537,0.07864051312208176,0.49615514278411865,3.1172573566436768,0.0012214239686727524,3.1172573566436768,0.0012214239686727524,0.0,214.25729370117188,50.533538818359375
3245,65.37165331840515,0.5,0.0,0.0,0.6456412672996521,0.15331625938415527,0.7615954875946045,3.1025400161743164,-0.0075511992909014225,3.1025400161743164,0.0075511992909014225,0.0,230.63690185546875,50.533538818359375
3246,65.38542222976685,0.5,0.0,0.0,0.7148981690406799,0.22679069638252258,1.0231298208236694,3.091602325439453,-0.014862480573356152,3.091602325439453,0.014862480573356152,0.0,242.29232788085938,50.533538818359375
3247,65.41372156143188,0.5,0.0,0.0,0.7928764820098877,0.2928282916545868,1.219675898551941,3.086576461791992,-0.022090749815106392,3.086576461791992,0.022090749815106392,0.0,229.7421875,50.533538818359375
3248,65.42495727539062,0.5,0.0,0.0,0.8601087927818298,0.35065728425979614,1.431325912475586,3.087585210800171,-0.0315852127969265,3.087585210800171,0.0315852127969265,0.0,191.77664184570312,50.533538818359375
3249,65.45252633094788,0.5,0.0,0.0,0.9170207977294922,0.3920251429080963,1.698163390159607,3.092703342437744,-0.03947696089744568,3.092703342437744,0.03947696089744568,0.0,141.65771484375,20.427997589111328
3250,65.46321415901184,0.5,0.0,0.0,0.9715934991836548,0.3950153589248657,1.7804220914840698,3.1006648540496826,-0.04876567795872688,3.1006648540496826,0.04876567795872688,0.0,102.13131713867188,20.427997589111328
3251,65.48886895179749,0.5,0.0,0.0,1.0180037021636963,0.39047929644584656,1.5998057126998901,3.111496925354004,-0.059370383620262146,3.111496925354004,0.059370383620262146,0.0,69.32325744628906,20.427997589111328
3252,65.50606656074524,0.5,0.0,0.0,1.0545042753219604,0.3656913638114929,1.0380027294158936,3.1229910850524902,-0.06401727348566055,3.1229910850524902,0.06401727348566055,0.0,42.4593505859375,20.427997589111328
3253,65.53243708610535,0.5,0.0,0.0,1.002537727355957,0.3662450611591339,0.2159036099910736,3.1231141090393066,-0.07318685948848724,3.1231141090393066,0.07318685948848724,0.0,0.0,20.427997589111328
3254,65.54322457313538,0.5,0.0,0.0,0.9433267712593079,0.28806278109550476,-0.1421918272972107,3.121805191040039,-0.08487830311059952,3.121805191040039,0.08487830311059952,208.00196838378906,0.0,20.427997589111328
3255,65.56940507888794,0.5,0.0,0.0,0.8597118258476257,0.21455775201320648,-0.17377814650535583,3.1192524433135986,-0.07171633839607239,3.1192524433135986,0.07171633839607239,399.374755859375,0.0,20.427997589111328
3256,65.5804181098938,0.5,0.0,0.0,0.8249459266662598,0.15221187472343445,-0.004633055999875069,3.122689723968506,-0.04218740016222,3.122689723968506,0.04218740016222,366.282470703125,0.0,20.427997589111328
3257,65.60745596885681,0.5,0.0,0.0,0.8388100862503052,0.10896576941013336,0.12119230628013611,3.133664846420288,-0.0115467244759202,3.133664846420288,0.0115467244759202,292.1263122558594,0.0,20.427997589111328
3258,65.61823320388794,0.5,0.0,0.0,0.87704998254776,0.08898451179265976,0.14153559505939484,-3.1391894817352295,0.010014137253165245,3.1391894817352295,0.010014137253165245,210.39352416992188,0.0,20.427997589111328
3259,65.64522385597229,0.5,0.0,0.0,0.9151970148086548,0.08391650766134262,0.11232595890760422,-3.1373870372772217,0.01952451467514038,3.1373870372772217,0.01952451467514038,150.2869415283203,0.0,0.0
3260,65.65612888336182,0.5,0.0,0.0,0.9136900901794434,0.06113138422369957,0.06741467863321304,-3.1406452655792236,0.024687886238098145,3.1406452655792236,0.024687886238098145,112.30233001708984,0.0,0.0
3261,65.68275475502014,0.5,0.0,0.0,0.9101611971855164,0.04091811925172806,0.029919464141130447,3.137648582458496,0.031080154702067375,3.137648582458496,0.031080154702067375,100.78540802001953,0.0,0.0
3262,65.6946108341217,0.5,0.0,0.0,0.9070178866386414,0.020833468064665794,0.02582203969359398,3.133955240249634,0.039274029433727264,3.133955240249634,0.039274029433727264,96.6747055053711,0.0,0.0
3263,65.7210636138916,0.5,0.0,0.0,0.8908928632736206,0.01731305941939354,0.10707816481590271,3.1352076530456543,0.051922526210546494,3.1352076530456543,0.051922526210546494,0.0,0.0,0.0
3264,65.73195958137512,0.5,0.0,0.0,0.8895639181137085,0.015358030796051025,0.3150325119495392,-3.135887861251831,0.07410833984613419,3.135887861251831,0.07410833984613419,0.0,399.63494873046875,0.0
3265,65.75901365280151,0.5,0.0,0.0,0.9015827178955078,0.025880519300699234,0.1729723960161209,-3.1259050369262695,0.07403729110956192,3.1259050369262695,0.07403729110956192,0.0,229.58636474609375,0.0
3266,65.77041244506836,0.5,0.0,0.0,0.8717169761657715,0.05031871423125267,0.10623346269130707,-3.12453031539917,0.05117059871554375,3.12453031539917,0.05117059871554375,0.0,242.06698608398438,0.0
3267,65.79856443405151,0.5,0.0,0.0,0.7910006046295166,0.08036631345748901,0.2345498651266098,-3.1339714527130127,0.030540337786078453,3.1339714527130127,0.030540337786078453,0.0,221.60516357421875,0.0
3268,65.80973172187805,0.5,0.0,0.0,0.6996912360191345,0.10078079998493195,0.3978191912174225,3.1286332607269287,0.0316581130027771,3.1286332607269287,0.0316581130027771,0.0,189.2935333251953,0.0
3269,65.83664560317993,0.5,0.0,0.0,0.6283476948738098,0.10704326629638672,0.3485688865184784,3.1016287803649902,0.05783923715353012,3.1016287803649902,0.05783923715353012,0.0,167.28501892089844,0.0
3270,65.8484525680542,0.5,0.0,0.0,0.5856972932815552,0.11260825395584106,0.04374682903289795,3.0765392780303955,0.09779582917690277,3.0765392780303955,0.09779582917690277,0.0,163.52674865722656,0.0
3271,65.8767602443695,0.5,0.0,0.0,0.5373491048812866,0.12826192378997803,-0.2424241602420807,3.059032440185547,0.12576249241828918,3.059032440185547,0.12576249241828918,0.0,122.11253356933594,0.0
3272,65.88901829719543,0.5,0.0,0.0,0.5013254880905151,0.10011836886405945,-0.015605026856064796,3.0585272312164307,0.127991184592247,3.0585272312164307,0.127991184592247,149.74903869628906,31.912273406982422,0.0
3273,65.91574668884277,0.5,0.0,0.0,0.4240661561489105,0.06332731246948242,0.02842596545815468,3.0787971019744873,0.12548010051250458,3.0787971019744873,0.12548010051250458,225.93946838378906,0.0,0.0
3274,65.92624926567078,0.5,0.0,0.0,0.3446054458618164,0.03221844881772995,-0.04288791865110397,3.1067054271698,0.1326846033334732,3.1067054271698,0.1326846033334732,201.8870391845703,0.0,0.0
3275,65.95452308654785,0.5,0.0,0.0,0.2786283791065216,0.009989234618842602,-0.1597936451435089,3.1295766830444336,0.14813536405563354,3.1295766830444336,0.14813536405563354,196.3478546142578,0.0,0.0
3276,65.96633291244507,0.5,0.0,0.0,0.22681130468845367,-0.005909574218094349,-0.22397923469543457,-3.141270399093628,0.16421109437942505,3.141270399093628,0.16421109437942505,186.61529541015625,0.0,0.0
3277,65.99316096305847,0.5,0.0,0.0,0.18352222442626953,-0.01939552277326584,-0.17912615835666656,-3.137749671936035,0.1748839020729065,3.137749671936035,0.1748839020729065,178.9155731201172,0.0,0.0
3278,66.00392603874207,0.5,0.0,0.0,0.14203619956970215,-0.033787138760089874,-0.11370756477117538,-3.1395528316497803,0.17952333390712738,3.1395528316497803,0.17952333390712738,162.30514526367188,0.0,0.0
3279,66.03185820579529,0.5,0.0,0.0,0.09877657890319824,-0.050299160182476044,-0.06562013924121857,3.1403536796569824,0.1796628087759018,3.1403536796569824,0.1796628087759018,153.82815551757812,0.0,0.0
3280,66.04284906387329,0.5,0.0,0.0,0.05460546910762787,-0.06872739642858505,-0.07791149616241455,3.1362216472625732,0.17682577669620514,3.1362216472625732,0.17682577669620514,151.5611114501953,0.0,0.0
3281,66.06981635093689,0.5,0.0,0.0,0.009043282829225063,-0.08820153027772903,-0.07690178602933884,3.1310904026031494,0.17360244691371918,3.1310904026031494,0.17360244691371918,157.01194763183594,0.0,0.0
3282,66.0805549621582,0.5,0.0,0.0,-0.036135923117399216,-0.10759326070547104,0.004166138358414173,3.1287529468536377,0.17125742137432098,3.1287529468536377,0.17125742137432098,149.47581481933594,0.0,0.0
3283,66.10762286186218,0.5,0.0,0.0,-0.05365533381700516,-0.1082514226436615,0.07015937566757202,3.129814386367798,0.1676916778087616,3.129814386367798,0.1676916778087616,132.83338928222656,138.13726806640625,0.0
3284,66.11830115318298,0.5,0.0,0.0,-0.04463333263993263,-0.10080660879611969,0.2807807922363281,3.1332778930664062,0.15540625154972076,3.1332778930664062,0.15540625154972076,123.28436279296875,198.8938751220703,0.0
3285,66.14522886276245,0.5,0.0,0.0,-0.033596962690353394,-0.08329632878303528,0.43277040123939514,-3.1378402709960938,0.13766369223594666,3.1378402709960938,0.13766369223594666,72.6077880859375,228.42388916015625,0.0
3286,66.15644264221191,0.5,0.0,0.0,-0.026305057108402252,-0.05048152059316635,0.3714703619480133,-3.124394178390503,0.12344149500131607,3.124394178390503,0.12344149500131607,0.0,238.2566680908203,0.0
3287,66.18367791175842,0.5,0.0,0.0,-0.01787760853767395,-0.015071520581841469,0.22228041291236877,-3.1208019256591797,0.11436978727579117,3.1208019256591797,0.11436978727579117,0.0,207.53512573242188,0.0
3288,66.19468021392822,0.5,0.0,0.0,-0.009802601300179958,0.012842852622270584,0.1010906845331192,-3.1236743927001953,0.1084975004196167,3.1236743927001953,0.1084975004196167,0.0,196.3843994140625,0.0
3289,66.2221736907959,0.5,0.0,0.0,0.001116838539019227,0.03830685466527939,0.01283755898475647,-3.126891613006592,0.10186795890331268,3.126891613006592,0.10186795890331268,0.0,198.03457641601562,18.156095504760742
3290,66.23305988311768,0.5,0.0,0.0,0.005633288063108921,0.07641897350549698,-0.01969151943922043,-3.1313815116882324,0.09127945452928543,3.1313815116882324,0.09127945452928543,0.0,191.15280151367188,18.156095504760742
3291,66.2602767944336,0.5,0.0,0.0,0.01075911894440651,0.11426234990358353,0.03895684331655502,-3.1366755962371826,0.07792823761701584,3.1366755962371826,0.07792823761701584,0.0,196.23655700683594,18.156095504760742
3292,66.27165102958679,0.5,0.0,0.0,0.01552395150065422,0.1498842090368271,0.12069658935070038,-3.140754222869873,0.06490612030029297,3.140754222869873,0.06490612030029297,0.0,194.4258575439453,18.156095504760742
3293,66.2989649772644,0.5,0.0,0.0,0.016800615936517715,0.18492507934570312,0.14498184621334076,3.1411666870117188,0.05430224537849426,3.1411666870117188,0.05430224537849426,0.0,194.116455078125,18.156095504760742
3294,66.3110601902008,0.5,0.0,0.0,0.015954377129673958,0.22245986759662628,0.12124598026275635,3.140429735183716,0.04565810784697533,3.140429735183716,0.04565810784697533,0.0,179.99331665039062,18.156095504760742
3295,66.33828091621399,0.5,0.0,0.0,0.014794430695474148,0.2602325677871704,0.12678679823875427,3.137467861175537,0.03810468688607216,3.137467861175537,0.03810468688607216,0.0,154.16329956054688,18.156095504760742
3296,66.34929609298706,0.5,0.0,0.0,0.014739664271473885,0.29368096590042114,0.10408070683479309,3.132171392440796,0.031452737748622894,3.132171392440796,0.031452737748622894,0.0,149.62208557128906,18.156095504760742
3297,66.37623190879822,0.5,0.0,0.0,0.0006459400174207985,0.32252174615859985,-0.049407072365283966,3.1250503063201904,0.027477741241455078,3.1250503063201904,0.027477741241455078,0.0,144.7447509765625,18.156095504760742
3298,66.38752675056458,0.5,0.0,0.0,0.01073526032269001,0.31155285239219666,-0.0654437392950058,3.112337827682495,0.02643091045320034,3.112337827682495,0.02643091045320034,429.7388000488281,125.65812683105469,18.156095504760742
3299,66.4144766330719,0.5,0.0,0.0,0.025049304589629173,0.2682856619358063,-0.0864635556936264,3.102703094482422,0.026204045861959457,3.102703094482422,0.026204045861959457,255.3952178955078,61.08620071411133,39.87691116333008
3300,66.42512440681458,0.5,0.0,0.0,0.023837745189666748,0.24730324745178223,0.03470557928085327,3.099310874938965,0.027314895763993263,3.099310874938965,0.027314895763993263,241.52679443359375,10.092848777770996,39.87691116333008
3301,66.45343041419983,0.5,0.0,0.0,0.01614934764802456,0.23235465586185455,0.16106660664081573,3.09633207321167,0.027326537296175957,3.09633207321167,0.027326537296175957,194.60362243652344,0.0,39.87691116333008
3302,66.46549606323242,0.5,0.0,0.0,0.002651453949511051,0.2314312905073166,0.20193949341773987,3.0909957885742188,0.024742918089032173,3.0909957885742188,0.024742918089032173,155.58377075195312,0.0,39.87691116333008
3303,66.49482870101929,0.5,0.0,0.0,-0.01399688795208931,0.23816607892513275,0.1844252496957779,3.0830953121185303,0.021716395393013954,3.0830953121185303,0.021716395393013954,154.57215881347656,0.0,39.87691116333008
3304,66.50619864463806,0.5,0.0,0.0,-0.03147873654961586,0.24458391964435577,0.19304223358631134,3.0747740268707275,0.01904132403433323,3.0747740268707275,0.01904132403433323,166.8762664794922,0.0,39.87691116333008
3305,66.53424763679504,0.5,0.0,0.0,-0.047706786543130875,0.24743857979774475,0.19099509716033936,3.0672595500946045,0.017739174887537956,3.0672595500946045,0.017739174887537956,179.72293090820312,0.0,39.87691116333008
3306,66.54542279243469,0.5,0.0,0.0,-0.06411878764629364,0.24573150277137756,0.17460791766643524,3.062572956085205,0.018172219395637512,3.062572956085205,0.018172219395637512,195.14480590820312,0.0,39.87691116333008
3307,66.57362127304077,0.5,0.0,0.0,-0.07996654510498047,0.24089078605175018,0.20393754541873932,3.061558961868286,0.02090502716600895,3.061558961868286,0.02090502716600895,214.76881408691406,0.0,39.87691116333008
3308,66.584543466568,0.5,0.0,0.0,-0.092351034283638,0.23498426377773285,0.25027403235435486,3.0641369819641113,0.024716105312108994,3.0641369819641113,0.024716105312108994,225.5167999267578,0.0,39.87691116333008
3309,66.61188340187073,0.5,0.0,0.0,-0.10348817706108093,0.23052240908145905,0.22902017831802368,3.0696775913238525,0.02802143432199955,3.0696775913238525,0.02802143432199955,219.32809448242188,0.0,66.4181900024414
3310,66.62380242347717,0.5,0.0,0.0,-0.14551952481269836,0.253491073846817,0.21029673516750336,3.0763378143310547,0.03446698933839798,3.0763378143310547,0.03446698933839798,230.45980834960938,0.0,66.4181900024414
3311,66.64978504180908,0.5,0.0,0.0,-0.18313828110694885,0.28134453296661377,0.26526403427124023,3.081568956375122,0.0449766144156456,3.081568956375122,0.0449766144156456,238.91534423828125,0.0,66.4181900024414
3312,66.66062068939209,0.5,0.0,0.0,-0.21594800055027008,0.31454598903656006,0.4095466136932373,3.086146831512451,0.05720547214150429,3.086146831512451,0.05720547214150429,230.8917999267578,0.0,66.4181900024414
3313,66.687748670578,0.5,0.0,0.0,-0.24723157286643982,0.35308682918548584,0.526814341545105,3.095053195953369,0.06989321112632751,3.095053195953369,0.06989321112632751,201.86868286132812,0.0,66.4181900024414
3314,66.69923305511475,0.5,0.0,0.0,-0.2823920249938965,0.40374624729156494,0.5070054531097412,3.1127631664276123,0.08112552762031555,3.1127631664276123,0.08112552762031555,124.46682739257812,0.0,66.4181900024414
3315,66.7254114151001,0.5,0.0,0.0,-0.3070780336856842,0.47908759117126465,0.48227012157440186,3.1312859058380127,0.08719679713249207,3.1312859058380127,0.08719679713249207,7.491826057434082,149.52114868164062,66.4181900024414
3316,66.73946690559387,0.5,0.0,0.0,-0.3351036310195923,0.5708165168762207,0.5347824692726135,3.134758710861206,0.08535274863243103,3.134758710861206,0.08535274863243103,0.0,166.6639404296875,66.4181900024414
3317,66.76492285728455,0.5,0.0,0.0,-0.3615625202655792,0.6597822308540344,0.5148305892944336,3.123823881149292,0.07891403138637543,3.123823881149292,0.07891403138637543,0.0,176.62481689453125,66.4181900024414
3318,66.77552199363708,0.5,0.0,0.0,-0.3832595944404602,0.7502162456512451,0.44958093762397766,3.1075599193573,0.06994220614433289,3.1075599193573,0.06994220614433289,0.0,186.01527404785156,66.4181900024414
3319,66.80230116844177,0.5,0.0,0.0,-0.40165019035339355,0.8427920341491699,0.38376766443252563,3.0912935733795166,0.059193093329668045,3.0912935733795166,0.059193093329668045,0.0,171.5771484375,0.0
3320,66.81433176994324,0.5,0.0,0.0,-0.37557506561279297,0.8651789426803589,0.2975534200668335,3.082962989807129,0.04777316376566887,3.082962989807129,0.04777316376566887,0.0,159.14637756347656,0.0
3321,66.84152936935425,0.5,0.0,0.0,-0.35577234625816345,0.8827752470970154,0.19838622212409973,3.085329055786133,0.03867540881037712,3.085329055786133,0.03867540881037712,0.0,145.9542694091797,0.0
3322,66.85223603248596,0.5,0.0,0.0,-0.33186525106430054,0.8824663162231445,0.055421821773052216,3.0974507331848145,0.03330259025096893,3.0974507331848145,0.03330259025096893,0.0,130.9654998779297,0.0
3323,66.88268399238586,0.5,0.0,0.0,-0.28854840993881226,0.8541471362113953,-0.15395626425743103,3.1156108379364014,0.031071456149220467,3.1156108379364014,0.031071456149220467,0.0,125.94924926757812,0.0
3324,66.90253567695618,0.5,0.0,0.0,-0.23861250281333923,0.7984487414360046,0.15565136075019836,3.1300060749053955,0.021482396870851517,3.1300060749053955,0.021482396870851517,0.0,118.07369995117188,0.0
3325,66.93171191215515,0.5,0.0,0.0,-0.16325849294662476,0.68361496925354,0.03766224905848503,-3.1393229961395264,-0.0009337871451862156,3.1393229961395264,0.0009337871451862156,248.96434020996094,112.35650634765625,0.0
3326,66.94288444519043,0.5,0.0,0.0,-0.11972683668136597,0.5784038305282593,-0.29818859696388245,-3.125520944595337,-0.024905027821660042,3.125520944595337,0.024905027821660042,234.65802001953125,77.53054809570312,0.0
3327,66.96931838989258,0.5,0.0,0.0,-0.09581762552261353,0.4900394082069397,-0.33142703771591187,-3.1167449951171875,-0.03596983104944229,3.1167449951171875,0.03596983104944229,232.87400817871094,52.847843170166016,0.0
3328,66.98018908500671,0.5,0.0,0.0,-0.0638112723827362,0.4157412350177765,-0.07212603837251663,-3.1140201091766357,-0.03282075747847557,3.1140201091766357,0.03282075747847557,203.66978454589844,39.939449310302734,0.0
3329,67.00677704811096,0.5,0.0,0.0,-0.022643543779850006,0.34728536009788513,0.24988168478012085,-3.119145631790161,-0.024748142808675766,3.119145631790161,0.024748142808675766,156.9866943359375,8.81367015838623,0.0
3330,67.01761651039124,0.5,0.0,0.0,0.009797872044146061,0.2788236737251282,0.3510468006134033,-3.126387596130371,-0.018227631226181984,3.126387596130371,0.018227631226181984,128.42449951171875,0.0,0.0
3331,67.04465174674988,0.5,0.0,0.0,0.03161006420850754,0.2208004891872406,0.2667323350906372,-3.1308836936950684,-0.0127599211409688,3.1308836936950684,0.0127599211409688,114.31844329833984,0.0,0.0
3332,67.05583333969116,0.5,0.0,0.0,0.05195222422480583,0.1698792278766632,0.17993396520614624,-3.134206533432007,-0.0075224051252007484,3.134206533432007,0.0075224051252007484,129.91641235351562,0.0,0.0
3333,67.08331894874573,0.5,0.0,0.0,0.07660484313964844,0.11215735226869583,0.13477720320224762,-3.1355443000793457,-0.0024264054372906685,3.1355443000793457,0.0024264054372906685,155.43014526367188,0.0,0.0
3334,67.09523916244507,0.5,0.0,0.0,0.10715136677026749,0.043384432792663574,0.07916084676980972,-3.1339359283447266,0.003169165225699544,3.1339359283447266,0.003169165225699544,183.5768280029297,0.0,0.0
3335,67.12187385559082,0.5,0.0,0.0,0.14439687132835388,-0.030569756403565407,0.06662698835134506,-3.1303296089172363,0.009280619211494923,3.1303296089172363,0.009280619211494923,200.84933471679688,0.0,0.0
3336,67.13291716575623,0.5,0.0,0.0,0.18799227476119995,-0.10694902390241623,0.13990174233913422,-3.127513885498047,0.015359832905232906,3.127513885498047,0.015359832905232906,214.112548828125,0.0,0.0
3337,67.16172623634338,0.5,0.0,0.0,0.2327858805656433,-0.18556338548660278,0.2113029509782791,-3.1240832805633545,0.02153182215988636,3.1240832805633545,0.02153182215988636,195.966064453125,0.0,0.0
3338,67.17617058753967,0.5,0.0,0.0,0.27239060401916504,-0.25465959310531616,0.1477281004190445,-3.118645191192627,0.025787588208913803,3.118645191192627,0.025787588208913803,143.56675720214844,0.0,0.0
3339,67.21035933494568,0.5,0.0,0.0,0.30074915289878845,-0.3063379228115082,-0.04245206341147423,-3.109633684158325,0.025390246883034706,3.109633684158325,0.025390246883034706,92.26264953613281,0.0,0.0
3340,67.22163581848145,0.5,0.0,0.0,0.31720390915870667,-0.3552825450897217,-0.13877521455287933,-3.0969176292419434,0.021649140864610672,3.0969176292419434,0.021649140864610672,83.6045150756836,189.58668518066406,0.0
3341,67.24920058250427,0.5,0.0,0.0,0.34976696968078613,-0.3654344975948334,-0.3253788948059082,-3.082984209060669,0.008379347622394562,3.082984209060669,0.008379347622394562,67.9371109008789,186.38739013671875,0.0
3342,67.25976467132568,0.5,0.0,0.0,0.361441433429718,-0.3345319330692291,-0.28863972425460815,-3.0741474628448486,-0.005735194310545921,3.0741474628448486,0.005735194310545921,17.367599487304688,243.28851318359375,0.0
3343,67.28748798370361,0.5,0.0,0.0,0.35489359498023987,-0.2648346722126007,-0.0975210890173912,-3.0772364139556885,-0.01225957740098238,3.0772364139556885,0.01225957740098238,0.0,291.12322998046875,0.0
3344,67.29879879951477,0.5,0.0,0.0,0.36815524101257324,-0.20974740386009216,0.02724967710673809,-3.092374086380005,-0.015806050971150398,3.092374086380005,0.015806050971150398,0.0,295.2832336425781,0.0
3345,67.32546329498291,0.5,0.0,0.0,0.3961840569972992,-0.17752660810947418,0.06697171926498413,-3.1108782291412354,-0.02123347483575344,3.1108782291412354,0.02123347483575344,0.0,273.32257080078125,0.0
3346,67.33640933036804,0.5,0.0,0.0,0.4211331903934479,-0.15237757563591003,0.10188779979944229,-3.1265056133270264,-0.028252504765987396,3.1265056133270264,0.028252504765987396,0.0,257.7653503417969,0.0
3347,67.36294603347778,0.5,0.0,0.0,0.4465676546096802,-0.12959285080432892,0.16198280453681946,-3.1344029903411865,-0.03282492235302925,3.1344029903411865,0.03282492235302925,0.0,241.1938934326172,0.0
3348,67.37353897094727,0.5,0.0,0.0,0.4710025191307068,-0.10607153177261353,0.22099605202674866,-3.133530616760254,-0.03492650017142296,3.133530616760254,0.03492650017142296,0.0,217.0321502685547,0.0
3349,67.40130662918091,0.5,0.0,0.0,0.4956308603286743,-0.08339674025774002,0.24626393616199493,-3.126703977584839,-0.03407540172338486,3.126703977584839,0.03407540172338486,0.0,195.67027282714844,0.0
3350,67.41202569007874,0.5,0.0,0.0,0.5199992656707764,-0.06275618076324463,0.2278648018836975,-3.11785626411438,-0.033270902931690216,3.11785626411438,0.033270902931690216,0.0,174.9129180908203,0.0
3351,67.43848633766174,0.5,0.0,0.0,0.5443602204322815,-0.04307033121585846,0.16953691840171814,-3.109281063079834,-0.03393856808543205,3.109281063079834,0.03393856808543205,0.0,167.36534118652344,0.0
3352,67.44926881790161,0.5,0.0,0.0,0.5695887804031372,-0.022316960617899895,0.11155398935079575,-3.1033856868743896,-0.03667213022708893,3.1033856868743896,0.03667213022708893,0.0,153.38514709472656,0.0
3353,67.4769778251648,0.5,0.0,0.0,0.5938082933425903,-0.005361092742532492,0.08980277180671692,-3.1023383140563965,-0.04040440544486046,3.1023383140563965,0.04040440544486046,0.0,124.60717010498047,0.0
3354,67.48806118965149,0.5,0.0,0.0,0.6104733943939209,0.001003722776658833,0.11530758440494537,-3.1086208820343018,-0.042328428477048874,3.1086208820343018,0.042328428477048874,0.0,72.70375061035156,0.0
3355,67.51787519454956,0.5,0.0,0.0,0.568257749080658,0.00755907641723752,0.18327942490577698,-3.123129367828369,-0.03626213222742081,3.123129367828369,0.03626213222742081,0.0,30.932796478271484,0.0
3356,67.53031086921692,0.5,0.0,0.0,0.5695309638977051,-0.010663947090506554,0.0680382251739502,-3.1383779048919678,-0.03287641331553459,3.1383779048919678,0.03287641331553459,404.9557800292969,0.0,0.0
3357,67.55687594413757,0.5,0.0,0.0,0.5268488526344299,-0.02906128205358982,0.0063722021877765656,3.1378841400146484,-0.029273876920342445,3.1378841400146484,0.029273876920342445,267.460205078125,0.0,0.0
3358,67.5679030418396,0.5,0.0,0.0,0.4928540885448456,-0.0493774451315403,0.020247681066393852,3.1379101276397705,-0.017527084797620773,3.1379101276397705,0.017527084797620773,275.0473937988281,0.0,0.0
3359,67.59584259986877,0.5,0.0,0.0,0.4739481806755066,-0.06758685410022736,0.02537108212709427,3.141447067260742,-0.0008463082485832274,3.141447067260742,0.0008463082485832274,273.6081237792969,0.0,15.067852020263672
3360,67.60728907585144,0.5,0.0,0.0,0.4919281005859375,-0.07499575614929199,0.04001994803547859,-3.138540744781494,0.01268630102276802,3.138540744781494,0.01268630102276802,248.6327362060547,0.0,15.067852020263672
3361,67.6364848613739,0.5,0.0,0.0,0.5160359144210815,-0.07853991538286209,0.05926138162612915,-3.1410105228424072,0.01947268657386303,3.1410105228424072,0.01947268657386303,211.37677001953125,0.0,15.067852020263672
3362,67.64772009849548,0.5,0.0,0.0,0.5411897301673889,-0.08246446400880814,0.07497993856668472,3.133127212524414,0.02017132379114628,3.133127212524414,0.02017132379114628,182.67457580566406,0.0,15.067852020263672
3363,67.67683362960815,0.5,0.0,0.0,0.5654116868972778,-0.09025482833385468,0.06604374945163727,3.1214563846588135,0.01646571047604084,3.1214563846588135,0.01646571047604084,169.72283935546875,0.0,15.067852020263672
3364,67.69173407554626,0.5,0.0,0.0,0.5886006951332092,-0.10042647272348404,0.030317721888422966,3.1125762462615967,0.01059399452060461,3.1125762462615967,0.01059399452060461,153.34518432617188,0.0,15.067852020263672
3365,67.71837544441223,0.5,0.0,0.0,0.6104965209960938,-0.11238386482000351,-0.04208764806389809,3.107593059539795,0.004142214544117451,3.107593059539795,0.004142214544117451,142.4989776611328,0.0,15.067852020263672
3366,67.72926354408264,0.5,0.0,0.0,0.6312422752380371,-0.12386413663625717,-0.08966425061225891,3.1065738201141357,-0.0007839648751541972,3.1065738201141357,0.0007839648751541972,147.05056762695312,0.0,15.067852020263672
3367,67.75681281089783,0.5,0.0,0.0,0.6571851968765259,-0.1335345059633255,-0.04003186151385307,3.1097512245178223,-0.0016667612362653017,3.1097512245178223,0.0016667612362653017,157.18685913085938,0.0,15.067852020263672
3368,67.76796984672546,0.5,0.0,0.0,0.6884300708770752,-0.14156857132911682,0.011825893074274063,3.119710683822632,0.0026195580139756203,3.119710683822632,0.0026195580139756203,145.52130126953125,0.0,15.067852020263672
3369,67.79694151878357,0.5,0.0,0.0,0.7096084952354431,-0.1290920078754425,-0.17594566941261292,3.1319451332092285,0.004506158176809549,3.1319451332092285,0.004506158176809549,90.3941421508789,188.7138671875,52.93573760986328
3370,67.80827856063843,0.5,0.0,0.0,0.6061261892318726,-0.07325540482997894,-0.07826945930719376,3.1384224891662598,0.01022676657885313,3.1384224891662598,0.01022676657885313,0.0,230.631591796875,52.93573760986328
3371,67.83464574813843,0.5,0.0,0.0,0.49947866797447205,-0.0071124667301774025,0.07335727661848068,3.139080286026001,0.02925499528646469,3.139080286026001,0.02925499528646469,0.0,245.71922302246094,52.93573760986328
3372,67.8460385799408,0.5,0.0,0.0,0.42013299465179443,0.049587298184633255,0.016636522486805916,3.1345317363739014,0.04968681186437607,3.1345317363739014,0.04968681186437607,0.0,239.2352752685547,52.93573760986328
3373,67.87244892120361,0.5,0.0,0.0,0.3488124907016754,0.10271354764699936,-0.11961066722869873,3.1272451877593994,0.0614464171230793,3.1272451877593994,0.0614464171230793,0.0,223.37359619140625,52.93573760986328
3374,67.88315653800964,0.5,0.0,0.0,0.26358461380004883,0.16205868124961853,-0.12407495081424713,3.119487762451172,0.06547955423593521,3.119487762451172,0.06547955423593521,0.0,210.21067810058594,52.93573760986328
3375,67.91000390052795,0.5,0.0,0.0,0.17180848121643066,0.2221519649028778,-0.04779624193906784,3.112886905670166,0.06884761899709702,3.112886905670166,0.06884761899709702,0.0,200.87899780273438,52.93573760986328
3376,67.92094445228577,0.5,0.0,0.0,0.08124501258134842,0.2812505066394806,-0.005847866181284189,3.109729766845703,0.07389382272958755,3.109729766845703,0.07389382272958755,0.0,197.72503662109375,52.93573760986328
3377,67.94662475585938,0.5,0.0,0.0,-0.006245904136449099,0.33977290987968445,-0.04494984820485115,3.109715223312378,0.08017516136169434,3.109715223312378,0.08017516136169434,0.0,194.9811248779297,52.93573760986328
3378,67.95736789703369,0.5,0.0,0.0,-0.09208288788795471,0.3997408151626587,-0.16181422770023346,3.112680196762085,0.0857941210269928,3.112680196762085,0.0857941210269928,0.0,193.09951782226562,52.93573760986328
3379,67.98488521575928,0.5,0.0,0.0,-0.17442238330841064,0.46214422583580017,-0.2623156011104584,3.1159539222717285,0.08953861892223358,3.1159539222717285,0.08953861892223358,0.0,169.27023315429688,0.0
3380,67.99576759338379,0.5,0.0,0.0,-0.19621779024600983,0.4916386902332306,-0.39574331045150757,3.116722583770752,0.08896245062351227,3.116722583770752,0.08896245062351227,0.0,142.85171508789062,0.0
3381,68.02874112129211,0.5,0.0,0.0,-0.2103835642337799,0.5027874708175659,-0.437273770570755,3.115680456161499,0.08490809798240662,3.115680456161499,0.08490809798240662,0.0,100.2897720336914,0.0
3382,68.04067206382751,0.5,0.0,0.0,-0.1807718575000763,0.45196178555488586,-0.31463611125946045,3.110527753829956,0.07541372627019882,3.110527753829956,0.07541372627019882,257.3362731933594,48.34290313720703,0.0
3383,68.06848621368408,0.5,0.0,0.0,-0.12820890545845032,0.3636126220226288,-0.07354861497879028,3.109726667404175,0.06195789948105812,3.109726667404175,0.06195789948105812,307.74652099609375,35.47747802734375,0.0
3384,68.07960057258606,0.5,0.0,0.0,-0.0780174508690834,0.2731725573539734,0.15964320302009583,3.1125314235687256,0.05040549859404564,3.1125314235687256,0.05040549859404564,287.4101257324219,23.799747467041016,0.0
3385,68.10672211647034,0.5,0.0,0.0,-0.042981021106243134,0.19502195715904236,0.23760837316513062,3.1140823364257812,0.04359855875372887,3.1140823364257812,0.04359855875372887,237.57672119140625,9.139232635498047,0.0
3386,68.11767888069153,0.5,0.0,0.0,-0.022692600265145302,0.13406436145305634,0.20137128233909607,3.1133644580841064,0.04482900723814964,3.1133644580841064,0.04482900723814964,184.21047973632812,0.0,0.0
3387,68.14509749412537,0.5,0.0,0.0,-0.0031268461607396603,0.08882338553667068,0.2010577768087387,3.108010768890381,0.05180363357067108,3.108010768890381,0.05180363357067108,170.26258850097656,0.0,0.0
3388,68.15615892410278,0.5,0.0,0.0,0.01819954253733158,0.04811803996562958,0.19756776094436646,3.0993499755859375,0.05812009423971176,3.0993499755859375,0.05812009423971176,159.3365478515625,0.0,0.0
3389,68.1837055683136,0.5,0.0,0.0,0.03705335780978203,0.002812478691339493,0.1517128050327301,3.093386650085449,0.06261616200208664,3.093386650085449,0.06261616200208664,164.3580780029297,0.0,0.0
3390,68.1948606967926,0.5,0.0,0.0,0.05422717705368996,-0.04667350649833679,0.15831518173217773,3.094090700149536,0.06727530807256699,3.094090700149536,0.06727530807256699,176.24990844726562,0.0,0.0
3391,68.22223043441772,0.5,0.0,0.0,0.07496129721403122,-0.09737645834684372,0.17862924933433533,3.099052906036377,0.07323063164949417,3.099052906036377,0.07323063164949417,178.64224243164062,0.0,0.0
3392,68.23279738426208,0.5,0.0,0.0,0.0988486111164093,-0.14993447065353394,0.11288625001907349,3.1057300567626953,0.07808076590299606,3.1057300567626953,0.07808076590299606,186.82565307617188,0.0,0.0
3393,68.25997114181519,0.5,0.0,0.0,0.12187813967466354,-0.19791662693023682,0.014605971053242683,3.1126327514648438,0.08093193918466568,3.1126327514648438,0.08093193918466568,172.10986328125,0.0,0.0
3394,68.27175521850586,0.5,0.0,0.0,0.141863152384758,-0.23672953248023987,-0.04375876858830452,3.1178982257843018,0.08228801190853119,3.1178982257843018,0.08228801190853119,151.10287475585938,0.0,0.0
3395,68.29748821258545,0.5,0.0,0.0,0.1607716977596283,-0.26833245158195496,0.03954434394836426,3.121649742126465,0.08228381723165512,3.121649742126465,0.08228381723165512,138.19985961914062,0.0,0.0
3396,68.30799317359924,0.5,0.0,0.0,0.17765715718269348,-0.3002229332923889,0.17528754472732544,3.126978635787964,0.08067158609628677,3.126978635787964,0.08067158609628677,106.59036254882812,0.0,0.0
3397,68.33564567565918,0.5,0.0,0.0,0.1828555017709732,-0.34092646837234497,0.10494984686374664,3.1372179985046387,0.07814328372478485,3.1372179985046387,0.07814328372478485,96.44554138183594,120.19473266601562,0.0
3398,68.34716176986694,0.5,0.0,0.0,0.21985237300395966,-0.3537639081478119,-0.16131606698036194,-3.1332366466522217,0.07033339887857437,3.1332366466522217,0.07033339887857437,106.79490661621094,171.26934814453125,0.0
3399,68.37941312789917,0.5,0.0,0.0,0.25065988302230835,-0.34392574429512024,-0.33305710554122925,-3.1213576793670654,0.05770030990242958,3.1213576793670654,0.05770030990242958,55.60927963256836,201.82952880859375,0.0
3400,68.39976215362549,0.5,0.0,0.0,0.27573540806770325,-0.30394247174263,-0.3359038233757019,-3.1155545711517334,0.04425215721130371,3.1155545711517334,0.04425215721130371,0.0,210.6852569580078,0.0
3401,68.42904615402222,0.5,0.0,0.0,0.28960373997688293,-0.24683178961277008,-0.18081645667552948,-3.1195995807647705,0.026472320780158043,3.1195995807647705,0.026472320780158043,0.0,210.1960906982422,0.0
3402,68.44030380249023,0.5,0.0,0.0,0.29954957962036133,-0.19862405955791473,-0.02159987762570381,-3.129335403442383,0.012189578264951706,3.129335403442383,0.012189578264951706,0.0,218.83547973632812,0.0
3403,68.46845173835754,0.5,0.0,0.0,0.31767892837524414,-0.16104072332382202,0.09088161587715149,-3.136441707611084,0.006310746073722839,3.136441707611084,0.006310746073722839,0.0,237.35194396972656,0.0
3404,68.48181056976318,0.5,0.0,0.0,0.34791192412376404,-0.1261683702468872,0.12221657484769821,-3.1387336254119873,0.005760254338383675,3.1387336254119873,0.005760254338383675,0.0,248.61505126953125,0.0
3405,68.50976181030273,0.5,0.0,0.0,0.37881144881248474,-0.08824846148490906,0.05956081300973892,-3.1388211250305176,0.0036912625655531883,3.1388211250305176,0.0036912625655531883,0.0,240.1161651611328,0.0
3406,68.520761013031,0.5,0.0,0.0,0.4053969085216522,-0.049802012741565704,-0.0208926759660244,-3.1396243572235107,-0.000709457031916827,3.1396243572235107,0.000709457031916827,0.0,224.6826934814453,0.0
3407,68.54902744293213,0.5,0.0,0.0,0.43393775820732117,-0.01519570779055357,-0.043691541999578476,-3.1413066387176514,-0.006152525544166565,3.1413066387176514,0.006152525544166565,0.0,204.72116088867188,0.0
3408,68.56004071235657,0.5,0.0,0.0,0.46704891324043274,0.016308637335896492,0.015423689968883991,-3.1413393020629883,-0.011687211692333221,3.1413393020629883,0.011687211692333221,0.0,193.44107055664062,0.0
3409,68.58845448493958,0.5,0.0,0.0,0.5006109476089478,0.048518989235162735,0.10337226092815399,-3.1376731395721436,-0.017047375440597534,3.1376731395721436,0.017047375440597534,0.0,188.35037231445312,34.612606048583984
3410,68.59965872764587,0.5,0.0,0.0,0.5561073422431946,0.058113403618335724,0.09895819425582886,-3.1332476139068604,-0.021097669377923012,3.1332476139068604,0.021097669377923012,0.0,165.39939880371094,34.612606048583984
3411,68.62645149230957,0.5,0.0,0.0,0.6024502515792847,0.06122590973973274,0.04017564281821251,-3.1333539485931396,-0.021656710654497147,3.1333539485931396,0.021656710654497147,0.0,125.52200317382812,34.612606048583984
3412,68.637690782547,0.5,0.0,0.0,0.6424170136451721,0.05444822832942009,-0.02071261778473854,3.141322374343872,-0.014602542854845524,3.141322374343872,0.014602542854845524,0.0,95.95037078857422,34.612606048583984
3413,68.66464591026306,0.5,0.0,0.0,0.6532086730003357,0.041580770164728165,0.24540798366069794,3.1271867752075195,-0.010291432030498981,3.1271867752075195,0.010291432030498981,88.97270965576172,36.41236114501953,34.612606048583984
3414,68.67573618888855,0.5,0.0,0.0,0.6589621305465698,-0.011273891665041447,0.2223636358976364,3.12402606010437,-0.013756495900452137,3.12402606010437,0.013756495900452137,226.15505981445312,0.0,34.612606048583984
3415,68.70235919952393,0.5,0.0,0.0,0.6551283001899719,-0.07192505151033401,0.03903884440660477,3.1273159980773926,-0.014194685034453869,3.1273159980773926,0.014194685034453869,235.21253967285156,0.0,34.612606048583984
3416,68.71293878555298,0.5,0.0,0.0,0.6613680124282837,-0.12898477911949158,-0.1255195438861847,3.131265163421631,-0.00811203382909298,3.131265163421631,0.00811203382909298,250.01380920410156,0.0,34.612606048583984
3417,68.74007415771484,0.5,0.0,0.0,0.6823658347129822,-0.18373775482177734,-0.22486425936222076,3.133509635925293,0.002120193326845765,3.133509635925293,0.002120193326845765,253.41064453125,0.0,34.612606048583984
3418,68.75138664245605,0.5,0.0,0.0,0.7188320755958557,-0.2355726808309555,-0.27962520718574524,3.1344246864318848,0.011628180742263794,3.1344246864318848,0.011628180742263794,247.0365753173828,0.0,34.612606048583984
3419,68.77800011634827,0.5,0.0,0.0,0.7633731365203857,-0.28607192635536194,-0.3309716284275055,3.1362876892089844,0.016575375571846962,3.1362876892089844,0.016575375571846962,231.70016479492188,0.0,0.0
3420,68.78869605064392,0.5,0.0,0.0,0.7824165225028992,-0.31033021211624146,-0.395353227853775,3.139843702316284,0.016856320202350616,3.139843702316284,0.016856320202350616,190.80197143554688,0.0,0.0
3421,68.81560444831848,0.5,0.0,0.0,0.796829104423523,-0.32222557067871094,-0.506496012210846,3.141519784927368,0.015986192971467972,3.141519784927368,0.015986192971467972,141.89199829101562,0.0,0.0
3422,68.82694053649902,0.5,0.0,0.0,0.8092498183250427,-0.32486847043037415,-0.5532974004745483,3.139629602432251,0.01570824533700943,3.139629602432251,0.01570824533700943,108.12242126464844,0.0,0.0
3423,68.85500574111938,0.5,0.0,0.0,0.8198592066764832,-0.3263304531574249,-0.4264601469039917,3.1354994773864746,0.016195006668567657,3.1354994773864746,0.016195006668567657,94.2115249633789,0.0,0.0
3424,68.87045216560364,0.5,0.0,0.0,0.8331423997879028,-0.33162522315979004,-0.190875843167305,3.132659435272217,0.020222457125782967,3.132659435272217,0.020222457125782967,90.49365997314453,0.0,0.0
3425,68.89916729927063,0.5,0.0,0.0,0.8383552432060242,-0.3345261812210083,-0.19573506712913513,3.134582996368408,0.021028263494372368,3.134582996368408,0.021028263494372368,62.54291534423828,166.35658264160156,0.0
3426,68.91308665275574,0.5,0.0,0.0,0.7999544739723206,-0.30570703744888306,-0.3271845281124115,3.1383285522460938,0.01261164527386427,3.1383285522460938,0.01261164527386427,0.0,216.54867553710938,0.0
3427,68.94057631492615,0.5,0.0,0.0,0.7347050905227661,-0.2464105784893036,-0.09695780277252197,3.13722562789917,0.014740588143467903,3.13722562789917,0.014740588143467903,0.0,248.4975128173828,0.0
3428,68.95174407958984,0.5,0.0,0.0,0.6812916398048401,-0.19211901724338531,0.12287832796573639,3.1295266151428223,0.02732684090733528,3.1295266151428223,0.02732684090733528,0.0,277.4955139160156,0.0
3429,68.98104953765869,0.5,0.0,0.0,0.6568359732627869,-0.1562970131635666,0.09551382064819336,3.1196446418762207,0.044040873646736145,3.1196446418762207,0.044040873646736145,0.0,270.61407470703125,0.0
3430,68.99350762367249,0.5,0.0,0.0,0.642436683177948,-0.12395664304494858,-0.05350976437330246,3.110598087310791,0.05272127687931061,3.110598087310791,0.05272127687931061,0.0,260.1001281738281,0.0
3431,69.02231669425964,0.5,0.0,0.0,0.62464839220047,-0.08842165768146515,-0.17578479647636414,3.1043508052825928,0.050336383283138275,3.1043508052825928,0.050336383283138275,0.0,228.7085723876953,0.0
3432,69.03354907035828,0.5,0.0,0.0,0.6005257964134216,-0.050719164311885834,-0.1504741609096527,3.10099196434021,0.04200957342982292,3.10099196434021,0.04200957342982292,0.0,199.25914001464844,0.0
3433,69.06267166137695,0.5,0.0,0.0,0.5806674957275391,-0.018959999084472656,-0.02492772974073887,3.100783109664917,0.03573727607727051,3.100783109664917,0.03573727607727051,0.0,172.1728515625,0.0
3434,69.07690453529358,0.5,0.0,0.0,0.567048192024231,0.005685093346983194,0.08197328448295593,3.1051506996154785,0.03239595890045166,3.1051506996154785,0.03239595890045166,0.0,166.4212646484375,0.0
3435,69.10488486289978,0.5,0.0,0.0,0.5602741837501526,0.029649732634425163,0.16000179946422577,3.1144955158233643,0.030716175213456154,3.1144955158233643,0.030716175213456154,0.0,168.97915649414062,0.0
3436,69.11586594581604,0.5,0.0,0.0,0.5564586520195007,0.056969739496707916,0.20216816663742065,3.1261627674102783,0.02920033410191536,3.1261627674102783,0.02920033410191536,0.0,179.1803436279297,0.0
3437,69.14143538475037,0.5,0.0,0.0,0.5489461421966553,0.08921052515506744,0.18943342566490173,3.135518789291382,0.028912674635648727,3.135518789291382,0.028912674635648727,0.0,174.6819305419922,0.0
3438,69.15195202827454,0.5,0.0,0.0,0.5423291921615601,0.11910674721002579,0.11922594904899597,3.137115716934204,0.03301282599568367,3.137115716934204,0.03301282599568367,0.0,164.5724334716797,0.0
3439,69.17983603477478,0.5,0.0,0.0,0.5402281284332275,0.14335082471370697,-0.01945284567773342,3.129929780960083,0.041588276624679565,3.129929780960083,0.041588276624679565,0.0,155.15591430664062,0.0
3440,69.19042086601257,0.5,0.0,0.0,0.5218565464019775,0.165482297539711,-0.16650943458080292,3.1171767711639404,0.05224766582250595,3.1171767711639404,0.05224766582250595,352.5342102050781,127.74742889404297,0.0
3441,69.21939444541931,0.5,0.0,0.0,0.5104547142982483,0.1595548838376999,0.10337904095649719,3.108990430831909,0.05371192842721939,3.108990430831909,0.05371192842721939,196.55282592773438,93.85380554199219,0.0
3442,69.2320339679718,0.5,0.0,0.0,0.48412206768989563,0.1313418298959732,0.3011241555213928,3.1121485233306885,0.05269568786025047,3.1121485233306885,0.05269568786025047,220.7532958984375,50.547401428222656,0.0
3443,69.2598237991333,0.5,0.0,0.0,0.44568920135498047,0.09121055901050568,0.2772660553455353,3.1209909915924072,0.05541953071951866,3.1209909915924072,0.05541953071951866,215.8598175048828,0.0,0.0
3444,69.27063322067261,0.5,0.0,0.0,0.40859195590019226,0.05364898964762688,0.07465030997991562,3.127537488937378,0.06309985369443893,3.127537488937378,0.06309985369443893,186.89971923828125,0.0,0.0
3445,69.29824924468994,0.5,0.0,0.0,0.3823946416378021,0.025066601112484932,-0.05765862390398979,3.124807834625244,0.07200029492378235,3.124807834625244,0.07200029492378235,183.81954956054688,0.0,0.0
3446,69.30920362472534,0.5,0.0,0.0,0.36317580938339233,-0.002300945343449712,-0.018612893298268318,3.1173369884490967,0.07999132573604584,3.1173369884490967,0.07999132573604584,183.74032592773438,0.0,0.0
3447,69.33565139770508,0.5,0.0,0.0,0.34810584783554077,-0.03081042692065239,0.10417501628398895,3.1104648113250732,0.08515005558729172,3.1104648113250732,0.08515005558729172,188.7965850830078,0.0,0.0
3448,69.34648633003235,0.5,0.0,0.0,0.33541998267173767,-0.060771189630031586,0.1967296004295349,3.1065151691436768,0.08732062578201294,3.1065151691436768,0.08732062578201294,187.02597045898438,0.0,0.0
3449,69.37418293952942,0.5,0.0,0.0,0.32193413376808167,-0.09215405583381653,0.1555648297071457,3.104393482208252,0.08668436110019684,3.104393482208252,0.08668436110019684,177.83212280273438,0.0,8.42172622680664
3450,69.38758683204651,0.5,0.0,0.0,0.3026309609413147,-0.12407985329627991,0.09713084995746613,3.1045641899108887,0.08600086718797684,3.1045641899108887,0.08600086718797684,181.29736328125,0.0,8.42172622680664
3451,69.41374254226685,0.5,0.0,0.0,0.2825320065021515,-0.15474018454551697,0.06375137716531754,3.1057724952697754,0.08642047643661499,3.1057724952697754,0.08642047643661499,174.53604125976562,0.0,8.42172622680664
3452,69.42465686798096,0.5,0.0,0.0,0.26379433274269104,-0.18052561581134796,0.09932440519332886,3.1065027713775635,0.08972515165805817,3.1065027713775635,0.08972515165805817,165.58224487304688,0.0,8.42172622680664
3453,69.45060992240906,0.5,0.0,0.0,0.24695074558258057,-0.20149624347686768,0.21890252828598022,3.1084675788879395,0.09640075266361237,3.1084675788879395,0.09640075266361237,140.21551513671875,0.0,8.42172622680664
3454,69.4617052078247,0.5,0.0,0.0,0.2522609531879425,-0.21224114298820496,0.17774641513824463,3.1146657466888428,0.0997895747423172,3.1146657466888428,0.0997895747423172,118.75663757324219,153.31309509277344,8.42172622680664
3455,69.48898005485535,0.5,0.0,0.0,0.25760385394096375,-0.20864620804786682,0.0365762822329998,3.1226444244384766,0.09098241478204727,3.1226444244384766,0.09098241478204727,101.06393432617188,187.90478515625,8.42172622680664
3456,69.50040173530579,0.5,0.0,0.0,0.25644049048423767,-0.1938343644142151,-0.09075211733579636,3.1351354122161865,0.07996468991041183,3.1351354122161865,0.07996468991041183,67.28797912597656,198.15220642089844,8.42172622680664
3457,69.52895545959473,0.5,0.0,0.0,0.24416141211986542,-0.15403205156326294,-0.132701113820076,-3.134293556213379,0.06764820963144302,3.134293556213379,0.06764820963144302,0.0,204.4446258544922,8.42172622680664
3458,69.53976655006409,0.5,0.0,0.0,0.23005923628807068,-0.10724404454231262,-0.14065706729888916,-3.1304738521575928,0.05709448084235191,3.1304738521575928,0.05709448084235191,0.0,189.17333984375,8.42172622680664
3459,69.56796169281006,0.5,0.0,0.0,0.22257564961910248,-0.06911268830299377,-0.10147325694561005,-3.133458137512207,0.04707647114992142,3.133458137512207,0.04707647114992142,0.0,178.62643432617188,0.0
3460,69.58119082450867,0.5,0.0,0.0,0.22436004877090454,-0.03597269579768181,-0.01224663108587265,-3.1387999057769775,0.03821556270122528,3.1387999057769775,0.03821556270122528,0.0,176.3407440185547,0.0
3461,69.60850191116333,0.5,0.0,0.0,0.22796721756458282,-0.005077882204204798,0.1215500608086586,3.1412172317504883,0.03207448869943619,3.1412172317504883,0.03207448869943619,0.0,185.74525451660156,0.0
3462,69.61919021606445,0.5,0.0,0.0,0.23362946510314941,0.02617575228214264,0.19453638792037964,-3.1408934593200684,0.028740862384438515,3.1408934593200684,0.028740862384438515,0.0,202.66184997558594,0.0
3463,69.64645266532898,0.5,0.0,0.0,0.2383141815662384,0.06129831820726395,0.19153206050395966,-3.1372244358062744,0.02661268226802349,3.1372244358062744,0.02661268226802349,0.0,213.76063537597656,0.0
3464,69.65717339515686,0.5,0.0,0.0,0.24218156933784485,0.09926757961511612,0.12011204659938812,-3.134974479675293,0.025061145424842834,3.134974479675293,0.025061145424842834,0.0,218.56634521484375,0.0
3465,69.68445253372192,0.5,0.0,0.0,0.24605265259742737,0.13870401680469513,0.023411564528942108,-3.1370651721954346,0.02497742511332035,3.1370651721954346,0.02497742511332035,0.0,211.83297729492188,0.0
3466,69.6955189704895,0.5,0.0,0.0,0.2541578412055969,0.17893455922603607,-0.05873987078666687,3.1389079093933105,0.026277992874383926,3.1389079093933105,0.026277992874383926,0.0,200.46694946289062,0.0
3467,69.72337985038757,0.5,0.0,0.0,0.27129173278808594,0.21691295504570007,-0.03376757353544235,3.127030372619629,0.02625797688961029,3.127030372619629,0.02625797688961029,0.0,167.80526733398438,0.0
3468,69.73434567451477,0.5,0.0,0.0,0.29557618498802185,0.2423805594444275,0.09813333302736282,3.1146438121795654,0.02491370588541031,3.1146438121795654,0.02491370588541031,0.0,146.0551300048828,0.0
3469,69.76394891738892,0.5,0.0,0.0,0.30382394790649414,0.25627756118774414,0.33514973521232605,3.1041903495788574,0.01885402947664261,3.1041903495788574,0.01885402947664261,48.39337158203125,128.56724548339844,36.98013687133789
3470,69.77604913711548,0.5,0.0,0.0,0.2928462326526642,0.25896644592285156,0.4045809507369995,3.0986082553863525,0.009099101647734642,3.0986082553863525,0.009099101647734642,177.686279296875,67.73509979248047,36.98013687133789
3471,69.8036253452301,0.5,0.0,0.0,0.2636423110961914,0.24171707034111023,0.23848098516464233,3.0939888954162598,0.005829877220094204,3.0939888954162598,0.005829877220094204,192.27374267578125,0.0,36.98013687133789
3472,69.81463837623596,0.5,0.0,0.0,0.23295745253562927,0.22104009985923767,0.03893328830599785,3.0868539810180664,0.012777270749211311,3.0868539810180664,0.012777270749211311,187.7672576904297,0.0,36.98013687133789
3473,69.84211921691895,0.5,0.0,0.0,0.21431513130664825,0.20383316278457642,-0.028602302074432373,3.076671838760376,0.022033734247088432,3.076671838760376,0.022033734247088432,194.97695922851562,0.0,36.98013687133789
3474,69.85291624069214,0.5,0.0,0.0,0.2059190571308136,0.186377614736557,0.04537801072001457,3.067124843597412,0.02824343927204609,3.067124843597412,0.02824343927204609,203.14212036132812,0.0,36.98013687133789
3475,69.88001728057861,0.5,0.0,0.0,0.2020321935415268,0.16969789564609528,0.2008165419101715,3.062166213989258,0.029413951560854912,3.062166213989258,0.029413951560854912,208.86129760742188,0.0,36.98013687133789
3476,69.89125680923462,0.5,0.0,0.0,0.19821617007255554,0.15272368490695953,0.2701873183250427,3.0607962608337402,0.0266005489975214,3.0607962608337402,0.0266005489975214,204.95205688476562,0.0,36.98013687133789
3477,69.91785788536072,0.5,0.0,0.0,0.19039058685302734,0.136417418718338,0.18529072403907776,3.0622971057891846,0.02198835089802742,3.0622971057891846,0.02198835089802742,199.3112030029297,0.0,36.98013687133789
3478,69.92870926856995,0.5,0.0,0.0,0.1780444234609604,0.12127608060836792,0.05786317586898804,3.063715696334839,0.018304621800780296,3.063715696334839,0.018304621800780296,204.96986389160156,0.0,36.98013687133789
3479,69.95580410957336,0.5,0.0,0.0,0.16630859673023224,0.1070924773812294,-0.024431660771369934,3.064272880554199,0.018145045265555382,3.064272880554199,0.018145045265555382,219.82958984375,0.0,49.2433967590332
3480,69.96695041656494,0.5,0.0,0.0,0.1557273417711258,0.09688978642225266,0.042301103472709656,3.067389965057373,0.02152303047478199,3.067389965057373,0.02152303047478199,227.3092803955078,0.0,49.2433967590332
3481,69.99365401268005,0.5,0.0,0.0,0.15115797519683838,0.08730040490627289,0.15010787546634674,3.073967933654785,0.025391051545739174,3.073967933654785,0.025391051545739174,231.44471740722656,0.0,49.2433967590332
3482,70.00491285324097,0.5,0.0,0.0,0.14831188321113586,0.08324030786752701,0.22205571830272675,3.0854718685150146,0.03000999242067337,3.0854718685150146,0.03000999242067337,213.60020446777344,0.0,49.2433967590332
3483,70.03787040710449,0.5,0.0,0.0,0.1436253935098648,0.08755801618099213,0.2304985672235489,3.101792812347412,0.03534391149878502,3.101792812347412,0.03534391149878502,173.50390625,0.0,49.2433967590332
3484,70.0508143901825,0.5,0.0,0.0,0.12833522260189056,0.10173770040273666,0.2173243761062622,3.1194982528686523,0.040250398218631744,3.1194982528686523,0.040250398218631744,120.34782409667969,0.0,49.2433967590332
3485,70.07832264900208,0.5,0.0,0.0,0.091891348361969,0.12482497096061707,0.15790431201457977,3.1370863914489746,0.047408975660800934,3.1370863914489746,0.047408975660800934,42.534446716308594,0.0,49.2433967590332
3486,70.09091806411743,0.5,0.0,0.0,0.06848719716072083,0.16377201676368713,0.28900501132011414,-3.131532669067383,0.05280446633696556,3.131532669067383,0.05280446633696556,0.0,142.6442413330078,49.2433967590332
3487,70.11773586273193,0.5,0.0,0.0,0.04878253862261772,0.20678755640983582,0.38278958201408386,-3.12274169921875,0.04529714211821556,3.12274169921875,0.04529714211821556,0.0,159.27182006835938,49.2433967590332
3488,70.1286108493805,0.5,0.0,0.0,0.03460562974214554,0.2468387931585312,0.4496327042579651,-3.1156742572784424,0.02909473329782486,3.1156742572784424,0.02909473329782486,0.0,181.69671630859375,49.2433967590332
3489,70.16019916534424,0.5,0.0,0.0,0.022018615156412125,0.2905963063240051,0.5539959073066711,-3.107877731323242,0.008854230865836143,3.107877731323242,0.008854230865836143,0.0,205.59481811523438,44.20280456542969
3490,70.17154812812805,0.5,0.0,0.0,-0.02717740274965763,0.2978079915046692,0.5830965638160706,-3.10299015045166,-0.0018862751312553883,3.10299015045166,0.0018862751312553883,0.0,230.93753051757812,44.20280456542969
3491,70.20105004310608,0.5,0.0,0.0,-0.07430411130189896,0.3135283291339874,0.6036516427993774,-3.103614091873169,-9.05952911125496e-05,3.103614091873169,9.05952911125496e-05,0.0,257.8397521972656,44.20280456542969
3492,70.21404671669006,0.5,0.0,0.0,-0.12971656024456024,0.33545413613319397,0.5063025951385498,-3.1095645427703857,0.010023865848779678,3.1095645427703857,0.010023865848779678,0.0,264.9806823730469,44.20280456542969
3493,70.2410261631012,0.5,0.0,0.0,-0.1920969933271408,0.358384370803833,0.16867445409297943,-3.1202428340911865,0.026477955281734467,3.1202428340911865,0.026477955281734467,0.0,266.8272399902344,44.20280456542969
3494,70.25181317329407,0.5,0.0,0.0,-0.2506241500377655,0.3779290020465851,-0.31382694840431213,-3.1350021362304688,0.04460727050900459,3.1350021362304688,0.04460727050900459,0.0,247.8238525390625,44.20280456542969
3495,70.27846074104309,0.5,0.0,0.0,-0.29658380150794983,0.3837903141975403,-0.7347761392593384,3.131322145462036,0.058615975081920624,3.131322145462036,0.058615975081920624,0.0,210.3218994140625,44.20280456542969
3496,70.28957867622375,0.5,0.0,0.0,-0.31999829411506653,0.3580459654331207,-0.9927024841308594,3.1153388023376465,0.06844187527894974,3.1153388023376465,0.06844187527894974,0.0,153.57638549804688,44.20280456542969
3497,70.32095384597778,0.5,0.0,0.0,-0.35469135642051697,0.30334436893463135,-0.642663836479187,3.1047396659851074,0.076732337474823,3.1047396659851074,0.076732337474823,0.0,69.63014221191406,44.20280456542969
3498,70.33258771896362,0.5,0.0,0.0,-0.32633915543556213,0.19198772311210632,-0.25981149077415466,3.107513904571533,0.07783415168523788,3.107513904571533,0.07783415168523788,279.4464111328125,34.769439697265625,44.20280456542969
3499,70.35932111740112,0.5,0.0,0.0,-0.32531842589378357,0.10484879463911057,0.29838764667510986,3.1150875091552734,0.07331518083810806,3.1150875091552734,0.07331518083810806,218.31314086914062,0.0,0.0
3500,70.37065601348877,0.5,0.0,0.0,-0.29390838742256165,0.05839468538761139,0.6817431449890137,3.121629238128662,0.06037989258766174,3.121629238128662,0.06037989258766174,140.10574340820312,0.0,0.0
