t_step,wall_time_s,cmd_vx,cmd_vy,cmd_wz,act_vx,act_vy,act_wz,roll,pitch
0,0.028429269790649414,0.3352386951446533,0.05151503160595894,-0.08995325118303299,0.008481011725962162,-0.2117341160774231,0.31889063119888306,-3.1415538787841797,-0.02033129706978798
1,0.24370241165161133,0.3352386951446533,0.05151503160595894,-0.08995325118303299,0.027429703623056412,-0.21408571302890778,0.18381530046463013,-3.135967969894409,-0.06047455966472626
2,0.27298712730407715,0.3352386951446533,0.05151503160595894,-0.08995325118303299,0.046298909932374954,-0.21774674952030182,0.12150802463293076,-3.1283388137817383,-0.11017893254756927
3,0.3008589744567871,0.3352386951446533,0.05151503160595894,-0.08995325118303299,0.07106772065162659,-0.2226259857416153,0.15846796333789825,-3.1222264766693115,-0.15695370733737946
4,0.3114814758300781,0.3352386951446533,0.05151503160595894,-0.08995325118303299,0.1075371652841568,-0.2235354483127594,0.25489237904548645,-3.121328353881836,-0.19344449043273926
5,0.3419198989868164,0.3352386951446533,0.05151503160595894,-0.08995325118303299,0.15050125122070312,-0.2189832627773285,0.3393758535385132,-3.1275880336761475,-0.21766363084316254
6,0.3529317378997803,0.3352386951446533,0.05151503160595894,-0.08995325118303299,0.19036167860031128,-0.20728743076324463,0.3902628421783447,-3.140695095062256,-0.22889457643032074
7,0.3925173282623291,0.3352386951446533,0.05151503160595894,-0.08995325118303299,0.22224530577659607,-0.18640822172164917,0.38022419810295105,3.1240897178649902,-0.22747084498405457
8,0.4043405055999756,0.3352386951446533,0.05151503160595894,-0.08995325118303299,0.24326735734939575,-0.15593321621418,0.31149643659591675,3.1030402183532715,-0.21631602942943573
9,0.4356396198272705,0.3352386951446533,0.05151503160595894,-0.08995325118303299,0.2523503005504608,-0.11781734228134155,0.19603849947452545,3.081923723220825,-0.19932574033737183
10,0.4476304054260254,0.3352386951446533,0.05151503160595894,-0.08995325118303299,0.35447585582733154,-0.348079651594162,0.1701304316520691,3.0670864582061768,-0.18013696372509003
11,0.4808065891265869,0.3352386951446533,0.05151503160595894,-0.08995325118303299,0.2469489425420761,-0.29923519492149353,-0.6294347047805786,3.1139280796051025,-0.18605159223079681
12,0.492509126663208,0.3352386951446533,0.05151503160595894,-0.08995325118303299,0.16636106371879578,-0.15706010162830353,-0.6587391495704651,3.09727144241333,-0.1697455197572708
13,0.5198071002960205,0.3352386951446533,0.05151503160595894,-0.08995325118303299,0.09839341789484024,-0.08471902459859848,-0.3534085154533386,3.081517219543457,-0.1566186547279358
14,0.5307652950286865,0.3352386951446533,0.05151503160595894,-0.08995325118303299,0.07391960918903351,-0.05049172416329384,-0.1827283650636673,3.0756144523620605,-0.14188751578330994
15,0.5589399337768555,0.3352386951446533,0.05151503160595894,-0.08995325118303299,0.08481073379516602,-0.024603091180324554,-0.08236981183290482,3.0713860988616943,-0.12873198091983795
16,0.5695850849151611,0.3352386951446533,0.05151503160595894,-0.08995325118303299,0.11079125106334686,-0.0035940282978117466,0.02228090912103653,3.0654423236846924,-0.12129443883895874
17,0.5963385105133057,0.3352386951446533,0.05151503160595894,-0.08995325118303299,0.12875640392303467,0.026123713701963425,0.10431079566478729,3.0563085079193115,-0.12037070840597153
18,0.6099543571472168,0.3352386951446533,0.05151503160595894,-0.08995325118303299,0.1328348070383072,0.06290706247091293,0.21883080899715424,3.0417466163635254,-0.12239868938922882
19,0.6402902603149414,0.3352386951446533,0.05151503160595894,-0.08995325118303299,0.13101492822170258,0.10020455718040466,0.4002966582775116,3.021911382675171,-0.12334269285202026
20,0.6558077335357666,0.3352386951446533,0.05151503160595894,-0.08995325118303299,0.1314517855644226,0.13333210349082947,0.6044001579284668,2.9987900257110596,-0.12080033123493195
21,0.6832146644592285,0.3352386951446533,0.05151503160595894,-0.08995325118303299,0.1404878795146942,0.15653061866760254,0.7854261994361877,2.9771249294281006,-0.11318836361169815
22,0.6938385963439941,0.3352386951446533,0.05151503160595894,-0.08995325118303299,0.1635146588087082,0.16251802444458008,0.9260814785957336,2.964552879333496,-0.10123295336961746
23,0.7197918891906738,0.3352386951446533,0.05151503160595894,-0.08995325118303299,0.1906297653913498,0.15369251370429993,0.9854698181152344,2.967122793197632,-0.08700940757989883
24,0.7304670810699463,0.3352386951446533,0.05151503160595894,-0.08995325118303299,0.21540595591068268,0.15498152375221252,0.9488425254821777,2.982123613357544,-0.0737767219543457
25,0.756148099899292,0.3352386951446533,0.05151503160595894,-0.08995325118303299,0.24109576642513275,0.18073636293411255,0.8808058500289917,3.0012595653533936,-0.06566857546567917
26,0.7662746906280518,0.3352386951446533,0.05151503160595894,-0.08995325118303299,0.266745001077652,0.22208181023597717,0.81432044506073,3.0171918869018555,-0.06451743841171265
27,0.79327392578125,0.3352386951446533,0.05151503160595894,-0.08995325118303299,0.28928059339523315,0.2566671073436737,0.7699169516563416,3.026939868927002,-0.06784070283174515
28,0.8033666610717773,0.3352386951446533,0.05151503160595894,-0.08995325118303299,0.30944931507110596,0.27258169651031494,0.759600818157196,3.033245086669922,-0.07149025797843933
29,0.8301224708557129,0.3352386951446533,0.05151503160595894,-0.08995325118303299,0.33115464448928833,0.28095611929893494,0.7415217161178589,3.0398664474487305,-0.07314819097518921
30,0.8399858474731445,0.3352386951446533,0.05151503160595894,-0.08995325118303299,0.34706249833106995,0.288603276014328,0.6916137337684631,3.048328399658203,-0.07034852355718613
31,0.8659958839416504,0.3352386951446533,0.05151503160595894,-0.08995325118303299,0.3719087541103363,0.2593393623828888,1.1042029857635498,3.060570240020752,-0.07711786031723022
32,0.8758881092071533,0.3352386951446533,0.05151503160595894,-0.08995325118303299,0.33254989981651306,0.1960536241531372,0.805107831954956,3.0838513374328613,-0.09008768200874329
33,0.9025623798370361,0.3352386951446533,0.05151503160595894,-0.08995325118303299,0.3107573390007019,0.13632142543792725,0.2935183048248291,3.0980539321899414,-0.08663693070411682
34,0.9129629135131836,0.3352386951446533,0.05151503160595894,-0.08995325118303299,0.30554792284965515,0.0847226083278656,-0.012508485466241837,3.1034328937530518,-0.08231724053621292
35,0.9377040863037109,0.3352386951446533,0.05151503160595894,-0.08995325118303299,0.30427613854408264,0.04217300936579704,-0.007876061834394932,3.105259656906128,-0.08026828616857529
36,0.9483428001403809,0.3352386951446533,0.05151503160595894,-0.08995325118303299,0.3034254312515259,0.009748594835400581,0.05282946303486824,3.1047353744506836,-0.07669539004564285
37,0.9740221500396729,0.3352386951446533,0.05151503160595894,-0.08995325118303299,0.30665647983551025,-0.019162891432642937,0.11227082461118698,3.100809335708618,-0.07021991163492203
38,0.9878573417663574,0.3352386951446533,0.05151503160595894,-0.08995325118303299,0.314632385969162,-0.04711150750517845,0.16328687965869904,3.0943920612335205,-0.062442000955343246
39,1.0140705108642578,0.3352386951446533,0.05151503160595894,-0.08995325118303299,0.32422229647636414,-0.07399021089076996,0.22311505675315857,3.0869336128234863,-0.054016780108213425
40,1.0248146057128906,0.3352386951446533,0.05151503160595894,-0.08995325118303299,0.33476677536964417,-0.10046979039907455,0.2710651755332947,3.0793890953063965,-0.04466461390256882
41,1.0524303913116455,0.3352386951446533,0.05151503160595894,-0.08995325118303299,0.3447900712490082,-0.12566277384757996,0.2910785675048828,3.072597026824951,-0.034293726086616516
42,1.0630853176116943,0.3352386951446533,0.05151503160595894,-0.08995325118303299,0.3637273609638214,-0.14507566392421722,0.24632194638252258,3.0672383308410645,-0.023489782586693764
43,1.090900182723999,0.3352386951446533,0.05151503160595894,-0.08995325118303299,0.38080257177352905,-0.1586439162492752,0.055588576942682266,3.060588836669922,-0.02353876642882824
44,1.1022157669067383,0.3352386951446533,0.05151503160595894,-0.08995325118303299,0.3794707953929901,-0.1711668074131012,-0.05362667143344879,3.057828187942505,-0.02798972651362419
45,1.1281261444091797,0.3352386951446533,0.05151503160595894,-0.08995325118303299,0.37148940563201904,-0.17647406458854675,-0.10814547538757324,3.060755491256714,-0.029560578987002373
46,1.139868974685669,0.3352386951446533,0.05151503160595894,-0.08995325118303299,0.36853572726249695,-0.179979145526886,-0.17168132960796356,3.06685733795166,-0.02818218059837818
47,1.166743516921997,0.3352386951446533,0.05151503160595894,-0.08995325118303299,0.37165215611457825,-0.1778334230184555,-0.23053400218486786,3.0736801624298096,-0.02620692178606987
48,1.1774139404296875,0.3352386951446533,0.05151503160595894,-0.08995325118303299,0.3723396062850952,-0.15960121154785156,-0.24542054533958435,3.0788631439208984,-0.02514730393886566
49,1.2046618461608887,0.3352386951446533,0.05151503160595894,-0.08995325118303299,0.36116713285446167,-0.11311528831720352,-0.14682307839393616,3.0772461891174316,-0.02540450356900692
50,1.2153797149658203,0.3352386951446533,0.05151503160595894,-0.08995325118303299,0.34360700845718384,-0.06366387754678726,-0.08475202322006226,3.067502021789551,-0.02647092007100582
51,1.241957187652588,0.3352386951446533,0.05151503160595894,-0.08995325118303299,0.33301857113838196,-0.02544819749891758,-0.05702867731451988,3.0535354614257812,-0.027054721489548683
52,1.2543320655822754,0.3352386951446533,0.05151503160595894,-0.08995325118303299,0.3316851854324341,0.0040357387624681,-0.016848573461174965,3.039301872253418,-0.026592059060931206
53,1.2813739776611328,0.3352386951446533,0.05151503160595894,-0.08995325118303299,0.33621251583099365,0.02899348922073841,0.03129719942808151,3.02729868888855,-0.02541751228272915
54,1.2930524349212646,0.3352386951446533,0.05151503160595894,-0.08995325118303299,0.34499767422676086,0.05089220777153969,0.08749952912330627,3.0186681747436523,-0.023640969768166542
55,1.3206305503845215,0.3352386951446533,0.05151503160595894,-0.08995325118303299,0.3583947420120239,0.06836573034524918,0.14913010597229004,3.0147013664245605,-0.02154499851167202
56,1.3313374519348145,0.3352386951446533,0.05151503160595894,-0.08995325118303299,0.3744865655899048,0.08331787586212158,0.19912362098693848,3.0167975425720215,-0.019832035526633263
57,1.358203411102295,0.3352386951446533,0.05151503160595894,-0.08995325118303299,0.3899081349372864,0.10129345953464508,0.20948229730129242,3.024970054626465,-0.019210170954465866
58,1.369783639907837,0.3352386951446533,0.05151503160595894,-0.08995325118303299,0.4024091958999634,0.12530548870563507,0.1815490871667862,3.0370633602142334,-0.019684046506881714
59,1.397139310836792,0.3352386951446533,0.05151503160595894,-0.08995325118303299,0.41376253962516785,0.15125997364521027,0.1663854718208313,3.0497496128082275,-0.020701851695775986
60,1.4081854820251465,0.3352386951446533,0.05151503160595894,-0.08995325118303299,0.4249749481678009,0.17141255736351013,0.1699155867099762,3.0612850189208984,-0.021273264661431313
61,1.436063289642334,0.3352386951446533,0.05151503160595894,-0.08995325118303299,0.43620771169662476,0.18966977298259735,0.160889133810997,3.0707905292510986,-0.019909774884581566
62,1.4476757049560547,0.3352386951446533,0.05151503160595894,-0.08995325118303299,0.41360703110694885,0.2228943109512329,0.2218511998653412,3.073726177215576,-0.018081245943903923
63,1.4748740196228027,0.3352386951446533,0.05151503160595894,-0.08995325118303299,0.38077470660209656,0.1877162754535675,0.08055545389652252,3.076714515686035,-0.01966266520321369
64,1.4879693984985352,0.3352386951446533,0.05151503160595894,-0.08995325118303299,0.3488909602165222,0.152959406375885,0.024936683475971222,3.0757248401641846,-0.007751788012683392
65,1.519118309020996,0.3352386951446533,0.05151503160595894,-0.08995325118303299,0.32947805523872375,0.11053452640771866,0.015425115823745728,3.0752370357513428,0.004137818701565266
66,1.5311615467071533,0.3352386951446533,0.05151503160595894,-0.08995325118303299,0.3125108778476715,0.07388819754123688,-0.09644407033920288,3.07950496673584,0.008981726132333279
67,1.5585451126098633,0.3352386951446533,0.05151503160595894,-0.08995325118303299,0.29631057381629944,0.04875970631837845,-0.13808144629001617,3.0856847763061523,0.007343810983002186
68,1.5698142051696777,0.3352386951446533,0.05151503160595894,-0.08995325118303299,0.2814733684062958,0.030902627855539322,-0.1351896971464157,3.091888904571533,0.0036231752019375563
69,1.5972371101379395,0.3352386951446533,0.05151503160595894,-0.08995325118303299,0.2693222463130951,0.014198980294167995,-0.13529635965824127,3.0974771976470947,0.00018708404968492687
70,1.6084363460540771,0.3352386951446533,0.05151503160595894,-0.08995325118303299,0.2598347067832947,-0.002783150179311633,-0.12727004289627075,3.101590394973755,-0.0025757555849850178
71,1.6365408897399902,0.3352386951446533,0.05151503160595894,-0.08995325118303299,0.2516538202762604,-0.020447736606001854,-0.10791222751140594,3.1035351753234863,-0.004352492745965719
72,1.648223638534546,0.3352386951446533,0.05151503160595894,-0.08995325118303299,0.24510154128074646,-0.039219457656145096,-0.0915038138628006,3.103480339050293,-0.005194245837628841
73,1.6754164695739746,0.3352386951446533,0.05151503160595894,-0.08995325118303299,0.24072836339473724,-0.0595657154917717,-0.07679834961891174,3.10210919380188,-0.005797357764095068
74,1.687565803527832,0.3352386951446533,0.05151503160595894,-0.08995325118303299,0.23790068924427032,-0.08075694739818573,-0.06978167593479156,3.0995872020721436,-0.006624785251915455
75,1.7136950492858887,0.3352386951446533,0.05151503160595894,-0.08995325118303299,0.23643909394741058,-0.10161035507917404,-0.05682959407567978,3.095637321472168,-0.007466482929885387
76,1.727024793624878,0.3352386951446533,0.05151503160595894,-0.08995325118303299,0.23592805862426758,-0.12289118021726608,-0.039952293038368225,3.0904688835144043,-0.007800661493092775
77,1.7559847831726074,0.3352386951446533,0.05151503160595894,-0.08995325118303299,0.23535305261611938,-0.1466127634048462,-0.02760864421725273,3.0853774547576904,-0.006692056078463793
78,1.7663488388061523,0.3352386951446533,0.05151503160595894,-0.08995325118303299,0.23510052263736725,-0.1731795370578766,0.00034037092700600624,3.0821216106414795,-0.0029624674934893847
79,1.7940967082977295,0.3352386951446533,0.05151503160595894,-0.08995325118303299,0.23633021116256714,-0.20215855538845062,0.03723246976733208,3.0823700428009033,0.004095551557838917
80,1.8053009510040283,0.3352386951446533,0.05151503160595894,-0.08995325118303299,0.25544875860214233,-0.21544386446475983,-0.12299171090126038,3.082961082458496,0.0075457533821463585
81,1.832188367843628,0.3352386951446533,0.05151503160595894,-0.08995325118303299,0.2592998743057251,-0.2261916846036911,-0.07735232263803482,3.084728717803955,0.006008599419146776
82,1.8435299396514893,0.3352386951446533,0.05151503160595894,-0.08995325118303299,0.2601890563964844,-0.2276008576154709,-0.0719711184501648,3.0916364192962646,0.006299663335084915
83,1.8729009628295898,0.3352386951446533,0.05151503160595894,-0.08995325118303299,0.26016151905059814,-0.20490708947181702,-0.12218503654003143,3.098323345184326,0.007759083993732929
84,1.8836266994476318,0.3352386951446533,0.05151503160595894,-0.08995325118303299,0.2505258619785309,-0.15441292524337769,-0.0958176925778389,3.09661865234375,0.008385500870645046
85,1.9095878601074219,0.3352386951446533,0.05151503160595894,-0.08995325118303299,0.23546844720840454,-0.10495542734861374,-0.059641700237989426,3.08747935295105,0.007861589081585407
86,1.9204802513122559,0.3352386951446533,0.05151503160595894,-0.08995325118303299,0.22903864085674286,-0.06763122975826263,-0.03832279145717621,3.0779213905334473,0.007082832977175713
87,1.9455046653747559,0.3352386951446533,0.05151503160595894,-0.08995325118303299,0.22963961958885193,-0.037132903933525085,-0.00983770564198494,3.071345567703247,0.00694655068218708
88,1.9638373851776123,0.3352386951446533,0.05151503160595894,-0.08995325118303299,0.23525147140026093,-0.008903894573450089,0.0005469296593219042,3.067970037460327,0.00760491332039237
89,2.011997938156128,0.3352386951446533,0.05151503160595894,-0.08995325118303299,0.24397294223308563,0.01767071522772312,0.01899166963994503,3.067039728164673,0.008590911515057087
90,2.024893045425415,0.3352386951446533,0.05151503160595894,-0.08995325118303299,0.25447922945022583,0.04544069617986679,0.019833426922559738,3.067958354949951,0.009175748564302921
91,2.0509068965911865,0.3352386951446533,0.05151503160595894,-0.08995325118303299,0.2657663822174072,0.07697169482707977,0.015364342369139194,3.0699470043182373,0.008623290807008743
92,2.0620155334472656,0.3352386951446533,0.05151503160595894,-0.08995325118303299,0.2773871123790741,0.1095922440290451,0.03661339357495308,3.0724005699157715,0.006667090579867363
93,2.088796615600586,0.3352386951446533,0.05151503160595894,-0.08995325118303299,0.2880939245223999,0.14186492562294006,0.04974399507045746,3.076054096221924,0.004055220168083906
94,2.100262403488159,0.3352386951446533,0.05151503160595894,-0.08995325118303299,0.2979173958301544,0.17231832444667816,0.054798878729343414,3.081979751586914,0.0019790437072515488
95,2.127202272415161,0.3352386951446533,0.05151503160595894,-0.08995325118303299,0.30752238631248474,0.20513415336608887,0.03674876317381859,3.0888402462005615,0.0013661383418366313
96,2.1380226612091064,0.3352386951446533,0.05151503160595894,-0.08995325118303299,0.31520891189575195,0.24056348204612732,0.007627980783581734,3.0927934646606445,0.003934559412300587
97,2.164757490158081,0.3352386951446533,0.05151503160595894,-0.08995325118303299,0.3174632489681244,0.2568700313568115,0.2814720869064331,3.094149351119995,-0.0026279077865183353
98,2.176241159439087,0.3352386951446533,0.05151503160595894,-0.08995325118303299,0.3001787066459656,0.239835724234581,0.16312254965305328,3.100895881652832,-0.0077956560999155045
99,2.2013909816741943,0.3352386951446533,0.05151503160595894,-0.08995325118303299,0.29301485419273376,0.21190054714679718,0.059769537299871445,3.1041319370269775,-0.003999293781816959
100,2.211954116821289,0.3352386951446533,0.05151503160595894,-0.08995325118303299,0.2903146743774414,0.17160698771476746,-0.07520167529582977,3.1064982414245605,-0.0015211314894258976
101,2.237424373626709,0.3352386951446533,0.05151503160595894,-0.08995325118303299,0.28599482774734497,0.13497556746006012,-0.08694850653409958,3.11020565032959,-0.0031365156173706055
102,2.2477548122406006,0.3352386951446533,0.05151503160595894,-0.08995325118303299,0.2820713520050049,0.10781160742044449,-0.06880500912666321,3.1146318912506104,-0.006311648990958929
103,2.274334669113159,0.3352386951446533,0.05151503160595894,-0.08995325118303299,0.28007984161376953,0.08542385697364807,-0.07803099602460861,3.118821144104004,-0.008881408721208572
104,2.2848258018493652,0.3352386951446533,0.05151503160595894,-0.08995325118303299,0.2808883786201477,0.06531661748886108,-0.08091980963945389,3.1218249797821045,-0.010242770425975323
105,2.3119254112243652,0.3352386951446533,0.05151503160595894,-0.08995325118303299,0.2846176326274872,0.04558553174138069,-0.0758410096168518,3.12349009513855,-0.010689977556467056
106,2.322573661804199,0.3352386951446533,0.05151503160595894,-0.08995325118303299,0.29078805446624756,0.024907633662223816,-0.08170662075281143,3.1241374015808105,-0.011012421920895576
107,2.3488807678222656,0.3352386951446533,0.05151503160595894,-0.08995325118303299,0.29883381724357605,0.0035449210554361343,-0.08120783418416977,3.1233625411987305,-0.011571109294891357
108,2.3604676723480225,0.3352386951446533,0.05151503160595894,-0.08995325118303299,0.3089189827442169,-0.017185714095830917,-0.06344031542539597,3.120314359664917,-0.01221106294542551
109,2.3901548385620117,0.3352386951446533,0.05151503160595894,-0.08995325118303299,0.32107219099998474,-0.03689734637737274,-0.04922875016927719,3.114655017852783,-0.012638143263757229
110,2.404360055923462,0.3352386951446533,0.05151503160595894,-0.08995325118303299,0.3363240659236908,-0.056354671716690063,-0.03741265833377838,3.1068668365478516,-0.012650731019675732
111,2.429873466491699,0.3352386951446533,0.05151503160595894,-0.08995325118303299,0.35428184270858765,-0.07818060368299484,-0.011377803981304169,3.098829746246338,-0.011641413904726505
112,2.43998646736145,0.3352386951446533,0.05151503160595894,-0.08995325118303299,0.3756411671638489,-0.10396195948123932,0.007568206172436476,3.0937116146087646,-0.009371556341648102
113,2.4659106731414795,0.3352386951446533,0.05151503160595894,-0.08995325118303299,0.3984311819076538,-0.13123290240764618,0.01678718626499176,3.0943524837493896,-0.005513619165867567
114,2.4764015674591064,0.3352386951446533,0.05151503160595894,-0.08995325118303299,0.4169829487800598,-0.15521633625030518,-0.030035914853215218,3.1030023097991943,0.002597578102722764
115,2.5021278858184814,0.3352386951446533,0.05151503160595894,-0.08995325118303299,0.4209849238395691,-0.16508296132087708,-0.16878339648246765,3.1175405979156494,0.009306908585131168
116,2.5149221420288086,0.3352386951446533,0.05151503160595894,-0.08995325118303299,0.4000503718852997,-0.134583979845047,-0.19902732968330383,3.127696990966797,0.015571990981698036
117,2.543131113052368,0.3352386951446533,0.05151503160595894,-0.08995325118303299,0.36281174421310425,-0.08470439165830612,-0.06222536042332649,3.122274160385132,0.02147667296230793
118,2.55344820022583,0.3352386951446533,0.05151503160595894,-0.08995325118303299,0.32984620332717896,-0.04852191358804703,-0.03962951526045799,3.1075992584228516,0.026189368218183517
119,2.5833334922790527,0.3352386951446533,0.05151503160595894,-0.08995325118303299,0.3076586425304413,-0.021626880392432213,-0.03324427828192711,3.092325210571289,0.02970309369266033
120,2.601666212081909,0.3352386951446533,0.05151503160595894,-0.08995325118303299,0.2941429913043976,0.00045928830513730645,-0.01605413481593132,3.080500364303589,0.03133832663297653
121,2.639948844909668,0.3352386951446533,0.05151503160595894,-0.08995325118303299,0.2851417660713196,0.019774241372942924,0.011167293414473534,3.072993278503418,0.031403638422489166
122,2.650866985321045,0.3352386951446533,0.05151503160595894,-0.08995325118303299,0.28050652146339417,0.036919862031936646,0.04294204339385033,3.069007635116577,0.031279195100069046
123,2.676497220993042,0.3352386951446533,0.05151503160595894,-0.08995325118303299,0.28061339259147644,0.05099445581436157,0.08014985173940659,3.0676209926605225,0.03201984241604805
124,2.687544107437134,0.3352386951446533,0.05151503160595894,-0.08995325118303299,0.2829873859882355,0.06221437826752663,0.12790527939796448,3.0686233043670654,0.033719174563884735
125,2.7202916145324707,0.3352386951446533,0.05151503160595894,-0.08995325118303299,0.2848049998283386,0.07478167116641998,0.14902473986148834,3.071756601333618,0.03572973608970642
126,2.7321178913116455,0.3352386951446533,0.05151503160595894,-0.08995325118303299,0.28677383065223694,0.09206186980009079,0.1352394074201584,3.075972318649292,0.03681394085288048
127,2.7585678100585938,0.3352386951446533,0.05151503160595894,-0.08995325118303299,0.28883078694343567,0.11446850746870041,0.11386790871620178,3.0799238681793213,0.03608401492238045
128,2.769727945327759,0.3352386951446533,0.05151503160595894,-0.08995325118303299,0.28878140449523926,0.13887445628643036,0.07754088193178177,3.0837416648864746,0.034427616745233536
129,2.7969844341278076,0.3352386951446533,0.05151503160595894,-0.08995325118303299,0.28775858879089355,0.16283148527145386,0.026527684181928635,3.088658332824707,0.03352217376232147
130,2.8078784942626953,0.3352386951446533,0.05151503160595894,-0.08995325118303299,0.2883564233779907,0.19199375808238983,-0.04347386956214905,3.093348979949951,0.034032002091407776
131,2.8333146572113037,0.3352386951446533,0.05151503160595894,-0.08995325118303299,0.28893107175827026,0.2241075038909912,-0.12289026379585266,3.0940089225769043,0.03735750913619995
132,2.84330153465271,0.3352386951446533,0.05151503160595894,-0.08995325118303299,0.28612035512924194,0.2387024313211441,0.1863054484128952,3.0906546115875244,0.035716354846954346
133,2.8697569370269775,0.3352386951446533,0.05151503160595894,-0.08995325118303299,0.27588436007499695,0.21298794448375702,0.09974305331707001,3.0952885150909424,0.03081294149160385
134,2.880810499191284,0.3352386951446533,0.05151503160595894,-0.08995325118303299,0.2701258361339569,0.17707543075084686,0.051340751349925995,3.101408004760742,0.03297465667128563
135,2.9070935249328613,0.3352386951446533,0.05151503160595894,-0.08995325118303299,0.27199286222457886,0.13937431573867798,-0.07620425522327423,3.1094422340393066,0.030947959050536156
136,2.918088912963867,0.3352386951446533,0.05151503160595894,-0.08995325118303299,0.267994225025177,0.10891631245613098,-0.08704239130020142,3.115762710571289,0.02396460995078087
137,2.9431848526000977,0.3352386951446533,0.05151503160595894,-0.08995325118303299,0.2620304524898529,0.0825309008359909,-0.0852925255894661,3.1193525791168213,0.01744149811565876
138,2.9546425342559814,0.3352386951446533,0.05151503160595894,-0.08995325118303299,0.2587568759918213,0.05526471138000488,-0.08206158876419067,3.1205086708068848,0.013037391006946564
139,2.980830430984497,0.3352386951446533,0.05151503160595894,-0.08995325118303299,0.25916916131973267,0.026686247438192368,-0.07036440819501877,3.119741201400757,0.01014915481209755
140,2.9924063682556152,0.3352386951446533,0.05151503160595894,-0.08995325118303299,0.26246631145477295,-0.001877379952929914,-0.06031497195363045,3.1177237033843994,0.008206620812416077
141,3.0178568363189697,0.3352386951446533,0.05151503160595894,-0.08995325118303299,0.2685559391975403,-0.0293373242020607,-0.045043282210826874,3.1143922805786133,0.006890563759952784
142,3.0282747745513916,0.3352386951446533,0.05151503160595894,-0.08995325118303299,0.2766883969306946,-0.05598609149456024,-0.03265100717544556,3.109292507171631,0.006139123346656561
143,3.054234504699707,0.3352386951446533,0.05151503160595894,-0.08995325118303299,0.284741073846817,-0.08346080034971237,-0.0278154406696558,3.103252649307251,0.006601695902645588
144,3.064805746078491,0.3352386951446533,0.05151503160595894,-0.08995325118303299,0.2939249575138092,-0.11322755366563797,-0.010819796472787857,3.0982439517974854,0.008871610276401043
145,3.090263605117798,0.3352386951446533,0.05151503160595894,-0.08995325118303299,0.3057064414024353,-0.14567092061042786,0.004979482851922512,3.0962929725646973,0.012878075242042542
146,3.1009585857391357,0.3352386951446533,0.05151503160595894,-0.08995325118303299,0.32312363386154175,-0.1750069558620453,-0.03018711879849434,3.098799705505371,0.018201295286417007
147,3.128500461578369,0.3352386951446533,0.05151503160595894,-0.08995325118303299,0.33180397748947144,-0.1923782080411911,-0.08766905218362808,3.1039392948150635,0.018189717084169388
148,3.1390750408172607,0.3352386951446533,0.05151503160595894,-0.08995325118303299,0.33093684911727905,-0.19832843542099,-0.16361796855926514,3.1125104427337646,0.018062490969896317
149,3.1648309230804443,0.3352386951446533,0.05151503160595894,-0.08995325118303299,0.32384610176086426,-0.1770509034395218,-0.19581720232963562,3.1188583374023438,0.018692148849368095
150,3.175722599029541,0.3352386951446533,0.05151503160595894,-0.08995325118303299,0.30365103483200073,-0.12965159118175507,-0.09506453573703766,3.1155688762664795,0.018197011202573776
151,3.202415704727173,0.3352386951446533,0.05151503160595894,-0.08995325118303299,0.2785809636116028,-0.08920732140541077,-0.07156141102313995,3.105295419692993,0.01713518239557743
152,3.2130136489868164,0.3352386951446533,0.05151503160595894,-0.08995325118303299,0.2629508972167969,-0.05879056826233864,-0.06641044467687607,3.0939385890960693,0.016657846048474312
153,3.239368200302124,0.3352386951446533,0.05151503160595894,-0.08995325118303299,0.25532835721969604,-0.03452945873141289,-0.04603106528520584,3.084566831588745,0.016625232994556427
154,3.250457763671875,0.3352386951446533,0.05151503160595894,-0.08995325118303299,0.2528040409088135,-0.012781962752342224,-0.02670939639210701,3.0782086849212646,0.016709337010979652
155,3.277459144592285,0.3352386951446533,0.05151503160595894,-0.08995325118303299,0.25380098819732666,0.0066697001457214355,0.008859191089868546,3.074653148651123,0.01697242632508278
156,3.2886545658111572,0.3352386951446533,0.05151503160595894,-0.08995325118303299,0.25765296816825867,0.023858414962887764,0.0364576019346714,3.0736260414123535,0.01771548204123974
157,3.3150041103363037,0.3352386951446533,0.05151503160595894,-0.08995325118303299,0.2634737193584442,0.040686916559934616,0.053637634962797165,3.0748178958892822,0.018798651173710823
158,3.3264405727386475,0.3352386951446533,0.05151503160595894,-0.08995325118303299,0.27114593982696533,0.059054821729660034,0.06801334023475647,3.077812433242798,0.01929483376443386
159,3.353337049484253,0.3352386951446533,0.05151503160595894,-0.08995325118303299,0.2796291708946228,0.08310911059379578,0.07038689404726028,3.081437826156616,0.018223300576210022
160,3.363391637802124,0.3352386951446533,0.05151503160595894,-0.08995325118303299,0.2877442240715027,0.11016954481601715,0.07234955579042435,3.0848076343536377,0.015584856271743774
161,3.3904855251312256,0.3352386951446533,0.05151503160595894,-0.08995325118303299,0.29382798075675964,0.13514305651187897,0.07808580994606018,3.0888190269470215,0.012790432199835777
162,3.400700092315674,0.3352386951446533,0.05151503160595894,-0.08995325118303299,0.2988792061805725,0.1593753546476364,0.05672008916735649,3.094837188720703,0.011525566689670086
163,3.4272215366363525,0.3352386951446533,0.05151503160595894,-0.08995325118303299,0.3059404194355011,0.1881403774023056,0.002628881484270096,3.10123348236084,0.012296631932258606
164,3.440260648727417,0.3352386951446533,0.05151503160595894,-0.08995325118303299,0.31416943669319153,0.22091445326805115,-0.06659607589244843,3.1037333011627197,0.01593666709959507
165,3.46994686126709,0.3352386951446533,0.05151503160595894,-0.08995325118303299,0.3128914535045624,0.24314633011817932,0.15348702669143677,3.1001052856445312,0.016469186171889305
166,3.484588861465454,0.3352386951446533,0.05151503160595894,-0.08995325118303299,0.29531562328338623,0.22327318787574768,0.2249559909105301,3.1035401821136475,0.0163264162838459
167,3.509904623031616,0.3352386951446533,0.05151503160595894,-0.08995325118303299,0.2882225215435028,0.18809087574481964,0.08616103231906891,3.1087098121643066,0.02314535155892372
168,3.51977276802063,0.3352386951446533,0.05151503160595894,-0.08995325118303299,0.2865544855594635,0.14833536744117737,-0.036182478070259094,3.1135525703430176,0.024982452392578125
169,3.5455143451690674,0.3352386951446533,0.05151503160595894,-0.08995325118303299,0.2815379798412323,0.11667469888925552,-0.032841697335243225,3.116117000579834,0.02100406400859356
170,3.556218385696411,0.3352386951446533,0.05151503160595894,-0.08995325118303299,0.27471086382865906,0.08952322602272034,-0.013677221722900867,3.117143154144287,0.016918392851948738
171,3.583069086074829,0.3352386951446533,0.05151503160595894,-0.08995325118303299,0.2701355516910553,0.06350655108690262,0.002237579319626093,3.1168558597564697,0.014934203587472439
172,3.5937917232513428,0.3352386951446533,0.05151503160595894,-0.08995325118303299,0.2691758871078491,0.03767475113272667,0.01637386716902256,3.1151468753814697,0.014570680446922779
173,3.6209936141967773,0.3352386951446533,0.05151503160595894,-0.08995325118303299,0.2707135081291199,0.011676128022372723,0.028482161462306976,3.1126067638397217,0.01505106408149004
174,3.6308131217956543,0.3352386951446533,0.05151503160595894,-0.08995325118303299,0.27447548508644104,-0.013978127390146255,0.053267430514097214,3.1095077991485596,0.01618388667702675
175,3.6588070392608643,0.3352386951446533,0.05151503160595894,-0.08995325118303299,0.28026363253593445,-0.03924090415239334,0.06911871582269669,3.105386734008789,0.017932256683707237
176,3.670109748840332,0.3352386951446533,0.05151503160595894,-0.08995325118303299,0.28765013813972473,-0.06520888954401016,0.08638564497232437,3.1001217365264893,0.020550692453980446
177,3.697521448135376,0.3352386951446533,0.05151503160595894,-0.08995325118303299,0.2960200011730194,-0.09414198994636536,0.10786253213882446,3.094942569732666,0.02471657283604145
178,3.71977162361145,0.3352386951446533,0.05151503160595894,-0.08995325118303299,0.3067195415496826,-0.12689925730228424,0.12437847256660461,3.0920448303222656,0.03073836676776409
179,3.8310799598693848,0.3352386951446533,0.05151503160595894,-0.08995325118303299,0.3196837306022644,-0.16169680655002594,0.1394932121038437,3.0935115814208984,0.0386558398604393
180,3.8423314094543457,0.3352386951446533,0.05151503160595894,-0.08995325118303299,0.3437748849391937,-0.18586842715740204,0.010272432118654251,3.0984647274017334,0.04507714509963989
181,3.8714096546173096,0.3352386951446533,0.05151503160595894,-0.08995325118303299,0.35468634963035583,-0.20315994322299957,-0.10122442990541458,3.105475664138794,0.04461986571550369
182,3.882539749145508,0.3352386951446533,0.05151503160595894,-0.08995325118303299,0.3550238609313965,-0.2029770463705063,-0.18574894964694977,3.116002082824707,0.04379477724432945
183,3.909053087234497,0.3352386951446533,0.05151503160595894,-0.08995325118303299,0.33982476592063904,-0.1651950627565384,-0.18193495273590088,3.1208653450012207,0.04331379383802414
184,3.9197099208831787,0.3352386951446533,0.05151503160595894,-0.08995325118303299,0.3088730573654175,-0.11267175525426865,-0.07866561412811279,3.1135971546173096,0.04218152537941933
185,3.9466352462768555,0.3352386951446533,0.05151503160595894,-0.08995325118303299,0.2841353714466095,-0.0733470544219017,-0.06530258804559708,3.1005945205688477,0.0404149554669857
186,3.961670398712158,0.3352386951446533,0.05151503160595894,-0.08995325118303299,0.2696109116077423,-0.04264605790376663,-0.05169551447033882,3.087880849838257,0.03885338827967644
187,3.9913907051086426,0.3352386951446533,0.05151503160595894,-0.08995325118303299,0.2622954547405243,-0.01624765433371067,-0.02329009398818016,3.0780811309814453,0.03730016574263573
188,4.00193190574646,0.3352386951446533,0.05151503160595894,-0.08995325118303299,0.2597231864929199,0.0076106577180325985,0.013405009172856808,3.071690320968628,0.035700805485248566
189,4.02836799621582,0.3352386951446533,0.05151503160595894,-0.08995325118303299,0.26133373379707336,0.02905360423028469,0.04317441210150719,3.0682644844055176,0.03438378497958183
190,4.03896427154541,0.3352386951446533,0.05151503160595894,-0.08995325118303299,0.265789270401001,0.047687217593193054,0.08141575008630753,3.0675456523895264,0.0334746390581131
191,4.064628839492798,0.3352386951446533,0.05151503160595894,-0.08995325118303299,0.2711591422557831,0.06724885106086731,0.09606017917394638,3.0693020820617676,0.0325811430811882
192,4.07534646987915,0.3352386951446533,0.05151503160595894,-0.08995325118303299,0.2775028347969055,0.09087793529033661,0.09327875077724457,3.072631597518921,0.030715543776750565
193,4.101841926574707,0.3352386951446533,0.05151503160595894,-0.08995325118303299,0.28366541862487793,0.11811698228120804,0.0978349894285202,3.0763468742370605,0.02728504128754139
194,4.112982273101807,0.3352386951446533,0.05151503160595894,-0.08995325118303299,0.28713899850845337,0.1461504101753235,0.08938385546207428,3.080615758895874,0.0233624204993248
195,4.14021110534668,0.3352386951446533,0.05151503160595894,-0.08995325118303299,0.2889900207519531,0.17320998013019562,0.05924515798687935,3.0864832401275635,0.020769914612174034
196,4.1508495807647705,0.3352386951446533,0.05151503160595894,-0.08995325118303299,0.2917330861091614,0.20351020991802216,0.0092647485435009,3.092444896697998,0.020449839532375336
197,4.1779704093933105,0.3352386951446533,0.05151503160595894,-0.08995325118303299,0.2939108908176422,0.23669551312923431,-0.05322851240634918,3.0945851802825928,0.023846322670578957
198,4.188312292098999,0.3352386951446533,0.05151503160595894,-0.08995325118303299,0.29087400436401367,0.25377321243286133,0.2280745506286621,3.0925235748291016,0.022864198312163353
199,4.218412399291992,0.3352386951446533,0.05151503160595894,-0.08995325118303299,0.27734488248825073,0.22529421746730804,0.17181497812271118,3.099106550216675,0.019280768930912018
200,4.234351873397827,0.3352386951446533,0.05151503160595894,-0.08995325118303299,0.2719179689884186,0.1865408569574356,0.06027721241116524,3.106426477432251,0.02349872887134552
201,4.266357183456421,0.3352386951446533,0.05151503160595894,-0.08995325118303299,0.2743130624294281,0.14387845993041992,-0.054617948830127716,3.1130354404449463,0.023910829797387123
202,4.278255939483643,0.3352386951446533,0.05151503160595894,-0.08995325118303299,0.27294135093688965,0.11019670963287354,-0.05383482575416565,3.1171138286590576,0.019253375008702278
203,4.306128025054932,0.3352386951446533,0.05151503160595894,-0.08995325118303299,0.26929324865341187,0.08168426901102066,-0.04537950083613396,3.1192753314971924,0.014523790217936039
204,4.316246032714844,0.3352386951446533,0.05151503160595894,-0.08995325118303299,0.26776373386383057,0.05534277483820915,-0.03764946386218071,3.1198527812957764,0.011566719971597195
205,4.3421173095703125,0.3352386951446533,0.05151503160595894,-0.08995325118303299,0.2695977985858917,0.029670443385839462,-0.02744610793888569,3.1189606189727783,0.00998019240796566
206,4.352842330932617,0.3352386951446533,0.05151503160595894,-0.08995325118303299,0.27372899651527405,0.00421100715175271,-0.016677359119057655,3.1171863079071045,0.00925114843994379
207,4.3784565925598145,0.3352386951446533,0.05151503160595894,-0.08995325118303299,0.28025010228157043,-0.020449087023735046,-0.004673625808209181,3.1146631240844727,0.00919352937489748
208,4.388585329055786,0.3352386951446533,0.05151503160595894,-0.08995325118303299,0.28888756036758423,-0.04396815225481987,0.00995376892387867,3.1105740070343018,0.009715660475194454
209,4.415470600128174,0.3352386951446533,0.05151503160595894,-0.08995325118303299,0.29936814308166504,-0.06737827509641647,0.019778627902269363,3.104660987854004,0.01086974237114191
210,4.425954580307007,0.3352386951446533,0.05151503160595894,-0.08995325118303299,0.31077030301094055,-0.09247677028179169,0.03905770555138588,3.0982117652893066,0.013207619078457355
211,4.4518723487854,0.3352386951446533,0.05151503160595894,-0.08995325118303299,0.3238813877105713,-0.12071073800325394,0.05461585894227028,3.093775987625122,0.017099712044000626
212,4.4622907638549805,0.3352386951446533,0.05151503160595894,-0.08995325118303299,0.3381558358669281,-0.15150049328804016,0.0647251307964325,3.0940418243408203,0.02286398783326149
213,4.4891180992126465,0.3352386951446533,0.05151503160595894,-0.08995325118303299,0.35976508259773254,-0.1719462126493454,-0.08002126216888428,3.097761392593384,0.026559224352240562
214,4.503547191619873,0.3352386951446533,0.05151503160595894,-0.08995325118303299,0.3625349700450897,-0.18709205090999603,-0.1472441852092743,3.104687452316284,0.025904403999447823
215,4.52897310256958,0.3352386951446533,0.05151503160595894,-0.08995325118303299,0.35850030183792114,-0.1840168982744217,-0.20934343338012695,3.115316867828369,0.027118654921650887
216,4.538907766342163,0.3352386951446533,0.05151503160595894,-0.08995325118303299,0.3414990305900574,-0.14514808356761932,-0.17132574319839478,3.1194896697998047,0.028877930715680122
217,4.564518451690674,0.3352386951446533,0.05151503160595894,-0.08995325118303299,0.30983373522758484,-0.09555677324533463,-0.08016861975193024,3.1120293140411377,0.029733745381236076
218,4.575533151626587,0.3352386951446533,0.05151503160595894,-0.08995325118303299,0.2837929427623749,-0.05859946087002754,-0.07334531843662262,3.0992817878723145,0.029878316447138786
219,4.60120415687561,0.3352386951446533,0.05151503160595894,-0.08995325118303299,0.2672334313392639,-0.029588984325528145,-0.06611485779285431,3.086702823638916,0.029976051300764084
220,4.613890647888184,0.3352386951446533,0.05151503160595894,-0.08995325118303299,0.257826030254364,-0.004800134338438511,-0.042841821908950806,3.0769073963165283,0.029594020918011665
221,4.642125129699707,0.3352386951446533,0.05151503160595894,-0.08995325118303299,0.2525947391986847,0.01788020320236683,-0.00671228114515543,3.0705676078796387,0.028694141656160355
222,4.652442932128906,0.3352386951446533,0.05151503160595894,-0.08995325118303299,0.2514405846595764,0.038455475121736526,0.023839034140110016,3.067167282104492,0.027936674654483795
223,4.677566766738892,0.3352386951446533,0.05151503160595894,-0.08995325118303299,0.25412487983703613,0.0555817186832428,0.06640494614839554,3.066289186477661,0.027792222797870636
224,4.687743425369263,0.3352386951446533,0.05151503160595894,-0.08995325118303299,0.2580980658531189,0.0720367506146431,0.09120457619428635,3.0677690505981445,0.028228238224983215
225,4.713169097900391,0.3352386951446533,0.05151503160595894,-0.08995325118303299,0.2629995048046112,0.09064497798681259,0.0934382751584053,3.071120262145996,0.028375230729579926
226,4.723535776138306,0.3352386951446533,0.05151503160595894,-0.08995325118303299,0.2687123119831085,0.1135563999414444,0.08818289637565613,3.0752525329589844,0.027053097262978554
227,4.750139951705933,0.3352386951446533,0.05151503160595894,-0.08995325118303299,0.2730477750301361,0.14023831486701965,0.07746803015470505,3.0793633460998535,0.024258017539978027
228,4.760408401489258,0.3352386951446533,0.05151503160595894,-0.08995325118303299,0.274326354265213,0.1666756570339203,0.0492507629096508,3.0841567516326904,0.021744828671216965
229,4.788543462753296,0.3352386951446533,0.05151503160595894,-0.08995325118303299,0.27561578154563904,0.19440880417823792,0.00477435439825058,3.089780569076538,0.020974479615688324
230,4.801082372665405,0.3352386951446533,0.05151503160595894,-0.08995325118303299,0.27703577280044556,0.2272496521472931,-0.054381683468818665,3.0932745933532715,0.02292218618094921
231,4.829795598983765,0.3352386951446533,0.05151503160595894,-0.08995325118303299,0.2526916265487671,0.26581236720085144,0.13560135662555695,3.090988874435425,0.025355059653520584
232,4.84086537361145,0.3352386951446533,0.05151503160595894,-0.08995325118303299,0.25842714309692383,0.23303334414958954,0.12112269550561905,3.09360671043396,0.02393977902829647
233,4.867610454559326,0.3352386951446533,0.05151503160595894,-0.08995325118303299,0.2653464078903198,0.19813083112239838,0.0814606174826622,3.0986931324005127,0.029245121404528618
234,4.87774395942688,0.3352386951446533,0.05151503160595894,-0.08995325118303299,0.2736857831478119,0.15751425921916962,-0.01878146082162857,3.105736255645752,0.02948235534131527
235,4.904467821121216,0.3352386951446533,0.05151503160595894,-0.08995325118303299,0.27496787905693054,0.1225104033946991,-0.06107965111732483,3.112520456314087,0.024061692878603935
236,4.915050268173218,0.3352386951446533,0.05151503160595894,-0.08995325118303299,0.2725711762905121,0.09529979526996613,-0.06597684323787689,3.116608142852783,0.01740075834095478
237,4.941392183303833,0.3352386951446533,0.05151503160595894,-0.08995325118303299,0.27168431878089905,0.06983742862939835,-0.05793621391057968,3.1179778575897217,0.012478848919272423
238,4.952003002166748,0.3352386951446533,0.05151503160595894,-0.08995325118303299,0.27458322048187256,0.04305706173181534,-0.045803431421518326,3.117523193359375,0.00937920156866312
239,4.978845596313477,0.3352386951446533,0.05151503160595894,-0.08995325118303299,0.2806273400783539,0.01574249193072319,-0.03764696419239044,3.116164445877075,0.007376987952739
240,4.98875093460083,0.3352386951446533,0.05151503160595894,-0.08995325118303299,0.28924524784088135,-0.01047192420810461,-0.03351439908146858,3.1139533519744873,0.006126598455011845
241,5.015373706817627,0.3352386951446533,0.05151503160595894,-0.08995325118303299,0.30072420835494995,-0.03527853637933731,-0.022072715684771538,3.1098685264587402,0.005551579874008894
242,5.025630235671997,0.3352386951446533,0.05151503160595894,-0.08995325118303299,0.31453996896743774,-0.05910000205039978,0.002091327216476202,3.1035375595092773,0.005817601922899485
243,5.052398204803467,0.3352386951446533,0.05151503160595894,-0.08995325118303299,0.3294031322002411,-0.08479031175374985,0.030058830976486206,3.096620798110962,0.007345070596784353
244,5.062927484512329,0.3352386951446533,0.05151503160595894,-0.08995325118303299,0.3457973301410675,-0.11408889293670654,0.04088436812162399,3.092102289199829,0.010118110105395317
245,5.088942050933838,0.3352386951446533,0.05151503160595894,-0.08995325118303299,0.36292070150375366,-0.14584511518478394,0.038414116948843,3.092496395111084,0.014327757991850376
246,5.099542617797852,0.3352386951446533,0.05151503160595894,-0.08995325118303299,0.38565492630004883,-0.16829410195350647,-0.09322302788496017,3.0964691638946533,0.016472773626446724
247,5.126785516738892,0.3352386951446533,0.05151503160595894,-0.08995325118303299,0.38587087392807007,-0.1858542263507843,-0.15740105509757996,3.1042392253875732,0.015392116270959377
248,5.137537956237793,0.3352386951446533,0.05151503160595894,-0.08995325118303299,0.38076478242874146,-0.18551014363765717,-0.2172233909368515,3.1161623001098633,0.017220668494701385
249,5.165991306304932,0.3352386951446533,0.05151503160595894,-0.08995325118303299,0.3643511235713959,-0.14981156587600708,-0.18383830785751343,3.1217613220214844,0.01970113441348076
250,5.176687002182007,0.3352386951446533,0.05151503160595894,-0.08995325118303299,0.3320201337337494,-0.10189877450466156,-0.08128300309181213,3.1151633262634277,0.021344590932130814
251,5.203302621841431,0.3352386951446533,0.05151503160595894,-0.08995325118303299,0.3041696846485138,-0.06687577068805695,-0.07136405259370804,3.1025638580322266,0.022539392113685608
252,5.214558839797974,0.3352386951446533,0.05151503160595894,-0.08995325118303299,0.2861827611923218,-0.03985387086868286,-0.0652250126004219,3.089611053466797,0.02369941584765911
253,5.239348411560059,0.3352386951446533,0.05151503160595894,-0.08995325118303299,0.2764577865600586,-0.017368134111166,-0.041823506355285645,3.0791289806365967,0.024000627920031548
254,5.249977350234985,0.3352386951446533,0.05151503160595894,-0.08995325118303299,0.2710294723510742,0.002903711050748825,-0.0008798548951745033,3.0719783306121826,0.023259976878762245
255,5.275659799575806,0.3352386951446533,0.05151503160595894,-0.08995325118303299,0.2695566713809967,0.02168305031955242,0.03668968006968498,3.067578077316284,0.02242836356163025
256,5.286483287811279,0.3352386951446533,0.05151503160595894,-0.08995325118303299,0.27251458168029785,0.03696345165371895,0.09174006432294846,3.0653157234191895,0.022437190636992455
257,5.313199520111084,0.3352386951446533,0.05151503160595894,-0.08995325118303299,0.2779534161090851,0.04978593438863754,0.14283603429794312,3.0652644634246826,0.02360532432794571
258,5.324474811553955,0.3352386951446533,0.05151503160595894,-0.08995325118303299,0.28415119647979736,0.0626026839017868,0.1773475557565689,3.067643404006958,0.025317315012216568
259,5.350748300552368,0.3352386951446533,0.05151503160595894,-0.08995325118303299,0.2911982536315918,0.07909917831420898,0.1906828135251999,3.0717613697052,0.026248686015605927
260,5.360774517059326,0.3352386951446533,0.05151503160595894,-0.08995325118303299,0.2981615960597992,0.10182853043079376,0.1784319132566452,3.0761568546295166,0.02545470930635929
261,5.386490345001221,0.3352386951446533,0.05151503160595894,-0.08995325118303299,0.30368325114250183,0.1256822645664215,0.1592572033405304,3.08060884475708,0.023456748574972153
262,5.397588014602661,0.3352386951446533,0.05151503160595894,-0.08995325118303299,0.3073626160621643,0.14793726801872253,0.12344990670681,3.0864973068237305,0.021911554038524628
263,5.423785448074341,0.3352386951446533,0.05151503160595894,-0.08995325118303299,0.3128097951412201,0.17215922474861145,0.053351160138845444,3.0937247276306152,0.02157571166753769
264,5.434424877166748,0.3352386951446533,0.05151503160595894,-0.08995325118303299,0.3198077082633972,0.20112387835979462,-0.04352276399731636,3.0984694957733154,0.023111607879400253
265,5.4593400955200195,0.3352386951446533,0.05151503160595894,-0.08995325118303299,0.27520719170570374,0.26135748624801636,-0.0014127064496278763,3.0965464115142822,0.028929227963089943
266,5.469763278961182,0.3352386951446533,0.05151503160595894,-0.08995325118303299,0.2984674572944641,0.20719993114471436,-0.06432397663593292,3.0898709297180176,0.032255399972200394
267,5.495728492736816,0.3352386951446533,0.05151503160595894,-0.08995325118303299,0.2938148081302643,0.15606842935085297,0.0023198202252388,3.0895230770111084,0.03887680545449257
268,5.5095391273498535,0.3352386951446533,0.05151503160595894,-0.08995325118303299,0.2931063175201416,0.11349525302648544,-0.06354930996894836,3.097888946533203,0.039391204714775085
269,5.547168731689453,0.3352386951446533,0.05151503160595894,-0.08995325118303299,0.2861308455467224,0.08598547428846359,-0.09114906191825867,3.107576847076416,0.03328235447406769
270,5.559648752212524,0.3352386951446533,0.05151503160595894,-0.08995325118303299,0.2773038446903229,0.06565911322832108,-0.10660286992788315,3.1142213344573975,0.026064442470669746
271,5.585312366485596,0.3352386951446533,0.05151503160595894,-0.08995325118303299,0.2712664008140564,0.043979987502098083,-0.1003337875008583,3.117131233215332,0.020309196785092354
272,5.595766067504883,0.3352386951446533,0.05151503160595894,-0.08995325118303299,0.2683170735836029,0.01897023618221283,-0.0805807039141655,3.1171960830688477,0.016213087365031242
273,5.621238470077515,0.3352386951446533,0.05151503160595894,-0.08995325118303299,0.2684451937675476,-0.008250504732131958,-0.07558026164770126,3.1156961917877197,0.013009401969611645
274,5.631378889083862,0.3352386951446533,0.05151503160595894,-0.08995325118303299,0.27102431654930115,-0.03540468215942383,-0.06180863082408905,3.1128973960876465,0.010231368243694305
275,5.656177997589111,0.3352386951446533,0.05151503160595894,-0.08995325118303299,0.275712251663208,-0.06121522933244705,-0.048102837055921555,3.1082937717437744,0.00793592631816864
276,5.666148900985718,0.3352386951446533,0.05151503160595894,-0.08995325118303299,0.2806265354156494,-0.08719196915626526,-0.047314342111349106,3.1022253036499023,0.006803101859986782
277,5.692058324813843,0.3352386951446533,0.05151503160595894,-0.08995325118303299,0.2857883870601654,-0.11517886817455292,-0.031142838299274445,3.0963516235351562,0.007784928195178509
278,5.7024171352386475,0.3352386951446533,0.05151503160595894,-0.08995325118303299,0.2934078574180603,-0.1460835337638855,-0.01146688126027584,3.092723846435547,0.011029013432562351
279,5.728753566741943,0.3352386951446533,0.05151503160595894,-0.08995325118303299,0.30352482199668884,-0.17886105179786682,0.012639008462429047,3.0935423374176025,0.016894346103072166
280,5.738483428955078,0.3352386951446533,0.05151503160595894,-0.08995325118303299,0.3156624436378479,-0.19482627511024475,-0.038924314081668854,3.098461151123047,0.019347887486219406
281,5.765707969665527,0.3352386951446533,0.05151503160595894,-0.08995325118303299,0.3170648515224457,-0.20248351991176605,-0.11747265607118607,3.105916738510132,0.019063659012317657
282,5.781320333480835,0.3352386951446533,0.05151503160595894,-0.08995325118303299,0.31397920846939087,-0.19127969443798065,-0.18550068140029907,3.1128647327423096,0.01906837709248066
283,5.807929277420044,0.3352386951446533,0.05151503160595894,-0.08995325118303299,0.29982420802116394,-0.14883680641651154,-0.12594711780548096,3.112684965133667,0.018635347485542297
284,5.8181538581848145,0.3352386951446533,0.05151503160595894,-0.08995325118303299,0.2750150263309479,-0.10188526660203934,-0.07456839084625244,3.1045351028442383,0.017635032534599304
285,5.843373537063599,0.3352386951446533,0.05151503160595894,-0.08995325118303299,0.2583228051662445,-0.06619134545326233,-0.06982388347387314,3.093804359436035,0.016526445746421814
286,5.8536646366119385,0.3352386951446533,0.05151503160595894,-0.08995325118303299,0.25036564469337463,-0.038675010204315186,-0.05810678377747536,3.0840885639190674,0.015874840319156647
287,5.8788816928863525,0.3352386951446533,0.05151503160595894,-0.08995325118303299,0.24744899570941925,-0.015138674527406693,-0.03333751857280731,3.0771048069000244,0.01572447270154953
288,5.889174461364746,0.3352386951446533,0.05151503160595894,-0.08995325118303299,0.2481629103422165,0.006557691376656294,-0.013696804642677307,3.0731558799743652,0.01608697883784771
289,5.9142820835113525,0.3352386951446533,0.05151503160595894,-0.08995325118303299,0.25193071365356445,0.025768928229808807,0.012414653785526752,3.0719046592712402,0.016901517286896706
290,5.924402713775635,0.3352386951446533,0.05151503160595894,-0.08995325118303299,0.2576858699321747,0.04458833485841751,0.020602121949195862,3.0729598999023438,0.017911557108163834
291,5.949666261672974,0.3352386951446533,0.05151503160595894,-0.08995325118303299,0.2654268741607666,0.06581993401050568,0.019132567569613457,3.075798749923706,0.018206486478447914
292,5.959967851638794,0.3352386951446533,0.05151503160595894,-0.08995325118303299,0.2742953598499298,0.09104491025209427,0.028683332726359367,3.0794222354888916,0.016837136819958687
293,5.986091613769531,0.3352386951446533,0.05151503160595894,-0.08995325118303299,0.2826329469680786,0.1192508265376091,0.035845495760440826,3.0831432342529297,0.013931584544479847
294,5.997894287109375,0.3352386951446533,0.05151503160595894,-0.08995325118303299,0.2891772389411926,0.1466086357831955,0.03631557151675224,3.0876150131225586,0.010922495275735855
295,6.024474382400513,0.3352386951446533,0.05151503160595894,-0.08995325118303299,0.29499372839927673,0.17223230004310608,0.021400442346930504,3.093780994415283,0.009395488537847996
296,6.035078525543213,0.3352386951446533,0.05151503160595894,-0.08995325118303299,0.30106642842292786,0.20150674879550934,-0.016342423856258392,3.099630355834961,0.010388446040451527
297,6.061202764511108,0.3352386951446533,0.05151503160595894,-0.08995325118303299,0.3063434362411499,0.2330433875322342,-0.06963534653186798,3.101194381713867,0.01564027927815914
298,6.0715131759643555,0.3352386951446533,0.05151503160595894,-0.08995325118303299,0.3089582324028015,0.23977071046829224,0.24681347608566284,3.1006343364715576,0.011748864315450191
299,6.096463918685913,0.3352386951446533,0.05151503160595894,-0.08995325118303299,0.29510217905044556,0.21807761490345,0.12348605692386627,3.1057960987091064,0.007065415382385254
300,6.107025146484375,0.3352386951446533,0.05151503160595894,-0.08995325118303299,0.28370118141174316,0.18237704038619995,0.016084879636764526,3.109600305557251,0.009087184444069862
301,6.13372015953064,0.3352386951446533,0.05151503160595894,-0.08995325118303299,0.278385728597641,0.1407851278781891,-0.10221772640943527,3.1141395568847656,0.009383839555084705
302,6.144526481628418,0.3352386951446533,0.05151503160595894,-0.08995325118303299,0.272950679063797,0.10715407878160477,-0.0955122858285904,3.1185600757598877,0.005676267668604851
303,6.173585414886475,0.3352386951446533,0.05151503160595894,-0.08995325118303299,0.2678162455558777,0.07939523458480835,-0.08581121265888214,3.1225056648254395,0.0014430875889956951
304,6.184978485107422,0.3352386951446533,0.05151503160595894,-0.08995325118303299,0.2648613452911377,0.05422183498740196,-0.08732851594686508,3.1252150535583496,-0.0017280010506510735
305,6.210285902023315,0.3352386951446533,0.05151503160595894,-0.08995325118303299,0.2647264301776886,0.029894091188907623,-0.082248255610466,3.125988245010376,-0.0037682203110307455
306,6.2216880321502686,0.3352386951446533,0.05151503160595894,-0.08995325118303299,0.2671385705471039,0.00543354544788599,-0.08015009015798569,3.1250360012054443,-0.005230145528912544
307,6.246688365936279,0.3352386951446533,0.05151503160595894,-0.08995325118303299,0.27130910754203796,-0.01961912214756012,-0.06910698115825653,3.1226646900177,-0.006371407303959131
308,6.25860071182251,0.3352386951446533,0.05151503160595894,-0.08995325118303299,0.2775966227054596,-0.04404338449239731,-0.06190670281648636,3.118619441986084,-0.007233274169266224
309,6.284841775894165,0.3352386951446533,0.05151503160595894,-0.08995325118303299,0.2855132222175598,-0.06766200810670853,-0.053677380084991455,3.1126532554626465,-0.0075792912393808365
310,6.296029329299927,0.3352386951446533,0.05151503160595894,-0.08995325118303299,0.29480716586112976,-0.09290241450071335,-0.04273267462849617,3.105600118637085,-0.0067804171703755856
311,6.322189807891846,0.3352386951446533,0.05151503160595894,-0.08995325118303299,0.3057286739349365,-0.12104365974664688,-0.019810181111097336,3.099576473236084,-0.00414032768458128
312,6.3324079513549805,0.3352386951446533,0.05151503160595894,-0.08995325118303299,0.3194803297519684,-0.15156081318855286,0.005863920319825411,3.096916437149048,0.00045752720325253904
313,6.357609748840332,0.3352386951446533,0.05151503160595894,-0.08995325118303299,0.336872398853302,-0.1816432774066925,0.002686969004571438,3.099550724029541,0.007345170248299837
314,6.36808967590332,0.3352386951446533,0.05151503160595894,-0.08995325118303299,0.3476134240627289,-0.19709354639053345,-0.057803332805633545,3.1064343452453613,0.010331138968467712
315,6.394097566604614,0.3352386951446533,0.05151503160595894,-0.08995325118303299,0.3469686210155487,-0.1998216062784195,-0.1501130312681198,3.1166815757751465,0.012469214387238026
316,6.404947280883789,0.3352386951446533,0.05151503160595894,-0.08995325118303299,0.33594146370887756,-0.1698659360408783,-0.18610301613807678,3.1225180625915527,0.0150722311809659
317,6.43114447593689,0.3352386951446533,0.05151503160595894,-0.08995325118303299,0.31094974279403687,-0.11932682245969772,-0.07773931324481964,3.116429567337036,0.016682004556059837
318,6.441089153289795,0.3352386951446533,0.05151503160595894,-0.08995325118303299,0.28613558411598206,-0.07986108958721161,-0.05857456848025322,3.1035144329071045,0.01750303991138935
319,6.46629786491394,0.3352386951446533,0.05151503160595894,-0.08995325118303299,0.2714245617389679,-0.04966019466519356,-0.05125470459461212,3.090442657470703,0.018329130485653877
320,6.476303815841675,0.3352386951446533,0.05151503160595894,-0.08995325118303299,0.2642609775066376,-0.024496564641594887,-0.032255563884973526,3.080207586288452,0.018887175247073174
321,6.50174617767334,0.3352386951446533,0.05151503160595894,-0.08995325118303299,0.26187664270401,-0.0019307102775201201,-0.0011800127103924751,3.0734848976135254,0.019086355343461037
322,6.5119102001190186,0.3352386951446533,0.05151503160595894,-0.08995325118303299,0.26339080929756165,0.018480099737644196,0.02692490816116333,3.0697903633117676,0.01933126524090767
323,6.5376877784729,0.3352386951446533,0.05151503160595894,-0.08995325118303299,0.26806989312171936,0.03593236953020096,0.0671621561050415,3.06872820854187,0.01992175169289112
324,6.547784805297852,0.3352386951446533,0.05151503160595894,-0.08995325118303299,0.27393004298210144,0.0534026138484478,0.08867643028497696,3.0701050758361816,0.02069064974784851
325,6.572885513305664,0.3352386951446533,0.05151503160595894,-0.08995325118303299,0.28108975291252136,0.07399799674749374,0.0916115939617157,3.0732975006103516,0.020708810538053513
326,6.582571506500244,0.3352386951446533,0.05151503160595894,-0.08995325118303299,0.28876277804374695,0.09927553683519363,0.09572785347700119,3.0770304203033447,0.019019272178411484
327,6.608395338058472,0.3352386951446533,0.05151503160595894,-0.08995325118303299,0.2946487367153168,0.12672391533851624,0.09095059335231781,3.0809102058410645,0.016119854524731636
328,6.618309020996094,0.3352386951446533,0.05151503160595894,-0.08995325118303299,0.2982076406478882,0.15276290476322174,0.07793238759040833,3.085972547531128,0.013799743726849556
329,6.643600940704346,0.3352386951446533,0.05151503160595894,-0.08995325118303299,0.3023875653743744,0.1801220178604126,0.03718019649386406,3.0923805236816406,0.013255752623081207
330,6.653935670852661,0.3352386951446533,0.05151503160595894,-0.08995325118303299,0.307892769575119,0.21266184747219086,-0.02800941839814186,3.0970797538757324,0.015107051469385624
331,6.678791284561157,0.3352386951446533,0.05151503160595894,-0.08995325118303299,0.26320767402648926,0.27640512585639954,0.007429412566125393,3.0958139896392822,0.02100560814142227
332,6.688494443893433,0.3352386951446533,0.05151503160595894,-0.08995325118303299,0.2867793142795563,0.23335695266723633,-0.04118698835372925,3.089540481567383,0.025017734616994858
333,6.713564395904541,0.3352386951446533,0.05151503160595894,-0.08995325118303299,0.2899343967437744,0.19450272619724274,0.017078252509236336,3.087489128112793,0.031476717442274094
334,6.723623991012573,0.3352386951446533,0.05151503160595894,-0.08995325118303299,0.2903255224227905,0.15415264666080475,-0.04328843951225281,3.0923869609832764,0.03238297626376152
335,6.748550176620483,0.3352386951446533,0.05151503160595894,-0.08995325118303299,0.28463834524154663,0.1233767718076706,-0.07545340806245804,3.100130558013916,0.02762317657470703
336,6.758594036102295,0.3352386951446533,0.05151503160595894,-0.08995325118303299,0.27677276730537415,0.1007956862449646,-0.08161574602127075,3.1063475608825684,0.02119399420917034
337,6.783476829528809,0.3352386951446533,0.05151503160595894,-0.08995325118303299,0.27133485674858093,0.07892433553934097,-0.07985269278287888,3.1100661754608154,0.01595846563577652
338,6.793310165405273,0.3352386951446533,0.05151503160595894,-0.08995325118303299,0.26922231912612915,0.05516305938363075,-0.06705674529075623,3.1115362644195557,0.012335797771811485
339,6.819089412689209,0.3352386951446533,0.05151503160595894,-0.08995325118303299,0.2703024446964264,0.029782362282276154,-0.059469740837812424,3.1115427017211914,0.009693964384496212
340,6.829342603683472,0.3352386951446533,0.05151503160595894,-0.08995325118303299,0.2736412584781647,0.003782423445954919,-0.053104907274246216,3.1106374263763428,0.007530529983341694
341,6.855844736099243,0.3352386951446533,0.05151503160595894,-0.08995325118303299,0.2792191803455353,-0.021603504195809364,-0.048931289464235306,3.1084604263305664,0.005688388831913471
342,6.865850210189819,0.3352386951446533,0.05151503160595894,-0.08995325118303299,0.28667259216308594,-0.04574010893702507,-0.03836650773882866,3.1042535305023193,0.004332247190177441
343,6.891120672225952,0.3352386951446533,0.05151503160595894,-0.08995325118303299,0.29586857557296753,-0.07060135900974274,-0.027424776926636696,3.098217010498047,0.0038631868083029985
344,6.90169620513916,0.3352386951446533,0.05151503160595894,-0.08995325118303299,0.30593156814575195,-0.09805994480848312,-0.013261551968753338,3.0922372341156006,0.004986920394003391
345,6.926743745803833,0.3352386951446533,0.05151503160595894,-0.08995325118303299,0.31865549087524414,-0.12812989950180054,0.0006780301919206977,3.0887439250946045,0.007909761741757393
346,6.937157154083252,0.3352386951446533,0.05151503160595894,-0.08995325118303299,0.3321213126182556,-0.15851901471614838,0.01860441453754902,3.089909315109253,0.013069448061287403
347,6.962088346481323,0.3352386951446533,0.05151503160595894,-0.08995325118303299,0.3494313657283783,-0.17961913347244263,-0.08484101295471191,3.0956742763519287,0.01902775838971138
348,6.9722254276275635,0.3352386951446533,0.05151503160595894,-0.08995325118303299,0.35265931487083435,-0.19069504737854004,-0.1652299463748932,3.104055643081665,0.020281072705984116
349,6.997499942779541,0.3352386951446533,0.05151503160595894,-0.08995325118303299,0.34464505314826965,-0.17550060153007507,-0.21696701645851135,3.113135814666748,0.02194647118449211
350,7.008219003677368,0.3352386951446533,0.05151503160595894,-0.08995325118303299,0.32324570417404175,-0.12618592381477356,-0.10749531537294388,3.112529993057251,0.02291266992688179
351,7.033871650695801,0.3352386951446533,0.05151503160595894,-0.08995325118303299,0.2948589324951172,-0.08200450241565704,-0.07302675396203995,3.102694272994995,0.022858290001749992
352,7.044509172439575,0.3352386951446533,0.05151503160595894,-0.08995325118303299,0.27551963925361633,-0.048843976110219955,-0.07118351012468338,3.0906004905700684,0.02279623970389366
353,7.074171781539917,0.3352386951446533,0.05151503160595894,-0.08995325118303299,0.26436880230903625,-0.022446617484092712,-0.06257576495409012,3.080327272415161,0.022933192551136017
354,7.087066888809204,0.3352386951446533,0.05151503160595894,-0.08995325118303299,0.2582587003707886,0.0008502226555719972,-0.03928932920098305,3.0734283924102783,0.023082559928297997
355,7.112445116043091,0.3352386951446533,0.05151503160595894,-0.08995325118303299,0.25595492124557495,0.02227238193154335,-0.01925908774137497,3.0698702335357666,0.023364057764410973
356,7.122663974761963,0.3352386951446533,0.05151503160595894,-0.08995325118303299,0.25693419575691223,0.040556591004133224,0.008095784112811089,3.0692601203918457,0.02400371804833412
357,7.14817214012146,0.3352386951446533,0.05151503160595894,-0.08995325118303299,0.25949859619140625,0.058282241225242615,0.01591693051159382,3.0711565017700195,0.024984130635857582
358,7.1592371463775635,0.3352386951446533,0.05151503160595894,-0.08995325118303299,0.2637014389038086,0.07842135429382324,0.007629883009940386,3.0748305320739746,0.02545049786567688
359,7.186061143875122,0.3352386951446533,0.05151503160595894,-0.08995325118303299,0.26901158690452576,0.10272836685180664,0.004184053745120764,3.0791354179382324,0.024336153641343117
360,7.19656229019165,0.3352386951446533,0.05151503160595894,-0.08995325118303299,0.2733929753303528,0.1308092474937439,0.0020513110794126987,3.0832254886627197,0.021727388724684715
361,7.222437381744385,0.3352386951446533,0.05151503160595894,-0.08995325118303299,0.2750198245048523,0.15898948907852173,-0.011586019769310951,3.087629795074463,0.019346516579389572
362,7.232891321182251,0.3352386951446533,0.05151503160595894,-0.08995325118303299,0.2758307456970215,0.1875196248292923,-0.033310603350400925,3.0926132202148438,0.01892380602657795
363,7.258265495300293,0.3352386951446533,0.05151503160595894,-0.08995325118303299,0.2765190601348877,0.22171978652477264,-0.07364130020141602,3.095703363418579,0.02159973420202732
364,7.270716190338135,0.3352386951446533,0.05151503160595894,-0.08995325118303299,0.2549096345901489,0.2628193199634552,0.10599515587091446,3.0931191444396973,0.024856386706233025
365,7.296635866165161,0.3352386951446533,0.05151503160595894,-0.08995325118303299,0.2602273225784302,0.24096430838108063,0.10391183942556381,3.094412088394165,0.02436971291899681
366,7.3081955909729,0.3352386951446533,0.05151503160595894,-0.08995325118303299,0.2694799602031708,0.2176412045955658,0.05618257075548172,3.0967841148376465,0.02934839017689228
367,7.3347327709198,0.3352386951446533,0.05151503160595894,-0.08995325118303299,0.2742416560649872,0.18223370611667633,-0.010777545161545277,3.1004841327667236,0.0302480086684227
368,7.345203161239624,0.3352386951446533,0.05151503160595894,-0.08995325118303299,0.27409306168556213,0.14473699033260345,-0.06141850724816322,3.106107473373413,0.026114987209439278
369,7.37241005897522,0.3352386951446533,0.05151503160595894,-0.08995325118303299,0.2702566981315613,0.11651160567998886,-0.059196293354034424,3.1104211807250977,0.01915046200156212
370,7.382888078689575,0.3352386951446533,0.05151503160595894,-0.08995325118303299,0.26719263195991516,0.09111472964286804,-0.06041499972343445,3.1128854751586914,0.01329975388944149
371,7.409816265106201,0.3352386951446533,0.05151503160595894,-0.08995325118303299,0.26756522059440613,0.0651899054646492,-0.05488860234618187,3.1137609481811523,0.009330120868980885
372,7.420029163360596,0.3352386951446533,0.05151503160595894,-0.08995325118303299,0.27164405584335327,0.03841658681631088,-0.048611387610435486,3.1134259700775146,0.006513217464089394
373,7.445219278335571,0.3352386951446533,0.05151503160595894,-0.08995325118303299,0.2781396508216858,0.011779486201703548,-0.04348360374569893,3.11225962638855,0.004444079473614693
374,7.455653190612793,0.3352386951446533,0.05151503160595894,-0.08995325118303299,0.2872055172920227,-0.013661001808941364,-0.036080252379179,3.1098828315734863,0.0029888018034398556
375,7.481563329696655,0.3352386951446533,0.05151503160595894,-0.08995325118303299,0.29845690727233887,-0.037680868059396744,-0.029392926022410393,3.1054189205169678,0.002196967601776123
376,7.491980314254761,0.3352386951446533,0.05151503160595894,-0.08995325118303299,0.31187573075294495,-0.06151554733514786,-0.006879555061459541,3.098987579345703,0.0024171003606170416
377,7.5191428661346436,0.3352386951446533,0.05151503160595894,-0.08995325118303299,0.32673922181129456,-0.08824380487203598,0.019084185361862183,3.0926835536956787,0.004096935037523508
378,7.529633283615112,0.3352386951446533,0.05151503160595894,-0.08995325118303299,0.34395915269851685,-0.1188160628080368,0.028152132406830788,3.0894343852996826,0.007119483780115843
379,7.556711196899414,0.3352386951446533,0.05151503160595894,-0.08995325118303299,0.36134588718414307,-0.1508106142282486,0.02961617149412632,3.0915639400482178,0.01194608211517334
380,7.566951274871826,0.07314837723970413,-0.18558362126350403,-0.34149685502052307,0.3826778829097748,-0.17070569097995758,-0.12409956008195877,3.0968823432922363,0.014473481103777885
381,7.591531991958618,0.07314837723970413,-0.18558362126350403,-0.34149685502052307,0.3872034549713135,-0.19211332499980927,-0.44296833872795105,3.1032462120056152,0.013256598263978958
382,7.602670192718506,0.07314837723970413,-0.18558362126350403,-0.34149685502052307,0.3771980404853821,-0.18774574995040894,-0.5591939687728882,3.1104135513305664,0.016306910663843155
383,7.62982702255249,0.07314837723970413,-0.18558362126350403,-0.34149685502052307,0.3487345278263092,-0.13395467400550842,-0.4129275381565094,3.1076254844665527,0.02241825871169567
384,7.642094373703003,0.07314837723970413,-0.18558362126350403,-0.34149685502052307,0.31697407364845276,-0.08042006194591522,-0.3126625716686249,3.091902017593384,0.027127722278237343
385,7.66703987121582,0.07314837723970413,-0.18558362126350403,-0.34149685502052307,0.29938751459121704,-0.04733749479055405,-0.29628297686576843,3.071408271789551,0.030001025646924973
386,7.677438497543335,0.07314837723970413,-0.18558362126350403,-0.34149685502052307,0.2930104434490204,-0.025392038747668266,-0.25562071800231934,3.0525729656219482,0.031997475773096085
387,7.702605247497559,0.07314837723970413,-0.18558362126350403,-0.34149685502052307,0.29270997643470764,-0.009203807450830936,-0.18325293064117432,3.038332939147949,0.03357001021504402
388,7.714482307434082,0.07314837723970413,-0.18558362126350403,-0.34149685502052307,0.29605644941329956,0.001977535430341959,-0.0790276974439621,3.0299530029296875,0.0354609489440918
389,7.743971586227417,0.07314837723970413,-0.18558362126350403,-0.34149685502052307,0.2995694577693939,0.007628476247191429,0.028601083904504776,3.029022693634033,0.038293901830911636
390,7.757648944854736,0.07314837723970413,-0.18558362126350403,-0.34149685502052307,0.29622822999954224,0.012543750926852226,0.07119068503379822,3.0364747047424316,0.04279783368110657
391,7.783517599105835,0.07314837723970413,-0.18558362126350403,-0.34149685502052307,0.28711679577827454,0.025166528299450874,0.007506892085075378,3.0507686138153076,0.04862956330180168
392,7.793818712234497,0.07314837723970413,-0.18558362126350403,-0.34149685502052307,0.2782159149646759,0.04883113130927086,-0.09713606536388397,3.0664122104644775,0.054275985807180405
393,7.820305824279785,0.07314837723970413,-0.18558362126350403,-0.34149685502052307,0.26987552642822266,0.07257717847824097,-0.20808976888656616,3.0782437324523926,0.05992668867111206
394,7.830545663833618,0.07314837723970413,-0.18558362126350403,-0.34149685502052307,0.2638147473335266,0.09229343384504318,-0.34974154829978943,3.084291934967041,0.06687105447053909
395,7.856618404388428,0.07314837723970413,-0.18558362126350403,-0.34149685502052307,0.25833868980407715,0.11200365424156189,-0.4946006238460541,3.084826707839966,0.07622286677360535
396,7.866631031036377,0.07314837723970413,-0.18558362126350403,-0.34149685502052307,0.23847649991512299,0.11479220539331436,-0.1382015496492386,3.082878351211548,0.07843697816133499
397,7.892119646072388,0.07314837723970413,-0.18558362126350403,-0.34149685502052307,0.19512046873569489,0.07117399573326111,-0.25564026832580566,3.0921242237091064,0.07360969483852386
398,7.902466535568237,0.07314837723970413,-0.18558362126350403,-0.34149685502052307,0.1718016117811203,0.03895910084247589,-0.32847100496292114,3.0986647605895996,0.07376423478126526
399,7.927940607070923,0.07314837723970413,-0.18558362126350403,-0.34149685502052307,0.1514199674129486,0.007068886421620846,-0.34763479232788086,3.1005823612213135,0.06968545913696289
400,7.937940359115601,0.07314837723970413,-0.18558362126350403,-0.34149685502052307,0.11668018996715546,-0.026478586718440056,-0.372391939163208,3.1021270751953125,0.06364913284778595
401,7.964534521102905,0.07314837723970413,-0.18558362126350403,-0.34149685502052307,0.08086860179901123,-0.05750608816742897,-0.3752198815345764,3.1042861938476562,0.05950361117720604
402,7.9751317501068115,0.07314837723970413,-0.18558362126350403,-0.34149685502052307,0.04842045530676842,-0.0865742415189743,-0.35671988129615784,3.106341600418091,0.057512566447257996
403,8.000907897949219,0.07314837723970413,-0.18558362126350403,-0.34149685502052307,0.01940065808594227,-0.11609002202749252,-0.36426666378974915,3.1084096431732178,0.05689459294080734
404,8.011175632476807,0.07314837723970413,-0.18558362126350403,-0.34149685502052307,-0.006436059717088938,-0.1465652883052826,-0.3595617115497589,3.10983943939209,0.056636739522218704
405,8.03663420677185,0.07314837723970413,-0.18558362126350403,-0.34149685502052307,-0.03138309344649315,-0.17657867074012756,-0.3322429656982422,3.109429359436035,0.057092852890491486
406,8.047236442565918,0.07314837723970413,-0.18558362126350403,-0.34149685502052307,-0.056163545697927475,-0.20443561673164368,-0.3080176115036011,3.1064910888671875,0.05930028483271599
407,8.073128700256348,0.07314837723970413,-0.18558362126350403,-0.34149685502052307,-0.07851723581552505,-0.23107005655765533,-0.2861883044242859,3.1024796962738037,0.06253586709499359
408,8.08318543434143,0.07314837723970413,-0.18558362126350403,-0.34149685502052307,-0.10136216878890991,-0.2552013099193573,-0.2965301275253296,3.1003048419952393,0.06578928232192993
409,8.108242511749268,0.07314837723970413,-0.18558362126350403,-0.34149685502052307,-0.12489321827888489,-0.2771013379096985,-0.32563260197639465,3.103188991546631,0.06918622553348541
410,8.119118928909302,0.07314837723970413,-0.18558362126350403,-0.34149685502052307,-0.10122920572757721,-0.2779524028301239,-0.3698536455631256,3.1077284812927246,0.06518632173538208
411,8.14527678489685,0.07314837723970413,-0.18558362126350403,-0.34149685502052307,-0.09314651042222977,-0.2704486846923828,-0.2806745767593384,3.1091554164886475,0.05353579297661781
412,8.155870199203491,0.07314837723970413,-0.18558362126350403,-0.34149685502052307,-0.09247767925262451,-0.2644135355949402,-0.22467198967933655,3.110879421234131,0.04481298103928566
413,8.18895697593689,0.07314837723970413,-0.18558362126350403,-0.34149685502052307,-0.08983302116394043,-0.2593352794647217,-0.1719626486301422,3.113978147506714,0.03855249285697937
414,8.202041387557983,0.07314837723970413,-0.18558362126350403,-0.34149685502052307,-0.08472100645303726,-0.2507462501525879,-0.132487952709198,3.1186201572418213,0.031872060149908066
415,8.227970361709595,0.07314837723970413,-0.18558362126350403,-0.34149685502052307,-0.07821489125490189,-0.23271594941616058,-0.11199823766946793,3.124145746231079,0.024177471175789833
416,8.238270282745361,0.07314837723970413,-0.18558362126350403,-0.34149685502052307,-0.07256923615932465,-0.20272709429264069,-0.23788198828697205,3.1287496089935303,0.016958655789494514
417,8.263206958770752,0.07314837723970413,-0.18558362126350403,-0.34149685502052307,-0.06744521856307983,-0.17314061522483826,-0.3182421326637268,3.1293532848358154,0.011141265742480755
418,8.273600101470947,0.07314837723970413,-0.18558362126350403,-0.34149685502052307,-0.06341269612312317,-0.14896561205387115,-0.3345336616039276,3.126091241836548,0.007944650948047638
419,8.299895524978638,0.07314837723970413,-0.18558362126350403,-0.34149685502052307,-0.059043336659669876,-0.12766946852207184,-0.33754366636276245,3.121110439300537,0.00780635979026556
420,8.310407876968384,0.07314837723970413,-0.18558362126350403,-0.34149685502052307,-0.05497463047504425,-0.10869748890399933,-0.34440889954566956,3.115507125854492,0.010524793528020382
421,8.335570812225342,0.07314837723970413,-0.18558362126350403,-0.34149685502052307,-0.05136016383767128,-0.09313061088323593,-0.35794517397880554,3.1096842288970947,0.01574878767132759
422,8.346030235290527,0.07314837723970413,-0.18558362126350403,-0.34149685502052307,-0.04741058871150017,-0.08013264089822769,-0.3828016519546509,3.104361057281494,0.0225958414375782
423,8.374537229537964,0.07314837723970413,-0.18558362126350403,-0.34149685502052307,-0.04206131771206856,-0.0679413303732872,-0.413996160030365,3.1004676818847656,0.029658431187272072
424,8.397006034851074,0.07314837723970413,-0.18558362126350403,-0.34149685502052307,-0.03472060710191727,-0.055113013833761215,-0.44041141867637634,3.098843812942505,0.03553255647420883
425,8.42882776260376,0.07314837723970413,-0.18558362126350403,-0.34149685502052307,-0.026034558191895485,-0.040988367050886154,-0.4468716084957123,3.0999324321746826,0.039392467588186264
426,8.439430475234985,0.07314837723970413,-0.18558362126350403,-0.34149685502052307,-0.01709791272878647,-0.024678751826286316,-0.4181702733039856,3.1030473709106445,0.041102826595306396
427,8.47192931175232,0.07314837723970413,-0.18558362126350403,-0.34149685502052307,-0.009425368160009384,-0.0076094819232821465,-0.3679150640964508,3.1067302227020264,0.04133674129843712
428,8.483218431472778,0.07314837723970413,-0.18558362126350403,-0.34149685502052307,-0.004373038187623024,0.008197113871574402,-0.3266339898109436,3.1100974082946777,0.041624248027801514
429,8.510121583938599,0.07314837723970413,-0.18558362126350403,-0.34149685502052307,-0.0006195026799105108,0.021941978484392166,-0.31788986921310425,3.1131134033203125,0.04340384155511856
430,8.521900653839111,0.07314837723970413,-0.18558362126350403,-0.34149685502052307,0.005487081594765186,0.03665976598858833,-0.3329430818557739,3.11509108543396,0.04643360897898674
431,8.548687219619751,0.07314837723970413,-0.18558362126350403,-0.34149685502052307,0.01629709266126156,0.05369586870074272,-0.3712063729763031,3.114302635192871,0.048774220049381256
432,8.559735774993896,0.07314837723970413,-0.18558362126350403,-0.34149685502052307,0.01707450859248638,0.06933263689279556,-0.21300560235977173,3.110485792160034,0.04710825905203819
433,8.585194110870361,0.07314837723970413,-0.18558362126350403,-0.34149685502052307,0.032732002437114716,0.05128377676010132,-0.27240654826164246,3.1078176498413086,0.03876457363367081
434,8.595979928970337,0.07314837723970413,-0.18558362126350403,-0.34149685502052307,0.04569659382104874,0.02340376377105713,-0.31304192543029785,3.1036808490753174,0.026120733469724655
435,8.62145709991455,0.07314837723970413,-0.18558362126350403,-0.34149685502052307,0.041209347546100616,-0.015877515077590942,-0.3071143925189972,3.101794719696045,0.009391317144036293
436,8.63166356086731,0.07314837723970413,-0.18558362126350403,-0.34149685502052307,0.027105281129479408,-0.0577072910964489,-0.3040379583835602,3.105766534805298,-0.0019384404877200723
437,8.657212495803833,0.07314837723970413,-0.18558362126350403,-0.34149685502052307,0.017463700845837593,-0.09662625938653946,-0.35497528314590454,3.1119587421417236,-0.007048794999718666
438,8.666910648345947,0.07314837723970413,-0.18558362126350403,-0.34149685502052307,0.014210302382707596,-0.13619886338710785,-0.3810417652130127,3.117534875869751,-0.008287189528346062
439,8.69244933128357,0.07314837723970413,-0.18558362126350403,-0.34149685502052307,0.015912091359496117,-0.17755459249019623,-0.38870033621788025,3.1209239959716797,-0.008468849584460258
440,8.702636003494263,0.07314837723970413,-0.18558362126350403,-0.34149685502052307,0.019913246855139732,-0.21672295033931732,-0.3773999512195587,3.1215014457702637,-0.008671692572534084
441,8.728902816772461,0.07314837723970413,-0.18558362126350403,-0.34149685502052307,0.024166816845536232,-0.25303956866264343,-0.34996116161346436,3.1200876235961914,-0.008896172977983952
442,8.73910117149353,0.07314837723970413,-0.18558362126350403,-0.34149685502052307,0.027485808357596397,-0.2832449972629547,-0.35376569628715515,3.118696689605713,-0.00914319884032011
443,8.765071868896484,0.07314837723970413,-0.18558362126350403,-0.34149685502052307,0.03040469065308571,-0.31526345014572144,-0.3495335876941681,3.119611978530884,-0.00984249822795391
444,8.775331974029541,0.07314837723970413,-0.18558362126350403,-0.34149685502052307,0.04058980941772461,-0.3050345778465271,-0.2958294451236725,3.11955189704895,-0.011758103966712952
445,8.800528764724731,0.07314837723970413,-0.18558362126350403,-0.34149685502052307,0.041475292295217514,-0.2904652953147888,-0.2918703556060791,3.1158926486968994,-0.011815001256763935
446,8.810903787612915,0.07314837723970413,-0.18558362126350403,-0.34149685502052307,0.04962722584605217,-0.28303393721580505,-0.23835089802742004,3.1105523109436035,-0.009589232504367828
447,8.83605408668518,0.07314837723970413,-0.18558362126350403,-0.34149685502052307,0.060406070202589035,-0.2797927260398865,-0.21953098475933075,3.1050994396209717,-0.008075178600847721
448,8.846404790878296,0.07314837723970413,-0.18558362126350403,-0.34149685502052307,0.07030457258224487,-0.270039826631546,-0.2316969782114029,3.100888729095459,-0.008575894869863987
449,8.871151685714722,0.07314837723970413,-0.18558362126350403,-0.34149685502052307,0.0731319934129715,-0.2424461990594864,-0.31716692447662354,3.09709095954895,-0.010377873666584492
450,8.880931377410889,0.07314837723970413,-0.18558362126350403,-0.34149685502052307,0.07216838002204895,-0.20581930875778198,-0.33776843547821045,3.0911786556243896,-0.012570858001708984
451,8.906708478927612,0.07314837723970413,-0.18558362126350403,-0.34149685502052307,0.07323302328586578,-0.17615365982055664,-0.3088756203651428,3.0835652351379395,-0.014053050428628922
452,8.916662216186523,0.07314837723970413,-0.18558362126350403,-0.34149685502052307,0.07768553495407104,-0.1554758995771408,-0.25352516770362854,3.0762219429016113,-0.01373616885393858
453,8.942563772201538,0.07314837723970413,-0.18558362126350403,-0.34149685502052307,0.0852198526263237,-0.1407085806131363,-0.2013368159532547,3.0704898834228516,-0.011355028487741947
454,8.952269315719604,0.07314837723970413,-0.18558362126350403,-0.34149685502052307,0.09581878036260605,-0.13069605827331543,-0.1518457531929016,3.0668046474456787,-0.007223636377602816
455,8.97737741470337,0.07314837723970413,-0.18558362126350403,-0.34149685502052307,0.10802008956670761,-0.1249847561120987,-0.09299664944410324,3.0655860900878906,-0.0018971230601891875
456,8.98799443244934,0.07314837723970413,-0.18558362126350403,-0.34149685502052307,0.11934085190296173,-0.12096519768238068,-0.055463965982198715,3.0673978328704834,0.004383108112961054
457,9.013245344161987,0.07314837723970413,-0.18558362126350403,-0.34149685502052307,0.1308716982603073,-0.1157279834151268,-0.037077270448207855,3.07218861579895,0.01093361247330904
458,9.023279190063477,0.07314837723970413,-0.18558362126350403,-0.34149685502052307,0.14316990971565247,-0.10666736960411072,-0.02541326731443405,3.078803062438965,0.016597187146544456
459,9.048306226730347,0.07314837723970413,-0.18558362126350403,-0.34149685502052307,0.1554575115442276,-0.09338700771331787,-0.02869073674082756,3.085505247116089,0.02099020406603813
460,9.059762716293335,0.07314837723970413,-0.18558362126350403,-0.34149685502052307,0.1678047776222229,-0.07986534386873245,-0.03491797670722008,3.09149169921875,0.024542629718780518
461,9.087214231491089,0.07314837723970413,-0.18558362126350403,-0.34149685502052307,0.17939136922359467,-0.07019009441137314,-0.04858668893575668,3.0982472896575928,0.0282005425542593
462,9.09778356552124,0.07314837723970413,-0.18558362126350403,-0.34149685502052307,0.19278964400291443,-0.06533502042293549,-0.09243234992027283,3.107463836669922,0.0326627753674984
463,9.1248300075531,0.07314837723970413,-0.18558362126350403,-0.34149685502052307,0.21378979086875916,-0.06106194853782654,-0.16655468940734863,3.1179113388061523,0.03670918941497803
464,9.135024070739746,0.07314837723970413,-0.18558362126350403,-0.34149685502052307,0.24172228574752808,-0.0546344518661499,-0.24458718299865723,3.1250364780426025,0.03839196637272835
465,9.161728143692017,0.07314837723970413,-0.18558362126350403,-0.34149685502052307,0.26588547229766846,-0.045900728553533554,-0.2948586046695709,3.1236250400543213,0.0399557426571846
466,9.172720193862915,0.07314837723970413,-0.18558362126350403,-0.34149685502052307,0.2508309781551361,-0.04768682271242142,-0.08196240663528442,3.115668296813965,0.03689107298851013
467,9.197980880737305,0.07314837723970413,-0.18558362126350403,-0.34149685502052307,0.20538973808288574,-0.07707973569631577,-0.22285813093185425,3.1109657287597656,0.036771852523088455
468,9.208673000335693,0.07314837723970413,-0.18558362126350403,-0.34149685502052307,0.16592836380004883,-0.10622680932283401,-0.39011135697364807,3.110599994659424,0.04234709218144417
469,9.234951496124268,0.07314837723970413,-0.18558362126350403,-0.34149685502052307,0.12535972893238068,-0.1356075555086136,-0.38455891609191895,3.1154286861419678,0.046451419591903687
470,9.246080160140991,0.07314837723970413,-0.18558362126350403,-0.34149685502052307,0.09266878664493561,-0.16098426282405853,-0.3493192195892334,3.1224446296691895,0.04743214696645737
471,9.271557092666626,0.07314837723970413,-0.18558362126350403,-0.34149685502052307,0.06608591973781586,-0.1821940392255783,-0.34656375646591187,3.128129720687866,0.04611299932003021
472,9.281933069229126,0.07314837723970413,-0.18558362126350403,-0.34149685502052307,0.041837286204099655,-0.20158375799655914,-0.35906755924224854,3.1301181316375732,0.04482110217213631
473,9.306920289993286,0.07314837723970413,-0.18558362126350403,-0.34149685502052307,0.016696805134415627,-0.22140555083751678,-0.3329329490661621,3.1277353763580322,0.04588236287236214
474,9.317014455795288,0.07314837723970413,-0.18558362126350403,-0.34149685502052307,-0.008642695844173431,-0.2425205260515213,-0.29827648401260376,3.121607780456543,0.049492694437503815
475,9.342391014099121,0.07314837723970413,-0.18558362126350403,-0.34149685502052307,-0.03535700961947441,-0.26578599214553833,-0.27468666434288025,3.114257335662842,0.05450578033924103
476,9.352963209152222,0.07314837723970413,-0.18558362126350403,-0.34149685502052307,-0.06474237143993378,-0.2890124022960663,-0.26253828406333923,3.1096673011779785,0.06095408275723457
477,9.377599716186523,0.07314837723970413,-0.18558362126350403,-0.34149685502052307,-0.05063002556562424,-0.29190537333488464,-0.3193090558052063,3.106365919113159,0.061351530253887177
478,9.387924432754517,0.07314837723970413,-0.18558362126350403,-0.34149685502052307,-0.05015594884753227,-0.29076334834098816,-0.2726093530654907,3.1026558876037598,0.053584955632686615
479,9.41538143157959,0.07314837723970413,-0.18558362126350403,-0.34149685502052307,-0.05450965464115143,-0.28958848118782043,-0.2301822006702423,3.102555513381958,0.047473229467868805
480,9.426291704177856,0.07314837723970413,-0.18558362126350403,-0.34149685502052307,-0.05549198016524315,-0.2869414985179901,-0.18514780700206757,3.105377197265625,0.04273272678256035
481,9.451613664627075,0.07314837723970413,-0.18558362126350403,-0.34149685502052307,-0.052702851593494415,-0.2783774137496948,-0.1503509283065796,3.10994815826416,0.036885134875774384
482,9.462599515914917,0.07314837723970413,-0.18558362126350403,-0.34149685502052307,-0.0470271110534668,-0.2578430473804474,-0.1336127072572708,3.115036725997925,0.029672883450984955
483,9.487518310546875,0.07314837723970413,-0.18558362126350403,-0.34149685502052307,-0.043460115790367126,-0.22595244646072388,-0.2400912344455719,3.1186187267303467,0.023209838196635246
484,9.49793291091919,0.07314837723970413,-0.18558362126350403,-0.34149685502052307,-0.03985244780778885,-0.19611483812332153,-0.3068627715110779,3.1185925006866455,0.01854572258889675
485,9.523076057434082,0.07314837723970413,-0.18558362126350403,-0.34149685502052307,-0.035651881247758865,-0.17174290120601654,-0.31224918365478516,3.11551833152771,0.016242435202002525
486,9.533870935440063,0.07314837723970413,-0.18558362126350403,-0.34149685502052307,-0.03103235363960266,-0.1503187119960785,-0.30679476261138916,3.1111927032470703,0.01644556224346161
487,9.558827877044678,0.07314837723970413,-0.18558362126350403,-0.34149685502052307,-0.026922017335891724,-0.1315261721611023,-0.30905553698539734,3.1064839363098145,0.019227223470807076
488,9.5701584815979,0.07314837723970413,-0.18558362126350403,-0.34149685502052307,-0.02299032174050808,-0.1161249577999115,-0.31304240226745605,3.1017041206359863,0.024315696209669113
489,9.595185995101929,0.07314837723970413,-0.18558362126350403,-0.34149685502052307,-0.017990481108427048,-0.10205668956041336,-0.3396572172641754,3.09724497795105,0.03081054985523224
490,9.605271100997925,0.07314837723970413,-0.18558362126350403,-0.34149685502052307,-0.010673957876861095,-0.08825989812612534,-0.3701656460762024,3.0935757160186768,0.03716447204351425
491,9.630828142166138,0.07314837723970413,-0.18558362126350403,-0.34149685502052307,-0.000938346900511533,-0.07365408539772034,-0.39189624786376953,3.0913960933685303,0.041914202272892
492,9.640963077545166,0.07314837723970413,-0.18558362126350403,-0.34149685502052307,0.009895410388708115,-0.058442775160074234,-0.37388765811920166,3.0914857387542725,0.04428757354617119
493,9.666076421737671,0.07314837723970413,-0.18558362126350403,-0.34149685502052307,0.020168522372841835,-0.04163988307118416,-0.32933151721954346,3.093700885772705,0.04462803900241852
494,9.676081418991089,0.07314837723970413,-0.18558362126350403,-0.34149685502052307,0.028447916731238365,-0.025221753865480423,-0.2768102288246155,3.097097635269165,0.04411003738641739
495,9.702052354812622,0.07314837723970413,-0.18558362126350403,-0.34149685502052307,0.0343644842505455,-0.010885437950491905,-0.24162396788597107,3.1011717319488525,0.04447333887219429
496,9.713227272033691,0.07314837723970413,-0.18558362126350403,-0.34149685502052307,0.040579553693532944,0.002035831566900015,-0.22876858711242676,3.105771780014038,0.04655415192246437
497,9.738128423690796,0.07314837723970413,-0.18558362126350403,-0.34149685502052307,0.05000323802232742,0.016553198918700218,-0.2519387900829315,3.1097710132598877,0.049345530569553375
498,9.747986078262329,0.07314837723970413,-0.18558362126350403,-0.34149685502052307,0.06417381018400192,0.03280338644981384,-0.3118186593055725,3.110502004623413,0.05062934011220932
499,9.773456335067749,0.07314837723970413,-0.18558362126350403,-0.34149685502052307,0.053841881453990936,0.06793621927499771,-0.24983550608158112,3.1063873767852783,0.04939877241849899
500,9.783385753631592,0.07314837723970413,-0.18558362126350403,-0.34149685502052307,0.07768934965133667,0.03133215382695198,-0.3257122039794922,3.098461151123047,0.04277408495545387
501,9.814105033874512,0.07314837723970413,-0.18558362126350403,-0.34149685502052307,0.08124015480279922,-0.0007203849963843822,-0.30684518814086914,3.093607187271118,0.03303370997309685
502,9.825009107589722,0.07314837723970413,-0.18558362126350403,-0.34149685502052307,0.06952648609876633,-0.036014165729284286,-0.3404436707496643,3.0949084758758545,0.020174618810415268
503,9.856711149215698,0.07314837723970413,-0.18558362126350403,-0.34149685502052307,0.049109458923339844,-0.07507967203855515,-0.3318805694580078,3.101189613342285,0.011846296489238739
504,9.87112832069397,0.07314837723970413,-0.18558362126350403,-0.34149685502052307,0.03321355953812599,-0.11303511261940002,-0.3545109033584595,3.1081080436706543,0.008330889977514744
505,9.896819591522217,0.07314837723970413,-0.18558362126350403,-0.34149685502052307,0.023898253217339516,-0.15219229459762573,-0.3765794038772583,3.1138057708740234,0.007561731617897749
506,9.907419204711914,0.07314837723970413,-0.18558362126350403,-0.34149685502052307,0.01827719248831272,-0.1926584094762802,-0.3629182279109955,3.1170034408569336,0.007631833665072918
507,9.932565450668335,0.07314837723970413,-0.18558362126350403,-0.34149685502052307,0.013965992256999016,-0.22967766225337982,-0.3408357501029968,3.117372989654541,0.008344056084752083
508,9.942419290542603,0.07314837723970413,-0.18558362126350403,-0.34149685502052307,0.009296045638620853,-0.2621750235557556,-0.335355669260025,3.1164298057556152,0.009965998120605946
509,9.967477798461914,0.07314837723970413,-0.18558362126350403,-0.34149685502052307,0.004507967736572027,-0.2900652587413788,-0.349026620388031,3.116988182067871,0.012065298855304718
510,9.977533340454102,0.07314837723970413,-0.18558362126350403,-0.34149685502052307,0.02109990268945694,-0.3082634210586548,-0.3895740509033203,3.119844675064087,0.010122179985046387
511,10.003351926803589,0.07314837723970413,-0.18558362126350403,-0.34149685502052307,0.027043458074331284,-0.2989562451839447,-0.32871049642562866,3.1191794872283936,0.002028011018410325
512,10.013791561126709,0.07314837723970413,-0.18558362126350403,-0.34149685502052307,0.024758178740739822,-0.28850579261779785,-0.27890753746032715,3.11702036857605,-0.0007888666004873812
513,10.039639949798584,0.07314837723970413,-0.18558362126350403,-0.34149685502052307,0.030613820999860764,-0.2814808785915375,-0.21803346276283264,3.11417555809021,0.000610178045462817
514,10.049659967422485,0.07314837723970413,-0.18558362126350403,-0.34149685502052307,0.04085009545087814,-0.2736331522464752,-0.19494189321994781,3.1109774112701416,0.0017224744660779834
515,10.074742317199707,0.07314837723970413,-0.18558362126350403,-0.34149685502052307,0.0500318706035614,-0.2555689215660095,-0.22044138610363007,3.1080822944641113,0.0011189751094207168
516,10.085316181182861,0.07314837723970413,-0.18558362126350403,-0.34149685502052307,0.05296150594949722,-0.22411282360553741,-0.3242899179458618,3.1048710346221924,-0.0003813280491158366
517,10.113109827041626,0.07314837723970413,-0.18558362126350403,-0.34149685502052307,0.05594887584447861,-0.19186896085739136,-0.33885204792022705,3.099561929702759,-0.0022554919123649597
518,10.123684406280518,0.07314837723970413,-0.18558362126350403,-0.34149685502052307,0.05999128893017769,-0.1664513796567917,-0.29252731800079346,3.092794418334961,-0.003202244406566024
519,10.149902105331421,0.07314837723970413,-0.18558362126350403,-0.34149685502052307,0.06601398438215256,-0.1480221450328827,-0.2447257936000824,3.086674690246582,-0.002266631228849292
520,10.160700559616089,0.07314837723970413,-0.18558362126350403,-0.34149685502052307,0.07442016154527664,-0.13567116856575012,-0.20870593190193176,3.0823004245758057,0.0007366165518760681
521,10.186795711517334,0.07314837723970413,-0.18558362126350403,-0.34149685502052307,0.08483780920505524,-0.12832456827163696,-0.16570527851581573,3.0798590183258057,0.005396262276917696
522,10.197552919387817,0.07314837723970413,-0.18558362126350403,-0.34149685502052307,0.09567166119813919,-0.1233401969075203,-0.13325759768486023,3.079625368118286,0.011071291752159595
523,10.2241690158844,0.07314837723970413,-0.18558362126350403,-0.34149685502052307,0.10687471926212311,-0.11794852465391159,-0.12020895630121231,3.081671953201294,0.016982950270175934
524,10.23510217666626,0.07314837723970413,-0.18558362126350403,-0.34149685502052307,0.11920338124036789,-0.110308937728405,-0.10684585571289062,3.085314989089966,0.022107448428869247
525,10.263728618621826,0.07314837723970413,-0.18558362126350403,-0.34149685502052307,0.13229769468307495,-0.09955146908760071,-0.09649328142404556,3.0894010066986084,0.025942694395780563
526,10.275299310684204,0.07314837723970413,-0.18558362126350403,-0.34149685502052307,0.14584466814994812,-0.08754212409257889,-0.08714331686496735,3.093283176422119,0.02869448810815811
527,10.301786422729492,0.07314837723970413,-0.18558362126350403,-0.34149685502052307,0.15925729274749756,-0.07709569483995438,-0.07487918436527252,3.0977790355682373,0.030895061790943146
528,10.312379121780396,0.07314837723970413,-0.18558362126350403,-0.34149685502052307,0.17174264788627625,-0.0700402781367302,-0.0849655345082283,3.1047370433807373,0.033747196197509766
529,10.338167428970337,0.07314837723970413,-0.18558362126350403,-0.34149685502052307,0.18757563829421997,-0.0657171756029129,-0.12158399820327759,3.1149590015411377,0.03738252818584442
530,10.348952531814575,0.07314837723970413,-0.18558362126350403,-0.34149685502052307,0.209884375333786,-0.06048114225268364,-0.1803198754787445,3.1258325576782227,0.04032304137945175
531,10.374363660812378,0.07314837723970413,-0.18558362126350403,-0.34149685502052307,0.23870421946048737,-0.052261341363191605,-0.25053584575653076,3.1316630840301514,0.041176944971084595
532,10.384921550750732,0.07314837723970413,-0.18558362126350403,-0.34149685502052307,0.23192016780376434,-0.02363850548863411,-0.26687172055244446,3.1272788047790527,0.04228438436985016
533,10.41117262840271,0.07314837723970413,-0.18558362126350403,-0.34149685502052307,0.2307736724615097,-0.058804627507925034,-0.414428174495697,3.1111128330230713,0.042120642960071564
534,10.42143177986145,0.07314837723970413,-0.18558362126350403,-0.34149685502052307,0.19513161480426788,-0.09728863835334778,-0.37031131982803345,3.097761631011963,0.04616939276456833
535,10.446686267852783,0.07314837723970413,-0.18558362126350403,-0.34149685502052307,0.16193291544914246,-0.1273731291294098,-0.37452441453933716,3.0992538928985596,0.04945066198706627
536,10.457037925720215,0.07314837723970413,-0.18558362126350403,-0.34149685502052307,0.12655410170555115,-0.15136288106441498,-0.39406725764274597,3.1098289489746094,0.04981399327516556
537,10.483019590377808,0.07314837723970413,-0.18558362126350403,-0.34149685502052307,0.09460077434778214,-0.17318396270275116,-0.402405709028244,3.121591091156006,0.048455964773893356
538,10.493276357650757,0.07314837723970413,-0.18558362126350403,-0.34149685502052307,0.07005967199802399,-0.194138765335083,-0.41132664680480957,3.130711078643799,0.045775916427373886
539,10.521103143692017,0.07314837723970413,-0.18558362126350403,-0.34149685502052307,0.04852694645524025,-0.2158404290676117,-0.4365479350090027,3.1360645294189453,0.04267105087637901
540,10.53127932548523,0.07314837723970413,-0.18558362126350403,-0.34149685502052307,0.02523108944296837,-0.23855358362197876,-0.41540834307670593,3.137209415435791,0.0413215309381485
541,10.556560754776001,0.07314837723970413,-0.18558362126350403,-0.34149685502052307,0.0022705879528075457,-0.2620111405849457,-0.3903621733188629,3.1341967582702637,0.04209565371274948
542,10.567042112350464,0.07314837723970413,-0.18558362126350403,-0.34149685502052307,-0.021758172661066055,-0.2871910631656647,-0.37025192379951477,3.1294429302215576,0.04412440210580826
543,10.592398881912231,0.07314837723970413,-0.18558362126350403,-0.34149685502052307,-0.04714091494679451,-0.3130667805671692,-0.346077561378479,3.1275007724761963,0.047342751175165176
544,10.603226900100708,0.07314837723970413,-0.18558362126350403,-0.34149685502052307,-0.032030899077653885,-0.3171481788158417,-0.4065382182598114,3.1269021034240723,0.04471733793616295
545,10.6280198097229,0.07314837723970413,-0.18558362126350403,-0.34149685502052307,-0.03530195727944374,-0.3099844455718994,-0.2803782522678375,3.1236965656280518,0.035327568650245667
546,10.638208866119385,0.07314837723970413,-0.18558362126350403,-0.34149685502052307,-0.04246346279978752,-0.30278557538986206,-0.2108244001865387,3.121654510498047,0.03038777783513069
547,10.663078308105469,0.07314837723970413,-0.18558362126350403,-0.34149685502052307,-0.04237407073378563,-0.295015811920166,-0.15889152884483337,3.120981216430664,0.027847370132803917
548,10.67304801940918,0.07314837723970413,-0.18558362126350403,-0.34149685502052307,-0.037587545812129974,-0.2820044457912445,-0.11914366483688354,3.1213276386260986,0.024145593866705894
549,10.69810438156128,0.07314837723970413,-0.18558362126350403,-0.34149685502052307,-0.029850928112864494,-0.2551737129688263,-0.1965438574552536,3.1220130920410156,0.019145285710692406
550,10.709008693695068,0.07314837723970413,-0.18558362126350403,-0.34149685502052307,-0.026511671021580696,-0.22335846722126007,-0.28057849407196045,3.120309591293335,0.01496127713471651
551,10.735466480255127,0.07314837723970413,-0.18558362126350403,-0.34149685502052307,-0.023302413523197174,-0.19712524116039276,-0.3084908127784729,3.1161880493164062,0.012815142050385475
552,10.745707750320435,0.07314837723970413,-0.18558362126350403,-0.34149685502052307,-0.01849173754453659,-0.17469505965709686,-0.3047142028808594,3.1111433506011963,0.012752381153404713
553,10.771244764328003,0.07314837723970413,-0.18558362126350403,-0.34149685502052307,-0.013737465254962444,-0.15507593750953674,-0.2953299283981323,3.1061644554138184,0.014682029373943806
554,10.781478643417358,0.07314837723970413,-0.18558362126350403,-0.34149685502052307,-0.009531165473163128,-0.13871356844902039,-0.28351321816444397,3.1014649868011475,0.018711695447564125
555,10.810929775238037,0.07314837723970413,-0.18558362126350403,-0.34149685502052307,-0.004675053991377354,-0.12484068423509598,-0.2930602431297302,3.09716534614563,0.024418149143457413
556,10.823805570602417,0.07314837723970413,-0.18558362126350403,-0.34149685502052307,0.001515421667136252,-0.11253640800714493,-0.31443995237350464,3.0935144424438477,0.030745966359972954
557,10.850852966308594,0.07314837723970413,-0.18558362126350403,-0.34149685502052307,0.010213731788098812,-0.10028964281082153,-0.33191418647766113,3.0908572673797607,0.03625248745083809
558,10.865845441818237,0.07314837723970413,-0.18558362126350403,-0.34149685502052307,0.0210857056081295,-0.08674956113100052,-0.33134162425994873,3.089613199234009,0.03968479484319687
559,10.896648406982422,0.07314837723970413,-0.18558362126350403,-0.34149685502052307,0.03229391202330589,-0.0717432051897049,-0.30457955598831177,3.0900111198425293,0.040822505950927734
560,10.906589269638062,0.07314837723970413,-0.18558362126350403,-0.34149685502052307,0.04255842790007591,-0.05575137957930565,-0.2574237585067749,3.091822862625122,0.04040168970823288
561,10.931401491165161,0.07314837723970413,-0.18558362126350403,-0.34149685502052307,0.05086905509233475,-0.04152493551373482,-0.20758308470249176,3.094738483428955,0.03991856798529625
562,10.94128131866455,0.07314837723970413,-0.18558362126350403,-0.34149685502052307,0.05751913785934448,-0.030164005234837532,-0.16956046223640442,3.0987930297851562,0.04100506752729416
563,10.966771841049194,0.07314837723970413,-0.18558362126350403,-0.34149685502052307,0.06554018706083298,-0.01954016089439392,-0.15541549026966095,3.1040444374084473,0.04389853775501251
564,10.976794719696045,0.07314837723970413,-0.18558362126350403,-0.34149685502052307,0.0776917040348053,-0.007520290091633797,-0.1814616620540619,3.1092584133148193,0.04694535210728645
565,11.003283500671387,0.07314837723970413,-0.18558362126350403,-0.34149685502052307,0.09522667527198792,0.005836984142661095,-0.2504609227180481,3.1114518642425537,0.04750083386898041
566,11.013536214828491,0.07314837723970413,-0.18558362126350403,-0.34149685502052307,0.11334507167339325,0.018748901784420013,-0.3409467935562134,3.1082799434661865,0.0446818545460701
567,11.038943529129028,0.07314837723970413,-0.18558362126350403,-0.34149685502052307,0.11948418617248535,0.011296851560473442,-0.11283012479543686,3.104410409927368,0.03394300490617752
568,11.049416303634644,0.07314837723970413,-0.18558362126350403,-0.34149685502052307,0.10827505588531494,-0.009497436694800854,-0.2048245072364807,3.103855848312378,0.020775480195879936
569,11.077760457992554,0.07314837723970413,-0.18558362126350403,-0.34149685502052307,0.08948296308517456,-0.0368763767182827,-0.3370996415615082,3.1047074794769287,0.011172023601830006
570,11.088781356811523,0.07314837723970413,-0.18558362126350403,-0.34149685502052307,0.06882647424936295,-0.07349221408367157,-0.3438761234283447,3.1091432571411133,0.0064755394123494625
571,11.114202499389648,0.07314837723970413,-0.18558362126350403,-0.34149685502052307,0.05068069323897362,-0.11082907021045685,-0.33916568756103516,3.1146316528320312,0.004656270612031221
572,11.12651515007019,0.07314837723970413,-0.18558362126350403,-0.34149685502052307,0.03665727749466896,-0.14974166452884674,-0.35482218861579895,3.119379758834839,0.004773423541337252
573,11.151951551437378,0.07314837723970413,-0.18558362126350403,-0.34149685502052307,0.026100657880306244,-0.18941552937030792,-0.35324037075042725,3.121971607208252,0.005498874932527542
574,11.162191152572632,0.07314837723970413,-0.18558362126350403,-0.34149685502052307,0.016548119485378265,-0.22569799423217773,-0.33156532049179077,3.121530771255493,0.007099392358213663
575,11.188477993011475,0.07314837723970413,-0.18558362126350403,-0.34149685502052307,0.006336777471005917,-0.2573077380657196,-0.3201625645160675,3.1195449829101562,0.01046408899128437
576,11.198922634124756,0.07314837723970413,-0.18558362126350403,-0.34149685502052307,-0.0056923069059848785,-0.28844887018203735,-0.29488104581832886,3.120187282562256,0.015541513450443745
577,11.226457595825195,0.07314837723970413,-0.18558362126350403,-0.34149685502052307,0.005786675959825516,-0.2774191200733185,-0.2948562502861023,3.1210591793060303,0.0183677077293396
578,11.237690448760986,0.07314837723970413,-0.18558362126350403,-0.34149685502052307,0.011483121663331985,-0.26427045464515686,-0.26778706908226013,3.1186752319335938,0.018127232789993286
579,11.263984203338623,0.07314837723970413,-0.18558362126350403,-0.34149685502052307,0.01644022762775421,-0.2587886154651642,-0.21743766963481903,3.114990472793579,0.01778588443994522
580,11.276033639907837,0.07314837723970413,-0.18558362126350403,-0.34149685502052307,0.021009819582104683,-0.25970783829689026,-0.19142018258571625,3.1116998195648193,0.017388399690389633
581,11.30167531967163,0.07314837723970413,-0.18558362126350403,-0.34149685502052307,0.0266369991004467,-0.26016634702682495,-0.17371034622192383,3.110184907913208,0.01588444598019123
582,11.312000036239624,0.07314837723970413,-0.18558362126350403,-0.34149685502052307,0.031011898070573807,-0.2483927309513092,-0.1943906545639038,3.110588788986206,0.01321474276483059
583,11.337386131286621,0.07314837723970413,-0.18558362126350403,-0.34149685502052307,0.031765155494213104,-0.22004635632038116,-0.3081110715866089,3.1107771396636963,0.010492301546037197
584,11.348277807235718,0.07314837723970413,-0.18558362126350403,-0.34149685502052307,0.03329547494649887,-0.1887413114309311,-0.33498522639274597,3.1077051162719727,0.007931734435260296
585,11.373163223266602,0.07314837723970413,-0.18558362126350403,-0.34149685502052307,0.03624057024717331,-0.16334745287895203,-0.2938418686389923,3.1017727851867676,0.006363037973642349
586,11.383588790893555,0.07314837723970413,-0.18558362126350403,-0.34149685502052307,0.039961159229278564,-0.1446152627468109,-0.25535887479782104,3.0954086780548096,0.006794285494834185
587,11.410029888153076,0.07314837723970413,-0.18558362126350403,-0.34149685502052307,0.045161109417676926,-0.13253965973854065,-0.22914816439151764,3.0900702476501465,0.00970091950148344
588,11.42119550704956,0.07314837723970413,-0.18558362126350403,-0.34149685502052307,0.051948659121990204,-0.12567220628261566,-0.19992873072624207,3.0860955715179443,0.014752625487744808
589,11.447733402252197,0.07314837723970413,-0.18558362126350403,-0.34149685502052307,0.060105789452791214,-0.12100913375616074,-0.17848588526248932,3.08384108543396,0.020900055766105652
590,11.457932472229004,0.07314837723970413,-0.18558362126350403,-0.34149685502052307,0.06953099370002747,-0.11638928949832916,-0.1708759069442749,3.0836117267608643,0.026900378987193108
591,11.483423471450806,0.07314837723970413,-0.18558362126350403,-0.34149685502052307,0.08049658685922623,-0.10995623469352722,-0.15677356719970703,3.084993362426758,0.03160024806857109
592,11.493813037872314,0.07314837723970413,-0.18558362126350403,-0.34149685502052307,0.0922972783446312,-0.10051852464675903,-0.13276541233062744,3.087186098098755,0.034445565193891525
593,11.519210577011108,0.07314837723970413,-0.18558362126350403,-0.34149685502052307,0.10364285856485367,-0.08970228582620621,-0.09961814433336258,3.089815378189087,0.035830628126859665
594,11.535269975662231,0.07314837723970413,-0.18558362126350403,-0.34149685502052307,0.11369933933019638,-0.08009026199579239,-0.06492333114147186,3.093344211578369,0.03690899536013603
595,11.567998170852661,0.07314837723970413,-0.18558362126350403,-0.34149685502052307,0.12236729264259338,-0.07362225651741028,-0.04238836467266083,3.0990145206451416,0.03909377381205559
596,11.578097820281982,0.07314837723970413,-0.18558362126350403,-0.34149685502052307,0.13178414106369019,-0.06975573301315308,-0.048117004334926605,3.108096122741699,0.043138287961483
597,11.60370421409607,0.07314837723970413,-0.18558362126350403,-0.34149685502052307,0.1478440761566162,-0.0656801238656044,-0.09004932641983032,3.119640827178955,0.04750435799360275
598,11.613790512084961,0.07314837723970413,-0.18558362126350403,-0.34149685502052307,0.17371921241283417,-0.05844048410654068,-0.16693271696567535,3.129063844680786,0.048723626881837845
599,11.63871717453003,0.07314837723970413,-0.18558362126350403,-0.34149685502052307,0.20247671008110046,-0.04968550428748131,-0.2450418919324875,3.130465269088745,0.0451519638299942
600,11.649205923080444,0.07314837723970413,-0.18558362126350403,-0.34149685502052307,0.1929354965686798,-0.02416420541703701,-0.23625242710113525,3.1216115951538086,0.04102400690317154
601,11.675969123840332,0.07314837723970413,-0.18558362126350403,-0.34149685502052307,0.1860986202955246,-0.06758694350719452,-0.39538776874542236,3.104749917984009,0.03736007213592529
602,11.686035871505737,0.07314837723970413,-0.18558362126350403,-0.34149685502052307,0.15609663724899292,-0.10226553678512573,-0.4531421959400177,3.094385862350464,0.03936385363340378
603,11.71389102935791,0.07314837723970413,-0.18558362126350403,-0.34149685502052307,0.12204910069704056,-0.13752709329128265,-0.33904555439949036,3.098519802093506,0.041908156126737595
604,11.725785970687866,0.07314837723970413,-0.18558362126350403,-0.34149685502052307,0.09539925307035446,-0.165791854262352,-0.3243660628795624,3.110398769378662,0.041025202721357346
605,11.75108027458191,0.07314837723970413,-0.18558362126350403,-0.34149685502052307,0.07164148986339569,-0.19192124903202057,-0.3537583649158478,3.1216254234313965,0.0379008874297142
606,11.76179552078247,0.07314837723970413,-0.18558362126350403,-0.34149685502052307,0.04940100386738777,-0.2181500941514969,-0.3793160021305084,3.127530097961426,0.03525783494114876
607,11.787041664123535,0.07314837723970413,-0.18558362126350403,-0.34149685502052307,0.02599618211388588,-0.24462105333805084,-0.3605023920536041,3.127034902572632,0.035643961280584335
608,11.796971559524536,0.07314837723970413,-0.18558362126350403,-0.34149685502052307,0.0032261013984680176,-0.2718433141708374,-0.31843313574790955,3.122422695159912,0.03920680284500122
609,11.822165489196777,0.07314837723970413,-0.18558362126350403,-0.34149685502052307,-0.020047180354595184,-0.29685887694358826,-0.2903604209423065,3.1189942359924316,0.045100752264261246
610,11.832418203353882,0.07314837723970413,-0.18558362126350403,-0.34149685502052307,-0.01477403100579977,-0.3075527846813202,-0.3182657063007355,3.119316816329956,0.048669666051864624
611,11.857879638671875,0.07314837723970413,-0.18558362126350403,-0.34149685502052307,-0.010045678354799747,-0.297333300113678,-0.2845548093318939,3.117342233657837,0.04303989186882973
612,11.868100643157959,0.07314837723970413,-0.18558362126350403,-0.34149685502052307,-0.013516786508262157,-0.2880774140357971,-0.2318231612443924,3.1151609420776367,0.038440197706222534
613,11.893151998519897,0.07314837723970413,-0.18558362126350403,-0.34149685502052307,-0.014963903464376926,-0.2821930944919586,-0.17616654932498932,3.1139776706695557,0.03605124354362488
614,11.903209209442139,0.07314837723970413,-0.18558362126350403,-0.34149685502052307,-0.013174460269510746,-0.2749421000480652,-0.13922218978405,3.1142077445983887,0.03354082629084587
615,11.929117918014526,0.07314837723970413,-0.18558362126350403,-0.34149685502052307,-0.008323583751916885,-0.2577788829803467,-0.1262982189655304,3.115598440170288,0.029661597684025764
616,11.939140319824219,0.07314837723970413,-0.18558362126350403,-0.34149685502052307,-0.0060353996232151985,-0.22893977165222168,-0.23540253937244415,3.116976022720337,0.025472329929471016
617,11.968214273452759,0.07314837723970413,-0.18558362126350403,-0.34149685502052307,-0.004813012201339006,-0.20007023215293884,-0.3065952658653259,3.1158604621887207,0.02216845192015171
618,11.978825569152832,0.07314837723970413,-0.18558362126350403,-0.34149685502052307,-0.002497640438377857,-0.17544648051261902,-0.31398260593414307,3.111806631088257,0.020547961816191673
619,12.004441976547241,0.07314837723970413,-0.18558362126350403,-0.34149685502052307,0.00022326060570776463,-0.15408796072006226,-0.28525787591934204,3.1063523292541504,0.020867684856057167
620,12.015920877456665,0.07314837723970413,-0.18558362126350403,-0.34149685502052307,0.0027353866025805473,-0.13595545291900635,-0.27230319380760193,3.100883722305298,0.02331126108765602
621,12.041620016098022,0.07314837723970413,-0.18558362126350403,-0.34149685502052307,0.005604664795100689,-0.12208665907382965,-0.2755984663963318,3.0958588123321533,0.027787191793322563
622,12.051877498626709,0.07314837723970413,-0.18558362126350403,-0.34149685502052307,0.00951352808624506,-0.11182720214128494,-0.2838711142539978,3.091548442840576,0.03354083001613617
623,12.077550649642944,0.07314837723970413,-0.18558362126350403,-0.34149685502052307,0.01517398376017809,-0.10292734205722809,-0.2968643605709076,3.088552713394165,0.03925576061010361
624,12.087647676467896,0.07314837723970413,-0.18558362126350403,-0.34149685502052307,0.02313907817006111,-0.09334023296833038,-0.301797479391098,3.087331771850586,0.04348434880375862
625,12.113495111465454,0.07314837723970413,-0.18558362126350403,-0.34149685502052307,0.03220311552286148,-0.08190474659204483,-0.28857144713401794,3.087942123413086,0.04544457420706749
626,12.124294757843018,0.07314837723970413,-0.18558362126350403,-0.34149685502052307,0.04109787940979004,-0.068422332406044,-0.25467902421951294,3.0899922847747803,0.045404475182294846
627,12.150268793106079,0.07314837723970413,-0.18558362126350403,-0.34149685502052307,0.048865027725696564,-0.05450158193707466,-0.20829248428344727,3.0929272174835205,0.0445123128592968
628,12.161145448684692,0.07314837723970413,-0.18558362126350403,-0.34149685502052307,0.055372223258018494,-0.04254942014813423,-0.15147621929645538,3.0965778827667236,0.04412202164530754
629,12.188232898712158,0.07314837723970413,-0.18558362126350403,-0.34149685502052307,0.06092681735754013,-0.03283696994185448,-0.11511743813753128,3.101177453994751,0.045545872300863266
630,12.19900393486023,0.07314837723970413,-0.18558362126350403,-0.34149685502052307,0.06817111372947693,-0.02449563331902027,-0.10557519644498825,3.106787919998169,0.048740532249212265
631,12.22503113746643,0.07314837723970413,-0.18558362126350403,-0.34149685502052307,0.08067774027585983,-0.01477810088545084,-0.14536809921264648,3.111820697784424,0.0516631118953228
632,12.237802743911743,0.07314837723970413,-0.18558362126350403,-0.34149685502052307,0.09882354736328125,-0.003884553909301758,-0.22775475680828094,3.1131670475006104,0.05135160684585571
633,12.265531063079834,0.07314837723970413,-0.18558362126350403,-0.34149685502052307,0.11582780629396439,0.005780602805316448,-0.3226752281188965,3.1089746952056885,0.04724928364157677
634,12.276997327804565,0.07314837723970413,-0.18558362126350403,-0.34149685502052307,0.11601472645998001,-0.0036752396263182163,-0.05367037653923035,3.1049139499664307,0.03469349816441536
635,12.302142143249512,0.07314837723970413,-0.18558362126350403,-0.34149685502052307,0.10511896759271622,-0.024702943861484528,-0.3276401460170746,3.101196527481079,0.020511778071522713
636,12.31247615814209,0.07314837723970413,-0.18558362126350403,-0.34149685502052307,0.08535541594028473,-0.05522553622722626,-0.41131606698036194,3.0981032848358154,0.009995773434638977
637,12.337472915649414,0.07314837723970413,-0.18558362126350403,-0.34149685502052307,0.061512429267168045,-0.09402058273553848,-0.36694037914276123,3.1028268337249756,0.004855689592659473
638,12.347544431686401,0.07314837723970413,-0.18558362126350403,-0.34149685502052307,0.04203039035201073,-0.13196410238742828,-0.36775344610214233,3.111398935317993,0.0029553151689469814
639,12.37321949005127,0.07314837723970413,-0.18558362126350403,-0.34149685502052307,0.028141843155026436,-0.17070046067237854,-0.3944041132926941,3.1194489002227783,0.002235203981399536
640,12.38387155532837,0.07314837723970413,-0.18558362126350403,-0.34149685502052307,0.017241036519408226,-0.20794770121574402,-0.4071102440357208,3.123973846435547,0.00182168441824615
641,12.40904974937439,0.07314837723970413,-0.18558362126350403,-0.34149685502052307,0.00619356008246541,-0.24304188787937164,-0.3735446631908417,3.124436616897583,0.0029378188773989677
642,12.420259952545166,0.07314837723970413,-0.18558362126350403,-0.34149685502052307,-0.0040395925752818584,-0.27280357480049133,-0.3653263747692108,3.124152421951294,0.005981047637760639
643,12.446112394332886,0.07314837723970413,-0.18558362126350403,-0.34149685502052307,-0.002811534097418189,-0.2973646819591522,-0.36993345618247986,3.1276376247406006,0.008879208005964756
644,12.456711530685425,0.07314837723970413,-0.18558362126350403,-0.34149685502052307,0.005690673366189003,-0.28731614351272583,-0.3383079767227173,3.128955841064453,0.005822162609547377
645,12.482961893081665,0.07314837723970413,-0.18558362126350403,-0.34149685502052307,0.006009973585605621,-0.2741389572620392,-0.26808562874794006,3.127316474914551,0.0037276064977049828
646,12.495226860046387,0.07314837723970413,-0.18558362126350403,-0.34149685502052307,0.007912986911833286,-0.26648402214050293,-0.2043587863445282,3.1243107318878174,0.004526159726083279
647,12.521612167358398,0.07314837723970413,-0.18558362126350403,-0.34149685502052307,0.01334040891379118,-0.26175856590270996,-0.1730826497077942,3.121091842651367,0.0059534888714551926
648,12.53203010559082,0.07314837723970413,-0.18558362126350403,-0.34149685502052307,0.021418403834104538,-0.25197601318359375,-0.15248225629329681,3.118840217590332,0.005770380608737469
649,12.557088851928711,0.07314837723970413,-0.18558362126350403,-0.34149685502052307,0.02641226537525654,-0.2279285043478012,-0.26662182807922363,3.1172730922698975,0.004293874837458134
650,12.567580938339233,0.07314837723970413,-0.18558362126350403,-0.34149685502052307,0.02855471707880497,-0.19868524372577667,-0.3313770890235901,3.1134774684906006,0.00288737122900784
651,12.59280276298523,0.07314837723970413,-0.18558362126350403,-0.34149685502052307,0.031995296478271484,-0.1722905933856964,-0.32004910707473755,3.1069586277008057,0.00239755492657423
652,12.603307247161865,0.07314837723970413,-0.18558362126350403,-0.34149685502052307,0.036969833076000214,-0.1511463224887848,-0.2764817774295807,3.0996999740600586,0.0031891416292637587
653,12.62946343421936,0.07314837723970413,-0.18558362126350403,-0.34149685502052307,0.042614586651325226,-0.13593710958957672,-0.2314864546060562,3.093458890914917,0.00558372912928462
654,12.640482902526855,0.07314837723970413,-0.18558362126350403,-0.34149685502052307,0.049156706780195236,-0.12611934542655945,-0.19971376657485962,3.088693141937256,0.009901201352477074
655,12.665846109390259,0.07314837723970413,-0.18558362126350403,-0.34149685502052307,0.057424940168857574,-0.12002113461494446,-0.17811262607574463,3.0854837894439697,0.015737764537334442
656,12.675749063491821,0.07314837723970413,-0.18558362126350403,-0.34149685502052307,0.06699859350919724,-0.11584801226854324,-0.1571396142244339,3.0841946601867676,0.02196519821882248
657,12.70112419128418,0.07314837723970413,-0.18558362126350403,-0.34149685502052307,0.07782594114542007,-0.1108284592628479,-0.14240413904190063,3.0848758220672607,0.027481311932206154
658,12.711347579956055,0.07314837723970413,-0.18558362126350403,-0.34149685502052307,0.09001147747039795,-0.10316713899374008,-0.12562263011932373,3.0867834091186523,0.03153873607516289
659,12.736373662948608,0.07314837723970413,-0.18558362126350403,-0.34149685502052307,0.1029309406876564,-0.09326717257499695,-0.09891743957996368,3.0890822410583496,0.03393520787358284
660,12.746779441833496,0.07314837723970413,-0.18558362126350403,-0.34149685502052307,0.11537796258926392,-0.08314631134271622,-0.06519029289484024,3.0917654037475586,0.035251639783382416
661,12.771402597427368,0.07314837723970413,-0.18558362126350403,-0.34149685502052307,0.12671580910682678,-0.07500137388706207,-0.03437197953462601,3.0959839820861816,0.036654334515333176
662,12.78109884262085,0.07314837723970413,-0.18558362126350403,-0.34149685502052307,0.1370190680027008,-0.07029758393764496,-0.020659873262047768,3.1035866737365723,0.03933793306350708
663,12.806975364685059,0.07314837723970413,-0.18558362126350403,-0.34149685502052307,0.1495848298072815,-0.06761493533849716,-0.04124204441905022,3.1152498722076416,0.04341515153646469
664,12.817414999008179,0.07314837723970413,-0.18558362126350403,-0.34149685502052307,0.1710578054189682,-0.06316258013248444,-0.10408635437488556,3.1279847621917725,0.04649773985147476
665,12.842796802520752,0.07314837723970413,-0.18558362126350403,-0.34149685502052307,0.20078864693641663,-0.05528002232313156,-0.18767645955085754,3.135295867919922,0.04550030454993248
666,12.852673768997192,0.07314837723970413,-0.18558362126350403,-0.34149685502052307,0.22639283537864685,-0.047996606677770615,-0.2528391182422638,3.132021903991699,0.041675519198179245
667,12.878303050994873,0.07314837723970413,-0.18558362126350403,-0.34149685502052307,0.21772409975528717,-0.05315332114696503,-0.049139007925987244,3.1206414699554443,0.036178722977638245
668,12.887961387634277,0.07314837723970413,-0.18558362126350403,-0.34149685502052307,0.17304950952529907,-0.08640683442354202,-0.21970607340335846,3.1154749393463135,0.033851221203804016
669,12.912960052490234,0.07314837723970413,-0.18558362126350403,-0.34149685502052307,0.13869568705558777,-0.11810838431119919,-0.35962530970573425,3.117636203765869,0.03874008730053902
670,12.924271821975708,0.07314837723970413,-0.18558362126350403,-0.34149685502052307,0.10570727288722992,-0.14816053211688995,-0.3734894394874573,3.1246297359466553,0.04184380918741226
671,12.949813842773438,0.07314837723970413,-0.18558362126350403,-0.34149685502052307,0.0782998651266098,-0.1762087345123291,-0.3586091995239258,3.1325247287750244,0.04196897894144058
672,12.959834575653076,0.07314837723970413,-0.18558362126350403,-0.34149685502052307,0.0552372932434082,-0.20182329416275024,-0.36964258551597595,3.1378254890441895,0.040406856685876846
673,12.98501992225647,0.07314837723970413,-0.18558362126350403,-0.34149685502052307,0.032235901802778244,-0.22629766166210175,-0.3620705008506775,3.138242483139038,0.03983119875192642
674,12.994992733001709,0.07314837723970413,-0.18558362126350403,-0.34149685502052307,0.008115791715681553,-0.2505316436290741,-0.3305700421333313,3.1336166858673096,0.04220964014530182
675,13.02004861831665,0.07314837723970413,-0.18558362126350403,-0.34149685502052307,-0.016736317425966263,-0.27599573135375977,-0.29387232661247253,3.1266438961029053,0.04730487987399101
676,13.030036926269531,0.07314837723970413,-0.18558362126350403,-0.34149685502052307,-0.0429549366235733,-0.3009955883026123,-0.268671452999115,3.122338056564331,0.054368238896131516
677,13.05537748336792,0.07314837723970413,-0.18558362126350403,-0.34149685502052307,-0.02545398473739624,-0.30301666259765625,-0.3341148793697357,3.1190710067749023,0.05428992211818695
678,13.065433740615845,0.07314837723970413,-0.18558362126350403,-0.34149685502052307,-0.026973463594913483,-0.29812589287757874,-0.27127474546432495,3.1144111156463623,0.046353500336408615
679,13.090972900390625,0.07314837723970413,-0.18558362126350403,-0.34149685502052307,-0.033656470477581024,-0.29398757219314575,-0.2171614021062851,3.1124002933502197,0.04148879274725914
680,13.101411581039429,0.07314837723970413,-0.18558362126350403,-0.34149685502052307,-0.03513817489147186,-0.2893776595592499,-0.16476455330848694,3.112870693206787,0.03873753547668457
681,13.127436637878418,0.07314837723970413,-0.18558362126350403,-0.34149685502052307,-0.03209099546074867,-0.27879321575164795,-0.1316889226436615,3.11487078666687,0.03505062311887741
682,13.138009071350098,0.07314837723970413,-0.18558362126350403,-0.34149685502052307,-0.026674723252654076,-0.25563740730285645,-0.16228538751602173,3.117422580718994,0.029974989593029022
683,13.164833068847656,0.07314837723970413,-0.18558362126350403,-0.34149685502052307,-0.02487141452729702,-0.22396421432495117,-0.2631358802318573,3.1182804107666016,0.025203285738825798
684,13.175986289978027,0.07314837723970413,-0.18558362126350403,-0.34149685502052307,-0.023315787315368652,-0.19612951576709747,-0.31705570220947266,3.1162335872650146,0.021799098700284958
685,13.201803207397461,0.07314837723970413,-0.18558362126350403,-0.34149685502052307,-0.021117959171533585,-0.17327085137367249,-0.31105127930641174,3.112112045288086,0.02038247138261795
686,13.213458061218262,0.07314837723970413,-0.18558362126350403,-0.34149685502052307,-0.01872319169342518,-0.15304423868656158,-0.2996304929256439,3.107311487197876,0.02114078775048256
687,13.23904538154602,0.07314837723970413,-0.18558362126350403,-0.34149685502052307,-0.0166682917624712,-0.13590243458747864,-0.2972799241542816,3.102461814880371,0.024165811017155647
688,13.25057053565979,0.07314837723970413,-0.18558362126350403,-0.34149685502052307,-0.01463059801608324,-0.12271569669246674,-0.29786860942840576,3.097851276397705,0.029174093157052994
689,13.277269124984741,0.07314837723970413,-0.18558362126350403,-0.34149685502052307,-0.011455886997282505,-0.11142243444919586,-0.3221611976623535,3.0938680171966553,0.035249605774879456
690,13.288531064987183,0.07314837723970413,-0.18558362126350403,-0.34149685502052307,-0.0063033439218997955,-0.10098154842853546,-0.34979650378227234,3.090974807739258,0.04093322530388832
691,13.314345359802246,0.07314837723970413,-0.18558362126350403,-0.34149685502052307,0.0006092444527894258,-0.09017995744943619,-0.3685891628265381,3.0898609161376953,0.04503195732831955
692,13.324739933013916,0.07314837723970413,-0.18558362126350403,-0.34149685502052307,0.008605952374637127,-0.07772226631641388,-0.36038196086883545,3.0910372734069824,0.0470086932182312
693,13.350380420684814,0.07314837723970413,-0.18558362126350403,-0.34149685502052307,0.016707096248865128,-0.0627974271774292,-0.31135785579681396,3.0940091609954834,0.04694216325879097
694,13.361191749572754,0.07314837723970413,-0.18558362126350403,-0.34149685502052307,0.0228642076253891,-0.04756486043334007,-0.2539927661418915,3.097630500793457,0.04599599540233612
695,13.386794328689575,0.07314837723970413,-0.18558362126350403,-0.34149685502052307,0.0266908947378397,-0.03536340221762657,-0.21189385652542114,3.101231098175049,0.04608432576060295
696,13.397318840026855,0.07314837723970413,-0.18558362126350403,-0.34149685502052307,0.03037719614803791,-0.02644089050590992,-0.19570009410381317,3.104861259460449,0.048395659774541855
697,13.426020622253418,0.07314837723970413,-0.18558362126350403,-0.34149685502052307,0.03775221109390259,-0.016861606389284134,-0.21591947972774506,3.1081979274749756,0.05187930539250374
698,13.437344074249268,0.07314837723970413,-0.18558362126350403,-0.34149685502052307,0.05085742473602295,-0.005379181355237961,-0.26097336411476135,3.10935115814209,0.05342802405357361
699,13.470686912536621,0.07314837723970413,-0.18558362126350403,-0.34149685502052307,0.06552421301603317,0.006339468993246555,-0.33577293157577515,3.106297016143799,0.05104324221611023
700,13.48758864402771,0.4869083762168884,0.15630923211574554,0.303022563457489,0.06620021164417267,0.014264483004808426,-0.17179110646247864,3.0998330116271973,0.04322049766778946
701,13.51444673538208,0.4869083762168884,0.15630923211574554,0.303022563457489,0.08052104711532593,0.018982913345098495,0.0731133371591568,3.0940372943878174,0.026872944086790085
702,13.527141094207764,0.4869083762168884,0.15630923211574554,0.303022563457489,0.08091791719198227,0.023974554613232613,0.33531221747398376,3.0869855880737305,0.011411953717470169
703,13.552576541900635,0.4869083762168884,0.15630923211574554,0.303022563457489,0.07770467549562454,0.02933151088654995,0.4485727548599243,3.0811002254486084,-0.003120771609246731
704,13.562846422195435,0.4869083762168884,0.15630923211574554,0.303022563457489,0.06721985340118408,0.03298605605959892,0.4481619894504547,3.0791678428649902,-0.014002090319991112
705,13.588385820388794,0.4869083762168884,0.15630923211574554,0.303022563457489,0.05927006155252457,0.03121233358979225,0.3943541646003723,3.0846469402313232,-0.018818851560354233
706,13.599144458770752,0.4869083762168884,0.15630923211574554,0.303022563457489,0.05262191966176033,0.019606441259384155,0.3880997598171234,3.092945098876953,-0.019449785351753235
707,13.625221490859985,0.4869083762168884,0.15630923211574554,0.303022563457489,0.041812360286712646,0.004822737071663141,0.34215211868286133,3.097538709640503,-0.01591697707772255
708,13.635287761688232,0.4869083762168884,0.15630923211574554,0.303022563457489,0.02865063026547432,-0.018045278266072273,0.34618449211120605,3.0979974269866943,-0.007011338137090206
709,13.660426616668701,0.4869083762168884,0.15630923211574554,0.303022563457489,0.016431935131549835,-0.040907181799411774,0.3870812952518463,3.0986640453338623,0.005548863206058741
710,13.672770023345947,0.4869083762168884,0.15630923211574554,0.303022563457489,0.02768450230360031,-0.0561886802315712,0.34810957312583923,3.105311870574951,0.015968939289450645
711,13.698732137680054,0.4869083762168884,0.15630923211574554,0.303022563457489,0.05610739067196846,-0.04777934029698372,0.39968159794807434,3.1106326580047607,0.012477045878767967
712,13.709621906280518,0.4869083762168884,0.15630923211574554,0.303022563457489,0.07390300184488297,-0.03485438972711563,0.46933993697166443,3.114168882369995,0.004166662693023682
713,13.734934329986572,0.4869083762168884,0.15630923211574554,0.303022563457489,0.08439275622367859,-0.023011058568954468,0.5218175649642944,3.1168570518493652,-0.0019564423710107803
714,13.745548963546753,0.4869083762168884,0.15630923211574554,0.303022563457489,0.0951971635222435,-0.007862593047320843,0.5273475646972656,3.1196823120117188,-0.00431485939770937
715,13.770864963531494,0.4869083762168884,0.15630923211574554,0.303022563457489,0.10929776728153229,0.017756005749106407,0.4340597689151764,3.1218008995056152,-0.0043183877132833
716,13.781420707702637,0.4869083762168884,0.15630923211574554,0.303022563457489,0.12445411831140518,0.05129086971282959,0.3425143361091614,3.1202826499938965,-0.004008512478321791
717,13.806572437286377,0.4869083762168884,0.15630923211574554,0.303022563457489,0.13960561156272888,0.08316042274236679,0.31734582781791687,3.1145718097686768,-0.003916860558092594
718,13.81799864768982,0.4869083762168884,0.15630923211574554,0.303022563457489,0.1551939845085144,0.11191676557064056,0.34005576372146606,3.1071343421936035,-0.003232516348361969
719,13.843947172164917,0.4869083762168884,0.15630923211574554,0.303022563457489,0.17394208908081055,0.13891200721263885,0.3770688474178314,3.100487232208252,-0.0019137681229040027
720,13.854429721832275,0.4869083762168884,0.15630923211574554,0.303022563457489,0.19643382728099823,0.1625347137451172,0.405401349067688,3.095747709274292,-0.0002534943341743201
721,13.880053997039795,0.4869083762168884,0.15630923211574554,0.303022563457489,0.2218025028705597,0.18155299127101898,0.4327875077724457,3.0932462215423584,0.0016291884239763021
722,13.890159845352173,0.4869083762168884,0.15630923211574554,0.303022563457489,0.24959492683410645,0.19895508885383606,0.4472772181034088,3.093226909637451,0.0034311714116483927
723,13.915710926055908,0.4869083762168884,0.15630923211574554,0.303022563457489,0.2808089554309845,0.2179751694202423,0.464714378118515,3.0956690311431885,0.004065860528498888
724,13.925815105438232,0.4869083762168884,0.15630923211574554,0.303022563457489,0.3153648376464844,0.2393360286951065,0.49229055643081665,3.1001858711242676,0.002200755523517728
725,13.952554702758789,0.4869083762168884,0.15630923211574554,0.303022563457489,0.3520720303058624,0.2624942660331726,0.5265939235687256,3.1064672470092773,-0.002859320491552353
726,13.96290111541748,0.4869083762168884,0.15630923211574554,0.303022563457489,0.38940006494522095,0.28578057885169983,0.5645322203636169,3.114637613296509,-0.010866306722164154
727,13.988983631134033,0.4869083762168884,0.15630923211574554,0.303022563457489,0.42616885900497437,0.30551496148109436,0.6034743785858154,3.1250157356262207,-0.02082778327167034
728,13.999035835266113,0.4869083762168884,0.15630923211574554,0.303022563457489,0.4611712694168091,0.31857332587242126,0.6420838236808777,3.137813091278076,-0.030926790088415146
729,14.025071859359741,0.4869083762168884,0.15630923211574554,0.303022563457489,0.49433714151382446,0.3295028507709503,0.6713306307792664,-3.1315300464630127,-0.038028694689273834
730,14.035006523132324,0.4869083762168884,0.15630923211574554,0.303022563457489,0.4889308214187622,0.34812062978744507,0.7593191862106323,-3.122886896133423,-0.04081053286790848
731,14.06055736541748,0.4869083762168884,0.15630923211574554,0.303022563457489,0.4824596345424652,0.30928903818130493,0.6545608043670654,-3.1185128688812256,-0.043703190982341766
732,14.070775747299194,0.4869083762168884,0.15630923211574554,0.303022563457489,0.45752790570259094,0.24897746741771698,0.47318577766418457,-3.1193294525146484,-0.03443751111626625
733,14.096678972244263,0.4869083762168884,0.15630923211574554,0.303022563457489,0.44178253412246704,0.1848049908876419,0.32032376527786255,-3.1173436641693115,-0.025044871494174004
734,14.110234260559082,0.4869083762168884,0.15630923211574554,0.303022563457489,0.4421389102935791,0.13840816915035248,0.25767093896865845,-3.1113572120666504,-0.020817812532186508
735,14.139721632003784,0.4869083762168884,0.15630923211574554,0.303022563457489,0.44884175062179565,0.10839217156171799,0.2305615097284317,-3.1045265197753906,-0.019936779513955116
736,14.150707006454468,0.4869083762168884,0.15630923211574554,0.303022563457489,0.4578622579574585,0.0872250497341156,0.242234006524086,-3.1006033420562744,-0.01962362974882126
737,14.17557978630066,0.4869083762168884,0.15630923211574554,0.303022563457489,0.466277152299881,0.06611581146717072,0.28631460666656494,-3.101092576980591,-0.01855020597577095
738,14.186411380767822,0.4869083762168884,0.15630923211574554,0.303022563457489,0.47561022639274597,0.04055126756429672,0.31895533204078674,-3.105034351348877,-0.01712876930832863
739,14.211394786834717,0.4869083762168884,0.15630923211574554,0.303022563457489,0.4867980480194092,0.011736457236111164,0.32611170411109924,-3.111032009124756,-0.016468388959765434
740,14.222898006439209,0.4869083762168884,0.15630923211574554,0.303022563457489,0.49888062477111816,-0.01604287512600422,0.3447684049606323,-3.119023084640503,-0.01620768941938877
741,14.25654149055481,0.4869083762168884,0.15630923211574554,0.303022563457489,0.5115364789962769,-0.037051618099212646,0.3694348931312561,-3.1305203437805176,-0.014757974073290825
742,14.26736307144165,0.4869083762168884,0.15630923211574554,0.303022563457489,0.5268214344978333,-0.05275880545377731,0.40524744987487793,3.138167142868042,-0.010683396831154823
743,14.293995141983032,0.4869083762168884,0.15630923211574554,0.303022563457489,0.545341432094574,-0.07255455106496811,0.46043431758880615,3.1253669261932373,-0.003629886545240879
744,14.304721593856812,0.4869083762168884,0.15630923211574554,0.303022563457489,0.5638865232467651,-0.09998312592506409,0.48754584789276123,3.1206114292144775,0.005841512698680162
745,14.331929683685303,0.4869083762168884,0.15630923211574554,0.303022563457489,0.5878710746765137,-0.12112200260162354,0.27923762798309326,3.124528169631958,0.012312432751059532
746,14.342869520187378,0.4869083762168884,0.15630923211574554,0.303022563457489,0.57059645652771,-0.12843762338161469,0.15082529187202454,3.13265061378479,0.012412596493959427
747,14.36803650856018,0.4869083762168884,0.15630923211574554,0.303022563457489,0.5488015413284302,-0.11307597160339355,0.13033758103847504,-3.140223741531372,0.01802702248096466
748,14.378296613693237,0.4869083762168884,0.15630923211574554,0.303022563457489,0.5183733701705933,-0.07288738340139389,0.20837411284446716,-3.1374733448028564,0.026276445016264915
749,14.403528451919556,0.4869083762168884,0.15630923211574554,0.303022563457489,0.47393739223480225,-0.0277273990213871,0.32275697588920593,3.1373908519744873,0.03458860516548157
750,14.413841485977173,0.4869083762168884,0.15630923211574554,0.303022563457489,0.44140177965164185,0.002927040681242943,0.32592397928237915,3.124464511871338,0.04139780253171921
751,14.439629793167114,0.4869083762168884,0.15630923211574554,0.303022563457489,0.42059850692749023,0.027283111587166786,0.3167574107646942,3.1115472316741943,0.04598841816186905
752,14.449689149856567,0.4869083762168884,0.15630923211574554,0.303022563457489,0.40786030888557434,0.05041343718767166,0.33086472749710083,3.100189208984375,0.04750363528728485
753,14.474618911743164,0.4869083762168884,0.15630923211574554,0.303022563457489,0.4015912115573883,0.07284002751111984,0.3681332767009735,3.0909512042999268,0.04528220742940903
754,14.484681367874146,0.4869083762168884,0.15630923211574554,0.303022563457489,0.40028753876686096,0.09331723302602768,0.41784223914146423,3.0841336250305176,0.040362220257520676
755,14.512464761734009,0.4869083762168884,0.15630923211574554,0.303022563457489,0.4046773910522461,0.10940298438072205,0.4634765684604645,3.0799596309661865,0.035196248441934586
756,14.522867441177368,0.4869083762168884,0.15630923211574554,0.303022563457489,0.4142991304397583,0.12146734446287155,0.5147758722305298,3.0782299041748047,0.03173283860087395
757,14.549292802810669,0.4869083762168884,0.15630923211574554,0.303022563457489,0.42751556634902954,0.13179193437099457,0.5719968676567078,3.0786750316619873,0.029883621260523796
758,14.560023069381714,0.4869083762168884,0.15630923211574554,0.303022563457489,0.44231200218200684,0.14536239206790924,0.615336537361145,3.0813257694244385,0.027845386415719986
759,14.584805965423584,0.4869083762168884,0.15630923211574554,0.303022563457489,0.45681747794151306,0.1671200841665268,0.6085717082023621,3.0857889652252197,0.023927118629217148
760,14.595321416854858,0.4869083762168884,0.15630923211574554,0.303022563457489,0.46899959444999695,0.1951591819524765,0.5623172521591187,3.0913076400756836,0.018004948273301125
761,14.62085247039795,0.4869083762168884,0.15630923211574554,0.303022563457489,0.4788385331630707,0.22295978665351868,0.5353536605834961,3.097424030303955,0.011418122798204422
762,14.631035089492798,0.4869083762168884,0.15630923211574554,0.303022563457489,0.488192617893219,0.24440526962280273,0.5373983383178711,3.1040914058685303,0.006315873935818672
763,14.65638518333435,0.4869083762168884,0.15630923211574554,0.303022563457489,0.5008465051651001,0.2665944993495941,0.5146523714065552,3.1103649139404297,0.004599618725478649
764,14.668040752410889,0.4869083762168884,0.15630923211574554,0.303022563457489,0.512805700302124,0.29339852929115295,0.4891483783721924,3.112262487411499,0.009518127888441086
765,14.693650245666504,0.4869083762168884,0.15630923211574554,0.303022563457489,0.5033256411552429,0.31446439027786255,0.7111480832099915,3.1055550575256348,0.013502715155482292
766,14.705051898956299,0.4869083762168884,0.15630923211574554,0.303022563457489,0.47313785552978516,0.26991352438926697,0.6201755404472351,3.1057116985321045,0.013547781854867935
767,14.732593536376953,0.4869083762168884,0.15630923211574554,0.303022563457489,0.449450820684433,0.21682463586330414,0.38000351190567017,3.11195969581604,0.01928589679300785
768,14.742822647094727,0.4869083762168884,0.15630923211574554,0.303022563457489,0.4393145740032196,0.17800846695899963,0.2825924754142761,3.120954751968384,0.019345102831721306
769,14.76904296875,0.4869083762168884,0.15630923211574554,0.303022563457489,0.43258485198020935,0.1522374153137207,0.2779824435710907,3.128861427307129,0.015455220825970173
770,14.783365249633789,0.4869083762168884,0.15630923211574554,0.303022563457489,0.4264172613620758,0.1319417655467987,0.28877657651901245,3.133878707885742,0.012084301561117172
771,14.813978433609009,0.4869083762168884,0.15630923211574554,0.303022563457489,0.4221237301826477,0.11321521550416946,0.3190803527832031,3.1356616020202637,0.01117517240345478
772,14.825616121292114,0.4869083762168884,0.15630923211574554,0.303022563457489,0.42129388451576233,0.09313738346099854,0.3379599452018738,3.135082244873047,0.011887896806001663
773,14.855846166610718,0.4869083762168884,0.15630923211574554,0.303022563457489,0.42363864183425903,0.07068175822496414,0.33931654691696167,3.133068084716797,0.012585978955030441
774,14.86759090423584,0.4869083762168884,0.15630923211574554,0.303022563457489,0.4278770685195923,0.04726555943489075,0.34966138005256653,3.1296660900115967,0.012894605286419392
775,14.894516229629517,0.4869083762168884,0.15630923211574554,0.303022563457489,0.4339883327484131,0.024782096967101097,0.38208866119384766,3.1243515014648438,0.013594895601272583
776,14.905129432678223,0.4869083762168884,0.15630923211574554,0.303022563457489,0.443356990814209,0.00398861663416028,0.42250218987464905,3.116567611694336,0.015276305377483368
777,14.932726860046387,0.4869083762168884,0.15630923211574554,0.303022563457489,0.4573301672935486,-0.016039187088608742,0.475414514541626,3.106929302215576,0.018184447661042213
778,14.943893909454346,0.4869083762168884,0.15630923211574554,0.303022563457489,0.4747798442840576,-0.04002904146909714,0.5334081649780273,3.0987448692321777,0.022867271676659584
779,14.969292402267456,0.4869083762168884,0.15630923211574554,0.303022563457489,0.496008962392807,-0.07017724961042404,0.5537692308425903,3.0967857837677,0.02906014770269394
780,14.980541467666626,0.4869083762168884,0.15630923211574554,0.303022563457489,0.5207028985023499,-0.09919380396604538,0.4660727381706238,3.1039812564849854,0.03743773698806763
781,15.008745193481445,0.4869083762168884,0.15630923211574554,0.303022563457489,0.5324224829673767,-0.11438436806201935,0.25130385160446167,3.117971658706665,0.04265790060162544
782,15.019403219223022,0.4869083762168884,0.15630923211574554,0.303022563457489,0.5202232599258423,-0.10076014697551727,0.16427727043628693,3.1328790187835693,0.047251004725694656
783,15.045402526855469,0.4869083762168884,0.15630923211574554,0.303022563457489,0.48814713954925537,-0.052146874368190765,0.2954951524734497,3.135915756225586,0.05203835666179657
784,15.056339740753174,0.4869083762168884,0.15630923211574554,0.303022563457489,0.4508307874202728,-0.009057584218680859,0.33867916464805603,3.1263997554779053,0.05472484230995178
785,15.081594467163086,0.4869083762168884,0.15630923211574554,0.303022563457489,0.4252256155014038,0.023432420566678047,0.33404868841171265,3.1129279136657715,0.055333372205495834
786,15.09241271018982,0.4869083762168884,0.15630923211574554,0.303022563457489,0.41020074486732483,0.05164895951747894,0.3426581025123596,3.100338935852051,0.05422487482428551
787,15.117412805557251,0.4869083762168884,0.15630923211574554,0.303022563457489,0.4034263491630554,0.07655446976423264,0.3613646626472473,3.090501070022583,0.051440443843603134
788,15.127636194229126,0.4869083762168884,0.15630923211574554,0.303022563457489,0.40163904428482056,0.09852790087461472,0.3873600661754608,3.08386492729187,0.04800276830792427
789,15.153974056243896,0.4869083762168884,0.15630923211574554,0.303022563457489,0.40480560064315796,0.11684175580739975,0.41444066166877747,3.0803751945495605,0.04510421305894852
790,15.164132356643677,0.4869083762168884,0.15630923211574554,0.303022563457489,0.41128110885620117,0.1335505247116089,0.4373161196708679,3.0799014568328857,0.042868275195360184
791,15.192171096801758,0.4869083762168884,0.15630923211574554,0.303022563457489,0.4197446405887604,0.15327343344688416,0.4470047056674957,3.082188129425049,0.040162503719329834
792,15.202157497406006,0.4869083762168884,0.15630923211574554,0.303022563457489,0.42868730425834656,0.18019868433475494,0.44111254811286926,3.086111545562744,0.035649463534355164
793,15.228888511657715,0.4869083762168884,0.15630923211574554,0.303022563457489,0.436033695936203,0.2117282599210739,0.4297483563423157,3.0903725624084473,0.029314711689949036
794,15.24024486541748,0.4869083762168884,0.15630923211574554,0.303022563457489,0.4414973258972168,0.2421310693025589,0.4274310767650604,3.094862699508667,0.02291114255785942
795,15.275354385375977,0.4869083762168884,0.15630923211574554,0.303022563457489,0.4467405676841736,0.27099111676216125,0.43001073598861694,3.0993592739105225,0.018762361258268356
796,15.287298202514648,0.4869083762168884,0.15630923211574554,0.303022563457489,0.4523709714412689,0.30346229672431946,0.42375871539115906,3.1016650199890137,0.01904119923710823
797,15.314005136489868,0.4869083762168884,0.15630923211574554,0.303022563457489,0.43169569969177246,0.34440839290618896,0.5395978689193726,3.097332000732422,0.022190887480974197
798,15.324195623397827,0.4869083762168884,0.15630923211574554,0.303022563457489,0.4233473241329193,0.3160932660102844,0.5696605443954468,3.09637713432312,0.023002808913588524
799,15.350472450256348,0.4869083762168884,0.15630923211574554,0.303022563457489,0.4147408902645111,0.27415117621421814,0.53296959400177,3.0973479747772217,0.033339422196149826
800,15.360304117202759,0.4869083762168884,0.15630923211574554,0.303022563457489,0.4164215624332428,0.22598464787006378,0.3489425480365753,3.1021108627319336,0.037921592593193054
801,15.38777780532837,0.4869083762168884,0.15630923211574554,0.303022563457489,0.41444817185401917,0.18988700211048126,0.2979227304458618,3.1085152626037598,0.033425524830818176
802,15.397722005844116,0.4869083762168884,0.15630923211574554,0.303022563457489,0.40830591320991516,0.16460424661636353,0.29995089769363403,3.1138880252838135,0.02628421038389206
803,15.424983263015747,0.4869083762168884,0.15630923211574554,0.303022563457489,0.4035998582839966,0.1426798403263092,0.2961820960044861,3.117344856262207,0.020640749484300613
804,15.435929536819458,0.4869083762168884,0.15630923211574554,0.303022563457489,0.40238872170448303,0.12094300985336304,0.30836939811706543,3.1187961101531982,0.01707744039595127
805,15.462006330490112,0.4869083762168884,0.15630923211574554,0.303022563457489,0.4047428369522095,0.09846185147762299,0.32329005002975464,3.1186068058013916,0.014850291423499584
806,15.473300457000732,0.4869083762168884,0.15630923211574554,0.303022563457489,0.41016924381256104,0.07471264153718948,0.32121339440345764,3.1172447204589844,0.013049007393419743
807,15.498399257659912,0.4869083762168884,0.15630923211574554,0.303022563457489,0.4178088903427124,0.050982825458049774,0.33109843730926514,3.114520311355591,0.011649448424577713
808,15.508024454116821,0.4869083762168884,0.15630923211574554,0.303022563457489,0.42779937386512756,0.029840409755706787,0.35715585947036743,3.109372854232788,0.0112305311486125
809,15.534014701843262,0.4869083762168884,0.15630923211574554,0.303022563457489,0.44173288345336914,0.011433389969170094,0.3986394703388214,3.1011786460876465,0.012053648941218853
810,15.544744729995728,0.4869083762168884,0.15630923211574554,0.303022563457489,0.4589175283908844,-0.007799407932907343,0.4566411077976227,3.091803550720215,0.014505107887089252
811,15.57070803642273,0.4869083762168884,0.15630923211574554,0.303022563457489,0.47899121046066284,-0.03265133127570152,0.4952281415462494,3.0856094360351562,0.01856505312025547
812,15.580827713012695,0.4869083762168884,0.15630923211574554,0.303022563457489,0.501183032989502,-0.062451139092445374,0.4910127818584442,3.0865678787231445,0.023597506806254387
813,15.606581211090088,0.4869083762168884,0.15630923211574554,0.303022563457489,0.5274869203567505,-0.08383885025978088,0.30752262473106384,3.0943355560302734,0.02797982469201088
814,15.616721868515015,0.4869083762168884,0.15630923211574554,0.303022563457489,0.5269457101821899,-0.09762389212846756,0.16514402627944946,3.1066482067108154,0.02872314490377903
815,15.642491579055786,0.4869083762168884,0.15630923211574554,0.303022563457489,0.5117397904396057,-0.08309716731309891,0.14701354503631592,3.120865821838379,0.033525217324495316
816,15.652374505996704,0.4869083762168884,0.15630923211574554,0.303022563457489,0.48147836327552795,-0.03554699197411537,0.2814858555793762,3.1244099140167236,0.039645966142416
817,15.678900003433228,0.4869083762168884,0.15630923211574554,0.303022563457489,0.44515398144721985,0.008731989189982414,0.33217158913612366,3.1157970428466797,0.043445900082588196
818,15.688745975494385,0.4869083762168884,0.15630923211574554,0.303022563457489,0.41984623670578003,0.04137441888451576,0.3284854292869568,3.102912425994873,0.04477187991142273
819,15.715154886245728,0.4869083762168884,0.15630923211574554,0.303022563457489,0.4047349691390991,0.06917531043291092,0.33669623732566833,3.09070086479187,0.044351715594530106
820,15.725104093551636,0.4869083762168884,0.15630923211574554,0.303022563457489,0.3977680802345276,0.09413471072912216,0.3588106036186218,3.0811169147491455,0.042193345725536346
821,15.753832817077637,0.4869083762168884,0.15630923211574554,0.303022563457489,0.39602720737457275,0.11628659814596176,0.38645505905151367,3.0746796131134033,0.03918498754501343
822,15.76406216621399,0.4869083762168884,0.15630923211574554,0.303022563457489,0.39953678846359253,0.13460081815719604,0.4133162498474121,3.0713322162628174,0.03668513149023056
823,15.791465759277344,0.4869083762168884,0.15630923211574554,0.303022563457489,0.40728408098220825,0.1501653641462326,0.43931806087493896,3.0710184574127197,0.035008031874895096
824,15.80332088470459,0.4869083762168884,0.15630923211574554,0.303022563457489,0.4171837270259857,0.16782060265541077,0.456889808177948,3.073611259460449,0.03309765085577965
825,15.830034494400024,0.4869083762168884,0.15630923211574554,0.303022563457489,0.4278610944747925,0.19236983358860016,0.4539965093135834,3.0782063007354736,0.02941506914794445
826,15.83985948562622,0.4869083762168884,0.15630923211574554,0.303022563457489,0.4366301894187927,0.2230772078037262,0.4375957250595093,3.0833358764648438,0.023618655279278755
827,15.866537094116211,0.4869083762168884,0.15630923211574554,0.303022563457489,0.4433459937572479,0.253797322511673,0.4297870099544525,3.088406562805176,0.017179420217871666
828,15.876277923583984,0.4869083762168884,0.15630923211574554,0.303022563457489,0.44905149936676025,0.2816283106803894,0.43333759903907776,3.093316078186035,0.012602398172020912
829,15.902661085128784,0.4869083762168884,0.15630923211574554,0.303022563457489,0.454662561416626,0.3122844099998474,0.43177562952041626,3.096405029296875,0.012417936697602272
830,15.914981603622437,0.4869083762168884,0.15630923211574554,0.303022563457489,0.43202972412109375,0.35354843735694885,0.558856725692749,3.0930848121643066,0.014873813837766647
831,15.941678047180176,0.4869083762168884,0.15630923211574554,0.303022563457489,0.42258280515670776,0.3227327764034271,0.5608193874359131,3.093215227127075,0.015119269490242004
832,15.95121955871582,0.4869083762168884,0.15630923211574554,0.303022563457489,0.4151698052883148,0.2835060954093933,0.5210449695587158,3.0943517684936523,0.025770416483283043
833,15.97754168510437,0.4869083762168884,0.15630923211574554,0.303022563457489,0.4159119129180908,0.23585371673107147,0.36305058002471924,3.098114490509033,0.031648118048906326
834,15.987018346786499,0.4869083762168884,0.15630923211574554,0.303022563457489,0.4135746657848358,0.19722868502140045,0.3017929494380951,3.1039586067199707,0.028829503804445267
835,16.01368284225464,0.4869083762168884,0.15630923211574554,0.303022563457489,0.40764302015304565,0.17049521207809448,0.30393317341804504,3.109445333480835,0.0226060152053833
836,16.023874044418335,0.4869083762168884,0.15630923211574554,0.303022563457489,0.4029221832752228,0.14805921912193298,0.29977065324783325,3.113577127456665,0.01741560734808445
837,16.049802541732788,0.4869083762168884,0.15630923211574554,0.303022563457489,0.40170833468437195,0.126299187541008,0.30646824836730957,3.116022825241089,0.014126087538897991
838,16.059325456619263,0.4869083762168884,0.15630923211574554,0.303022563457489,0.40399280190467834,0.10399797558784485,0.32433730363845825,3.116840362548828,0.012176199816167355
839,16.0864098072052,0.4869083762168884,0.15630923211574554,0.303022563457489,0.40925994515419006,0.08058362454175949,0.32348835468292236,3.1163501739501953,0.010703095234930515
840,16.097984790802002,0.4869083762168884,0.15630923211574554,0.303022563457489,0.41669654846191406,0.056523676961660385,0.3284255266189575,3.114522933959961,0.009532568044960499
841,16.126034259796143,0.4869083762168884,0.15630923211574554,0.303022563457489,0.4263196289539337,0.03446938097476959,0.3512309789657593,3.1105265617370605,0.009212898090481758
842,16.137043714523315,0.4869083762168884,0.15630923211574554,0.303022563457489,0.4395389258861542,0.015660379081964493,0.3866857588291168,3.103405475616455,0.01003089640289545
843,16.164203882217407,0.4869083762168884,0.15630923211574554,0.303022563457489,0.45651009678840637,-0.0024160961620509624,0.44150614738464355,3.0942516326904297,0.012292158789932728
844,16.174615621566772,0.4869083762168884,0.15630923211574554,0.303022563457489,0.4764235019683838,-0.025178777053952217,0.4913053512573242,3.0868465900421143,0.01618683710694313
845,16.200708627700806,0.4869083762168884,0.15630923211574554,0.303022563457489,0.4989356994628906,-0.05358098819851875,0.49839460849761963,3.0856246948242188,0.021050557494163513
846,16.212303400039673,0.4869083762168884,0.15630923211574554,0.303022563457489,0.5261521935462952,-0.07917601615190506,0.3736347556114197,3.092315912246704,0.02677522785961628
847,16.23930835723877,0.4869083762168884,0.15630923211574554,0.303022563457489,0.5325633883476257,-0.0954185277223587,0.18267638981342316,3.1041579246520996,0.02797999605536461
848,16.250330448150635,0.4869083762168884,0.15630923211574554,0.303022563457489,0.5208489894866943,-0.08845584839582443,0.14671337604522705,3.1193742752075195,0.03170841932296753
849,16.27769708633423,0.4869083762168884,0.15630923211574554,0.303022563457489,0.4937039315700531,-0.04626471549272537,0.2440328299999237,3.1263046264648438,0.03799532726407051
850,16.287717819213867,0.4869083762168884,0.15630923211574554,0.303022563457489,0.4525206685066223,0.0025066512171179056,0.34348514676094055,3.1194655895233154,0.04318728297948837
851,16.315138339996338,0.4869083762168884,0.15630923211574554,0.303022563457489,0.42300546169281006,0.037550389766693115,0.3438332676887512,3.1064293384552,0.04599154740571976
852,16.325610399246216,0.4869083762168884,0.15630923211574554,0.303022563457489,0.4045273959636688,0.06657639890909195,0.3446215093135834,3.0931522846221924,0.04688103124499321
853,16.351956129074097,0.4869083762168884,0.15630923211574554,0.303022563457489,0.39543652534484863,0.09275700151920319,0.36086970567703247,3.082106351852417,0.045524366199970245
854,16.361817836761475,0.4869083762168884,0.15630923211574554,0.303022563457489,0.3920232057571411,0.11695349216461182,0.39235562086105347,3.0740814208984375,0.042293038219213486
855,16.388051986694336,0.4869083762168884,0.15630923211574554,0.303022563457489,0.39374613761901855,0.13758210837841034,0.4227052330970764,3.0692009925842285,0.03881185129284859
856,16.398223400115967,0.4869083762168884,0.15630923211574554,0.303022563457489,0.400749146938324,0.1546822041273117,0.4567612409591675,3.067249059677124,0.036257173866033554
857,16.4257493019104,0.4869083762168884,0.15630923211574554,0.303022563457489,0.41108956933021545,0.1710727959871292,0.4897882342338562,3.06805682182312,0.03422185406088829
858,16.436110973358154,0.4869083762168884,0.15630923211574554,0.303022563457489,0.42289823293685913,0.19187523424625397,0.504743218421936,3.0713858604431152,0.031169699504971504
859,16.462340116500854,0.4869083762168884,0.15630923211574554,0.303022563457489,0.43396973609924316,0.22043931484222412,0.49551790952682495,3.0761194229125977,0.025899218395352364
860,16.471875429153442,0.4869083762168884,0.15630923211574554,0.303022563457489,0.4421227276325226,0.25235652923583984,0.47956717014312744,3.081245183944702,0.018977222964167595
861,16.49895167350769,0.4869083762168884,0.15630923211574554,0.303022563457489,0.4483191668987274,0.2816850244998932,0.4771946966648102,3.086820363998413,0.012593104504048824
862,16.508742332458496,0.4869083762168884,0.15630923211574554,0.303022563457489,0.45541828870773315,0.3103637099266052,0.47496020793914795,3.0922727584838867,0.008916638791561127
863,16.53568959236145,0.4869083762168884,0.15630923211574554,0.303022563457489,0.4625662863254547,0.3435533344745636,0.45509546995162964,3.09493350982666,0.010346585884690285
864,16.54524278640747,0.4869083762168884,0.15630923211574554,0.303022563457489,0.4554711878299713,0.3723713159561157,0.6778451204299927,3.091332197189331,0.009132138453423977
865,16.57146382331848,0.4869083762168884,0.15630923211574554,0.303022563457489,0.4332507252693176,0.3421623110771179,0.6302087306976318,3.0943374633789062,0.006896586157381535
866,16.580729722976685,0.4869083762168884,0.15630923211574554,0.303022563457489,0.4173690676689148,0.2978057861328125,0.47886496782302856,3.0983967781066895,0.015700051560997963
867,16.60698914527893,0.4869083762168884,0.15630923211574554,0.303022563457489,0.4147462546825409,0.24949820339679718,0.33359891176223755,3.1034135818481445,0.020342782139778137
868,16.616371154785156,0.4869083762168884,0.15630923211574554,0.303022563457489,0.41340336203575134,0.21506544947624207,0.328570693731308,3.108480453491211,0.01739482395350933
869,16.641592264175415,0.4869083762168884,0.15630923211574554,0.303022563457489,0.40922316908836365,0.18935930728912354,0.34139424562454224,3.113442897796631,0.013111748732626438
870,16.65101909637451,0.4869083762168884,0.15630923211574554,0.303022563457489,0.40701037645339966,0.16803741455078125,0.3456023335456848,3.117432117462158,0.010994840413331985
871,16.676463842391968,0.4869083762168884,0.15630923211574554,0.303022563457489,0.40894728899002075,0.1483345925807953,0.3574238419532776,3.1198012828826904,0.010982610285282135
872,16.686226844787598,0.4869083762168884,0.15630923211574554,0.303022563457489,0.4144802987575531,0.12815015017986298,0.3658531606197357,3.120811939239502,0.011812989600002766
873,16.712257862091064,0.4869083762168884,0.15630923211574554,0.303022563457489,0.42238691449165344,0.106585294008255,0.3642135262489319,3.1207542419433594,0.012642447836697102
874,16.721997022628784,0.4869083762168884,0.15630923211574554,0.303022563457489,0.4320818781852722,0.08488243073225021,0.37733837962150574,3.119185209274292,0.013673903420567513
875,16.747578382492065,0.4869083762168884,0.15630923211574554,0.303022563457489,0.44419896602630615,0.06518268585205078,0.4128212630748749,3.1150481700897217,0.01555492915213108
876,16.757476568222046,0.4869083762168884,0.15630923211574554,0.303022563457489,0.4613717794418335,0.048416879028081894,0.45567768812179565,3.10758638381958,0.018097657710313797
877,16.78292751312256,0.4869083762168884,0.15630923211574554,0.303022563457489,0.484327107667923,0.031791239976882935,0.5096524357795715,3.0982983112335205,0.021014118567109108
878,16.79280185699463,0.4869083762168884,0.15630923211574554,0.303022563457489,0.5113840103149414,0.009536225348711014,0.5505639910697937,3.091531276702881,0.024490520358085632
879,16.822869062423706,0.4869083762168884,0.15630923211574554,0.303022563457489,0.5416080355644226,-0.01883148029446602,0.5402910709381104,3.0920751094818115,0.028085270896553993
880,16.83327603340149,0.4869083762168884,0.15630923211574554,0.303022563457489,0.5655691623687744,-0.046453606337308884,0.4897370934486389,3.1023480892181396,0.03326670080423355
881,16.85903024673462,0.4869083762168884,0.15630923211574554,0.303022563457489,0.5825167298316956,-0.05887411907315254,0.23204955458641052,3.120306968688965,0.04046633467078209
882,16.868366956710815,0.4869083762168884,0.15630923211574554,0.303022563457489,0.5503091216087341,-0.03911503776907921,0.1761833131313324,3.1334798336029053,0.04642206430435181
883,16.896670818328857,0.4869083762168884,0.15630923211574554,0.303022563457489,0.5021193027496338,0.009843163192272186,0.35139647126197815,3.131166696548462,0.0543975830078125
884,16.90600895881653,0.4869083762168884,0.15630923211574554,0.303022563457489,0.459489107131958,0.046658359467983246,0.3827384114265442,3.117187023162842,0.060549717396497726
885,16.93146300315857,0.4869083762168884,0.15630923211574554,0.303022563457489,0.4290665090084076,0.074383445084095,0.3784734308719635,3.101120710372925,0.0642230361700058
886,16.94332504272461,0.4869083762168884,0.15630923211574554,0.303022563457489,0.41038644313812256,0.09770113229751587,0.3746166229248047,3.0875258445739746,0.06503623723983765
887,16.97128415107727,0.4869083762168884,0.15630923211574554,0.303022563457489,0.39963316917419434,0.11991878598928452,0.3938491642475128,3.0775229930877686,0.06256605684757233
888,16.98069429397583,0.4869083762168884,0.15630923211574554,0.303022563457489,0.3938618004322052,0.13992027938365936,0.42511221766471863,3.0711522102355957,0.05813062936067581
889,17.00684952735901,0.4869083762168884,0.15630923211574554,0.303022563457489,0.39355483651161194,0.1550845354795456,0.4487832486629486,3.068411350250244,0.05405394360423088
890,17.01664662361145,0.4869083762168884,0.15630923211574554,0.303022563457489,0.39856573939323425,0.16658629477024078,0.4799785614013672,3.068833112716675,0.0513492114841938
891,17.042529821395874,0.4869083762168884,0.15630923211574554,0.303022563457489,0.40573740005493164,0.17882663011550903,0.5108520984649658,3.07163405418396,0.04912774637341499
892,17.05240750312805,0.4869083762168884,0.15630923211574554,0.303022563457489,0.4129723012447357,0.19720147550106049,0.5161731243133545,3.0760369300842285,0.04567169025540352
893,17.0822536945343,0.4869083762168884,0.15630923211574554,0.303022563457489,0.4191746711730957,0.22433508932590485,0.49528926610946655,3.0808544158935547,0.03989614173769951
894,17.092703580856323,0.4869083762168884,0.15630923211574554,0.303022563457489,0.42272046208381653,0.25486940145492554,0.4637470841407776,3.0854973793029785,0.032662179321050644
895,17.117947340011597,0.4869083762168884,0.15630923211574554,0.303022563457489,0.4245060086250305,0.2842632532119751,0.4376990497112274,3.0903475284576416,0.026428839191794395
896,17.12778663635254,0.4869083762168884,0.15630923211574554,0.303022563457489,0.42786458134651184,0.3172023594379425,0.41447532176971436,3.0941927433013916,0.02315679006278515
897,17.15351676940918,0.4869083762168884,0.15630923211574554,0.303022563457489,0.4306032061576843,0.3537982404232025,0.3949200510978699,3.093768358230591,0.02541048638522625
898,17.163240671157837,0.4869083762168884,0.15630923211574554,0.303022563457489,0.4319528639316559,0.37463510036468506,0.7029024362564087,3.0896449089050293,0.01878192462027073
899,17.188465356826782,0.4869083762168884,0.15630923211574554,0.303022563457489,0.4209883213043213,0.3505060076713562,0.528281033039093,3.090250015258789,0.011318212375044823
900,17.19827699661255,0.4869083762168884,0.15630923211574554,0.303022563457489,0.407646507024765,0.31049486994743347,0.4008537828922272,3.091984510421753,0.012881778180599213
901,17.224541187286377,0.4869083762168884,0.15630923211574554,0.303022563457489,0.40592584013938904,0.2648927867412567,0.2968875765800476,3.0978524684906006,0.013302618637681007
902,17.23465919494629,0.4869083762168884,0.15630923211574554,0.303022563457489,0.40723517537117004,0.23428677022457123,0.29652372002601624,3.1048784255981445,0.008119180798530579
903,17.260815143585205,0.4869083762168884,0.15630923211574554,0.303022563457489,0.40671783685684204,0.21166424453258514,0.2976852059364319,3.1112570762634277,0.002150394720956683
904,17.27109670639038,0.4869083762168884,0.15630923211574554,0.303022563457489,0.40783509612083435,0.1912464052438736,0.2935560643672943,3.1160802841186523,-0.0017693903064355254
905,17.298749923706055,0.4869083762168884,0.15630923211574554,0.303022563457489,0.4130668640136719,0.170553520321846,0.3002133369445801,3.119110345840454,-0.0038175482768565416
906,17.30964732170105,0.4869083762168884,0.15630923211574554,0.303022563457489,0.42210686206817627,0.1486199051141739,0.2954300343990326,3.120574712753296,-0.005260515492409468
907,17.33748197555542,0.4869083762168884,0.15630923211574554,0.303022563457489,0.43367281556129456,0.12584412097930908,0.2989594340324402,3.12031626701355,-0.006621240638196468
908,17.351269006729126,0.4869083762168884,0.15630923211574554,0.303022563457489,0.4473140835762024,0.10510771721601486,0.3241264522075653,3.1175832748413086,-0.007304908242076635
909,17.376988887786865,0.4869083762168884,0.15630923211574554,0.303022563457489,0.46461769938468933,0.0882825255393982,0.35709890723228455,3.1111018657684326,-0.007033214438706636
910,17.38679051399231,0.4869083762168884,0.15630923211574554,0.303022563457489,0.4873572289943695,0.07350165396928787,0.3906485140323639,3.1012585163116455,-0.006163286045193672
911,17.412071228027344,0.4869083762168884,0.15630923211574554,0.303022563457489,0.5150017738342285,0.0563785657286644,0.43147337436676025,3.091388463973999,-0.004669198300689459
912,17.421438217163086,0.4869083762168884,0.15630923211574554,0.303022563457489,0.5457699298858643,0.03268653154373169,0.4407215416431427,3.086925745010376,-0.0025106703396886587
913,17.447466611862183,0.4869083762168884,0.15630923211574554,0.303022563457489,0.5756106972694397,0.0062631298787891865,0.40349021553993225,3.0922160148620605,0.0007431749836541712
914,17.457067251205444,0.4869083762168884,0.15630923211574554,0.303022563457489,0.5963983535766602,-0.013414314016699791,0.22968263924121857,3.1086792945861816,0.008395821787416935
915,17.48272681236267,0.4869083762168884,0.15630923211574554,0.303022563457489,0.5717054605484009,-0.006885030772536993,0.10603243112564087,3.1255571842193604,0.016753027215600014
916,17.492372035980225,0.4869083762168884,0.15630923211574554,0.303022563457489,0.5226799249649048,0.0384209044277668,0.30587124824523926,3.1280088424682617,0.027104133740067482
917,17.517728567123413,0.4869083762168884,0.15630923211574554,0.303022563457489,0.4767783284187317,0.07329889386892319,0.3644672930240631,3.1166179180145264,0.036316365003585815
918,17.52769422531128,0.4869083762168884,0.15630923211574554,0.303022563457489,0.4450722932815552,0.09740737080574036,0.3609766364097595,3.1018290519714355,0.04274744540452957
919,17.552748918533325,0.4869083762168884,0.15630923211574554,0.303022563457489,0.42545241117477417,0.1164955422282219,0.3528323173522949,3.0890345573425293,0.045916687697172165
920,17.56275510787964,0.4869083762168884,0.15630923211574554,0.303022563457489,0.4138259291648865,0.13359308242797852,0.35961365699768066,3.0799572467803955,0.045590806752443314
921,17.587596654891968,0.4869083762168884,0.15630923211574554,0.303022563457489,0.40585726499557495,0.1489720493555069,0.37678414583206177,3.074842691421509,0.04326513409614563
922,17.59810757637024,0.4869083762168884,0.15630923211574554,0.303022563457489,0.4023634195327759,0.1606346070766449,0.38769271969795227,3.0734808444976807,0.041238799691200256
923,17.624693870544434,0.4869083762168884,0.15630923211574554,0.303022563457489,0.4041382968425751,0.1692475974559784,0.40646690130233765,3.0751893520355225,0.04047684744000435
924,17.635342359542847,0.4869083762168884,0.15630923211574554,0.303022563457489,0.408268541097641,0.1785857379436493,0.42528730630874634,3.0790367126464844,0.04031934589147568
925,17.66127610206604,0.4869083762168884,0.15630923211574554,0.303022563457489,0.41346579790115356,0.19360871613025665,0.4230846166610718,3.0841681957244873,0.03911071643233299
926,17.6714129447937,0.4869083762168884,0.15630923211574554,0.303022563457489,0.41873717308044434,0.21747581660747528,0.39851874113082886,3.0893993377685547,0.03547197952866554
927,17.69697880744934,0.4869083762168884,0.15630923211574554,0.303022563457489,0.42207086086273193,0.24695591628551483,0.3670477867126465,3.0937705039978027,0.02985244058072567
928,17.707173347473145,0.4869083762168884,0.15630923211574554,0.303022563457489,0.42273667454719543,0.2767155170440674,0.3413178324699402,3.0974690914154053,0.024819785729050636
929,17.732789039611816,0.4869083762168884,0.15630923211574554,0.303022563457489,0.42382267117500305,0.3089650869369507,0.3291032612323761,3.099863052368164,0.02297249250113964
930,17.742910146713257,0.4869083762168884,0.15630923211574554,0.303022563457489,0.425324410200119,0.3451620638370514,0.3137143850326538,3.098267078399658,0.026699595153331757
931,17.76864457130432,0.4869083762168884,0.15630923211574554,0.303022563457489,0.4306587278842926,0.36031395196914673,0.6300992965698242,3.093334436416626,0.02090849168598652
932,17.778954029083252,0.4869083762168884,0.15630923211574554,0.303022563457489,0.41119465231895447,0.34325963258743286,0.5667505860328674,3.095956563949585,0.016369720920920372
933,17.804243564605713,0.4869083762168884,0.15630923211574554,0.303022563457489,0.40135958790779114,0.3107033669948578,0.4999430179595947,3.0990331172943115,0.022167369723320007
934,17.814298629760742,0.4869083762168884,0.15630923211574554,0.303022563457489,0.40306761860847473,0.27059948444366455,0.32342034578323364,3.1040427684783936,0.024973392486572266
935,17.840989112854004,0.4869083762168884,0.15630923211574554,0.303022563457489,0.4024193286895752,0.2376851737499237,0.3003803491592407,3.109835147857666,0.02036643959581852
936,17.85316491127014,0.4869083762168884,0.15630923211574554,0.303022563457489,0.39845240116119385,0.21153829991817474,0.30835840106010437,3.1153175830841064,0.013862906023859978
937,17.88039755821228,0.4869083762168884,0.15630923211574554,0.303022563457489,0.3954627811908722,0.1868901550769806,0.29635828733444214,3.120074510574341,0.009251389652490616
938,17.892064094543457,0.4869083762168884,0.15630923211574554,0.303022563457489,0.39655524492263794,0.16286572813987732,0.3008107841014862,3.123500108718872,0.006985056679695845
939,17.918105602264404,0.4869083762168884,0.15630923211574554,0.303022563457489,0.4021967053413391,0.13891363143920898,0.30829423666000366,3.125455141067505,0.005933143198490143
940,17.9277184009552,0.4869083762168884,0.15630923211574554,0.303022563457489,0.41107746958732605,0.11454594135284424,0.30701693892478943,3.1258206367492676,0.00499402591958642
941,17.952874183654785,0.4869083762168884,0.15630923211574554,0.303022563457489,0.4219197928905487,0.09057498723268509,0.3224858343601227,3.1241486072540283,0.004261854104697704
942,17.96228837966919,0.4869083762168884,0.15630923211574554,0.303022563457489,0.43531277775764465,0.0686689019203186,0.3538335859775543,3.1197762489318848,0.004324838984757662
943,17.987684965133667,0.4869083762168884,0.15630923211574554,0.303022563457489,0.45328664779663086,0.049449507147073746,0.38981831073760986,3.1123056411743164,0.005051897838711739
944,17.997737407684326,0.4869083762168884,0.15630923211574554,0.303022563457489,0.47604236006736755,0.030063459649682045,0.43586859107017517,3.1033170223236084,0.006365167908370495
945,18.023247003555298,0.4869083762168884,0.15630923211574554,0.303022563457489,0.5022133588790894,0.005412087310105562,0.468874990940094,3.0968880653381348,0.008448665961623192
946,18.035146474838257,0.4869083762168884,0.15630923211574554,0.303022563457489,0.5308672189712524,-0.02389165386557579,0.46195244789123535,3.097186803817749,0.011112256906926632
947,18.061614274978638,0.4869083762168884,0.15630923211574554,0.303022563457489,0.5514726042747498,-0.05131196975708008,0.4234970510005951,3.106755018234253,0.016628144308924675
948,18.071043491363525,0.4869083762168884,0.15630923211574554,0.303022563457489,0.5512428283691406,-0.07486670464277267,0.36404263973236084,3.1275150775909424,0.030689379200339317
949,18.09606409072876,0.4869083762168884,0.15630923211574554,0.303022563457489,0.5273375511169434,-0.08187417685985565,0.37289154529571533,-3.130099058151245,0.05245453864336014
950,18.10564923286438,0.4869083762168884,0.15630923211574554,0.303022563457489,0.5470343828201294,-0.03482712805271149,0.4637097716331482,-3.11934494972229,0.06645248830318451
951,18.133389711380005,0.4869083762168884,0.15630923211574554,0.303022563457489,0.540557324886322,0.022345323115587234,0.37664103507995605,-3.1372976303100586,0.05217902734875679
952,18.1431086063385,0.4869083762168884,0.15630923211574554,0.303022563457489,0.5130726099014282,0.056933511048555374,0.44047921895980835,3.118631362915039,0.036323122680187225
953,18.168705224990845,0.4869083762168884,0.15630923211574554,0.303022563457489,0.4972212314605713,0.078206866979599,0.5257737636566162,3.0934665203094482,0.02729063853621483
954,18.17914581298828,0.4869083762168884,0.15630923211574554,0.303022563457489,0.49792855978012085,0.089788056910038,0.5898044109344482,3.073612928390503,0.022499287500977516
955,18.20524525642395,0.4869083762168884,0.15630923211574554,0.303022563457489,0.505320131778717,0.09534552693367004,0.6341778039932251,3.0593714714050293,0.0193326398730278
956,18.21658730506897,0.4869083762168884,0.15630923211574554,0.303022563457489,0.5123723149299622,0.09755396842956543,0.6529265642166138,3.0507707595825195,0.01717328652739525
957,18.2433602809906,0.4869083762168884,0.15630923211574554,0.303022563457489,0.5195426940917969,0.10220213234424591,0.6569442749023438,3.047569513320923,0.01523645780980587
958,18.254283905029297,0.4869083762168884,0.15630923211574554,0.303022563457489,0.5288020372390747,0.11471118777990341,0.6442698240280151,3.0485281944274902,0.011879882775247097
959,18.283055543899536,0.4869083762168884,0.15630923211574554,0.303022563457489,0.5405218005180359,0.1354624629020691,0.6147322654724121,3.0518720149993896,0.005920000374317169
960,18.293447494506836,0.4869083762168884,0.15630923211574554,0.303022563457489,0.5530845522880554,0.15998898446559906,0.5773230791091919,3.0564210414886475,-0.002328014001250267
961,18.318326234817505,0.4869083762168884,0.15630923211574554,0.303022563457489,0.5657902359962463,0.1806466430425644,0.5646847486495972,3.0620810985565186,-0.011481542140245438
962,18.32844376564026,0.4869083762168884,0.15630923211574554,0.303022563457489,0.5778207182884216,0.19154994189739227,0.598726749420166,3.0698788166046143,-0.01944834738969803
963,18.35470223426819,0.4869083762168884,0.15630923211574554,0.303022563457489,0.5921776294708252,0.2014090120792389,0.6383273005485535,3.07865571975708,-0.024329038336873055
964,18.364654064178467,0.4869083762168884,0.15630923211574554,0.303022563457489,0.5915873050689697,0.21304181218147278,1.108112096786499,3.0787155628204346,-0.04716077074408531
965,18.3907413482666,0.4869083762168884,0.15630923211574554,0.303022563457489,0.5711337924003601,0.19064605236053467,1.2860076427459717,3.085648536682129,-0.06088888645172119
966,18.400579690933228,0.4869083762168884,0.15630923211574554,0.303022563457489,0.5866122841835022,0.1401483714580536,1.53505539894104,3.106235980987549,-0.06797321885824203
967,18.42662787437439,0.4869083762168884,0.15630923211574554,0.303022563457489,0.5227068662643433,0.06771962344646454,1.1663099527359009,-3.13311767578125,-0.07647976279258728
968,18.437249898910522,0.4869083762168884,0.15630923211574554,0.303022563457489,0.48643821477890015,0.029926173388957977,0.6982269287109375,-3.0978281497955322,-0.05820562317967415
969,18.463152170181274,0.4869083762168884,0.15630923211574554,0.303022563457489,0.5164430141448975,0.01586904563009739,0.31960225105285645,-3.0811095237731934,-0.03664668649435043
970,18.473025798797607,0.4869083762168884,0.15630923211574554,0.303022563457489,0.5553068518638611,0.008319055661559105,0.24438625574111938,-3.0800538063049316,-0.022647647187113762
971,18.498461961746216,0.4869083762168884,0.15630923211574554,0.303022563457489,0.5746116042137146,-0.00212797150015831,0.5018136501312256,-3.0908284187316895,-0.010496312752366066
972,18.50830626487732,0.4869083762168884,0.15630923211574554,0.303022563457489,0.5858680009841919,-0.022531362250447273,0.6052843332290649,-3.10640025138855,0.0016899332404136658
973,18.53407096862793,0.4869083762168884,0.15630923211574554,0.303022563457489,0.5956184267997742,-0.046293940395116806,0.5772249698638916,-3.1228067874908447,0.011333784088492393
974,18.543856382369995,0.4869083762168884,0.15630923211574554,0.303022563457489,0.6069610118865967,-0.0612303726375103,0.5451105833053589,-3.141170024871826,0.017497891560196877
975,18.56928515434265,0.4869083762168884,0.15630923211574554,0.303022563457489,0.6189659833908081,-0.06942315399646759,0.6015011668205261,3.121663808822632,0.023865675553679466
976,18.58060932159424,0.4869083762168884,0.15630923211574554,0.303022563457489,0.647053062915802,-0.07173275947570801,0.15712037682533264,3.1023290157318115,0.025803888216614723
977,18.606264114379883,0.4869083762168884,0.15630923211574554,0.303022563457489,0.6427158713340759,-0.07845471054315567,-0.01952522248029709,3.0849742889404297,0.013892414048314095
978,18.616025686264038,0.4869083762168884,0.15630923211574554,0.303022563457489,0.6244323253631592,-0.07639104127883911,0.17396783828735352,3.080198287963867,0.011431366205215454
979,18.64134192466736,0.4869083762168884,0.15630923211574554,0.303022563457489,0.6151314973831177,-0.06886577606201172,0.23027974367141724,3.0856950283050537,0.020035216584801674
980,18.651110887527466,0.4869083762168884,0.15630923211574554,0.303022563457489,0.6072280406951904,-0.04541363939642906,0.18595388531684875,3.0926802158355713,0.031190963461995125
981,18.676979541778564,0.4869083762168884,0.15630923211574554,0.303022563457489,0.5731625556945801,0.0008355642203241587,0.26372241973876953,3.092010259628296,0.041855912655591965
982,18.686960697174072,0.4869083762168884,0.15630923211574554,0.303022563457489,0.5297869443893433,0.045009590685367584,0.14770953357219696,3.0826077461242676,0.05237463116645813
983,18.71303963661194,0.4869083762168884,0.15630923211574554,0.303022563457489,0.4607287645339966,0.11206293106079102,0.3574100732803345,3.0638184547424316,0.06420388072729111
984,18.722877740859985,0.4869083762168884,0.15630923211574554,0.303022563457489,0.4176226854324341,0.1562524288892746,0.5371651649475098,3.042635440826416,0.07687101513147354
985,18.748878240585327,0.4869083762168884,0.15630923211574554,0.303022563457489,0.3971903324127197,0.1900637298822403,0.7383155822753906,3.023850679397583,0.0885399580001831
986,18.758755683898926,0.4869083762168884,0.15630923211574554,0.303022563457489,0.39655473828315735,0.22067219018936157,0.9628213047981262,3.0090301036834717,0.09585807472467422
987,18.784794330596924,0.4869083762168884,0.15630923211574554,0.303022563457489,0.4095471501350403,0.2532506585121155,1.1762193441390991,2.99845552444458,0.09745761007070541
988,18.795264720916748,0.4869083762168884,0.15630923211574554,0.303022563457489,0.43724507093429565,0.29053768515586853,1.284982681274414,2.9923877716064453,0.09496301412582397
989,18.826140642166138,0.4869083762168884,0.15630923211574554,0.303022563457489,0.4884992241859436,0.32861649990081787,1.2391469478607178,2.991922616958618,0.09056811034679413
990,18.83635973930359,0.4869083762168884,0.15630923211574554,0.303022563457489,0.5761421918869019,0.31802743673324585,1.0678743124008179,3.0025999546051025,0.08550484478473663
991,18.861720085144043,0.4869083762168884,0.15630923211574554,0.303022563457489,0.5986674427986145,0.31800392270088196,1.5096118450164795,3.026948928833008,0.08058071881532669
992,18.871346712112427,0.4869083762168884,0.15630923211574554,0.303022563457489,0.6074675917625427,0.34488624334335327,1.72200608253479,3.0538265705108643,0.07323329150676727
993,18.896974086761475,0.4869083762168884,0.15630923211574554,0.303022563457489,0.6033509373664856,0.37478989362716675,1.729387879371643,3.0788586139678955,0.06614578515291214
994,18.90698790550232,0.4869083762168884,0.15630923211574554,0.303022563457489,0.5998172163963318,0.3860209584236145,1.7031511068344116,3.1003007888793945,0.0633661299943924
995,18.931986570358276,0.4869083762168884,0.15630923211574554,0.303022563457489,0.6200336217880249,0.37841343879699707,1.4590189456939697,3.119445562362671,0.06402815878391266
996,18.941515684127808,0.4869083762168884,0.15630923211574554,0.303022563457489,0.6244458556175232,0.37659549713134766,1.084017276763916,3.1316277980804443,0.07154014706611633
997,18.96695113182068,0.4869083762168884,0.15630923211574554,0.303022563457489,0.6035324931144714,0.3300058841705322,1.212250828742981,-3.1369214057922363,0.0637725368142128
998,18.976886510849,0.4869083762168884,0.15630923211574554,0.303022563457489,0.5505625605583191,0.2552892565727234,0.8304071426391602,-3.114790201187134,0.0527595616877079
999,19.001850128173828,0.4869083762168884,0.15630923211574554,0.303022563457489,0.49930861592292786,0.19400088489055634,0.5129989385604858,-3.1076741218566895,0.05695972219109535
1000,19.01160502433777,0.4869083762168884,0.15630923211574554,0.303022563457489,0.4807772636413574,0.14297346770763397,0.36696743965148926,-3.1111581325531006,0.06574095040559769
1001,19.044257640838623,0.4869083762168884,0.15630923211574554,0.303022563457489,0.47869613766670227,0.1070549339056015,0.34983909130096436,-3.117039918899536,0.07041844725608826
1002,19.054628133773804,0.4869083762168884,0.15630923211574554,0.303022563457489,0.47435125708580017,0.08360987156629562,0.44725579023361206,-3.1230709552764893,0.07287690788507462
1003,19.08080506324768,0.4869083762168884,0.15630923211574554,0.303022563457489,0.46663543581962585,0.06326282024383545,0.5251520276069641,-3.129260778427124,0.07616611570119858
1004,19.09184193611145,0.4869083762168884,0.15630923211574554,0.303022563457489,0.45894357562065125,0.039532240480184555,0.5435230731964111,-3.1352415084838867,0.08020686358213425
1005,19.117199659347534,0.4869083762168884,0.15630923211574554,0.303022563457489,0.4529421627521515,0.013025898486375809,0.5516209602355957,-3.1407995223999023,0.08429362624883652
1006,19.127251148223877,0.4869083762168884,0.15630923211574554,0.303022563457489,0.4487694203853607,-0.012765430845320225,0.5713636875152588,3.1367926597595215,0.08868265897035599
1007,19.153064250946045,0.4869083762168884,0.15630923211574554,0.303022563457489,0.4465537965297699,-0.03582547977566719,0.6142171621322632,3.1297523975372314,0.09435846656560898
1008,19.165489196777344,0.4869083762168884,0.15630923211574554,0.303022563457489,0.4487280249595642,-0.058068595826625824,0.6915488839149475,3.121100425720215,0.10210288316011429
1009,19.192201852798462,0.4869083762168884,0.15630923211574554,0.303022563457489,0.45372551679611206,-0.08559118211269379,0.7804979085922241,3.113680124282837,0.11235450953245163
1010,19.201658964157104,0.4869083762168884,0.15630923211574554,0.303022563457489,0.45999693870544434,-0.12108781933784485,0.820713222026825,3.1119024753570557,0.12429451942443848
1011,19.228301286697388,0.4869083762168884,0.15630923211574554,0.303022563457489,0.46655815839767456,-0.1609741747379303,0.7961716055870056,3.117943286895752,0.13598684966564178
1012,19.23850178718567,0.4869083762168884,0.15630923211574554,0.303022563457489,0.49551406502723694,-0.1694648414850235,0.459188312292099,3.1250550746917725,0.13790176808834076
1013,19.263426065444946,0.4869083762168884,0.15630923211574554,0.303022563457489,0.4980754554271698,-0.17066621780395508,0.22148002684116364,3.1308350563049316,0.13087494671344757
1014,19.27366352081299,0.4869083762168884,0.15630923211574554,0.303022563457489,0.49520695209503174,-0.15813767910003662,0.15329594910144806,3.136791706085205,0.12471891194581985
1015,19.29880380630493,0.4869083762168884,0.15630923211574554,0.303022563457489,0.47821202874183655,-0.12955930829048157,0.17153069376945496,3.1397545337677,0.1199314147233963
1016,19.30952262878418,0.4869083762168884,0.15630923211574554,0.303022563457489,0.4414321482181549,-0.08091166615486145,0.27048981189727783,3.135324478149414,0.11502217501401901
1017,19.334664821624756,0.4869083762168884,0.15630923211574554,0.303022563457489,0.40650635957717896,-0.03785579651594162,0.28131958842277527,3.125152826309204,0.10872279852628708
1018,19.346853494644165,0.4869083762168884,0.15630923211574554,0.303022563457489,0.38145020604133606,-0.0022851440589874983,0.2874591648578644,3.1134440898895264,0.1019144356250763
1019,19.373085260391235,0.4869083762168884,0.15630923211574554,0.303022563457489,0.36547619104385376,0.029539931565523148,0.3159767985343933,3.102634906768799,0.09512979537248611
1020,19.38292956352234,0.4869083762168884,0.15630923211574554,0.303022563457489,0.35721850395202637,0.05931008979678154,0.3529106080532074,3.093848466873169,0.08783101290464401
1021,19.40824317932129,0.4869083762168884,0.15630923211574554,0.303022563457489,0.3542303442955017,0.08732285350561142,0.38673341274261475,3.087355375289917,0.08016355335712433
1022,19.42045831680298,0.4869083762168884,0.15630923211574554,0.303022563457489,0.35597532987594604,0.11286766827106476,0.41581955552101135,3.083224296569824,0.07302944362163544
1023,19.449196577072144,0.4869083762168884,0.15630923211574554,0.303022563457489,0.36215025186538696,0.13615117967128754,0.44638916850090027,3.0815789699554443,0.06684833765029907
1024,19.459327936172485,0.4869083762168884,0.15630923211574554,0.303022563457489,0.3709162771701813,0.16049955785274506,0.47201433777809143,3.082298994064331,0.06103096902370453
1025,19.48493504524231,0.4869083762168884,0.15630923211574554,0.303022563457489,0.38154977560043335,0.18914943933486938,0.48635002970695496,3.0847842693328857,0.05432683974504471
1026,19.494757413864136,0.4869083762168884,0.15630923211574554,0.303022563457489,0.3915310204029083,0.222507044672966,0.49389538168907166,3.0880520343780518,0.04605334624648094
1027,19.52259874343872,0.4869083762168884,0.15630923211574554,0.303022563457489,0.39986470341682434,0.2550789713859558,0.49989795684814453,3.0920169353485107,0.03706379979848862
1028,19.53243851661682,0.4869083762168884,0.15630923211574554,0.303022563457489,0.40765857696533203,0.2844512164592743,0.5043085813522339,3.0974936485290527,0.029186006635427475
1029,19.55794644355774,0.4869083762168884,0.15630923211574554,0.303022563457489,0.4174218475818634,0.31716182827949524,0.4985576868057251,3.1033613681793213,0.02353420853614807
1030,19.568008184432983,0.4869083762168884,0.15630923211574554,0.303022563457489,0.4266529977321625,0.3544865548610687,0.49419474601745605,3.1060569286346436,0.02185788005590439
1031,19.594743967056274,0.4869083762168884,0.15630923211574554,0.303022563457489,0.43371474742889404,0.37372973561286926,0.6843101382255554,3.10381817817688,0.017101317644119263
1032,19.604215621948242,0.4869083762168884,0.15630923211574554,0.303022563457489,0.40566736459732056,0.33706173300743103,0.8932881951332092,3.1126766204833984,0.012861084192991257
1033,19.629764556884766,0.4869083762168884,0.15630923211574554,0.303022563457489,0.39934492111206055,0.2803831398487091,0.6382278800010681,3.125397205352783,0.018513452261686325
1034,19.639477252960205,0.4869083762168884,0.15630923211574554,0.303022563457489,0.4051801264286041,0.23505213856697083,0.40898770093917847,3.1333582401275635,0.01987350359559059
1035,19.66468071937561,0.4869083762168884,0.15630923211574554,0.303022563457489,0.40852516889572144,0.20121468603610992,0.38683491945266724,3.135504722595215,0.017726870253682137
1036,19.674070119857788,0.4869083762168884,0.15630923211574554,0.303022563457489,0.4110211431980133,0.17372046411037445,0.41700467467308044,3.134368658065796,0.0168797355145216
1037,19.69974160194397,0.4869083762168884,0.15630923211574554,0.303022563457489,0.41681548953056335,0.14934799075126648,0.46088671684265137,3.1314690113067627,0.018114350736141205
1038,19.711776971817017,0.4869083762168884,0.15630923211574554,0.303022563457489,0.4252777099609375,0.12509100139141083,0.4807020127773285,3.1279678344726562,0.020284252241253853
1039,19.736817121505737,0.4869083762168884,0.15630923211574554,0.303022563457489,0.43487897515296936,0.10025974363088608,0.4861252009868622,3.124537944793701,0.023029519245028496
1040,19.747352838516235,0.4869083762168884,0.15630923211574554,0.303022563457489,0.4462306499481201,0.0777658075094223,0.5073802471160889,3.1199605464935303,0.026824142783880234
1041,19.773005723953247,0.4869083762168884,0.15630923211574554,0.303022563457489,0.462352454662323,0.059050966054201126,0.5542308688163757,3.1123626232147217,0.031583525240421295
1042,19.782589435577393,0.4869083762168884,0.15630923211574554,0.303022563457489,0.48425397276878357,0.04102775454521179,0.6274805665016174,3.102593421936035,0.03707702085375786
1043,19.807685613632202,0.4869083762168884,0.15630923211574554,0.303022563457489,0.5108599066734314,0.017447825521230698,0.6953710913658142,3.094768524169922,0.043220680207014084
1044,19.817952394485474,0.4869083762168884,0.15630923211574554,0.303022563457489,0.540276825428009,-0.013989376835525036,0.7050426602363586,3.093733072280884,0.0493042878806591
1045,19.84368920326233,0.4869083762168884,0.15630923211574554,0.303022563457489,0.5683973431587219,-0.048838283866643906,0.6460004448890686,3.102027416229248,0.05475563928484917
1046,19.853221654891968,0.4869083762168884,0.15630923211574554,0.303022563457489,0.5941861271858215,-0.07219959795475006,0.42448464035987854,3.1178109645843506,0.06004921719431877
1047,19.881656408309937,0.4869083762168884,0.15630923211574554,0.303022563457489,0.587397038936615,-0.08154366910457611,0.14665837585926056,3.1347062587738037,0.0619831308722496
1048,19.894145727157593,0.4869083762168884,0.15630923211574554,0.303022563457489,0.5549852848052979,-0.05193011835217476,0.16197767853736877,-3.1378397941589355,0.06776084005832672
1049,19.918867588043213,0.4869083762168884,0.15630923211574554,0.303022563457489,0.5100769996643066,-0.003927812445908785,0.3165365159511566,3.140714645385742,0.07452642917633057
1050,19.929086685180664,0.4869083762168884,0.15630923211574554,0.303022563457489,0.46949151158332825,0.031972188502550125,0.33567944169044495,3.126274585723877,0.0788176879286766
1051,19.954825162887573,0.4869083762168884,0.15630923211574554,0.303022563457489,0.43928876519203186,0.058856066316366196,0.3265022337436676,3.1101605892181396,0.08080217987298965
1052,19.964622974395752,0.4869083762168884,0.15630923211574554,0.303022563457489,0.41850119829177856,0.08290756493806839,0.33056923747062683,3.0961496829986572,0.08046802878379822
1053,19.990314483642578,0.4869083762168884,0.15630923211574554,0.303022563457489,0.4059533178806305,0.10607483983039856,0.3536891043186188,3.0852839946746826,0.07691533863544464
1054,19.999975204467773,0.4869083762168884,0.15630923211574554,0.303022563457489,0.3991585373878479,0.12839041650295258,0.3961867094039917,3.077530860900879,0.07047980278730392
1055,20.024895429611206,0.4869083762168884,0.15630923211574554,0.303022563457489,0.39761126041412354,0.1468992382287979,0.43275517225265503,3.0729517936706543,0.06324908882379532
1056,20.036106824874878,0.4869083762168884,0.15630923211574554,0.303022563457489,0.40198054909706116,0.1604328751564026,0.4670652449131012,3.071510076522827,0.05732870101928711
1057,20.064958810806274,0.4869083762168884,0.15630923211574554,0.303022563457489,0.41057443618774414,0.17157776653766632,0.5111418962478638,3.072754144668579,0.052917610853910446
1058,20.075116395950317,0.4869083762168884,0.15630923211574554,0.303022563457489,0.4203936755657196,0.1858723759651184,0.5445713996887207,3.076073408126831,0.04847729578614235
1059,20.100346565246582,0.4869083762168884,0.15630923211574554,0.303022563457489,0.4298214912414551,0.20841127634048462,0.5429515242576599,3.080613374710083,0.04230169951915741
1060,20.11046552658081,0.4869083762168884,0.15630923211574554,0.303022563457489,0.437027245759964,0.23827685415744781,0.5143104791641235,3.085331678390503,0.03408951684832573
1061,20.136950254440308,0.4869083762168884,0.15630923211574554,0.303022563457489,0.44199198484420776,0.26818859577178955,0.4887687563896179,3.0900838375091553,0.025334108620882034
1062,20.147152185440063,0.4869083762168884,0.15630923211574554,0.303022563457489,0.44680681824684143,0.2954346537590027,0.47307342290878296,3.0952470302581787,0.018294161185622215
1063,20.17677140235901,0.4869083762168884,0.15630923211574554,0.303022563457489,0.4529382288455963,0.32665368914604187,0.4553731083869934,3.099029779434204,0.01496641431003809
1064,20.19384741783142,0.4869083762168884,0.15630923211574554,0.303022563457489,0.45694005489349365,0.36062127351760864,0.4449748992919922,3.098159074783325,0.018594609573483467
1065,20.22203254699707,0.4869083762168884,0.15630923211574554,0.303022563457489,0.46103140711784363,0.3656761050224304,0.7645307779312134,3.094622850418091,0.012582827359437943
1066,20.23255681991577,0.4869083762168884,0.15630923211574554,0.303022563457489,0.4358634352684021,0.3278292715549469,0.666081964969635,3.099074363708496,0.006757824216037989
1067,20.262031316757202,0.4869083762168884,0.15630923211574554,0.303022563457489,0.42181554436683655,0.2794314920902252,0.3909722566604614,3.1056182384490967,0.008081247098743916
1068,20.27236247062683,0.4869083762168884,0.15630923211574554,0.303022563457489,0.4163724184036255,0.23966452479362488,0.308616042137146,3.112030506134033,0.0068588522262871265
1069,20.30573344230652,0.4869083762168884,0.15630923211574554,0.303022563457489,0.4140165150165558,0.21130679547786713,0.3259791433811188,3.1170547008514404,0.0033783605322241783
1070,20.317241191864014,0.4869083762168884,0.15630923211574554,0.303022563457489,0.41218453645706177,0.18816649913787842,0.34077388048171997,3.1203510761260986,0.0006995360599830747
1071,20.342719316482544,0.4869083762168884,0.15630923211574554,0.303022563457489,0.41254326701164246,0.1670626997947693,0.35354864597320557,3.1217615604400635,-6.688453868264332e-05
1072,20.35283923149109,0.4869083762168884,0.15630923211574554,0.303022563457489,0.41652926802635193,0.1453937292098999,0.3643192946910858,3.121731996536255,0.0003616180911194533
1073,20.37849473953247,0.4869083762168884,0.15630923211574554,0.303022563457489,0.4232729971408844,0.1219131350517273,0.36185646057128906,3.1207852363586426,0.0011319987243041396
1074,20.388179063796997,0.4869083762168884,0.15630923211574554,0.303022563457489,0.4324716329574585,0.098024882376194,0.3713638484477997,3.118664503097534,0.0022111355792731047
1075,20.413856267929077,0.4869083762168884,0.15630923211574554,0.303022563457489,0.44442784786224365,0.07662063837051392,0.40461528301239014,3.1141066551208496,0.004156138282269239
1076,20.42390203475952,0.4869083762168884,0.15630923211574554,0.303022563457489,0.4616677463054657,0.05835062637925148,0.45043906569480896,3.1060986518859863,0.006830079946666956
1077,20.455702543258667,0.4869083762168884,0.15630923211574554,0.303022563457489,0.48433631658554077,0.039756711572408676,0.5083619952201843,3.0962672233581543,0.010043183341622353
1078,20.465598106384277,0.4869083762168884,0.15630923211574554,0.303022563457489,0.510678768157959,0.01514083705842495,0.549670398235321,3.089311361312866,0.013957519084215164
1079,20.494261980056763,0.4869083762168884,0.15630923211574554,0.303022563457489,0.5399525165557861,-0.015249446034431458,0.5392179489135742,3.0901150703430176,0.01808869279921055
1080,20.504491090774536,0.4869083762168884,0.15630923211574554,0.303022563457489,0.5622520446777344,-0.0443013571202755,0.49081477522850037,3.1010749340057373,0.024167127907276154
1081,20.529646635055542,0.4869083762168884,0.15630923211574554,0.303022563457489,0.578040361404419,-0.055512405931949615,0.19380970299243927,3.118325710296631,0.03013753704726696
1082,20.539270877838135,0.4869083762168884,0.15630923211574554,0.303022563457489,0.5427438616752625,-0.03487883880734444,0.17321991920471191,3.1305758953094482,0.035830073058605194
1083,20.564753532409668,0.4869083762168884,0.15630923211574554,0.303022563457489,0.4957491457462311,0.01249124575406313,0.34945324063301086,3.127903938293457,0.04424399882555008
1084,20.57512092590332,0.4869083762168884,0.15630923211574554,0.303022563457489,0.45528993010520935,0.0482889786362648,0.37943947315216064,3.114232301712036,0.05055112764239311
1085,20.600983381271362,0.4869083762168884,0.15630923211574554,0.303022563457489,0.42601367831230164,0.07536309212446213,0.3776164650917053,3.098506450653076,0.05415792763233185
1086,20.610565185546875,0.4869083762168884,0.15630923211574554,0.303022563457489,0.40756240487098694,0.09813936799764633,0.37837672233581543,3.085083484649658,0.05503097549080849
1087,20.636082410812378,0.4869083762168884,0.15630923211574554,0.303022563457489,0.39667391777038574,0.11947975307703018,0.39816269278526306,3.0752079486846924,0.052958276122808456
1088,20.645538330078125,0.4869083762168884,0.15630923211574554,0.303022563457489,0.39061033725738525,0.1385081261396408,0.4257248342037201,3.0690042972564697,0.04926905408501625
1089,20.676915407180786,0.4869083762168884,0.15630923211574554,0.303022563457489,0.39005807042121887,0.15324336290359497,0.44806739687919617,3.0663418769836426,0.04603153467178345
1090,20.688084602355957,0.4869083762168884,0.15630923211574554,0.303022563457489,0.3949069380760193,0.16469310224056244,0.47935011982917786,3.0666956901550293,0.04402394965291023
1091,20.725631713867188,0.4869083762168884,0.15630923211574554,0.303022563457489,0.4019249379634857,0.17698995769023895,0.5093837976455688,3.0693581104278564,0.042391397058963776
1092,20.73722505569458,0.4869083762168884,0.15630923211574554,0.303022563457489,0.40942323207855225,0.19507259130477905,0.5147771239280701,3.0736465454101562,0.039491258561611176
1093,20.763487339019775,0.4869083762168884,0.15630923211574554,0.303022563457489,0.41619518399238586,0.22156397998332977,0.4956360161304474,3.0784013271331787,0.03424869850277901
1094,20.773077726364136,0.4869083762168884,0.15630923211574554,0.303022563457489,0.4205513000488281,0.25127625465393066,0.4658021926879883,3.0830705165863037,0.02749873884022236
1095,20.79835605621338,0.4869083762168884,0.15630923211574554,0.303022563457489,0.42326441407203674,0.27989983558654785,0.44025906920433044,3.0881540775299072,0.021609365940093994
1096,20.8080894947052,0.4869083762168884,0.15630923211574554,0.303022563457489,0.4276503026485443,0.31204327940940857,0.4156186878681183,3.0925004482269287,0.018409302458167076
1097,20.833789587020874,0.4869083762168884,0.15630923211574554,0.303022563457489,0.4315299689769745,0.34815770387649536,0.3933848440647125,3.0926945209503174,0.020352104678750038
1098,20.844319105148315,0.4869083762168884,0.15630923211574554,0.303022563457489,0.42887040972709656,0.3708576261997223,0.6522731781005859,3.0873124599456787,0.019500479102134705
1099,20.86978769302368,0.4869083762168884,0.15630923211574554,0.303022563457489,0.41200143098831177,0.34416407346725464,0.5906411409378052,3.0895063877105713,0.017113862559199333
1100,20.879567861557007,0.4869083762168884,0.15630923211574554,0.303022563457489,0.4018588364124298,0.30356985330581665,0.44390493631362915,3.0937347412109375,0.023457719013094902
1101,20.905447483062744,0.4869083762168884,0.15630923211574554,0.303022563457489,0.4032078683376312,0.26020559668540955,0.3264325261116028,3.0995118618011475,0.02493463084101677
1102,20.916563510894775,0.4869083762168884,0.15630923211574554,0.303022563457489,0.4030900001525879,0.22920383512973785,0.3288211226463318,3.1047210693359375,0.019575033336877823
1103,20.941627025604248,0.4869083762168884,0.15630923211574554,0.303022563457489,0.3996056914329529,0.20441509783267975,0.33700159192085266,3.1090705394744873,0.013786292634904385
1104,20.951611280441284,0.4869083762168884,0.15630923211574554,0.303022563457489,0.39810872077941895,0.18195626139640808,0.3426899313926697,3.1122920513153076,0.010600765235722065
1105,20.976893424987793,0.4869083762168884,0.15630923211574554,0.303022563457489,0.4012386202812195,0.159690260887146,0.35184866189956665,3.114142894744873,0.009471473284065723
1106,20.986348390579224,0.4869083762168884,0.15630923211574554,0.303022563457489,0.4079417288303375,0.13671648502349854,0.3497005105018616,3.1148273944854736,0.009065298363566399
1107,21.011962890625,0.4869083762168884,0.15630923211574554,0.303022563457489,0.41695845127105713,0.11327069997787476,0.35613515973091125,3.114237070083618,0.009076770395040512
1108,21.021519899368286,0.4869083762168884,0.15630923211574554,0.303022563457489,0.4284810423851013,0.09116164594888687,0.381203293800354,3.111640453338623,0.009895488619804382
1109,21.04693627357483,0.4869083762168884,0.15630923211574554,0.303022563457489,0.44399508833885193,0.07224864512681961,0.41910484433174133,3.105895757675171,0.011518879793584347
1110,21.056485652923584,0.4869083762168884,0.15630923211574554,0.303022563457489,0.46485501527786255,0.05471763387322426,0.46619874238967896,3.0974268913269043,0.013591350056231022
1111,21.08551526069641,0.4869083762168884,0.15630923211574554,0.303022563457489,0.4899275302886963,0.0339820459485054,0.5154479742050171,3.0895378589630127,0.016223933547735214
1112,21.09921360015869,0.4869083762168884,0.15630923211574554,0.303022563457489,0.5180236101150513,0.006781634874641895,0.524840235710144,3.087245464324951,0.019387049600481987
1113,21.125498294830322,0.4869083762168884,0.15630923211574554,0.303022563457489,0.5457221865653992,-0.02213677018880844,0.4921160340309143,3.0938029289245605,0.023359190672636032
1114,21.134973526000977,0.4869083762168884,0.15630923211574554,0.303022563457489,0.566603422164917,-0.04179563373327255,0.3089539408683777,3.1096811294555664,0.030872389674186707
1115,21.161155462265015,0.4869083762168884,0.15630923211574554,0.303022563457489,0.5537413358688354,-0.04114023596048355,0.12647691369056702,3.127070426940918,0.03729797527194023
1116,21.17117476463318,0.4869083762168884,0.15630923211574554,0.303022563457489,0.5132002234458923,0.003949844278395176,0.2809283435344696,3.132768154144287,0.0448441356420517
1117,21.19776678085327,0.4869083762168884,0.15630923211574554,0.303022563457489,0.46885251998901367,0.04502037912607193,0.3493001163005829,3.123663902282715,0.051056064665317535
1118,21.207761764526367,0.4869083762168884,0.15630923211574554,0.303022563457489,0.43727177381515503,0.07457226514816284,0.34512004256248474,3.1092867851257324,0.05464934930205345
1119,21.233792781829834,0.4869083762168884,0.15630923211574554,0.303022563457489,0.4171024262905121,0.09845387935638428,0.340434193611145,3.09576678276062,0.05572407320141792
1120,21.24471926689148,0.4869083762168884,0.15630923211574554,0.303022563457489,0.40531498193740845,0.11959400027990341,0.3485705554485321,3.0855369567871094,0.05410954728722572
1121,21.27059817314148,0.4869083762168884,0.15630923211574554,0.303022563457489,0.39781469106674194,0.138701930642128,0.36780157685279846,3.0791609287261963,0.05090068653225899
1122,21.281540870666504,0.4869083762168884,0.15630923211574554,0.303022563457489,0.394892156124115,0.1543218344449997,0.3831465244293213,3.076448440551758,0.048034511506557465
1123,21.306412935256958,0.4869083762168884,0.15630923211574554,0.303022563457489,0.3971949517726898,0.16682207584381104,0.40153759717941284,3.0768508911132812,0.046308454126119614
1124,21.31695008277893,0.4869083762168884,0.15630923211574554,0.303022563457489,0.4018690884113312,0.1801953762769699,0.414480596780777,3.0796351432800293,0.04505334794521332
1125,21.342997312545776,0.4869083762168884,0.15630923211574554,0.303022563457489,0.4080458879470825,0.19936472177505493,0.4097357392311096,3.0840072631835938,0.04261942207813263
1126,21.356388092041016,0.4869083762168884,0.15630923211574554,0.303022563457489,0.4135976731777191,0.22691962122917175,0.3919980525970459,3.0886762142181396,0.037869714200496674
1127,21.385809898376465,0.4869083762168884,0.15630923211574554,0.303022563457489,0.41641512513160706,0.25845539569854736,0.3686017096042633,3.092802047729492,0.03173574432730675
1128,21.395445823669434,0.4869083762168884,0.15630923211574554,0.303022563457489,0.4169199466705322,0.290018230676651,0.35228127241134644,3.0963854789733887,0.02692263200879097
1129,21.420285940170288,0.4869083762168884,0.15630923211574554,0.303022563457489,0.41790005564689636,0.3247515559196472,0.34865719079971313,3.0982091426849365,0.02590230666100979
1130,21.430081605911255,0.4869083762168884,0.15630923211574554,0.303022563457489,0.3677619993686676,0.39274370670318604,0.39162659645080566,3.0946264266967773,0.030308756977319717
1131,21.45588731765747,0.4869083762168884,0.15630923211574554,0.303022563457489,0.3874080777168274,0.34911632537841797,0.39987826347351074,3.0878076553344727,0.03421393781900406
1132,21.465834140777588,0.4869083762168884,0.15630923211574554,0.303022563457489,0.3929990530014038,0.3166555166244507,0.45235592126846313,3.085590362548828,0.04371224716305733
1133,21.491485834121704,0.4869083762168884,0.15630923211574554,0.303022563457489,0.3974771499633789,0.27609533071517944,0.4014492928981781,3.088900327682495,0.0488235205411911
1134,21.50112533569336,0.4869083762168884,0.15630923211574554,0.303022563457489,0.3982045352458954,0.2396865338087082,0.327154278755188,3.095510721206665,0.04580308869481087
1135,21.52598762512207,0.4869083762168884,0.15630923211574554,0.303022563457489,0.3933393657207489,0.2145880162715912,0.31872835755348206,3.1010138988494873,0.0376078225672245
1136,21.53582739830017,0.4869083762168884,0.15630923211574554,0.303022563457489,0.38846099376678467,0.19203703105449677,0.3103397488594055,3.1049861907958984,0.0298811923712492
1137,21.560847997665405,0.4869083762168884,0.15630923211574554,0.303022563457489,0.3870900869369507,0.16853752732276917,0.307422935962677,3.1080403327941895,0.024385767057538033
1138,21.570423126220703,0.4869083762168884,0.15630923211574554,0.303022563457489,0.39033564925193787,0.14418429136276245,0.31851640343666077,3.1102700233459473,0.020623765885829926
1139,21.597354650497437,0.4869083762168884,0.15630923211574554,0.303022563457489,0.39718011021614075,0.11963517963886261,0.3140009939670563,3.1114752292633057,0.01759662665426731
1140,21.607124090194702,0.4869083762168884,0.15630923211574554,0.303022563457489,0.40633150935173035,0.09519057720899582,0.3153284192085266,3.1111700534820557,0.015050221234560013
1141,21.63451361656189,0.4869083762168884,0.15630923211574554,0.303022563457489,0.4177757501602173,0.07251700758934021,0.3365471661090851,3.1085455417633057,0.01343279704451561
1142,21.64420461654663,0.4869083762168884,0.15630923211574554,0.303022563457489,0.43267637491226196,0.0530644953250885,0.36833861470222473,3.1027047634124756,0.01289224810898304
1143,21.669198751449585,0.4869083762168884,0.15630923211574554,0.303022563457489,0.4518730640411377,0.03483837470412254,0.41128939390182495,3.0943353176116943,0.013308403082191944
1144,21.67853879928589,0.4869083762168884,0.15630923211574554,0.303022563457489,0.47430455684661865,0.013427941128611565,0.45532307028770447,3.0865116119384766,0.01473875530064106
1145,21.70438003540039,0.4869083762168884,0.15630923211574554,0.303022563457489,0.499102383852005,-0.01341564767062664,0.4663601815700531,3.08351731300354,0.01698409393429756
1146,21.713807821273804,0.4869083762168884,0.15630923211574554,0.303022563457489,0.5236223936080933,-0.042453665286302567,0.44272157549858093,3.0882229804992676,0.020372431725263596
1147,21.73870587348938,0.4869083762168884,0.15630923211574554,0.303022563457489,0.545180082321167,-0.06287778168916702,0.28838610649108887,3.10090970993042,0.02660815231502056
1148,21.74846124649048,0.4869083762168884,0.15630923211574554,0.303022563457489,0.5384418368339539,-0.06952299177646637,0.13063982129096985,3.1166951656341553,0.0307787973433733
1149,21.774255990982056,0.4869083762168884,0.15630923211574554,0.303022563457489,0.5068979263305664,-0.03178723528981209,0.21262770891189575,3.1254611015319824,0.037203483283519745
1150,21.783777952194214,0.4869083762168884,0.15630923211574554,0.303022563457489,0.46170973777770996,0.01700938306748867,0.35657191276550293,3.1187331676483154,0.04332368075847626
1151,21.80839252471924,0.4869083762168884,0.15630923211574554,0.303022563457489,0.4274148941040039,0.05112761631608009,0.36998140811920166,3.1045594215393066,0.0472690723836422
1152,21.81781244277954,0.4869083762168884,0.15630923211574554,0.303022563457489,0.40516483783721924,0.07769500464200974,0.36783844232559204,3.09016752243042,0.049212194979190826
1153,21.844372749328613,0.4869083762168884,0.15630923211574554,0.303022563457489,0.3929669260978699,0.10141905397176743,0.38047367334365845,3.078442096710205,0.048570092767477036
1154,21.85450577735901,0.4869083762168884,0.15630923211574554,0.303022563457489,0.3868081271648407,0.12369497865438461,0.4123281240463257,3.0700910091400146,0.045457303524017334
1155,21.879730939865112,0.4869083762168884,0.15630923211574554,0.303022563457489,0.3855513036251068,0.1426781713962555,0.44308221340179443,3.0651748180389404,0.04164603725075722
1156,21.88927960395813,0.4869083762168884,0.15630923211574554,0.303022563457489,0.39028868079185486,0.1575392633676529,0.47611790895462036,3.0633749961853027,0.03880559280514717
1157,21.91444754600525,0.4869083762168884,0.15630923211574554,0.303022563457489,0.3991783857345581,0.17035804688930511,0.5155252814292908,3.064232110977173,0.03695640712976456
1158,21.92401695251465,0.4869083762168884,0.15630923211574554,0.303022563457489,0.40949109196662903,0.18591710925102234,0.5429741144180298,3.0673885345458984,0.03469095006585121
1159,21.948887586593628,0.4869083762168884,0.15630923211574554,0.303022563457489,0.4196839928627014,0.20899026095867157,0.5397982597351074,3.072073221206665,0.030467385426163673
1160,21.958848237991333,0.4869083762168884,0.15630923211574554,0.303022563457489,0.4275999963283539,0.23851735889911652,0.5138853788375854,3.077252149581909,0.02414148673415184
1161,21.98358154296875,0.4869083762168884,0.15630923211574554,0.303022563457489,0.4332863986492157,0.26820266246795654,0.4900294542312622,3.0827698707580566,0.017302365973591805
1162,21.99302840232849,0.4869083762168884,0.15630923211574554,0.303022563457489,0.4390605390071869,0.29651015996932983,0.4705026149749756,3.0886025428771973,0.012093666940927505
1163,22.0182683467865,0.4869083762168884,0.15630923211574554,0.303022563457489,0.44578394293785095,0.32926836609840393,0.44597604870796204,3.09251070022583,0.010588552802801132
1164,22.028118133544922,0.4869083762168884,0.15630923211574554,0.303022563457489,0.397790789604187,0.3954160511493683,0.45215263962745667,3.0902950763702393,0.01543128676712513
1165,22.053805589675903,0.4869083762168884,0.15630923211574554,0.303022563457489,0.41635367274284363,0.3459128737449646,0.4034886956214905,3.0826032161712646,0.019701257348060608
1166,22.06364870071411,0.4869083762168884,0.15630923211574554,0.303022563457489,0.4124019742012024,0.2980946898460388,0.46323955059051514,3.0796220302581787,0.029463771730661392
1167,22.08913254737854,0.4869083762168884,0.15630923211574554,0.303022563457489,0.41595950722694397,0.2520313560962677,0.344163715839386,3.085613489151001,0.03246182203292847
1168,22.09880042076111,0.4869083762168884,0.15630923211574554,0.303022563457489,0.4137413799762726,0.2239430546760559,0.30433887243270874,3.094696521759033,0.02676248736679554
1169,22.123844861984253,0.4869083762168884,0.15630923211574554,0.303022563457489,0.4076368808746338,0.2061316817998886,0.3022536635398865,3.1018736362457275,0.018974214792251587
1170,22.133955478668213,0.4869083762168884,0.15630923211574554,0.303022563457489,0.40372520685195923,0.18848417699337006,0.29360371828079224,3.106618881225586,0.012957395985722542
1171,22.159963369369507,0.4869083762168884,0.15630923211574554,0.303022563457489,0.4035671055316925,0.16837064921855927,0.2981768250465393,3.109734535217285,0.00920605007559061
1172,22.174365997314453,0.4869083762168884,0.15630923211574554,0.303022563457489,0.40766674280166626,0.1462136209011078,0.30837035179138184,3.111959934234619,0.006876396015286446
1173,22.20759081840515,0.4869083762168884,0.15630923211574554,0.303022563457489,0.41545870900154114,0.12298278510570526,0.3011026680469513,3.1132888793945312,0.004778914153575897
1174,22.21845269203186,0.4869083762168884,0.15630923211574554,0.303022563457489,0.42538267374038696,0.10009248554706573,0.3061032295227051,3.112865447998047,0.0027509338688105345
1175,22.24454355239868,0.4869083762168884,0.15630923211574554,0.303022563457489,0.43753787875175476,0.07921750843524933,0.3335808515548706,3.1097333431243896,0.0015073416288942099
1176,22.254950761795044,0.4869083762168884,0.15630923211574554,0.303022563457489,0.45360806584358215,0.061590906232595444,0.36819058656692505,3.103074789047241,0.0012358579551801085
1177,22.281285762786865,0.4869083762168884,0.15630923211574554,0.303022563457489,0.4747917354106903,0.04499240219593048,0.40922850370407104,3.093808174133301,0.00174057693220675
1178,22.2917582988739,0.4869083762168884,0.15630923211574554,0.303022563457489,0.4998205900192261,0.024804888293147087,0.45034486055374146,3.0855579376220703,0.003178845625370741
1179,22.317561864852905,0.4869083762168884,0.15630923211574554,0.303022563457489,0.5277575254440308,-0.0010562131647020578,0.45582056045532227,3.083264112472534,0.005456054583191872
1180,22.327790021896362,0.4869083762168884,0.15630923211574554,0.303022563457489,0.5525017976760864,-0.027693206444382668,0.4228667616844177,3.0903613567352295,0.009656167589128017
1181,22.352696418762207,0.4869083762168884,0.15630923211574554,0.303022563457489,0.570094883441925,-0.043077245354652405,0.20082157850265503,3.1064374446868896,0.01697908155620098
1182,22.362654209136963,0.4869083762168884,0.15630923211574554,0.303022563457489,0.5433561205863953,-0.029500514268875122,0.1386294662952423,3.1206560134887695,0.023864956572651863
1183,22.388438940048218,0.4869083762168884,0.15630923211574554,0.303022563457489,0.4994232654571533,0.01857803389430046,0.3208402395248413,3.1210134029388428,0.03269524127244949
1184,22.398168802261353,0.4869083762168884,0.15630923211574554,0.303022563457489,0.45859482884407043,0.056644994765520096,0.3682631254196167,3.1089208126068115,0.03943406045436859
1185,22.42328953742981,0.4869083762168884,0.15630923211574554,0.303022563457489,0.43020907044410706,0.08440982550382614,0.3688613176345825,3.0940170288085938,0.04338814690709114
1186,22.43307113647461,0.4869083762168884,0.15630923211574554,0.303022563457489,0.41308170557022095,0.10739891976118088,0.3722879886627197,3.0812184810638428,0.04460841044783592
1187,22.45890760421753,0.4869083762168884,0.15630923211574554,0.303022563457489,0.40355804562568665,0.12814445793628693,0.3908596634864807,3.072063446044922,0.04317779839038849
1188,22.46864151954651,0.4869083762168884,0.15630923211574554,0.303022563457489,0.39869794249534607,0.14588622748851776,0.4122195243835449,3.06679368019104,0.04069029539823532
1189,22.494099855422974,0.4869083762168884,0.15630923211574554,0.303022563457489,0.3994623124599457,0.15922018885612488,0.43105340003967285,3.065140962600708,0.03896678239107132
1190,22.503570079803467,0.4869083762168884,0.15630923211574554,0.303022563457489,0.4049084484577179,0.1697143167257309,0.4561067223548889,3.0666284561157227,0.0382201224565506
1191,22.52930998802185,0.4869083762168884,0.15630923211574554,0.303022563457489,0.41177651286125183,0.1826694756746292,0.47071534395217896,3.0706238746643066,0.03722532466053963
1192,22.539307832717896,0.4869083762168884,0.15630923211574554,0.303022563457489,0.41895148158073425,0.2032061368227005,0.4591291844844818,3.0760865211486816,0.03432121500372887
1193,22.564911365509033,0.4869083762168884,0.15630923211574554,0.303022563457489,0.42438963055610657,0.23170728981494904,0.4317708909511566,3.081575870513916,0.02897901087999344
1194,22.574320793151855,0.4869083762168884,0.15630923211574554,0.303022563457489,0.4270772635936737,0.26178717613220215,0.40302950143814087,3.086603879928589,0.022861359640955925
1195,22.598973274230957,0.4869083762168884,0.15630923211574554,0.303022563457489,0.4288215935230255,0.291520357131958,0.38606786727905273,3.0909512042999268,0.018689217045903206
1196,22.608439922332764,0.4869083762168884,0.15630923211574554,0.303022563457489,0.4304908215999603,0.3247426450252533,0.3771993815898895,3.092559814453125,0.01910822093486786
1197,22.633482217788696,0.4869083762168884,0.15630923211574554,0.303022563457489,0.42335614562034607,0.3497087359428406,0.6234554052352905,3.0884084701538086,0.01632448099553585
1198,22.643280029296875,0.7288123369216919,-0.017029214650392532,0.3481900691986084,0.39885151386260986,0.32533442974090576,0.7255023717880249,3.0938825607299805,0.014308515004813671
1199,22.670339822769165,0.7288123369216919,-0.017029214650392532,0.3481900691986084,0.39693430066108704,0.2893993556499481,0.5926461815834045,3.0988738536834717,0.022853950038552284
1200,22.68057608604431,0.7288123369216919,-0.017029214650392532,0.3481900691986084,0.40244898200035095,0.2501108944416046,0.438163161277771,3.099857807159424,0.02629338763654232
1201,22.706089735031128,0.7288123369216919,-0.017029214650392532,0.3481900691986084,0.40143728256225586,0.2119714766740799,0.43295449018478394,3.099595785140991,0.023379912599921227
1202,22.715851545333862,0.7288123369216919,-0.017029214650392532,0.3481900691986084,0.3962680697441101,0.17613258957862854,0.4629231095314026,3.1009676456451416,0.019789375364780426
1203,22.74192190170288,0.7288123369216919,-0.017029214650392532,0.3481900691986084,0.39389389753341675,0.14318056404590607,0.4442552328109741,3.1040687561035156,0.018202824518084526
1204,22.751466512680054,0.7288123369216919,-0.017029214650392532,0.3481900691986084,0.39684101939201355,0.11467080563306808,0.43888163566589355,3.1069459915161133,0.018476739525794983
1205,22.776400089263916,0.7288123369216919,-0.017029214650392532,0.3481900691986084,0.40488705039024353,0.0886647179722786,0.4558573067188263,3.1087136268615723,0.019701188430190086
1206,22.78603959083557,0.7288123369216919,-0.017029214650392532,0.3481900691986084,0.4165337383747101,0.06212397292256355,0.4660962224006653,3.110135793685913,0.020927583798766136
1207,22.811460971832275,0.7288123369216919,-0.017029214650392532,0.3481900691986084,0.43008700013160706,0.03448985889554024,0.461302250623703,3.1117711067199707,0.02185516245663166
1208,22.820855855941772,0.7288123369216919,-0.017029214650392532,0.3481900691986084,0.4455566704273224,0.006245254538953304,0.45599639415740967,3.1130073070526123,0.022648513317108154
1209,22.84763264656067,0.7288123369216919,-0.017029214650392532,0.3481900691986084,0.4637494385242462,-0.02230413816869259,0.462058961391449,3.1129279136657715,0.023405490443110466
1210,22.857340812683105,0.7288123369216919,-0.017029214650392532,0.3481900691986084,0.4857335090637207,-0.05122075974941254,0.47579553723335266,3.11128568649292,0.02388574741780758
1211,22.885133981704712,0.7288123369216919,-0.017029214650392532,0.3481900691986084,0.5119120478630066,-0.08033272624015808,0.49467146396636963,3.10840106010437,0.023747796192765236
1212,22.894963264465332,0.7288123369216919,-0.017029214650392532,0.3481900691986084,0.5411332249641418,-0.11181404441595078,0.5232394933700562,3.105381488800049,0.023485014215111732
1213,22.919654846191406,0.7288123369216919,-0.017029214650392532,0.3481900691986084,0.5723140835762024,-0.14785268902778625,0.5340390205383301,3.1043927669525146,0.024051781743764877
1214,22.929020166397095,0.7288123369216919,-0.017029214650392532,0.3481900691986084,0.6027979850769043,-0.18545988202095032,0.513780415058136,3.1080355644226074,0.026739083230495453
1215,22.954473733901978,0.7288123369216919,-0.017029214650392532,0.3481900691986084,0.6228622198104858,-0.2204403579235077,0.4529608190059662,3.1194190979003906,0.03499710187315941
1216,22.96387529373169,0.7288123369216919,-0.017029214650392532,0.3481900691986084,0.6378634572029114,-0.23142758011817932,0.23038209974765778,3.1375083923339844,0.048128291964530945
1217,22.988717794418335,0.7288123369216919,-0.017029214650392532,0.3481900691986084,0.6246452927589417,-0.17686492204666138,0.3258722722530365,-3.1415271759033203,0.049282997846603394
1218,22.99844527244568,0.7288123369216919,-0.017029214650392532,0.3481900691986084,0.5992175936698914,-0.13183198869228363,0.3884444832801819,3.130980968475342,0.04180552810430527
1219,23.02412176132202,0.7288123369216919,-0.017029214650392532,0.3481900691986084,0.5811948180198669,-0.10253453254699707,0.41830193996429443,3.1162683963775635,0.03365417569875717
1220,23.034409284591675,0.7288123369216919,-0.017029214650392532,0.3481900691986084,0.5787776112556458,-0.08276305347681046,0.44109004735946655,3.1033401489257812,0.027789657935500145
1221,23.061224222183228,0.7288123369216919,-0.017029214650392532,0.3481900691986084,0.5878885388374329,-0.06823794543743134,0.45953720808029175,3.0937085151672363,0.02330656349658966
1222,23.07106637954712,0.7288123369216919,-0.017029214650392532,0.3481900691986084,0.6020591855049133,-0.05628788098692894,0.4930894076824188,3.0873196125030518,0.019628362730145454
1223,23.096657037734985,0.7288123369216919,-0.017029214650392532,0.3481900691986084,0.6195890307426453,-0.046401917934417725,0.5365005731582642,3.084394693374634,0.016669882461428642
1224,23.106249570846558,0.7288123369216919,-0.017029214650392532,0.3481900691986084,0.6418304443359375,-0.03648741543292999,0.575364887714386,3.0854108333587646,0.01347009465098381
1225,23.132718324661255,0.7288123369216919,-0.017029214650392532,0.3481900691986084,0.6669755578041077,-0.022560957819223404,0.5775281190872192,3.09009051322937,0.009061827324330807
1226,23.142494201660156,0.7288123369216919,-0.017029214650392532,0.3481900691986084,0.6930035948753357,-0.003037047339603305,0.5280865430831909,3.097644090652466,0.003435480175539851
1227,23.17413067817688,0.7288123369216919,-0.017029214650392532,0.3481900691986084,0.7188507914543152,0.021013516932725906,0.4776173233985901,3.1064209938049316,-0.0031753729563206434
1228,23.190842628479004,0.7288123369216919,-0.017029214650392532,0.3481900691986084,0.743061900138855,0.04081355035305023,0.4950626492500305,3.1144168376922607,-0.009595726616680622
1229,23.220529079437256,0.7288123369216919,-0.017029214650392532,0.3481900691986084,0.7698597311973572,0.05257231742143631,0.5445286631584167,3.1203408241271973,-0.013612736947834492
1230,23.23066544532776,0.7288123369216919,-0.017029214650392532,0.3481900691986084,0.799074113368988,0.06452466547489166,0.6253355145454407,3.118689775466919,-0.011337974108755589
1231,23.256427764892578,0.7288123369216919,-0.017029214650392532,0.3481900691986084,0.8212305307388306,0.07748307287693024,0.7342346906661987,3.102553606033325,0.0016030040569603443
1232,23.266323804855347,0.7288123369216919,-0.017029214650392532,0.3481900691986084,0.7953607439994812,0.07972510159015656,0.7424749732017517,3.077113628387451,0.01325643714517355
1233,23.291934490203857,0.7288123369216919,-0.017029214650392532,0.3481900691986084,0.7441498637199402,0.04223443195223808,0.4952360987663269,3.0767836570739746,0.007353905122727156
1234,23.30163049697876,0.7288123369216919,-0.017029214650392532,0.3481900691986084,0.6878139972686768,0.014781579375267029,0.43143558502197266,3.0935401916503906,0.005703340284526348
1235,23.326796293258667,0.7288123369216919,-0.017029214650392532,0.3481900691986084,0.6590898633003235,0.0030658585019409657,0.3950813412666321,3.113039493560791,0.008586801588535309
1236,23.336761236190796,0.7288123369216919,-0.017029214650392532,0.3481900691986084,0.6523903608322144,-0.00019848719239234924,0.29899731278419495,3.127263069152832,0.009275580756366253
1237,23.36204481124878,0.7288123369216919,-0.017029214650392532,0.3481900691986084,0.6523836255073547,-0.0015986706130206585,0.2271891087293625,3.134700059890747,0.005755927879363298
1238,23.371668577194214,0.7288123369216919,-0.017029214650392532,0.3481900691986084,0.6486177444458008,-0.004266216419637203,0.2723213732242584,3.137031316757202,0.00199827435426414
1239,23.397608041763306,0.7288123369216919,-0.017029214650392532,0.3481900691986084,0.6455247402191162,-0.011228379793465137,0.3359222114086151,3.1366751194000244,0.0005200374289415777
1240,23.4072687625885,0.7288123369216919,-0.017029214650392532,0.3481900691986084,0.6476765275001526,-0.024129033088684082,0.34893232583999634,3.1348931789398193,-0.00032716523855924606
1241,23.432474851608276,0.7288123369216919,-0.017029214650392532,0.3481900691986084,0.6549733281135559,-0.04080628231167793,0.3649667501449585,3.131420135498047,-0.0021910571958869696
1242,23.442646026611328,0.7288123369216919,-0.017029214650392532,0.3481900691986084,0.6658039093017578,-0.05824142321944237,0.41187095642089844,3.1256651878356934,-0.004614899400621653
1243,23.468677520751953,0.7288123369216919,-0.017029214650392532,0.3481900691986084,0.6802334189414978,-0.07592698186635971,0.4459722340106964,3.1177892684936523,-0.006652915384620428
1244,23.47843098640442,0.7288123369216919,-0.017029214650392532,0.3481900691986084,0.6996069550514221,-0.09052412956953049,0.48680379986763,3.1069447994232178,-0.007834035903215408
1245,23.503814697265625,0.7288123369216919,-0.017029214650392532,0.3481900691986084,0.7247525453567505,-0.10310514271259308,0.5235131978988647,3.0936124324798584,-0.007730551529675722
1246,23.513504028320312,0.7288123369216919,-0.017029214650392532,0.3481900691986084,0.7546067833900452,-0.12216562777757645,0.5610799193382263,3.0837793350219727,-0.004589918069541454
1247,23.53831648826599,0.7288123369216919,-0.017029214650392532,0.3481900691986084,0.7864576578140259,-0.14953909814357758,0.5303705334663391,3.0863912105560303,0.0025790855288505554
1248,23.548048734664917,0.7288123369216919,-0.017029214650392532,0.3481900691986084,0.8124337792396545,-0.16959072649478912,0.30159762501716614,3.106313467025757,0.016064416617155075
1249,23.572750568389893,0.7288123369216919,-0.017029214650392532,0.3481900691986084,0.7751732468605042,-0.13456977903842926,0.28794050216674805,3.1203200817108154,0.02584875375032425
1250,23.582226276397705,0.7288123369216919,-0.017029214650392532,0.3481900691986084,0.7201265692710876,-0.084465891122818,0.43085694313049316,3.1151528358459473,0.03238599747419357
1251,23.610651969909668,0.7288123369216919,-0.017029214650392532,0.3481900691986084,0.6832926273345947,-0.05271044373512268,0.4365185499191284,3.0997819900512695,0.03562948480248451
1252,23.620209455490112,0.7288123369216919,-0.017029214650392532,0.3481900691986084,0.6621184349060059,-0.029077734798192978,0.4434341490268707,3.0829737186431885,0.036238495260477066
1253,23.64551329612732,0.7288123369216919,-0.017029214650392532,0.3481900691986084,0.6527963876724243,-0.010244036093354225,0.461561381816864,3.06831431388855,0.03411974012851715
1254,23.655421018600464,0.7288123369216919,-0.017029214650392532,0.3481900691986084,0.6492230296134949,0.004450902342796326,0.4897949993610382,3.0573642253875732,0.03006591647863388
1255,23.680420875549316,0.7288123369216919,-0.017029214650392532,0.3481900691986084,0.6481876373291016,0.014471415430307388,0.5157980918884277,3.0508971214294434,0.02641875110566616
1256,23.689924001693726,0.7288123369216919,-0.017029214650392532,0.3481900691986084,0.6512603759765625,0.01998959295451641,0.5470189452171326,3.048978567123413,0.024934209883213043
1257,23.714449405670166,0.7288123369216919,-0.017029214650392532,0.3481900691986084,0.6591038107872009,0.023655764758586884,0.5865464210510254,3.0518405437469482,0.025012822821736336
1258,23.7242169380188,0.7288123369216919,-0.017029214650392532,0.3481900691986084,0.6717054843902588,0.03276574984192848,0.5989892482757568,3.059173583984375,0.0242342296987772
1259,23.74986505508423,0.7288123369216919,-0.017029214650392532,0.3481900691986084,0.6876240968704224,0.05188610404729843,0.5513109564781189,3.0689826011657715,0.02072964236140251
1260,23.75933074951172,0.7288123369216919,-0.017029214650392532,0.3481900691986084,0.7048220038414001,0.07894326746463776,0.47572702169418335,3.07838773727417,0.01447609718888998
1261,23.78557777404785,0.7288123369216919,-0.017029214650392532,0.3481900691986084,0.7221807241439819,0.10516692698001862,0.44728872179985046,3.08524489402771,0.006811003666371107
1262,23.795770168304443,0.7288123369216919,-0.017029214650392532,0.3481900691986084,0.7388610243797302,0.12412863969802856,0.4561218023300171,3.08925461769104,0.0006225329707376659
1263,23.82515811920166,0.7288123369216919,-0.017029214650392532,0.3481900691986084,0.7591709494590759,0.1400427520275116,0.45086178183555603,3.088942289352417,-0.0008584260940551758
1264,23.836654663085938,0.7288123369216919,-0.017029214650392532,0.3481900691986084,0.7778429985046387,0.1622535139322281,0.4699493646621704,3.0787582397460938,0.007283100858330727
1265,23.86461853981018,0.7288123369216919,-0.017029214650392532,0.3481900691986084,0.7709934115409851,0.18171122670173645,0.7154510021209717,3.055426597595215,0.015555262565612793
1266,23.874419450759888,0.7288123369216919,-0.017029214650392532,0.3481900691986084,0.7229177951812744,0.14387044310569763,0.5905966758728027,3.0445802211761475,0.013841568492352962
1267,23.899367332458496,0.7288123369216919,-0.017029214650392532,0.3481900691986084,0.671751856803894,0.0980541929602623,0.47632014751434326,3.0506017208099365,0.015268664807081223
1268,23.908918142318726,0.7288123369216919,-0.017029214650392532,0.3481900691986084,0.6412661075592041,0.0675821527838707,0.4177926778793335,3.066046953201294,0.014006566256284714
1269,23.93335270881653,0.7288123369216919,-0.017029214650392532,0.3481900691986084,0.6259468197822571,0.05140548199415207,0.3639000356197357,3.081139326095581,0.010153105482459068
1270,23.943005323410034,0.7288123369216919,-0.017029214650392532,0.3481900691986084,0.6176950931549072,0.04204609990119934,0.3492927849292755,3.0902974605560303,0.005361640360206366
1271,23.967658758163452,0.7288123369216919,-0.017029214650392532,0.3481900691986084,0.6100139617919922,0.032446447759866714,0.38408029079437256,3.0936427116394043,0.001702188397757709
1272,23.977073192596436,0.7288123369216919,-0.017029214650392532,0.3481900691986084,0.6035338640213013,0.019308166578412056,0.4247336685657501,3.0940043926239014,-8.293241262435913e-05
1273,24.002164363861084,0.7288123369216919,-0.017029214650392532,0.3481900691986084,0.601002037525177,0.0009510742384009063,0.44221746921539307,3.0937488079071045,-0.001122433808632195
1274,24.01188373565674,0.7288123369216919,-0.017029214650392532,0.3481900691986084,0.60251384973526,-0.02106969989836216,0.44657543301582336,3.093126058578491,-0.0026095365174114704
1275,24.037086725234985,0.7288123369216919,-0.017029214650392532,0.3481900691986084,0.6067811250686646,-0.04399412125349045,0.4606288969516754,3.091146230697632,-0.004049569834023714
1276,24.04731297492981,0.7288123369216919,-0.017029214650392532,0.3481900691986084,0.6145079731941223,-0.06745374202728271,0.4857001304626465,3.0872137546539307,-0.004298608284443617
1277,24.07309913635254,0.7288123369216919,-0.017029214650392532,0.3481900691986084,0.6284047961235046,-0.08961445838212967,0.5261461138725281,3.080842971801758,-0.0032142263371497393
1278,24.08358883857727,0.7288123369216919,-0.017029214650392532,0.3481900691986084,0.6485563516616821,-0.11185462772846222,0.5831273794174194,3.072521209716797,-0.000783994619268924
1279,24.10861825942993,0.7288123369216919,-0.017029214650392532,0.3481900691986084,0.6724683046340942,-0.13902318477630615,0.63872230052948,3.0662732124328613,0.0041964431293308735
1280,24.11860227584839,0.7288123369216919,-0.017029214650392532,0.3481900691986084,0.7001564502716064,-0.17233377695083618,0.6453320980072021,3.068283796310425,0.012476406060159206
1281,24.143699407577515,0.7288123369216919,-0.017029214650392532,0.3481900691986084,0.7290888428688049,-0.19912749528884888,0.4481925070285797,3.0824005603790283,0.02507821097970009
1282,24.157585859298706,0.7288123369216919,-0.017029214650392532,0.3481900691986084,0.7390572428703308,-0.2042938619852066,0.14051911234855652,3.1009109020233154,0.03323998674750328
1283,24.18633723258972,0.7288123369216919,-0.017029214650392532,0.3481900691986084,0.706410825252533,-0.15357081592082977,0.29235708713531494,3.10942006111145,0.038344606757164
1284,24.198378324508667,0.7288123369216919,-0.017029214650392532,0.3481900691986084,0.6694414019584656,-0.10424168407917023,0.40450525283813477,3.102898597717285,0.04006025940179825
1285,24.222809076309204,0.7288123369216919,-0.017029214650392532,0.3481900691986084,0.6475639939308167,-0.07032499462366104,0.41306084394454956,3.090113401412964,0.037790603935718536
1286,24.23416256904602,0.7288123369216919,-0.017029214650392532,0.3481900691986084,0.6383952498435974,-0.0449926033616066,0.42709338665008545,3.076979160308838,0.0336206816136837
1287,24.26220417022705,0.7288123369216919,-0.017029214650392532,0.3481900691986084,0.6375793218612671,-0.02525852993130684,0.4449400305747986,3.06618595123291,0.029063934460282326
1288,24.274674654006958,0.7288123369216919,-0.017029214650392532,0.3481900691986084,0.6413570046424866,-0.009282339364290237,0.47709277272224426,3.0588812828063965,0.025220833718776703
1289,24.300338745117188,0.7288123369216919,-0.017029214650392532,0.3481900691986084,0.6490584015846252,0.0031199604272842407,0.5136532783508301,3.055887222290039,0.022734714671969414
1290,24.30998206138611,0.7288123369216919,-0.017029214650392532,0.3481900691986084,0.6612500548362732,0.014766668900847435,0.5423175096511841,3.058122158050537,0.02071177214384079
1291,24.33538293838501,0.7288123369216919,-0.017029214650392532,0.3481900691986084,0.676505446434021,0.03213224560022354,0.5269535779953003,3.065237045288086,0.017401069402694702
1292,24.345409631729126,0.7288123369216919,-0.017029214650392532,0.3481900691986084,0.692290723323822,0.05864974483847618,0.47663289308547974,3.0745139122009277,0.01201394572854042
1293,24.370407104492188,0.7288123369216919,-0.017029214650392532,0.3481900691986084,0.708259642124176,0.08863521367311478,0.45335790514945984,3.082341432571411,0.005171487107872963
1294,24.380199909210205,0.7288123369216919,-0.017029214650392532,0.3481900691986084,0.7240694165229797,0.11235024034976959,0.48038429021835327,3.087175130844116,-0.0011688190279528499
1295,24.40737819671631,0.7288123369216919,-0.017029214650392532,0.3481900691986084,0.7415168881416321,0.1295841634273529,0.5025519132614136,3.089085817337036,-0.004418837837874889
1296,24.41703224182129,0.7288123369216919,-0.017029214650392532,0.3481900691986084,0.7602493166923523,0.14917287230491638,0.5036481022834778,3.085794448852539,-0.0013073968002572656
1297,24.442417860031128,0.7288123369216919,-0.017029214650392532,0.3481900691986084,0.7456531524658203,0.18228654563426971,0.5447921752929688,3.0710489749908447,0.007415079046040773
1298,24.453198671340942,0.7288123369216919,-0.017029214650392532,0.3481900691986084,0.7085830569267273,0.14753255248069763,0.6017010807991028,3.057494878768921,0.009443099610507488
1299,24.479393482208252,0.7288123369216919,-0.017029214650392532,0.3481900691986084,0.6635841727256775,0.10053031891584396,0.4809149503707886,3.054877758026123,0.01651841029524803
1300,24.49024724960327,0.7288123369216919,-0.017029214650392532,0.3481900691986084,0.6314613819122314,0.06154797971248627,0.3856527805328369,3.0638601779937744,0.018560364842414856
1301,24.515564680099487,0.7288123369216919,-0.017029214650392532,0.3481900691986084,0.6115049719810486,0.03715047612786293,0.3377455174922943,3.076817274093628,0.014337600208818913
1302,24.52519130706787,0.7288123369216919,-0.017029214650392532,0.3481900691986084,0.5969526767730713,0.022143781185150146,0.31456243991851807,3.0878753662109375,0.0078236423432827
1303,24.55050277709961,0.7288123369216919,-0.017029214650392532,0.3481900691986084,0.5862075686454773,0.008895919658243656,0.31684228777885437,3.0946402549743652,0.0020518277306109667
1304,24.56034016609192,0.7288123369216919,-0.017029214650392532,0.3481900691986084,0.577822744846344,-0.006448351312428713,0.3362032473087311,3.0978894233703613,-0.0020346331875771284
1305,24.58636212348938,0.7288123369216919,-0.017029214650392532,0.3481900691986084,0.5720532536506653,-0.024867702275514603,0.36162078380584717,3.0992863178253174,-0.004567967262119055
1306,24.596078634262085,0.7288123369216919,-0.017029214650392532,0.3481900691986084,0.5704985857009888,-0.04666265472769737,0.3805505931377411,3.09981369972229,-0.006577049847692251
1307,24.621871948242188,0.7288123369216919,-0.017029214650392532,0.3481900691986084,0.5727543234825134,-0.07053423672914505,0.38967156410217285,3.09928035736084,-0.008957729674875736
1308,24.63222575187683,0.7288123369216919,-0.017029214650392532,0.3481900691986084,0.5774253010749817,-0.09478219598531723,0.40307188034057617,3.0969958305358887,-0.011214743368327618
1309,24.658482789993286,0.7288123369216919,-0.017029214650392532,0.3481900691986084,0.5852014422416687,-0.11848152428865433,0.4279386103153229,3.0924763679504395,-0.012275692075490952
1310,24.668119430541992,0.7288123369216919,-0.017029214650392532,0.3481900691986084,0.5975357294082642,-0.14068229496479034,0.45767104625701904,3.08547306060791,-0.011710954830050468
1311,24.693644523620605,0.7288123369216919,-0.017029214650392532,0.3481900691986084,0.6135590672492981,-0.16461944580078125,0.5146092176437378,3.0774636268615723,-0.008624657988548279
1312,24.7033793926239,0.7288123369216919,-0.017029214650392532,0.3481900691986084,0.6332123279571533,-0.19344042241573334,0.5664961338043213,3.072361946105957,-0.002193479798734188
1313,24.728838205337524,0.7288123369216919,-0.017029214650392532,0.3481900691986084,0.6588386297225952,-0.22699065506458282,0.5121223330497742,3.074939250946045,0.00788428820669651
1314,24.738627433776855,0.7288123369216919,-0.017029214650392532,0.3481900691986084,0.6899584531784058,-0.2541881501674652,0.30938613414764404,3.0858869552612305,0.014106144197285175
1315,24.76428246498108,0.7288123369216919,-0.017029214650392532,0.3481900691986084,0.6938273906707764,-0.2580104470252991,0.21019069850444794,3.1024742126464844,0.01794794388115406
1316,24.774676084518433,0.7288123369216919,-0.017029214650392532,0.3481900691986084,0.6752374172210693,-0.21603761613368988,0.2552570700645447,3.1126434803009033,0.023466162383556366
1317,24.799988269805908,0.7288123369216919,-0.017029214650392532,0.3481900691986084,0.6407978534698486,-0.15793782472610474,0.43156707286834717,3.1072115898132324,0.02653108537197113
1318,24.809577703475952,0.7288123369216919,-0.017029214650392532,0.3481900691986084,0.6199758648872375,-0.11966558545827866,0.4531242251396179,3.0938191413879395,0.025548920035362244
1319,24.835006952285767,0.7288123369216919,-0.017029214650392532,0.3481900691986084,0.6131114959716797,-0.0912608876824379,0.47507208585739136,3.0791401863098145,0.022588014602661133
1320,24.844646692276,0.7288123369216919,-0.017029214650392532,0.3481900691986084,0.6176624894142151,-0.06881064921617508,0.5127662420272827,3.065934658050537,0.018760185688734055
1321,24.870670318603516,0.7288123369216919,-0.017029214650392532,0.3481900691986084,0.6285972595214844,-0.05139343813061714,0.5616086721420288,3.055691957473755,0.014954858459532261
1322,24.88015627861023,0.7288123369216919,-0.017029214650392532,0.3481900691986084,0.6441734433174133,-0.039238642901182175,0.6248128414154053,3.049651622772217,0.01231254544109106
1323,24.90721845626831,0.7288123369216919,-0.017029214650392532,0.3481900691986084,0.6648416519165039,-0.031162939965724945,0.6875762939453125,3.0492191314697266,0.010692405514419079
1324,24.91677689552307,0.7288123369216919,-0.017029214650392532,0.3481900691986084,0.6893483996391296,-0.02165469340980053,0.7028408050537109,3.05505633354187,0.008526207879185677
1325,24.942394256591797,0.7288123369216919,-0.017029214650392532,0.3481900691986084,0.7130479216575623,-0.003830859437584877,0.6389894485473633,3.06616473197937,0.0047697038389742374
1326,24.95219349861145,0.7288123369216919,-0.017029214650392532,0.3481900691986084,0.7346814274787903,0.02371721714735031,0.569426417350769,3.079059600830078,-0.0006870107026770711
1327,24.97786045074463,0.7288123369216919,-0.017029214650392532,0.3481900691986084,0.7550885677337646,0.04697421193122864,0.5880793333053589,3.0900063514709473,-0.006946443580091
1328,24.98755979537964,0.7288123369216919,-0.017029214650392532,0.3481900691986084,0.7758461236953735,0.05801302194595337,0.6472024917602539,3.0979034900665283,-0.011479154229164124
1329,25.01294231414795,0.7288123369216919,-0.017029214650392532,0.3481900691986084,0.7980045080184937,0.06444869190454483,0.700553297996521,3.100832223892212,-0.01061303447932005
1330,25.02269458770752,0.7288123369216919,-0.017029214650392532,0.3481900691986084,0.8150516748428345,0.0766279324889183,0.7722436189651489,3.0932514667510986,0.0010323112364858389
1331,25.0521559715271,0.7288123369216919,-0.017029214650392532,0.3481900691986084,0.8009636998176575,0.08806996047496796,0.8943029642105103,3.0749497413635254,0.010693938471376896
1332,25.063450574874878,0.7288123369216919,-0.017029214650392532,0.3481900691986084,0.7408443093299866,0.05356390401721001,0.6261793375015259,3.0707595348358154,0.00507076270878315
1333,25.08870553970337,0.7288123369216919,-0.017029214650392532,0.3481900691986084,0.6737228631973267,0.017690010368824005,0.44597360491752625,3.076233386993408,0.005081553012132645
1334,25.09874701499939,0.7288123369216919,-0.017029214650392532,0.3481900691986084,0.6318368315696716,-0.005924830213189125,0.41460803151130676,3.0864171981811523,0.007441204506903887
1335,25.12406301498413,0.7288123369216919,-0.017029214650392532,0.3481900691986084,0.6132156252861023,-0.018667489290237427,0.3575775623321533,3.097186326980591,0.008032814599573612
1336,25.134248971939087,0.7288123369216919,-0.017029214650392532,0.3481900691986084,0.6059781908988953,-0.023851456120610237,0.3168349862098694,3.1044909954071045,0.005177806131541729
1337,25.15946674346924,0.7288123369216919,-0.017029214650392532,0.3481900691986084,0.5979042649269104,-0.028390934690833092,0.346040278673172,3.1068496704101562,0.0013142511015757918
1338,25.168765544891357,0.7288123369216919,-0.017029214650392532,0.3481900691986084,0.5884742140769958,-0.03635365143418312,0.401828408241272,3.105659008026123,-0.0009949123486876488
1339,25.19404125213623,0.7288123369216919,-0.017029214650392532,0.3481900691986084,0.5818116664886475,-0.05040780082345009,0.4265398681163788,3.1034560203552246,-0.002083349972963333
1340,25.20397663116455,0.7288123369216919,-0.017029214650392532,0.3481900691986084,0.5794822573661804,-0.06950399279594421,0.43227171897888184,3.1013994216918945,-0.0034429950173944235
1341,25.230127096176147,0.7288123369216919,-0.017029214650392532,0.3481900691986084,0.580783486366272,-0.09043065458536148,0.44409647583961487,3.0987000465393066,-0.005403419025242329
1342,25.239474534988403,0.7288123369216919,-0.017029214650392532,0.3481900691986084,0.5845751762390137,-0.11098591238260269,0.4698856770992279,3.094346284866333,-0.006733073387295008
1343,25.26602816581726,0.7288123369216919,-0.017029214650392532,0.3481900691986084,0.5921675562858582,-0.1316830962896347,0.5058469176292419,3.088099956512451,-0.00621361518278718
1344,25.27680230140686,0.7288123369216919,-0.017029214650392532,0.3481900691986084,0.6054461002349854,-0.15173771977424622,0.5565966367721558,3.0798680782318115,-0.0036077313125133514
1345,25.302831649780273,0.7288123369216919,-0.017029214650392532,0.3481900691986084,0.6231975555419922,-0.175063818693161,0.6261221170425415,3.071564197540283,0.0018632139544934034
1346,25.31307625770569,0.7288123369216919,-0.017029214650392532,0.3481900691986084,0.6455028057098389,-0.20505928993225098,0.6707960367202759,3.068263053894043,0.010932322591543198
1347,25.33900499343872,0.7288123369216919,-0.017029214650392532,0.3481900691986084,0.6815099120140076,-0.23099994659423828,0.48788678646087646,3.0740389823913574,0.02266194298863411
1348,25.352866888046265,0.7288123369216919,-0.017029214650392532,0.3481900691986084,0.7050084471702576,-0.2488323152065277,0.19005323946475983,3.0861778259277344,0.027396395802497864
1349,25.37826943397522,0.7288123369216919,-0.017029214650392532,0.3481900691986084,0.6985089182853699,-0.2291414588689804,0.1762879192829132,3.1005616188049316,0.03269899636507034
1350,25.38797092437744,0.7288123369216919,-0.017029214650392532,0.3481900691986084,0.6713930368423462,-0.17081615328788757,0.3583800494670868,3.1033051013946533,0.038142818957567215
1351,25.414973497390747,0.7288123369216919,-0.017029214650392532,0.3481900691986084,0.6453469395637512,-0.12066694349050522,0.4249081611633301,3.0937752723693848,0.03860306367278099
1352,25.42504048347473,0.7288123369216919,-0.017029214650392532,0.3481900691986084,0.6332064270973206,-0.08464030921459198,0.43296754360198975,3.0801007747650146,0.03496256843209267
1353,25.451425790786743,0.7288123369216919,-0.017029214650392532,0.3481900691986084,0.6336209774017334,-0.056434884667396545,0.4551336169242859,3.0669963359832764,0.029901878908276558
1354,25.462127208709717,0.7288123369216919,-0.017029214650392532,0.3481900691986084,0.6422324180603027,-0.033418383449316025,0.48821407556533813,3.056644916534424,0.02477210760116577
1355,25.48739790916443,0.7288123369216919,-0.017029214650392532,0.3481900691986084,0.6552683115005493,-0.014275440946221352,0.535689115524292,3.0504088401794434,0.02039511688053608
1356,25.497333765029907,0.7288123369216919,-0.017029214650392532,0.3481900691986084,0.6726388335227966,0.0019813389517366886,0.576378583908081,3.0497829914093018,0.016496827825903893
1357,25.522512435913086,0.7288123369216919,-0.017029214650392532,0.3481900691986084,0.6918851733207703,0.020848914980888367,0.5726746916770935,3.0552265644073486,0.01189909502863884
1358,25.532559871673584,0.7288123369216919,-0.017029214650392532,0.3481900691986084,0.709412157535553,0.047855619341135025,0.5352368950843811,3.0646767616271973,0.0060494099743664265
1359,25.55837345123291,0.7288123369216919,-0.017029214650392532,0.3481900691986084,0.7256678938865662,0.07871384173631668,0.531589925289154,3.0741827487945557,-0.0006607294199056923
1360,25.56848669052124,0.7288123369216919,-0.017029214650392532,0.3481900691986084,0.7423853874206543,0.10237447172403336,0.577465295791626,3.081265926361084,-0.006987291853874922
1361,25.59416913986206,0.7288123369216919,-0.017029214650392532,0.3481900691986084,0.760354220867157,0.11775703728199005,0.6195942163467407,3.0855801105499268,-0.010729726403951645
1362,25.603946685791016,0.7288123369216919,-0.017029214650392532,0.3481900691986084,0.7801092267036438,0.13519030809402466,0.6322770714759827,3.085500717163086,-0.008954104967415333
1363,25.62908124923706,0.7288123369216919,-0.017029214650392532,0.3481900691986084,0.764057993888855,0.1690502166748047,0.5808245539665222,3.074838161468506,-0.0025926779489964247
1364,25.638396978378296,0.7288123369216919,-0.017029214650392532,0.3481900691986084,0.7227314114570618,0.13641461730003357,0.6263135671615601,3.0635666847229004,-0.0037832302041351795
1365,25.66356635093689,0.7288123369216919,-0.017029214650392532,0.3481900691986084,0.6685657501220703,0.08825782686471939,0.5002216100692749,3.0602359771728516,0.002709857653826475
1366,25.673150777816772,0.7288123369216919,-0.017029214650392532,0.3481900691986084,0.629733681678772,0.04622914269566536,0.39132753014564514,3.0677084922790527,0.006931412033736706
1367,25.698800325393677,0.7288123369216919,-0.017029214650392532,0.3481900691986084,0.6074046492576599,0.020189644768834114,0.33738818764686584,3.07983660697937,0.005706899333745241
1368,25.708826065063477,0.7288123369216919,-0.017029214650392532,0.3481900691986084,0.594353973865509,0.006152024492621422,0.29743489623069763,3.0910983085632324,0.0012690172297880054
1369,25.735079765319824,0.7288123369216919,-0.017029214650392532,0.3481900691986084,0.5858777165412903,-0.0037344619631767273,0.2943672239780426,3.098587989807129,-0.0036218021996319294
1370,25.744678258895874,0.7288123369216919,-0.017029214650392532,0.3481900691986084,0.5792174339294434,-0.015257701277732849,0.31040000915527344,3.1024281978607178,-0.007461360190063715
1371,25.77120614051819,0.7288123369216919,-0.017029214650392532,0.3481900691986084,0.5741257071495056,-0.030320925638079643,0.334542453289032,3.1041345596313477,-0.009759507142007351
1372,25.780741214752197,0.7288123369216919,-0.017029214650392532,0.3481900691986084,0.5727474689483643,-0.049464426934719086,0.35606488585472107,3.10487699508667,-0.011191095225512981
1373,25.80661702156067,0.7288123369216919,-0.017029214650392532,0.3481900691986084,0.5756701827049255,-0.07142173498868942,0.3717423379421234,3.104759693145752,-0.012858523055911064
1374,25.81688380241394,0.7288123369216919,-0.017029214650392532,0.3481900691986084,0.5818750262260437,-0.09440501034259796,0.38199204206466675,3.1031453609466553,-0.01506729330867529
1375,25.842072010040283,0.7288123369216919,-0.017029214650392532,0.3481900691986084,0.5903185606002808,-0.11675916612148285,0.40143540501594543,3.099363327026367,-0.016860326752066612
1376,25.851890802383423,0.7288123369216919,-0.017029214650392532,0.3481900691986084,0.6027510762214661,-0.1373177468776703,0.42698660492897034,3.092843770980835,-0.017444318160414696
1377,25.87763214111328,0.7288123369216919,-0.017029214650392532,0.3481900691986084,0.6194575428962708,-0.15701358020305634,0.46680358052253723,3.0839462280273438,-0.016309399157762527
1378,25.88712453842163,0.7288123369216919,-0.017029214650392532,0.3481900691986084,0.6388248801231384,-0.17962287366390228,0.5296499729156494,3.0756754875183105,-0.012110641226172447
1379,25.912190675735474,0.7288123369216919,-0.017029214650392532,0.3481900691986084,0.661601722240448,-0.2092091143131256,0.5572630763053894,3.0731656551361084,-0.004399181343615055
1380,25.921512603759766,0.7288123369216919,-0.017029214650392532,0.3481900691986084,0.6953606605529785,-0.2361774742603302,0.4120364189147949,3.079460620880127,0.005462018772959709
1381,25.946852922439575,0.7288123369216919,-0.017029214650392532,0.3481900691986084,0.7068409323692322,-0.25378355383872986,0.19803883135318756,3.0924417972564697,0.009346727281808853
1382,25.956961154937744,0.7288123369216919,-0.017029214650392532,0.3481900691986084,0.693300724029541,-0.2301555573940277,0.19022899866104126,3.106295108795166,0.015317781828343868
1383,25.982459783554077,0.7288123369216919,-0.017029214650392532,0.3481900691986084,0.6637910008430481,-0.1727323979139328,0.36699891090393066,3.1074483394622803,0.020978199318051338
1384,25.99258852005005,0.7288123369216919,-0.017029214650392532,0.3481900691986084,0.6379814147949219,-0.12701396644115448,0.41713806986808777,3.0973315238952637,0.022113505750894547
1385,26.01800847053528,0.7288123369216919,-0.017029214650392532,0.3481900691986084,0.6248170137405396,-0.09448965638875961,0.4242520332336426,3.0835020542144775,0.020093873143196106
1386,26.027372360229492,0.7288123369216919,-0.017029214650392532,0.3481900691986084,0.6237430572509766,-0.06968110054731369,0.44755929708480835,3.0702097415924072,0.01697237603366375
1387,26.052902221679688,0.7288123369216919,-0.017029214650392532,0.3481900691986084,0.6304956078529358,-0.05053339898586273,0.4765150845050812,3.059661388397217,0.013714902102947235
1388,26.062223196029663,0.7288123369216919,-0.017029214650392532,0.3481900691986084,0.64205402135849,-0.03561188653111458,0.5185254216194153,3.0529532432556152,0.011264783330261707
1389,26.087035179138184,0.7288123369216919,-0.017029214650392532,0.3481900691986084,0.6580289602279663,-0.02441992610692978,0.5647831559181213,3.0510098934173584,0.01006491482257843
1390,26.096924304962158,0.7288123369216919,-0.017029214650392532,0.3481900691986084,0.679713249206543,-0.013452681712806225,0.5997024178504944,3.054452419281006,0.008836240507662296
1391,26.121925830841064,0.7288123369216919,-0.017029214650392532,0.3481900691986084,0.7039444446563721,0.003011463675647974,0.5778729915618896,3.062711238861084,0.006001634988933802
1392,26.131505012512207,0.7288123369216919,-0.017029214650392532,0.3481900691986084,0.7275808453559875,0.028564633801579475,0.50971519947052,3.0737342834472656,0.0011129635386168957
1393,26.163517475128174,0.7288123369216919,-0.017029214650392532,0.3481900691986084,0.749222457408905,0.057908497750759125,0.48315998911857605,3.0841753482818604,-0.005080556031316519
1394,26.178314685821533,0.7288123369216919,-0.017029214650392532,0.3481900691986084,0.7699669003486633,0.0786365196108818,0.5352450609207153,3.0918197631835938,-0.010663739405572414
1395,26.203533411026,0.7288123369216919,-0.017029214650392532,0.3481900691986084,0.7923641800880432,0.08953902125358582,0.5872398018836975,3.0966854095458984,-0.012904484756290913
1396,26.21400737762451,0.7288123369216919,-0.017029214650392532,0.3481900691986084,0.8155341744422913,0.10223773121833801,0.6325011849403381,3.0949530601501465,-0.00766023388132453
1397,26.241419315338135,0.7288123369216919,-0.017029214650392532,0.3481900691986084,0.7818076610565186,0.14471600949764252,0.38110923767089844,3.079787015914917,0.008336487226188183
1398,26.252310514450073,0.7288123369216919,-0.017029214650392532,0.3481900691986084,0.7645056843757629,0.101131372153759,0.45737048983573914,3.057248830795288,0.016833648085594177
1399,26.280396938323975,0.7288123369216919,-0.017029214650392532,0.3481900691986084,0.7146922945976257,0.05941552668809891,0.3670896589756012,3.052067518234253,0.02033207006752491
1400,26.290837049484253,0.7288123369216919,-0.017029214650392532,0.3481900691986084,0.6727585196495056,0.0351109579205513,0.30917879939079285,3.0635390281677246,0.01882122829556465
1401,26.316042184829712,0.7288123369216919,-0.017029214650392532,0.3481900691986084,0.6493878960609436,0.029244381934404373,0.2960822284221649,3.079207181930542,0.014307948760688305
1402,26.325740575790405,0.7288123369216919,-0.017029214650392532,0.3481900691986084,0.6344776153564453,0.02983693964779377,0.27723589539527893,3.092540979385376,0.009387246333062649
1403,26.354307413101196,0.7288123369216919,-0.017029214650392532,0.3481900691986084,0.6245913505554199,0.028604360297322273,0.25723302364349365,3.102478504180908,0.004595504142343998
1404,26.364152669906616,0.7288123369216919,-0.017029214650392532,0.3481900691986084,0.6184635758399963,0.02387024648487568,0.23182232677936554,3.1101882457733154,-0.0007060869829729199
1405,26.389576196670532,0.7288123369216919,-0.017029214650392532,0.3481900691986084,0.6134138107299805,0.016446983441710472,0.2284257858991623,3.1166598796844482,-0.005585509352385998
1406,26.398984670639038,0.7288123369216919,-0.017029214650392532,0.3481900691986084,0.6097308397293091,0.006648154463618994,0.24723683297634125,3.122140407562256,-0.008714416064321995
1407,26.424526691436768,0.7288123369216919,-0.017029214650392532,0.3481900691986084,0.6107828617095947,-0.0057242391631007195,0.26077011227607727,3.1258010864257812,-0.010662545450031757
1408,26.43379497528076,0.7288123369216919,-0.017029214650392532,0.3481900691986084,0.6172630190849304,-0.01947014220058918,0.28125718235969543,3.126511335372925,-0.01264981273561716
1409,26.45934772491455,0.7288123369216919,-0.017029214650392532,0.3481900691986084,0.6276718974113464,-0.03391353785991669,0.31952613592147827,3.1238291263580322,-0.014696045778691769
1410,26.469239234924316,0.7288123369216919,-0.017029214650392532,0.3481900691986084,0.6421357989311218,-0.05000601336359978,0.35381782054901123,3.1184606552124023,-0.01632275991141796
1411,26.494488954544067,0.7288123369216919,-0.017029214650392532,0.3481900691986084,0.6622977256774902,-0.06584993749856949,0.3898407220840454,3.1109871864318848,-0.017548568546772003
1412,26.504339456558228,0.7288123369216919,-0.017029214650392532,0.3481900691986084,0.6886683702468872,-0.07949988543987274,0.4278879165649414,3.1010708808898926,-0.01861393079161644
1413,26.52972650527954,0.7288123369216919,-0.017029214650392532,0.3481900691986084,0.7209892272949219,-0.09555396437644958,0.4690369665622711,3.0911929607391357,-0.018644411116838455
1414,26.539325714111328,0.7288123369216919,-0.017029214650392532,0.3481900691986084,0.7560791373252869,-0.11793195456266403,0.4673476219177246,3.088412046432495,-0.01627870462834835
1415,26.56463384628296,0.7288123369216919,-0.017029214650392532,0.3481900691986084,0.7792114019393921,-0.1406775712966919,0.4012449085712433,3.0998735427856445,-0.008778206072747707
1416,26.576004028320312,0.7288123369216919,-0.017029214650392532,0.3481900691986084,0.7801242470741272,-0.14028768241405487,0.2344067394733429,3.123302459716797,0.006892820354551077
1417,26.607932806015015,0.7288123369216919,-0.017029214650392532,0.3481900691986084,0.738065779209137,-0.08735039830207825,0.4296461045742035,3.1285250186920166,0.015074492432177067
1418,26.619869470596313,0.7288123369216919,-0.017029214650392532,0.3481900691986084,0.69605952501297,-0.05118484050035477,0.4683513343334198,3.1156768798828125,0.018249887973070145
1419,26.64990234375,0.7288123369216919,-0.017029214650392532,0.3481900691986084,0.6711163520812988,-0.0269783902913332,0.48074522614479065,3.0978825092315674,0.01952206902205944
1420,26.66087293624878,0.7288123369216919,-0.017029214650392532,0.3481900691986084,0.6618969440460205,-0.009636113420128822,0.5000689029693604,3.081294536590576,0.01923559047281742
1421,26.686149835586548,0.7288123369216919,-0.017029214650392532,0.3481900691986084,0.6620256900787354,0.00047496845945715904,0.5158504247665405,3.0684285163879395,0.017768943682312965
1422,26.69586992263794,0.7288123369216919,-0.017029214650392532,0.3481900691986084,0.6660351753234863,0.00443212641403079,0.5391300320625305,3.0603573322296143,0.016806241124868393
1423,26.72105574607849,0.7288123369216919,-0.017029214650392532,0.3481900691986084,0.6731327772140503,0.003493523458018899,0.5773133635520935,3.0574958324432373,0.01762567088007927
1424,26.730730295181274,0.7288123369216919,-0.017029214650392532,0.3481900691986084,0.6833322048187256,0.001890428364276886,0.6217302680015564,3.060415506362915,0.019378092139959335
1425,26.75691318511963,0.7288123369216919,-0.017029214650392532,0.3481900691986084,0.6973506808280945,0.00788525864481926,0.6215193867683411,3.068398952484131,0.019665246829390526
1426,26.766884088516235,0.7288123369216919,-0.017029214650392532,0.3481900691986084,0.7142866253852844,0.024401579052209854,0.550994336605072,3.078993082046509,0.01700020208954811
1427,26.796573400497437,0.7288123369216919,-0.017029214650392532,0.3481900691986084,0.7330418825149536,0.04922320693731308,0.4577903747558594,3.089190721511841,0.011446960270404816
1428,26.806776762008667,0.7288123369216919,-0.017029214650392532,0.3481900691986084,0.7516449093818665,0.07213014364242554,0.4270035922527313,3.096698522567749,0.004293331876397133
1429,26.832419633865356,0.7288123369216919,-0.017029214650392532,0.3481900691986084,0.7693938612937927,0.0863407626748085,0.4416106343269348,3.100659132003784,-0.0011407585116103292
1430,26.842698097229004,0.7288123369216919,-0.017029214650392532,0.3481900691986084,0.7882054448127747,0.09806881844997406,0.4602784216403961,3.0974607467651367,7.471581193385646e-05
1431,26.868797063827515,0.7288123369216919,-0.017029214650392532,0.3481900691986084,0.8021987676620483,0.11473190784454346,0.516198992729187,3.0802290439605713,0.013722247444093227
1432,26.878349542617798,0.7288123369216919,-0.017029214650392532,0.3481900691986084,0.7805936932563782,0.11819879710674286,0.7950100302696228,3.0534746646881104,0.01878306083381176
1433,26.90323257446289,0.7288123369216919,-0.017029214650392532,0.3481900691986084,0.7257485389709473,0.0758463516831398,0.5813530087471008,3.047694206237793,0.013325252570211887
1434,26.913296461105347,0.7288123369216919,-0.017029214650392532,0.3481900691986084,0.6699247360229492,0.038744617253541946,0.4502052664756775,3.059232234954834,0.012030698359012604
1435,26.938803911209106,0.7288123369216919,-0.017029214650392532,0.3481900691986084,0.6395136117935181,0.018146511167287827,0.3990553319454193,3.0759942531585693,0.01132970955222845
1436,26.94806671142578,0.7288123369216919,-0.017029214650392532,0.3481900691986084,0.6263346672058105,0.008417399600148201,0.34502914547920227,3.088496208190918,0.008531345054507256
1437,26.973140001296997,0.7288123369216919,-0.017029214650392532,0.3481900691986084,0.6172003149986267,0.000862546032294631,0.3406848907470703,3.0936355590820312,0.00426014419645071
1438,26.983043909072876,0.7288123369216919,-0.017029214650392532,0.3481900691986084,0.6065648198127747,-0.009149332530796528,0.40012457966804504,3.093676805496216,0.0010438858298584819
1439,27.00805115699768,0.7288123369216919,-0.017029214650392532,0.3481900691986084,0.5980350375175476,-0.023826222866773605,0.44090136885643005,3.0920352935791016,-0.0007705693133175373
1440,27.017430305480957,0.7288123369216919,-0.017029214650392532,0.3481900691986084,0.5935413837432861,-0.043905019760131836,0.44928210973739624,3.090444326400757,-0.0026655744295567274
1441,27.04245686531067,0.7288123369216919,-0.017029214650392532,0.3481900691986084,0.5921805500984192,-0.06681917607784271,0.45589733123779297,3.0884034633636475,-0.005106060765683651
1442,27.051921367645264,0.7288123369216919,-0.017029214650392532,0.3481900691986084,0.5932134389877319,-0.08994496613740921,0.4789905846118927,3.084825277328491,-0.006747173611074686
1443,27.07674503326416,0.7288123369216919,-0.017029214650392532,0.3481900691986084,0.5982662439346313,-0.11338972300291061,0.5176568031311035,3.0793373584747314,-0.006241614930331707
1444,27.086146354675293,0.7288123369216919,-0.017029214650392532,0.3481900691986084,0.6093460917472839,-0.13685686886310577,0.571568489074707,3.071884870529175,-0.003316278103739023
1445,27.111502408981323,0.7288123369216919,-0.017029214650392532,0.3481900691986084,0.6254278421401978,-0.1641409546136856,0.643957793712616,3.0644373893737793,0.002632339019328356
1446,27.121689796447754,0.7288123369216919,-0.017029214650392532,0.3481900691986084,0.6461304426193237,-0.19740386307239532,0.6872886419296265,3.0619022846221924,0.012100987136363983
1447,27.147668838500977,0.7288123369216919,-0.017029214650392532,0.3481900691986084,0.6800379157066345,-0.2264837771654129,0.5129486918449402,3.0683302879333496,0.024226315319538116
1448,27.15717387199402,0.7288123369216919,-0.017029214650392532,0.3481900691986084,0.7066552042961121,-0.24907925724983215,0.2220483422279358,3.0810422897338867,0.029101967811584473
1449,27.183048725128174,0.7288123369216919,-0.017029214650392532,0.3481900691986084,0.7042239904403687,-0.2378503680229187,0.1777895838022232,3.097271680831909,0.03345483914017677
1450,27.19286346435547,0.7288123369216919,-0.017029214650392532,0.3481900691986084,0.679688572883606,-0.18282446265220642,0.3379775285720825,3.1032161712646484,0.0380580797791481
1451,27.222843647003174,0.7288123369216919,-0.017029214650392532,0.3481900691986084,0.6529632210731506,-0.13094693422317505,0.41852012276649475,3.0958385467529297,0.037775732576847076
1452,27.23687434196472,0.7288123369216919,-0.017029214650392532,0.3481900691986084,0.6392124891281128,-0.0941682681441307,0.4251546263694763,3.083116054534912,0.033233143389225006
1453,27.262951135635376,0.7288123369216919,-0.017029214650392532,0.3481900691986084,0.6377557516098022,-0.06628035008907318,0.44444385170936584,3.070383310317993,0.027690673246979713
1454,27.27411961555481,0.7288123369216919,-0.017029214650392532,0.3481900691986084,0.6448779106140137,-0.04363872855901718,0.475423663854599,3.0601041316986084,0.022659236565232277
1455,27.300225496292114,0.7288123369216919,-0.017029214650392532,0.3481900691986084,0.6571908593177795,-0.024441206827759743,0.5230063199996948,3.0536420345306396,0.018570411950349808
1456,27.310700178146362,0.7288123369216919,-0.017029214650392532,0.3481900691986084,0.6743036508560181,-0.007866304367780685,0.5641679763793945,3.0524637699127197,0.01483321562409401
1457,27.3378803730011,0.7288123369216919,-0.017029214650392532,0.3481900691986084,0.6936297416687012,0.010620255023241043,0.5619887113571167,3.0571508407592773,0.010285279713571072
1458,27.34817147254944,0.7288123369216919,-0.017029214650392532,0.3481900691986084,0.7115104794502258,0.036414243280887604,0.5259296894073486,3.065985679626465,0.004500824958086014
1459,27.37394118309021,0.7288123369216919,-0.017029214650392532,0.3481900691986084,0.728032648563385,0.06621649116277695,0.5204012393951416,3.075319766998291,-0.0020624895114451647
1460,27.384819746017456,0.7288123369216919,-0.017029214650392532,0.3481900691986084,0.7450090646743774,0.08950681239366531,0.5662103891372681,3.0826303958892822,-0.008236609399318695
1461,27.410735845565796,0.7288123369216919,-0.017029214650392532,0.3481900691986084,0.763157844543457,0.10462967306375504,0.6105608344078064,3.0873470306396484,-0.011861806735396385
1462,27.420602083206177,0.7288123369216919,-0.017029214650392532,0.3481900691986084,0.7833271026611328,0.12093576043844223,0.6267454624176025,3.087651014328003,-0.010091196745634079
1463,27.446641445159912,0.7288123369216919,-0.017029214650392532,0.3481900691986084,0.7529051899909973,0.16861698031425476,0.3649250566959381,3.0781705379486084,0.00039920012932270765
1464,27.456971883773804,0.7288123369216919,-0.017029214650392532,0.3481900691986084,0.7352738380432129,0.12484357506036758,0.4703514873981476,3.0605862140655518,0.005086660850793123
1465,27.482502937316895,0.7288123369216919,-0.017029214650392532,0.3481900691986084,0.6835061311721802,0.07644567638635635,0.48539480566978455,3.0519304275512695,0.011720011942088604
1466,27.492875337600708,0.7288123369216919,-0.017029214650392532,0.3481900691986084,0.6438842415809631,0.03792679309844971,0.35077962279319763,3.057497262954712,0.014973777346313
1467,27.518819093704224,0.7288123369216919,-0.017029214650392532,0.3481900691986084,0.6215985417366028,0.02066950872540474,0.31024932861328125,3.0690741539001465,0.011122881434857845
1468,27.528748512268066,0.7288123369216919,-0.017029214650392532,0.3481900691986084,0.6058275699615479,0.014072670601308346,0.28125739097595215,3.080960750579834,0.00411223853006959
1469,27.553967237472534,0.7288123369216919,-0.017029214650392532,0.3481900691986084,0.5932360291481018,0.007628296501934528,0.26430004835128784,3.0909392833709717,-0.0027255683671683073
1470,27.56363010406494,0.7288123369216919,-0.017029214650392532,0.3481900691986084,0.5847374200820923,-0.0023163040168583393,0.24695643782615662,3.0987298488616943,-0.00914035364985466
1471,27.588783502578735,0.7288123369216919,-0.017029214650392532,0.3481900691986084,0.5781525373458862,-0.015659255906939507,0.24316222965717316,3.1047003269195557,-0.015042762272059917
1472,27.598167181015015,0.7288123369216919,-0.017029214650392532,0.3481900691986084,0.5729435682296753,-0.0319826602935791,0.2623424530029297,3.1092641353607178,-0.019722700119018555
1473,27.623311758041382,0.7288123369216919,-0.017029214650392532,0.3481900691986084,0.5716243386268616,-0.05129600688815117,0.2819698452949524,3.1122753620147705,-0.02365310862660408
1474,27.634742975234985,0.7288123369216919,-0.017029214650392532,0.3481900691986084,0.5748189687728882,-0.07236609607934952,0.2976949214935303,3.112820625305176,-0.027958177030086517
1475,27.666166067123413,0.7288123369216919,-0.017029214650392532,0.3481900691986084,0.5808423757553101,-0.09347055852413177,0.3173694908618927,3.1103904247283936,-0.032499153167009354
1476,27.677903175354004,0.7288123369216919,-0.017029214650392532,0.3481900691986084,0.5892467498779297,-0.115125373005867,0.33826425671577454,3.105360746383667,-0.03616684675216675
1477,27.708325147628784,0.7288123369216919,-0.017029214650392532,0.3481900691986084,0.6024667620658875,-0.13630743324756622,0.3599591851234436,3.0980477333068848,-0.03858369216322899
1478,27.71813464164734,0.7288123369216919,-0.017029214650392532,0.3481900691986084,0.6198895573616028,-0.15728892385959625,0.3930996358394623,3.0890510082244873,-0.039342064410448074
1479,27.744240283966064,0.7288123369216919,-0.017029214650392532,0.3481900691986084,0.6405927538871765,-0.18112605810165405,0.4391457140445709,3.081122398376465,-0.03705107420682907
1480,27.75391435623169,0.7288123369216919,-0.017029214650392532,0.3481900691986084,0.6637527942657471,-0.2094399482011795,0.4693639874458313,3.079145908355713,-0.030516650527715683
1481,27.779502630233765,0.7288123369216919,-0.017029214650392532,0.3481900691986084,0.6924894452095032,-0.23359689116477966,0.3311075270175934,3.0868687629699707,-0.019465669989585876
1482,27.789129734039307,0.7288123369216919,-0.017029214650392532,0.3481900691986084,0.6947312355041504,-0.2397335320711136,0.19034558534622192,3.100588083267212,-0.012119644321501255
1483,27.814199686050415,0.7288123369216919,-0.017029214650392532,0.3481900691986084,0.6711700558662415,-0.1932760626077652,0.29583996534347534,3.1085362434387207,-0.004448177758604288
1484,27.823595762252808,0.7288123369216919,-0.017029214650392532,0.3481900691986084,0.6405325531959534,-0.1398613452911377,0.4188569486141205,3.102452039718628,9.255851909983903e-05
1485,27.8489191532135,0.7288123369216919,-0.017029214650392532,0.3481900691986084,0.6238171458244324,-0.1036355271935463,0.4192648231983185,3.089827537536621,0.00010556539200479165
1486,27.861788749694824,0.7288123369216919,-0.017029214650392532,0.3481900691986084,0.6190961599349976,-0.07748235017061234,0.4270803928375244,3.076580047607422,-0.0015793429920449853
1487,27.8894624710083,0.7288123369216919,-0.017029214650392532,0.3481900691986084,0.6228093504905701,-0.05774035304784775,0.4472692906856537,3.0655899047851562,-0.0030506146140396595
1488,27.899369955062866,0.7288123369216919,-0.017029214650392532,0.3481900691986084,0.6320229172706604,-0.04202832281589508,0.4840054214000702,3.0581796169281006,-0.0035006508696824312
1489,27.925089359283447,0.7288123369216919,-0.017029214650392532,0.3481900691986084,0.6462514996528625,-0.03002706728875637,0.525054931640625,3.0552656650543213,-0.0028087543323636055
1490,27.934621334075928,0.7288123369216919,-0.017029214650392532,0.3481900691986084,0.6663805246353149,-0.018818367272615433,0.5579386353492737,3.057626724243164,-0.0023447389248758554
1491,27.960740089416504,0.7288123369216919,-0.017029214650392532,0.3481900691986084,0.68971186876297,-0.00276805367320776,0.5434441566467285,3.0647199153900146,-0.0037318929098546505
1492,27.974357843399048,0.7288123369216919,-0.017029214650392532,0.3481900691986084,0.7129196524620056,0.021113598719239235,0.4810895621776581,3.0746493339538574,-0.007270864676684141
1493,28.00085139274597,0.7288123369216919,-0.017029214650392532,0.3481900691986084,0.7351507544517517,0.0500081405043602,0.4449290633201599,3.0842978954315186,-0.012226984836161137
1494,28.010903120040894,0.7288123369216919,-0.017029214650392532,0.3481900691986084,0.7566920518875122,0.07296179234981537,0.48194923996925354,3.0913467407226562,-0.01689077727496624
1495,28.036522388458252,0.7288123369216919,-0.017029214650392532,0.3481900691986084,0.779861569404602,0.08689308166503906,0.5241701602935791,3.095500946044922,-0.01859317347407341
1496,28.046178579330444,0.7288123369216919,-0.017029214650392532,0.3481900691986084,0.8052955865859985,0.10045818984508514,0.5468146204948425,3.093592405319214,-0.013740661554038525
1497,28.07222580909729,0.7288123369216919,-0.017029214650392532,0.3481900691986084,0.7723032236099243,0.14309664070606232,0.34066158533096313,3.0780060291290283,0.0016436836449429393
1498,28.082425594329834,0.7288123369216919,-0.017029214650392532,0.3481900691986084,0.7563008666038513,0.10418036580085754,0.4051406681537628,3.053556442260742,0.011826341971755028
1499,28.109275341033936,0.7288123369216919,-0.017029214650392532,0.3481900691986084,0.7095939517021179,0.06476400047540665,0.38429367542266846,3.0458924770355225,0.01768815703690052
1500,28.12185788154602,0.7288123369216919,-0.017029214650392532,0.3481900691986084,0.6686919331550598,0.03932005539536476,0.3330000042915344,3.056509017944336,0.017310554161667824
1501,28.165604829788208,0.7288123369216919,-0.017029214650392532,0.3481900691986084,0.6442654728889465,0.03149581328034401,0.3161495327949524,3.0724644660949707,0.013247321359813213
1502,28.182894945144653,0.7288123369216919,-0.017029214650392532,0.3481900691986084,0.6283929347991943,0.0305789764970541,0.29318946599960327,3.0865421295166016,0.008582599461078644
1503,28.212533473968506,0.7288123369216919,-0.017029214650392532,0.3481900691986084,0.6180946230888367,0.02835312858223915,0.270031213760376,3.097175121307373,0.0039125164039433
1504,28.22237467765808,0.7288123369216919,-0.017029214650392532,0.3481900691986084,0.6115900278091431,0.023129040375351906,0.2455449402332306,3.105210781097412,-0.0012803516583517194
1505,28.249014139175415,0.7288123369216919,-0.017029214650392532,0.3481900691986084,0.6058213710784912,0.015309305861592293,0.24902765452861786,3.1116631031036377,-0.005883799400180578
1506,28.266389846801758,0.7288123369216919,-0.017029214650392532,0.3481900691986084,0.6016327142715454,0.004957605618983507,0.2721857726573944,3.1170573234558105,-0.008672952651977539
1507,28.313818216323853,0.7288123369216919,-0.017029214650392532,0.3481900691986084,0.6022482514381409,-0.008147217333316803,0.28548744320869446,3.120842218399048,-0.010370503179728985
1508,28.338833570480347,0.7288123369216919,-0.017029214650392532,0.3481900691986084,0.6082072854042053,-0.022723134607076645,0.30231529474258423,3.121962308883667,-0.012212746776640415
1509,28.367855548858643,0.7288123369216919,-0.017029214650392532,0.3481900691986084,0.6178727149963379,-0.03792749345302582,0.33420342206954956,3.119891405105591,-0.014146947301924229
1510,28.381365299224854,0.7288123369216919,-0.017029214650392532,0.3481900691986084,0.6314729452133179,-0.05481894314289093,0.36412185430526733,3.1152007579803467,-0.015611942857503891
1511,28.4095938205719,0.7288123369216919,-0.017029214650392532,0.3481900691986084,0.6508184671401978,-0.0719364732503891,0.3960201144218445,3.1085855960845947,-0.016614604741334915
1512,28.419270992279053,0.7288123369216919,-0.017029214650392532,0.3481900691986084,0.6766638159751892,-0.08680867403745651,0.4385909140110016,3.099668025970459,-0.017479395493865013
1513,28.44429588317871,0.7288123369216919,-0.017029214650392532,0.3481900691986084,0.7084009647369385,-0.10381445288658142,0.4833734631538391,3.090517282485962,-0.017467547208070755
1514,28.454220056533813,0.7288123369216919,-0.017029214650392532,0.3481900691986084,0.7427661418914795,-0.12664203345775604,0.49225911498069763,3.0876471996307373,-0.015098828822374344
1515,28.480939865112305,0.7288123369216919,-0.017029214650392532,0.3481900691986084,0.7661067247390747,-0.14994075894355774,0.43454858660697937,3.0981552600860596,-0.007447642739862204
1516,28.490437746047974,0.7288123369216919,-0.017029214650392532,0.3481900691986084,0.7695590853691101,-0.152479887008667,0.24223895370960236,3.1214072704315186,0.008421742357313633
1517,28.515889883041382,0.7288123369216919,-0.017029214650392532,0.3481900691986084,0.7314331531524658,-0.09927261620759964,0.4150436520576477,3.127937078475952,0.016769830137491226
1518,28.52577829360962,0.7288123369216919,-0.017029214650392532,0.3481900691986084,0.6910945773124695,-0.06082531437277794,0.4580421447753906,3.116082191467285,0.019562816247344017
1519,28.550829648971558,0.7288123369216919,-0.017029214650392532,0.3481900691986084,0.6670203804969788,-0.03496735543012619,0.4714105725288391,3.098733901977539,0.020221279934048653
1520,28.560680150985718,0.7288123369216919,-0.017029214650392532,0.3481900691986084,0.6583354473114014,-0.016553308814764023,0.49039098620414734,3.0824434757232666,0.01951068453490734
1521,28.586079597473145,0.7288123369216919,-0.017029214650392532,0.3481900691986084,0.658852219581604,-0.005340035539120436,0.5052028298377991,3.0698819160461426,0.01795062981545925
1522,28.596102952957153,0.7288123369216919,-0.017029214650392532,0.3481900691986084,0.6635739803314209,0.0001424499787390232,0.5302872657775879,3.062025785446167,0.017008468508720398
1523,28.621323823928833,0.7288123369216919,-0.017029214650392532,0.3481900691986084,0.6714193820953369,0.0011459667002782226,0.5698267221450806,3.0592901706695557,0.017685363069176674
1524,28.63101077079773,0.7288123369216919,-0.017029214650392532,0.3481900691986084,0.6824668645858765,0.0020552570931613445,0.6108387112617493,3.062285900115967,0.018979545682668686
1525,28.6561336517334,0.7288123369216919,-0.017029214650392532,0.3481900691986084,0.6971231698989868,0.01088892761617899,0.600591778755188,3.070237636566162,0.018596790730953217
1526,28.665573358535767,0.7288123369216919,-0.017029214650392532,0.3481900691986084,0.7139812707901001,0.030127564445137978,0.5235427618026733,3.080622911453247,0.01532682403922081
1527,28.690926790237427,0.7288123369216919,-0.017029214650392532,0.3481900691986084,0.7322166562080383,0.0567375123500824,0.44301632046699524,3.0901684761047363,0.009404614567756653
1528,28.700303316116333,0.7288123369216919,-0.017029214650392532,0.3481900691986084,0.7498171329498291,0.07953674346208572,0.4328435957431793,3.096672534942627,0.002492523053660989
1529,28.726151943206787,0.7288123369216919,-0.017029214650392532,0.3481900691986084,0.7673817873001099,0.09334919601678848,0.4517331123352051,3.0995991230010986,-0.001989501528441906
1530,28.735754251480103,0.7288123369216919,-0.017029214650392532,0.3481900691986084,0.7853657007217407,0.1068434938788414,0.46952518820762634,3.095019578933716,0.0010071118595078588
1531,28.76178812980652,0.7288123369216919,-0.017029214650392532,0.3481900691986084,0.7987331748008728,0.12485288083553314,0.5267808437347412,3.077012538909912,0.016494303941726685
1532,28.771358013153076,0.7288123369216919,-0.017029214650392532,0.3481900691986084,0.7750857472419739,0.12127666175365448,0.848854660987854,3.0523555278778076,0.02101311832666397
1533,28.79758381843567,0.7288123369216919,-0.017029214650392532,0.3481900691986084,0.7172496318817139,0.07789521664381027,0.5988609790802002,3.0491933822631836,0.014529743231832981
1534,28.807151317596436,0.7288123369216919,-0.017029214650392532,0.3481900691986084,0.6605929732322693,0.04197400435805321,0.44376298785209656,3.060046911239624,0.012764781713485718
1535,28.833101987838745,0.7288123369216919,-0.017029214650392532,0.3481900691986084,0.6301530003547668,0.02204301580786705,0.3924638330936432,3.074167490005493,0.011742573231458664
1536,28.843446016311646,0.7288123369216919,-0.017029214650392532,0.3481900691986084,0.6159886717796326,0.012072401121258736,0.3518378734588623,3.0841846466064453,0.008634056895971298
1537,28.868962049484253,0.7288123369216919,-0.017029214650392532,0.3481900691986084,0.6047201752662659,0.003586855484172702,0.35842543840408325,3.0879814624786377,0.004258779808878899
1538,28.878544330596924,0.7288123369216919,-0.017029214650392532,0.3481900691986084,0.5920152068138123,-0.007476670201867819,0.4193539619445801,3.087507486343384,0.001046663150191307
1539,28.903910160064697,0.7288123369216919,-0.017029214650392532,0.3481900691986084,0.5815443396568298,-0.023127922788262367,0.45665258169174194,3.085634708404541,-0.0008257756126113236
1540,28.913469076156616,0.7288123369216919,-0.017029214650392532,0.3481900691986084,0.5747767090797424,-0.04392565041780472,0.46689853072166443,3.0839169025421143,-0.002721319207921624
1541,28.93860650062561,0.7288123369216919,-0.017029214650392532,0.3481900691986084,0.5710281133651733,-0.06744762510061264,0.47467607259750366,3.081925868988037,-0.004996220115572214
1542,28.948530912399292,0.7288123369216919,-0.017029214650392532,0.3481900691986084,0.569541335105896,-0.09120222181081772,0.49508944153785706,3.0786867141723633,-0.006376178003847599
1543,28.97656536102295,0.7288123369216919,-0.017029214650392532,0.3481900691986084,0.571751594543457,-0.11559658497571945,0.5333138108253479,3.073859453201294,-0.005411859136074781
1544,28.98736596107483,0.7288123369216919,-0.017029214650392532,0.3481900691986084,0.5795369744300842,-0.14095336198806763,0.5894937515258789,3.0675277709960938,-0.0016585186822339892
1545,29.012364625930786,0.7288123369216919,-0.017029214650392532,0.3481900691986084,0.5922909379005432,-0.17073071002960205,0.6549092531204224,3.0614635944366455,0.0053152041509747505
1546,29.022546768188477,0.7288123369216919,-0.017029214650392532,0.3481900691986084,0.6096878051757812,-0.20568983256816864,0.701296329498291,3.0597341060638428,0.01594284176826477
1547,29.04776167869568,0.7288123369216919,-0.017029214650392532,0.3481900691986084,0.6451952457427979,-0.23309314250946045,0.5077461004257202,3.0651612281799316,0.028214819729328156
1548,29.05701994895935,0.7288123369216919,-0.017029214650392532,0.3481900691986084,0.6721631288528442,-0.25844553112983704,0.2569582760334015,3.075878858566284,0.03154992684721947
1549,29.081986904144287,0.7288123369216919,-0.017029214650392532,0.3481900691986084,0.6789671182632446,-0.25781363248825073,0.20361940562725067,3.092311143875122,0.03466574847698212
1550,29.091822624206543,0.7288123369216919,-0.017029214650392532,0.3481900691986084,0.6640205383300781,-0.21090778708457947,0.2722548246383667,3.101536989212036,0.03939974680542946
1551,29.11722683906555,0.7288123369216919,-0.017029214650392532,0.3481900691986084,0.6350260972976685,-0.14898470044136047,0.4415447413921356,3.09506893157959,0.04023737087845802
1552,29.127031564712524,0.7288123369216919,-0.017029214650392532,0.3481900691986084,0.6200346946716309,-0.10763238370418549,0.458129346370697,3.081631898880005,0.03582458198070526
1553,29.15246081352234,0.7288123369216919,-0.017029214650392532,0.3481900691986084,0.618975043296814,-0.07675499469041824,0.4789506196975708,3.0680758953094482,0.02977202646434307
1554,29.161638975143433,0.7288123369216919,-0.017029214650392532,0.3481900691986084,0.6285411715507507,-0.05086285248398781,0.5194287300109863,3.056769609451294,0.023853452876210213
1555,29.186542987823486,0.7288123369216919,-0.017029214650392532,0.3481900691986084,0.6442978978157043,-0.028866177424788475,0.5732373595237732,3.0490851402282715,0.018521029502153397
1556,29.19576668739319,0.7288123369216919,-0.017029214650392532,0.3481900691986084,0.664942741394043,-0.009862150065600872,0.6239325404167175,3.046504020690918,0.01352858729660511
1557,29.221139907836914,0.7288123369216919,-0.017029214650392532,0.3481900691986084,0.6884714961051941,0.009292151778936386,0.6333429217338562,3.049936294555664,0.00800959300249815
1558,29.230262756347656,0.7288123369216919,-0.017029214650392532,0.3481900691986084,0.7105633020401001,0.03464378044009209,0.5981197953224182,3.0584964752197266,0.0015611841809004545
1559,29.25783658027649,0.7288123369216919,-0.017029214650392532,0.3481900691986084,0.7303143739700317,0.06568712741136551,0.5811255574226379,3.0690653324127197,-0.0055551109835505486
1560,29.268298387527466,0.7288123369216919,-0.017029214650392532,0.3481900691986084,0.7501668334007263,0.09161919355392456,0.6263964176177979,3.0786545276641846,-0.012644919566810131
1561,29.293972730636597,0.7288123369216919,-0.017029214650392532,0.3481900691986084,0.7711483240127563,0.10782033950090408,0.6817603707313538,3.0863025188446045,-0.017871780321002007
1562,29.30403423309326,0.7288123369216919,-0.017029214650392532,0.3481900691986084,0.7945166230201721,0.12163220345973969,0.7172736525535583,3.090672016143799,-0.018632370978593826
1563,29.329251050949097,0.7288123369216919,-0.017029214650392532,0.3481900691986084,0.8143008947372437,0.14100927114486694,0.7722456455230713,3.086963653564453,-0.010504644364118576
1564,29.33970332145691,0.7288123369216919,-0.017029214650392532,0.3481900691986084,0.7938306927680969,0.1590847373008728,0.9091138243675232,3.0743801593780518,-0.012563522905111313
1565,29.365442276000977,0.7288123369216919,-0.017029214650392532,0.3481900691986084,0.730519711971283,0.11724688112735748,0.5919818878173828,3.070591688156128,-0.01984107308089733
1566,29.378992795944214,0.7288123369216919,-0.017029214650392532,0.3481900691986084,0.6627202033996582,0.07312723249197006,0.43256324529647827,3.074477434158325,-0.015759170055389404
1567,29.407444953918457,0.7288123369216919,-0.017029214650392532,0.3481900691986084,0.6254953742027283,0.044874902814626694,0.38484257459640503,3.0841586589813232,-0.009729509241878986
1568,29.417285442352295,0.7288123369216919,-0.017029214650392532,0.3481900691986084,0.6138754487037659,0.03173027187585831,0.3430534303188324,3.0943305492401123,-0.0075464313849806786
1569,29.442203283309937,0.7288123369216919,-0.017029214650392532,0.3481900691986084,0.6110281348228455,0.027941981330513954,0.33623799681663513,3.1009116172790527,-0.00945857260376215
1570,29.451733350753784,0.7288123369216919,-0.017029214650392532,0.3481900691986084,0.6070098280906677,0.024715924635529518,0.3760667145252228,3.1031086444854736,-0.012031767517328262
1571,29.47736930847168,0.7288123369216919,-0.017029214650392532,0.3481900691986084,0.6021290421485901,0.017508458346128464,0.41345253586769104,3.102720260620117,-0.012908635661005974
1572,29.486887454986572,0.7288123369216919,-0.017029214650392532,0.3481900691986084,0.6002615094184875,0.004586486145853996,0.4276677370071411,3.1019468307495117,-0.01232169009745121
1573,29.513149976730347,0.7288123369216919,-0.017029214650392532,0.3481900691986084,0.6033797264099121,-0.012295055203139782,0.4392545223236084,3.1015067100524902,-0.011585770174860954
1574,29.522711515426636,0.7288123369216919,-0.017029214650392532,0.3481900691986084,0.6110446453094482,-0.031023230403661728,0.45201730728149414,3.100450038909912,-0.011487790383398533
1575,29.54809069633484,0.7288123369216919,-0.017029214650392532,0.3481900691986084,0.6217175722122192,-0.049893226474523544,0.4723278880119324,3.0976154804229736,-0.01154622808098793
1576,29.557499885559082,0.7288123369216919,-0.017029214650392532,0.3481900691986084,0.6361501216888428,-0.06904766708612442,0.5004962086677551,3.092593193054199,-0.010880048386752605
1577,29.582810401916504,0.7288123369216919,-0.017029214650392532,0.3481900691986084,0.6563141345977783,-0.08569817245006561,0.543968141078949,3.0846195220947266,-0.009244042448699474
1578,29.592397451400757,0.7288123369216919,-0.017029214650392532,0.3481900691986084,0.6835528612136841,-0.10270075500011444,0.5967309474945068,3.0747618675231934,-0.0066430699080228806
1579,29.617863655090332,0.7288123369216919,-0.017029214650392532,0.3481900691986084,0.7149749994277954,-0.12634533643722534,0.6409615874290466,3.0683929920196533,-0.0020560112316161394
1580,29.627514362335205,0.7288123369216919,-0.017029214650392532,0.3481900691986084,0.7494238018989563,-0.15693150460720062,0.6172332167625427,3.072406530380249,0.005063335876911879
1581,29.65291476249695,0.7288123369216919,-0.017029214650392532,0.3481900691986084,0.7789039611816406,-0.17964698374271393,0.3696669340133667,3.090285301208496,0.016508856788277626
1582,29.662519693374634,0.7288123369216919,-0.017029214650392532,0.3481900691986084,0.7723979353904724,-0.16982220113277435,0.11569063365459442,3.1090927124023438,0.024868082255125046
1583,29.687369346618652,0.7288123369216919,-0.017029214650392532,0.3481900691986084,0.7263793349266052,-0.11274212598800659,0.34655189514160156,3.112290859222412,0.031346481293439865
1584,29.69699764251709,0.7288123369216919,-0.017029214650392532,0.3481900691986084,0.6867901682853699,-0.07073192298412323,0.4185386598110199,3.1012094020843506,0.03530270233750343
1585,29.72255825996399,0.7288123369216919,-0.017029214650392532,0.3481900691986084,0.6658219695091248,-0.041567664593458176,0.4222860038280487,3.0861873626708984,0.03572797775268555
1586,29.73251223564148,0.7288123369216919,-0.017029214650392532,0.3481900691986084,0.6581199765205383,-0.01855640672147274,0.43824389576911926,3.0718276500701904,0.03321090713143349
1587,29.758941173553467,0.7288123369216919,-0.017029214650392532,0.3481900691986084,0.6578482389450073,-0.0009098931332118809,0.46030980348587036,3.0602786540985107,0.028970124199986458
1588,29.770158052444458,0.7288123369216919,-0.017029214650392532,0.3481900691986084,0.6607246994972229,0.011828482151031494,0.4898408353328705,3.0528171062469482,0.02506336383521557
1589,29.79593062400818,0.7288123369216919,-0.017029214650392532,0.3481900691986084,0.6675249934196472,0.01997910439968109,0.5279304385185242,3.050147294998169,0.022955119609832764
1590,29.80649161338806,0.7288123369216919,-0.017029214650392532,0.3481900691986084,0.6788217425346375,0.02669304609298706,0.5670996308326721,3.0530588626861572,0.02181391976773739
1591,29.832101106643677,0.7288123369216919,-0.017029214650392532,0.3481900691986084,0.6934650540351868,0.03989429771900177,0.5563958287239075,3.0612683296203613,0.0194249264895916
1592,29.842355966567993,0.7288123369216919,-0.017029214650392532,0.3481900691986084,0.7090217471122742,0.06402551382780075,0.48938876390457153,3.0720744132995605,0.01451981719583273
1593,29.87073588371277,0.7288123369216919,-0.017029214650392532,0.3481900691986084,0.7248699069023132,0.09457992017269135,0.44046205282211304,3.081355333328247,0.00745879951864481
1594,29.880887508392334,0.7288123369216919,-0.017029214650392532,0.3481900691986084,0.7401067018508911,0.11944083124399185,0.45914122462272644,3.086850166320801,0.00026929378509521484
1595,29.907087802886963,0.7288123369216919,-0.017029214650392532,0.3481900691986084,0.7558399438858032,0.13592645525932312,0.48655009269714355,3.088679313659668,-0.003910936880856752
1596,29.916605949401855,0.7288123369216919,-0.017029214650392532,0.3481900691986084,0.7721675634384155,0.15332601964473724,0.4905768930912018,3.0849103927612305,-0.0011862649116665125
1597,29.942530632019043,0.7288123369216919,-0.017029214650392532,0.3481900691986084,0.7530900835990906,0.1856902837753296,0.5371350049972534,3.0692203044891357,0.008066482841968536
1598,29.951868295669556,0.7288123369216919,-0.017029214650392532,0.3481900691986084,0.7136035561561584,0.1490204781293869,0.5852946639060974,3.055140256881714,0.01074338611215353
1599,29.97719407081604,0.7288123369216919,-0.017029214650392532,0.3481900691986084,0.6666761636734009,0.10036933422088623,0.480072021484375,3.053232192993164,0.018387969583272934
1600,29.987074375152588,0.7288123369216919,-0.017029214650392532,0.3481900691986084,0.6330528259277344,0.06082375720143318,0.3872828185558319,3.0635507106781006,0.02085849829018116
1601,30.01250386238098,0.7288123369216919,-0.017029214650392532,0.3481900691986084,0.6124852299690247,0.037050846964120865,0.3351789712905884,3.0775086879730225,0.01708058826625347
1602,30.022616147994995,0.7288123369216919,-0.017029214650392532,0.3481900691986084,0.5978280901908875,0.02296731062233448,0.30787089467048645,3.0889663696289062,0.010886093601584435
1603,30.04806613922119,0.7288123369216919,-0.017029214650392532,0.3481900691986084,0.5867660045623779,0.010358966886997223,0.31092143058776855,3.095806837081909,0.005288206040859222
1604,30.05827236175537,0.7288123369216919,-0.017029214650392532,0.3481900691986084,0.577797532081604,-0.004622596316039562,0.33169156312942505,3.0990991592407227,0.0013285692548379302
1605,30.083775520324707,0.7288123369216919,-0.017029214650392532,0.3481900691986084,0.5713074803352356,-0.022824963554739952,0.3573731780052185,3.1006338596343994,-0.00104806968010962
1606,30.09448218345642,0.7288123369216919,-0.017029214650392532,0.3481900691986084,0.5690513253211975,-0.04445503279566765,0.376427561044693,3.101381540298462,-0.0028728367760777473
1607,30.122997283935547,0.7288123369216919,-0.017029214650392532,0.3481900691986084,0.5707261562347412,-0.06812050193548203,0.3859681487083435,3.1010618209838867,-0.0051282537169754505
1608,30.133536338806152,0.7288123369216919,-0.017029214650392532,0.3481900691986084,0.574884831905365,-0.09214537590742111,0.3994816839694977,3.0989198684692383,-0.007406579330563545
1609,30.163851737976074,0.7288123369216919,-0.017029214650392532,0.3481900691986084,0.5819435119628906,-0.11585221439599991,0.4242369532585144,3.0945398807525635,-0.008587735705077648
1610,30.17425298690796,0.7288123369216919,-0.017029214650392532,0.3481900691986084,0.5936357378959656,-0.13817556202411652,0.4543534517288208,3.087754011154175,-0.008251147344708443
1611,30.200517416000366,0.7288123369216919,-0.017029214650392532,0.3481900691986084,0.6090777516365051,-0.1618930846452713,0.506696879863739,3.079836368560791,-0.005607073660939932
1612,30.21165132522583,0.7288123369216919,-0.017029214650392532,0.3481900691986084,0.6278553009033203,-0.19003626704216003,0.5591956973075867,3.074415683746338,0.0004119015939068049
1613,30.23736071586609,0.7288123369216919,-0.017029214650392532,0.3481900691986084,0.6492416262626648,-0.22403667867183685,0.5743519067764282,3.076192855834961,0.010181432589888573
1614,30.24966859817505,0.7288123369216919,-0.017029214650392532,0.3481900691986084,0.683042585849762,-0.24422232806682587,0.29283058643341064,3.084095001220703,0.017223302274942398
1615,30.274971961975098,0.7288123369216919,-0.017029214650392532,0.3481900691986084,0.6852834820747375,-0.25255221128463745,0.1929514855146408,3.096731662750244,0.020083434879779816
1616,30.28561782836914,0.7288123369216919,-0.017029214650392532,0.3481900691986084,0.6676926016807556,-0.21471533179283142,0.23688015341758728,3.1063032150268555,0.025625456124544144
1617,30.311020374298096,0.7288123369216919,-0.017029214650392532,0.3481900691986084,0.6353681087493896,-0.15540260076522827,0.42403414845466614,3.1015028953552246,0.028963707387447357
1618,30.32142210006714,0.7288123369216919,-0.017029214650392532,0.3481900691986084,0.6139633059501648,-0.11433738470077515,0.45243409276008606,3.0883355140686035,0.027859678491950035
1619,30.346759557724,0.7288123369216919,-0.017029214650392532,0.3481900691986084,0.6060041189193726,-0.08435473591089249,0.47161537408828735,3.0737242698669434,0.02455209754407406
1620,30.35698890686035,0.7288123369216919,-0.017029214650392532,0.3481900691986084,0.6091703176498413,-0.06062784418463707,0.5066101551055908,3.060753107070923,0.02051660045981407
1621,30.382526397705078,0.7288123369216919,-0.017029214650392532,0.3481900691986084,0.6187797784805298,-0.04174264520406723,0.5506708025932312,3.0509395599365234,0.016660040244460106
1622,30.393096923828125,0.7288123369216919,-0.017029214650392532,0.3481900691986084,0.6333392262458801,-0.027600815519690514,0.6073028445243835,3.04524302482605,0.014007428660988808
1623,30.41984462738037,0.7288123369216919,-0.017029214650392532,0.3481900691986084,0.653137743473053,-0.017304478213191032,0.6657931208610535,3.044757843017578,0.012424658983945847
1624,30.430190801620483,0.7288123369216919,-0.017029214650392532,0.3481900691986084,0.6776396036148071,-0.005832799710333347,0.6912797689437866,3.0499520301818848,0.010294797830283642
1625,30.456775665283203,0.7288123369216919,-0.017029214650392532,0.3481900691986084,0.7021944522857666,0.012328514829277992,0.6431903839111328,3.0600833892822266,0.006595647428184748
1626,30.47364568710327,0.7288123369216919,-0.017029214650392532,0.3481900691986084,0.7253698706626892,0.0400855615735054,0.5713019967079163,3.072476863861084,0.0011576268589124084
1627,30.49934220314026,0.7288123369216919,-0.017029214650392532,0.3481900691986084,0.7469581961631775,0.06659157574176788,0.5707964897155762,3.0837016105651855,-0.005335863213986158
1628,30.509732484817505,0.6949047446250916,0.15946505963802338,-0.36205893754959106,0.768610954284668,0.08221491426229477,0.6233407855033875,3.0922908782958984,-0.010616214014589787
1629,30.53568696975708,0.6949047446250916,0.15946505963802338,-0.36205893754959106,0.7918035387992859,0.08215068280696869,0.5697815418243408,3.105456590652466,-0.01367241982370615
1630,30.54697322845459,0.6949047446250916,0.15946505963802338,-0.36205893754959106,0.8103764057159424,0.07998279482126236,0.5199396014213562,3.119999885559082,-0.010072312317788601
1631,30.57280135154724,0.6949047446250916,0.15946505963802338,-0.36205893754959106,0.7890529632568359,0.09408843517303467,0.22410883009433746,3.125887155532837,-0.0004361211904324591
1632,30.584001541137695,0.6949047446250916,0.15946505963802338,-0.36205893754959106,0.7283231616020203,0.08001460880041122,-0.15636584162712097,3.128247022628784,-0.0025369420181959867
1633,30.609697818756104,0.6949047446250916,0.15946505963802338,-0.36205893754959106,0.6543045043945312,0.05890197679400444,-0.3526211977005005,3.127746343612671,0.0029460054356604815
1634,30.620004892349243,0.6949047446250916,0.15946505963802338,-0.36205893754959106,0.6119647026062012,0.047564394772052765,-0.3588225245475769,3.1305487155914307,0.009564865380525589
1635,30.64699673652649,0.6949047446250916,0.15946505963802338,-0.36205893754959106,0.594978928565979,0.04576653242111206,-0.4068108797073364,3.1365859508514404,0.012285574339330196
1636,30.657700300216675,0.6949047446250916,0.15946505963802338,-0.36205893754959106,0.5880255103111267,0.05229511857032776,-0.45143502950668335,3.141584634780884,0.010547659359872341
1637,30.68259286880493,0.6949047446250916,0.15946505963802338,-0.36205893754959106,0.5787467360496521,0.061176687479019165,-0.39826130867004395,-3.1413776874542236,0.008554225787520409
1638,30.692845344543457,0.6949047446250916,0.15946505963802338,-0.36205893754959106,0.5673379898071289,0.06514323502779007,-0.32800185680389404,3.137579917907715,0.009279810823500156
1639,30.719184160232544,0.6949047446250916,0.15946505963802338,-0.36205893754959106,0.5590212941169739,0.062267180532217026,-0.2973727583885193,3.131892681121826,0.01185416430234909
1640,30.729723930358887,0.6949047446250916,0.15946505963802338,-0.36205893754959106,0.5557844042778015,0.05505095794796944,-0.28160539269447327,3.1268537044525146,0.014630264602601528
1641,30.755056619644165,0.6949047446250916,0.15946505963802338,-0.36205893754959106,0.5574424862861633,0.04736337065696716,-0.26205265522003174,3.122633934020996,0.01732446439564228
1642,30.765027046203613,0.6949047446250916,0.15946505963802338,-0.36205893754959106,0.564237654209137,0.04016987979412079,-0.24132773280143738,3.1184675693511963,0.02057070843875408
1643,30.790332794189453,0.6949047446250916,0.15946505963802338,-0.36205893754959106,0.576956033706665,0.03194304183125496,-0.22078418731689453,3.1143033504486084,0.024869002401828766
1644,30.800199508666992,0.6949047446250916,0.15946505963802338,-0.36205893754959106,0.5975048542022705,0.023043224588036537,-0.1916179060935974,3.1108055114746094,0.03011728823184967
1645,30.82457971572876,0.6949047446250916,0.15946505963802338,-0.36205893754959106,0.6292942762374878,0.01491069607436657,-0.13803690671920776,3.107959270477295,0.035322342067956924
1646,30.83430242538452,0.6949047446250916,0.15946505963802338,-0.36205893754959106,0.6732243895530701,0.007770364638417959,-0.09856520593166351,3.1063427925109863,0.03866627812385559
1647,30.859548091888428,0.6949047446250916,0.15946505963802338,-0.36205893754959106,0.7215596437454224,0.0012546387733891606,-0.10519266128540039,3.109102249145508,0.03963203355669975
1648,30.87012767791748,0.6949047446250916,0.15946505963802338,-0.36205893754959106,0.7628630995750427,-0.0027869336772710085,-0.19350600242614746,3.1211347579956055,0.03926927223801613
1649,30.89497685432434,0.6949047446250916,0.15946505963802338,-0.36205893754959106,0.7678642272949219,0.0014962649438530207,-0.2736126184463501,-3.138364791870117,0.043270405381917953
1650,30.904937267303467,0.6949047446250916,0.15946505963802338,-0.36205893754959106,0.7383586764335632,0.029837382957339287,-0.08241274207830429,-3.1149463653564453,0.0590733140707016
1651,30.929691553115845,0.6949047446250916,0.15946505963802338,-0.36205893754959106,0.6889653205871582,0.07438720762729645,-0.018524378538131714,-3.115335464477539,0.06805441528558731
1652,30.93969178199768,0.6949047446250916,0.15946505963802338,-0.36205893754959106,0.6429764628410339,0.1015041172504425,-0.045349594205617905,-3.131368398666382,0.06974505633115768
1653,30.965240955352783,0.6949047446250916,0.15946505963802338,-0.36205893754959106,0.6087013483047485,0.1214132234454155,-0.07609254121780396,3.1327452659606934,0.06997852772474289
1654,30.975576400756836,0.6949047446250916,0.15946505963802338,-0.36205893754959106,0.5939075946807861,0.13892166316509247,-0.08721468597650528,3.1157066822052,0.06821434199810028
1655,31.003334999084473,0.6949047446250916,0.15946505963802338,-0.36205893754959106,0.5932210087776184,0.15378828346729279,-0.04979514703154564,3.1019749641418457,0.06365219503641129
1656,31.01481032371521,0.6949047446250916,0.15946505963802338,-0.36205893754959106,0.6004924178123474,0.16070914268493652,0.014965012669563293,3.0927419662475586,0.05866695195436478
1657,31.040154933929443,0.6949047446250916,0.15946505963802338,-0.36205893754959106,0.6109892725944519,0.15643304586410522,0.09406111389398575,3.0890791416168213,0.05641268938779831
1658,31.0499165058136,0.6949047446250916,0.15946505963802338,-0.36205893754959106,0.6199414730072021,0.14835041761398315,0.18018749356269836,3.0907936096191406,0.05672045424580574
1659,31.074844360351562,0.6949047446250916,0.15946505963802338,-0.36205893754959106,0.6258140206336975,0.14921455085277557,0.20639891922473907,3.0964999198913574,0.05684039741754532
1660,31.08698582649231,0.6949047446250916,0.15946505963802338,-0.36205893754959106,0.6323609352111816,0.16468262672424316,0.1356344372034073,3.1039695739746094,0.05444300174713135
1661,31.112757205963135,0.6949047446250916,0.15946505963802338,-0.36205893754959106,0.6419731378555298,0.19342899322509766,0.015128489583730698,3.110792636871338,0.048323675990104675
1662,31.122992992401123,0.6949047446250916,0.15946505963802338,-0.36205893754959106,0.6528280973434448,0.22457045316696167,-0.08650754392147064,3.1156177520751953,0.03888325393199921
1663,31.148436069488525,0.6949047446250916,0.15946505963802338,-0.36205893754959106,0.6614480018615723,0.24660032987594604,-0.155410498380661,3.1185500621795654,0.029069310054183006
1664,31.158491611480713,0.6949047446250916,0.15946505963802338,-0.36205893754959106,0.6680179834365845,0.26522818207740784,-0.21315982937812805,3.1190755367279053,0.023389874026179314
1665,31.184596300125122,0.6949047446250916,0.15946505963802338,-0.36205893754959106,0.6656073927879333,0.2905071973800659,-0.23586219549179077,3.114365339279175,0.028840603306889534
1666,31.194801092147827,0.6949047446250916,0.15946505963802338,-0.36205893754959106,0.6571425199508667,0.2996726334095001,0.0735434740781784,3.10347580909729,0.03383306413888931
1667,31.221489667892456,0.6949047446250916,0.15946505963802338,-0.36205893754959106,0.6159171462059021,0.2550065815448761,-0.11481483280658722,3.1049811840057373,0.029764706268906593
1668,31.233158111572266,0.6949047446250916,0.15946505963802338,-0.36205893754959106,0.5847132205963135,0.20640207827091217,-0.3385217487812042,3.1122164726257324,0.02819252200424671
1669,31.258045196533203,0.6949047446250916,0.15946505963802338,-0.36205893754959106,0.5684801936149597,0.1732957363128662,-0.38224878907203674,3.118748664855957,0.02181341126561165
1670,31.273860931396484,0.6949047446250916,0.15946505963802338,-0.36205893754959106,0.5572265982627869,0.15075796842575073,-0.35615456104278564,3.122300386428833,0.013779453001916409
1671,31.300644397735596,0.6949047446250916,0.15946505963802338,-0.36205893754959106,0.547767698764801,0.13155044615268707,-0.31843945384025574,3.122774362564087,0.007901345379650593
1672,31.311523914337158,0.6949047446250916,0.15946505963802338,-0.36205893754959106,0.5421854853630066,0.11105234175920486,-0.2921130359172821,3.120866298675537,0.004590509459376335
1673,31.33957862854004,0.6949047446250916,0.15946505963802338,-0.36205893754959106,0.5410259366035461,0.08743288367986679,-0.2791948616504669,3.117614269256592,0.002695354400202632
1674,31.350754976272583,0.6949047446250916,0.15946505963802338,-0.36205893754959106,0.5435445308685303,0.06164560094475746,-0.2663125693798065,3.113863229751587,0.0020623395685106516
1675,31.376869916915894,0.6949047446250916,0.15946505963802338,-0.36205893754959106,0.5506281852722168,0.0353061817586422,-0.23921561241149902,3.109651565551758,0.003320318413898349
1676,31.388365030288696,0.6949047446250916,0.15946505963802338,-0.36205893754959106,0.5646592974662781,0.010092338547110558,-0.19561748206615448,3.1041688919067383,0.0064004953019320965
1677,31.413882732391357,0.6949047446250916,0.15946505963802338,-0.36205893754959106,0.5857511758804321,-0.01548717450350523,-0.13454730808734894,3.097905158996582,0.01105520874261856
1678,31.425737619400024,0.6949047446250916,0.15946505963802338,-0.36205893754959106,0.6125094890594482,-0.04474245384335518,-0.09505365788936615,3.0944342613220215,0.016938697546720505
1679,31.45370388031006,0.6949047446250916,0.15946505963802338,-0.36205893754959106,0.6446574926376343,-0.07846207916736603,-0.11469116061925888,3.098145008087158,0.023135360330343246
1680,31.464075088500977,0.6949047446250916,0.15946505963802338,-0.36205893754959106,0.6726458668708801,-0.10975269973278046,-0.18577013909816742,3.111602306365967,0.031016120687127113
1681,31.490334510803223,0.6949047446250916,0.15946505963802338,-0.36205893754959106,0.6994866132736206,-0.12243764847517014,-0.49226319789886475,3.1328351497650146,0.040450744330883026
1682,31.500446557998657,0.6949047446250916,0.15946505963802338,-0.36205893754959106,0.6778991222381592,-0.09639174491167068,-0.570396363735199,-3.1343305110931396,0.04707547649741173
1683,31.525872230529785,0.6949047446250916,0.15946505963802338,-0.36205893754959106,0.6326891779899597,-0.035980116575956345,-0.3668311834335327,-3.136016368865967,0.053937770426273346
1684,31.536752939224243,0.6949047446250916,0.15946505963802338,-0.36205893754959106,0.5950713157653809,0.008071736432611942,-0.3126992881298065,3.1326045989990234,0.05811382457613945
1685,31.56335687637329,0.6949047446250916,0.15946505963802338,-0.36205893754959106,0.5721414089202881,0.040298156440258026,-0.3141939342021942,3.1156623363494873,0.059477683156728745
1686,31.57389807701111,0.6949047446250916,0.15946505963802338,-0.36205893754959106,0.5615290403366089,0.06791548430919647,-0.30029603838920593,3.1005232334136963,0.057928476482629776
1687,31.599834203720093,0.6949047446250916,0.15946505963802338,-0.36205893754959106,0.5596833229064941,0.0933530405163765,-0.25043055415153503,3.08813738822937,0.053458135575056076
1688,31.610077142715454,0.6949047446250916,0.15946505963802338,-0.36205893754959106,0.5634896755218506,0.11475805193185806,-0.1754903942346573,3.078801155090332,0.04792387783527374
1689,31.635281085968018,0.6949047446250916,0.15946505963802338,-0.36205893754959106,0.573401927947998,0.1289760321378708,-0.09328693151473999,3.072955846786499,0.044009894132614136
1690,31.645458698272705,0.6949047446250916,0.15946505963802338,-0.36205893754959106,0.5879363417625427,0.13662056624889374,-0.0004009447293356061,3.0711286067962646,0.04245781898498535
1691,31.6703360080719,0.6949047446250916,0.15946505963802338,-0.36205893754959106,0.6026960611343384,0.14571015536785126,0.07606206089258194,3.073831081390381,0.04134243726730347
1692,31.680211067199707,0.6949047446250916,0.15946505963802338,-0.36205893754959106,0.6163678169250488,0.16420677304267883,0.0728144496679306,3.080716133117676,0.03838181495666504
1693,31.70490550994873,0.6949047446250916,0.15946505963802338,-0.36205893754959106,0.6286175847053528,0.19440330564975739,-0.002715117298066616,3.08961820602417,0.03257463499903679
1694,31.714684009552002,0.6949047446250916,0.15946505963802338,-0.36205893754959106,0.6398389935493469,0.2282223105430603,-0.06489969789981842,3.0974814891815186,0.024474188685417175
1695,31.73977541923523,0.6949047446250916,0.15946505963802338,-0.36205893754959106,0.6494698524475098,0.25395143032073975,-0.09244458377361298,3.1031689643859863,0.016501454636454582
1696,31.74989676475525,0.6949047446250916,0.15946505963802338,-0.36205893754959106,0.658880352973938,0.27556121349334717,-0.1341252475976944,3.107048511505127,0.01209008228033781
1697,31.775014877319336,0.6949047446250916,0.15946505963802338,-0.36205893754959106,0.664977490901947,0.303936243057251,-0.18963266909122467,3.107313632965088,0.01593851111829281
1698,31.785183429718018,0.6949047446250916,0.15946505963802338,-0.36205893754959106,0.6577032208442688,0.3191491961479187,0.11728596687316895,3.1028003692626953,0.00999793503433466
1699,31.81059503555298,0.6949047446250916,0.15946505963802338,-0.36205893754959106,0.6147406697273254,0.2796765863895416,-0.04760034382343292,3.1051924228668213,0.004063943400979042
1700,31.820542573928833,0.6949047446250916,0.15946505963802338,-0.36205893754959106,0.5797019600868225,0.23144477605819702,-0.30626624822616577,3.109959602355957,0.00784007366746664
1701,31.845699548721313,0.6949047446250916,0.15946505963802338,-0.36205893754959106,0.5628008842468262,0.19235096871852875,-0.40398526191711426,3.1159017086029053,0.0081581249833107
1702,31.85588264465332,0.6949047446250916,0.15946505963802338,-0.36205893754959106,0.5545024871826172,0.16683638095855713,-0.40011924505233765,3.121349334716797,0.003326426027342677
1703,31.881818532943726,0.6949047446250916,0.15946505963802338,-0.36205893754959106,0.5475674271583557,0.14845871925354004,-0.38405129313468933,3.12522554397583,-0.0022898020688444376
1704,31.891969442367554,0.6949047446250916,0.15946505963802338,-0.36205893754959106,0.5432674288749695,0.1321413367986679,-0.3662300705909729,3.127033233642578,-0.00584504846483469
1705,31.917539358139038,0.6949047446250916,0.15946505963802338,-0.36205893754959106,0.5431498289108276,0.11428208649158478,-0.34561726450920105,3.1269829273223877,-0.0074003166519105434
1706,31.927924871444702,0.6949047446250916,0.15946505963802338,-0.36205893754959106,0.5479265451431274,0.09411714226007462,-0.3326847553253174,3.12566876411438,-0.008139053359627724
1707,31.953588008880615,0.6949047446250916,0.15946505963802338,-0.36205893754959106,0.5565829873085022,0.07247376441955566,-0.3255268335342407,3.1233699321746826,-0.008465172722935677
1708,31.96450972557068,0.6949047446250916,0.15946505963802338,-0.36205893754959106,0.5693057179450989,0.05087238922715187,-0.3063586950302124,3.1200125217437744,-0.007740380242466927
1709,31.99025535583496,0.6949047446250916,0.15946505963802338,-0.36205893754959106,0.5881302356719971,0.03125632926821709,-0.27271103858947754,3.1149630546569824,-0.005610531195998192
1710,32.00136661529541,0.6949047446250916,0.15946505963802338,-0.36205893754959106,0.615444004535675,0.013624181970953941,-0.23326009511947632,3.1080238819122314,-0.0027644378133118153
1711,32.02731370925903,0.6949047446250916,0.15946505963802338,-0.36205893754959106,0.650451123714447,-0.005440918728709221,-0.1912449300289154,3.1015446186065674,0.00017686373030301183
1712,32.038305044174194,0.6949047446250916,0.15946505963802338,-0.36205893754959106,0.6905429363250732,-0.03017641231417656,-0.194167360663414,3.100524663925171,0.0029416154138743877
1713,32.0640652179718,0.6949047446250916,0.15946505963802338,-0.36205893754959106,0.7312831282615662,-0.055746935307979584,-0.2634877860546112,3.1090736389160156,0.005756820552051067
1714,32.0749945640564,0.6949047446250916,0.15946505963802338,-0.36205893754959106,0.7552286982536316,-0.07353080064058304,-0.36670082807540894,3.1290318965911865,0.01273400615900755
1715,32.10289549827576,0.6949047446250916,0.15946505963802338,-0.36205893754959106,0.7574691772460938,-0.06736105680465698,-0.5800502896308899,-3.1274826526641846,0.025639045983552933
1716,32.11315107345581,0.6949047446250916,0.15946505963802338,-0.36205893754959106,0.7057905793190002,-0.010611116886138916,-0.36789947748184204,-3.1204833984375,0.03383888676762581
1717,32.13931155204773,0.6949047446250916,0.15946505963802338,-0.36205893754959106,0.6509397625923157,0.03150123730301857,-0.2871573269367218,-3.1327641010284424,0.040709007531404495
1718,32.149513721466064,0.6949047446250916,0.15946505963802338,-0.36205893754959106,0.6167566776275635,0.05899986997246742,-0.3041835129261017,3.1326982975006104,0.04663320258259773
1719,32.17564082145691,0.6949047446250916,0.15946505963802338,-0.36205893754959106,0.5998389720916748,0.0805962085723877,-0.3137044608592987,3.116020917892456,0.05000538378953934
1720,32.1870481967926,0.6949047446250916,0.15946505963802338,-0.36205893754959106,0.5963825583457947,0.09901656210422516,-0.2919478416442871,3.1022744178771973,0.049435436725616455
1721,32.213045597076416,0.6949047446250916,0.15946505963802338,-0.36205893754959106,0.5999262928962708,0.1141401082277298,-0.23759697377681732,3.0920023918151855,0.04590440168976784
1722,32.22400736808777,0.6949047446250916,0.15946505963802338,-0.36205893754959106,0.6078651547431946,0.1223599910736084,-0.1795489490032196,3.085747480392456,0.04256991669535637
1723,32.24938917160034,0.6949047446250916,0.15946505963802338,-0.36205893754959106,0.6197472810745239,0.12386386841535568,-0.10199961066246033,3.083486557006836,0.04174357280135155
1724,32.26179504394531,0.6949047446250916,0.15946505963802338,-0.36205893754959106,0.6324959397315979,0.12297655642032623,-0.011523125693202019,3.085014581680298,0.04291680455207825
1725,32.288031339645386,0.6949047446250916,0.15946505963802338,-0.36205893754959106,0.6458207964897156,0.1292189508676529,0.048048071563243866,3.0900042057037354,0.043339021503925323
1726,32.29940700531006,0.6949047446250916,0.15946505963802338,-0.36205893754959106,0.6607664823532104,0.14690686762332916,0.013454793952405453,3.0975706577301025,0.04060500115156174
1727,32.32596945762634,0.6949047446250916,0.15946505963802338,-0.36205893754959106,0.6762250661849976,0.1756286472082138,-0.09540276229381561,3.1060383319854736,0.034164417535066605
1728,32.336629152297974,0.6949047446250916,0.15946505963802338,-0.36205893754959106,0.6901416182518005,0.20638500154018402,-0.17739561200141907,3.113372564315796,0.02519592083990574
1729,32.36181092262268,0.6949047446250916,0.15946505963802338,-0.36205893754959106,0.7007591724395752,0.22798076272010803,-0.19292645156383514,3.11877703666687,0.01679813116788864
1730,32.372514963150024,0.6949047446250916,0.15946505963802338,-0.36205893754959106,0.7106812000274658,0.2451498806476593,-0.20993301272392273,3.121702194213867,0.01323461253196001
1731,32.398454427719116,0.6949047446250916,0.15946505963802338,-0.36205893754959106,0.7159094214439392,0.2693677544593811,-0.24565766751766205,3.1190130710601807,0.020557381212711334
1732,32.4090211391449,0.6949047446250916,0.15946505963802338,-0.36205893754959106,0.7011624574661255,0.28772178292274475,0.0004805326461791992,3.10684871673584,0.028054744005203247
1733,32.43479824066162,0.6949047446250916,0.15946505963802338,-0.36205893754959106,0.654384195804596,0.24630409479141235,-0.14229506254196167,3.103994846343994,0.025791767984628677
1734,32.44683790206909,0.6949047446250916,0.15946505963802338,-0.36205893754959106,0.6092138290405273,0.19874021410942078,-0.3366346061229706,3.108586072921753,0.027081986889243126
1735,32.47783923149109,0.6949047446250916,0.15946505963802338,-0.36205893754959106,0.5839590430259705,0.16677922010421753,-0.4010327458381653,3.1170554161071777,0.023589232936501503
1736,32.48957300186157,0.6949047446250916,0.15946505963802338,-0.36205893754959106,0.5687735676765442,0.1484738290309906,-0.41640526056289673,3.1253254413604736,0.016435306519269943
1737,32.51408338546753,0.6949047446250916,0.15946505963802338,-0.36205893754959106,0.556388258934021,0.13562420010566711,-0.40864047408103943,3.130551815032959,0.009451967664062977
1738,32.52390480041504,0.6949047446250916,0.15946505963802338,-0.36205893754959106,0.5454628467559814,0.12260019034147263,-0.37808963656425476,3.1320154666900635,0.0050473990850150585
1739,32.54913330078125,0.6949047446250916,0.15946505963802338,-0.36205893754959106,0.5378689169883728,0.10580073297023773,-0.3559660315513611,3.130864143371582,0.0029129034373909235
1740,32.55914330482483,0.6949047446250916,0.15946505963802338,-0.36205893754959106,0.534827709197998,0.08501703292131424,-0.3425642251968384,3.1284127235412598,0.0015227296389639378
1741,32.585113763809204,0.6949047446250916,0.15946505963802338,-0.36205893754959106,0.5355191230773926,0.06303907930850983,-0.32977965474128723,3.125046730041504,0.0005196584388613701
1742,32.59497785568237,0.6949047446250916,0.15946505963802338,-0.36205893754959106,0.5400164127349854,0.040454283356666565,-0.30762356519699097,3.1208677291870117,0.0008058425737544894
1743,32.62057948112488,0.6949047446250916,0.15946505963802338,-0.36205893754959106,0.5505416989326477,0.017392216250300407,-0.27517977356910706,3.1161274909973145,0.002748612780123949
1744,32.63090419769287,0.6949047446250916,0.15946505963802338,-0.36205893754959106,0.5691655278205872,-0.004931190051138401,-0.22823919355869293,3.110651731491089,0.0057039810344576836
1745,32.6560845375061,0.6949047446250916,0.15946505963802338,-0.36205893754959106,0.5951575636863708,-0.028289271518588066,-0.17554232478141785,3.105599880218506,0.009244315326213837
1746,32.66629910469055,0.6949047446250916,0.15946505963802338,-0.36205893754959106,0.6272556781768799,-0.055951062589883804,-0.15752488374710083,3.1047277450561523,0.013230905868113041
1747,32.6907742023468,0.6949047446250916,0.15946505963802338,-0.36205893754959106,0.6622077226638794,-0.08394917100667953,-0.1880660057067871,3.1119251251220703,0.017850708216428757
1748,32.700700521469116,0.6949047446250916,0.15946505963802338,-0.36205893754959106,0.6840628981590271,-0.10554347187280655,-0.271695077419281,3.1301002502441406,0.026721108704805374
1749,32.7264142036438,0.6949047446250916,0.15946505963802338,-0.36205893754959106,0.6935496926307678,-0.09860340505838394,-0.5708786249160767,-3.128298282623291,0.03930811211466789
1750,32.736337184906006,0.6949047446250916,0.15946505963802338,-0.36205893754959106,0.6536139249801636,-0.03841826692223549,-0.38260501623153687,-3.12225604057312,0.04574059322476387
1751,32.76245045661926,0.6949047446250916,0.15946505963802338,-0.36205893754959106,0.608123779296875,0.008654187433421612,-0.29185259342193604,-3.1346628665924072,0.04980015754699707
1752,32.77281165122986,0.6949047446250916,0.15946505963802338,-0.36205893754959106,0.581657350063324,0.04150283336639404,-0.29888463020324707,3.131270408630371,0.05219137296080589
1753,32.79778289794922,0.6949047446250916,0.15946505963802338,-0.36205893754959106,0.5713069438934326,0.06830326467752457,-0.295366108417511,3.1152539253234863,0.05190284550189972
1754,32.80811595916748,0.6949047446250916,0.15946505963802338,-0.36205893754959106,0.5715527534484863,0.09024246037006378,-0.26747649908065796,3.102217674255371,0.048787932842969894
1755,32.832990407943726,0.6949047446250916,0.15946505963802338,-0.36205893754959106,0.5759196877479553,0.10725551843643188,-0.21775224804878235,3.0927422046661377,0.044850677251815796
1756,32.843116760253906,0.6949047446250916,0.15946505963802338,-0.36205893754959106,0.5845834612846375,0.11896467953920364,-0.15296171605587006,3.086981773376465,0.04222477599978447
1757,32.86861968040466,0.6949047446250916,0.15946505963802338,-0.36205893754959106,0.5956810116767883,0.12785354256629944,-0.08424542844295502,3.084932804107666,0.041081298142671585
1758,32.87916135787964,0.6949047446250916,0.15946505963802338,-0.36205893754959106,0.6070263981819153,0.14097504317760468,-0.03859449923038483,3.086601972579956,0.03968539088964462
1759,32.90497875213623,0.6949047446250916,0.15946505963802338,-0.36205893754959106,0.6192172169685364,0.16347868740558624,-0.05695890635251999,3.091365337371826,0.0359860397875309
1760,32.91500473022461,0.6949047446250916,0.15946505963802338,-0.36205893754959106,0.6308165788650513,0.1952734738588333,-0.12759792804718018,3.097400665283203,0.029367532581090927
1761,32.94064974784851,0.6949047446250916,0.15946505963802338,-0.36205893754959106,0.6414546370506287,0.228867307305336,-0.17909258604049683,3.10270619392395,0.02095872163772583
1762,32.955042362213135,0.6949047446250916,0.15946505963802338,-0.36205893754959106,0.6499952673912048,0.2562340795993805,-0.19980350136756897,3.106830358505249,0.01373253483325243
1763,32.98092985153198,0.6949047446250916,0.15946505963802338,-0.36205893754959106,0.6594903469085693,0.2837756276130676,-0.2336924970149994,3.1095333099365234,0.010945302434265614
1764,32.99101424217224,0.6949047446250916,0.15946505963802338,-0.36205893754959106,0.6681901216506958,0.3186647891998291,-0.2792762815952301,3.108022928237915,0.016178708523511887
1765,33.01594400405884,0.6949047446250916,0.15946505963802338,-0.36205893754959106,0.6664754748344421,0.3394773304462433,0.04637325555086136,3.100771427154541,0.011999991722404957
1766,33.02631139755249,0.6949047446250916,0.15946505963802338,-0.36205893754959106,0.629575788974762,0.30640238523483276,-0.0804503932595253,3.100238800048828,0.007223254069685936
1767,33.05275845527649,0.6949047446250916,0.15946505963802338,-0.36205893754959106,0.5995728969573975,0.26159170269966125,-0.3087068200111389,3.1043691635131836,0.010236627422273159
1768,33.06280303001404,0.6949047446250916,0.15946505963802338,-0.36205893754959106,0.584999144077301,0.22569888830184937,-0.3985006809234619,3.1114437580108643,0.008853377774357796
1769,33.08856463432312,0.6949047446250916,0.15946505963802338,-0.36205893754959106,0.5768168568611145,0.20253786444664001,-0.39619046449661255,3.1183459758758545,0.002919059479609132
1770,33.0984206199646,0.6949047446250916,0.15946505963802338,-0.36205893754959106,0.5701597332954407,0.1851455569267273,-0.3850741982460022,3.123591423034668,-0.0029226995538920164
1771,33.125614643096924,0.6949047446250916,0.15946505963802338,-0.36205893754959106,0.566979706287384,0.16980183124542236,-0.368711918592453,3.1267383098602295,-0.006223173346370459
1772,33.13572669029236,0.6949047446250916,0.15946505963802338,-0.36205893754959106,0.5687659978866577,0.15305903553962708,-0.3455979824066162,3.1280570030212402,-0.007356306537985802
1773,33.16122388839722,0.6949047446250916,0.15946505963802338,-0.36205893754959106,0.57570481300354,0.13439354300498962,-0.33353546261787415,3.1280298233032227,-0.007687960751354694
1774,33.17193531990051,0.6949047446250916,0.15946505963802338,-0.36205893754959106,0.5868359208106995,0.11479603499174118,-0.3245430290699005,3.126675605773926,-0.00769241014495492
1775,33.2008638381958,0.6949047446250916,0.15946505963802338,-0.36205893754959106,0.6020486950874329,0.09589514881372452,-0.3040926456451416,3.123985767364502,-0.006642747670412064
1776,33.211670875549316,0.6949047446250916,0.15946505963802338,-0.36205893754959106,0.6235669255256653,0.07964476197957993,-0.2657862901687622,3.119264841079712,-0.004079767968505621
1777,33.23669719696045,0.6949047446250916,0.15946505963802338,-0.36205893754959106,0.6547936797142029,0.06546074151992798,-0.23325702548027039,3.1125717163085938,-0.0010433002607896924
1778,33.24774122238159,0.6949047446250916,0.15946505963802338,-0.36205893754959106,0.6955370903015137,0.05014484375715256,-0.21319881081581116,3.1067917346954346,0.0013164789415895939
1779,33.272193908691406,0.6949047446250916,0.15946505963802338,-0.36205893754959106,0.7403540015220642,0.03175690770149231,-0.23644548654556274,3.106964588165283,0.002879631705582142
1780,33.283424615859985,0.6949047446250916,0.15946505963802338,-0.36205893754959106,0.7805330157279968,0.014683918096125126,-0.33161693811416626,3.117727279663086,0.004558688960969448
1781,33.31384015083313,0.6949047446250916,0.15946505963802338,-0.36205893754959106,0.7945451140403748,0.006712089758366346,-0.43656647205352783,3.141183376312256,0.01120607741177082
1782,33.32439732551575,0.6949047446250916,0.15946505963802338,-0.36205893754959106,0.776311457157135,0.02659234032034874,-0.3810095191001892,-3.1163318157196045,0.027027517557144165
1783,33.350446939468384,0.6949047446250916,0.15946505963802338,-0.36205893754959106,0.7133282423019409,0.07254400849342346,-0.1935732066631317,-3.1150553226470947,0.03627905994653702
1784,33.36080527305603,0.6949047446250916,0.15946505963802338,-0.36205893754959106,0.6538085341453552,0.09922454506158829,-0.17581035196781158,-3.131176233291626,0.04279875010251999
1785,33.38676595687866,0.6949047446250916,0.15946505963802338,-0.36205893754959106,0.6118866801261902,0.11520906537771225,-0.195113867521286,3.13218355178833,0.04993952438235283
1786,33.39778017997742,0.6949047446250916,0.15946505963802338,-0.36205893754959106,0.5898303389549255,0.1266869753599167,-0.204622283577919,3.1146929264068604,0.055445656180381775
1787,33.423864126205444,0.6949047446250916,0.15946505963802338,-0.36205893754959106,0.5845355987548828,0.1364579200744629,-0.1874057650566101,3.101201295852661,0.05661493167281151
1788,33.4352331161499,0.6949047446250916,0.15946505963802338,-0.36205893754959106,0.5891956090927124,0.1463305801153183,-0.13215313851833344,3.0917294025421143,0.05362311750650406
1789,33.461724519729614,0.6949047446250916,0.15946505963802338,-0.36205893754959106,0.6003416180610657,0.1498718112707138,-0.0776471272110939,3.086660146713257,0.04984757676720619
1790,33.47742247581482,0.6949047446250916,0.15946505963802338,-0.36205893754959106,0.6142416596412659,0.14227081835269928,-0.010695226490497589,3.086545467376709,0.04893779382109642
1791,33.504063844680786,0.6949047446250916,0.15946505963802338,-0.36205893754959106,0.6267113089561462,0.1296914964914322,0.09727780520915985,3.09071683883667,0.05121723189949989
1792,33.514068603515625,0.6949047446250916,0.15946505963802338,-0.36205893754959106,0.6364080309867859,0.12306208163499832,0.19153986871242523,3.09781813621521,0.05409339815378189
1793,33.54353904724121,0.6949047446250916,0.15946505963802338,-0.36205893754959106,0.64776211977005,0.12953290343284607,0.20146562159061432,3.1060452461242676,0.05468514561653137
1794,33.55461883544922,0.6949047446250916,0.15946505963802338,-0.36205893754959106,0.6636739373207092,0.1476365625858307,0.1171741783618927,3.114318609237671,0.05156092345714569
1795,33.582382917404175,0.6949047446250916,0.15946505963802338,-0.36205893754959106,0.6817679405212402,0.17410950362682343,-0.025829430669546127,3.122467279434204,0.04481083154678345
1796,33.59282374382019,0.6949047446250916,0.15946505963802338,-0.36205893754959106,0.6988487243652344,0.1979210078716278,-0.1331479847431183,3.1300220489501953,0.03572006896138191
1797,33.61907768249512,0.6949047446250916,0.15946505963802338,-0.36205893754959106,0.7123904824256897,0.21035711467266083,-0.18195830285549164,3.13598370552063,0.027615193277597427
1798,33.62949275970459,0.6949047446250916,0.15946505963802338,-0.36205893754959106,0.7220680713653564,0.2241356521844864,-0.21029391884803772,3.137160062789917,0.02663513273000717
1799,33.654420375823975,0.6949047446250916,0.15946505963802338,-0.36205893754959106,0.7236137986183167,0.24434196949005127,-0.19685649871826172,3.12825083732605,0.039795488119125366
1800,33.66420888900757,0.6949047446250916,0.15946505963802338,-0.36205893754959106,0.7023044228553772,0.24032512307167053,0.10097299516201019,3.113917112350464,0.04288528859615326
1801,33.689120054244995,0.6949047446250916,0.15946505963802338,-0.36205893754959106,0.6560326814651489,0.19326022267341614,-0.18339192867279053,3.117863416671753,0.03310425952076912
1802,33.698933839797974,0.6949047446250916,0.15946505963802338,-0.36205893754959106,0.6132710576057434,0.15905500948429108,-0.3505462408065796,3.1288976669311523,0.025798970833420753
1803,33.726370096206665,0.6949047446250916,0.15946505963802338,-0.36205893754959106,0.5901312232017517,0.13952481746673584,-0.39107227325439453,3.1381685733795166,0.02027815580368042
1804,33.7377233505249,0.6949047446250916,0.15946505963802338,-0.36205893754959106,0.5781249403953552,0.1270604431629181,-0.38117891550064087,-3.141120672225952,0.015382017008960247
1805,33.763588190078735,0.6949047446250916,0.15946505963802338,-0.36205893754959106,0.5675766468048096,0.11485569179058075,-0.32893237471580505,3.140756368637085,0.012100075371563435
1806,33.77454423904419,0.6949047446250916,0.15946505963802338,-0.36205893754959106,0.5592480301856995,0.09888370335102081,-0.2839333415031433,3.136495351791382,0.010702299885451794
1807,33.8008759021759,0.6949047446250916,0.15946505963802338,-0.36205893754959106,0.555224597454071,0.07794339954853058,-0.2698964476585388,3.131284475326538,0.009833534248173237
1808,33.81187391281128,0.6949047446250916,0.15946505963802338,-0.36205893754959106,0.5542911291122437,0.05426977947354317,-0.2543656826019287,3.125840187072754,0.009400028735399246
1809,33.836618423461914,0.6949047446250916,0.15946505963802338,-0.36205893754959106,0.5574422478675842,0.02939421497285366,-0.2232068032026291,3.1202824115753174,0.010653083212673664
1810,33.84649157524109,0.6949047446250916,0.15946505963802338,-0.36205893754959106,0.5675440430641174,0.0037798716221004725,-0.17844322323799133,3.1146204471588135,0.014032475650310516
1811,33.87501573562622,0.6949047446250916,0.15946505963802338,-0.36205893754959106,0.5867577791213989,-0.022421944886446,-0.11489130556583405,3.1087279319763184,0.018931051716208458
1812,33.88856816291809,0.6949047446250916,0.15946505963802338,-0.36205893754959106,0.613382875919342,-0.05171988904476166,-0.0611618235707283,3.104768991470337,0.024890942499041557
1813,33.914268493652344,0.6949047446250916,0.15946505963802338,-0.36205893754959106,0.646293044090271,-0.08501400053501129,-0.061085425317287445,3.1071317195892334,0.03142552822828293
1814,33.92442536354065,0.6949047446250916,0.15946505963802338,-0.36205893754959106,0.6788626313209534,-0.11588913202285767,-0.11439719796180725,3.1192338466644287,0.03906696289777756
1815,33.94978356361389,0.6949047446250916,0.15946505963802338,-0.36205893754959106,0.6999764442443848,-0.1315610706806183,-0.36992502212524414,-3.140713691711426,0.05137670040130615
1816,33.960257053375244,0.6949047446250916,0.15946505963802338,-0.36205893754959106,0.6914103627204895,-0.10410409420728683,-0.5447237491607666,-3.1223604679107666,0.0610165111720562
1817,33.985440731048584,0.6949047446250916,0.15946505963802338,-0.36205893754959106,0.6463240385055542,-0.04181971773505211,-0.329979807138443,-3.1254498958587646,0.06618339568376541
1818,33.99567484855652,0.6949047446250916,0.15946505963802338,-0.36205893754959106,0.6065869331359863,-0.00015739869559183717,-0.2835656702518463,3.141075372695923,0.06853186339139938
1819,34.02110242843628,0.6949047446250916,0.15946505963802338,-0.36205893754959106,0.5836412906646729,0.0312014352530241,-0.28374165296554565,3.123175859451294,0.06881560385227203
1820,34.031394720077515,0.6949047446250916,0.15946505963802338,-0.36205893754959106,0.574808657169342,0.05913836881518364,-0.26659655570983887,3.1077332496643066,0.06623159348964691
1821,34.05669665336609,0.6949047446250916,0.15946505963802338,-0.36205893754959106,0.5754612684249878,0.08431851863861084,-0.21566122770309448,3.095158338546753,0.060786422342061996
1822,34.06700801849365,0.6949047446250916,0.15946505963802338,-0.36205893754959106,0.5813136696815491,0.10418744385242462,-0.14038100838661194,3.085707664489746,0.054774556308984756
1823,34.09293055534363,0.6949047446250916,0.15946505963802338,-0.36205893754959106,0.5926292538642883,0.1166016235947609,-0.049199990928173065,3.0799622535705566,0.05063999071717262
1824,34.103535652160645,0.6949047446250916,0.15946505963802338,-0.36205893754959106,0.6062687039375305,0.1246882900595665,0.0444662943482399,3.0785903930664062,0.048345163464546204
1825,34.128695249557495,0.6949047446250916,0.15946505963802338,-0.36205893754959106,0.619140625,0.13770036399364471,0.09567761421203613,3.0818629264831543,0.04574093222618103
1826,34.140055894851685,0.6949047446250916,0.15946505963802338,-0.36205893754959106,0.6306794881820679,0.16084840893745422,0.05577545985579491,3.089006185531616,0.041071802377700806
1827,34.16675162315369,0.6949047446250916,0.15946505963802338,-0.36205893754959106,0.6409489512443542,0.19398947060108185,-0.025480303913354874,3.097287654876709,0.03392494097352028
1828,34.17732095718384,0.6949047446250916,0.15946505963802338,-0.36205893754959106,0.65061354637146,0.22571022808551788,-0.07065293192863464,3.1040496826171875,0.025381753221154213
1829,34.20487332344055,0.6949047446250916,0.15946505963802338,-0.36205893754959106,0.6591634750366211,0.24788770079612732,-0.10271545499563217,3.108942985534668,0.018278799951076508
1830,34.21584892272949,0.6949047446250916,0.15946505963802338,-0.36205893754959106,0.6674177646636963,0.2728140950202942,-0.15353067219257355,3.1112959384918213,0.016466103494167328
1831,34.24114418029785,0.6949047446250916,0.15946505963802338,-0.36205893754959106,0.6180405616760254,0.3372803032398224,-0.35382547974586487,3.1072516441345215,0.02455724962055683
1832,34.25410294532776,0.6949047446250916,0.15946505963802338,-0.36205893754959106,0.6203662753105164,0.28744882345199585,-0.25842323899269104,3.0958142280578613,0.030746078118681908
1833,34.28079009056091,0.6949047446250916,0.15946505963802338,-0.36205893754959106,0.5965502858161926,0.23383645713329315,-0.23553264141082764,3.0910940170288086,0.03936414420604706
1834,34.29209518432617,0.6949047446250916,0.15946505963802338,-0.36205893754959106,0.5820282697677612,0.18858645856380463,-0.3616514503955841,3.0970089435577393,0.039482079446315765
1835,34.3172664642334,0.6949047446250916,0.15946505963802338,-0.36205893754959106,0.5697923302650452,0.16721639037132263,-0.4093778729438782,3.1054210662841797,0.029790788888931274
1836,34.32783603668213,0.6949047446250916,0.15946505963802338,-0.36205893754959106,0.5562891364097595,0.15652047097682953,-0.41507571935653687,3.111605644226074,0.01868772879242897
1837,34.353270053863525,0.6949047446250916,0.15946505963802338,-0.36205893754959106,0.547404944896698,0.1449044793844223,-0.41431257128715515,3.1152310371398926,0.010323435068130493
1838,34.36427402496338,0.6949047446250916,0.15946505963802338,-0.36205893754959106,0.5436903238296509,0.1294543743133545,-0.39521121978759766,3.116936206817627,0.004412672948092222
1839,34.39188027381897,0.6949047446250916,0.15946505963802338,-0.36205893754959106,0.5447056889533997,0.11035509407520294,-0.37421923875808716,3.117295026779175,-0.0002750977291725576
1840,34.40571355819702,0.6949047446250916,0.15946505963802338,-0.36205893754959106,0.5502049326896667,0.08901312202215195,-0.36886465549468994,3.116339683532715,-0.004642335698008537
1841,34.433573961257935,0.6949047446250916,0.15946505963802338,-0.36205893754959106,0.5587933659553528,0.06707967072725296,-0.3632902503013611,3.1138694286346436,-0.008280047215521336
1842,34.44381594657898,0.6949047446250916,0.15946505963802338,-0.36205893754959106,0.5719016194343567,0.045353662222623825,-0.3456427752971649,3.109856605529785,-0.010348630137741566
1843,34.468579053878784,0.6949047446250916,0.15946505963802338,-0.36205893754959106,0.5917149782180786,0.026280786842107773,-0.3140149414539337,3.103696584701538,-0.010809754952788353
1844,34.47884750366211,0.6949047446250916,0.15946505963802338,-0.36205893754959106,0.6193187832832336,0.008489133790135384,-0.2727765440940857,3.0960607528686523,-0.010094827972352505
1845,34.50396704673767,0.6949047446250916,0.15946505963802338,-0.36205893754959106,0.6529439091682434,-0.012673864141106606,-0.24620667099952698,3.090827703475952,-0.008606163784861565
1846,34.51408576965332,0.6949047446250916,0.15946505963802338,-0.36205893754959106,0.690551221370697,-0.038095105439424515,-0.2742496132850647,3.0931789875030518,-0.006703933235257864
1847,34.53963351249695,0.6949047446250916,0.15946505963802338,-0.36205893754959106,0.7205932140350342,-0.060002777725458145,-0.3604416251182556,3.1065187454223633,-0.0022014540154486895
1848,34.55054426193237,0.6949047446250916,0.15946505963802338,-0.36205893754959106,0.7372302412986755,-0.07052525132894516,-0.5113824605941772,3.1316945552825928,0.010153713636100292
1849,34.57678747177124,0.6949047446250916,0.15946505963802338,-0.36205893754959106,0.7053474187850952,-0.027227699756622314,-0.44283628463745117,-3.1355466842651367,0.02149832993745804
1850,34.58769083023071,0.6949047446250916,0.15946505963802338,-0.36205893754959106,0.652780294418335,0.023800434544682503,-0.3103676438331604,-3.140648126602173,0.02820066548883915
1851,34.613104581832886,0.6949047446250916,0.15946505963802338,-0.36205893754959106,0.6152902841567993,0.05727962404489517,-0.31031110882759094,3.126767873764038,0.032403044402599335
1852,34.62353515625,0.6949047446250916,0.15946505963802338,-0.36205893754959106,0.5927188396453857,0.08214619755744934,-0.31452256441116333,3.1097168922424316,0.03499414771795273
1853,34.65035915374756,0.6949047446250916,0.15946505963802338,-0.36205893754959106,0.5840020179748535,0.10252026468515396,-0.2940441370010376,3.0951547622680664,0.03505745530128479
1854,34.6612503528595,0.6949047446250916,0.15946505963802338,-0.36205893754959106,0.5834129452705383,0.11941690742969513,-0.2452351301908493,3.0841422080993652,0.032692741602659225
1855,34.68821978569031,0.6949047446250916,0.15946505963802338,-0.36205893754959106,0.5872912406921387,0.13120359182357788,-0.19081591069698334,3.076984167098999,0.03016171231865883
1856,34.69809079170227,0.6949047446250916,0.15946505963802338,-0.36205893754959106,0.5959704518318176,0.13726671040058136,-0.12595084309577942,3.0735037326812744,0.029525823891162872
1857,34.723644971847534,0.6949047446250916,0.15946505963802338,-0.36205893754959106,0.6072455048561096,0.14016859233379364,-0.051855459809303284,3.073641300201416,0.0306257214397192
1858,34.733864545822144,0.6949047446250916,0.15946505963802338,-0.36205893754959106,0.6194212436676025,0.14791449904441833,2.487562596797943e-05,3.0775623321533203,0.031238017603754997
1859,34.75995969772339,0.6949047446250916,0.15946505963802338,-0.36205893754959106,0.6330164074897766,0.1660367250442505,-0.024926571175456047,3.084653854370117,0.02898847684264183
1860,34.769968032836914,0.6949047446250916,0.15946505963802338,-0.36205893754959106,0.6465853452682495,0.1946716010570526,-0.11588288843631744,3.0928778648376465,0.023167479783296585
1861,34.795857429504395,0.6949047446250916,0.15946505963802338,-0.36205893754959106,0.6589661836624146,0.22575566172599792,-0.18266001343727112,3.0998117923736572,0.014963202178478241
1862,34.80652475357056,0.6949047446250916,0.15946505963802338,-0.36205893754959106,0.6688247323036194,0.2495197057723999,-0.19907552003860474,3.1047754287719727,0.007411694619804621
1863,34.832271099090576,0.6949047446250916,0.15946505963802338,-0.36205893754959106,0.6777414679527283,0.2709048390388489,-0.22349928319454193,3.107590675354004,0.004516263492405415
1864,34.842607259750366,0.6949047446250916,0.15946505963802338,-0.36205893754959106,0.6828683018684387,0.2986486852169037,-0.2713117301464081,3.1056020259857178,0.011495182290673256
1865,34.86917757987976,0.6949047446250916,0.15946505963802338,-0.36205893754959106,0.6705251336097717,0.3057945668697357,0.09133142977952957,3.0985119342803955,0.008435956202447414
1866,34.87990975379944,0.6949047446250916,0.15946505963802338,-0.36205893754959106,0.6233769059181213,0.2651735544204712,-0.1028427928686142,3.098816394805908,0.004437832627445459
1867,34.906988859176636,0.6949047446250916,0.15946505963802338,-0.36205893754959106,0.5839439034461975,0.22019845247268677,-0.3537769615650177,3.1027004718780518,0.00835308525711298
1868,34.91940689086914,0.6949047446250916,0.15946505963802338,-0.36205893754959106,0.5630902647972107,0.1864791214466095,-0.4205622375011444,3.109236717224121,0.007727218791842461
1869,34.944315910339355,0.6949047446250916,0.15946505963802338,-0.36205893754959106,0.5504817962646484,0.16564366221427917,-0.41201159358024597,3.1159322261810303,0.0020433797035366297
1870,34.95430016517639,0.6949047446250916,0.15946505963802338,-0.36205893754959106,0.5390122532844543,0.14974574744701385,-0.3996104896068573,3.1208994388580322,-0.004067187663167715
1871,34.97945833206177,0.6949047446250916,0.15946505963802338,-0.36205893754959106,0.5297973155975342,0.1340116560459137,-0.38166266679763794,3.1234421730041504,-0.007832197472453117
1872,34.98988056182861,0.6949047446250916,0.15946505963802338,-0.36205893754959106,0.5244707465171814,0.11577720195055008,-0.3635687828063965,3.123967409133911,-0.009354235604405403
1873,35.01471471786499,0.6949047446250916,0.15946505963802338,-0.36205893754959106,0.5240248441696167,0.09472242742776871,-0.34835660457611084,3.1232821941375732,-0.009978420101106167
1874,35.02478861808777,0.6949047446250916,0.15946505963802338,-0.36205893754959106,0.5275946855545044,0.07255104184150696,-0.3383626341819763,3.1215696334838867,-0.01025147084146738
1875,35.04947471618652,0.6949047446250916,0.15946505963802338,-0.36205893754959106,0.5348204374313354,0.050093695521354675,-0.3198601007461548,3.1188111305236816,-0.009494449011981487
1876,35.0596923828125,0.6949047446250916,0.15946505963802338,-0.36205893754959106,0.5477670431137085,0.027283484116196632,-0.29040345549583435,3.1152522563934326,-0.007303803227841854
1877,35.08495306968689,0.6949047446250916,0.15946505963802338,-0.36205893754959106,0.5685055255889893,0.005528214853256941,-0.24946919083595276,3.11075758934021,-0.004264019895344973
1878,35.09567666053772,0.6949047446250916,0.15946505963802338,-0.36205893754959106,0.5974431037902832,-0.016447294503450394,-0.20114704966545105,3.1061015129089355,-0.0010989521397277713
1879,35.122037410736084,0.6949047446250916,0.15946505963802338,-0.36205893754959106,0.6325362920761108,-0.04224302992224693,-0.1745661199092865,3.1045775413513184,0.0019424036145210266
1880,35.132460832595825,0.6949047446250916,0.15946505963802338,-0.36205893754959106,0.6714967489242554,-0.07002745568752289,-0.2002270519733429,3.1101489067077637,0.004885092377662659
1881,35.158209562301636,0.6949047446250916,0.15946505963802338,-0.36205893754959106,0.7016410827636719,-0.0918351262807846,-0.2773643732070923,3.125488758087158,0.010335732251405716
1882,35.16822600364685,0.6949047446250916,0.15946505963802338,-0.36205893754959106,0.7142549157142639,-0.09897466003894806,-0.4500700831413269,-3.131892681121826,0.023838352411985397
1883,35.193840980529785,0.6949047446250916,0.15946505963802338,-0.36205893754959106,0.6860536932945251,-0.049025945365428925,-0.3715011775493622,-3.1185028553009033,0.03426583856344223
1884,35.20377802848816,0.6949047446250916,0.15946505963802338,-0.36205893754959106,0.6389152407646179,0.0003519212477840483,-0.275762677192688,-3.126415967941284,0.039140354841947556
1885,35.23138904571533,0.6949047446250916,0.15946505963802338,-0.36205893754959106,0.6057653427124023,0.03390190005302429,-0.2804536819458008,3.139366626739502,0.04191427677869797
1886,35.24332070350647,0.6949047446250916,0.15946505963802338,-0.36205893754959106,0.5889558792114258,0.059665799140930176,-0.2854187488555908,3.121384620666504,0.04323714226484299
1887,35.27215003967285,0.6949047446250916,0.15946505963802338,-0.36205893754959106,0.5862084627151489,0.08069582283496857,-0.26376864314079285,3.106133460998535,0.04208089038729668
1888,35.283855676651,0.6949047446250916,0.15946505963802338,-0.36205893754959106,0.5906327366828918,0.09684942662715912,-0.2155817747116089,3.094567060470581,0.039210859686136246
1889,35.31228232383728,0.6949047446250916,0.15946505963802338,-0.36205893754959106,0.599754810333252,0.10696383565664291,-0.15214087069034576,3.086998701095581,0.03695881366729736
1890,35.3239004611969,0.6949047446250916,0.15946505963802338,-0.36205893754959106,0.6122830510139465,0.11214371770620346,-0.07535393536090851,3.0833394527435303,0.036645449697971344
1891,35.34886336326599,0.6949047446250916,0.15946505963802338,-0.36205893754959106,0.6256429553031921,0.1175098866224289,-0.0023078317753970623,3.0836997032165527,0.03724537789821625
1892,35.359158515930176,0.6949047446250916,0.15946505963802338,-0.36205893754959106,0.6402384042739868,0.1310988813638687,0.02508673258125782,3.0877840518951416,0.036268457770347595
1893,35.38464665412903,0.6949047446250916,0.15946505963802338,-0.36205893754959106,0.6556720733642578,0.15483735501766205,-0.032429151237010956,3.0945873260498047,0.03211381658911705
1894,35.395124435424805,0.6949047446250916,0.15946505963802338,-0.36205893754959106,0.6702925562858582,0.18667855858802795,-0.12487175315618515,3.1021180152893066,0.02496076002717018
1895,35.42085814476013,0.6949047446250916,0.15946505963802338,-0.36205893754959106,0.6832190155982971,0.21609564125537872,-0.16763652861118317,3.1086723804473877,0.01653837412595749
1896,35.431551694869995,0.6949047446250916,0.15946505963802338,-0.36205893754959106,0.6939908266067505,0.23733270168304443,-0.18447229266166687,3.11380672454834,0.010301526635885239
1897,35.456514835357666,0.6949047446250916,0.15946505963802338,-0.36205893754959106,0.7069185972213745,0.26220011711120605,-0.22402502596378326,3.1162333488464355,0.00997665524482727
1898,35.46660232543945,0.6949047446250916,0.15946505963802338,-0.36205893754959106,0.7161709070205688,0.293969988822937,-0.2608399987220764,3.1118528842926025,0.020243827253580093
1899,35.4921441078186,0.6949047446250916,0.15946505963802338,-0.36205893754959106,0.7057112455368042,0.3043827414512634,0.17089182138442993,3.100072145462036,0.019120706245303154
1900,35.502734661102295,0.6949047446250916,0.15946505963802338,-0.36205893754959106,0.6545475125312805,0.2626236081123352,-0.11137352138757706,3.0995328426361084,0.012526785023510456
1901,35.52847218513489,0.6949047446250916,0.15946505963802338,-0.36205893754959106,0.6091336607933044,0.21774546802043915,-0.30053019523620605,3.104381799697876,0.012551804073154926
1902,35.538729429244995,0.6949047446250916,0.15946505963802338,-0.36205893754959106,0.5872975587844849,0.18861177563667297,-0.3452375531196594,3.1107072830200195,0.011031324975192547
1903,35.563934087753296,0.6949047446250916,0.15946505963802338,-0.36205893754959106,0.5761698484420776,0.17186039686203003,-0.323788583278656,3.1155049800872803,0.00742045184597373
1904,35.57457089424133,0.6949047446250916,0.15946505963802338,-0.36205893754959106,0.5667133331298828,0.1600581556558609,-0.28272545337677,3.1171483993530273,0.004882314242422581
1905,35.59939670562744,0.6949047446250916,0.15946505963802338,-0.36205893754959106,0.559200644493103,0.1474849283695221,-0.24833990633487701,3.115917444229126,0.005079126916825771
1906,35.60952186584473,0.6949047446250916,0.15946505963802338,-0.36205893754959106,0.5565089583396912,0.13041675090789795,-0.2310786247253418,3.113487482070923,0.006892815697938204
1907,35.634883880615234,0.6949047446250916,0.15946505963802338,-0.36205893754959106,0.5582390427589417,0.10973817855119705,-0.21717965602874756,3.1110596656799316,0.00915540847927332
1908,35.64630722999573,0.6949047446250916,0.15946505963802338,-0.36205893754959106,0.5639734864234924,0.08817857503890991,-0.19870519638061523,3.1087348461151123,0.012234455905854702
1909,35.672614097595215,0.6949047446250916,0.15946505963802338,-0.36205893754959106,0.5752460360527039,0.06630141288042068,-0.17129215598106384,3.1064107418060303,0.01674957573413849
1910,35.6830530166626,0.6949047446250916,0.15946505963802338,-0.36205893754959106,0.5946897268295288,0.045614227652549744,-0.12580908834934235,3.1035983562469482,0.022409707307815552
1911,35.708388566970825,0.6949047446250916,0.15946505963802338,-0.36205893754959106,0.6251761317253113,0.025138309225440025,-0.06946045160293579,3.1003167629241943,0.02784000150859356
1912,35.71828556060791,0.6949047446250916,0.15946505963802338,-0.36205893754959106,0.6641133427619934,0.00230873329564929,-0.033426593989133835,3.0994255542755127,0.032097041606903076
1913,35.74341559410095,0.6949047446250916,0.15946505963802338,-0.36205893754959106,0.7068873643875122,-0.022991808131337166,-0.06006453186273575,3.105628728866577,0.0352000966668129
1914,35.75344133377075,0.6949047446250916,0.15946505963802338,-0.36205893754959106,0.7445725202560425,-0.04337102174758911,-0.14847727119922638,3.121953010559082,0.03827938437461853
1915,35.778411865234375,0.6949047446250916,0.15946505963802338,-0.36205893754959106,0.7552624940872192,-0.05349079519510269,-0.2534688115119934,-3.133513927459717,0.04648815840482712
1916,35.78897547721863,0.6949047446250916,0.15946505963802338,-0.36205893754959106,0.7365638017654419,-0.03124813921749592,-0.2838127613067627,-3.104541301727295,0.0623212605714798
1917,35.814406394958496,0.6949047446250916,0.15946505963802338,-0.36205893754959106,0.6845574378967285,0.022037170827388763,-0.15849167108535767,-3.1015796661376953,0.06856243312358856
1918,35.824668645858765,0.6949047446250916,0.15946505963802338,-0.36205893754959106,0.632814884185791,0.055644433945417404,-0.15445660054683685,-3.1176438331604004,0.06950217485427856
1919,35.852928161621094,0.6949047446250916,0.15946505963802338,-0.36205893754959106,0.5950380563735962,0.0790378749370575,-0.16780732572078705,-3.1383278369903564,0.07095540314912796
1920,35.86683392524719,0.6949047446250916,0.15946505963802338,-0.36205893754959106,0.5766088366508484,0.09758812189102173,-0.1675194352865219,3.1259164810180664,0.07155133783817291
1921,35.8920681476593,0.6949047446250916,0.15946505963802338,-0.36205893754959106,0.5732144117355347,0.11328557133674622,-0.13486634194850922,3.110499382019043,0.06894216686487198
1922,35.90178847312927,0.6949047446250916,0.15946505963802338,-0.36205893754959106,0.5778041481971741,0.12624815106391907,-0.06396326422691345,3.099026918411255,0.06379134207963943
1923,35.926671743392944,0.6949047446250916,0.15946505963802338,-0.36205893754959106,0.5873867869377136,0.13043777644634247,0.008124635554850101,3.0923521518707275,0.05939769372344017
1924,35.93671941757202,0.6949047446250916,0.15946505963802338,-0.36205893754959106,0.5987200140953064,0.12604254484176636,0.09736640006303787,3.0908241271972656,0.058046746999025345
1925,35.96204400062561,0.6949047446250916,0.15946505963802338,-0.36205893754959106,0.6072618365287781,0.12136860936880112,0.18504475057125092,3.0938076972961426,0.05871174857020378
1926,35.97191596031189,0.6949047446250916,0.15946505963802338,-0.36205893754959106,0.6146273016929626,0.12718430161476135,0.21359741687774658,3.0997509956359863,0.05875055491924286
1927,35.997194051742554,0.6949047446250916,0.15946505963802338,-0.36205893754959106,0.624858021736145,0.14549517631530762,0.15512368083000183,3.1069512367248535,0.056078631430864334
1928,36.0071964263916,0.6949047446250916,0.15946505963802338,-0.36205893754959106,0.6378461122512817,0.17424604296684265,0.04236137494444847,3.114032030105591,0.04991481825709343
1929,36.03269910812378,0.6949047446250916,0.15946505963802338,-0.36205893754959106,0.6514109373092651,0.2031632959842682,-0.05637092888355255,3.1201171875,0.04096721485257149
1930,36.04301714897156,0.6949047446250916,0.15946505963802338,-0.36205893754959106,0.6628714203834534,0.2221805900335312,-0.1258486956357956,3.12498140335083,0.032029639929533005
1931,36.06817054748535,0.6949047446250916,0.15946505963802338,-0.36205893754959106,0.6733222603797913,0.239131361246109,-0.19123117625713348,3.1273789405822754,0.027366595342755318
1932,36.07800364494324,0.6949047446250916,0.15946505963802338,-0.36205893754959106,0.6764736175537109,0.2639821469783783,-0.2103666216135025,3.123444080352783,0.03351758047938347
1933,36.10374116897583,0.6949047446250916,0.15946505963802338,-0.36205893754959106,0.6676231026649475,0.274269163608551,0.028903137892484665,3.1110143661499023,0.040230557322502136
1934,36.113693952560425,0.6949047446250916,0.15946505963802338,-0.36205893754959106,0.6271277666091919,0.22308304905891418,-0.02573460340499878,3.1180286407470703,0.03430802375078201
1935,36.1389479637146,0.6949047446250916,0.15946505963802338,-0.36205893754959106,0.5904133319854736,0.1797560602426529,-0.2934596538543701,3.1353366374969482,0.030333776026964188
1936,36.153459548950195,0.6949047446250916,0.15946505963802338,-0.36205893754959106,0.5729374885559082,0.15498527884483337,-0.4057949185371399,-3.1361374855041504,0.026691684499382973
1937,36.19165587425232,0.6949047446250916,0.15946505963802338,-0.36205893754959106,0.5654273629188538,0.13836319744586945,-0.396335244178772,-3.1332719326019287,0.02288108319044113
1938,36.20314049720764,0.6949047446250916,0.15946505963802338,-0.36205893754959106,0.5593911409378052,0.12202567607164383,-0.3209304213523865,-3.136002540588379,0.02052053064107895
1939,36.22860932350159,0.6949047446250916,0.15946505963802338,-0.36205893754959106,0.5562784075737,0.10339009016752243,-0.2717742323875427,-3.140838384628296,0.01991158351302147
1940,36.23887872695923,0.6949047446250916,0.15946505963802338,-0.36205893754959106,0.5566750764846802,0.08092916756868362,-0.2660064101219177,3.137289524078369,0.01997515931725502
1941,36.26408314704895,0.6949047446250916,0.15946505963802338,-0.36205893754959106,0.5606144070625305,0.05649818107485771,-0.2570117712020874,3.1322054862976074,0.020710306242108345
1942,36.27460813522339,0.6949047446250916,0.15946505963802338,-0.36205893754959106,0.569539487361908,0.032416827976703644,-0.22557097673416138,3.12634015083313,0.02283538319170475
1943,36.29985761642456,0.6949047446250916,0.15946505963802338,-0.36205893754959106,0.586385190486908,0.01012121606618166,-0.17457818984985352,3.118868589401245,0.026249215006828308
1944,36.310622453689575,0.6949047446250916,0.15946505963802338,-0.36205893754959106,0.611045777797699,-0.01336235087364912,-0.1126822829246521,3.111074209213257,0.030648987740278244
1945,36.335821866989136,0.6949047446250916,0.15946505963802338,-0.36205893754959106,0.6414124965667725,-0.04242724925279617,-0.08847677707672119,3.107490301132202,0.03572602570056915
1946,36.34660005569458,-0.1963636726140976,-0.14146332442760468,0.2174074500799179,0.6761545538902283,-0.07530498504638672,-0.13344216346740723,3.1124913692474365,0.04071890935301781
1947,36.37486004829407,-0.1963636726140976,-0.14146332442760468,0.2174074500799179,0.6646823287010193,-0.06316793709993362,-0.3203440308570862,3.1161692142486572,0.040560975670814514
1948,36.38542819023132,-0.1963636726140976,-0.14146332442760468,0.2174074500799179,0.6178265810012817,0.0011590637732297182,-0.5195899605751038,3.1031596660614014,0.03155740723013878
1949,36.41089916229248,-0.1963636726140976,-0.14146332442760468,0.2174074500799179,0.5031768083572388,0.05746159330010414,-0.11166294664144516,3.076653242111206,0.028422467410564423
1950,36.4209098815918,-0.1963636726140976,-0.14146332442760468,0.2174074500799179,0.4418390691280365,0.08629574626684189,0.15832920372486115,3.0519134998321533,0.04628734663128853
1951,36.446420431137085,-0.1963636726140976,-0.14146332442760468,0.2174074500799179,0.4395202100276947,0.0938105508685112,0.24588285386562347,3.035416603088379,0.06628452986478806
1952,36.45670461654663,-0.1963636726140976,-0.14146332442760468,0.2174074500799179,0.45751380920410156,0.09177593886852264,0.29917365312576294,3.026176929473877,0.07688381522893906
1953,36.482375621795654,-0.1963636726140976,-0.14146332442760468,0.2174074500799179,0.4655326306819916,0.09108980000019073,0.3880404531955719,3.0213592052459717,0.07870351523160934
1954,36.49394512176514,-0.1963636726140976,-0.14146332442760468,0.2174074500799179,0.4535257816314697,0.09347273409366608,0.47035902738571167,3.021946430206299,0.07771449536085129
1955,36.519020318984985,-0.1963636726140976,-0.14146332442760468,0.2174074500799179,0.42938169836997986,0.10191923379898071,0.46049079298973083,3.0308241844177246,0.07849741727113724
1956,36.52944779396057,-0.1963636726140976,-0.14146332442760468,0.2174074500799179,0.40296486020088196,0.11942444741725922,0.37085211277008057,3.0474917888641357,0.08083020895719528
1957,36.556705474853516,-0.1963636726140976,-0.14146332442760468,0.2174074500799179,0.3778000771999359,0.14092476665973663,0.2856908440589905,3.06661319732666,0.08358041197061539
1958,36.56772255897522,-0.1963636726140976,-0.14146332442760468,0.2174074500799179,0.3541010618209839,0.15396720170974731,0.21516786515712738,3.08247447013855,0.08859168738126755
1959,36.59328746795654,-0.1963636726140976,-0.14146332442760468,0.2174074500799179,0.3333781063556671,0.16511166095733643,0.11856890469789505,3.0916478633880615,0.09773284941911697
1960,36.603463649749756,-0.1963636726140976,-0.14146332442760468,0.2174074500799179,0.3110903203487396,0.18227636814117432,0.04877753555774689,3.0942952632904053,0.11130429804325104
1961,36.63080811500549,-0.1963636726140976,-0.14146332442760468,0.2174074500799179,0.2766149938106537,0.18004818260669708,0.3193597197532654,3.095621109008789,0.11811266094446182
1962,36.64199709892273,-0.1963636726140976,-0.14146332442760468,0.2174074500799179,0.19711509346961975,0.12111472338438034,0.32120993733406067,3.111948013305664,0.1126328781247139
1963,36.66737914085388,-0.1963636726140976,-0.14146332442760468,0.2174074500799179,0.13428649306297302,0.07624072581529617,0.1776764690876007,3.127993106842041,0.1113266870379448
1964,36.67800855636597,-0.1963636726140976,-0.14146332442760468,0.2174074500799179,0.08161936700344086,0.042783621698617935,0.10228496789932251,3.1367592811584473,0.10773638635873795
1965,36.70410704612732,-0.1963636726140976,-0.14146332442760468,0.2174074500799179,0.0267476886510849,0.010247515514492989,0.08283500373363495,-3.141503095626831,0.10120758414268494
1966,36.71475863456726,-0.1963636726140976,-0.14146332442760468,0.2174074500799179,-0.027667194604873657,-0.020342350006103516,0.1486612856388092,-3.1388819217681885,0.0942758321762085
1967,36.739787578582764,-0.1963636726140976,-0.14146332442760468,0.2174074500799179,-0.08385757356882095,-0.04798996448516846,0.2329995483160019,-3.13865065574646,0.08955378085374832
1968,36.75027656555176,-0.1963636726140976,-0.14146332442760468,0.2174074500799179,-0.1393919140100479,-0.07388275861740112,0.2689860463142395,-3.1391537189483643,0.08872196823358536
1969,36.77600979804993,-0.1963636726140976,-0.14146332442760468,0.2174074500799179,-0.1917698085308075,-0.09788946062326431,0.25799882411956787,-3.1395905017852783,0.09041457623243332
1970,36.78612494468689,-0.1963636726140976,-0.14146332442760468,0.2174074500799179,-0.24182121455669403,-0.12017206102609634,0.24555063247680664,-3.140073776245117,0.092825748026371
1971,36.8111674785614,-0.1963636726140976,-0.14146332442760468,0.2174074500799179,-0.2910595238208771,-0.14150623977184296,0.25413674116134644,-3.140413522720337,0.0953676626086235
1972,36.820842027664185,-0.1963636726140976,-0.14146332442760468,0.2174074500799179,-0.33944591879844666,-0.16122505068778992,0.2756178379058838,-3.1401829719543457,0.09808902442455292
1973,36.84576749801636,-0.1963636726140976,-0.14146332442760468,0.2174074500799179,-0.3831256031990051,-0.1765662580728531,0.2898019552230835,-3.1393380165100098,0.10088510066270828
1974,36.85603332519531,-0.1963636726140976,-0.14146332442760468,0.2174074500799179,-0.4220595359802246,-0.18600165843963623,0.2568305730819702,-3.137112617492676,0.10467445850372314
1975,36.88054895401001,-0.1963636726140976,-0.14146332442760468,0.2174074500799179,-0.4618186056613922,-0.1947992891073227,0.15706686675548553,-3.131638765335083,0.11108589172363281
1976,36.891369104385376,-0.1963636726140976,-0.14146332442760468,0.2174074500799179,-0.419680655002594,-0.18065890669822693,0.21753375232219696,-3.124021053314209,0.11253274977207184
1977,36.916160106658936,-0.1963636726140976,-0.14146332442760468,0.2174074500799179,-0.37887701392173767,-0.14752668142318726,0.4097045361995697,-3.124744415283203,0.099716916680336
1978,36.926212310791016,-0.1963636726140976,-0.14146332442760468,0.2174074500799179,-0.36010241508483887,-0.12379377335309982,0.5088420510292053,-3.126788854598999,0.08919128030538559
1979,36.951581716537476,-0.1963636726140976,-0.14146332442760468,0.2174074500799179,-0.33606088161468506,-0.09933026134967804,0.5078636407852173,-3.126558303833008,0.08246929198503494
1980,36.9618501663208,-0.1963636726140976,-0.14146332442760468,0.2174074500799179,-0.3021204173564911,-0.07037534564733505,0.4003031849861145,-3.124410629272461,0.07464754581451416
1981,36.987106800079346,-0.1963636726140976,-0.14146332442760468,0.2174074500799179,-0.27666372060775757,-0.04589647799730301,0.2730115056037903,-3.124143123626709,0.06373550742864609
1982,36.996922731399536,-0.1963636726140976,-0.14146332442760468,0.2174074500799179,-0.2675708830356598,-0.03139165788888931,0.20870766043663025,-3.128324031829834,0.053050149232149124
1983,37.021650075912476,-0.1963636726140976,-0.14146332442760468,0.2174074500799179,-0.26257869601249695,-0.02016129158437252,0.1767631620168686,-3.137012481689453,0.04528666287660599
1984,37.03148937225342,-0.1963636726140976,-0.14146332442760468,0.2174074500799179,-0.25411897897720337,-0.007291638758033514,0.11914621293544769,3.1336746215820312,0.04004630446434021
1985,37.05608105659485,-0.1963636726140976,-0.14146332442760468,0.2174074500799179,-0.2461830973625183,0.004873502068221569,0.0511222667992115,3.118748188018799,0.03641543164849281
1986,37.06591773033142,-0.1963636726140976,-0.14146332442760468,0.2174074500799179,-0.24322347342967987,0.014138090424239635,-0.007773555815219879,3.1031432151794434,0.03532227873802185
1987,37.0918173789978,-0.1963636726140976,-0.14146332442760468,0.2174074500799179,-0.2458147257566452,0.02066064439713955,-0.0397644080221653,3.088299036026001,0.038214605301618576
1988,37.10168385505676,-0.1963636726140976,-0.14146332442760468,0.2174074500799179,-0.25283682346343994,0.027482548728585243,-0.03894727677106857,3.076231002807617,0.044456880539655685
1989,37.12653923034668,-0.1963636726140976,-0.14146332442760468,0.2174074500799179,-0.26136037707328796,0.03607286885380745,-0.0827416405081749,3.0702064037323,0.05155013129115105
1990,37.13726329803467,-0.1963636726140976,-0.14146332442760468,0.2174074500799179,-0.26810383796691895,0.04335184767842293,-0.1954018920660019,3.0728631019592285,0.056886862963438034
1991,37.16207313537598,-0.1963636726140976,-0.14146332442760468,0.2174074500799179,-0.27284520864486694,0.05147132650017738,-0.3368436098098755,3.083284378051758,0.05948391184210777
1992,37.17210841178894,-0.1963636726140976,-0.14146332442760468,0.2174074500799179,-0.2778488099575043,0.06283699721097946,-0.42248332500457764,3.0978736877441406,0.05945012718439102
1993,37.19734740257263,-0.1963636726140976,-0.14146332442760468,0.2174074500799179,-0.28453171253204346,0.07493060827255249,-0.42785200476646423,3.113236427307129,0.057565443217754364
1994,37.20738101005554,-0.1963636726140976,-0.14146332442760468,0.2174074500799179,-0.29306915402412415,0.0850449725985527,-0.38728946447372437,3.127532482147217,0.05564795434474945
1995,37.23334789276123,-0.1963636726140976,-0.14146332442760468,0.2174074500799179,-0.29865384101867676,0.0960598737001419,-0.3095020651817322,3.139153003692627,0.05457118898630142
1996,37.24320459365845,-0.1963636726140976,-0.14146332442760468,0.2174074500799179,-0.29626181721687317,0.11108484119176865,-0.20237067341804504,-3.1379756927490234,0.05231358855962753
1997,37.27019286155701,-0.1963636726140976,-0.14146332442760468,0.2174074500799179,-0.3290579319000244,0.1512802392244339,0.19357652962207794,-3.1402652263641357,0.045259665697813034
1998,37.28158617019653,-0.1963636726140976,-0.14146332442760468,0.2174074500799179,-0.28665366768836975,0.11825794726610184,0.13878068327903748,3.132697343826294,0.029622510075569153
1999,37.31389808654785,-0.1963636726140976,-0.14146332442760468,0.2174074500799179,-0.2594411373138428,0.07212911546230316,0.12524884939193726,3.1204941272735596,0.00876366626471281
2000,37.33172607421875,-0.1963636726140976,-0.14146332442760468,0.2174074500799179,-0.2402113825082779,0.016443222761154175,0.26304811239242554,3.1124088764190674,-0.012229432351887226
2001,37.37032675743103,-0.1963636726140976,-0.14146332442760468,0.2174074500799179,-0.23393243551254272,-0.030034806579351425,0.36415207386016846,3.1098649501800537,-0.0238118264824152
2002,37.38122057914734,-0.1963636726140976,-0.14146332442760468,0.2174074500799179,-0.2300722450017929,-0.06837433576583862,0.3691859245300293,3.1123058795928955,-0.026010669767856598
2003,37.4065375328064,-0.1963636726140976,-0.14146332442760468,0.2174074500799179,-0.22656534612178802,-0.10315792262554169,0.3187144994735718,3.1178841590881348,-0.02249050885438919
2004,37.41657209396362,-0.1963636726140976,-0.14146332442760468,0.2174074500799179,-0.22033800184726715,-0.1383790522813797,0.2487349957227707,3.12410831451416,-0.01750926673412323
2005,37.44222354888916,-0.1963636726140976,-0.14146332442760468,0.2174074500799179,-0.21339774131774902,-0.1743006855249405,0.22345010936260223,3.1284842491149902,-0.01359035074710846
2006,37.45280122756958,-0.1963636726140976,-0.14146332442760468,0.2174074500799179,-0.2070547193288803,-0.20852680504322052,0.23382540047168732,3.1295289993286133,-0.010948233306407928
2007,37.47893142700195,-0.1963636726140976,-0.14146332442760468,0.2174074500799179,-0.2014579027891159,-0.2389189600944519,0.24760310351848602,3.1275341510772705,-0.009494489058852196
2008,37.48945355415344,-0.1963636726140976,-0.14146332442760468,0.2174074500799179,-0.1980300396680832,-0.2655372619628906,0.24926181137561798,3.12406063079834,-0.009522594511508942
2009,37.51458430290222,-0.1963636726140976,-0.14146332442760468,0.2174074500799179,-0.19692929089069366,-0.28876540064811707,0.235492542386055,3.1215906143188477,-0.011065712198615074
2010,37.52442264556885,-0.1963636726140976,-0.14146332442760468,0.2174074500799179,-0.18949304521083832,-0.3078412711620331,0.190283864736557,3.1234078407287598,-0.014502539299428463
2011,37.54881048202515,-0.1963636726140976,-0.14146332442760468,0.2174074500799179,-0.16888059675693512,-0.28164270520210266,0.27147895097732544,3.1217308044433594,-0.023594383150339127
2012,37.55885028839111,-0.1963636726140976,-0.14146332442760468,0.2174074500799179,-0.1605830043554306,-0.256085604429245,0.35939836502075195,3.1157844066619873,-0.031478401273489
2013,37.58507680892944,-0.1963636726140976,-0.14146332442760468,0.2174074500799179,-0.15460878610610962,-0.24261707067489624,0.44095516204833984,3.1091341972351074,-0.03639419004321098
2014,37.59557795524597,-0.1963636726140976,-0.14146332442760468,0.2174074500799179,-0.1497860997915268,-0.23638439178466797,0.4722606837749481,3.104172945022583,-0.04032051935791969
2015,37.62069129943848,-0.1963636726140976,-0.14146332442760468,0.2174074500799179,-0.14507150650024414,-0.22651948034763336,0.4875817596912384,3.101876974105835,-0.04469430074095726
2016,37.63067960739136,-0.1963636726140976,-0.14146332442760468,0.2174074500799179,-0.14086228609085083,-0.19959756731987,0.34566473960876465,3.1013200283050537,-0.04899255558848381
2017,37.65607404708862,-0.1963636726140976,-0.14146332442760468,0.2174074500799179,-0.14027854800224304,-0.16388186812400818,0.18768274784088135,3.09822416305542,-0.05146068334579468
2018,37.6661057472229,-0.1963636726140976,-0.14146332442760468,0.2174074500799179,-0.1383860558271408,-0.13292263448238373,0.14045730233192444,3.091400384902954,-0.05155880004167557
2019,37.69110822677612,-0.1963636726140976,-0.14146332442760468,0.2174074500799179,-0.13622334599494934,-0.10527166724205017,0.15213251113891602,3.0831172466278076,-0.049273863434791565
2020,37.700910329818726,-0.1963636726140976,-0.14146332442760468,0.2174074500799179,-0.13472287356853485,-0.0809057280421257,0.16739413142204285,3.07562255859375,-0.04469113424420357
2021,37.72674012184143,-0.1963636726140976,-0.14146332442760468,0.2174074500799179,-0.1334630399942398,-0.06137167289853096,0.18481478095054626,3.0695345401763916,-0.038081634789705276
2022,37.73703718185425,-0.1963636726140976,-0.14146332442760468,0.2174074500799179,-0.13140252232551575,-0.0458814799785614,0.17676375806331635,3.065075635910034,-0.030184919014573097
2023,37.763291358947754,-0.1963636726140976,-0.14146332442760468,0.2174074500799179,-0.12805573642253876,-0.034120555967092514,0.158961221575737,3.0630762577056885,-0.02230006642639637
2024,37.777750968933105,-0.1963636726140976,-0.14146332442760468,0.2174074500799179,-0.1232704222202301,-0.022833693772554398,0.12725338339805603,3.0643656253814697,-0.015705091878771782
2025,37.80486035346985,-0.1963636726140976,-0.14146332442760468,0.2174074500799179,-0.11802110075950623,-0.009478057734668255,0.10916920751333237,3.0688791275024414,-0.011108179576694965
2026,37.814850091934204,-0.1963636726140976,-0.14146332442760468,0.2174074500799179,-0.11307788640260696,0.00884212926030159,0.12195039540529251,3.0753021240234375,-0.008734531700611115
2027,37.84028434753418,-0.1963636726140976,-0.14146332442760468,0.2174074500799179,-0.11123555898666382,0.03075713850557804,0.14056703448295593,3.0818235874176025,-0.0077494410797953606
2028,37.85001301765442,-0.1963636726140976,-0.14146332442760468,0.2174074500799179,-0.11258123815059662,0.05207265913486481,0.1595272719860077,3.0871434211730957,-0.0064107496291399
2029,37.875693559646606,-0.1963636726140976,-0.14146332442760468,0.2174074500799179,-0.11521890014410019,0.07180733978748322,0.16963261365890503,3.0907952785491943,-0.0033533507958054543
2030,37.88734555244446,-0.1963636726140976,-0.14146332442760468,0.2174074500799179,-0.11681226640939713,0.09056977182626724,0.15846478939056396,3.0923919677734375,0.0014608798082917929
2031,37.913490772247314,-0.1963636726140976,-0.14146332442760468,0.2174074500799179,-0.12036484479904175,0.1031525656580925,0.27123531699180603,3.0925803184509277,0.004620249383151531
2032,37.923906087875366,-0.1963636726140976,-0.14146332442760468,0.2174074500799179,-0.11201875656843185,0.08387009054422379,0.27098044753074646,3.093977689743042,-0.0019308042246848345
2033,37.94988417625427,-0.1963636726140976,-0.14146332442760468,0.2174074500799179,-0.10883408039808273,0.0559409074485302,0.21403677761554718,3.0944573879241943,-0.019888799637556076
2034,37.960718631744385,-0.1963636726140976,-0.14146332442760468,0.2174074500799179,-0.12446032464504242,0.017323490232229233,0.1780814826488495,3.09483003616333,-0.0415319949388504
2035,37.987651109695435,-0.1963636726140976,-0.14146332442760468,0.2174074500799179,-0.14728213846683502,-0.0261142086237669,0.1978527456521988,3.0972042083740234,-0.05227086693048477
2036,37.99925351142883,-0.1963636726140976,-0.14146332442760468,0.2174074500799179,-0.16779005527496338,-0.06622850894927979,0.1980108916759491,3.1010537147521973,-0.050402380526065826
2037,38.0271155834198,-0.1963636726140976,-0.14146332442760468,0.2174074500799179,-0.18079957365989685,-0.10601282119750977,0.1607130914926529,3.1074001789093018,-0.04244061931967735
2038,38.037721395492554,-0.1963636726140976,-0.14146332442760468,0.2174074500799179,-0.18977200984954834,-0.14730051159858704,0.13252726197242737,3.1151511669158936,-0.03509046882390976
2039,38.0634982585907,-0.1963636726140976,-0.14146332442760468,0.2174074500799179,-0.19873817265033722,-0.18595123291015625,0.1315334141254425,3.1210079193115234,-0.02956543117761612
2040,38.074384927749634,-0.1963636726140976,-0.14146332442760468,0.2174074500799179,-0.20679177343845367,-0.2191271036863327,0.1561487317085266,3.1227686405181885,-0.024977894499897957
2041,38.102171182632446,-0.1963636726140976,-0.14146332442760468,0.2174074500799179,-0.21520979702472687,-0.24789242446422577,0.1674586534500122,3.12251877784729,-0.021143516525626183
2042,38.113494634628296,-0.1963636726140976,-0.14146332442760468,0.2174074500799179,-0.2255229502916336,-0.2726246416568756,0.18082597851753235,3.1247758865356445,-0.017499111592769623
2043,38.138948917388916,-0.1963636726140976,-0.14146332442760468,0.2174074500799179,-0.2253025472164154,-0.2882334291934967,0.1615256518125534,3.1326327323913574,-0.01437861192971468
2044,38.15010929107666,-0.1963636726140976,-0.14146332442760468,0.2174074500799179,-0.2102217674255371,-0.26522770524024963,0.2669195234775543,3.137519598007202,-0.018754854798316956
2045,38.17539095878601,-0.1963636726140976,-0.14146332442760468,0.2174074500799179,-0.2039431780576706,-0.2391851544380188,0.40643638372421265,3.138292074203491,-0.025038529187440872
2046,38.185396671295166,-0.1963636726140976,-0.14146332442760468,0.2174074500799179,-0.20376808941364288,-0.21806475520133972,0.4933111369609833,3.137207508087158,-0.030191555619239807
2047,38.210795164108276,-0.1963636726140976,-0.14146332442760468,0.2174074500799179,-0.20433899760246277,-0.2010957896709442,0.5485621690750122,3.1367287635803223,-0.03455677255988121
2048,38.22140455245972,-0.1963636726140976,-0.14146332442760468,0.2174074500799179,-0.201902836561203,-0.17881232500076294,0.5659847855567932,3.138394355773926,-0.038913294672966
2049,38.246830224990845,-0.1963636726140976,-0.14146332442760468,0.2174074500799179,-0.19672733545303345,-0.14563632011413574,0.3501155376434326,3.141026020050049,-0.04321802780032158
2050,38.25708079338074,-0.1963636726140976,-0.14146332442760468,0.2174074500799179,-0.1926925629377365,-0.11494903266429901,0.2125486135482788,3.1396193504333496,-0.04686015844345093
2051,38.28241968154907,-0.1963636726140976,-0.14146332442760468,0.2174074500799179,-0.19146445393562317,-0.089142806828022,0.16508203744888306,3.1337831020355225,-0.047903530299663544
2052,38.29311227798462,-0.1963636726140976,-0.14146332442760468,0.2174074500799179,-0.19272223114967346,-0.0652492493391037,0.14936867356300354,3.126333236694336,-0.04509105160832405
2053,38.31826591491699,-0.1963636726140976,-0.14146332442760468,0.2174074500799179,-0.1950162947177887,-0.04223032295703888,0.10653313249349594,3.1184206008911133,-0.03857553005218506
2054,38.32845973968506,-0.1963636726140976,-0.14146332442760468,0.2174074500799179,-0.19828756153583527,-0.023194100707769394,0.06363321840763092,3.11004900932312,-0.029474714770913124
2055,38.354029178619385,-0.1963636726140976,-0.14146332442760468,0.2174074500799179,-0.20351308584213257,-0.008471919223666191,0.04022812098264694,3.1027045249938965,-0.01895054616034031
2056,38.36430549621582,-0.1963636726140976,-0.14146332442760468,0.2174074500799179,-0.20909883081912994,0.003716867882758379,0.0004350738599896431,3.098876476287842,-0.008471982553601265
2057,38.389564752578735,-0.1963636726140976,-0.14146332442760468,0.2174074500799179,-0.2138690948486328,0.0155135253444314,-0.08073240518569946,3.100343704223633,0.0007134882034733891
2058,38.40222883224487,-0.1963636726140976,-0.14146332442760468,0.2174074500799179,-0.21750006079673767,0.027993235737085342,-0.17051254212856293,3.106931686401367,0.007973524741828442
2059,38.431352376937866,-0.1963636726140976,-0.14146332442760468,0.2174074500799179,-0.22041398286819458,0.04371819272637367,-0.22513069212436676,3.1159956455230713,0.013089880347251892
2060,38.449703216552734,-0.1963636726140976,-0.14146332442760468,0.2174074500799179,-0.22462499141693115,0.061384640634059906,-0.22422024607658386,3.1246767044067383,0.016623105853796005
2061,38.47843408584595,-0.1963636726140976,-0.14146332442760468,0.2174074500799179,-0.23124907910823822,0.07964177429676056,-0.17779791355133057,3.131408452987671,0.020216962322592735
2062,38.48935508728027,-0.1963636726140976,-0.14146332442760468,0.2174074500799179,-0.23518478870391846,0.09989035874605179,-0.085820771753788,3.1347832679748535,0.024190425872802734
2063,38.514363527297974,-0.1963636726140976,-0.14146332442760468,0.2174074500799179,-0.23280590772628784,0.1206570565700531,0.0015171177219599485,3.133286714553833,0.026546336710453033
2064,38.524686336517334,-0.1963636726140976,-0.14146332442760468,0.2174074500799179,-0.22030137479305267,0.11999841779470444,0.31541553139686584,3.132110118865967,0.017462288960814476
2065,38.550360918045044,-0.1963636726140976,-0.14146332442760468,0.2174074500799179,-0.210997074842453,0.10410134494304657,0.18388603627681732,3.130777359008789,-0.0034637185744941235
2066,38.56213569641113,-0.1963636726140976,-0.14146332442760468,0.2174074500799179,-0.20908160507678986,0.07414184510707855,0.10528922826051712,3.12284517288208,-0.029908526688814163
2067,38.58890390396118,-0.1963636726140976,-0.14146332442760468,0.2174074500799179,-0.2113548219203949,0.026155563071370125,0.19692306220531464,3.1131932735443115,-0.050596944987773895
2068,38.599111557006836,-0.1963636726140976,-0.14146332442760468,0.2174074500799179,-0.2185693085193634,-0.02147642895579338,0.2915295958518982,3.1087334156036377,-0.05765380337834358
2069,38.624539375305176,-0.1963636726140976,-0.14146332442760468,0.2174074500799179,-0.22215479612350464,-0.0618862546980381,0.28626108169555664,3.1113193035125732,-0.05431971326470375
2070,38.6354022026062,-0.1963636726140976,-0.14146332442760468,0.2174074500799179,-0.22167302668094635,-0.09904158115386963,0.23028919100761414,3.1178181171417236,-0.047241657972335815
2071,38.660515785217285,-0.1963636726140976,-0.14146332442760468,0.2174074500799179,-0.21943463385105133,-0.1363908052444458,0.1971167027950287,3.124070644378662,-0.04049532860517502
2072,38.670262575149536,-0.1963636726140976,-0.14146332442760468,0.2174074500799179,-0.2181025743484497,-0.17164944112300873,0.19431006908416748,3.1271893978118896,-0.03469330444931984
2073,38.69516658782959,-0.1963636726140976,-0.14146332442760468,0.2174074500799179,-0.21669025719165802,-0.2035897970199585,0.2196883261203766,3.1264266967773438,-0.029662098735570908
2074,38.705286502838135,-0.1963636726140976,-0.14146332442760468,0.2174074500799179,-0.21584004163742065,-0.23216131329536438,0.22578978538513184,3.123215675354004,-0.025920940563082695
2075,38.7324857711792,-0.1963636726140976,-0.14146332442760468,0.2174074500799179,-0.2169722318649292,-0.25797080993652344,0.21859318017959595,3.120009422302246,-0.023793557658791542
2076,38.74700856208801,-0.1963636726140976,-0.14146332442760468,0.2174074500799179,-0.22058998048305511,-0.2809523344039917,0.20966264605522156,3.119868278503418,-0.02259919047355652
2077,38.77303981781006,-0.1963636726140976,-0.14146332442760468,0.2174074500799179,-0.20088565349578857,-0.2869441509246826,0.13904419541358948,3.122290849685669,-0.0263823289424181
2078,38.783069372177124,-0.1963636726140976,-0.14146332442760468,0.2174074500799179,-0.19250448048114777,-0.26939865946769714,0.27867215871810913,3.12097430229187,-0.036083877086639404
2079,38.808305978775024,-0.1963636726140976,-0.14146332442760468,0.2174074500799179,-0.19041599333286285,-0.25080764293670654,0.38521286845207214,3.1183817386627197,-0.04225001111626625
2080,38.82762551307678,-0.1963636726140976,-0.14146332442760468,0.2174074500799179,-0.18670660257339478,-0.235185444355011,0.47050240635871887,3.115997552871704,-0.04621897637844086
2081,38.86078691482544,-0.1963636726140976,-0.14146332442760468,0.2174074500799179,-0.18230298161506653,-0.21906162798404694,0.5192397832870483,3.114884614944458,-0.050566162914037704
2082,38.87071895599365,-0.1963636726140976,-0.14146332442760468,0.2174074500799179,-0.17711246013641357,-0.19336341321468353,0.49157285690307617,3.1153132915496826,-0.05519847199320793
2083,38.89669179916382,-0.1963636726140976,-0.14146332442760468,0.2174074500799179,-0.17417477071285248,-0.15757493674755096,0.2947888970375061,3.114764451980591,-0.058415140956640244
2084,38.906800270080566,-0.1963636726140976,-0.14146332442760468,0.2174074500799179,-0.17119596898555756,-0.12602561712265015,0.1807188242673874,3.110337018966675,-0.05955903232097626
2085,38.932626485824585,-0.1963636726140976,-0.14146332442760468,0.2174074500799179,-0.16871614754199982,-0.09898416697978973,0.1472068578004837,3.103008270263672,-0.05802236869931221
2086,38.94255185127258,-0.1963636726140976,-0.14146332442760468,0.2174074500799179,-0.1670169234275818,-0.07417172193527222,0.15126892924308777,3.095360279083252,-0.053706660866737366
2087,38.967880725860596,-0.1963636726140976,-0.14146332442760468,0.2174074500799179,-0.16637811064720154,-0.05173846706748009,0.15759706497192383,3.0884573459625244,-0.04693876579403877
2088,38.97815990447998,-0.1963636726140976,-0.14146332442760468,0.2174074500799179,-0.16611844301223755,-0.03261541947722435,0.14005398750305176,3.0827012062072754,-0.03840508684515953
2089,39.0039803981781,-0.1963636726140976,-0.14146332442760468,0.2174074500799179,-0.165766641497612,-0.017468346282839775,0.11072887480258942,3.0791969299316406,-0.02921193465590477
2090,39.01454567909241,-0.1963636726140976,-0.14146332442760468,0.2174074500799179,-0.16463445127010345,-0.004873891361057758,0.06974408030509949,3.0792789459228516,-0.020555077120661736
2091,39.039658546447754,-0.1963636726140976,-0.14146332442760468,0.2174074500799179,-0.16176456212997437,0.008946670219302177,0.02787761390209198,3.083022117614746,-0.013517839834094048
2092,39.04945087432861,-0.1963636726140976,-0.14146332442760468,0.2174074500799179,-0.15870463848114014,0.026249170303344727,-0.0009696362540125847,3.089107036590576,-0.00853569246828556
2093,39.07464551925659,-0.1963636726140976,-0.14146332442760468,0.2174074500799179,-0.15738844871520996,0.046521518379449844,0.001844022423028946,3.0956716537475586,-0.005162860732525587
2094,39.085198163986206,-0.1963636726140976,-0.14146332442760468,0.2174074500799179,-0.1594635397195816,0.06877551227807999,0.02255706861615181,3.101163864135742,-0.0020271367393434048
2095,39.1107382774353,-0.1963636726140976,-0.14146332442760468,0.2174074500799179,-0.16355277597904205,0.09147433191537857,0.04877471178770065,3.1047675609588623,0.0021691315341740847
2096,39.122928857803345,-0.1963636726140976,-0.14146332442760468,0.2174074500799179,-0.1659061461687088,0.11329185962677002,0.08946391940116882,3.105896472930908,0.007386358454823494
2097,39.14947772026062,-0.1963636726140976,-0.14146332442760468,0.2174074500799179,-0.1676490306854248,0.12379559874534607,0.282042533159256,3.1065423488616943,0.009813311509788036
2098,39.16032290458679,-0.1963636726140976,-0.14146332442760468,0.2174074500799179,-0.15872511267662048,0.10944890975952148,0.24291440844535828,3.108210802078247,0.0037291001062840223
2099,39.185627937316895,-0.1963636726140976,-0.14146332442760468,0.2174074500799179,-0.1492394208908081,0.08336126059293747,0.16357089579105377,3.1069467067718506,-0.014180902391672134
2100,39.196325063705444,-0.1963636726140976,-0.14146332442760468,0.2174074500799179,-0.1570495069026947,0.043149929493665695,0.13787895441055298,3.103951930999756,-0.038472313433885574
2101,39.22186827659607,-0.1963636726140976,-0.14146332442760468,0.2174074500799179,-0.17585209012031555,-0.003889879211783409,0.1969742476940155,3.10245418548584,-0.053508561104536057
2102,39.2325599193573,-0.1963636726140976,-0.14146332442760468,0.2174074500799179,-0.19355633854866028,-0.04550076276063919,0.22699473798274994,3.103311538696289,-0.05479920655488968
2103,39.25750517845154,-0.1963636726140976,-0.14146332442760468,0.2174074500799179,-0.2041597068309784,-0.0848223939538002,0.20022308826446533,3.107419013977051,-0.047891765832901
2104,39.26806116104126,-0.1963636726140976,-0.14146332442760468,0.2174074500799179,-0.2102912962436676,-0.12547068297863007,0.16047418117523193,3.1137282848358154,-0.03996944800019264
2105,39.29368329048157,-0.1963636726140976,-0.14146332442760468,0.2174074500799179,-0.2159145474433899,-0.165107861161232,0.1602485477924347,3.1192519664764404,-0.033651143312454224
2106,39.30603814125061,-0.1963636726140976,-0.14146332442760468,0.2174074500799179,-0.22194728255271912,-0.19929128885269165,0.17117911577224731,3.1212472915649414,-0.02817145548760891
2107,39.33216166496277,-0.1963636726140976,-0.14146332442760468,0.2174074500799179,-0.2266082763671875,-0.22875070571899414,0.18902787566184998,3.1201162338256836,-0.023700525984168053
2108,39.34321594238281,-0.1963636726140976,-0.14146332442760468,0.2174074500799179,-0.23317158222198486,-0.2546168863773346,0.19151754677295685,3.1193323135375977,-0.02048063836991787
2109,39.36873245239258,-0.1963636726140976,-0.14146332442760468,0.2174074500799179,-0.24174760282039642,-0.2769488990306854,0.18987706303596497,3.1229615211486816,-0.017669130116701126
2110,39.379213094711304,-0.1963636726140976,-0.14146332442760468,0.2174074500799179,-0.2197827696800232,-0.27808666229248047,0.11956843733787537,3.1293673515319824,-0.020578857511281967
2111,39.40442156791687,-0.1963636726140976,-0.14146332442760468,0.2174074500799179,-0.21068669855594635,-0.25690194964408875,0.2914924919605255,3.1312568187713623,-0.030938446521759033
2112,39.41481280326843,-0.1963636726140976,-0.14146332442760468,0.2174074500799179,-0.20929168164730072,-0.2350713312625885,0.41651037335395813,3.131314992904663,-0.03810517117381096
2113,39.44377660751343,-0.1963636726140976,-0.14146332442760468,0.2174074500799179,-0.20718786120414734,-0.21577255427837372,0.49917128682136536,3.1310298442840576,-0.04268967732787132
2114,39.454768657684326,-0.1963636726140976,-0.14146332442760468,0.2174074500799179,-0.20350901782512665,-0.1972193717956543,0.5508130788803101,3.1318411827087402,-0.04728136211633682
2115,39.48036193847656,-0.1963636726140976,-0.14146332442760468,0.2174074500799179,-0.19831521809101105,-0.17183513939380646,0.5195343494415283,3.134247303009033,-0.05217338725924492
2116,39.49124193191528,-0.1963636726140976,-0.14146332442760468,0.2174074500799179,-0.19191484153270721,-0.13848888874053955,0.3198367655277252,3.1358890533447266,-0.05640043690800667
2117,39.51617479324341,-0.1963636726140976,-0.14146332442760468,0.2174074500799179,-0.18665678799152374,-0.10823214799165726,0.20013318955898285,3.13309383392334,-0.05893980339169502
2118,39.526018142700195,-0.1963636726140976,-0.14146332442760468,0.2174074500799179,-0.18387791514396667,-0.08244715631008148,0.1699175089597702,3.1264424324035645,-0.05826694890856743
2119,39.55074620246887,-0.1963636726140976,-0.14146332442760468,0.2174074500799179,-0.18212300539016724,-0.057451315224170685,0.1471777707338333,3.118619203567505,-0.053930822759866714
2120,39.56095862388611,-0.1963636726140976,-0.14146332442760468,0.2174074500799179,-0.1813613474369049,-0.034277234226465225,0.1222376823425293,3.110445737838745,-0.046556223183870316
2121,39.58624482154846,-0.1963636726140976,-0.14146332442760468,0.2174074500799179,-0.18185381591320038,-0.015231181867420673,0.10477089881896973,3.102248430252075,-0.03700615465641022
2122,39.60167956352234,-0.1963636726140976,-0.14146332442760468,0.2174074500799179,-0.18328255414962769,0.0007451465935446322,0.07849408686161041,3.095579147338867,-0.026347676292061806
2123,39.63039541244507,-0.1963636726140976,-0.14146332442760468,0.2174074500799179,-0.18457487225532532,0.014415109530091286,0.025514962151646614,3.092482566833496,-0.015909528359770775
2124,39.640395402908325,-0.1963636726140976,-0.14146332442760468,0.2174074500799179,-0.18471619486808777,0.027086149901151657,-0.04175788164138794,3.094153642654419,-0.00675295339897275
2125,39.66520166397095,-0.1963636726140976,-0.14146332442760468,0.2174074500799179,-0.18235190212726593,0.04229598119854927,-0.09055214375257492,3.099700927734375,0.00024467139155603945
2126,39.67527890205383,-0.1963636726140976,-0.14146332442760468,0.2174074500799179,-0.17977537214756012,0.061260808259248734,-0.09604576975107193,3.10676908493042,0.004795906599611044
2127,39.70014977455139,-0.1963636726140976,-0.14146332442760468,0.2174074500799179,-0.18014809489250183,0.08221213519573212,-0.060895588248968124,3.113199472427368,0.007999599911272526
2128,39.710105419158936,-0.1963636726140976,-0.14146332442760468,0.2174074500799179,-0.1832810640335083,0.10442139208316803,-0.007445487193763256,3.1176698207855225,0.011509318836033344
2129,39.7359561920166,-0.1963636726140976,-0.14146332442760468,0.2174074500799179,-0.18504180014133453,0.12761759757995605,0.06083006411790848,3.1189637184143066,0.01553967222571373
2130,39.7459020614624,-0.1963636726140976,-0.14146332442760468,0.2174074500799179,-0.18270884454250336,0.1380096822977066,0.3193598985671997,3.118748664855957,0.015452656894922256
2131,39.7707040309906,-0.1963636726140976,-0.14146332442760468,0.2174074500799179,-0.17753884196281433,0.1306477040052414,0.3209604024887085,3.1220133304595947,0.007912782952189445
2132,39.78134322166443,-0.1963636726140976,-0.14146332442760468,0.2174074500799179,-0.1671876162290573,0.11104201525449753,0.17293818295001984,3.1215715408325195,-0.008406529203057289
2133,39.806923627853394,-0.1963636726140976,-0.14146332442760468,0.2174074500799179,-0.16762381792068481,0.07536400109529495,0.09995585680007935,3.116157293319702,-0.03287195786833763
2134,39.81667733192444,-0.1963636726140976,-0.14146332442760468,0.2174074500799179,-0.18063943088054657,0.025618333369493484,0.17743121087551117,3.11069393157959,-0.05198622867465019
2135,39.841599464416504,-0.1963636726140976,-0.14146332442760468,0.2174074500799179,-0.1975284069776535,-0.019453708082437515,0.240965336561203,3.1089792251586914,-0.05713433027267456
2136,39.85174870491028,-0.1963636726140976,-0.14146332442760468,0.2174074500799179,-0.20717012882232666,-0.05864359438419342,0.2215927243232727,3.1119308471679688,-0.051903966814279556
2137,39.87736392021179,-0.1963636726140976,-0.14146332442760468,0.2174074500799179,-0.21086901426315308,-0.09791364520788193,0.17748287320137024,3.117755174636841,-0.04409042373299599
2138,39.88782024383545,-0.1963636726140976,-0.14146332442760468,0.2174074500799179,-0.21393896639347076,-0.13785305619239807,0.16387754678726196,3.1234118938446045,-0.03746240586042404
2139,39.91338920593262,-0.1963636726140976,-0.14146332442760468,0.2174074500799179,-0.21788597106933594,-0.17473863065242767,0.17840123176574707,3.1262154579162598,-0.03183120861649513
2140,39.92346143722534,-0.1963636726140976,-0.14146332442760468,0.2174074500799179,-0.22086523473262787,-0.20684997737407684,0.19553139805793762,3.125495433807373,-0.02716362290084362
2141,39.948801040649414,-0.1963636726140976,-0.14146332442760468,0.2174074500799179,-0.22454944252967834,-0.2345372885465622,0.19098854064941406,3.123202323913574,-0.02392243593931198
2142,39.95921182632446,-0.1963636726140976,-0.14146332442760468,0.2174074500799179,-0.23021449148654938,-0.25909385085105896,0.18828798830509186,3.122602939605713,-0.021844321861863136
2143,39.98459196090698,-0.1963636726140976,-0.14146332442760468,0.2174074500799179,-0.23913827538490295,-0.2834438681602478,0.1718442440032959,3.127197027206421,-0.019708899781107903
2144,39.99463987350464,-0.1963636726140976,-0.14146332442760468,0.2174074500799179,-0.22253865003585815,-0.26396721601486206,0.2677399218082428,3.1316170692443848,-0.020678985863924026
2145,40.0201301574707,-0.1963636726140976,-0.14146332442760468,0.2174074500799179,-0.20972613990306854,-0.24052029848098755,0.3724026679992676,3.1316068172454834,-0.02540162205696106
2146,40.03012132644653,-0.1963636726140976,-0.14146332442760468,0.2174074500799179,-0.20406664907932281,-0.2230062633752823,0.45728927850723267,3.12953519821167,-0.03159181401133537
2147,40.054569244384766,-0.1963636726140976,-0.14146332442760468,0.2174074500799179,-0.20382638275623322,-0.2116769552230835,0.5044322609901428,3.1281204223632812,-0.03790632262825966
2148,40.06431794166565,-0.1963636726140976,-0.14146332442760468,0.2174074500799179,-0.203856959939003,-0.1991100311279297,0.5428608059883118,3.129124879837036,-0.04410937801003456
2149,40.089805603027344,-0.1963636726140976,-0.14146332442760468,0.2174074500799179,-0.20045003294944763,-0.1738365739583969,0.45376306772232056,3.132329225540161,-0.04977808892726898
2150,40.100980043411255,-0.1963636726140976,-0.14146332442760468,0.2174074500799179,-0.1971382051706314,-0.13944019377231598,0.262932151556015,3.1330513954162598,-0.05374402925372124
2151,40.12683606147766,-0.1963636726140976,-0.14146332442760468,0.2174074500799179,-0.1945653259754181,-0.109431192278862,0.16536542773246765,3.1286158561706543,-0.05543399602174759
2152,40.1375572681427,-0.1963636726140976,-0.14146332442760468,0.2174074500799179,-0.19405914843082428,-0.08307088166475296,0.1381196528673172,3.121002435684204,-0.05401209369301796
2153,40.16350483894348,-0.1963636726140976,-0.14146332442760468,0.2174074500799179,-0.19554416835308075,-0.058706361800432205,0.11888189613819122,3.112680435180664,-0.049042608588933945
2154,40.173478841781616,-0.1963636726140976,-0.14146332442760468,0.2174074500799179,-0.19830699265003204,-0.038303256034851074,0.10155395418405533,3.1045267581939697,-0.04100560396909714
2155,40.19920086860657,-0.1963636726140976,-0.14146332442760468,0.2174074500799179,-0.20218922197818756,-0.022103026509284973,0.07626250386238098,3.0977585315704346,-0.030946414917707443
2156,40.20908284187317,-0.1963636726140976,-0.14146332442760468,0.2174074500799179,-0.2060973346233368,-0.009048252366483212,0.020574860274791718,3.0943801403045654,-0.020413629710674286
2157,40.235942363739014,-0.1963636726140976,-0.14146332442760468,0.2174074500799179,-0.20928889513015747,0.0022288928739726543,-0.05975884199142456,3.0958914756774902,-0.010870979167521
2158,40.246928691864014,-0.1963636726140976,-0.14146332442760468,0.2174074500799179,-0.21030384302139282,0.015019834041595459,-0.13388791680335999,3.1018929481506348,-0.0033958095591515303
2159,40.2727267742157,-0.1963636726140976,-0.14146332442760468,0.2174074500799179,-0.2106684148311615,0.030955886468291283,-0.166733980178833,3.1102657318115234,0.0016343183815479279
2160,40.285752058029175,-0.1963636726140976,-0.14146332442760468,0.2174074500799179,-0.21290835738182068,0.04920598119497299,-0.1545940339565277,3.118558406829834,0.005020045209676027
2161,40.315189599990845,-0.1963636726140976,-0.14146332442760468,0.2174074500799179,-0.2181042730808258,0.06830156594514847,-0.11066105216741562,3.1251368522644043,0.0085573336109519
2162,40.32627511024475,-0.1963636726140976,-0.14146332442760468,0.2174074500799179,-0.2223978340625763,0.08902754634618759,-0.04044482111930847,3.128668785095215,0.012902592308819294
2163,40.35204529762268,-0.1963636726140976,-0.14146332442760468,0.2174074500799179,-0.22178757190704346,0.11017734557390213,0.02508910372853279,3.1278762817382812,0.016353890299797058
2164,40.36261796951294,-0.1963636726140976,-0.14146332442760468,0.2174074500799179,-0.21920251846313477,0.1179908812046051,0.34766823053359985,3.127440929412842,0.010462037287652493
2165,40.38742661476135,-0.1963636726140976,-0.14146332442760468,0.2174074500799179,-0.20454080402851105,0.10031966120004654,0.15476110577583313,3.124124526977539,-0.006062170024961233
2166,40.397788763046265,-0.1963636726140976,-0.14146332442760468,0.2174074500799179,-0.19871178269386292,0.06703537702560425,0.09944065660238266,3.114638566970825,-0.03014645166695118
2167,40.42376494407654,-0.1963636726140976,-0.14146332442760468,0.2174074500799179,-0.19910863041877747,0.01773959770798683,0.19410212337970734,3.105806350708008,-0.051378630101680756
2168,40.43386912345886,-0.1963636726140976,-0.14146332442760468,0.2174074500799179,-0.20707638561725616,-0.029707977548241615,0.27363452315330505,3.1028037071228027,-0.05953960865736008
2169,40.45902371406555,-0.1963636726140976,-0.14146332442760468,0.2174074500799179,-0.21037127077579498,-0.06894056499004364,0.26798945665359497,3.105905294418335,-0.05700131505727768
2170,40.468894958496094,-0.1963636726140976,-0.14146332442760468,0.2174074500799179,-0.20917949080467224,-0.10650913417339325,0.21397487819194794,3.1123757362365723,-0.050580959767103195
2171,40.49483609199524,-0.1963636726140976,-0.14146332442760468,0.2174074500799179,-0.2062854766845703,-0.1456817388534546,0.17409145832061768,3.1189675331115723,-0.04464403912425041
2172,40.505149841308594,-0.1963636726140976,-0.14146332442760468,0.2174074500799179,-0.2042369246482849,-0.18312568962574005,0.17140202224254608,3.122886896133423,-0.03986275568604469
2173,40.53029465675354,-0.1963636726140976,-0.14146332442760468,0.2174074500799179,-0.20196059346199036,-0.21651791036128998,0.19214166700839996,3.123124361038208,-0.035900481045246124
2174,40.54039192199707,-0.1963636726140976,-0.14146332442760468,0.2174074500799179,-0.20008765161037445,-0.2454952448606491,0.19886796176433563,3.1210927963256836,-0.0331277921795845
2175,40.5654935836792,-0.1963636726140976,-0.14146332442760468,0.2174074500799179,-0.20008166134357452,-0.2705816626548767,0.20046153664588928,3.1194310188293457,-0.03161582350730896
2176,40.575623512268066,-0.1963636726140976,-0.14146332442760468,0.2174074500799179,-0.20194119215011597,-0.2933637499809265,0.18828439712524414,3.1213293075561523,-0.0308940801769495
2177,40.60042452812195,-0.1963636726140976,-0.14146332442760468,0.2174074500799179,-0.1730315387248993,-0.2908872365951538,0.09146881103515625,3.123180389404297,-0.03893325850367546
2178,40.61097049713135,-0.1963636726140976,-0.14146332442760468,0.2174074500799179,-0.17134292423725128,-0.2712741196155548,0.2765609622001648,3.1210408210754395,-0.05077102780342102
2179,40.635995864868164,-0.1963636726140976,-0.14146332442760468,0.2174074500799179,-0.17600460350513458,-0.25277742743492126,0.39415329694747925,3.1185529232025146,-0.05551150068640709
2180,40.64629364013672,-0.1963636726140976,-0.14146332442760468,0.2174074500799179,-0.17496401071548462,-0.23834310472011566,0.4783819615840912,3.1165831089019775,-0.056590110063552856
2181,40.67299270629883,-0.1963636726140976,-0.14146332442760468,0.2174074500799179,-0.1712580770254135,-0.22405710816383362,0.5229297876358032,3.1156132221221924,-0.05829829350113869
2182,40.68394088745117,-0.1963636726140976,-0.14146332442760468,0.2174074500799179,-0.16669043898582458,-0.1998707503080368,0.49324461817741394,3.1158528327941895,-0.06071469560265541
2183,40.709330797195435,-0.1963636726140976,-0.14146332442760468,0.2174074500799179,-0.16407714784145355,-0.16493988037109375,0.28993648290634155,3.1152355670928955,-0.0621318593621254
2184,40.7199285030365,-0.1963636726140976,-0.14146332442760468,0.2174074500799179,-0.1610925793647766,-0.13387009501457214,0.16972242295742035,3.1109232902526855,-0.062065817415714264
2185,40.74581789970398,-0.1963636726140976,-0.14146332442760468,0.2174074500799179,-0.1586545705795288,-0.10778234899044037,0.14109592139720917,3.103729486465454,-0.05980194732546806
2186,40.75585389137268,-0.1963636726140976,-0.14146332442760468,0.2174074500799179,-0.15725243091583252,-0.08407356590032578,0.15478888154029846,3.096346616744995,-0.05505969747900963
2187,40.78076457977295,-0.1963636726140976,-0.14146332442760468,0.2174074500799179,-0.1567281037569046,-0.0619003064930439,0.15421460568904877,3.0898101329803467,-0.048083722591400146
2188,40.79102325439453,-0.1963636726140976,-0.14146332442760468,0.2174074500799179,-0.1565011590719223,-0.04336909204721451,0.14407777786254883,3.08424711227417,-0.03952737897634506
2189,40.81616687774658,-0.1963636726140976,-0.14146332442760468,0.2174074500799179,-0.15657252073287964,-0.029076050966978073,0.1266256719827652,3.0807223320007324,-0.030280282720923424
2190,40.826069593429565,-0.1963636726140976,-0.14146332442760468,0.2174074500799179,-0.15574964880943298,-0.0166537556797266,0.09126242250204086,3.080418825149536,-0.021477865055203438
2191,40.85105228424072,-0.1963636726140976,-0.14146332442760468,0.2174074500799179,-0.15368233621120453,-0.0029299906454980373,0.039870649576187134,3.083442449569702,-0.014196867123246193
2192,40.86181282997131,-0.1963636726140976,-0.14146332442760468,0.2174074500799179,-0.15174828469753265,0.012953197583556175,0.004100215621292591,3.0888631343841553,-0.008817922323942184
2193,40.888469219207764,-0.1963636726140976,-0.14146332442760468,0.2174074500799179,-0.15083995461463928,0.0324883759021759,0.0026038959622383118,3.0949549674987793,-0.005084021016955376
2194,40.89902424812317,-0.1963636726140976,-0.14146332442760468,0.2174074500799179,-0.1529759168624878,0.05448370799422264,0.025992602109909058,3.1002116203308105,-0.0018945159390568733
2195,40.924351930618286,-0.1963636726140976,-0.14146332442760468,0.2174074500799179,-0.15756145119667053,0.07583578675985336,0.05777228623628616,3.103987693786621,0.0022359045688062906
2196,40.9341139793396,-0.1963636726140976,-0.14146332442760468,0.2174074500799179,-0.16133001446723938,0.096732959151268,0.08969469368457794,3.105656385421753,0.00767193827778101
2197,40.958882093429565,-0.1963636726140976,-0.14146332442760468,0.2174074500799179,-0.1662239283323288,0.11385074257850647,0.2368740290403366,3.105621337890625,0.012077654711902142
2198,40.968863010406494,-0.1963636726140976,-0.14146332442760468,0.2174074500799179,-0.15743471682071686,0.09955983608961105,0.23891344666481018,3.1063334941864014,0.00863244291394949
2199,40.99435234069824,-0.1963636726140976,-0.14146332442760468,0.2174074500799179,-0.14670653641223907,0.07418737560510635,0.18184377253055573,3.1051459312438965,-0.0074553173035383224
2200,41.00435948371887,-0.1963636726140976,-0.14146332442760468,0.2174074500799179,-0.15258635580539703,0.03772272169589996,0.13885380327701569,3.101738691329956,-0.032190412282943726
2201,41.029359340667725,-0.1963636726140976,-0.14146332442760468,0.2174074500799179,-0.17104536294937134,-0.00863921269774437,0.17871583998203278,3.099174976348877,-0.05022924765944481
2202,41.04079532623291,-0.1963636726140976,-0.14146332442760468,0.2174074500799179,-0.1917239874601364,-0.051641933619976044,0.214181050658226,3.099656105041504,-0.0536576546728611
2203,41.0658392906189,-0.1963636726140976,-0.14146332442760468,0.2174074500799179,-0.20422755181789398,-0.09092526137828827,0.18587680160999298,3.1039535999298096,-0.04728073999285698
2204,41.07601070404053,-0.1963636726140976,-0.14146332442760468,0.2174074500799179,-0.2111460268497467,-0.13205821812152863,0.1472693681716919,3.1108481884002686,-0.039296139031648636
2205,41.10228419303894,-0.1963636726140976,-0.14146332442760468,0.2174074500799179,-0.21705761551856995,-0.17273467779159546,0.13609734177589417,3.117357015609741,-0.03315402567386627
2206,41.113192558288574,-0.1963636726140976,-0.14146332442760468,0.2174074500799179,-0.22325550019741058,-0.20827575027942657,0.15326988697052002,3.120417594909668,-0.028152702376246452
2207,41.13827896118164,-0.1963636726140976,-0.14146332442760468,0.2174074500799179,-0.22841154038906097,-0.23825547099113464,0.16745012998580933,3.120342969894409,-0.02408703789114952
2208,41.14868450164795,-0.1963636726140976,-0.14146332442760468,0.2174074500799179,-0.23501521348953247,-0.26459646224975586,0.174605593085289,3.1208155155181885,-0.021171018481254578
2209,41.17417883872986,-0.1963636726140976,-0.14146332442760468,0.2174074500799179,-0.24330055713653564,-0.28739187121391296,0.1736552119255066,3.1260790824890137,-0.01868278905749321
2210,41.18532586097717,-0.1963636726140976,-0.14146332442760468,0.2174074500799179,-0.2203272581100464,-0.28417718410491943,0.10410010814666748,3.1330983638763428,-0.022746870294213295
2211,41.21155261993408,-0.1963636726140976,-0.14146332442760468,0.2174074500799179,-0.21335764229297638,-0.2597447633743286,0.2998558282852173,3.1351840496063232,-0.03334549814462662
2212,41.22259783744812,-0.1963636726140976,-0.14146332442760468,0.2174074500799179,-0.21459001302719116,-0.23499435186386108,0.43907445669174194,3.1353204250335693,-0.04005219787359238
2213,41.248977184295654,-0.1963636726140976,-0.14146332442760468,0.2174074500799179,-0.2143595814704895,-0.21244363486766815,0.5249807238578796,3.1350598335266113,-0.04364331066608429
2214,41.260170459747314,-0.1963636726140976,-0.14146332442760468,0.2174074500799179,-0.21105220913887024,-0.18966741859912872,0.5768782496452332,3.1359434127807617,-0.047131866216659546
2215,41.28513216972351,-0.1963636726140976,-0.14146332442760468,0.2174074500799179,-0.20568832755088806,-0.15949130058288574,0.4378848671913147,3.1378331184387207,-0.05122584104537964
2216,41.296710729599,-0.1963636726140976,-0.14146332442760468,0.2174074500799179,-0.20053046941757202,-0.12744970619678497,0.2795323431491852,3.1371712684631348,-0.05506862699985504
2217,41.321941614151,-0.1963636726140976,-0.14146332442760468,0.2174074500799179,-0.1976645588874817,-0.09963240474462509,0.19863379001617432,3.1323883533477783,-0.056914132088422775
2218,41.33254075050354,-0.1963636726140976,-0.14146332442760468,0.2174074500799179,-0.19696642458438873,-0.07381453365087509,0.16740207374095917,3.125067710876465,-0.055327966809272766
2219,41.35760951042175,-0.1963636726140976,-0.14146332442760468,0.2174074500799179,-0.19734697043895721,-0.048415783792734146,0.13662758469581604,3.117097854614258,-0.05044536665081978
2220,41.368950843811035,-0.1963636726140976,-0.14146332442760468,0.2174074500799179,-0.1990031749010086,-0.024783199653029442,0.08870799094438553,3.108722448348999,-0.0430220402777195
2221,41.394601583480835,-0.1963636726140976,-0.14146332442760468,0.2174074500799179,-0.2028278261423111,-0.006374635733664036,0.06989030539989471,3.1007256507873535,-0.0337701290845871
2222,41.40555119514465,-0.1963636726140976,-0.14146332442760468,0.2174074500799179,-0.20791563391685486,0.007935411296784878,0.05758706480264664,3.09544038772583,-0.02361760288476944
2223,41.43067407608032,-0.1963636726140976,-0.14146332442760468,0.2174074500799179,-0.2128075212240219,0.020546967163681984,-0.003427121788263321,3.0951600074768066,-0.013730432838201523
2224,41.441994190216064,-0.1963636726140976,-0.14146332442760468,0.2174074500799179,-0.2164163440465927,0.032747961580753326,-0.09255703538656235,3.100355625152588,-0.00513163348659873
2225,41.46700716018677,-0.1963636726140976,-0.14146332442760468,0.2174074500799179,-0.2181643396615982,0.047936566174030304,-0.1643260270357132,3.108882188796997,0.0014511275803670287
2226,41.47723436355591,-0.1963636726140976,-0.14146332442760468,0.2174074500799179,-0.2202800214290619,0.06627098470926285,-0.18570607900619507,3.1177430152893066,0.006009422242641449
2227,41.502928256988525,-0.1963636726140976,-0.14146332442760468,0.2174074500799179,-0.2251322865486145,0.08592146635055542,-0.15778228640556335,3.124868392944336,0.0099404938519001
2228,41.51341962814331,-0.1963636726140976,-0.14146332442760468,0.2174074500799179,-0.2304622381925583,0.1069505512714386,-0.08381989598274231,3.1290738582611084,0.014575708657503128
2229,41.53838396072388,-0.1963636726140976,-0.14146332442760468,0.2174074500799179,-0.23081564903259277,0.12960128486156464,0.011928711086511612,3.1291308403015137,0.01887069083750248
2230,41.54862856864929,-0.1963636726140976,-0.14146332442760468,0.2174074500799179,-0.22575324773788452,0.14033491909503937,0.30490705370903015,3.127095937728882,0.0168008990585804
2231,41.573569774627686,-0.1963636726140976,-0.14146332442760468,0.2174074500799179,-0.21351009607315063,0.12533868849277496,0.22030870616436005,3.1261000633239746,0.0038738225121051073
2232,41.58378887176514,-0.1963636726140976,-0.14146332442760468,0.2174074500799179,-0.2023652046918869,0.09841015189886093,0.10300090909004211,3.12048077583313,-0.0184953436255455
2233,41.60911750793457,-0.1963636726140976,-0.14146332442760468,0.2174074500799179,-0.202899768948555,0.052851609885692596,0.15409912168979645,3.1124184131622314,-0.04277987778186798
2234,41.620094537734985,-0.1963636726140976,-0.14146332442760468,0.2174074500799179,-0.21054522693157196,0.002112295478582382,0.29890137910842896,3.107654333114624,-0.0540178157389164
2235,41.64902591705322,-0.1963636726140976,-0.14146332442760468,0.2174074500799179,-0.21369633078575134,-0.039721302688121796,0.34684547781944275,3.1075172424316406,-0.053787052631378174
2236,41.66010570526123,-0.1963636726140976,-0.14146332442760468,0.2174074500799179,-0.21554143726825714,-0.07660987973213196,0.3161545693874359,3.1112821102142334,-0.04748557507991791
2237,41.68709468841553,-0.1963636726140976,-0.14146332442760468,0.2174074500799179,-0.21536687016487122,-0.1140509694814682,0.2587875425815582,3.1168696880340576,-0.03951166570186615
2238,41.70131492614746,-0.1963636726140976,-0.14146332442760468,0.2174074500799179,-0.21465738117694855,-0.15165084600448608,0.2392159104347229,3.12155818939209,-0.03237539157271385
2239,41.72635507583618,-0.1963636726140976,-0.14146332442760468,0.2174074500799179,-0.21478085219860077,-0.18579399585723877,0.2616850733757019,3.1231460571289062,-0.02602328360080719
2240,41.73740744590759,-0.1963636726140976,-0.14146332442760468,0.2174074500799179,-0.21504813432693481,-0.21474073827266693,0.2799011468887329,3.121345043182373,-0.0203061792999506
2241,41.76386594772339,-0.1963636726140976,-0.14146332442760468,0.2174074500799179,-0.2168247550725937,-0.2406044900417328,0.2763929069042206,3.1178839206695557,-0.015678226947784424
2242,41.77403020858765,-0.1963636726140976,-0.14146332442760468,0.2174074500799179,-0.22110413014888763,-0.2641533613204956,0.26394063234329224,3.1153440475463867,-0.012335920706391335
2243,41.798765420913696,-0.1963636726140976,-0.14146332442760468,0.2174074500799179,-0.2280668020248413,-0.2867175340652466,0.22455118596553802,3.1169557571411133,-0.009560082107782364
2244,41.808984994888306,-0.1963636726140976,-0.14146332442760468,0.2174074500799179,-0.20917385816574097,-0.26978299021720886,0.28671589493751526,3.118243455886841,-0.011398454196751118
2245,41.83389592170715,-0.1963636726140976,-0.14146332442760468,0.2174074500799179,-0.19579704105854034,-0.2493797391653061,0.35941314697265625,3.116318941116333,-0.017182933166623116
2246,41.843961238861084,-0.1963636726140976,-0.14146332442760468,0.2174074500799179,-0.18866045773029327,-0.23385874927043915,0.4380534887313843,3.113553285598755,-0.024347927421331406
2247,41.86898326873779,-0.1963636726140976,-0.14146332442760468,0.2174074500799179,-0.18690909445285797,-0.22263690829277039,0.48032188415527344,3.112114191055298,-0.031617652624845505
2248,41.87966752052307,-0.1963636726140976,-0.14146332442760468,0.2174074500799179,-0.1863471269607544,-0.21034006774425507,0.5157480835914612,3.1131842136383057,-0.03872803971171379
2249,41.9055233001709,-0.1963636726140976,-0.14146332442760468,0.2174074500799179,-0.18467120826244354,-0.18631921708583832,0.4799306392669678,3.1165285110473633,-0.04494570195674896
2250,41.916171073913574,-0.1963636726140976,-0.14146332442760468,0.2174074500799179,-0.18373234570026398,-0.1506662219762802,0.2770859897136688,3.1182761192321777,-0.048959214240312576
2251,41.94129419326782,-0.1963636726140976,-0.14146332442760468,0.2174074500799179,-0.18199177086353302,-0.11826944351196289,0.15652403235435486,3.115011215209961,-0.05084284767508507
2252,41.95259642601013,-0.1963636726140976,-0.14146332442760468,0.2174074500799179,-0.1812722533941269,-0.0901309922337532,0.12347263097763062,3.108086585998535,-0.05015161633491516
2253,41.977973222732544,-0.1963636726140976,-0.14146332442760468,0.2174074500799179,-0.18257063627243042,-0.06480944901704788,0.13007724285125732,3.1003854274749756,-0.04634134843945503
2254,41.988051414489746,-0.1963636726140976,-0.14146332442760468,0.2174074500799179,-0.18505731225013733,-0.04217955470085144,0.1263180822134018,3.0932040214538574,-0.039551712572574615
2255,42.01507067680359,-0.1963636726140976,-0.14146332442760468,0.2174074500799179,-0.1880447268486023,-0.023388218134641647,0.09334374964237213,3.0874462127685547,-0.03068399615585804
2256,42.02459144592285,-0.1963636726140976,-0.14146332442760468,0.2174074500799179,-0.19106502830982208,-0.009365754202008247,0.05098686367273331,3.0847859382629395,-0.021116649731993675
2257,42.05141997337341,-0.1963636726140976,-0.14146332442760468,0.2174074500799179,-0.19245421886444092,0.003553503891453147,-0.006919478066265583,3.0863027572631836,-0.012360823340713978
2258,42.06279993057251,-0.1963636726140976,-0.14146332442760468,0.2174074500799179,-0.19272392988204956,0.01805482804775238,-0.07302305102348328,3.0917258262634277,-0.005343727767467499
2259,42.08975028991699,-0.1963636726140976,-0.14146332442760468,0.2174074500799179,-0.19330163300037384,0.03489287570118904,-0.11358389258384705,3.099411725997925,-0.00016948765551205724
2260,42.1010684967041,-0.1963636726140976,-0.14146332442760468,0.2174074500799179,-0.19536122679710388,0.05445736646652222,-0.11589306592941284,3.1070621013641357,0.0037797458935528994
2261,42.12565588951111,-0.1963636726140976,-0.14146332442760468,0.2174074500799179,-0.20011509954929352,0.07564769685268402,-0.08357244729995728,3.113117218017578,0.00779610313475132
2262,42.13681077957153,-0.1963636726140976,-0.14146332442760468,0.2174074500799179,-0.20449386537075043,0.09841680526733398,-0.019986534491181374,3.116363048553467,0.012470567598938942
2263,42.16324281692505,-0.1963636726140976,-0.14146332442760468,0.2174074500799179,-0.2225009649991989,0.13200344145298004,0.23222143948078156,3.115983724594116,0.01635916903614998
2264,42.173616886138916,-0.1963636726140976,-0.14146332442760468,0.2174074500799179,-0.20414984226226807,0.11701352894306183,0.2131820023059845,3.1132986545562744,0.014581607654690742
2265,42.200324058532715,-0.1963636726140976,-0.14146332442760468,0.2174074500799179,-0.18389096856117249,0.09036067128181458,0.16773976385593414,3.108628273010254,0.001096329651772976
2266,42.21065545082092,-0.1963636726140976,-0.14146332442760468,0.2174074500799179,-0.17791466414928436,0.05274161696434021,0.13124780356884003,3.102856159210205,-0.024236859753727913
2267,42.23553252220154,-0.1963636726140976,-0.14146332442760468,0.2174074500799179,-0.18763117492198944,0.0050665573216974735,0.1979808211326599,3.0980677604675293,-0.04615483433008194
2268,42.24608826637268,-0.1963636726140976,-0.14146332442760468,0.2174074500799179,-0.20247040688991547,-0.039374519139528275,0.2562885880470276,3.09698486328125,-0.05386605113744736
2269,42.271404504776,-0.1963636726140976,-0.14146332442760468,0.2174074500799179,-0.21078312397003174,-0.0769248902797699,0.24090564250946045,3.1001904010772705,-0.050288330763578415
2270,42.28145742416382,-0.1963636726140976,-0.14146332442760468,0.2174074500799179,-0.2132313996553421,-0.11439785361289978,0.1930183470249176,3.10623836517334,-0.04308469966053963
2271,42.30743765830994,-0.1963636726140976,-0.14146332442760468,0.2174074500799179,-0.2142701894044876,-0.15328843891620636,0.16696476936340332,3.1125597953796387,-0.03683015704154968
2272,42.31795263290405,-0.1963636726140976,-0.14146332442760468,0.2174074500799179,-0.21612697839736938,-0.18903028964996338,0.16979822516441345,3.116330623626709,-0.031827520579099655
2273,42.343982458114624,-0.1963636726140976,-0.14146332442760468,0.2174074500799179,-0.21765506267547607,-0.2203577160835266,0.19201374053955078,3.116478443145752,-0.027587950229644775
2274,42.35444974899292,-0.1963636726140976,-0.14146332442760468,0.2174074500799179,-0.21968206763267517,-0.24797958135604858,0.19543558359146118,3.1149423122406006,-0.024531453847885132
2275,42.38048505783081,-0.1963636726140976,-0.14146332442760468,0.2174074500799179,-0.22343334555625916,-0.27206510305404663,0.19655707478523254,3.1151227951049805,-0.022781161591410637
2276,42.39175271987915,-0.1963636726140976,-0.14146332442760468,0.2174074500799179,-0.2284875065088272,-0.2944219410419464,0.1676139384508133,3.1204288005828857,-0.021613046526908875
2277,42.416571378707886,-0.1963636726140976,-0.14146332442760468,0.2174074500799179,-0.2109997421503067,-0.2713952362537384,0.27042150497436523,3.12491512298584,-0.024225329980254173
2278,42.42638373374939,-0.1963636726140976,-0.14146332442760468,0.2174074500799179,-0.198186993598938,-0.2443632334470749,0.3698614537715912,3.1247169971466064,-0.029337571933865547
2279,42.45109486579895,-0.1963636726140976,-0.14146332442760468,0.2174074500799179,-0.19135239720344543,-0.22385664284229279,0.4529607892036438,3.1222002506256104,-0.0351564884185791
2280,42.461045265197754,-0.1963636726140976,-0.14146332442760468,0.2174074500799179,-0.1896587461233139,-0.2107948511838913,0.4931594133377075,3.1202757358551025,-0.040894582867622375
2281,42.48620915412903,-0.019519425928592682,-0.08286740630865097,0.10338934510946274,-0.18956829607486725,-0.2004179060459137,0.5263256430625916,3.120922327041626,-0.04651152715086937
2282,42.49597239494324,-0.019519425928592682,-0.08286740630865097,0.10338934510946274,-0.1876988261938095,-0.17157039046287537,0.31524568796157837,3.1249594688415527,-0.050473760813474655
2283,42.52131509780884,-0.019519425928592682,-0.08286740630865097,0.10338934510946274,-0.1820182055234909,-0.13487732410430908,0.1467653512954712,3.126662254333496,-0.05311215668916702
2284,42.5318877696991,-0.019519425928592682,-0.08286740630865097,0.10338934510946274,-0.17728860676288605,-0.1036396324634552,0.07046571373939514,3.123084545135498,-0.05488884821534157
2285,42.55746030807495,-0.019519425928592682,-0.08286740630865097,0.10338934510946274,-0.17557266354560852,-0.07575564086437225,0.03946056216955185,3.1163671016693115,-0.05440472438931465
2286,42.567341327667236,-0.019519425928592682,-0.08286740630865097,0.10338934510946274,-0.17721334099769592,-0.05071854591369629,0.029091227799654007,3.109018087387085,-0.05049886927008629
2287,42.592294692993164,-0.019519425928592682,-0.08286740630865097,0.10338934510946274,-0.17989230155944824,-0.028278645128011703,0.02740105241537094,3.102067232131958,-0.043360594660043716
2288,42.602130651474,-0.019519425928592682,-0.08286740630865097,0.10338934510946274,-0.18332162499427795,-0.009370598942041397,-1.8839724361896515e-05,3.0972418785095215,-0.03410456329584122
2289,42.62718391418457,-0.019519425928592682,-0.08286740630865097,0.10338934510946274,-0.18690189719200134,0.005542234051972628,-0.046007558703422546,3.0967342853546143,-0.02409980073571205
2290,42.63729214668274,-0.019519425928592682,-0.08286740630865097,0.10338934510946274,-0.18781135976314545,0.019638407975435257,-0.1128493994474411,3.1009888648986816,-0.014837087132036686
2291,42.661845207214355,-0.019519425928592682,-0.08286740630865097,0.10338934510946274,-0.18597401678562164,0.034958213567733765,-0.1736339032649994,3.1087398529052734,-0.007359956856817007
2292,42.671815633773804,-0.019519425928592682,-0.08286740630865097,0.10338934510946274,-0.18318192660808563,0.05271463841199875,-0.18706515431404114,3.117457389831543,-0.001874688547104597
2293,42.696794271469116,-0.019519425928592682,-0.08286740630865097,0.10338934510946274,-0.18087121844291687,0.07302141189575195,-0.15598629415035248,3.1243786811828613,0.0021896143443882465
2294,42.706887006759644,-0.019519425928592682,-0.08286740630865097,0.10338934510946274,-0.18044811487197876,0.09455475211143494,-0.10718385875225067,3.128054618835449,0.005961453542113304
2295,42.73155856132507,-0.019519425928592682,-0.08286740630865097,0.10338934510946274,-0.17951665818691254,0.11797165870666504,-0.033662185072898865,3.1283559799194336,0.009645426645874977
2296,42.74144434928894,-0.019519425928592682,-0.08286740630865097,0.10338934510946274,-0.17691437900066376,0.14361605048179626,0.04021746665239334,3.1251511573791504,0.012382157146930695
2297,42.7678427696228,-0.019519425928592682,-0.08286740630865097,0.10338934510946274,-0.18728391826152802,0.16971462965011597,0.2877732217311859,3.118820905685425,0.010464081540703773
2298,42.77825212478638,-0.019519425928592682,-0.08286740630865097,0.10338934510946274,-0.16276060044765472,0.1511569619178772,0.20958083868026733,3.1176366806030273,0.000652063637971878
2299,42.80399823188782,-0.019519425928592682,-0.08286740630865097,0.10338934510946274,-0.13287973403930664,0.13052044808864594,0.07966297119855881,3.115435838699341,-0.014655737206339836
2300,42.81403565406799,-0.019519425928592682,-0.08286740630865097,0.10338934510946274,-0.11085169017314911,0.09461358934640884,0.11887878179550171,3.1097936630249023,-0.03597394376993179
2301,42.83928346633911,-0.019519425928592682,-0.08286740630865097,0.10338934510946274,-0.1025032103061676,0.05226517468690872,0.21929512917995453,3.10707426071167,-0.04978112876415253
2302,42.850051164627075,-0.019519425928592682,-0.08286740630865097,0.10338934510946274,-0.09264663606882095,0.0172991082072258,0.22068390250205994,3.109616756439209,-0.054644905030727386
2303,42.87803363800049,-0.019519425928592682,-0.08286740630865097,0.10338934510946274,-0.07936763018369675,-0.012508489191532135,0.17947933077812195,3.1152102947235107,-0.054561834782361984
2304,42.88973307609558,-0.019519425928592682,-0.08286740630865097,0.10338934510946274,-0.0642116591334343,-0.04256300628185272,0.1376143991947174,3.1206717491149902,-0.05244551971554756
2305,42.914761543273926,-0.019519425928592682,-0.08286740630865097,0.10338934510946274,-0.04810158908367157,-0.0734626054763794,0.11807605624198914,3.1240627765655518,-0.04968298599123955
2306,42.925065994262695,-0.019519425928592682,-0.08286740630865097,0.10338934510946274,-0.03102860413491726,-0.10415487736463547,0.11489664018154144,3.1247458457946777,-0.04708147421479225
2307,42.950268507003784,-0.019519425928592682,-0.08286740630865097,0.10338934510946274,-0.013661070726811886,-0.13323166966438293,0.11933083087205887,3.1226253509521484,-0.04529866203665733
2308,42.96082043647766,-0.019519425928592682,-0.08286740630865097,0.10338934510946274,0.00289855501614511,-0.16091270744800568,0.11344732344150543,3.117905616760254,-0.04477807134389877
2309,42.986013889312744,-0.019519425928592682,-0.08286740630865097,0.10338934510946274,0.017382757738232613,-0.1874895989894867,0.11210019886493683,3.1115520000457764,-0.04509301111102104
2310,42.99605584144592,-0.019519425928592682,-0.08286740630865097,0.10338934510946274,0.03001757711172104,-0.21224388480186462,0.10691025108098984,3.105485439300537,-0.04530102014541626
2311,43.02410626411438,-0.019519425928592682,-0.08286740630865097,0.10338934510946274,0.04301641136407852,-0.2357119768857956,0.10352443158626556,3.101799488067627,-0.044808097183704376
2312,43.040884256362915,-0.019519425928592682,-0.08286740630865097,0.10338934510946274,0.050683099776506424,-0.23828205466270447,0.15214332938194275,3.0979185104370117,-0.048003554344177246
2313,43.06630563735962,-0.019519425928592682,-0.08286740630865097,0.10338934510946274,0.04517913609743118,-0.23620378971099854,0.1731080412864685,3.0941319465637207,-0.04962044209241867
2314,43.076428174972534,-0.019519425928592682,-0.08286740630865097,0.10338934510946274,0.043743960559368134,-0.23370938003063202,0.18901127576828003,3.090632200241089,-0.04913512244820595
2315,43.101313829422,-0.019519425928592682,-0.08286740630865097,0.10338934510946274,0.0451757088303566,-0.2211655229330063,0.19983430206775665,3.086927652359009,-0.050302352756261826
2316,43.111279249191284,-0.019519425928592682,-0.08286740630865097,0.10338934510946274,0.035661499947309494,-0.19027653336524963,0.1669740080833435,3.0810720920562744,-0.05183956399559975
2317,43.13607883453369,-0.019519425928592682,-0.08286740630865097,0.10338934510946274,0.01736765168607235,-0.15208759903907776,0.13094359636306763,3.0729503631591797,-0.05095220357179642
2318,43.15052676200867,-0.019519425928592682,-0.08286740630865097,0.10338934510946274,0.004513459280133247,-0.12009966373443604,0.12250286340713501,3.0649611949920654,-0.04819212853908539
2319,43.18074083328247,-0.019519425928592682,-0.08286740630865097,0.10338934510946274,-0.0027106632478535175,-0.09429357945919037,0.12788072228431702,3.0584356784820557,-0.04455232620239258
2320,43.191773891448975,-0.019519425928592682,-0.08286740630865097,0.10338934510946274,-0.0067250714637339115,-0.07293397188186646,0.1454514116048813,3.0541884899139404,-0.04038785770535469
2321,43.21646165847778,-0.019519425928592682,-0.08286740630865097,0.10338934510946274,-0.00863434188067913,-0.05375024303793907,0.17130666971206665,3.052161455154419,-0.03564028441905975
2322,43.22900080680847,-0.019519425928592682,-0.08286740630865097,0.10338934510946274,-0.00899974349886179,-0.036878589540719986,0.19474756717681885,3.0518176555633545,-0.030186938121914864
2323,43.253885984420776,-0.019519425928592682,-0.08286740630865097,0.10338934510946274,-0.008874300867319107,-0.022773025557398796,0.20048895478248596,3.053004026412964,-0.023900112137198448
2324,43.26489758491516,-0.019519425928592682,-0.08286740630865097,0.10338934510946274,-0.007998710498213768,-0.010230758227407932,0.18985480070114136,3.0557894706726074,-0.01716769114136696
2325,43.290440797805786,-0.019519425928592682,-0.08286740630865097,0.10338934510946274,-0.006184665951877832,0.0030126390047371387,0.1685153841972351,3.0599825382232666,-0.010978364385664463
2326,43.300753355026245,-0.019519425928592682,-0.08286740630865097,0.10338934510946274,-0.0036823651753365993,0.018797943368554115,0.1510588675737381,3.0648434162139893,-0.006309642922133207
2327,43.325913190841675,-0.019519425928592682,-0.08286740630865097,0.10338934510946274,-0.0022012325935065746,0.037293899804353714,0.14725033938884735,3.0695648193359375,-0.00319088576361537
2328,43.33582067489624,-0.019519425928592682,-0.08286740630865097,0.10338934510946274,-0.0029749718960374594,0.05723467469215393,0.14845311641693115,3.074157238006592,-0.0006504038465209305
2329,43.360477447509766,-0.019519425928592682,-0.08286740630865097,0.10338934510946274,-0.005235664546489716,0.07856585830450058,0.14404074847698212,3.0786855220794678,0.0021445893216878176
2330,43.370656967163086,-0.019519425928592682,-0.08286740630865097,0.10338934510946274,-0.0076109422370791435,0.10250470787286758,0.13123823702335358,3.0817954540252686,0.005251897498965263
2331,43.39626336097717,-0.019519425928592682,-0.08286740630865097,0.10338934510946274,-0.007928751409053802,0.12644973397254944,0.09127795696258545,3.0818443298339844,0.00796277541667223
2332,43.4072482585907,-0.019519425928592682,-0.08286740630865097,0.10338934510946274,-0.007357634138315916,0.13324014842510223,0.385832816362381,3.0821173191070557,-0.0001452024298487231
2333,43.43588590621948,-0.019519425928592682,-0.08286740630865097,0.10338934510946274,-0.00740471575409174,0.11327186226844788,0.17083266377449036,3.0841779708862305,-0.014303632080554962
2334,43.446226596832275,-0.019519425928592682,-0.08286740630865097,0.10338934510946274,-0.008702216669917107,0.08317959308624268,0.10407853126525879,3.0839903354644775,-0.029368383809924126
2335,43.47183871269226,-0.019519425928592682,-0.08286740630865097,0.10338934510946274,-0.014188826084136963,0.04632725194096565,0.09678229689598083,3.0855979919433594,-0.04159511998295784
2336,43.482670545578,-0.019519425928592682,-0.08286740630865097,0.10338934510946274,-0.023259533569216728,0.00981348566710949,0.10755719989538193,3.0901095867156982,-0.04591703414916992
2337,43.50964331626892,-0.019519425928592682,-0.08286740630865097,0.10338934510946274,-0.02660249173641205,-0.024388670921325684,0.07934372127056122,3.096588373184204,-0.04418998584151268
2338,43.519455432891846,-0.019519425928592682,-0.08286740630865097,0.10338934510946274,-0.02503986842930317,-0.05901696905493736,0.056680530309677124,3.1029927730560303,-0.04104078188538551
2339,43.54475450515747,-0.019519425928592682,-0.08286740630865097,0.10338934510946274,-0.022225787863135338,-0.09364470839500427,0.05726445093750954,3.107028007507324,-0.03844529762864113
2340,43.55541396141052,-0.019519425928592682,-0.08286740630865097,0.10338934510946274,-0.019789837300777435,-0.12581638991832733,0.08017869293689728,3.1076478958129883,-0.035973191261291504
2341,43.580971240997314,-0.019519425928592682,-0.08286740630865097,0.10338934510946274,-0.01678422838449478,-0.15583394467830658,0.08513239771127701,3.105938673019409,-0.03379479795694351
2342,43.591033697128296,-0.019519425928592682,-0.08286740630865097,0.10338934510946274,-0.014849983155727386,-0.18367570638656616,0.09131956845521927,3.103691577911377,-0.03211734816431999
2343,43.616419076919556,-0.019519425928592682,-0.08286740630865097,0.10338934510946274,-0.014426078647375107,-0.20981760323047638,0.09554201364517212,3.1023011207580566,-0.030450524762272835
2344,43.62666392326355,-0.019519425928592682,-0.08286740630865097,0.10338934510946274,-0.004885129630565643,-0.22894522547721863,0.04872145503759384,3.102001428604126,-0.0307860616594553
2345,43.65448975563049,-0.019519425928592682,-0.08286740630865097,0.10338934510946274,-0.007395993918180466,-0.22939199209213257,0.11599256098270416,3.100095748901367,-0.034663036465644836
2346,43.66593933105469,-0.019519425928592682,-0.08286740630865097,0.10338934510946274,-0.013570045121014118,-0.22581487894058228,0.19266477227210999,3.0989205837249756,-0.035138409584760666
2347,43.69107961654663,-0.019519425928592682,-0.08286740630865097,0.10338934510946274,-0.013758376240730286,-0.22062529623508453,0.25108465552330017,3.0974960327148438,-0.03413686156272888
2348,43.70174312591553,-0.019519425928592682,-0.08286740630865097,0.10338934510946274,-0.011748973280191422,-0.2105027586221695,0.2758335471153259,3.0949950218200684,-0.034417688846588135
2349,43.72712254524231,-0.019519425928592682,-0.08286740630865097,0.10338934510946274,-0.011577054858207703,-0.18678878247737885,0.23439225554466248,3.0912868976593018,-0.035387810319662094
2350,43.73699903488159,-0.019519425928592682,-0.08286740630865097,0.10338934510946274,-0.018632445484399796,-0.15296490490436554,0.11687122285366058,3.0859174728393555,-0.03460792079567909
2351,43.76253294944763,-0.019519425928592682,-0.08286740630865097,0.10338934510946274,-0.021607931703329086,-0.12156037241220474,0.08650907874107361,3.0791208744049072,-0.03262368217110634
2352,43.7725989818573,-0.019519425928592682,-0.08286740630865097,0.10338934510946274,-0.02231854572892189,-0.09458083659410477,0.10252092778682709,3.072404623031616,-0.03013465367257595
2353,43.798150300979614,-0.019519425928592682,-0.08286740630865097,0.10338934510946274,-0.022691966965794563,-0.07207685708999634,0.12394890189170837,3.067347764968872,-0.026742128655314445
2354,43.808434009552,-0.019519425928592682,-0.08286740630865097,0.10338934510946274,-0.022023366764187813,-0.053408026695251465,0.13862594962120056,3.0642848014831543,-0.022067666053771973
2355,43.83453440666199,-0.019519425928592682,-0.08286740630865097,0.10338934510946274,-0.02011065185070038,-0.038469940423965454,0.14443586766719818,3.0629045963287354,-0.016253657639026642
2356,43.84441781044006,-0.019519425928592682,-0.08286740630865097,0.10338934510946274,-0.017240725457668304,-0.02593405358493328,0.13272082805633545,3.0631017684936523,-0.009874092414975166
2357,43.86908149719238,-0.019519425928592682,-0.08286740630865097,0.10338934510946274,-0.01258342619985342,-0.013592191971838474,0.10893459618091583,3.0648608207702637,-0.004083747509866953
2358,43.87909722328186,-0.019519425928592682,-0.08286740630865097,0.10338934510946274,-0.00670261774212122,0.0009567913948558271,0.09458117187023163,3.0680348873138428,3.6386772990226746e-05
2359,43.90465593338013,-0.019519425928592682,-0.08286740630865097,0.10338934510946274,-0.0012314768973737955,0.019146693870425224,0.10163204371929169,3.072150230407715,0.0022942835930734873
2360,43.914791107177734,-0.019519425928592682,-0.08286740630865097,0.10338934510946274,0.002833346603438258,0.0401432178914547,0.12827736139297485,3.0765154361724854,0.0034047593362629414
2361,43.940372467041016,-0.019519425928592682,-0.08286740630865097,0.10338934510946274,0.004882270935922861,0.06093117222189903,0.15323740243911743,3.080829381942749,0.004775866866111755
2362,43.950100898742676,-0.019519425928592682,-0.08286740630865097,0.10338934510946274,0.00622942391782999,0.08018701523542404,0.15843239426612854,3.085052490234375,0.007659580558538437
2363,43.975149154663086,-0.019519425928592682,-0.08286740630865097,0.10338934510946274,0.00890851579606533,0.10004932433366776,0.15059226751327515,3.088592529296875,0.012037974782288074
2364,43.98557686805725,-0.019519425928592682,-0.08286740630865097,0.10338934510946274,0.013930069282650948,0.1216837614774704,0.10930956900119781,3.0897035598754883,0.01686946302652359
2365,44.01285219192505,-0.019519425928592682,-0.08286740630865097,0.10338934510946274,0.016995832324028015,0.1309584081172943,0.2914184331893921,3.088477373123169,0.015638137236237526
2366,44.02257299423218,-0.019519425928592682,-0.08286740630865097,0.10338934510946274,0.017410913482308388,0.11614885181188583,0.2692924439907074,3.092029571533203,0.008089614100754261
2367,44.047170639038086,-0.019519425928592682,-0.08286740630865097,0.10338934510946274,0.02300768345594406,0.09585477411746979,0.161394864320755,3.093721866607666,-0.0024816107470542192
2368,44.05716252326965,-0.019519425928592682,-0.08286740630865097,0.10338934510946274,0.013158837333321571,0.062215305864810944,0.14297153055667877,3.0946779251098633,-0.016121653839945793
2369,44.08216333389282,-0.019519425928592682,-0.08286740630865097,0.10338934510946274,-0.005139664746820927,0.02784593217074871,0.12008678913116455,3.098487615585327,-0.023362765088677406
2370,44.092693567276,-0.019519425928592682,-0.08286740630865097,0.10338934510946274,-0.019518543034791946,-0.005490349605679512,0.09258358180522919,3.103283643722534,-0.02378099039196968
2371,44.11822152137756,-0.019519425928592682,-0.08286740630865097,0.10338934510946274,-0.028622670099139214,-0.039598215371370316,0.06780607998371124,3.108428955078125,-0.021007321774959564
2372,44.13056826591492,-0.019519425928592682,-0.08286740630865097,0.10338934510946274,-0.03479809686541557,-0.0757526233792305,0.06570884585380554,3.1126787662506104,-0.01811317913234234
2373,44.15607666969299,-0.019519425928592682,-0.08286740630865097,0.10338934510946274,-0.040794067084789276,-0.11007478088140488,0.09386856853961945,3.11411190032959,-0.015398344956338406
2374,44.17214012145996,-0.019519425928592682,-0.08286740630865097,0.10338934510946274,-0.04656252637505531,-0.14127488434314728,0.1141248494386673,3.1123876571655273,-0.01243598386645317
2375,44.19833326339722,-0.019519425928592682,-0.08286740630865097,0.10338934510946274,-0.0534014031291008,-0.17041626572608948,0.12352515012025833,3.1091573238372803,-0.009312809444963932
2376,44.20925760269165,-0.019519425928592682,-0.08286740630865097,0.10338934510946274,-0.06170741468667984,-0.1974225640296936,0.126084104180336,3.1070191860198975,-0.005999298300594091
2377,44.234642028808594,-0.019519425928592682,-0.08286740630865097,0.10338934510946274,-0.060073886066675186,-0.2184901088476181,0.08834894001483917,3.108153820037842,-0.00334919267334044
2378,44.246405601501465,-0.019519425928592682,-0.08286740630865097,0.10338934510946274,-0.05609820783138275,-0.21878482401371002,0.11717651784420013,3.1083266735076904,-0.006436131428927183
2379,44.27281308174133,-0.019519425928592682,-0.08286740630865097,0.10338934510946274,-0.055509425699710846,-0.21463757753372192,0.18986114859580994,3.1082186698913574,-0.009620084427297115
2380,44.28332328796387,-0.019519425928592682,-0.08286740630865097,0.10338934510946274,-0.05404806509613991,-0.21014530956745148,0.2574009299278259,3.1078360080718994,-0.012297151610255241
2381,44.30870747566223,-0.019519425928592682,-0.08286740630865097,0.10338934510946274,-0.05168658122420311,-0.2027163952589035,0.296451210975647,3.1073179244995117,-0.015575545839965343
2382,44.31929302215576,-0.019519425928592682,-0.08286740630865097,0.10338934510946274,-0.048487402498722076,-0.18471668660640717,0.29789334535598755,3.106837272644043,-0.019441211596131325
2383,44.345954179763794,-0.019519425928592682,-0.08286740630865097,0.10338934510946274,-0.04966161772608757,-0.15468987822532654,0.1820915937423706,3.105271577835083,-0.02186214178800583
2384,44.356908082962036,-0.019519425928592682,-0.08286740630865097,0.10338934510946274,-0.05052561312913895,-0.124930240213871,0.09402497112751007,3.1010191440582275,-0.0220048725605011
2385,44.381622076034546,-0.019519425928592682,-0.08286740630865097,0.10338934510946274,-0.04794563725590706,-0.09928607195615768,0.08330731838941574,3.0947487354278564,-0.020622871816158295
2386,44.39180660247803,-0.019519425928592682,-0.08286740630865097,0.10338934510946274,-0.04537227749824524,-0.07630012184381485,0.10235682129859924,3.0882978439331055,-0.018017008900642395
2387,44.418065309524536,-0.019519425928592682,-0.08286740630865097,0.10338934510946274,-0.04334481805562973,-0.05638786777853966,0.11531396955251694,3.0828731060028076,-0.013819165527820587
2388,44.428314208984375,-0.019519425928592682,-0.08286740630865097,0.10338934510946274,-0.04108021780848503,-0.04066295549273491,0.11764709651470184,3.0788938999176025,-0.008049466647207737
2389,44.457133293151855,-0.019519425928592682,-0.08286740630865097,0.10338934510946274,-0.03764450550079346,-0.027817370370030403,0.09596973657608032,3.0765864849090576,-0.001423178124241531
2390,44.46806764602661,-0.019519425928592682,-0.08286740630865097,0.10338934510946274,-0.031955376267433167,-0.01591630093753338,0.07504267990589142,3.076106548309326,0.0046663666144013405
2391,44.49385094642639,-0.019519425928592682,-0.08286740630865097,0.10338934510946274,-0.024607714265584946,-0.002322778571397066,0.06042998284101486,3.077580213546753,0.009061179123818874
2392,44.505151987075806,-0.019519425928592682,-0.08286740630865097,0.10338934510946274,-0.016841361299157143,0.01432296447455883,0.07033328711986542,3.0808026790618896,0.011387204751372337
2393,44.53096270561218,-0.019519425928592682,-0.08286740630865097,0.10338934510946274,-0.010104967281222343,0.034209687262773514,0.09719899296760559,3.084843635559082,0.01218521036207676
2394,44.54072403907776,-0.019519425928592682,-0.08286740630865097,0.10338934510946274,-0.004979214631021023,0.05436248332262039,0.13738083839416504,3.0888774394989014,0.012608415447175503
2395,44.56672787666321,-0.019519425928592682,-0.08286740630865097,0.10338934510946274,-0.0014972735662013292,0.07298781722784042,0.15758928656578064,3.092717409133911,0.014175370335578918
2396,44.576807498931885,-0.019519425928592682,-0.08286740630865097,0.10338934510946274,0.0025267135351896286,0.0907224789261818,0.1586117446422577,3.096118450164795,0.01753394864499569
2397,44.602893352508545,-0.019519425928592682,-0.08286740630865097,0.10338934510946274,0.009037105366587639,0.11007919907569885,0.1376020461320877,3.0978846549987793,0.021862611174583435
2398,44.61332869529724,-0.019519425928592682,-0.08286740630865097,0.10338934510946274,-0.0075638992711901665,0.14893876016139984,0.2265377938747406,3.096484422683716,0.025249917060136795
2399,44.63882040977478,-0.019519425928592682,-0.08286740630865097,0.10338934510946274,0.018247585743665695,0.1187746524810791,0.1329135298728943,3.0925023555755615,0.02231743559241295
2400,44.654945611953735,-0.019519425928592682,-0.08286740630865097,0.10338934510946274,0.028297606855630875,0.08701387792825699,0.15242211520671844,3.0906944274902344,0.012991036288440228
2401,44.68553400039673,-0.019519425928592682,-0.08286740630865097,0.10338934510946274,0.02097916603088379,0.05063013359904289,0.15267768502235413,3.092725992202759,-0.002050458686426282
2402,44.69564390182495,-0.019519425928592682,-0.08286740630865097,0.10338934510946274,0.0003155574668198824,0.015344532206654549,0.11240705847740173,3.098264455795288,-0.01222509890794754
2403,44.72224545478821,-0.019519425928592682,-0.08286740630865097,0.10338934510946274,-0.017571020871400833,-0.019220734015107155,0.06740859150886536,3.10456919670105,-0.014824001118540764
2404,44.73531436920166,-0.019519425928592682,-0.08286740630865097,0.10338934510946274,-0.028829021379351616,-0.054021548479795456,0.04395557567477226,3.110454797744751,-0.013329037465155125
2405,44.7603976726532,-0.019519425928592682,-0.08286740630865097,0.10338934510946274,-0.03657028079032898,-0.09114988148212433,0.04606998339295387,3.115077257156372,-0.011148117482662201
2406,44.77099394798279,-0.019519425928592682,-0.08286740630865097,0.10338934510946274,-0.04326572269201279,-0.12672308087348938,0.06366497278213501,3.117151975631714,-0.009276753291487694
2407,44.80484342575073,-0.019519425928592682,-0.08286740630865097,0.10338934510946274,-0.04944854602217674,-0.1588122844696045,0.09259559214115143,3.116363525390625,-0.007525123190134764
2408,44.81477355957031,-0.019519425928592682,-0.08286740630865097,0.10338934510946274,-0.056614406406879425,-0.18714526295661926,0.09945699572563171,3.1144070625305176,-0.005678300280123949
2409,44.839923620224,-0.019519425928592682,-0.08286740630865097,0.10338934510946274,-0.06501003354787827,-0.2120194137096405,0.10097415000200272,3.1141414642333984,-0.003500963095575571
2410,44.85090970993042,-0.019519425928592682,-0.08286740630865097,0.10338934510946274,-0.05978250131011009,-0.22881191968917847,0.05741218477487564,3.1171791553497314,-0.0034201140515506268
2411,44.876912117004395,-0.019519425928592682,-0.08286740630865097,0.10338934510946274,-0.05660851672291756,-0.22070826590061188,0.11963580548763275,3.1180739402770996,-0.008669878356158733
2412,44.88719630241394,-0.019519425928592682,-0.08286740630865097,0.10338934510946274,-0.05771279335021973,-0.2089548408985138,0.20452550053596497,3.117414951324463,-0.012066716328263283
2413,44.91578197479248,-0.019519425928592682,-0.08286740630865097,0.10338934510946274,-0.05675237998366356,-0.1993759572505951,0.27763357758522034,3.1156768798828125,-0.013858179561793804
2414,44.927983045578,-0.019519425928592682,-0.08286740630865097,0.10338934510946274,-0.05455230921506882,-0.19078993797302246,0.3224506974220276,3.113840341567993,-0.01604868471622467
2415,44.95353937149048,-0.019519425928592682,-0.08286740630865097,0.10338934510946274,-0.051863670349121094,-0.1756276786327362,0.33512991666793823,3.112846612930298,-0.019048020243644714
2416,44.963560342788696,-0.019519425928592682,-0.08286740630865097,0.10338934510946274,-0.05165049061179161,-0.14778587222099304,0.20474952459335327,3.1118686199188232,-0.021339355036616325
2417,44.98863911628723,-0.019519425928592682,-0.08286740630865097,0.10338934510946274,-0.05237681046128273,-0.11884597688913345,0.10202909260988235,3.1084060668945312,-0.021843532100319862
2418,44.99901032447815,-0.019519425928592682,-0.08286740630865097,0.10338934510946274,-0.050989966839551926,-0.09374720603227615,0.0826508030295372,3.102343797683716,-0.020603476092219353
2419,45.02506971359253,-0.019519425928592682,-0.08286740630865097,0.10338934510946274,-0.048850491642951965,-0.07051679491996765,0.10090971738100052,3.0954079627990723,-0.017940379679203033
2420,45.034916162490845,-0.019519425928592682,-0.08286740630865097,0.10338934510946274,-0.04713066294789314,-0.049240343272686005,0.11867226660251617,3.088986396789551,-0.013847258873283863
2421,45.06002998352051,-0.019519425928592682,-0.08286740630865097,0.10338934510946274,-0.045173484832048416,-0.031407903879880905,0.11899548768997192,3.083617925643921,-0.008332598023116589
2422,45.06991147994995,-0.019519425928592682,-0.08286740630865097,0.10338934510946274,-0.04284169152379036,-0.0180421844124794,0.11278778314590454,3.079824924468994,-0.0018092383397743106
2423,45.09521412849426,-0.019519425928592682,-0.08286740630865097,0.10338934510946274,-0.03884899616241455,-0.0064469873905181885,0.08456093817949295,3.078113555908203,0.004748272709548473
2424,45.1056125164032,-0.019519425928592682,-0.08286740630865097,0.10338934510946274,-0.03298554942011833,0.005587367806583643,0.05447295308113098,3.078620195388794,0.010105634108185768
2425,45.13229155540466,-0.019519425928592682,-0.08286740630865097,0.10338934510946274,-0.025982912629842758,0.020271794870495796,0.04162609949707985,3.081169366836548,0.013573063537478447
2426,45.14322829246521,-0.019519425928592682,-0.08286740630865097,0.10338934510946274,-0.018834710121154785,0.03852473944425583,0.07081403583288193,3.0852348804473877,0.015105499885976315
2427,45.16911029815674,-0.019519425928592682,-0.08286740630865097,0.10338934510946274,-0.013148381374776363,0.059801407158374786,0.11811098456382751,3.0898385047912598,0.01541454903781414
2428,45.17935132980347,-0.019519425928592682,-0.08286740630865097,0.10338934510946274,-0.009612915106117725,0.07980657368898392,0.1559392809867859,3.0942559242248535,0.016051864251494408
2429,45.20955777168274,-0.019519425928592682,-0.08286740630865097,0.10338934510946274,-0.006403473671525717,0.0974905714392662,0.17092007398605347,3.0982041358947754,0.018293431028723717
2430,45.220550775527954,-0.019519425928592682,-0.08286740630865097,0.10338934510946274,-0.0016847457736730576,0.11585184186697006,0.15778547525405884,3.100766897201538,0.022076217457652092
2431,45.24853205680847,-0.019519425928592682,-0.08286740630865097,0.10338934510946274,0.003792217466980219,0.1387551724910736,0.13930508494377136,3.1003823280334473,0.02588558755815029
2432,45.2632360458374,-0.019519425928592682,-0.08286740630865097,0.10338934510946274,0.01370370015501976,0.12761415541172028,0.21139255166053772,3.099123239517212,0.021422812715172768
2433,45.28882336616516,-0.019519425928592682,-0.08286740630865097,0.10338934510946274,0.018557464703917503,0.1041012555360794,0.15221112966537476,3.1003992557525635,0.008065789937973022
2434,45.29915738105774,-0.019519425928592682,-0.08286740630865097,0.10338934510946274,0.010675134137272835,0.07383619993925095,0.10101363807916641,3.101710319519043,-0.00891235750168562
2435,45.324958086013794,-0.019519425928592682,-0.08286740630865097,0.10338934510946274,-0.009197438135743141,0.03726668655872345,0.06678298860788345,3.1043643951416016,-0.021364424377679825
2436,45.33525633811951,-0.019519425928592682,-0.08286740630865097,0.10338934510946274,-0.029380198568105698,-0.0002771966392174363,0.05509982258081436,3.108504056930542,-0.024912051856517792
2437,45.360548973083496,-0.019519425928592682,-0.08286740630865097,0.10338934510946274,-0.04227098450064659,-0.036920662969350815,0.03727797791361809,3.113450288772583,-0.023025019094347954
2438,45.370821475982666,-0.019519425928592682,-0.08286740630865097,0.10338934510946274,-0.050666384398937225,-0.0744670107960701,0.03286510333418846,3.118314504623413,-0.02013729140162468
2439,45.39554786682129,-0.019519425928592682,-0.08286740630865097,0.10338934510946274,-0.05747751146554947,-0.11096657067537308,0.04728817567229271,3.1213343143463135,-0.017897406592965126
2440,45.405696392059326,-0.019519425928592682,-0.08286740630865097,0.10338934510946274,-0.06421123445034027,-0.14369873702526093,0.06935732811689377,3.121264934539795,-0.015868661925196648
2441,45.431562185287476,-0.019519425928592682,-0.08286740630865097,0.10338934510946274,-0.07092556357383728,-0.17298373579978943,0.07769528031349182,3.1191020011901855,-0.013791441917419434
2442,45.44178652763367,-0.019519425928592682,-0.08286740630865097,0.10338934510946274,-0.07848595082759857,-0.199748232960701,0.08895592391490936,3.1174066066741943,-0.011766520328819752
2443,45.4672794342041,-0.019519425928592682,-0.08286740630865097,0.10338934510946274,-0.08525674045085907,-0.2252814769744873,0.0692753791809082,3.119703769683838,-0.009512177668511868
2444,45.47753691673279,-0.019519425928592682,-0.08286740630865097,0.10338934510946274,-0.07798877358436584,-0.2171841561794281,0.1325375735759735,3.1223912239074707,-0.010265984572470188
2445,45.5027060508728,-0.019519425928592682,-0.08286740630865097,0.10338934510946274,-0.07312646508216858,-0.20351523160934448,0.19735807180404663,3.1223833560943604,-0.0121873514726758
2446,45.51326298713684,-0.019519425928592682,-0.08286740630865097,0.10338934510946274,-0.06848336011171341,-0.1927867978811264,0.2642289698123932,3.120328187942505,-0.014642833732068539
2447,45.538530349731445,-0.019519425928592682,-0.08286740630865097,0.10338934510946274,-0.06576500087976456,-0.1862141191959381,0.31313711404800415,3.1180293560028076,-0.0180007666349411
2448,45.54894471168518,-0.019519425928592682,-0.08286740630865097,0.10338934510946274,-0.06387823820114136,-0.1780092418193817,0.34367015957832336,3.117206573486328,-0.022067558020353317
2449,45.574246883392334,-0.019519425928592682,-0.08286740630865097,0.10338934510946274,-0.06162678822875023,-0.15770550072193146,0.2980349659919739,3.1179466247558594,-0.025465287268161774
2450,45.58452033996582,-0.019519425928592682,-0.08286740630865097,0.10338934510946274,-0.06128643453121185,-0.12746334075927734,0.15435409545898438,3.117313861846924,-0.026683392003178596
2451,45.60966229438782,-0.019519425928592682,-0.08286740630865097,0.10338934510946274,-0.05857652798295021,-0.1000039353966713,0.0863475352525711,3.1131012439727783,-0.02627504989504814
2452,45.61962413787842,-0.019519425928592682,-0.08286740630865097,0.10338934510946274,-0.054627519100904465,-0.07542689144611359,0.0879954993724823,3.1062324047088623,-0.024573398754000664
2453,45.644903898239136,-0.019519425928592682,-0.08286740630865097,0.10338934510946274,-0.05159997567534447,-0.052635565400123596,0.10955993086099625,3.0987708568573,-0.021223047748208046
2454,45.65521454811096,-0.019519425928592682,-0.08286740630865097,0.10338934510946274,-0.04891745746135712,-0.03271136432886124,0.12182128429412842,3.091953992843628,-0.015927867963910103
2455,45.680787563323975,-0.019519425928592682,-0.08286740630865097,0.10338934510946274,-0.04545564204454422,-0.016626475378870964,0.11198075115680695,3.0863680839538574,-0.009080655872821808
2456,45.69117546081543,-0.019519425928592682,-0.08286740630865097,0.10338934510946274,-0.04077143594622612,-0.004125084262341261,0.09605951607227325,3.082634449005127,-0.0017488551093265414
2457,45.716145038604736,-0.019519425928592682,-0.08286740630865097,0.10338934510946274,-0.034129563719034195,0.007962332107126713,0.06687238812446594,3.0811665058135986,0.00479158153757453
2458,45.72605013847351,-0.019519425928592682,-0.08286740630865097,0.10338934510946274,-0.02552311308681965,0.02220742218196392,0.052005987614393234,3.082033157348633,0.009448390454053879
2459,45.750927209854126,-0.019519425928592682,-0.08286740630865097,0.10338934510946274,-0.01646231673657894,0.039492152631282806,0.07197362929582596,3.0850253105163574,0.011898146010935307
2460,45.76113200187683,-0.019519425928592682,-0.08286740630865097,0.10338934510946274,-0.008739116601645947,0.05949335917830467,0.11003147065639496,3.0893197059631348,0.012793553061783314
2461,45.786125898361206,-0.019519425928592682,-0.08286740630865097,0.10338934510946274,-0.0029969250317662954,0.08041349798440933,0.13977374136447906,3.093853712081909,0.013501333072781563
2462,45.796141147613525,-0.019519425928592682,-0.08286740630865097,0.10338934510946274,0.0022199584636837244,0.09926291555166245,0.1619219183921814,3.0981709957122803,0.01519489474594593
2463,45.82219743728638,-0.019519425928592682,-0.08286740630865097,0.10338934510946274,0.007997590117156506,0.11815611273050308,0.16142204403877258,3.1016061305999756,0.01832488365471363
2464,45.83242082595825,-0.019519425928592682,-0.08286740630865097,0.10338934510946274,0.016640005633234978,0.13759075105190277,0.1182875782251358,3.102442979812622,0.02213909849524498
2465,45.85947871208191,-0.019519425928592682,-0.08286740630865097,0.10338934510946274,0.022522741928696632,0.14281034469604492,0.3172219693660736,3.102992057800293,0.018485862761735916
2466,45.87212252616882,-0.019519425928592682,-0.08286740630865097,0.10338934510946274,0.027739573270082474,0.12201867997646332,0.09692510217428207,3.104177474975586,0.00866306759417057
2467,45.89783477783203,-0.019519425928592682,-0.08286740630865097,0.10338934510946274,0.027122801169753075,0.09111306816339493,0.08026920258998871,3.1036593914031982,-0.005722403526306152
2468,45.90805196762085,-0.019519425928592682,-0.08286740630865097,0.10338934510946274,0.009917477145791054,0.05243707075715065,0.06170842796564102,3.1058297157287598,-0.01930885948240757
2469,45.93353605270386,-0.019519425928592682,-0.08286740630865097,0.10338934510946274,-0.011889775283634663,0.01341610960662365,0.0677788183093071,3.1105260848999023,-0.024570336565375328
2470,45.943756103515625,-0.019519425928592682,-0.08286740630865097,0.10338934510946274,-0.02576618641614914,-0.02262805588543415,0.044904109090566635,3.115797758102417,-0.02399391308426857
2471,45.969621658325195,-0.019519425928592682,-0.08286740630865097,0.10338934510946274,-0.034229956567287445,-0.05836763232946396,0.028766043484210968,3.1208624839782715,-0.022004559636116028
2472,45.97964072227478,-0.019519425928592682,-0.08286740630865097,0.10338934510946274,-0.04102277383208275,-0.09430044144392014,0.03291880339384079,3.1243200302124023,-0.020474517717957497
2473,46.00476312637329,-0.019519425928592682,-0.08286740630865097,0.10338934510946274,-0.04786348342895508,-0.12823760509490967,0.05232152342796326,3.1248319149017334,-0.01907334104180336
2474,46.0151481628418,-0.019519425928592682,-0.08286740630865097,0.10338934510946274,-0.054455969482660294,-0.1600220799446106,0.07191299647092819,3.1227753162384033,-0.017580049112439156
2475,46.04279017448425,-0.019519425928592682,-0.08286740630865097,0.10338934510946274,-0.061453431844711304,-0.18959693610668182,0.07966478168964386,3.120074510574341,-0.016281288117170334
2476,46.053351640701294,-0.019519425928592682,-0.08286740630865097,0.10338934510946274,-0.06972266733646393,-0.21566462516784668,0.08128516376018524,3.1194825172424316,-0.014688522554934025
2477,46.07922697067261,-0.019519425928592682,-0.08286740630865097,0.10338934510946274,-0.06319085508584976,-0.23207825422286987,0.03606240078806877,3.1221561431884766,-0.015173397026956081
2478,46.08967733383179,-0.019519425928592682,-0.08286740630865097,0.10338934510946274,-0.06317593902349472,-0.2253742665052414,0.1155819445848465,3.1228950023651123,-0.020181357860565186
2479,46.11664915084839,-0.019519425928592682,-0.08286740630865097,0.10338934510946274,-0.06573890149593353,-0.21463866531848907,0.20821040868759155,3.1223316192626953,-0.022551145404577255
2480,46.12662982940674,-0.019519425928592682,-0.08286740630865097,0.10338934510946274,-0.06487792730331421,-0.20500874519348145,0.28470245003700256,3.1205577850341797,-0.023632995784282684
2481,46.15595507621765,-0.019519425928592682,-0.08286740630865097,0.10338934510946274,-0.06189815700054169,-0.19337674975395203,0.3281000256538391,3.118281602859497,-0.0256044864654541
2482,46.16731572151184,-0.019519425928592682,-0.08286740630865097,0.10338934510946274,-0.05827261507511139,-0.17234018445014954,0.31936725974082947,3.1163408756256104,-0.028050942346453667
2483,46.192248582839966,-0.019519425928592682,-0.08286740630865097,0.10338934510946274,-0.059215057641267776,-0.1421385556459427,0.18380333483219147,3.1138036251068115,-0.02878245711326599
2484,46.202961683273315,-0.019519425928592682,-0.08286740630865097,0.10338934510946274,-0.058007627725601196,-0.11451547592878342,0.09684194624423981,3.1090404987335205,-0.02781621739268303
2485,46.22818970680237,-0.019519425928592682,-0.08286740630865097,0.10338934510946274,-0.05486707761883736,-0.09096744656562805,0.08758408576250076,3.102587938308716,-0.025711409747600555
2486,46.23962354660034,-0.019519425928592682,-0.08286740630865097,0.10338934510946274,-0.052154164761304855,-0.06926906853914261,0.10490066558122635,3.0960824489593506,-0.022369785234332085
2487,46.265172243118286,-0.019519425928592682,-0.08286740630865097,0.10338934510946274,-0.04996756091713905,-0.049673207104206085,0.11806843429803848,3.0904128551483154,-0.017454663291573524
2488,46.278066873550415,-0.019519425928592682,-0.08286740630865097,0.10338934510946274,-0.047491468489170074,-0.0335799902677536,0.11875869333744049,3.0858936309814453,-0.011096147820353508
2489,46.304115295410156,-0.019519425928592682,-0.08286740630865097,0.10338934510946274,-0.0441557802259922,-0.020637843757867813,0.09656573086977005,3.0829319953918457,-0.003980919253081083
2490,46.31676197052002,-0.019519425928592682,-0.08286740630865097,0.10338934510946274,-0.03906659036874771,-0.009206650778651237,0.06987491995096207,3.0818583965301514,0.0026454892940819263
2491,46.34214401245117,-0.019519425928592682,-0.08286740630865097,0.10338934510946274,-0.0324980653822422,0.003698247717693448,0.04404526576399803,3.082777261734009,0.007783319801092148
2492,46.352417945861816,-0.019519425928592682,-0.08286740630865097,0.10338934510946274,-0.024955786764621735,0.02010028250515461,0.04583708569407463,3.0854268074035645,0.010928804986178875
2493,46.377344608306885,-0.019519425928592682,-0.08286740630865097,0.10338934510946274,-0.018026158213615417,0.03953996300697327,0.08151765167713165,3.0891847610473633,0.01231397781521082
2494,46.387563705444336,-0.019519425928592682,-0.08286740630865097,0.10338934510946274,-0.012966698966920376,0.06018635258078575,0.1252107322216034,3.0932111740112305,0.013067149557173252
2495,46.41338801383972,-0.019519425928592682,-0.08286740630865097,0.10338934510946274,-0.009573846124112606,0.07913544028997421,0.15332642197608948,3.096954107284546,0.014752679504454136
2496,46.42370939254761,-0.019519425928592682,-0.08286740630865097,0.10338934510946274,-0.005920771975070238,0.09693223237991333,0.156595379114151,3.0999915599823,0.0182078517973423
2497,46.448535442352295,-0.019519425928592682,-0.08286740630865097,0.10338934510946274,0.00018899311544373631,0.11589983850717545,0.13307899236679077,3.10115909576416,0.02277277037501335
2498,46.458643436431885,-0.019519425928592682,-0.08286740630865097,0.10338934510946274,-0.01634662225842476,0.15400297939777374,0.2257007360458374,3.0992281436920166,0.02634548395872116
2499,46.484135150909424,-0.019519425928592682,-0.08286740630865097,0.10338934510946274,0.010436000302433968,0.12200432270765305,0.1354949027299881,3.095069646835327,0.023342270404100418
2500,46.494081020355225,-0.019519425928592682,-0.08286740630865097,0.10338934510946274,0.022398801520466805,0.09068424999713898,0.14427489042282104,3.092834949493408,0.013617855496704578
2501,46.534757137298584,-0.019519425928592682,-0.08286740630865097,0.10338934510946274,0.0160825178027153,0.05356506258249283,0.15660008788108826,3.0943450927734375,-0.002209488535299897
2502,46.5454306602478,-0.019519425928592682,-0.08286740630865097,0.10338934510946274,-0.004060402046889067,0.018247008323669434,0.11144474148750305,3.0995612144470215,-0.013034793548285961
2503,46.570902585983276,-0.019519425928592682,-0.08286740630865097,0.10338934510946274,-0.021025946363806725,-0.01596751995384693,0.07446855306625366,3.105496644973755,-0.01601683907210827
2504,46.58082675933838,-0.019519425928592682,-0.08286740630865097,0.10338934510946274,-0.03157338500022888,-0.051143061369657516,0.04588031768798828,3.111163854598999,-0.014624408446252346
2505,46.605775356292725,-0.019519425928592682,-0.08286740630865097,0.10338934510946274,-0.03812256455421448,-0.0889054387807846,0.046838779002428055,3.1158573627471924,-0.012539234943687916
2506,46.61561369895935,-0.019519425928592682,-0.08286740630865097,0.10338934510946274,-0.043678272515535355,-0.12443339079618454,0.0583261214196682,3.1180739402770996,-0.01083865761756897
2507,46.64093017578125,-0.019519425928592682,-0.08286740630865097,0.10338934510946274,-0.048668425530195236,-0.15662191808223724,0.0889480859041214,3.1172962188720703,-0.009253330528736115
2508,46.65068006515503,-0.019519425928592682,-0.08286740630865097,0.10338934510946274,-0.054970741271972656,-0.18522249162197113,0.09690599143505096,3.115220546722412,-0.0074728112667799
2509,46.67560791969299,-0.019519425928592682,-0.08286740630865097,0.10338934510946274,-0.0624256506562233,-0.210664764046669,0.09972472488880157,3.114647150039673,-0.005341437179595232
2510,46.68544673919678,-0.019519425928592682,-0.08286740630865097,0.10338934510946274,-0.0585840605199337,-0.2292468398809433,0.05911022797226906,3.117394208908081,-0.0050755818374454975
2511,46.710548877716064,-0.019519425928592682,-0.08286740630865097,0.10338934510946274,-0.05516660213470459,-0.22141286730766296,0.11870773136615753,3.1181976795196533,-0.009822027757763863
2512,46.720577239990234,-0.019519425928592682,-0.08286740630865097,0.10338934510946274,-0.05641666799783707,-0.20964807271957397,0.20326711237430573,3.1173014640808105,-0.013005560263991356
2513,46.74798536300659,-0.019519425928592682,-0.08286740630865097,0.10338934510946274,-0.05578979104757309,-0.20014086365699768,0.2779868543148041,3.1153061389923096,-0.014629640616476536
2514,46.76247501373291,-0.019519425928592682,-0.08286740630865097,0.10338934510946274,-0.053971949964761734,-0.1916448026895523,0.321115106344223,3.1131813526153564,-0.016583152115345
2515,46.79353737831116,-0.019519425928592682,-0.08286740630865097,0.10338934510946274,-0.051705677062273026,-0.17658594250679016,0.33447176218032837,3.111865520477295,-0.01936192996799946
2516,46.80397033691406,-0.019519425928592682,-0.08286740630865097,0.10338934510946274,-0.052126988768577576,-0.14861473441123962,0.20413540303707123,3.1106150150299072,-0.021533507853746414
2517,46.830044746398926,-0.019519425928592682,-0.08286740630865097,0.10338934510946274,-0.05386017635464668,-0.11936888098716736,0.09891489148139954,3.1069529056549072,-0.021929850801825523
2518,46.84007382392883,-0.019519425928592682,-0.08286740630865097,0.10338934510946274,-0.05311555787920952,-0.09393849223852158,0.07540146261453629,3.1007988452911377,-0.02061709575355053
2519,46.86577081680298,-0.019519425928592682,-0.08286740630865097,0.10338934510946274,-0.05159367620944977,-0.07087114453315735,0.09370674937963486,3.094005584716797,-0.01799364760518074
2520,46.875834226608276,-0.019519425928592682,-0.08286740630865097,0.10338934510946274,-0.05060533061623573,-0.04984492063522339,0.10944962501525879,3.0879671573638916,-0.014019202440977097
2521,46.901289224624634,-0.019519425928592682,-0.08286740630865097,0.10338934510946274,-0.04970153421163559,-0.03265031799674034,0.11459490656852722,3.0831780433654785,-0.008654004894196987
2522,46.9111225605011,-0.019519425928592682,-0.08286740630865097,0.10338934510946274,-0.04818447679281235,-0.019044645130634308,0.10056305676698685,3.0800111293792725,-0.0022702370770275593
2523,46.93621778488159,-0.019519425928592682,-0.08286740630865097,0.10338934510946274,-0.04495346173644066,-0.007501672953367233,0.0766373872756958,3.078925848007202,0.004067949019372463
2524,46.9468994140625,-0.019519425928592682,-0.08286740630865097,0.10338934510946274,-0.0398220531642437,0.004996185190975666,0.04702822118997574,3.080050468444824,0.009180508553981781
2525,46.97142505645752,-0.019519425928592682,-0.08286740630865097,0.10338934510946274,-0.03377872332930565,0.019875824451446533,0.03848225250840187,3.0831527709960938,0.012464839033782482
2526,46.98168182373047,-0.019519425928592682,-0.08286740630865097,0.10338934510946274,-0.027926750481128693,0.03846278414130211,0.06310589611530304,3.0874392986297607,0.014010822400450706
2527,47.007083892822266,-0.019519425928592682,-0.08286740630865097,0.10338934510946274,-0.02378382720053196,0.05926400050520897,0.10204074531793594,3.091773509979248,0.014672971330583096
2528,47.0176727771759,-0.019519425928592682,-0.08286740630865097,0.10338934510946274,-0.021677417680621147,0.07931436598300934,0.1298121064901352,3.0954551696777344,0.01595422811806202
2529,47.0431923866272,-0.019519425928592682,-0.08286740630865097,0.10338934510946274,-0.01957428641617298,0.09754735231399536,0.14134657382965088,3.0984179973602295,0.018832804635167122
2530,47.053006410598755,-0.019519425928592682,-0.08286740630865097,0.10338934510946274,-0.015638716518878937,0.1167188435792923,0.1341986507177353,3.100095748901367,0.022979266941547394
2531,47.08202838897705,-0.019519425928592682,-0.08286740630865097,0.10338934510946274,-0.010420828126370907,0.1390327662229538,0.12453874200582504,3.099404811859131,0.026721946895122528
2532,47.09247446060181,-0.019519425928592682,-0.08286740630865097,0.10338934510946274,-0.000183390686288476,0.13038481771945953,0.22060434520244598,3.0985257625579834,0.022020144388079643
2533,47.1191885471344,-0.019519425928592682,-0.08286740630865097,0.10338934510946274,0.00606168108060956,0.1081680953502655,0.14927253127098083,3.1001129150390625,0.008378501050174236
2534,47.13419985771179,-0.019519425928592682,-0.08286740630865097,0.10338934510946274,0.0011191515950486064,0.07822225987911224,0.10586650669574738,3.1011552810668945,-0.009543639607727528
2535,47.16059350967407,-0.019519425928592682,-0.08286740630865097,0.10338934510946274,-0.01641550287604332,0.041080884635448456,0.06999830901622772,3.1033589839935303,-0.023381773382425308
2536,47.172306299209595,-0.019519425928592682,-0.08286740630865097,0.10338934510946274,-0.034926705062389374,0.00339828385040164,0.06511425226926804,3.1071159839630127,-0.0278371199965477
2537,47.19820761680603,-0.019519425928592682,-0.08286740630865097,0.10338934510946274,-0.04598546400666237,-0.033806052058935165,0.042016178369522095,3.1119163036346436,-0.026193847879767418
2538,47.20936131477356,-0.019519425928592682,-0.08286740630865097,0.10338934510946274,-0.05197891220450401,-0.07222767174243927,0.03239353001117706,3.1169281005859375,-0.02335876040160656
2539,47.235265016555786,-0.019519425928592682,-0.08286740630865097,0.10338934510946274,-0.05650896579027176,-0.10930084437131882,0.040635693818330765,3.12017560005188,-0.021210717037320137
2540,47.246803283691406,-0.019519425928592682,-0.08286740630865097,0.10338934510946274,-0.060896147042512894,-0.1429414600133896,0.0647549033164978,3.1202964782714844,-0.019345978274941444
2541,47.27376627922058,-0.019519425928592682,-0.08286740630865097,0.10338934510946274,-0.06545715034008026,-0.17386776208877563,0.08416028320789337,3.1182522773742676,-0.017541272565722466
2542,47.284363985061646,-0.019519425928592682,-0.08286740630865097,0.10338934510946274,-0.07095983624458313,-0.20078933238983154,0.0855853483080864,3.1165452003479004,-0.01580759324133396
2543,47.31069016456604,-0.019519425928592682,-0.08286740630865097,0.10338934510946274,-0.07816356420516968,-0.22759567201137543,0.07393449544906616,3.1184630393981934,-0.013841239735484123
2544,47.32162427902222,-0.019519425928592682,-0.08286740630865097,0.10338934510946274,-0.07111093401908875,-0.21956393122673035,0.12673822045326233,3.1209909915924072,-0.013743169605731964
2545,47.3469934463501,-0.019519425928592682,-0.08286740630865097,0.10338934510946274,-0.06663165241479874,-0.20552046597003937,0.1926935315132141,3.1205503940582275,-0.015205471776425838
2546,47.357462644577026,-0.019519425928592682,-0.08286740630865097,0.10338934510946274,-0.06261435896158218,-0.19458745419979095,0.2596682608127594,3.117997169494629,-0.017182236537337303
2547,47.382089376449585,-0.019519425928592682,-0.08286740630865097,0.10338934510946274,-0.06063804402947426,-0.18880651891231537,0.3125019967556,3.1151187419891357,-0.019874121993780136
2548,47.39235782623291,-0.019519425928592682,-0.08286740630865097,0.10338934510946274,-0.05873502045869827,-0.1804562360048294,0.33695894479751587,3.1136181354522705,-0.023285066708922386
2549,47.417572259902954,-0.019519425928592682,-0.08286740630865097,0.10338934510946274,-0.057192642241716385,-0.15985964238643646,0.28737545013427734,3.1135878562927246,-0.026185721158981323
2550,47.42824411392212,-0.019519425928592682,-0.08286740630865097,0.10338934510946274,-0.05865667015314102,-0.12953464686870575,0.1477098912000656,3.112342357635498,-0.026948601007461548
2551,47.45344924926758,-0.019519425928592682,-0.08286740630865097,0.10338934510946274,-0.057065077126026154,-0.10112085193395615,0.07573302090167999,3.1077609062194824,-0.026212887838482857
2552,47.463401794433594,-0.019519425928592682,-0.08286740630865097,0.10338934510946274,-0.05406639352440834,-0.07605282217264175,0.0810464471578598,3.100780725479126,-0.024508316069841385
2553,47.48871994018555,-0.019519425928592682,-0.08286740630865097,0.10338934510946274,-0.05220744386315346,-0.053072117269039154,0.10323085635900497,3.0935730934143066,-0.021358709782361984
2554,47.4994900226593,-0.019519425928592682,-0.08286740630865097,0.10338934510946274,-0.050664402544498444,-0.03333554416894913,0.11420819163322449,3.087394952774048,-0.016355207189917564
2555,47.52497100830078,-0.019519425928592682,-0.08286740630865097,0.10338934510946274,-0.048524606972932816,-0.018015258014202118,0.1114756166934967,3.0827598571777344,-0.00982888974249363
2556,47.53514790534973,-0.019519425928592682,-0.08286740630865097,0.10338934510946274,-0.04482416436076164,-0.005310876294970512,0.0860561802983284,3.0800793170928955,-0.0028013449627906084
2557,47.56253433227539,-0.019519425928592682,-0.08286740630865097,0.10338934510946274,-0.039198752492666245,0.006568232551217079,0.05200014263391495,3.0796916484832764,0.0034001218155026436
2558,47.573262453079224,-0.019519425928592682,-0.08286740630865097,0.10338934510946274,-0.03197779878973961,0.020179927349090576,0.034163977950811386,3.0816802978515625,0.007851388305425644
2559,47.598712682724,-0.019519425928592682,-0.08286740630865097,0.10338934510946274,-0.02417837642133236,0.037636056542396545,0.05316872149705887,3.0855822563171387,0.01023338083177805
2560,47.60857701301575,-0.019519425928592682,-0.08286740630865097,0.10338934510946274,-0.017714329063892365,0.05843036249279976,0.09503832459449768,3.0903303623199463,0.01105713751167059
2561,47.634767055511475,-0.019519425928592682,-0.08286740630865097,0.10338934510946274,-0.013822915963828564,0.07960567623376846,0.1275327205657959,3.0947909355163574,0.011816496960818768
2562,47.64504814147949,-0.019519425928592682,-0.08286740630865097,0.10338934510946274,-0.010655582882463932,0.09893488138914108,0.14449858665466309,3.0985028743743896,0.01389621663838625
2563,47.67236375808716,-0.019519425928592682,-0.08286740630865097,0.10338934510946274,-0.006530435290187597,0.11845502257347107,0.1446159929037094,3.100957155227661,0.0175938680768013
2564,47.68334221839905,-0.019519425928592682,-0.08286740630865097,0.10338934510946274,0.0006969613023102283,0.13872988522052765,0.11113715171813965,3.100893497467041,0.021866746246814728
2565,47.70862007141113,-0.019519425928592682,-0.08286740630865097,0.10338934510946274,0.0069237663410604,0.14496521651744843,0.31441280245780945,3.1009066104888916,0.01834348775446415
2566,47.71957039833069,-0.019519425928592682,-0.08286740630865097,0.10338934510946274,0.013284357264637947,0.12705916166305542,0.10265398025512695,3.101562261581421,0.008487279526889324
2567,47.745577812194824,-0.019519425928592682,-0.08286740630865097,0.10338934510946274,0.015562876127660275,0.09704967588186264,0.08716362714767456,3.100449562072754,-0.006593470927327871
2568,47.755950927734375,-0.019519425928592682,-0.08286740630865097,0.10338934510946274,0.0014644446782767773,0.058822933584451675,0.06951114535331726,3.1020753383636475,-0.021561801433563232
2569,47.78092694282532,-0.019519425928592682,-0.08286740630865097,0.10338934510946274,-0.018665142357349396,0.01948736235499382,0.07875098288059235,3.106523275375366,-0.027725398540496826
2570,47.791494607925415,-0.019519425928592682,-0.08286740630865097,0.10338934510946274,-0.030589120462536812,-0.01694953441619873,0.05271299555897713,3.111886501312256,-0.027373509481549263
2571,47.81710934638977,-0.019519425928592682,-0.08286740630865097,0.10338934510946274,-0.03675617650151253,-0.05308246240019798,0.03439416363835335,3.117156982421875,-0.025307385250926018
2572,47.82769441604614,-0.019519425928592682,-0.08286740630865097,0.10338934510946274,-0.04123450815677643,-0.08942703157663345,0.03962673246860504,3.1206891536712646,-0.023588841781020164
2573,47.854381799697876,-0.019519425928592682,-0.08286740630865097,0.10338934510946274,-0.04578869417309761,-0.12361519783735275,0.05908216908574104,3.121196985244751,-0.02196335606276989
2574,47.86551380157471,-0.019519425928592682,-0.08286740630865097,0.10338934510946274,-0.04988468438386917,-0.15577708184719086,0.07885275036096573,3.119229555130005,-0.02038455381989479
2575,47.89076042175293,-0.019519425928592682,-0.08286740630865097,0.10338934510946274,-0.054763246327638626,-0.1856345683336258,0.08517996966838837,3.1166462898254395,-0.019103268161416054
2576,47.90070986747742,-0.019519425928592682,-0.08286740630865097,0.10338934510946274,-0.06092510372400284,-0.21175555884838104,0.08431286364793777,3.1158249378204346,-0.01761559396982193
2577,47.92596411705017,-0.019519425928592682,-0.08286740630865097,0.10338934510946274,-0.05538669973611832,-0.22989024221897125,0.04049535468220711,3.1180484294891357,-0.017810523509979248
2578,47.93595814704895,-0.019519425928592682,-0.08286740630865097,0.10338934510946274,-0.05500379204750061,-0.2244395911693573,0.11360476911067963,3.118525266647339,-0.022252269089221954
2579,47.96232080459595,-0.019519425928592682,-0.08286740630865097,0.10338934510946274,-0.057655759155750275,-0.2145863175392151,0.20451675355434418,3.117877244949341,-0.024333862587809563
2580,47.972463607788086,-0.019519425928592682,-0.08286740630865097,0.10338934510946274,-0.056546855717897415,-0.20473971962928772,0.2761687934398651,3.116070508956909,-0.025202710181474686
2581,47.9972779750824,-0.019519425928592682,-0.08286740630865097,0.10338934510946274,-0.05393001437187195,-0.1932484656572342,0.3181399405002594,3.113570213317871,-0.026904935017228127
2582,48.00803184509277,-0.019519425928592682,-0.08286740630865097,0.10338934510946274,-0.05144796147942543,-0.1731671243906021,0.31190159916877747,3.1111605167388916,-0.028994569554924965
2583,48.03328824043274,-0.019519425928592682,-0.08286740630865097,0.10338934510946274,-0.05321531742811203,-0.14270803332328796,0.17726615071296692,3.1081466674804688,-0.02948056533932686
2584,48.04309129714966,-0.019519425928592682,-0.08286740630865097,0.10338934510946274,-0.053340863436460495,-0.11410810053348541,0.08968605101108551,3.1030025482177734,-0.028319012373685837
2585,48.0689651966095,-0.019519425928592682,-0.08286740630865097,0.10338934510946274,-0.05102623999118805,-0.08971279859542847,0.08344382047653198,3.0963501930236816,-0.026119763031601906
2586,48.086602449417114,-0.019519425928592682,-0.08286740630865097,0.10338934510946274,-0.04902214929461479,-0.06739875674247742,0.10212941467761993,3.089951753616333,-0.022870108485221863
2587,48.11311340332031,-0.019519425928592682,-0.08286740630865097,0.10338934510946274,-0.04743886739015579,-0.0475759394466877,0.11547712981700897,3.084740161895752,-0.01822584494948387
2588,48.12392735481262,-0.019519425928592682,-0.08286740630865097,0.10338934510946274,-0.04562399163842201,-0.031755026429891586,0.12026473134756088,3.0809993743896484,-0.0122133893892169
2589,48.150357723236084,-0.019519425928592682,-0.08286740630865097,0.10338934510946274,-0.04271821677684784,-0.018748503178358078,0.10698994994163513,3.078941583633423,-0.005483722314238548
2590,48.16009497642517,-0.019519425928592682,-0.08286740630865097,0.10338934510946274,-0.03804009407758713,-0.006805754266679287,0.0741775631904602,3.078770399093628,0.0008191699744202197
2591,48.19072437286377,-0.019519425928592682,-0.08286740630865097,0.10338934510946274,-0.03191664069890976,0.006012876983731985,0.04853349179029465,3.0804924964904785,0.005646927747875452
2592,48.20128059387207,-0.019519425928592682,-0.08286740630865097,0.10338934510946274,-0.025106091052293777,0.02234109677374363,0.04974312335252762,3.0837576389312744,0.008587033487856388
2593,48.22681188583374,-0.019519425928592682,-0.08286740630865097,0.10338934510946274,-0.019199157133698463,0.042240701615810394,0.08218305557966232,3.0878357887268066,0.00996772013604641
2594,48.2375864982605,-0.019519425928592682,-0.08286740630865097,0.10338934510946274,-0.015216664411127567,0.06396994739770889,0.11671687662601471,3.091813802719116,0.010915861465036869
2595,48.26326560974121,-0.019519425928592682,-0.08286740630865097,0.10338934510946274,-0.012338333763182163,0.08337487280368805,0.14505040645599365,3.0953636169433594,0.012807921506464481
2596,48.27746081352234,-0.019519425928592682,-0.08286740630865097,0.10338934510946274,-0.008992336690425873,0.1013772115111351,0.1546454280614853,3.098422050476074,0.01634868234395981
2597,48.30365014076233,-0.019519425928592682,-0.08286740630865097,0.10338934510946274,-0.0035838885232806206,0.12063105404376984,0.1349324733018875,3.0998497009277344,0.02095838263630867
2598,48.314404249191284,-0.019519425928592682,-0.08286740630865097,0.10338934510946274,-0.00902082771062851,0.14188501238822937,0.2834812104701996,3.0983588695526123,0.023008650168776512
2599,48.3401141166687,-0.019519425928592682,-0.08286740630865097,0.10338934510946274,0.002950532827526331,0.12276703119277954,0.19975222647190094,3.098679542541504,0.018055904656648636
2600,48.350332498550415,-0.019519425928592682,-0.08286740630865097,0.10338934510946274,0.014629802666604519,0.09802699089050293,0.15168644487857819,3.098113536834717,0.008270999416708946
2601,48.3756365776062,-0.019519425928592682,-0.08286740630865097,0.10338934510946274,0.010263698175549507,0.06479652971029282,0.13638578355312347,3.0981013774871826,-0.007615085691213608
2602,48.38612079620361,-0.019519425928592682,-0.08286740630865097,0.10338934510946274,-0.008650021627545357,0.0290217287838459,0.11032654345035553,3.101015329360962,-0.018846644088625908
2603,48.410929918289185,-0.019519425928592682,-0.08286740630865097,0.10338934510946274,-0.025159066542983055,-0.005901286378502846,0.08237649500370026,3.105717420578003,-0.021809816360473633
2604,48.42081260681152,-0.019519425928592682,-0.08286740630865097,0.10338934510946274,-0.034801606088876724,-0.04079883545637131,0.05504506081342697,3.111030101776123,-0.02008744329214096
2605,48.44599485397339,-0.019519425928592682,-0.08286740630865097,0.10338934510946274,-0.04052361473441124,-0.07780961692333221,0.049945540726184845,3.1155660152435303,-0.017559906467795372
2606,48.456053733825684,-0.019519425928592682,-0.08286740630865097,0.10338934510946274,-0.045314300805330276,-0.11381165683269501,0.07413381338119507,3.1175787448883057,-0.015321629121899605
2607,48.48134756088257,-0.019519425928592682,-0.08286740630865097,0.10338934510946274,-0.049890629947185516,-0.146157369017601,0.09204230457544327,3.11660099029541,-0.01309368759393692
2608,48.494749546051025,-0.019519425928592682,-0.08286740630865097,0.10338934510946274,-0.05523287504911423,-0.17631669342517853,0.10611110925674438,3.114079236984253,-0.010878246277570724
2609,48.52428388595581,-0.019519425928592682,-0.08286740630865097,0.10338934510946274,-0.06186819449067116,-0.2032432109117508,0.10564633458852768,3.1124770641326904,-0.008640408515930176
2610,48.53445315361023,-0.019519425928592682,-0.08286740630865097,0.10338934510946274,-0.0627526193857193,-0.22620098292827606,0.07983420789241791,3.1143646240234375,-0.006683641579002142
2611,48.55986213684082,-0.019519425928592682,-0.08286740630865097,0.10338934510946274,-0.056544821709394455,-0.2219589799642563,0.10718084126710892,3.1151235103607178,-0.009697836823761463
2612,48.56985664367676,-0.019519425928592682,-0.08286740630865097,0.10338934510946274,-0.055835481733083725,-0.21325211226940155,0.1867092251777649,3.1143593788146973,-0.012985354289412498
2613,48.59441423416138,-0.019519425928592682,-0.08286740630865097,0.10338934510946274,-0.05512221157550812,-0.20644399523735046,0.2618647515773773,3.112805128097534,-0.015161160379648209
2614,48.604289054870605,0.6267477869987488,0.025724101811647415,-0.3055851459503174,-0.05308665335178375,-0.19924160838127136,0.3074645698070526,3.111154079437256,-0.01750808209180832
2615,48.63032579421997,0.6267477869987488,0.025724101811647415,-0.3055851459503174,-0.06132814660668373,-0.17277540266513824,0.032852284610271454,3.114269495010376,-0.016298118978738785
2616,48.640552043914795,0.6267477869987488,0.025724101811647415,-0.3055851459503174,-0.059571195393800735,-0.13558681309223175,-0.1357414573431015,3.117597818374634,-0.014044156298041344
2617,48.66545557975769,0.6267477869987488,0.025724101811647415,-0.3055851459503174,-0.056361887603998184,-0.10453180968761444,-0.2045750468969345,3.1164324283599854,-0.01440553180873394
2618,48.67631912231445,0.6267477869987488,0.025724101811647415,-0.3055851459503174,-0.06006491184234619,-0.07918259501457214,-0.23401056230068207,3.113460063934326,-0.014962702058255672
2619,48.70326495170593,0.6267477869987488,0.025724101811647415,-0.3055851459503174,-0.07036489993333817,-0.05724338814616203,-0.2360159307718277,3.1123437881469727,-0.01216024812310934
2620,48.714038372039795,0.6267477869987488,0.025724101811647415,-0.3055851459503174,-0.07952363044023514,-0.03741022199392319,-0.23875924944877625,3.1151652336120605,-0.005594123620539904
2621,48.739203214645386,0.6267477869987488,0.025724101811647415,-0.3055851459503174,-0.08272630721330643,-0.02181585505604744,-0.24156293272972107,3.122493028640747,0.0026414762251079082
2622,48.75002479553223,0.6267477869987488,0.025724101811647415,-0.3055851459503174,-0.0792127177119255,-0.010127953253686428,-0.24530041217803955,3.133167028427124,0.010780907236039639
2623,48.77543234825134,0.6267477869987488,0.025724101811647415,-0.3055851459503174,-0.06858173757791519,0.00016647293523419648,-0.2250889092683792,-3.1386280059814453,0.017407160252332687
2624,48.785813331604004,0.6267477869987488,0.025724101811647415,-0.3055851459503174,-0.05392507091164589,0.012551040388643742,-0.1709180772304535,-3.129338502883911,0.021334264427423477
2625,48.810935735702515,0.6267477869987488,0.025724101811647415,-0.3055851459503174,-0.03959604352712631,0.029380453750491142,-0.09076525270938873,-3.1239264011383057,0.022095823660492897
2626,48.82087326049805,0.6267477869987488,0.025724101811647415,-0.3055851459503174,-0.028471587225794792,0.04990082606673241,-0.011069976724684238,-3.122236728668213,0.020680002868175507
2627,48.8465301990509,0.6267477869987488,0.025724101811647415,-0.3055851459503174,-0.020250361412763596,0.07160221040248871,0.053405504673719406,-3.122405767440796,0.019148850813508034
2628,48.85750436782837,0.6267477869987488,0.025724101811647415,-0.3055851459503174,-0.013798159547150135,0.09264057129621506,0.0874568372964859,-3.1223878860473633,0.019315466284751892
2629,48.88414764404297,0.6267477869987488,0.025724101811647415,-0.3055851459503174,-0.006254282314330339,0.1125170886516571,0.07173075526952744,-3.1215286254882812,0.021510111168026924
2630,48.89429068565369,0.6267477869987488,0.025724101811647415,-0.3055851459503174,0.004671591334044933,0.13339613378047943,-0.0024760423693805933,-3.121208667755127,0.024365708231925964
2631,48.91927909851074,0.6267477869987488,0.025724101811647415,-0.3055851459503174,0.016747046262025833,0.15800827741622925,-0.10586008429527283,-3.12410044670105,0.026542264968156815
2632,48.92904734611511,0.6267477869987488,0.025724101811647415,-0.3055851459503174,0.029032863676548004,0.18339765071868896,-0.19045662879943848,-3.1320641040802,0.028578249737620354
2633,48.95456504821777,0.6267477869987488,0.025724101811647415,-0.3055851459503174,0.06861726194620132,0.18082493543624878,-0.10841716825962067,-3.1402788162231445,0.021626440808176994
2634,48.96459722518921,0.6267477869987488,0.025724101811647415,-0.3055851459503174,0.12778054177761078,0.13529646396636963,-0.11044741421937943,-3.1290581226348877,0.008962255902588367
2635,48.99695110321045,0.6267477869987488,0.025724101811647415,-0.3055851459503174,0.19825953245162964,0.10632580518722534,-0.03606031462550163,-3.1092751026153564,0.0033422550186514854
2636,49.00754761695862,0.6267477869987488,0.025724101811647415,-0.3055851459503174,0.2674267590045929,0.08841902762651443,0.044286664575338364,-3.097219228744507,-0.003997532185167074
2637,49.04487133026123,0.6267477869987488,0.025724101811647415,-0.3055851459503174,0.32314223051071167,0.06447222828865051,0.05944673344492912,-3.0959179401397705,-0.008806085214018822
2638,49.05662393569946,0.6267477869987488,0.025724101811647415,-0.3055851459503174,0.37994492053985596,0.030530110001564026,0.030012207105755806,-3.1006033420562744,-0.00578351691365242
2639,49.081960678100586,0.6267477869987488,0.025724101811647415,-0.3055851459503174,0.4437626600265503,3.359763650223613e-05,0.008280646987259388,-3.1077353954315186,0.0027866926975548267
2640,49.091707944869995,0.6267477869987488,0.025724101811647415,-0.3055851459503174,0.5108583569526672,-0.02110898680984974,-0.01807001791894436,-3.1156668663024902,0.010113955475389957
2641,49.11621689796448,0.6267477869987488,0.025724101811647415,-0.3055851459503174,0.5746860504150391,-0.03934173658490181,-0.03942478448152542,-3.1227073669433594,0.01267026737332344
2642,49.12604117393494,0.6267477869987488,0.025724101811647415,-0.3055851459503174,0.6321445107460022,-0.06172195076942444,-0.09421183913946152,-3.127237558364868,0.012201735749840736
2643,49.15217304229736,0.6267477869987488,0.025724101811647415,-0.3055851459503174,0.6856479644775391,-0.08518938720226288,-0.18147851526737213,-3.1280951499938965,0.011446504853665829
2644,49.16266965866089,0.6267477869987488,0.025724101811647415,-0.3055851459503174,0.7308092713356018,-0.10690431296825409,-0.29297932982444763,-3.123129367828369,0.012722342275083065
2645,49.18847060203552,0.6267477869987488,0.025724101811647415,-0.3055851459503174,0.7611290216445923,-0.12018956989049911,-0.5189746022224426,-3.110707998275757,0.016605529934167862
2646,49.19946217536926,0.6267477869987488,0.025724101811647415,-0.3055851459503174,0.7057568430900574,-0.08285573869943619,-0.47324079275131226,-3.105658769607544,0.019066475331783295
2647,49.22625136375427,0.6267477869987488,0.025724101811647415,-0.3055851459503174,0.6240954995155334,-0.03862805664539337,-0.3216446042060852,-3.113332509994507,0.030120188370347023
2648,49.23770022392273,0.6267477869987488,0.025724101811647415,-0.3055851459503174,0.5758765339851379,-0.010899563319981098,-0.3321513235569,-3.12727689743042,0.046387191861867905
2649,49.262855768203735,0.6267477869987488,0.025724101811647415,-0.3055851459503174,0.5485879778862,0.012237505987286568,-0.3315112590789795,3.139643430709839,0.062202196568250656
2650,49.276010036468506,0.6267477869987488,0.025724101811647415,-0.3055851459503174,0.528588056564331,0.033124856650829315,-0.3055759072303772,3.1227481365203857,0.07497291266918182
2651,49.30944108963013,0.6267477869987488,0.025724101811647415,-0.3055851459503174,0.5149300694465637,0.05174718797206879,-0.2702070474624634,3.106776714324951,0.08346575498580933
2652,49.32122778892517,0.6267477869987488,0.025724101811647415,-0.3055851459503174,0.508671224117279,0.06910239905118942,-0.22651365399360657,3.093137741088867,0.08692005276679993
2653,49.34644818305969,0.6267477869987488,0.025724101811647415,-0.3055851459503174,0.5113440155982971,0.08629895001649857,-0.182035893201828,3.08323073387146,0.0849672183394432
2654,49.356669664382935,0.6267477869987488,0.025724101811647415,-0.3055851459503174,0.5247449278831482,0.10542037338018417,-0.15106168389320374,3.0780770778656006,0.07794760912656784
2655,49.381726026535034,0.6267477869987488,0.025724101811647415,-0.3055851459503174,0.5479646921157837,0.12472346425056458,-0.13252869248390198,3.0778398513793945,0.06792976707220078
2656,49.392080783843994,0.6267477869987488,0.025724101811647415,-0.3055851459503174,0.5748463273048401,0.1267012357711792,-0.11161375790834427,3.0833733081817627,0.0605325847864151
2657,49.41733407974243,0.6267477869987488,0.025724101811647415,-0.3055851459503174,0.5993844270706177,0.11162465065717697,0.03747684508562088,3.0944859981536865,0.05844559893012047
2658,49.427844285964966,0.6267477869987488,0.025724101811647415,-0.3055851459503174,0.6202424764633179,0.09963950514793396,0.23997581005096436,3.1088767051696777,0.05776670202612877
2659,49.453099489212036,0.6267477869987488,0.025724101811647415,-0.3055851459503174,0.6388036012649536,0.10754428803920746,0.29881924390792847,3.1233863830566406,0.05425838753581047
2660,49.46328854560852,0.6267477869987488,0.025724101811647415,-0.3055851459503174,0.6583919525146484,0.13306373357772827,0.2030339241027832,3.1365907192230225,0.046720199286937714
2661,49.49184322357178,0.6267477869987488,0.025724101811647415,-0.3055851459503174,0.6758519411087036,0.16604386270046234,0.06297608464956284,-3.135603904724121,0.036094971001148224
2662,49.502256631851196,0.6267477869987488,0.025724101811647415,-0.3055851459503174,0.6895807385444641,0.18708007037639618,-0.003582117147743702,-3.127908229827881,0.025051850825548172
2663,49.52896308898926,0.6267477869987488,0.025724101811647415,-0.3055851459503174,0.7028224468231201,0.19163399934768677,-0.04195792227983475,-3.12315034866333,0.01724979467689991
2664,49.54354810714722,0.6267477869987488,0.025724101811647415,-0.3055851459503174,0.706969141960144,0.20147885382175446,-0.06393797695636749,-3.123940944671631,0.02045028656721115
2665,49.56821322441101,0.6267477869987488,0.025724101811647415,-0.3055851459503174,0.670796275138855,0.22502288222312927,0.011411599814891815,-3.13592267036438,0.033660370856523514
2666,49.57839012145996,0.6267477869987488,0.025724101811647415,-0.3055851459503174,0.6301238536834717,0.15990899503231049,-0.07194949686527252,-3.1374714374542236,0.03363442048430443
2667,49.603349447250366,0.6267477869987488,0.025724101811647415,-0.3055851459503174,0.5819093585014343,0.09694097936153412,-0.25079843401908875,-3.129817485809326,0.036597516387701035
2668,49.61330223083496,0.6267477869987488,0.025724101811647415,-0.3055851459503174,0.5578306913375854,0.0541006363928318,-0.3319161832332611,-3.120898485183716,0.03790872171521187
2669,49.63865375518799,0.6267477869987488,0.025724101811647415,-0.3055851459503174,0.5510116219520569,0.027246637269854546,-0.36858388781547546,-3.115090847015381,0.03537881001830101
2670,49.64877128601074,0.6267477869987488,0.025724101811647415,-0.3055851459503174,0.5470052361488342,0.009535484947264194,-0.34551259875297546,-3.1138131618499756,0.031132059171795845
2671,49.67384934425354,0.6267477869987488,0.025724101811647415,-0.3055851459503174,0.5415247082710266,-0.0067726438865065575,-0.27285128831863403,-3.11698317527771,0.028732290491461754
2672,49.68369007110596,0.6267477869987488,0.025724101811647415,-0.3055851459503174,0.5384008288383484,-0.028632471337914467,-0.24066025018692017,-3.122616767883301,0.02805238775908947
2673,49.70899510383606,0.6267477869987488,0.025724101811647415,-0.3055851459503174,0.538963794708252,-0.05599562078714371,-0.23486334085464478,-3.1286885738372803,0.027384966611862183
2674,49.71898317337036,0.6267477869987488,0.025724101811647415,-0.3055851459503174,0.5426062345504761,-0.08397788554430008,-0.22156068682670593,-3.134999990463257,0.026670031249523163
2675,49.74359607696533,0.6267477869987488,0.025724101811647415,-0.3055851459503174,0.5495004653930664,-0.10890908539295197,-0.20259107649326324,3.1404242515563965,0.02688751183450222
2676,49.75357365608215,0.6267477869987488,0.025724101811647415,-0.3055851459503174,0.5613744854927063,-0.13122187554836273,-0.17464816570281982,3.130552053451538,0.02865580841898918
2677,49.77868056297302,0.6267477869987488,0.025724101811647415,-0.3055851459503174,0.5765572190284729,-0.1556018590927124,-0.12371333688497543,3.120715379714966,0.03290516138076782
2678,49.79238319396973,0.6267477869987488,0.025724101811647415,-0.3055851459503174,0.5955432653427124,-0.18635891377925873,-0.10396479070186615,3.1156249046325684,0.03957240283489227
2679,49.82084083557129,0.6267477869987488,0.025724101811647415,-0.3055851459503174,0.6157236099243164,-0.22241443395614624,-0.1319485753774643,3.1189522743225098,0.04851723462343216
2680,49.831326723098755,0.6267477869987488,0.025724101811647415,-0.3055851459503174,0.6453757286071777,-0.24622240662574768,-0.33322712779045105,3.129460334777832,0.05698958411812782
2681,49.85600996017456,0.6267477869987488,0.025724101811647415,-0.3055851459503174,0.644800066947937,-0.24941392242908478,-0.5317140817642212,-3.1413989067077637,0.059153731912374496
2682,49.86753225326538,0.6267477869987488,0.025724101811647415,-0.3055851459503174,0.6175583004951477,-0.2017735242843628,-0.4465427100658417,-3.1359620094299316,0.062195390462875366
2683,49.89341449737549,0.6267477869987488,0.025724101811647415,-0.3055851459503174,0.5780772566795349,-0.14421798288822174,-0.30194997787475586,3.1389174461364746,0.06339540332555771
2684,49.90307664871216,0.6267477869987488,0.025724101811647415,-0.3055851459503174,0.5518995523452759,-0.10611049085855484,-0.3091876804828644,3.1241025924682617,0.06130244582891464
2685,49.928869009017944,0.6267477869987488,0.025724101811647415,-0.3055851459503174,0.5360009670257568,-0.07701314240694046,-0.3078565001487732,3.108213424682617,0.057881418615579605
2686,49.939563274383545,0.6267477869987488,0.025724101811647415,-0.3055851459503174,0.5298540592193604,-0.053357552736997604,-0.27410897612571716,3.0939347743988037,0.05357745289802551
2687,49.96495485305786,0.6267477869987488,0.025724101811647415,-0.3055851459503174,0.5289834141731262,-0.03338177129626274,-0.2183779776096344,3.0826969146728516,0.048603758215904236
2688,49.975109815597534,0.6267477869987488,0.025724101811647415,-0.3055851459503174,0.5322343707084656,-0.017371993511915207,-0.15667109191417694,3.0749340057373047,0.04422076791524887
2689,50.00027823448181,0.6267477869987488,0.025724101811647415,-0.3055851459503174,0.5402249097824097,-0.006076577119529247,-0.08894125372171402,3.070613384246826,0.04166179522871971
2690,50.010250091552734,0.6267477869987488,0.025724101811647415,-0.3055851459503174,0.5516363382339478,0.0012679037172347307,-0.018017452210187912,3.0701334476470947,0.04100921005010605
2691,50.03544521331787,0.6267477869987488,0.025724101811647415,-0.3055851459503174,0.5660834312438965,0.009833671152591705,0.039037883281707764,3.0739998817443848,0.04058381915092468
2692,50.045884132385254,0.6267477869987488,0.025724101811647415,-0.3055851459503174,0.5826475620269775,0.02573849819600582,0.04091019555926323,3.0814337730407715,0.038405269384384155
2693,50.07157564163208,0.6267477869987488,0.025724101811647415,-0.3055851459503174,0.6005159616470337,0.050184063613414764,-0.0152125908061862,3.0905609130859375,0.03368796408176422
2694,50.08160614967346,0.6267477869987488,0.025724101811647415,-0.3055851459503174,0.6179653406143188,0.07854969054460526,-0.08638573437929153,3.099529266357422,0.026921376585960388
2695,50.10681176185608,0.6267477869987488,0.025724101811647415,-0.3055851459503174,0.6336609125137329,0.10180936008691788,-0.11711221188306808,3.1072773933410645,0.01985134929418564
2696,50.11780643463135,0.6267477869987488,0.025724101811647415,-0.3055851459503174,0.649103581905365,0.1177048534154892,-0.14638444781303406,3.1133811473846436,0.015335792675614357
2697,50.14338970184326,0.6267477869987488,0.025724101811647415,-0.3055851459503174,0.6668515205383301,0.13781771063804626,-0.1916426718235016,3.1150104999542236,0.016674155369400978
2698,50.1538028717041,0.6267477869987488,0.025724101811647415,-0.3055851459503174,0.6793685555458069,0.1656358540058136,-0.19398973882198334,3.1070139408111572,0.028464362025260925
2699,50.17946696281433,0.6267477869987488,0.025724101811647415,-0.3055851459503174,0.6683601140975952,0.171267569065094,0.13546015322208405,3.0924549102783203,0.030469056218862534
2700,50.189693212509155,0.6267477869987488,0.025724101811647415,-0.3055851459503174,0.6197702884674072,0.13239508867263794,-0.10001914948225021,3.091247081756592,0.024943804368376732
2701,50.21624255180359,0.6267477869987488,0.025724101811647415,-0.3055851459503174,0.5741608142852783,0.0938296690583229,-0.2584131360054016,3.0978212356567383,0.023221246898174286
2702,50.22623944282532,0.6267477869987488,0.025724101811647415,-0.3055851459503174,0.5492128729820251,0.0687912106513977,-0.3023834526538849,3.1068012714385986,0.02011549472808838
2703,50.25260949134827,0.6267477869987488,0.025724101811647415,-0.3055851459503174,0.5365124344825745,0.05455448478460312,-0.304596483707428,3.1137895584106445,0.015030251815915108
2704,50.26315879821777,0.6267477869987488,0.025724101811647415,-0.3055851459503174,0.5262835621833801,0.04367941990494728,-0.2763623893260956,3.116595983505249,0.010212717577815056
2705,50.288105964660645,0.6267477869987488,0.025724101811647415,-0.3055851459503174,0.516205370426178,0.031323887407779694,-0.23107372224330902,3.1155550479888916,0.007722104899585247
2706,50.30100464820862,0.6267477869987488,0.025724101811647415,-0.3055851459503174,0.5097360014915466,0.014179671183228493,-0.21005375683307648,3.1125025749206543,0.006938110571354628
2707,50.32743811607361,0.6267477869987488,0.025724101811647415,-0.3055851459503174,0.5073643326759338,-0.007203388959169388,-0.20204566419124603,3.108827829360962,0.006275735329836607
2708,50.33923125267029,0.6267477869987488,0.025724101811647415,-0.3055851459503174,0.507544755935669,-0.03009459748864174,-0.18706466257572174,3.1047277450561523,0.005940264090895653
2709,50.365686655044556,0.6267477869987488,0.025724101811647415,-0.3055851459503174,0.5113659501075745,-0.05369511991739273,-0.16136743128299713,3.100036382675171,0.007028286345303059
2710,50.37671494483948,0.6267477869987488,0.025724101811647415,-0.3055851459503174,0.5209857821464539,-0.07800967246294022,-0.1264079213142395,3.0946435928344727,0.009772527031600475
2711,50.40263080596924,0.6267477869987488,0.025724101811647415,-0.3055851459503174,0.5378063917160034,-0.10340657085180283,-0.07937200367450714,3.0885794162750244,0.013731091283261776
2712,50.41272568702698,0.6267477869987488,0.025724101811647415,-0.3055851459503174,0.5601524114608765,-0.13286226987838745,-0.03841547667980194,3.0840189456939697,0.018998127430677414
2713,50.43818545341492,0.6267477869987488,0.025724101811647415,-0.3055851459503174,0.5879016518592834,-0.16631270945072174,-0.03116513043642044,3.0850720405578613,0.025668255984783173
2714,50.4492712020874,0.6267477869987488,0.025724101811647415,-0.3055851459503174,0.6157597899436951,-0.1980714052915573,-0.0610031932592392,3.0951693058013916,0.0344478003680706
2715,50.47570586204529,0.6267477869987488,0.025724101811647415,-0.3055851459503174,0.6389064788818359,-0.2169845551252365,-0.2804597020149231,3.115969657897949,0.047860417515039444
2716,50.48686099052429,0.6267477869987488,0.025724101811647415,-0.3055851459503174,0.6332614421844482,-0.19557911157608032,-0.48367035388946533,3.1342599391937256,0.05644047632813454
2717,50.51223969459534,0.6267477869987488,0.025724101811647415,-0.3055851459503174,0.5976304411888123,-0.13408443331718445,-0.2934170365333557,3.134307384490967,0.05950973182916641
2718,50.52499318122864,0.6267477869987488,0.025724101811647415,-0.3055851459503174,0.5642440319061279,-0.0917096957564354,-0.24959774315357208,3.1208646297454834,0.05873286724090576
2719,50.55220985412598,0.6267477869987488,0.025724101811647415,-0.3055851459503174,0.5445553064346313,-0.06051996350288391,-0.23811176419258118,3.104774236679077,0.05611983314156532
2720,50.562275409698486,0.6267477869987488,0.025724101811647415,-0.3055851459503174,0.5369117856025696,-0.035199522972106934,-0.21132409572601318,3.0902676582336426,0.05206501483917236
2721,50.58734107017517,0.6267477869987488,0.025724101811647415,-0.3055851459503174,0.5353211760520935,-0.014294534921646118,-0.1698319911956787,3.0787506103515625,0.04728308320045471
2722,50.59941816329956,0.6267477869987488,0.025724101811647415,-0.3055851459503174,0.537553071975708,0.0023493461776524782,-0.11094710230827332,3.0706470012664795,0.043387576937675476
2723,50.629040002822876,0.6267477869987488,0.025724101811647415,-0.3055851459503174,0.5439908504486084,0.014143646694719791,-0.038615208119153976,3.066234827041626,0.04142512008547783
2724,50.63944435119629,0.6267477869987488,0.025724101811647415,-0.3055851459503174,0.5533502697944641,0.023279398679733276,0.027634665369987488,3.0661184787750244,0.04075493663549423
2725,50.667787075042725,0.6267477869987488,0.025724101811647415,-0.3055851459503174,0.5642930865287781,0.036601778119802475,0.05565369129180908,3.0702481269836426,0.03952880948781967
2726,50.6803822517395,0.6267477869987488,0.025724101811647415,-0.3055851459503174,0.5765412449836731,0.057963285595178604,0.022557545453310013,3.0773510932922363,0.03629496321082115
2727,50.70581531524658,0.6267477869987488,0.025724101811647415,-0.3055851459503174,0.5893760323524475,0.08671049028635025,-0.04452543333172798,3.0852365493774414,0.03076835349202156
2728,50.715919494628906,0.6267477869987488,0.025724101811647415,-0.3055851459503174,0.6019191741943359,0.11519461125135422,-0.09462135285139084,3.0923047065734863,0.023906871676445007
2729,50.74073791503906,0.6267477869987488,0.025724101811647415,-0.3055851459503174,0.6129377484321594,0.13737206161022186,-0.13333967328071594,3.098083257675171,0.01830190420150757
2730,50.75042462348938,0.6267477869987488,0.025724101811647415,-0.3055851459503174,0.6268008947372437,0.15962302684783936,-0.19763518869876862,3.1012113094329834,0.016548313200473785
2731,50.77673292160034,0.6267477869987488,0.025724101811647415,-0.3055851459503174,0.6374638080596924,0.1888061761856079,-0.2462131530046463,3.0980117321014404,0.02281106449663639
2732,50.78997850418091,0.6267477869987488,0.025724101811647415,-0.3055851459503174,0.6319559812545776,0.20975753664970398,0.033615730702877045,3.0859248638153076,0.0282803475856781
2733,50.816951274871826,0.6267477869987488,0.025724101811647415,-0.3055851459503174,0.5935352444648743,0.1746138036251068,-0.05735144764184952,3.0820529460906982,0.02760942280292511
2734,50.82737994194031,0.6267477869987488,0.025724101811647415,-0.3055851459503174,0.5625377297401428,0.1330922394990921,-0.26934996247291565,3.0864431858062744,0.03013482503592968
2735,50.85261082649231,0.6267477869987488,0.025724101811647415,-0.3055851459503174,0.5440798997879028,0.10245063155889511,-0.34287795424461365,3.0957224369049072,0.02615480311214924
2736,50.862828731536865,0.6267477869987488,0.025724101811647415,-0.3055851459503174,0.530509889125824,0.08287271112203598,-0.3420374393463135,3.104909896850586,0.01805105060338974
2737,50.88841676712036,0.6267477869987488,0.025724101811647415,-0.3055851459503174,0.5192133784294128,0.06723672151565552,-0.33547523617744446,3.1111509799957275,0.010391498915851116
2738,50.898707151412964,0.6267477869987488,0.025724101811647415,-0.3055851459503174,0.5107279419898987,0.051135145127773285,-0.31434813141822815,3.113938808441162,0.00521986884996295
2739,50.92491865158081,0.6267477869987488,0.025724101811647415,-0.3055851459503174,0.506158173084259,0.032359812408685684,-0.29228097200393677,3.1142473220825195,0.0021088821813464165
2740,50.93495559692383,0.6267477869987488,0.025724101811647415,-0.3055851459503174,0.5061129331588745,0.011007823050022125,-0.28221988677978516,3.113065004348755,-0.0003407383046578616
2741,50.95984244346619,0.6267477869987488,0.025724101811647415,-0.3055851459503174,0.5091421604156494,-0.011693715117871761,-0.274944543838501,3.1106514930725098,-0.002442886121571064
2742,50.973410844802856,0.6267477869987488,0.025724101811647415,-0.3055851459503174,0.5155911445617676,-0.03503738343715668,-0.2564205825328827,3.1069798469543457,-0.003551333909854293
2743,50.998863697052,0.6267477869987488,0.025724101811647415,-0.3055851459503174,0.5273849964141846,-0.05755842477083206,-0.2303379774093628,3.10176420211792,-0.003550120396539569
2744,51.01343536376953,0.6267477869987488,0.025724101811647415,-0.3055851459503174,0.5454772710800171,-0.07939905673265457,-0.19751004874706268,3.094892740249634,-0.002754890825599432
2745,51.040284395217896,0.6267477869987488,0.025724101811647415,-0.3055851459503174,0.5683642625808716,-0.1039489284157753,-0.1610487401485443,3.0885260105133057,-0.0007525441469624639
2746,51.05009984970093,0.6267477869987488,0.025724101811647415,-0.3055851459503174,0.5959233045578003,-0.13275188207626343,-0.15284782648086548,3.0870487689971924,0.00285267923027277
2747,51.078091621398926,0.6267477869987488,0.025724101811647415,-0.3055851459503174,0.6235896944999695,-0.1613275408744812,-0.1808357834815979,3.0943377017974854,0.008958064951002598
2748,51.093230962753296,0.6267477869987488,0.025724101811647415,-0.3055851459503174,0.6436896920204163,-0.18395815789699554,-0.31152069568634033,3.1134204864501953,0.021487616002559662
2749,51.12293720245361,0.6267477869987488,0.025724101811647415,-0.3055851459503174,0.6383373141288757,-0.16929982602596283,-0.46906840801239014,3.1337335109710693,0.03354030102491379
2750,51.133589029312134,0.6267477869987488,0.025724101811647415,-0.3055851459503174,0.6040244102478027,-0.1126268059015274,-0.3069344460964203,3.1369221210479736,0.039799511432647705
2751,51.15967655181885,0.6267477869987488,0.025724101811647415,-0.3055851459503174,0.5678380131721497,-0.07037568092346191,-0.2515740990638733,3.1248972415924072,0.04167063161730766
2752,51.170241355895996,0.6267477869987488,0.025724101811647415,-0.3055851459503174,0.5445869565010071,-0.041159164160490036,-0.24290628731250763,3.1087143421173096,0.041457898914813995
2753,51.19725775718689,0.6267477869987488,0.025724101811647415,-0.3055851459503174,0.5334482789039612,-0.018576258793473244,-0.21936917304992676,3.0938527584075928,0.03971730172634125
2754,51.20837354660034,0.6267477869987488,0.025724101811647415,-0.3055851459503174,0.5292854905128479,-0.00048286927631124854,-0.18155482411384583,3.082329273223877,0.03680009767413139
2755,51.23370552062988,0.6267477869987488,0.025724101811647415,-0.3055851459503174,0.5287250280380249,0.014045200310647488,-0.12917694449424744,3.07450270652771,0.03427078574895859
2756,51.24511671066284,0.6267477869987488,0.025724101811647415,-0.3055851459503174,0.5325341820716858,0.023990200832486153,-0.06461864709854126,3.0701804161071777,0.03363688290119171
2757,51.27008652687073,0.6267477869987488,0.025724101811647415,-0.3055851459503174,0.5398270487785339,0.029897287487983704,0.0035599591210484505,3.0694940090179443,0.03494991734623909
2758,51.28243637084961,0.6267477869987488,0.025724101811647415,-0.3055851459503174,0.5494269132614136,0.036955419927835464,0.05294901877641678,3.072848081588745,0.03650328144431114
2759,51.309104681015015,0.6267477869987488,0.025724101811647415,-0.3055851459503174,0.561156690120697,0.05194557085633278,0.04680611193180084,3.079373598098755,0.03611220791935921
2760,51.32161808013916,0.6267477869987488,0.025724101811647415,-0.3055851459503174,0.5740852355957031,0.07553359121084213,-0.014866703189909458,3.087141513824463,0.03288038447499275
2761,51.34838080406189,0.6267477869987488,0.025724101811647415,-0.3055851459503174,0.5870943665504456,0.10276853293180466,-0.0862448588013649,3.094475746154785,0.02744382806122303
2762,51.358720779418945,0.6267477869987488,0.025724101811647415,-0.3055851459503174,0.5986207723617554,0.12576478719711304,-0.12980462610721588,3.100752115249634,0.021828722208738327
2763,51.3842830657959,0.6267477869987488,0.025724101811647415,-0.3055851459503174,0.6102719306945801,0.14340843260288239,-0.18370278179645538,3.105379581451416,0.018875665962696075
2764,51.39470887184143,0.6267477869987488,0.025724101811647415,-0.3055851459503174,0.6212947964668274,0.16569431126117706,-0.25151947140693665,3.1052489280700684,0.022570274770259857
2765,51.41972231864929,0.6267477869987488,0.025724101811647415,-0.3055851459503174,0.5992138981819153,0.2005070149898529,-0.12405668199062347,3.0944418907165527,0.0329163558781147
2766,51.42988634109497,0.6267477869987488,0.025724101811647415,-0.3055851459503174,0.5743331909179688,0.16371376812458038,-0.1310466080904007,3.0859227180480957,0.0380900576710701
2767,51.45561456680298,0.6267477869987488,0.025724101811647415,-0.3055851459503174,0.5467448234558105,0.12024955451488495,-0.26133430004119873,3.0861198902130127,0.045689430087804794
2768,51.466177225112915,0.6267477869987488,0.025724101811647415,-0.3055851459503174,0.5286657810211182,0.08510438352823257,-0.3240600824356079,3.0942533016204834,0.04443194344639778
2769,51.49155783653259,0.6267477869987488,0.025724101811647415,-0.3055851459503174,0.5135481953620911,0.06258499622344971,-0.3315736651420593,3.1037702560424805,0.03646092489361763
2770,51.50226187705994,0.6267477869987488,0.025724101811647415,-0.3055851459503174,0.49946871399879456,0.04569965600967407,-0.32921457290649414,3.110537528991699,0.028041861951351166
2771,51.527459144592285,0.6267477869987488,0.025724101811647415,-0.3055851459503174,0.48874548077583313,0.028157075867056847,-0.30623915791511536,3.1134979724884033,0.02211480215191841
2772,51.53755497932434,0.6267477869987488,0.025724101811647415,-0.3055851459503174,0.4815482497215271,0.0073824492283165455,-0.27894216775894165,3.1135449409484863,0.01857636868953705
2773,51.56334614753723,0.6267477869987488,0.025724101811647415,-0.3055851459503174,0.47888872027397156,-0.01667022332549095,-0.26187488436698914,3.1120197772979736,0.016051441431045532
2774,51.57334327697754,0.6267477869987488,0.025724101811647415,-0.3055851459503174,0.47953522205352783,-0.04254069924354553,-0.25090035796165466,3.1096460819244385,0.013894396834075451
2775,51.59815716743469,0.6267477869987488,0.025724101811647415,-0.3055851459503174,0.4832068979740143,-0.0688522607088089,-0.2338925004005432,3.1064019203186035,0.012706237845122814
2776,51.60821461677551,0.6267477869987488,0.025724101811647415,-0.3055851459503174,0.4910377562046051,-0.09473387897014618,-0.21038982272148132,3.1020209789276123,0.013042494654655457
2777,51.63311433792114,0.6267477869987488,0.025724101811647415,-0.3055851459503174,0.5040727853775024,-0.12119033187627792,-0.1811869740486145,3.0966670513153076,0.014889286831021309
2778,51.643402338027954,0.6267477869987488,0.025724101811647415,-0.3055851459503174,0.5213390588760376,-0.15053974092006683,-0.14451737701892853,3.0920979976654053,0.018526963889598846
2779,51.66908621788025,0.6267477869987488,0.025724101811647415,-0.3055851459503174,0.5434623956680298,-0.18393288552761078,-0.13028168678283691,3.0913467407226562,0.023964615538716316
2780,51.67943239212036,0.6267477869987488,0.025724101811647415,-0.3055851459503174,0.5674282312393188,-0.21806207299232483,-0.1414860188961029,3.097191572189331,0.031548455357551575
2781,51.70468783378601,0.6267477869987488,0.025724101811647415,-0.3055851459503174,0.5948939919471741,-0.2411470115184784,-0.3207687735557556,3.110166072845459,0.04107734188437462
2782,51.71494650840759,0.6267477869987488,0.025724101811647415,-0.3055851459503174,0.6030099987983704,-0.24494819343090057,-0.4989204704761505,3.126053810119629,0.04641827568411827
2783,51.74181389808655,0.6267477869987488,0.025724101811647415,-0.3055851459503174,0.5825876593589783,-0.19395679235458374,-0.3980424404144287,3.1337945461273193,0.049961257725954056
2784,51.75240421295166,0.6267477869987488,0.025724101811647415,-0.3055851459503174,0.5506295561790466,-0.13875152170658112,-0.28330478072166443,3.1270036697387695,0.04991517215967178
2785,51.777199506759644,0.6267477869987488,0.025724101811647415,-0.3055851459503174,0.5310617685317993,-0.1006365492939949,-0.2802910804748535,3.1137728691101074,0.04670621454715729
2786,51.78727912902832,0.6267477869987488,0.025724101811647415,-0.3055851459503174,0.5228942036628723,-0.07170971482992172,-0.2685205042362213,3.099978446960449,0.04254588857293129
2787,51.812233209609985,0.6267477869987488,0.025724101811647415,-0.3055851459503174,0.5227394700050354,-0.048127297312021255,-0.23295310139656067,3.0881507396698,0.038498781621456146
2788,51.82216215133667,0.6267477869987488,0.025724101811647415,-0.3055851459503174,0.5274146795272827,-0.028376732021570206,-0.1790413111448288,3.0792319774627686,0.03531286120414734
2789,51.847403049468994,0.6267477869987488,0.025724101811647415,-0.3055851459503174,0.5367243885993958,-0.012886341661214828,-0.11621204018592834,3.073664426803589,0.033517803996801376
2790,51.85737228393555,0.6267477869987488,0.025724101811647415,-0.3055851459503174,0.5494764447212219,-0.0006658192141912878,-0.056661456823349,3.072157859802246,0.03277163952589035
2791,51.88246560096741,0.6267477869987488,0.025724101811647415,-0.3055851459503174,0.5647671222686768,0.013361986726522446,-0.02247968688607216,3.075162410736084,0.03157542273402214
2792,51.892956018447876,0.6267477869987488,0.025724101811647415,-0.3055851459503174,0.5812706351280212,0.03436288610100746,-0.038388691842556,3.0817670822143555,0.028516028076410294
2793,51.92019176483154,0.6267477869987488,0.025724101811647415,-0.3055851459503174,0.5978655815124512,0.06277633458375931,-0.09169945120811462,3.0899083614349365,0.023287924006581306
2794,51.930392265319824,0.6267477869987488,0.025724101811647415,-0.3055851459503174,0.6137309670448303,0.09252883493900299,-0.13064095377922058,3.097536325454712,0.016729358583688736
2795,51.95665979385376,0.6267477869987488,0.025724101811647415,-0.3055851459503174,0.6281265616416931,0.11651838570833206,-0.1398029923439026,3.1038551330566406,0.011007032357156277
2796,51.966758251190186,0.6267477869987488,0.025724101811647415,-0.3055851459503174,0.6441805958747864,0.13686709105968475,-0.16856159269809723,3.1083083152770996,0.00864620041102171
2797,51.992154359817505,0.6267477869987488,0.025724101811647415,-0.3055851459503174,0.6612040996551514,0.16318123042583466,-0.21101535856723785,3.107891082763672,0.01275036670267582
2798,52.00215411186218,0.6267477869987488,0.025724101811647415,-0.3055851459503174,0.6446205377578735,0.20174157619476318,-0.14488524198532104,3.0965018272399902,0.02288057468831539
2799,52.027642250061035,0.6267477869987488,0.025724101811647415,-0.3055851459503174,0.6174087524414062,0.17163564264774323,-0.11941073834896088,3.08626127243042,0.02668229304254055
2800,52.039705753326416,0.6267477869987488,0.025724101811647415,-0.3055851459503174,0.5844478011131287,0.12898191809654236,-0.2547515630722046,3.085162878036499,0.032882314175367355
2801,52.06804323196411,0.6267477869987488,0.025724101811647415,-0.3055851459503174,0.5618039965629578,0.09450377523899078,-0.31800490617752075,3.0933711528778076,0.03154170140624046
2802,52.07881546020508,0.6267477869987488,0.025724101811647415,-0.3055851459503174,0.545326828956604,0.07370319962501526,-0.34379273653030396,3.104280471801758,0.02439715340733528
2803,52.10395789146423,0.6267477869987488,0.025724101811647415,-0.3055851459503174,0.5322083830833435,0.06031633913516998,-0.3489971160888672,3.112914800643921,0.01668829470872879
2804,52.11404585838318,0.6267477869987488,0.025724101811647415,-0.3055851459503174,0.5230080485343933,0.047608569264411926,-0.33451971411705017,3.1176300048828125,0.011063084937632084
2805,52.14002275466919,0.6267477869987488,0.025724101811647415,-0.3055851459503174,0.5165143013000488,0.03251728415489197,-0.30659976601600647,3.1191487312316895,0.007883481681346893
2806,52.150477170944214,0.6267477869987488,0.025724101811647415,-0.3055851459503174,0.5144582390785217,0.014014748856425285,-0.2865065932273865,3.118842363357544,0.006018978543579578
2807,52.17923450469971,0.6267477869987488,0.025724101811647415,-0.3055851459503174,0.5164281129837036,-0.006804878823459148,-0.27773481607437134,3.1172986030578613,0.004283478017896414
2808,52.18921399116516,0.6267477869987488,0.025724101811647415,-0.3055851459503174,0.5213502645492554,-0.02830458991229534,-0.2657700777053833,3.1144349575042725,0.002884842688217759
2809,52.21673321723938,0.6267477869987488,0.025724101811647415,-0.3055851459503174,0.5302873253822327,-0.05033647269010544,-0.24177631735801697,3.110236167907715,0.002457208698615432
2810,52.227498292922974,0.6267477869987488,0.025724101811647415,-0.3055851459503174,0.5450977087020874,-0.07099124789237976,-0.21250544488430023,3.1044602394104004,0.0028899298049509525
2811,52.252779483795166,0.6267477869987488,0.025724101811647415,-0.3055851459503174,0.5666841268539429,-0.09151995927095413,-0.17628873884677887,3.0973262786865234,0.003830619854852557
2812,52.264405965805054,0.6267477869987488,0.025724101811647415,-0.3055851459503174,0.5931892991065979,-0.11588350683450699,-0.144252747297287,3.0916213989257812,0.005706605035811663
2813,52.2893123626709,0.6267477869987488,0.025724101811647415,-0.3055851459503174,0.6241320371627808,-0.14425669610500336,-0.14709772169589996,3.0919029712677,0.008887821808457375
2814,52.30053424835205,0.6267477869987488,0.025724101811647415,-0.3055851459503174,0.651822566986084,-0.17117638885974884,-0.19504621624946594,3.1019949913024902,0.01492999866604805
2815,52.32715892791748,0.6267477869987488,0.025724101811647415,-0.3055851459503174,0.668104350566864,-0.1894339621067047,-0.33381086587905884,3.1244702339172363,0.028269430622458458
2816,52.3376247882843,0.6267477869987488,0.025724101811647415,-0.3055851459503174,0.6502269506454468,-0.15380291640758514,-0.3902103900909424,-3.1414666175842285,0.039694759994745255
2817,52.362632751464844,0.6267477869987488,0.025724101811647415,-0.3055851459503174,0.6047900915145874,-0.09760748594999313,-0.23455335199832916,3.137789011001587,0.044453203678131104
2818,52.37293267250061,0.6267477869987488,0.025724101811647415,-0.3055851459503174,0.5686854720115662,-0.06153289973735809,-0.21696677803993225,3.1217968463897705,0.04588647559285164
2819,52.39782118797302,0.6267477869987488,0.025724101811647415,-0.3055851459503174,0.5464115738868713,-0.035528481006622314,-0.20750263333320618,3.1039278507232666,0.04609702154994011
2820,52.40787649154663,0.6267477869987488,0.025724101811647415,-0.3055851459503174,0.5366840362548828,-0.014665601775050163,-0.1747087687253952,3.0882437229156494,0.04463554173707962
2821,52.43346643447876,0.6267477869987488,0.025724101811647415,-0.3055851459503174,0.534042239189148,0.0021398316603153944,-0.1216597929596901,3.076087713241577,0.041613876819610596
2822,52.443644523620605,0.6267477869987488,0.025724101811647415,-0.3055851459503174,0.5354411005973816,0.014549083076417446,-0.055666953325271606,3.0677733421325684,0.038942404091358185
2823,52.47035455703735,0.6267477869987488,0.025724101811647415,-0.3055851459503174,0.5413079261779785,0.02103729173541069,0.02320549078285694,3.0632495880126953,0.03858640789985657
2824,52.482725858688354,0.6267477869987488,0.025724101811647415,-0.3055851459503174,0.5498424172401428,0.02213105373084545,0.10865341871976852,3.0628750324249268,0.040805600583553314
2825,52.507792711257935,0.6267477869987488,0.025724101811647415,-0.3055851459503174,0.5597172975540161,0.024313442409038544,0.1759834885597229,3.067188262939453,0.04372943937778473
2826,52.52145075798035,0.6267477869987488,0.025724101811647415,-0.3055851459503174,0.5712704658508301,0.035058535635471344,0.17480865120887756,3.075218677520752,0.04501976817846298
2827,52.55062174797058,0.6267477869987488,0.025724101811647415,-0.3055851459503174,0.5854738354682922,0.055836934596300125,0.10672366619110107,3.0848255157470703,0.043360672891139984
2828,52.56075739860535,0.6267477869987488,0.025724101811647415,-0.3055851459503174,0.6006320714950562,0.08219870179891586,0.010380846448242664,3.0942511558532715,0.038788825273513794
2829,52.585721492767334,0.6267477869987488,0.025724101811647415,-0.3055851459503174,0.6140707731246948,0.1040072962641716,-0.06466296315193176,3.102832078933716,0.033010583370923996
2830,52.59633827209473,0.6267477869987488,0.025724101811647415,-0.3055851459503174,0.6277458667755127,0.11790503561496735,-0.13559865951538086,3.1097452640533447,0.028843900188803673
2831,52.621795415878296,0.6267477869987488,0.025724101811647415,-0.3055851459503174,0.6404129266738892,0.13620588183403015,-0.2055434286594391,3.1108250617980957,0.030933348461985588
2832,52.63206458091736,0.6267477869987488,0.025724101811647415,-0.3055851459503174,0.5941097736358643,0.1928664743900299,-0.2857629656791687,3.0999855995178223,0.04436223953962326
2833,52.65768575668335,0.6267477869987488,0.025724101811647415,-0.3055851459503174,0.598147451877594,0.13617391884326935,-0.2535058557987213,3.0817666053771973,0.05354568362236023
2834,52.66798663139343,0.6267477869987488,0.025724101811647415,-0.3055851459503174,0.5725955367088318,0.08562535792589188,-0.3111163377761841,3.077880620956421,0.058097224682569504
2835,52.694334745407104,0.6267477869987488,0.025724101811647415,-0.3055851459503174,0.5490632653236389,0.05632951855659485,-0.33356839418411255,3.088257074356079,0.053231045603752136
2836,52.70441007614136,0.6267477869987488,0.025724101811647415,-0.3055851459503174,0.5311320424079895,0.04772791638970375,-0.35090458393096924,3.100719451904297,0.04297869652509689
2837,52.73335552215576,0.6267477869987488,0.025724101811647415,-0.3055851459503174,0.5159699320793152,0.043846871703863144,-0.3599136173725128,3.1087393760681152,0.03305632621049881
2838,52.7454354763031,0.6267477869987488,0.025724101811647415,-0.3055851459503174,0.5048627853393555,0.03476506099104881,-0.34622418880462646,3.1118619441986084,0.02536209113895893
2839,52.77039575576782,0.6267477869987488,0.025724101811647415,-0.3055851459503174,0.4965020716190338,0.018275782465934753,-0.3196987211704254,3.112032890319824,0.01950264163315296
2840,52.78070664405823,0.6267477869987488,0.025724101811647415,-0.3055851459503174,0.49229344725608826,-0.003851386485621333,-0.29890549182891846,3.1108357906341553,0.014213208109140396
2841,52.80566644668579,0.6267477869987488,0.025724101811647415,-0.3055851459503174,0.49138614535331726,-0.02781752496957779,-0.29215049743652344,3.1084797382354736,0.008813575841486454
2842,52.815659523010254,0.6267477869987488,0.025724101811647415,-0.3055851459503174,0.4928247332572937,-0.05276365578174591,-0.285841166973114,3.1047005653381348,0.004132862668484449
2843,52.84031820297241,0.6267477869987488,0.025724101811647415,-0.3055851459503174,0.497935026884079,-0.0785430520772934,-0.26799502968788147,3.0995559692382812,0.0011706373188644648
2844,52.850966691970825,0.6267477869987488,0.025724101811647415,-0.3055851459503174,0.508385419845581,-0.1046910360455513,-0.2411927878856659,3.0932323932647705,5.876085197087377e-05
2845,52.882296085357666,0.6267477869987488,0.025724101811647415,-0.3055851459503174,0.523513913154602,-0.1332351118326187,-0.2062441110610962,3.087158441543579,0.0010414719581604004
2846,52.892836809158325,0.6267477869987488,0.025724101811647415,-0.3055851459503174,0.5435473918914795,-0.16488710045814514,-0.18663036823272705,3.0843870639801025,0.004317919723689556
2847,52.92184782028198,0.6267477869987488,0.025724101811647415,-0.3055851459503174,0.5657719373703003,-0.19647830724716187,-0.18659362196922302,3.08832049369812,0.010453523136675358
2848,52.932049036026,0.6267477869987488,0.025724101811647415,-0.3055851459503174,0.5871309041976929,-0.2215757668018341,-0.3009634017944336,3.101644277572632,0.021610351279377937
2849,52.96135497093201,0.6267477869987488,0.025724101811647415,-0.3055851459503174,0.5967798233032227,-0.2228759080171585,-0.5069427490234375,3.1189539432525635,0.0297545175999403
2850,52.97248697280884,0.6267477869987488,0.025724101811647415,-0.3055851459503174,0.5775149464607239,-0.16936692595481873,-0.3896092176437378,3.1260948181152344,0.03368539363145828
2851,52.99725890159607,0.6267477869987488,0.025724101811647415,-0.3055851459503174,0.5479696393013,-0.11647160351276398,-0.28151774406433105,3.1181681156158447,0.03349524363875389
2852,53.00749707221985,0.6267477869987488,0.025724101811647415,-0.3055851459503174,0.5296691656112671,-0.08012446016073227,-0.2651256322860718,3.104492664337158,0.03088638000190258
2853,53.032588481903076,0.6267477869987488,0.025724101811647415,-0.3055851459503174,0.5226031541824341,-0.05262290686368942,-0.24327868223190308,3.0911598205566406,0.027730241417884827
2854,53.04239845275879,0.6267477869987488,0.025724101811647415,-0.3055851459503174,0.5224289894104004,-0.03011900559067726,-0.21045121550559998,3.0803887844085693,0.0248308926820755
2855,53.06795263290405,0.6267477869987488,0.025724101811647415,-0.3055851459503174,0.5265734195709229,-0.01084284670650959,-0.16122402250766754,3.072735548019409,0.022825147956609726
2856,53.07803535461426,0.6267477869987488,0.025724101811647415,-0.3055851459503174,0.5346434712409973,0.004913466516882181,-0.10465338826179504,3.0685207843780518,0.022009974345564842
2857,53.10387945175171,0.6267477869987488,0.025724101811647415,-0.3055851459503174,0.5461411476135254,0.018748268485069275,-0.05636616423726082,3.0685501098632812,0.021602721884846687
2858,53.11421251296997,0.6267477869987488,0.025724101811647415,-0.3055851459503174,0.5599589943885803,0.0364718995988369,-0.04388042166829109,3.072899580001831,0.01999594271183014
2859,53.14001107215881,0.6267477869987488,0.025724101811647415,-0.3055851459503174,0.5740808844566345,0.06149401515722275,-0.07932306081056595,3.0800888538360596,0.016272693872451782
2860,53.15041637420654,0.6267477869987488,0.025724101811647415,-0.3055851459503174,0.587663471698761,0.09140070527791977,-0.12573574483394623,3.08771014213562,0.010801093652844429
2861,53.17547273635864,0.6267477869987488,0.025724101811647415,-0.3055851459503174,0.6005416512489319,0.11884677410125732,-0.1404399871826172,3.094151735305786,0.005064660683274269
2862,53.18608045578003,0.6267477869987488,0.025724101811647415,-0.3055851459503174,0.6123602986335754,0.1402864009141922,-0.15238246321678162,3.098968982696533,0.0016500100027769804
2863,53.21170425415039,0.6267477869987488,0.025724101811647415,-0.3055851459503174,0.6250825524330139,0.16411395370960236,-0.1912154257297516,3.1004817485809326,0.0034828733187168837
2864,53.22206783294678,0.6267477869987488,0.025724101811647415,-0.3055851459503174,0.604033887386322,0.20183297991752625,-0.1286800503730774,3.093201160430908,0.0103908721357584
2865,53.249661445617676,0.6267477869987488,0.025724101811647415,-0.3055851459503174,0.5778500437736511,0.1743762493133545,-0.13119791448116302,3.0863232612609863,0.013935049064457417
2866,53.26116490364075,0.6267477869987488,0.025724101811647415,-0.3055851459503174,0.5440792441368103,0.13429969549179077,-0.20850658416748047,3.082892894744873,0.025879396125674248
2867,53.286683797836304,0.6267477869987488,0.025724101811647415,-0.3055851459503174,0.5234398245811462,0.09072242677211761,-0.29298731684684753,3.0869686603546143,0.03156238794326782
2868,53.297626972198486,0.6267477869987488,0.025724101811647415,-0.3055851459503174,0.5097987651824951,0.05996854603290558,-0.324751079082489,3.095219612121582,0.027063559740781784
2869,53.32333016395569,0.6267477869987488,0.025724101811647415,-0.3055851459503174,0.49669018387794495,0.04004957154393196,-0.32757091522216797,3.103234052658081,0.019127478823065758
2870,53.33725428581238,0.6267477869987488,0.025724101811647415,-0.3055851459503174,0.48672762513160706,0.02344495803117752,-0.32228896021842957,3.10845947265625,0.01263091154396534
2871,53.36187505722046,0.6267477869987488,0.025724101811647415,-0.3055851459503174,0.48016688227653503,0.005755334626883268,-0.30174732208251953,3.110473155975342,0.00857996940612793
2872,53.37214469909668,0.6267477869987488,0.025724101811647415,-0.3055851459503174,0.47733113169670105,-0.014760976657271385,-0.2787122428417206,3.110117197036743,0.006185425911098719
2873,53.397135496139526,0.6267477869987488,0.025724101811647415,-0.3055851459503174,0.47850731015205383,-0.03814631327986717,-0.2636653184890747,3.1085457801818848,0.004341333173215389
2874,53.40878105163574,0.6267477869987488,0.025724101811647415,-0.3055851459503174,0.4826609194278717,-0.06283258646726608,-0.25294816493988037,3.106309652328491,0.0029351210687309504
2875,53.43388032913208,0.6267477869987488,0.025724101811647415,-0.3055851459503174,0.49017003178596497,-0.08725385367870331,-0.23456671833992004,3.103137969970703,0.002566407434642315
2876,53.443910121917725,0.6267477869987488,0.025724101811647415,-0.3055851459503174,0.5022305846214294,-0.11054878681898117,-0.21270370483398438,3.098491668701172,0.003485910827293992
2877,53.469489097595215,0.6267477869987488,0.025724101811647415,-0.3055851459503174,0.5192874073982239,-0.13461443781852722,-0.17911936342716217,3.0928027629852295,0.005778606981039047
2878,53.47943472862244,0.6267477869987488,0.025724101811647415,-0.3055851459503174,0.54056715965271,-0.16184426844120026,-0.14301611483097076,3.0884358882904053,0.009744822978973389
2879,53.504305601119995,0.6267477869987488,0.025724101811647415,-0.3055851459503174,0.5663496851921082,-0.19345170259475708,-0.13676512241363525,3.0888001918792725,0.015342260710895061
2880,53.514055013656616,0.6267477869987488,0.025724101811647415,-0.3055851459503174,0.5913317203521729,-0.2254054695367813,-0.16516190767288208,3.0966594219207764,0.023492824286222458
2881,53.54341983795166,0.6267477869987488,0.025724101811647415,-0.3055851459503174,0.6208880543708801,-0.24063284695148468,-0.4310571849346161,3.1098039150238037,0.030007336288690567
2882,53.55407977104187,0.6267477869987488,0.025724101811647415,-0.3055851459503174,0.6151387095451355,-0.23073585331439972,-0.5185078382492065,3.1237170696258545,0.0341690257191658
2883,53.57900524139404,0.6267477869987488,0.025724101811647415,-0.3055851459503174,0.5879737138748169,-0.17400971055030823,-0.35139358043670654,3.1275594234466553,0.038802262395620346
2884,53.588921308517456,0.6267477869987488,0.025724101811647415,-0.3055851459503174,0.558218777179718,-0.12361800670623779,-0.2737296521663666,3.118677854537964,0.04020168259739876
2885,53.61390829086304,0.6267477869987488,0.025724101811647415,-0.3055851459503174,0.5411686897277832,-0.08734957873821259,-0.27458658814430237,3.104710817337036,0.03866410255432129
2886,53.62365388870239,0.6267477869987488,0.025724101811647415,-0.3055851459503174,0.5350714325904846,-0.05915122851729393,-0.25809717178344727,3.0904581546783447,0.035765957087278366
2887,53.64848208427429,0.6267477869987488,0.025724101811647415,-0.3055851459503174,0.5359921455383301,-0.03633365035057068,-0.21808567643165588,3.0784029960632324,0.03259250521659851
2888,53.65864896774292,0.6267477869987488,0.025724101811647415,-0.3055851459503174,0.5416603684425354,-0.017956385388970375,-0.1594545692205429,3.069658041000366,0.030285222455859184
2889,53.6835834980011,0.6267477869987488,0.025724101811647415,-0.3055851459503174,0.5522534251213074,-0.0045240758918225765,-0.09057220816612244,3.064728021621704,0.02960265427827835
2890,53.693716526031494,0.6267477869987488,0.025724101811647415,-0.3055851459503174,0.5662645101547241,0.005350491032004356,-0.02376742660999298,3.0644044876098633,0.03010173887014389
2891,53.71863627433777,0.6267477869987488,0.025724101811647415,-0.3055851459503174,0.5827489495277405,0.01819673553109169,0.01342807523906231,3.068979263305664,0.02995239570736885
2892,53.72884511947632,0.6267477869987488,0.025724101811647415,-0.3055851459503174,0.6000645160675049,0.03893939033150673,-0.013348983600735664,3.0773608684539795,0.027598027139902115
2893,53.75375294685364,0.6267477869987488,0.025724101811647415,-0.3055851459503174,0.6170953512191772,0.06821500509977341,-0.08297979831695557,3.087205648422241,0.022740129381418228
2894,53.76373624801636,0.6267477869987488,0.025724101811647415,-0.3055851459503174,0.6327215433120728,0.09841714054346085,-0.1262359619140625,3.0959768295288086,0.016396373510360718
2895,53.788832902908325,0.6267477869987488,0.025724101811647415,-0.3055851459503174,0.6464380621910095,0.12107926607131958,-0.13350984454154968,3.1026291847229004,0.011119697242975235
2896,53.79899597167969,0.6267477869987488,0.025724101811647415,-0.3055851459503174,0.6620702743530273,0.14018432796001434,-0.16492080688476562,3.106534242630005,0.009805968962609768
2897,53.824413537979126,0.6267477869987488,0.025724101811647415,-0.3055851459503174,0.6770908832550049,0.16592839360237122,-0.2081892192363739,3.1046061515808105,0.01629769429564476
2898,53.834643602371216,0.6267477869987488,0.025724101811647415,-0.3055851459503174,0.6688184142112732,0.19295716285705566,-0.010892044752836227,3.0924079418182373,0.022458121180534363
2899,53.86022067070007,0.6267477869987488,0.025724101811647415,-0.3055851459503174,0.6239408254623413,0.16233278810977936,-0.06779704242944717,3.0867466926574707,0.022595277056097984
2900,53.87031388282776,0.6267477869987488,0.025724101811647415,-0.3055851459503174,0.5805845856666565,0.1189664751291275,-0.24379876255989075,3.0899550914764404,0.02763301506638527
2901,53.89623141288757,0.6267477869987488,0.025724101811647415,-0.3055851459503174,0.5539452433586121,0.08654153347015381,-0.31446608901023865,3.0996272563934326,0.027720417827367783
2902,53.90807795524597,0.6267477869987488,0.025724101811647415,-0.3055851459503174,0.5380669236183167,0.06715085357427597,-0.3513126075267792,3.1105892658233643,0.02298761159181595
2903,53.933260679244995,0.6267477869987488,0.025724101811647415,-0.3055851459503174,0.5272737741470337,0.05557999014854431,-0.3576270043849945,3.1188478469848633,0.01691288687288761
2904,53.943039894104004,0.6267477869987488,0.025724101811647415,-0.3055851459503174,0.5183286070823669,0.045095305889844894,-0.3337017595767975,3.1230835914611816,0.012349089607596397
2905,53.96923589706421,0.6267477869987488,0.025724101811647415,-0.3055851459503174,0.5109517574310303,0.0321885347366333,-0.30309879779815674,3.1241044998168945,0.010224542580544949
2906,53.979618310928345,0.6267477869987488,0.025724101811647415,-0.3055851459503174,0.5078749060630798,0.015200432389974594,-0.2851403057575226,3.123375654220581,0.009423233568668365
2907,54.00543665885925,0.6267477869987488,0.025724101811647415,-0.3055851459503174,0.5089898705482483,-0.004596315324306488,-0.27665215730667114,3.1215248107910156,0.008561179041862488
2908,54.01648020744324,0.6267477869987488,0.025724101811647415,-0.3055851459503174,0.5132016539573669,-0.025009945034980774,-0.2638918161392212,3.1184051036834717,0.0077256797812879086
2909,54.04183912277222,0.6267477869987488,0.025724101811647415,-0.3055851459503174,0.5211437344551086,-0.04594594985246658,-0.2411273866891861,3.1140081882476807,0.007597386837005615
2910,54.051979303359985,0.6267477869987488,0.025724101811647415,-0.3055851459503174,0.5345256328582764,-0.06610482931137085,-0.213276207447052,3.108330488204956,0.00823192298412323
2911,54.07745051383972,0.6267477869987488,0.025724101811647415,-0.3055851459503174,0.5547182559967041,-0.08527752757072449,-0.17846040427684784,3.1012866497039795,0.00924608577042818
2912,54.08739256858826,0.6267477869987488,0.025724101811647415,-0.3055851459503174,0.5803429484367371,-0.10760725289583206,-0.14283941686153412,3.0949316024780273,0.010965161956846714
2913,54.11209797859192,0.6267477869987488,0.025724101811647415,-0.3055851459503174,0.6103426814079285,-0.1343338042497635,-0.13971880078315735,3.093782424926758,0.013961445540189743
2914,54.12224459648132,0.6267477869987488,0.025724101811647415,-0.3055851459503174,0.6386375427246094,-0.16047357022762299,-0.17962034046649933,3.1020896434783936,0.019616365432739258
2915,54.14751839637756,0.6267477869987488,0.025724101811647415,-0.3055851459503174,0.6492406129837036,-0.18064066767692566,-0.27350807189941406,3.1230757236480713,0.03227578476071358
2916,54.15842795372009,0.6267477869987488,0.025724101811647415,-0.3055851459503174,0.6524182558059692,-0.15444324910640717,-0.5558056235313416,-3.140035629272461,0.040965259075164795
2917,54.18478846549988,0.6267477869987488,0.025724101811647415,-0.3055851459503174,0.599991500377655,-0.09187944233417511,-0.2855626046657562,3.1410951614379883,0.04292920604348183
2918,54.194501876831055,0.6267477869987488,0.025724101811647415,-0.3055851459503174,0.5571138262748718,-0.05358022451400757,-0.22727233171463013,3.1257734298706055,0.04563074931502342
2919,54.22028708457947,0.6267477869987488,0.025724101811647415,-0.3055851459503174,0.5356529951095581,-0.026986783370375633,-0.22127734124660492,3.109466075897217,0.047460585832595825
2920,54.23009729385376,0.6267477869987488,0.025724101811647415,-0.3055851459503174,0.5281246900558472,-0.00573582062497735,-0.20181849598884583,3.0955162048339844,0.04643811285495758
2921,54.255143880844116,0.6267477869987488,0.025724101811647415,-0.3055851459503174,0.5260190963745117,0.011204014532268047,-0.16551581025123596,3.0847837924957275,0.043241921812295914
2922,54.26599454879761,0.6267477869987488,0.025724101811647415,-0.3055851459503174,0.5265294909477234,0.024063073098659515,-0.11326056718826294,3.0775840282440186,0.04028218239545822
2923,54.291471004486084,0.6267477869987488,0.025724101811647415,-0.3055851459503174,0.5304245352745056,0.03209713101387024,-0.046319641172885895,3.073944091796875,0.039395418018102646
2924,54.30206751823425,0.6267477869987488,0.025724101811647415,-0.3055851459503174,0.5367411375045776,0.03680739551782608,0.022294528782367706,3.0740232467651367,0.0404745452105999
2925,54.32679009437561,0.6267477869987488,0.025724101811647415,-0.3055851459503174,0.5444743037223816,0.04428219795227051,0.06392106413841248,3.0778656005859375,0.04164072498679161
2926,54.337751626968384,0.6267477869987488,0.025724101811647415,-0.3055851459503174,0.5542490482330322,0.06056417524814606,0.046240583062171936,3.0842580795288086,0.04075901210308075
2927,54.362101793289185,0.6267477869987488,0.025724101811647415,-0.3055851459503174,0.5655132532119751,0.0853373259305954,-0.020527703687548637,3.091245651245117,0.03703374043107033
2928,54.3736629486084,0.6267477869987488,0.025724101811647415,-0.3055851459503174,0.5771404504776001,0.11262234300374985,-0.09132811427116394,3.0975613594055176,0.03120916150510311
2929,54.39848232269287,0.6267477869987488,0.025724101811647415,-0.3055851459503174,0.5872284770011902,0.13524027168750763,-0.14376987516880035,3.102956771850586,0.02555205672979355
2930,54.409499168395996,0.6267477869987488,0.025724101811647415,-0.3055851459503174,0.598249077796936,0.15417133271694183,-0.2129746675491333,3.1065917015075684,0.022867819294333458
2931,54.43388772010803,0.6267477869987488,0.025724101811647415,-0.3055851459503174,0.6070360541343689,0.17862330377101898,-0.28270918130874634,3.1049485206604004,0.02752603031694889
2932,54.444416522979736,0.6267477869987488,0.025724101811647415,-0.3055851459503174,0.5994976162910461,0.19652648270130157,0.002325046807527542,3.094055652618408,0.032539691776037216
2933,54.4704225063324,0.6267477869987488,0.025724101811647415,-0.3055851459503174,0.5544933080673218,0.1602555811405182,0.01431095227599144,3.094480514526367,0.03458607569336891
2934,54.48099684715271,0.6267477869987488,0.025724101811647415,-0.3055851459503174,0.520149827003479,0.10944611579179764,-0.2057102918624878,3.1047961711883545,0.04082055017352104
2935,54.50641489028931,0.6267477869987488,0.025724101811647415,-0.3055851459503174,0.5032360553741455,0.07394363731145859,-0.3198784291744232,3.116399049758911,0.04001212492585182
2936,54.516690254211426,0.6267477869987488,0.025724101811647415,-0.3055851459503174,0.4929230809211731,0.0513102151453495,-0.34299078583717346,3.1241397857666016,0.034121252596378326
2937,54.54201102256775,0.6267477869987488,0.025724101811647415,-0.3055851459503174,0.4839889109134674,0.033058375120162964,-0.3160128593444824,3.1274821758270264,0.02813156135380268
2938,54.552056550979614,0.6267477869987488,0.025724101811647415,-0.3055851459503174,0.4758436679840088,0.015053424052894115,-0.2668464779853821,3.127258062362671,0.024767545983195305
2939,54.57760953903198,0.6267477869987488,0.025724101811647415,-0.3055851459503174,0.47151482105255127,-0.0061355470679700375,-0.24437163770198822,3.1247398853302,0.023368488997220993
2940,54.587504625320435,0.6267477869987488,0.025724101811647415,-0.3055851459503174,0.470980167388916,-0.03124353103339672,-0.2328972965478897,3.1213788986206055,0.02238140068948269
2941,54.61261010169983,0.6267477869987488,0.025724101811647415,-0.3055851459503174,0.473300576210022,-0.05764944478869438,-0.21676327288150787,3.1176040172576904,0.02176803909242153
2942,54.622920751571655,0.6267477869987488,0.025724101811647415,-0.3055851459503174,0.47920259833335876,-0.08356127887964249,-0.1958070695400238,3.1129260063171387,0.02218732051551342
2943,54.64772629737854,0.6267477869987488,0.025724101811647415,-0.3055851459503174,0.48946985602378845,-0.1090645045042038,-0.17359666526317596,3.1070539951324463,0.02393186464905739
2944,54.65845823287964,0.6267477869987488,0.025724101811647415,-0.3055851459503174,0.5036590695381165,-0.13674260675907135,-0.13657473027706146,3.1010594367980957,0.027463342994451523
2945,54.685614585876465,0.6267477869987488,0.025724101811647415,-0.3055851459503174,0.521878182888031,-0.1682828664779663,-0.11290211975574493,3.097614288330078,0.03301657736301422
2946,54.69593405723572,0.6267477869987488,0.025724101811647415,-0.3055851459503174,0.5433716177940369,-0.20308181643486023,-0.11686401069164276,3.0998146533966064,0.0406109057366848
2947,54.72179341316223,0.6267477869987488,0.025724101811647415,-0.3055851459503174,0.5720959901809692,-0.2316494882106781,-0.2401176393032074,3.1092066764831543,0.05044800415635109
2948,54.73199725151062,0.6267477869987488,0.025724101811647415,-0.3055851459503174,0.5897535681724548,-0.24700084328651428,-0.47242942452430725,3.123159885406494,0.05479443818330765
2949,54.76217579841614,0.6267477869987488,0.025724101811647415,-0.3055851459503174,0.5817471742630005,-0.21846804022789001,-0.5038101673126221,3.134909152984619,0.058145444840192795
2950,54.77332067489624,0.6267477869987488,0.025724101811647415,-0.3055851459503174,0.5533813834190369,-0.157849982380867,-0.32508671283721924,3.13232421875,0.059477563947439194
2951,54.79890465736389,0.6267477869987488,0.025724101811647415,-0.3055851459503174,0.5278682112693787,-0.112886942923069,-0.28019121289253235,3.1196165084838867,0.05724649876356125
2952,54.80885171890259,0.6267477869987488,0.025724101811647415,-0.3055851459503174,0.5141536593437195,-0.08015607297420502,-0.26897427439689636,3.1050631999969482,0.05328581854701042
2953,54.83353543281555,0.6267477869987488,0.025724101811647415,-0.3055851459503174,0.5116361379623413,-0.053079765290021896,-0.2321099489927292,3.0920257568359375,0.04844037815928459
2954,54.843273878097534,0.6267477869987488,0.025724101811647415,-0.3055851459503174,0.5152604579925537,-0.030170457437634468,-0.18089528381824493,3.0815815925598145,0.04330625757575035
2955,54.86819887161255,0.6267477869987488,0.025724101811647415,-0.3055851459503174,0.5232734680175781,-0.011289499700069427,-0.11589782685041428,3.0740950107574463,0.03909676522016525
2956,54.87813687324524,0.6267477869987488,0.025724101811647415,-0.3055851459503174,0.535603940486908,0.00289538549259305,-0.04255469888448715,3.0700838565826416,0.0365300215780735
2957,54.90457010269165,0.6267477869987488,0.025724101811647415,-0.3055851459503174,0.5511295199394226,0.014774027280509472,0.024368220940232277,3.0706300735473633,0.03471052274107933
2958,54.915107011795044,0.6267477869987488,0.025724101811647415,-0.3055851459503174,0.5676959156990051,0.031130928546190262,0.04427018016576767,3.075981616973877,0.03196549043059349
2959,54.94002056121826,0.6267477869987488,0.025724101811647415,-0.3055851459503174,0.5837620496749878,0.055741775780916214,0.002002604305744171,3.084663152694702,0.027375392615795135
2960,54.95044016838074,0.6267477869987488,0.025724101811647415,-0.3055851459503174,0.5988280773162842,0.08620068430900574,-0.05287349969148636,3.093858003616333,0.02107621170580387
2961,54.97848892211914,0.6267477869987488,0.025724101811647415,-0.3055851459503174,0.6127967238426208,0.11263573914766312,-0.0690823346376419,3.1014935970306396,0.014377749525010586
2962,54.98974943161011,0.6267477869987488,0.025724101811647415,-0.3055851459503174,0.625877320766449,0.13046710193157196,-0.08334685117006302,3.1072449684143066,0.009819503873586655
2963,55.014678716659546,0.6267477869987488,0.025724101811647415,-0.3055851459503174,0.6402857303619385,0.15069030225276947,-0.12320224940776825,3.1096763610839844,0.010379054583609104
2964,55.02495861053467,0.6267477869987488,0.025724101811647415,-0.3055851459503174,0.597335696220398,0.20822171866893768,-0.30518603324890137,3.1043684482574463,0.020256225019693375
2965,55.0497727394104,0.6267477869987488,0.025724101811647415,-0.3055851459503174,0.596679151058197,0.16315053403377533,-0.24541299045085907,3.090078830718994,0.027582215145230293
2966,55.06009650230408,0.6267477869987488,0.025724101811647415,-0.3055851459503174,0.5655123591423035,0.1130790263414383,-0.197148397564888,3.0825388431549072,0.03709083050489426
2967,55.085761070251465,0.6267477869987488,0.025724101811647415,-0.3055851459503174,0.5438589453697205,0.07282263040542603,-0.3063287138938904,3.087761402130127,0.039379578083753586
2968,55.09592795372009,0.6267477869987488,0.025724101811647415,-0.3055851459503174,0.5274223685264587,0.053175680339336395,-0.3611031770706177,3.097881317138672,0.032314881682395935
2969,55.120956897735596,0.6267477869987488,0.025724101811647415,-0.3055851459503174,0.5127385258674622,0.04420942813158035,-0.3799373507499695,3.106865406036377,0.02251344360411167
2970,55.13124942779541,0.6267477869987488,0.025724101811647415,-0.3055851459503174,0.5020360350608826,0.03428778052330017,-0.38304343819618225,3.112919807434082,0.013944456353783607
2971,55.15776038169861,0.6267477869987488,0.025724101811647415,-0.3055851459503174,0.4951291084289551,0.01996673084795475,-0.3747936487197876,3.1163008213043213,0.007032603491097689
2972,55.167885303497314,0.6267477869987488,0.025724101811647415,-0.3055851459503174,0.49074631929397583,0.001215113210491836,-0.3540566861629486,3.117664098739624,0.0015022378647699952
2973,55.19332718849182,0.6267477869987488,0.025724101811647415,-0.3055851459503174,0.4903186857700348,-0.020787185057997704,-0.3388049304485321,3.117422580718994,-0.003476302372291684
2974,55.20290207862854,0.6267477869987488,0.025724101811647415,-0.3055851459503174,0.4934067726135254,-0.044161468744277954,-0.3345606029033661,3.1154637336730957,-0.008512857370078564
2975,55.23201537132263,0.6267477869987488,0.025724101811647415,-0.3055851459503174,0.49896442890167236,-0.06777045875787735,-0.3250401020050049,3.1117005348205566,-0.012945110909640789
2976,55.24454116821289,0.6267477869987488,0.025724101811647415,-0.3055851459503174,0.5085433721542358,-0.09104017168283463,-0.30638909339904785,3.106222629547119,-0.016038818284869194
2977,55.26932883262634,0.6267477869987488,0.025724101811647415,-0.3055851459503174,0.5231243371963501,-0.11321715265512466,-0.28649085760116577,3.09909987449646,-0.01775997318327427
2978,55.2801411151886,0.6267477869987488,0.025724101811647415,-0.3055851459503174,0.5418493151664734,-0.13691496849060059,-0.2548784911632538,3.0918493270874023,-0.017647279426455498
2979,55.304755449295044,0.6267477869987488,0.025724101811647415,-0.3055851459503174,0.5651542544364929,-0.1638234257698059,-0.23800578713417053,3.087827444076538,-0.015399384312331676
2980,55.316147804260254,0.6267477869987488,0.025724101811647415,-0.3055851459503174,0.5894379019737244,-0.19169694185256958,-0.24287286400794983,3.090620994567871,-0.010111403651535511
2981,55.34179449081421,0.6267477869987488,0.025724101811647415,-0.3055851459503174,0.6139869689941406,-0.2145290970802307,-0.3623012900352478,3.102989673614502,0.00042972713708877563
2982,55.35249590873718,0.6267477869987488,0.025724101811647415,-0.3055851459503174,0.614075243473053,-0.21247921884059906,-0.5200713872909546,3.1192359924316406,0.00872834026813507
2983,55.38023519515991,0.6267477869987488,0.025724101811647415,-0.3055851459503174,0.590064525604248,-0.15784254670143127,-0.37541064620018005,3.1251561641693115,0.015035397373139858
2984,55.39082145690918,0.6267477869987488,0.025724101811647415,-0.3055851459503174,0.559463620185852,-0.10630497336387634,-0.2769889533519745,3.116367816925049,0.01785748079419136
2985,55.41719889640808,0.6267477869987488,0.025724101811647415,-0.3055851459503174,0.5410962700843811,-0.07084522396326065,-0.268283486366272,3.101844072341919,0.01800392009317875
2986,55.42764067649841,0.6267477869987488,0.025724101811647415,-0.3055851459503174,0.5338618159294128,-0.04419156163930893,-0.2505084276199341,3.087449550628662,0.016996262595057487
2987,55.45272707939148,0.6267477869987488,0.025724101811647415,-0.3055851459503174,0.5334659218788147,-0.022820234298706055,-0.2154926061630249,3.075742721557617,0.015690365806221962
2988,55.46383714675903,0.6267477869987488,0.025724101811647415,-0.3055851459503174,0.5374729037284851,-0.005232096184045076,-0.16424968838691711,3.0675547122955322,0.01504446566104889
2989,55.489049434661865,0.6267477869987488,0.025724101811647415,-0.3055851459503174,0.5457794666290283,0.008111683651804924,-0.10470450669527054,3.0631370544433594,0.01576610840857029
2990,55.49954032897949,0.6267477869987488,0.025724101811647415,-0.3055851459503174,0.5578365921974182,0.018311288207769394,-0.047272007912397385,3.063210964202881,0.01734330877661705
2991,55.52419328689575,0.6267477869987488,0.025724101811647415,-0.3055851459503174,0.5726205706596375,0.03168096765875816,-0.02007613703608513,3.0680606365203857,0.01797848753631115
2992,55.534417152404785,0.6267477869987488,0.025724101811647415,-0.3055851459503174,0.588458776473999,0.05294663459062576,-0.05299026146531105,3.076470136642456,0.016168374568223953
2993,55.55991315841675,0.6267477869987488,0.025724101811647415,-0.3055851459503174,0.6036980748176575,0.08191238343715668,-0.1184181347489357,3.085824489593506,0.011821906082332134
2994,55.5704391002655,0.6267477869987488,0.025724101811647415,-0.3055851459503174,0.6176872253417969,0.11042045801877975,-0.14851897954940796,3.0936572551727295,0.006289994344115257
2995,55.59549593925476,0.6267477869987488,0.025724101811647415,-0.3055851459503174,0.629533588886261,0.13155816495418549,-0.15383271872997284,3.099254846572876,0.002466717967763543
2996,55.605732679367065,0.6267477869987488,0.025724101811647415,-0.3055851459503174,0.6427189111709595,0.15156260132789612,-0.18715830147266388,3.1016347408294678,0.003421830479055643
2997,55.630810499191284,0.6267477869987488,0.025724101811647415,-0.3055851459503174,0.6005160808563232,0.20845192670822144,-0.33749592304229736,3.0964314937591553,0.013061363250017166
2998,55.641884088516235,0.6267477869987488,0.025724101811647415,-0.3055851459503174,0.5971751809120178,0.16586048901081085,-0.2814159393310547,3.082138776779175,0.020686075091362
2999,55.66765260696411,0.6267477869987488,0.025724101811647415,-0.3055851459503174,0.5661218166351318,0.12498362362384796,-0.1787518709897995,3.0723066329956055,0.03294247016310692
3000,55.67823553085327,0.6267477869987488,0.025724101811647415,-0.3055851459503174,0.5446653962135315,0.08748030662536621,-0.2696242928504944,3.0740609169006348,0.039395563304424286
