t_step,wall_time_s,cmd_vx,cmd_vy,cmd_wz,act_vx,act_vy,act_wz,roll,pitch
0,0.03444695472717285,0.3352386951446533,0.05151503160595894,-0.08995325118303299,0.008481028489768505,-0.2117340862751007,0.3188908100128174,-3.1415538787841797,-0.02033129706978798
1,0.24780941009521484,0.3352386951446533,0.05151503160595894,-0.08995325118303299,0.02742963843047619,-0.21408557891845703,0.18381577730178833,-3.135967969894409,-0.06047455966472626
2,0.2787189483642578,0.3352386951446533,0.05151503160595894,-0.08995325118303299,0.04629885032773018,-0.21774671971797943,0.12150819599628448,-3.1283388137817383,-0.11017896980047226
3,0.3095681667327881,0.3352386951446533,0.05151503160595894,-0.08995325118303299,0.0710676833987236,-0.22262617945671082,0.15846729278564453,-3.1222264766693115,-0.15695372223854065
4,0.32160282135009766,0.3352386951446533,0.05151503160595894,-0.08995325118303299,0.10753713548183441,-0.22353556752204895,0.254892498254776,-3.121328353881836,-0.19344447553157806
5,0.35460543632507324,0.3352386951446533,0.05151503160595894,-0.08995325118303299,0.15050123631954193,-0.2189834713935852,0.339375376701355,-3.1275880336761475,-0.21766361594200134
6,0.36713624000549316,0.3352386951446533,0.05151503160595894,-0.08995325118303299,0.19036166369915009,-0.20728787779808044,0.3902624249458313,-3.140695333480835,-0.22889456152915955
7,0.39885520935058594,0.3352386951446533,0.05151503160595894,-0.08995325118303299,0.22224533557891846,-0.18640878796577454,0.3802235722541809,3.1240897178649902,-0.22747084498405457
8,0.40973734855651855,0.3352386951446533,0.05151503160595894,-0.08995325118303299,0.2432675063610077,-0.15593364834785461,0.31149590015411377,3.1030402183532715,-0.21631596982479095
9,0.4398059844970703,0.3352386951446533,0.05151503160595894,-0.08995325118303299,0.2523503303527832,-0.11781749129295349,0.19603803753852844,3.081923484802246,-0.19932560622692108
10,0.451427698135376,0.3352386951446533,0.05151503160595894,-0.08995325118303299,0.2877136468887329,-0.2973215579986572,0.5236106514930725,3.075509786605835,-0.18280029296875
11,0.4906597137451172,0.3352386951446533,0.05151503160595894,-0.08995325118303299,0.2529847323894501,-0.3041570782661438,-0.10428686439990997,3.1246461868286133,-0.18470029532909393
12,0.5018842220306396,0.3352386951446533,0.05151503160595894,-0.08995325118303299,0.17362837493419647,-0.2529366612434387,-0.35093995928764343,3.134591579437256,-0.1748138666152954
13,0.532299280166626,0.3352386951446533,0.05151503160595894,-0.08995325118303299,0.1533409059047699,-0.21095532178878784,-0.30315935611724854,3.128889560699463,-0.1508251130580902
14,0.5465247631072998,0.3352386951446533,0.05151503160595894,-0.08995325118303299,0.16425064206123352,-0.18110233545303345,-0.19684402644634247,3.1205732822418213,-0.12883077561855316
15,0.5748467445373535,0.3352386951446533,0.05151503160595894,-0.08995325118303299,0.17429398000240326,-0.1440453976392746,-0.12641973793506622,3.1104581356048584,-0.11387386918067932
16,0.5864999294281006,0.3352386951446533,0.05151503160595894,-0.08995325118303299,0.18259015679359436,-0.10377123206853867,-0.07014580816030502,3.096015214920044,-0.10573028028011322
17,0.616253137588501,0.3352386951446533,0.05151503160595894,-0.08995325118303299,0.18825598061084747,-0.06345207989215851,-0.015858253464102745,3.078037977218628,-0.10271349549293518
18,0.6286239624023438,0.3352386951446533,0.05151503160595894,-0.08995325118303299,0.19223269820213318,-0.027550460770726204,0.04594364017248154,3.0598533153533936,-0.10243232548236847
19,0.6588587760925293,0.3352386951446533,0.05151503160595894,-0.08995325118303299,0.1949353665113449,0.0029097069054841995,0.07383831590414047,3.0444016456604004,-0.10214697569608688
20,0.6707088947296143,0.3352386951446533,0.05151503160595894,-0.08995325118303299,0.19795815646648407,0.027323076501488686,0.05692179873585701,3.0327112674713135,-0.09952200204133987
21,0.6984808444976807,0.3352386951446533,0.05151503160595894,-0.08995325118303299,0.20454566180706024,0.04520531743764877,0.03619822859764099,3.025136709213257,-0.09404759109020233
22,0.7089366912841797,0.3352386951446533,0.05151503160595894,-0.08995325118303299,0.21647579967975616,0.05958458408713341,0.02191299945116043,3.0219674110412598,-0.08709775656461716
23,0.7367165088653564,0.3352386951446533,0.05151503160595894,-0.08995325118303299,0.23361237347126007,0.07692702859640121,0.005249718204140663,3.0225443840026855,-0.08098364621400833
24,0.7477645874023438,0.3352386951446533,0.05151503160595894,-0.08995325118303299,0.25463125109672546,0.09880713373422623,0.00872688926756382,3.0256540775299072,-0.07784829288721085
25,0.7763242721557617,0.3352386951446533,0.05151503160595894,-0.08995325118303299,0.2768126130104065,0.12466112524271011,0.031410302966833115,3.0300416946411133,-0.0783468559384346
26,0.7873308658599854,0.3352386951446533,0.05151503160595894,-0.08995325118303299,0.2979046404361725,0.15133295953273773,0.06109584867954254,3.035285711288452,-0.08130215108394623
27,0.8162014484405518,0.3352386951446533,0.05151503160595894,-0.08995325118303299,0.31756043434143066,0.175140380859375,0.10222411155700684,3.0422258377075195,-0.08462836593389511
28,0.8282086849212646,0.3352386951446533,0.05151503160595894,-0.08995325118303299,0.33634501695632935,0.1947135031223297,0.14926287531852722,3.0514841079711914,-0.08647432178258896
29,0.8569862842559814,0.3352386951446533,0.05151503160595894,-0.08995325118303299,0.35377106070518494,0.21226517856121063,0.17269861698150635,3.061060905456543,-0.08504807949066162
30,0.8685016632080078,0.3352386951446533,0.05151503160595894,-0.08995325118303299,0.3643505573272705,0.22069936990737915,0.4009484648704529,3.067892074584961,-0.08772116899490356
31,0.8982255458831787,0.3352386951446533,0.05151503160595894,-0.08995325118303299,0.33531641960144043,0.19420966506004333,0.30226778984069824,3.0779945850372314,-0.09073547273874283
32,0.9087672233581543,0.3352386951446533,0.05151503160595894,-0.08995325118303299,0.3235122859477997,0.16098181903362274,0.15000958740711212,3.0825068950653076,-0.0803549513220787
33,0.9351418018341064,0.3352386951446533,0.05151503160595894,-0.08995325118303299,0.32351434230804443,0.11833389848470688,-0.007545038126409054,3.0858426094055176,-0.07144418358802795
34,0.9457032680511475,0.3352386951446533,0.05151503160595894,-0.08995325118303299,0.32651516795158386,0.07670795172452927,-0.1065010130405426,3.092285633087158,-0.06995972990989685
35,0.9736905097961426,0.3352386951446533,0.05151503160595894,-0.08995325118303299,0.3278945982456207,0.04502488672733307,-0.10309068113565445,3.1002073287963867,-0.07282327115535736
36,0.9845607280731201,0.3352386951446533,0.05151503160595894,-0.08995325118303299,0.33106425404548645,0.021246522665023804,-0.10412860661745071,3.1064155101776123,-0.07592294365167618
37,1.0118165016174316,0.3352386951446533,0.05151503160595894,-0.08995325118303299,0.3368358016014099,0.0004653990035876632,-0.10163743793964386,3.108470916748047,-0.07807960361242294
38,1.0227766036987305,0.3352386951446533,0.05151503160595894,-0.08995325118303299,0.3445834815502167,-0.02111472375690937,-0.08623863756656647,3.106628179550171,-0.07925581187009811
39,1.0540738105773926,0.3352386951446533,0.05151503160595894,-0.08995325118303299,0.3548392057418823,-0.04395918920636177,-0.07250745594501495,3.102781057357788,-0.07982945442199707
40,1.066593885421753,0.3352386951446533,0.05151503160595894,-0.08995325118303299,0.3675714433193207,-0.0654563382267952,-0.061583906412124634,3.0973143577575684,-0.07990823686122894
41,1.0970683097839355,0.3352386951446533,0.05151503160595894,-0.08995325118303299,0.38248521089553833,-0.08378130942583084,-0.05420345813035965,3.0890369415283203,-0.07894019782543182
42,1.1088037490844727,0.3352386951446533,0.05151503160595894,-0.08995325118303299,0.3986647129058838,-0.09940388798713684,-0.02141953632235527,3.0782108306884766,-0.07586497068405151
43,1.1380481719970703,0.3352386951446533,0.05151503160595894,-0.08995325118303299,0.41610491275787354,-0.11581926047801971,0.014842662960290909,3.06842303276062,-0.07036224752664566
44,1.1491048336029053,0.3352386951446533,0.05151503160595894,-0.08995325118303299,0.4455714225769043,-0.127683624625206,-0.17247112095355988,3.060856342315674,-0.06872706115245819
45,1.178560495376587,0.3352386951446533,0.05151503160595894,-0.08995325118303299,0.43575790524482727,-0.14376623928546906,-0.20571236312389374,3.0586941242218018,-0.07238566875457764
46,1.190119981765747,0.3352386951446533,0.05151503160595894,-0.08995325118303299,0.4168814420700073,-0.15511251986026764,-0.15920577943325043,3.0678398609161377,-0.06801637262105942
47,1.2198173999786377,0.3352386951446533,0.05151503160595894,-0.08995325118303299,0.4071830213069916,-0.1532333791255951,-0.20445220172405243,3.081794023513794,-0.05766215920448303
48,1.2315864562988281,0.3352386951446533,0.05151503160595894,-0.08995325118303299,0.39854738116264343,-0.12692730128765106,-0.23045410215854645,3.0912184715270996,-0.04730222001671791
49,1.2609155178070068,0.3352386951446533,0.05151503160595894,-0.08995325118303299,0.3779051899909973,-0.07897280901670456,-0.11800283193588257,3.089157819747925,-0.03938981890678406
50,1.2794322967529297,0.3352386951446533,0.05151503160595894,-0.08995325118303299,0.3528056740760803,-0.03704869747161865,-0.07423867285251617,3.078084707260132,-0.03334417566657066
51,1.3077726364135742,0.3352386951446533,0.05151503160595894,-0.08995325118303299,0.3363839387893677,-0.004798131994903088,-0.05504222586750984,3.0639216899871826,-0.028142426162958145
52,1.319427490234375,0.3352386951446533,0.05151503160595894,-0.08995325118303299,0.32935401797294617,0.020876700058579445,-0.02835451439023018,3.050724506378174,-0.023786863312125206
53,1.347294569015503,0.3352386951446533,0.05151503160595894,-0.08995325118303299,0.3286288380622864,0.04314865171909332,0.008079325780272484,3.0405774116516113,-0.020597204566001892
54,1.3585972785949707,0.3352386951446533,0.05151503160595894,-0.08995325118303299,0.33190464973449707,0.06367278099060059,0.05327129736542702,3.033702850341797,-0.018023092299699783
55,1.387824535369873,0.3352386951446533,0.05151503160595894,-0.08995325118303299,0.3394976258277893,0.080576591193676,0.1069817915558815,3.0299227237701416,-0.01514984667301178
56,1.3998656272888184,0.3352386951446533,0.05151503160595894,-0.08995325118303299,0.3502081334590912,0.09361293911933899,0.16755613684654236,3.0299742221832275,-0.011797836050391197
57,1.4284336566925049,0.3352386951446533,0.05151503160595894,-0.08995325118303299,0.36222341656684875,0.10676693916320801,0.21012070775032043,3.0347301959991455,-0.008868657983839512
58,1.4403438568115234,0.3352386951446533,0.05151503160595894,-0.08995325118303299,0.37303978204727173,0.12657420337200165,0.20366445183753967,3.04331374168396,-0.007489765994250774
59,1.4684391021728516,0.3352386951446533,0.05151503160595894,-0.08995325118303299,0.3810674846172333,0.152994766831398,0.15795212984085083,3.053560972213745,-0.0077294656075537205
60,1.4802210330963135,0.3352386951446533,0.05151503160595894,-0.08995325118303299,0.3875659108161926,0.18090730905532837,0.1224978119134903,3.0635318756103516,-0.00865053292363882
61,1.5078227519989014,0.3352386951446533,0.05151503160595894,-0.08995325118303299,0.3935338258743286,0.2039867490530014,0.0973978042602539,3.072383165359497,-0.008603458292782307
62,1.5196025371551514,0.3352386951446533,0.05151503160595894,-0.08995325118303299,0.40004798769950867,0.227410688996315,0.05014445260167122,3.0787343978881836,-0.005593187175691128
63,1.5498361587524414,0.3352386951446533,0.05151503160595894,-0.08995325118303299,0.37746721506118774,0.25641000270843506,0.08225549012422562,3.079103708267212,-0.0010429341346025467
64,1.5609872341156006,0.3352386951446533,0.05151503160595894,-0.08995325118303299,0.3509502410888672,0.2312437742948532,0.0573231503367424,3.0809521675109863,0.000466167984995991
65,1.5893065929412842,0.3352386951446533,0.05151503160595894,-0.08995325118303299,0.326995849609375,0.20310230553150177,-0.0006691897287964821,3.082167148590088,0.008030392229557037
66,1.6012165546417236,0.3352386951446533,0.05151503160595894,-0.08995325118303299,0.30608680844306946,0.16776272654533386,-0.06984354555606842,3.0826451778411865,0.015230939723551273
67,1.6302521228790283,0.3352386951446533,0.05151503160595894,-0.08995325118303299,0.2839397192001343,0.13120876252651215,-0.11512914299964905,3.085433006286621,0.017766611650586128
68,1.642082929611206,0.3352386951446533,0.05151503160595894,-0.08995325118303299,0.26545241475105286,0.10544956475496292,-0.10688317567110062,3.0894012451171875,0.015797903761267662
69,1.6715245246887207,0.3352386951446533,0.05151503160595894,-0.08995325118303299,0.2489851415157318,0.08608526736497879,-0.09373821318149567,3.0938456058502197,0.012647056020796299
70,1.6831157207489014,0.3352386951446533,0.05151503160595894,-0.08995325118303299,0.23493777215480804,0.06831201910972595,-0.09011887013912201,3.097942590713501,0.010090294294059277
71,1.721362829208374,0.3352386951446533,0.05151503160595894,-0.08995325118303299,0.22297470271587372,0.050817109644412994,-0.07602905482053757,3.1007189750671387,0.008625772781670094
72,1.738356590270996,0.3352386951446533,0.05151503160595894,-0.08995325118303299,0.21256525814533234,0.03272710368037224,-0.055025819689035416,3.101898670196533,0.00832370761781931
73,1.7674331665039062,0.3352386951446533,0.05151503160595894,-0.08995325118303299,0.2040538489818573,0.013740834780037403,-0.03450685739517212,3.1020572185516357,0.008744250051677227
74,1.7794795036315918,0.3352386951446533,0.05151503160595894,-0.08995325118303299,0.19698317348957062,-0.006157977040857077,-0.01707400567829609,3.101609706878662,0.009353467263281345
75,1.8068914413452148,0.3352386951446533,0.05151503160595894,-0.08995325118303299,0.1907716989517212,-0.026476768776774406,-0.011850867420434952,3.100196123123169,0.010067161172628403
76,1.8176085948944092,0.3352386951446533,0.05151503160595894,-0.08995325118303299,0.18548466265201569,-0.04748840257525444,-0.010061094537377357,3.0974643230438232,0.011071025393903255
77,1.8487486839294434,0.3352386951446533,0.05151503160595894,-0.08995325118303299,0.18113094568252563,-0.07013072073459625,-6.684893742203712e-05,3.093592882156372,0.012584070675075054
78,1.8603291511535645,0.3352386951446533,0.05151503160595894,-0.08995325118303299,0.17761413753032684,-0.09577701985836029,0.007404543459415436,3.0892887115478516,0.014885088428854942
79,1.8885607719421387,0.3352386951446533,0.05151503160595894,-0.08995325118303299,0.17510312795639038,-0.1256975531578064,0.022120602428913116,3.0857419967651367,0.01844862662255764
80,1.900012731552124,0.3352386951446533,0.05151503160595894,-0.08995325118303299,0.1739572435617447,-0.1584325134754181,0.049347762018442154,3.0845048427581787,0.024079637601971626
81,1.92759370803833,0.3352386951446533,0.05151503160595894,-0.08995325118303299,0.17511886358261108,-0.19043205678462982,0.07536686211824417,3.087186574935913,0.03207537159323692
82,1.9395637512207031,0.3352386951446533,0.05151503160595894,-0.08995325118303299,0.196448415517807,-0.20211806893348694,-0.06995546072721481,3.091212272644043,0.03656889870762825
83,1.9665117263793945,0.3352386951446533,0.05151503160595894,-0.08995325118303299,0.20918306708335876,-0.20826828479766846,-0.08238779008388519,3.095494508743286,0.03392343968153
84,1.978449821472168,0.3352386951446533,0.05151503160595894,-0.08995325118303299,0.21193133294582367,-0.19423145055770874,-0.09506143629550934,3.1014668941497803,0.03018193505704403
85,2.0074079036712646,0.3352386951446533,0.05151503160595894,-0.08995325118303299,0.20367898046970367,-0.1475682407617569,-0.09158705174922943,3.1016945838928223,0.027437886223196983
86,2.01788592338562,0.3352386951446533,0.05151503160595894,-0.08995325118303299,0.19105589389801025,-0.09548080712556839,-0.054337844252586365,3.0943500995635986,0.024652009829878807
87,2.04510498046875,0.3352386951446533,0.05151503160595894,-0.08995325118303299,0.1889728158712387,-0.05550891533493996,-0.018957512453198433,3.0863356590270996,0.02139126881957054
88,2.056018590927124,0.3352386951446533,0.05151503160595894,-0.08995325118303299,0.1940605193376541,-0.023337634280323982,0.006262216251343489,3.0815577507019043,0.01930340565741062
89,2.083609104156494,0.3352386951446533,0.05151503160595894,-0.08995325118303299,0.2045568823814392,0.006446001585572958,0.0037615522742271423,3.080195903778076,0.01873602904379368
90,2.094733476638794,0.3352386951446533,0.05151503160595894,-0.08995325118303299,0.21757972240447998,0.03667963668704033,0.005623368546366692,3.0808606147766113,0.018541058525443077
91,2.1239848136901855,0.3352386951446533,0.05151503160595894,-0.08995325118303299,0.23109662532806396,0.07044912129640579,-0.0020534771028906107,3.0821845531463623,0.01790601573884487
92,2.1347033977508545,0.3352386951446533,0.05151503160595894,-0.08995325118303299,0.2460058033466339,0.10610716789960861,0.004059697967022657,3.083869218826294,0.016385825350880623
93,2.1666736602783203,0.3352386951446533,0.05151503160595894,-0.08995325118303299,0.26067298650741577,0.13984668254852295,0.029392937198281288,3.0870320796966553,0.014124104753136635
94,2.1809847354888916,0.3352386951446533,0.05151503160595894,-0.08995325118303299,0.27442994713783264,0.17436344921588898,0.026355870068073273,3.092527389526367,0.011666560545563698
95,2.2089319229125977,0.3352386951446533,0.05151503160595894,-0.08995325118303299,0.2859260141849518,0.21120582520961761,0.023469384759664536,3.097900867462158,0.010157033801078796
96,2.219292163848877,0.3352386951446533,0.05151503160595894,-0.08995325118303299,0.2716311812400818,0.25478383898735046,0.180210679769516,3.098710298538208,0.008595764636993408
97,2.2500624656677246,0.3352386951446533,0.05151503160595894,-0.08995325118303299,0.27718043327331543,0.23697614669799805,0.2082364559173584,3.103154182434082,0.005837125703692436
98,2.2636120319366455,0.3352386951446533,0.05151503160595894,-0.08995325118303299,0.2853926420211792,0.21557433903217316,0.14139404892921448,3.108119249343872,0.011529011651873589
99,2.301259994506836,0.3352386951446533,0.05151503160595894,-0.08995325118303299,0.2978391945362091,0.17734859883785248,0.07035370916128159,3.111856460571289,0.014825559221208096
100,2.3130857944488525,0.3352386951446533,0.05151503160595894,-0.08995325118303299,0.30282437801361084,0.1326824277639389,-0.06284597516059875,3.1171255111694336,0.012092845514416695
101,2.3412179946899414,0.3352386951446533,0.05151503160595894,-0.08995325118303299,0.30308178067207336,0.09974819421768188,-0.08998642861843109,3.12241268157959,0.005844724830240011
102,2.353632926940918,0.3352386951446533,0.05151503160595894,-0.08995325118303299,0.30467841029167175,0.07477540522813797,-0.10700768232345581,3.126617908477783,3.0454236821242375e-06
103,2.3809688091278076,0.3352386951446533,0.05151503160595894,-0.08995325118303299,0.30993279814720154,0.053075000643730164,-0.11126590520143509,3.1292805671691895,-0.004775694105774164
104,2.391936779022217,0.3352386951446533,0.05151503160595894,-0.08995325118303299,0.31808194518089294,0.03242330625653267,-0.09694569557905197,3.130168914794922,-0.00875673908740282
105,2.4188334941864014,0.3352386951446533,0.05151503160595894,-0.08995325118303299,0.32830628752708435,0.011226329952478409,-0.10051929950714111,3.129486322402954,-0.012353839352726936
106,2.4291672706604004,0.3352386951446533,0.05151503160595894,-0.08995325118303299,0.3407793939113617,-0.01063084788620472,-0.10719744861125946,3.127180576324463,-0.01599590852856636
107,2.4565975666046143,0.3352386951446533,0.05151503160595894,-0.08995325118303299,0.3547144830226898,-0.02956879325211048,-0.09877607971429825,3.122007369995117,-0.01921924762427807
108,2.4672963619232178,0.3352386951446533,0.05151503160595894,-0.08995325118303299,0.3713814318180084,-0.04470619186758995,-0.088191457092762,3.112980365753174,-0.02141554467380047
109,2.503121852874756,0.3352386951446533,0.05151503160595894,-0.08995325118303299,0.3911193609237671,-0.05916508287191391,-0.06595348566770554,3.101475238800049,-0.02215380035340786
110,2.521106481552124,0.3352386951446533,0.05151503160595894,-0.08995325118303299,0.41329535841941833,-0.07675661146640778,-0.04166185110807419,3.091038703918457,-0.021418219432234764
111,2.550506114959717,0.3352386951446533,0.05151503160595894,-0.08995325118303299,0.43665143847465515,-0.0982363149523735,-0.03912235051393509,3.085791826248169,-0.019489187747240067
112,2.566193103790283,0.3352386951446533,0.05151503160595894,-0.08995325118303299,0.4607017934322357,-0.12188918143510818,-0.056305911391973495,3.088984966278076,-0.014638681896030903
113,2.5941660404205322,0.3352386951446533,0.05151503160595894,-0.08995325118303299,0.45784199237823486,-0.14006268978118896,-0.16631552577018738,3.1003313064575195,-0.010218135081231594
114,2.6052513122558594,0.3352386951446533,0.05151503160595894,-0.08995325118303299,0.4403553307056427,-0.13977517187595367,-0.2569628357887268,3.1159331798553467,-0.0034810006618499756
115,2.6315484046936035,0.3352386951446533,0.05151503160595894,-0.08995325118303299,0.41240090131759644,-0.10533296316862106,-0.1974116414785385,3.123988151550293,0.005220297258347273
116,2.643838882446289,0.3352386951446533,0.05151503160595894,-0.08995325118303299,0.3698810636997223,-0.061732131987810135,-0.07751646637916565,3.1183907985687256,0.01359978411346674
117,2.6728196144104004,0.3352386951446533,0.05151503160595894,-0.08995325118303299,0.3340008854866028,-0.03110848367214203,-0.06347530335187912,3.1058526039123535,0.02076837234199047
118,2.6833789348602295,0.3352386951446533,0.05151503160595894,-0.08995325118303299,0.3076920211315155,-0.008087393827736378,-0.06403785943984985,3.092564105987549,0.026461604982614517
119,2.7111477851867676,0.3352386951446533,0.05151503160595894,-0.08995325118303299,0.29002630710601807,0.010886880569159985,-0.04969842731952667,3.081735372543335,0.02988746203482151
120,2.721853494644165,0.3352386951446533,0.05151503160595894,-0.08995325118303299,0.2779436707496643,0.02790956199169159,-0.02206558920443058,3.0746304988861084,0.030553167685866356
121,2.7507874965667725,0.3352386951446533,0.05151503160595894,-0.08995325118303299,0.2685914933681488,0.04408770799636841,0.007072185631841421,3.070969820022583,0.02960500307381153
122,2.7622029781341553,0.3352386951446533,0.05151503160595894,-0.08995325118303299,0.26349225640296936,0.05859735980629921,0.03274902328848839,3.0698013305664062,0.028803350403904915
123,2.7943241596221924,0.3352386951446533,0.05151503160595894,-0.08995325118303299,0.262861043214798,0.06948233395814896,0.07478607445955276,3.0706493854522705,0.029268788173794746
124,2.8056607246398926,0.3352386951446533,0.05151503160595894,-0.08995325118303299,0.26399749517440796,0.078188955783844,0.11821502447128296,3.0735116004943848,0.031166980043053627
125,2.8345019817352295,0.3352386951446533,0.05151503160595894,-0.08995325118303299,0.2638632655143738,0.0879146009683609,0.137763112783432,3.0779592990875244,0.03396718204021454
126,2.8475377559661865,0.3352386951446533,0.05151503160595894,-0.08995325118303299,0.2638082206249237,0.1014338955283165,0.1240854263305664,3.0828702449798584,0.03643234446644783
127,2.8762753009796143,0.3352386951446533,0.05151503160595894,-0.08995325118303299,0.26473113894462585,0.12063442170619965,0.08765573799610138,3.087054491043091,0.03719796612858772
128,2.887956380844116,0.3352386951446533,0.05151503160595894,-0.08995325118303299,0.26483792066574097,0.14355075359344482,0.05010485649108887,3.0903189182281494,0.03634052351117134
129,2.9159951210021973,0.3352386951446533,0.05151503160595894,-0.08995325118303299,0.26294419169425964,0.1664438098669052,0.006169261410832405,3.093925952911377,0.035541076213121414
130,2.927035331726074,0.3352386951446533,0.05151503160595894,-0.08995325118303299,0.26194849610328674,0.19421599805355072,-0.05052030086517334,3.097653388977051,0.03581707179546356
131,2.9558050632476807,0.3352386951446533,0.05151503160595894,-0.08995325118303299,0.2615813612937927,0.22680582106113434,-0.1162167340517044,3.0983498096466064,0.03811947628855705
132,2.966230630874634,0.3352386951446533,0.05151503160595894,-0.08995325118303299,0.2590361535549164,0.24475625157356262,0.14114278554916382,3.0949645042419434,0.03522397577762604
133,2.995540142059326,0.3352386951446533,0.05151503160595894,-0.08995325118303299,0.2526712119579315,0.2250336855649948,0.19048342108726501,3.1003799438476562,0.030039770528674126
134,3.0069289207458496,0.3352386951446533,0.05151503160595894,-0.08995325118303299,0.25982680916786194,0.201370969414711,0.10043482482433319,3.106567621231079,0.031435977667570114
135,3.0357391834259033,0.3352386951446533,0.05151503160595894,-0.08995325118303299,0.2651691734790802,0.16837091743946075,-0.02032405696809292,3.1122970581054688,0.028366664424538612
136,3.048509359359741,0.3352386951446533,0.05151503160595894,-0.08995325118303299,0.2636173367500305,0.13724644482135773,-0.04267457127571106,3.1169662475585938,0.021291736513376236
137,3.078096389770508,0.3352386951446533,0.05151503160595894,-0.08995325118303299,0.26000407338142395,0.11114086955785751,-0.037080708891153336,3.118952512741089,0.014625153504312038
138,3.089588165283203,0.3352386951446533,0.05151503160595894,-0.08995325118303299,0.259177565574646,0.08308763802051544,-0.030883396044373512,3.11877703666687,0.010549301281571388
139,3.1174211502075195,0.3352386951446533,0.05151503160595894,-0.08995325118303299,0.26305660605430603,0.05210370942950249,-0.024738190695643425,3.117363214492798,0.00836766604334116
140,3.1285719871520996,0.3352386951446533,0.05151503160595894,-0.08995325118303299,0.2705390453338623,0.021114736795425415,-0.009640608914196491,3.1151516437530518,0.007314884569495916
141,3.157275915145874,0.3352386951446533,0.05151503160595894,-0.08995325118303299,0.2813567817211151,-0.009249766357243061,0.008369088172912598,3.1118955612182617,0.006980200298130512
142,3.1686859130859375,0.3352386951446533,0.05151503160595894,-0.08995325118303299,0.29397138953208923,-0.03853971138596535,0.016557183116674423,3.1072120666503906,0.007212381809949875
143,3.196833848953247,0.3352386951446533,0.05151503160595894,-0.08995325118303299,0.3073589503765106,-0.06828789412975311,0.03623524308204651,3.1017308235168457,0.008404286578297615
144,3.2089555263519287,0.3352386951446533,0.05151503160595894,-0.08995325118303299,0.32109978795051575,-0.10005602240562439,0.041494470089673996,3.0977025032043457,0.010975368320941925
145,3.2431533336639404,0.3352386951446533,0.05151503160595894,-0.08995325118303299,0.33521637320518494,-0.1334068328142166,0.03756517544388771,3.0977773666381836,0.015410508029162884
146,3.2548317909240723,0.3352386951446533,0.05151503160595894,-0.08995325118303299,0.3559435307979584,-0.1569700688123703,-0.08168497681617737,3.101215124130249,0.018625324591994286
147,3.282374858856201,0.3352386951446533,0.05151503160595894,-0.08995325118303299,0.3585211932659149,-0.17434455454349518,-0.1480240821838379,3.1074931621551514,0.01739932782948017
148,3.2934234142303467,0.3352386951446533,0.05151503160595894,-0.08995325118303299,0.3550013601779938,-0.17518025636672974,-0.2133980393409729,3.1171867847442627,0.017947442829608917
149,3.320589542388916,0.3352386951446533,0.05151503160595894,-0.08995325118303299,0.3416208326816559,-0.1425907015800476,-0.1946960985660553,3.1213221549987793,0.0191155057400465
150,3.330904006958008,0.3352386951446533,0.05151503160595894,-0.08995325118303299,0.31329146027565,-0.09465502947568893,-0.08481641858816147,3.1142807006835938,0.01952406018972397
151,3.358100652694702,0.3352386951446533,0.05151503160595894,-0.08995325118303299,0.28747332096099854,-0.059005528688430786,-0.07043324410915375,3.1017117500305176,0.019669877365231514
152,3.3695991039276123,0.3352386951446533,0.05151503160595894,-0.08995325118303299,0.27154961228370667,-0.03176777809858322,-0.06128115952014923,3.0890538692474365,0.020151596516370773
153,3.397169351577759,0.3352386951446533,0.05151503160595894,-0.08995325118303299,0.2636973559856415,-0.009045606479048729,-0.03594396263360977,3.078831434249878,0.020242495462298393
154,3.408564567565918,0.3352386951446533,0.05151503160595894,-0.08995325118303299,0.26028668880462646,0.011563841253519058,0.006675343029201031,3.0717251300811768,0.01967017725110054
155,3.4355738162994385,0.3352386951446533,0.05151503160595894,-0.08995325118303299,0.26073455810546875,0.029983267188072205,0.04828716814517975,3.067352056503296,0.019167980179190636
156,3.4470326900482178,0.3352386951446533,0.05151503160595894,-0.08995325118303299,0.2652766704559326,0.045625027269124985,0.09169216454029083,3.0652623176574707,0.01945115439593792
157,3.4743001461029053,0.3352386951446533,0.05151503160595894,-0.08995325118303299,0.27220094203948975,0.05865130573511124,0.1429014354944229,3.065612316131592,0.020523905754089355
158,3.4874541759490967,0.3352386951446533,0.05151503160595894,-0.08995325118303299,0.2798982262611389,0.0730840191245079,0.17130087316036224,3.0684571266174316,0.021656978875398636
159,3.515425205230713,0.3352386951446533,0.05151503160595894,-0.08995325118303299,0.288473516702652,0.09253690391778946,0.17448660731315613,3.0726888179779053,0.021636422723531723
160,3.5266871452331543,0.3352386951446533,0.05151503160595894,-0.08995325118303299,0.2967410981655121,0.11605273932218552,0.16651993989944458,3.0770907402038574,0.019897032529115677
161,3.5546083450317383,0.3352386951446533,0.05151503160595894,-0.08995325118303299,0.3028509020805359,0.13962653279304504,0.1499188393354416,3.082064390182495,0.017415041103959084
162,3.565093517303467,0.3352386951446533,0.05151503160595894,-0.08995325118303299,0.30744943022727966,0.1618594378232956,0.11382939666509628,3.0889086723327637,0.015839621424674988
163,3.591585874557495,0.3352386951446533,0.05151503160595894,-0.08995325118303299,0.3140428066253662,0.18706439435482025,0.040534235537052155,3.096477746963501,0.01580287143588066
164,3.6025333404541016,0.3352386951446533,0.05151503160595894,-0.08995325118303299,0.32105082273483276,0.21586482226848602,-0.048878949135541916,3.1003541946411133,0.01855655200779438
165,3.6296799182891846,0.3352386951446533,0.05151503160595894,-0.08995325118303299,0.3159829080104828,0.2338470220565796,0.2010231614112854,3.0981295108795166,0.01811179891228676
166,3.6404294967651367,0.3352386951446533,0.05151503160595894,-0.08995325118303299,0.29804107546806335,0.20764777064323425,0.2662675380706787,3.1036906242370605,0.01649251952767372
167,3.6689999103546143,0.3352386951446533,0.05151503160595894,-0.08995325118303299,0.2874438762664795,0.1677026003599167,0.08825863897800446,3.111997604370117,0.023193951696157455
168,3.6801230907440186,0.3352386951446533,0.05151503160595894,-0.08995325118303299,0.28737181425094604,0.1251770704984665,-0.028795918449759483,3.1182308197021484,0.025995515286922455
169,3.7090768814086914,0.3352386951446533,0.05151503160595894,-0.08995325118303299,0.28507646918296814,0.09036876261234283,-0.025557035580277443,3.1208317279815674,0.02302679233253002
170,3.720839262008667,0.3352386951446533,0.05151503160595894,-0.08995325118303299,0.28033748269081116,0.059908583760261536,-0.001435652025975287,3.1211462020874023,0.01978791132569313
171,3.7481491565704346,0.3352386951446533,0.05151503160595894,-0.08995325118303299,0.2773653268814087,0.03127073124051094,0.027931351214647293,3.1197829246520996,0.018717901781201363
172,3.759157180786133,0.3352386951446533,0.05151503160595894,-0.08995325118303299,0.2775675356388092,0.0033140501473098993,0.04987402632832527,3.1172029972076416,0.019400041550397873
173,3.78763747215271,0.3352386951446533,0.05151503160595894,-0.08995325118303299,0.27994945645332336,-0.023820895701646805,0.07048016041517258,3.1142396926879883,0.021189594641327858
174,3.7990715503692627,0.3352386951446533,0.05151503160595894,-0.08995325118303299,0.284463495016098,-0.0496225506067276,0.09138668328523636,3.110804557800293,0.023912033066153526
175,3.833416223526001,0.3352386951446533,0.05151503160595894,-0.08995325118303299,0.29058197140693665,-0.07490970939397812,0.11352694779634476,3.1062633991241455,0.027709729969501495
176,3.844996452331543,0.3352386951446533,0.05151503160595894,-0.08995325118303299,0.29735541343688965,-0.10182595998048782,0.13861620426177979,3.101269006729126,0.033009856939315796
177,3.8725900650024414,0.3352386951446533,0.05151503160595894,-0.08995325118303299,0.3047140836715698,-0.13180595636367798,0.16068080067634583,3.097879409790039,0.04018550366163254
178,3.883584499359131,0.3352386951446533,0.05151503160595894,-0.08995325118303299,0.3137074112892151,-0.16503991186618805,0.1706218272447586,3.0983080863952637,0.04909316822886467
179,3.9100987911224365,0.3352386951446533,0.05151503160595894,-0.08995325118303299,0.3386372923851013,-0.18512143194675446,-0.0018857171526178718,3.1001791954040527,0.05329027771949768
180,3.92152738571167,0.3352386951446533,0.05151503160595894,-0.08995325118303299,0.3470538854598999,-0.2023426741361618,-0.08789876103401184,3.1036481857299805,0.050219979137182236
181,3.9480011463165283,0.3352386951446533,0.05151503160595894,-0.08995325118303299,0.3495703935623169,-0.21007919311523438,-0.15766921639442444,3.1118481159210205,0.047695454210042953
182,3.9592766761779785,0.3352386951446533,0.05151503160595894,-0.08995325118303299,0.3464195430278778,-0.1969204545021057,-0.20226143300533295,3.120176076889038,0.04608742147684097
183,3.9871718883514404,0.3352386951446533,0.05151503160595894,-0.08995325118303299,0.3263840675354004,-0.15285396575927734,-0.12829384207725525,3.121129274368286,0.04401247948408127
184,3.997603416442871,0.3352386951446533,0.05151503160595894,-0.08995325118303299,0.2972361743450165,-0.10724001377820969,-0.08923514932394028,3.113865852355957,0.04127911105751991
185,4.024442195892334,0.3352386951446533,0.05151503160595894,-0.08995325118303299,0.2776096761226654,-0.07241778075695038,-0.08834479004144669,3.103374481201172,0.038508232682943344
186,4.034647226333618,0.3352386951446533,0.05151503160595894,-0.08995325118303299,0.26709166169166565,-0.04493486508727074,-0.07508577406406403,3.093291997909546,0.036233264952898026
187,4.0624680519104,0.3352386951446533,0.05151503160595894,-0.08995325118303299,0.26222145557403564,-0.021064262837171555,-0.0419822633266449,3.085569143295288,0.03427698463201523
188,4.072787761688232,0.3352386951446533,0.05151503160595894,-0.08995325118303299,0.2611495852470398,0.001193246804177761,-0.016420021653175354,3.0806081295013428,0.0326663963496685
189,4.099663496017456,0.3352386951446533,0.05151503160595894,-0.08995325118303299,0.26329874992370605,0.020793704316020012,0.016921937465667725,3.078197479248047,0.03159638121724129
190,4.110395669937134,0.3352386951446533,0.05151503160595894,-0.08995325118303299,0.26736193895339966,0.039235807955265045,0.034514136612415314,3.078225612640381,0.031134210526943207
191,4.137847423553467,0.3352386951446533,0.05151503160595894,-0.08995325118303299,0.2732894718647003,0.059372104704380035,0.036701686680316925,3.080390691757202,0.030517125502228737
192,4.1485631465911865,0.3352386951446533,0.05151503160595894,-0.08995325118303299,0.2805827856063843,0.08360239863395691,0.04239102825522423,3.08369779586792,0.028581399470567703
193,4.179336309432983,0.3352386951446533,0.05151503160595894,-0.08995325118303299,0.28743451833724976,0.11202690750360489,0.044274017214775085,3.08707594871521,0.02505052648484707
194,4.1929450035095215,0.3352386951446533,0.05151503160595894,-0.08995325118303299,0.29227709770202637,0.14008772373199463,0.04126795381307602,3.090850591659546,0.02115297131240368
195,4.222294569015503,0.3352386951446533,0.05151503160595894,-0.08995325118303299,0.2957670986652374,0.16569635272026062,0.025374487042427063,3.096233367919922,0.018714819103479385
196,4.23307204246521,0.3352386951446533,0.05151503160595894,-0.08995325118303299,0.29979968070983887,0.19448716938495636,-0.014762375503778458,3.1018900871276855,0.018828803673386574
197,4.261514663696289,0.3352386951446533,0.05151503160595894,-0.08995325118303299,0.3036409914493561,0.2267177402973175,-0.07193426787853241,3.1038870811462402,0.022853747010231018
198,4.272181272506714,0.3352386951446533,0.05151503160595894,-0.08995325118303299,0.29448753595352173,0.2440759837627411,0.07631103694438934,3.101722002029419,0.02596353553235531
199,4.300034999847412,0.3352386951446533,0.05151503160595894,-0.08995325118303299,0.2888756990432739,0.22224532067775726,0.058242980390787125,3.1037051677703857,0.024553896859288216
200,4.311072111129761,0.3352386951446533,0.05151503160595894,-0.08995325118303299,0.27828526496887207,0.18627619743347168,0.012381981126964092,3.1074395179748535,0.024917416274547577
201,4.3403308391571045,0.3352386951446533,0.05151503160595894,-0.08995325118303299,0.2702868580818176,0.14745743572711945,-0.10362184792757034,3.1128387451171875,0.022764017805457115
202,4.351888418197632,0.3352386951446533,0.05151503160595894,-0.08995325118303299,0.2601310610771179,0.11489535868167877,-0.10522280633449554,3.1176939010620117,0.017562085762619972
203,4.379008769989014,0.3352386951446533,0.05151503160595894,-0.08995325118303299,0.2508486807346344,0.08724061399698257,-0.10010851174592972,3.121586799621582,0.012489045970141888
204,4.3909382820129395,0.3352386951446533,0.05151503160595894,-0.08995325118303299,0.24448783695697784,0.0617801696062088,-0.10461097955703735,3.124300479888916,0.008564990945160389
205,4.4175333976745605,0.3352386951446533,0.05151503160595894,-0.08995325118303299,0.24104362726211548,0.037617553025484085,-0.09542185813188553,3.125316858291626,0.00580633757635951
206,4.428781509399414,0.3352386951446533,0.05151503160595894,-0.08995325118303299,0.2401634007692337,0.01375801581889391,-0.09044208377599716,3.124717950820923,0.003804272273555398
207,4.456103801727295,0.3352386951446533,0.05151503160595894,-0.08995325118303299,0.24123698472976685,-0.010750748217105865,-0.08341233432292938,3.122792959213257,0.0021076889242976904
208,4.466745853424072,0.3352386951446533,0.05151503160595894,-0.08995325118303299,0.24397079646587372,-0.03526892513036728,-0.07920515537261963,3.1193652153015137,0.0005624220939353108
209,4.494637727737427,0.3352386951446533,0.05151503160595894,-0.08995325118303299,0.2485312968492508,-0.059695422649383545,-0.06976623088121414,3.1142144203186035,-0.00074328004848212
210,4.505398273468018,0.3352386951446533,0.05151503160595894,-0.08995325118303299,0.25412023067474365,-0.08548600971698761,-0.05990375578403473,3.1079158782958984,-0.001414340571500361
211,4.534352540969849,0.3352386951446533,0.05151503160595894,-0.08995325118303299,0.2599789500236511,-0.11442483216524124,-0.0520794540643692,3.102233648300171,-0.0005553755327127874
212,4.546267986297607,0.3352386951446533,0.05151503160595894,-0.08995325118303299,0.26847192645072937,-0.1460735946893692,-0.026171283796429634,3.0988450050354004,0.0023546626325696707
213,4.573621988296509,0.3352386951446533,0.05151503160595894,-0.08995325118303299,0.27867788076400757,-0.17739662528038025,0.002075660042464733,3.099198579788208,0.007435306906700134
214,4.5841193199157715,0.3352386951446533,0.05151503160595894,-0.08995325118303299,0.294828861951828,-0.19789768755435944,-0.09042443335056305,3.1029839515686035,0.01295626163482666
215,4.61276912689209,0.3352386951446533,0.05151503160595894,-0.08995325118303299,0.30049484968185425,-0.20614026486873627,-0.1322784423828125,3.1081483364105225,0.013688430190086365
216,4.623509645462036,0.3352386951446533,0.05151503160595894,-0.08995325118303299,0.29733043909072876,-0.19202899932861328,-0.1767885535955429,3.1142234802246094,0.014599870890378952
217,4.650779485702515,0.3352386951446533,0.05151503160595894,-0.08995325118303299,0.2823566794395447,-0.14349351823329926,-0.10128910839557648,3.1122231483459473,0.015181896276772022
218,4.663068771362305,0.3352386951446533,0.05151503160595894,-0.08995325118303299,0.26006850600242615,-0.09588965028524399,-0.058616846799850464,3.1019022464752197,0.014800776727497578
219,4.698291540145874,0.3352386951446533,0.05151503160595894,-0.08995325118303299,0.24669575691223145,-0.060551658272743225,-0.050706733018159866,3.0902514457702637,0.014141603372991085
220,4.709617376327515,0.3352386951446533,0.05151503160595894,-0.08995325118303299,0.24090690910816193,-0.032297536730766296,-0.04130777716636658,3.0810093879699707,0.014004722237586975
221,4.7364342212677,0.3352386951446533,0.05151503160595894,-0.08995325118303299,0.24014054238796234,-0.0077289678156375885,-0.017581887543201447,3.075181722640991,0.014484177343547344
222,4.74654221534729,0.3352386951446533,0.05151503160595894,-0.08995325118303299,0.2428557574748993,0.014615681022405624,-0.003142501227557659,3.072585344314575,0.015469888225197792
223,4.774306535720825,0.3352386951446533,0.05151503160595894,-0.08995325118303299,0.24816808104515076,0.03622191399335861,-0.0019690082408487797,3.0725460052490234,0.016624046489596367
224,4.785108327865601,0.3352386951446533,0.05151503160595894,-0.08995325118303299,0.25516611337661743,0.058457136154174805,0.0024363212287425995,3.074476718902588,0.017193475738167763
225,4.815021514892578,0.3352386951446533,0.05151503160595894,-0.08995325118303299,0.2628352642059326,0.08525314182043076,-0.0020539723336696625,3.0775251388549805,0.016467144712805748
226,4.8316473960876465,0.3352386951446533,0.05151503160595894,-0.08995325118303299,0.2710047960281372,0.11538945883512497,0.004334042780101299,3.0808205604553223,0.014194479212164879
227,4.868729829788208,0.3352386951446533,0.05151503160595894,-0.08995325118303299,0.27774327993392944,0.14448587596416473,0.022561026737093925,3.084700107574463,0.011324876919388771
228,4.892788648605347,0.3352386951446533,0.05151503160595894,-0.08995325118303299,0.2826772928237915,0.1735718995332718,0.007682920433580875,3.0902647972106934,0.009612628258764744
229,4.925096750259399,0.3352386951446533,0.05151503160595894,-0.08995325118303299,0.2874458432197571,0.2052830308675766,-0.01968712918460369,3.095762252807617,0.010286076925694942
230,4.945232152938843,0.3352386951446533,0.05151503160595894,-0.08995325118303299,0.2409098744392395,0.26938244700431824,0.06170548498630524,3.0966408252716064,0.014602920040488243
231,4.972231864929199,0.3352386951446533,0.05151503160595894,-0.08995325118303299,0.2647511959075928,0.23274710774421692,-0.01173753384500742,3.0926709175109863,0.01814054697751999
232,4.982306718826294,0.3352386951446533,0.05151503160595894,-0.08995325118303299,0.27443957328796387,0.19892257452011108,0.02752494253218174,3.0923914909362793,0.024768583476543427
233,5.0114665031433105,0.3352386951446533,0.05151503160595894,-0.08995325118303299,0.2808617651462555,0.15757149457931519,-0.004442611709237099,3.0974199771881104,0.026849888265132904
234,5.022722005844116,0.3352386951446533,0.05151503160595894,-0.08995325118303299,0.28095096349716187,0.11892617493867874,-0.07372346520423889,3.105436086654663,0.023296764120459557
235,5.058767795562744,0.3352386951446533,0.05151503160595894,-0.08995325118303299,0.2769715189933777,0.09071628749370575,-0.08446873724460602,3.1114518642425537,0.016498195007443428
236,5.072707414627075,0.3352386951446533,0.05151503160595894,-0.08995325118303299,0.2740458846092224,0.0654992163181305,-0.08652795106172562,3.114910364151001,0.01041656918823719
237,5.099465847015381,0.3352386951446533,0.05151503160595894,-0.08995325118303299,0.2747267782688141,0.039874590933322906,-0.08057216554880142,3.1165831089019775,0.00586047163233161
238,5.110743761062622,0.3352386951446533,0.05151503160595894,-0.08995325118303299,0.27874767780303955,0.01370335090905428,-0.07035234570503235,3.1169557571411133,0.0023110692854970694
239,5.137095928192139,0.3352386951446533,0.05151503160595894,-0.08995325118303299,0.28503352403640747,-0.012350056320428848,-0.07030754536390305,3.1163015365600586,-0.0006556528387591243
240,5.1477789878845215,0.3352386951446533,0.05151503160595894,-0.08995325118303299,0.293438196182251,-0.037047889083623886,-0.06671600043773651,3.114224910736084,-0.0030276018660515547
241,5.175374269485474,0.3352386951446533,0.05151503160595894,-0.08995325118303299,0.30371609330177307,-0.06002258136868477,-0.060396552085876465,3.1098413467407227,-0.0045415484346449375
242,5.185763359069824,0.3352386951446533,0.05151503160595894,-0.08995325118303299,0.31616103649139404,-0.08215955644845963,-0.047730617225170135,3.103116512298584,-0.004950877744704485
243,5.21431827545166,0.3352386951446533,0.05151503160595894,-0.08995325118303299,0.32979580760002136,-0.10567199438810349,-0.025203561410307884,3.0957186222076416,-0.003911144100129604
244,5.225375413894653,0.3352386951446533,0.05151503160595894,-0.08995325118303299,0.34500864148139954,-0.13177219033241272,-0.008129018358886242,3.0905086994171143,-0.001379920169711113
245,5.25294828414917,0.3352386951446533,0.05151503160595894,-0.08995325118303299,0.35988426208496094,-0.16126613318920135,0.04774673283100128,3.090338945388794,0.0030794518534094095
246,5.266638994216919,0.3352386951446533,0.05151503160595894,-0.08995325118303299,0.38029271364212036,-0.1777505874633789,-0.14946678280830383,3.093971014022827,0.0038525250274688005
247,5.298814058303833,0.3352386951446533,0.05151503160595894,-0.08995325118303299,0.3754192590713501,-0.190437912940979,-0.17115561664104462,3.1017096042633057,0.002434242283925414
248,5.313337326049805,0.3352386951446533,0.05151503160595894,-0.08995325118303299,0.3686271905899048,-0.18646420538425446,-0.2102784365415573,3.1128177642822266,0.0050827572122216225
249,5.347749948501587,0.3352386951446533,0.05151503160595894,-0.08995325118303299,0.3532315492630005,-0.14998488128185272,-0.1738748550415039,3.1173689365386963,0.00857988465577364
250,5.360649824142456,0.3352386951446533,0.05151503160595894,-0.08995325118303299,0.32285749912261963,-0.10211863368749619,-0.07672905921936035,3.110374689102173,0.011172269470989704
251,5.388055324554443,0.3352386951446533,0.05151503160595894,-0.08995325118303299,0.29643669724464417,-0.06638540327548981,-0.06603056192398071,3.0978586673736572,0.013221406377851963
252,5.400066137313843,0.3352386951446533,0.05151503160595894,-0.08995325118303299,0.27988335490226746,-0.038663312792778015,-0.059235356748104095,3.0851924419403076,0.015098454430699348
253,5.427461624145508,0.3352386951446533,0.05151503160595894,-0.08995325118303299,0.2712891697883606,-0.015290428884327412,-0.03538210690021515,3.075045108795166,0.016031594946980476
254,5.438808917999268,0.3352386951446533,0.05151503160595894,-0.08995325118303299,0.26698872447013855,0.006179219111800194,0.0024150414392352104,3.068138599395752,0.01591409184038639
255,5.467368125915527,0.3352386951446533,0.05151503160595894,-0.08995325118303299,0.26664847135543823,0.025524679571390152,0.05215456709265709,3.0639026165008545,0.01567556895315647
256,5.480873346328735,0.3352386951446533,0.05151503160595894,-0.08995325118303299,0.2705327570438385,0.04167963191866875,0.10011465102434158,3.061840057373047,0.016295645385980606
257,5.508649110794067,0.3352386951446533,0.05151503160595894,-0.08995325118303299,0.2769002914428711,0.05531200394034386,0.14598214626312256,3.0620851516723633,0.01794629544019699
258,5.519508361816406,0.3352386951446533,0.05151503160595894,-0.08995325118303299,0.28419047594070435,0.06890081614255905,0.18237338960170746,3.064887046813965,0.01981358602643013
259,5.547137975692749,0.3352386951446533,0.05151503160595894,-0.08995325118303299,0.2919215261936188,0.08775997161865234,0.18668946623802185,3.069302558898926,0.02059296704828739
260,5.558255195617676,0.3352386951446533,0.05151503160595894,-0.08995325118303299,0.29909956455230713,0.1118069514632225,0.17395798861980438,3.0738656520843506,0.01959880441427231
261,5.585933446884155,0.3352386951446533,0.05151503160595894,-0.08995325118303299,0.3043138384819031,0.13687685132026672,0.15195147693157196,3.078585386276245,0.017696792259812355
262,5.600127935409546,0.3352386951446533,0.05151503160595894,-0.08995325118303299,0.3081803619861603,0.16081120073795319,0.11422543972730637,3.084784984588623,0.01652604714035988
263,5.6283392906188965,0.3352386951446533,0.05151503160595894,-0.08995325118303299,0.31438183784484863,0.18764285743236542,0.04324297606945038,3.091888904571533,0.016636474058032036
264,5.639992952346802,0.3352386951446533,0.05151503160595894,-0.08995325118303299,0.3219780921936035,0.21882998943328857,-0.04749497026205063,3.095949411392212,0.01880241371691227
265,5.666842937469482,0.3352386951446533,0.05151503160595894,-0.08995325118303299,0.3015193045139313,0.25760260224342346,0.10134978592395782,3.092646598815918,0.022323304787278175
266,5.677218198776245,0.3352386951446533,0.05151503160595894,-0.08995325118303299,0.2996123135089874,0.2306170016527176,0.06261090934276581,3.091273784637451,0.022829530760645866
267,5.704421281814575,0.3352386951446533,0.05151503160595894,-0.08995325118303299,0.2936175763607025,0.19028620421886444,0.03868649899959564,3.0929410457611084,0.02998458407819271
268,5.7151572704315186,0.3352386951446533,0.05151503160595894,-0.08995325118303299,0.2939692735671997,0.14909809827804565,-0.06573133915662766,3.099858522415161,0.031207235530018806
269,5.741881370544434,0.3352386951446533,0.05151503160595894,-0.08995325118303299,0.28849852085113525,0.11780905723571777,-0.07888464629650116,3.1076231002807617,0.025654921308159828
270,5.752735614776611,0.3352386951446533,0.05151503160595894,-0.08995325118303299,0.28095918893814087,0.09331948310136795,-0.0792081356048584,3.113542079925537,0.01927790977060795
271,5.780303955078125,0.3352386951446533,0.05151503160595894,-0.08995325118303299,0.27567392587661743,0.0697525143623352,-0.07172353565692902,3.1166534423828125,0.014745988883078098
272,5.79072117805481,0.3352386951446533,0.05151503160595894,-0.08995325118303299,0.2738531231880188,0.0448741614818573,-0.05826054885983467,3.117213249206543,0.012045186944305897
273,5.818583965301514,0.3352386951446533,0.05151503160595894,-0.08995325118303299,0.275216668844223,0.018877776339650154,-0.05178757384419441,3.116281032562256,0.010210486128926277
274,5.82982873916626,0.3352386951446533,0.05151503160595894,-0.08995325118303299,0.2787184417247772,-0.0073892418295145035,-0.03839922696352005,3.1142687797546387,0.00876881368458271
275,5.857060194015503,0.3352386951446533,0.05151503160595894,-0.08995325118303299,0.28418436646461487,-0.03261081129312515,-0.026164861395955086,3.1106841564178467,0.007714505773037672
276,5.869117498397827,0.3352386951446533,0.05151503160595894,-0.08995325118303299,0.29122480750083923,-0.057324741035699844,-0.02324099838733673,3.1052818298339844,0.007316156756132841
277,5.895938873291016,0.3352386951446533,0.05151503160595894,-0.08995325118303299,0.29955121874809265,-0.08404126763343811,-0.005288885906338692,3.0990161895751953,0.008289444260299206
278,5.906703233718872,0.3352386951446533,0.05151503160595894,-0.08995325118303299,0.3098684847354889,-0.11383923888206482,0.012681085616350174,3.094120740890503,0.01115498784929514
279,5.934211730957031,0.3352386951446533,0.05151503160595894,-0.08995325118303299,0.322587251663208,-0.14537496864795685,0.033428970724344254,3.0930609703063965,0.016115698963403702
280,5.944434404373169,0.3352386951446533,0.05151503160595894,-0.08995325118303299,0.33810436725616455,-0.17412014305591583,-1.2260861694812775e-05,3.0974321365356445,0.023297015577554703
281,5.971873760223389,0.3352386951446533,0.05151503160595894,-0.08995325118303299,0.35115480422973633,-0.18879547715187073,-0.10794496536254883,3.104851484298706,0.025286417454481125
282,5.9829020500183105,0.3352386951446533,0.05151503160595894,-0.08995325118303299,0.34795522689819336,-0.18770502507686615,-0.1930595189332962,3.1145753860473633,0.025719458237290382
283,6.010172128677368,0.3352386951446533,0.05151503160595894,-0.08995325118303299,0.3311559855937958,-0.14892028272151947,-0.17505323886871338,3.1181509494781494,0.026921037584543228
284,6.0212483406066895,0.3352386951446533,0.05151503160595894,-0.08995325118303299,0.3014198839664459,-0.09802217036485672,-0.07347424328327179,3.109940767288208,0.02762232907116413
285,6.049134731292725,0.3352386951446533,0.05151503160595894,-0.08995325118303299,0.27759143710136414,-0.06023687496781349,-0.058450568467378616,3.0968146324157715,0.027589283883571625
286,6.059457778930664,0.3352386951446533,0.05151503160595894,-0.08995325118303299,0.2631707787513733,-0.030666081234812737,-0.0463305301964283,3.084594249725342,0.02747170813381672
287,6.087042331695557,0.3352386951446533,0.05151503160595894,-0.08995325118303299,0.25513529777526855,-0.004959885962307453,-0.01852942816913128,3.0754778385162354,0.02715294435620308
288,6.098012208938599,0.3352386951446533,0.05151503160595894,-0.08995325118303299,0.25157129764556885,0.0183491762727499,0.01271399948745966,3.069709539413452,0.026754824444651604
289,6.123799562454224,0.3352386951446533,0.05151503160595894,-0.08995325118303299,0.2522687017917633,0.03894088789820671,0.03782227635383606,3.066850423812866,0.026671750470995903
290,6.135338068008423,0.3352386951446533,0.05151503160595894,-0.08995325118303299,0.2558657228946686,0.056667670607566833,0.07097570598125458,3.0666732788085938,0.02700752764940262
291,6.162646055221558,0.3352386951446533,0.05151503160595894,-0.08995325118303299,0.2604050040245056,0.0754212737083435,0.08139006793498993,3.0688316822052,0.027349883690476418
292,6.181058406829834,0.3352386951446533,0.05151503160595894,-0.08995325118303299,0.2253350466489792,0.1224331259727478,0.501105546951294,3.0712311267852783,0.022583909332752228
293,6.208189010620117,0.3352386951446533,0.05151503160595894,-0.08995325118303299,0.22968940436840057,0.16670472919940948,0.8125119805335999,3.074000358581543,0.009377868846058846
294,6.219286680221558,0.3352386951446533,0.05151503160595894,-0.08995325118303299,0.24312269687652588,0.20114220678806305,1.1195180416107178,3.075129985809326,0.0044505903497338295
295,6.24711012840271,0.3352386951446533,0.05151503160595894,-0.08995325118303299,0.2587684392929077,0.21237969398498535,1.3892632722854614,3.0850703716278076,0.008529867976903915
296,6.258198499679565,0.3352386951446533,0.05151503160595894,-0.08995325118303299,0.2611318826675415,0.2389940321445465,1.4815990924835205,3.099886178970337,0.01889326609671116
297,6.286859750747681,0.3352386951446533,0.05151503160595894,-0.08995325118303299,0.25649797916412354,0.24587701261043549,1.3667306900024414,3.1189539432525635,0.034442417323589325
298,6.299694061279297,0.3352386951446533,0.05151503160595894,-0.08995325118303299,0.2267000675201416,0.2855793833732605,0.8182095289230347,3.1388282775878906,0.04829096421599388
299,6.326035976409912,0.3352386951446533,0.05151503160595894,-0.08995325118303299,0.2833118140697479,0.2507593035697937,0.1290009319782257,-3.1390528678894043,0.04034563899040222
300,6.337413311004639,0.3352386951446533,0.05151503160595894,-0.08995325118303299,0.26444101333618164,0.22668705880641937,-0.29608362913131714,-3.1390955448150635,0.033313311636447906
301,6.366224765777588,0.3352386951446533,0.05151503160595894,-0.08995325118303299,0.23175235092639923,0.19285304844379425,-0.2013675719499588,-3.139432907104492,0.03602006286382675
302,6.378622055053711,0.3352386951446533,0.05151503160595894,-0.08995325118303299,0.20872199535369873,0.15225183963775635,-0.14019042253494263,-3.1377310752868652,0.040098682045936584
303,6.405597686767578,0.3352386951446533,0.05151503160595894,-0.08995325118303299,0.18095429241657257,0.10478916764259338,-0.14196772873401642,-3.133983612060547,0.04231511056423187
304,6.416388750076294,0.3352386951446533,0.05151503160595894,-0.08995325118303299,0.14825497567653656,0.05866831913590431,-0.23104828596115112,-3.12561297416687,0.04362230747938156
305,6.443156957626343,0.3352386951446533,0.05151503160595894,-0.08995325118303299,0.11347927898168564,0.010540382005274296,-0.38578706979751587,-3.112074375152588,0.047528982162475586
306,6.453737497329712,0.3352386951446533,0.05151503160595894,-0.08995325118303299,0.09264878183603287,-0.031192045658826828,-0.6084569096565247,-3.095738410949707,0.05264901742339134
307,6.480633735656738,0.3352386951446533,0.05151503160595894,-0.08995325118303299,0.08378200232982635,-0.06366340816020966,-0.8198522925376892,-3.080393075942993,0.05505109578371048
308,6.49140477180481,0.3352386951446533,0.05151503160595894,-0.08995325118303299,0.06950552761554718,-0.09464919567108154,-0.8867600560188293,-3.0692412853240967,0.05608965829014778
309,6.518946409225464,0.3352386951446533,0.05151503160595894,-0.08995325118303299,0.052896615117788315,-0.12750717997550964,-0.8069983720779419,-3.063129425048828,0.059332750737667084
310,6.529208421707153,0.3352386951446533,0.05151503160595894,-0.08995325118303299,0.04134824499487877,-0.16149364411830902,-0.665107250213623,-3.060546636581421,0.06403571367263794
311,6.556636095046997,0.3352386951446533,0.05151503160595894,-0.08995325118303299,0.02618057280778885,-0.1962706297636032,-0.6273834109306335,-3.0582826137542725,0.06665956974029541
312,6.567499876022339,0.3352386951446533,0.05151503160595894,-0.08995325118303299,0.023889444768428802,-0.18836838006973267,-0.262114942073822,-3.057448148727417,0.07004450261592865
313,6.593688488006592,0.3352386951446533,0.05151503160595894,-0.08995325118303299,0.03135265037417412,-0.16951000690460205,-0.025871312245726585,-3.058387279510498,0.07407642155885696
314,6.605947732925415,0.3352386951446533,0.05151503160595894,-0.08995325118303299,0.04408985748887062,-0.14948011934757233,0.05067965388298035,-3.0600948333740234,0.07562127709388733
315,6.635019779205322,0.3352386951446533,0.05151503160595894,-0.08995325118303299,0.05151001363992691,-0.1288752555847168,0.10272935777902603,-3.063342809677124,0.07320170104503632
316,6.646090269088745,0.3352386951446533,0.05151503160595894,-0.08995325118303299,0.049516528844833374,-0.10424277931451797,0.11942160874605179,-3.0672430992126465,0.0695347785949707
317,6.673649311065674,0.3352386951446533,0.05151503160595894,-0.08995325118303299,0.030551403760910034,-0.07309379428625107,0.01314669568091631,-3.0734992027282715,0.06903998553752899
318,6.68428635597229,0.3352386951446533,0.05151503160595894,-0.08995325118303299,0.018534626811742783,-0.04746502637863159,-0.05586668848991394,-3.0832536220550537,0.071571484208107
319,6.7110395431518555,0.3352386951446533,0.05151503160595894,-0.08995325118303299,0.014429377391934395,-0.026157382875680923,-0.07814450562000275,-3.0946991443634033,0.07540860027074814
320,6.72154688835144,0.3352386951446533,0.05151503160595894,-0.08995325118303299,0.014590702950954437,-0.0041361358016729355,-0.08964589238166809,-3.105384588241577,0.07941005378961563
321,6.75029444694519,0.3352386951446533,0.05151503160595894,-0.08995325118303299,0.01597444899380207,0.018409252166748047,-0.09141844511032104,-3.114039421081543,0.08341829478740692
322,6.760628700256348,0.3352386951446533,0.05151503160595894,-0.08995325118303299,0.018362879753112793,0.04001353308558464,-0.1122078001499176,-3.1198649406433105,0.08771569281816483
323,6.788256645202637,0.3352386951446533,0.05151503160595894,-0.08995325118303299,0.022510213777422905,0.061385903507471085,-0.1359068751335144,-3.1227288246154785,0.09244249016046524
324,6.799207448959351,0.3352386951446533,0.05151503160595894,-0.08995325118303299,0.03009498119354248,0.08381207287311554,-0.14766763150691986,-3.1234500408172607,0.09740771353244781
325,6.827405691146851,0.3352386951446533,0.05151503160595894,-0.08995325118303299,0.0411132387816906,0.10820596665143967,-0.1434858739376068,-3.12343168258667,0.10206744819879532
326,6.839050769805908,0.3352386951446533,0.05151503160595894,-0.08995325118303299,0.0533548966050148,0.1342490315437317,-0.13855382800102234,-3.123781681060791,0.10567892342805862
327,6.866171360015869,0.3352386951446533,0.05151503160595894,-0.08995325118303299,0.06505618989467621,0.1611970067024231,-0.14787891507148743,-3.124479055404663,0.10745678842067719
328,6.878082752227783,0.3352386951446533,0.05151503160595894,-0.08995325118303299,0.0724935531616211,0.1901380568742752,-0.14438633620738983,-3.1251657009124756,0.10774410516023636
329,6.905378341674805,0.3352386951446533,0.05151503160595894,-0.08995325118303299,0.08034418523311615,0.22412718832492828,-0.12344915419816971,-3.126643657684326,0.10700081288814545
330,6.916094064712524,0.3352386951446533,0.05151503160595894,-0.08995325118303299,0.03951588645577431,0.2806065082550049,0.15400607883930206,-3.1306018829345703,0.10575134307146072
331,6.942604303359985,0.3352386951446533,0.05151503160595894,-0.08995325118303299,0.10457636415958405,0.257104754447937,0.06025718152523041,-3.133957862854004,0.10201095044612885
332,6.954185485839844,0.3352386951446533,0.05151503160595894,-0.08995325118303299,0.15103086829185486,0.23483048379421234,0.0022174883633852005,-3.1321065425872803,0.0981193408370018
333,6.981055021286011,0.3352386951446533,0.05151503160595894,-0.08995325118303299,0.18262378871440887,0.2017265260219574,0.015126071870326996,-3.1264431476593018,0.08765192329883575
334,6.991560459136963,0.3352386951446533,0.05151503160595894,-0.08995325118303299,0.1946074664592743,0.16488918662071228,0.004164192825555801,-3.118868589401245,0.0732887014746666
335,7.018207550048828,0.3352386951446533,0.05151503160595894,-0.08995325118303299,0.19776667654514313,0.1356692612171173,0.013732090592384338,-3.1143107414245605,0.05932337045669556
336,7.028823137283325,0.3352386951446533,0.05151503160595894,-0.08995325118303299,0.20439806580543518,0.10674511641263962,0.007492450997233391,-3.1136443614959717,0.04924265295267105
337,7.055482387542725,0.3352386951446533,0.05151503160595894,-0.08995325118303299,0.21893000602722168,0.07355904579162598,-0.02294950932264328,-3.1142919063568115,0.04286259412765503
338,7.065945863723755,0.3352386951446533,0.05151503160595894,-0.08995325118303299,0.24005833268165588,0.041172608733177185,-0.03134928271174431,-3.1150553226470947,0.03827257826924324
339,7.097325563430786,0.3352386951446533,0.05151503160595894,-0.08995325118303299,0.26333558559417725,0.01253669336438179,-0.03905659168958664,-3.1165153980255127,0.03405238687992096
340,7.110487937927246,0.3352386951446533,0.05151503160595894,-0.08995325118303299,0.28732776641845703,-0.011220667511224747,-0.021469995379447937,-3.1205742359161377,0.03016219474375248
341,7.137552499771118,0.3352386951446533,0.05151503160595894,-0.08995325118303299,0.31266871094703674,-0.03179829567670822,0.0003240733058191836,-3.128389358520508,0.026768717914819717
342,7.148837566375732,0.3352386951446533,0.05151503160595894,-0.08995325118303299,0.3402882218360901,-0.05281677469611168,0.014708774164319038,-3.1384849548339844,0.02392670139670372
343,7.1758506298065186,0.3352386951446533,0.05151503160595894,-0.08995325118303299,0.36965352296829224,-0.07718633860349655,0.014955010265111923,3.135185956954956,0.021432161331176758
344,7.187086343765259,0.3352386951446533,0.05151503160595894,-0.08995325118303299,0.3990204930305481,-0.1039658933877945,-0.00467927660793066,3.128741979598999,0.01899932324886322
345,7.214606523513794,0.3352386951446533,0.05151503160595894,-0.08995325118303299,0.4258480966091156,-0.13145582377910614,-0.047987282276153564,3.127190351486206,0.01750556007027626
346,7.224766492843628,0.3352386951446533,0.05151503160595894,-0.08995325118303299,0.4440554082393646,-0.15681405365467072,-0.1200728490948677,3.1329336166381836,0.020832929760217667
347,7.2525458335876465,0.3352386951446533,0.05151503160595894,-0.08995325118303299,0.4557560980319977,-0.16715756058692932,-0.2742938995361328,-3.1404125690460205,0.022626647725701332
348,7.263478994369507,0.3352386951446533,0.05151503160595894,-0.08995325118303299,0.43844375014305115,-0.14300678670406342,-0.2614719867706299,-3.133789539337158,0.025376182049512863
349,7.2945544719696045,0.3352386951446533,0.05151503160595894,-0.08995325118303299,0.3982669413089752,-0.09436976164579391,-0.11017249524593353,-3.138904333114624,0.030469698831439018
350,7.3053672313690186,0.3352386951446533,0.05151503160595894,-0.08995325118303299,0.3620416522026062,-0.05761869624257088,-0.08940788358449936,3.130263566970825,0.035627055913209915
351,7.331957817077637,0.3352386951446533,0.05151503160595894,-0.08995325118303299,0.3379131853580475,-0.03189101442694664,-0.10258295387029648,3.113867998123169,0.039831455796957016
352,7.342756986618042,0.3352386951446533,0.05151503160595894,-0.08995325118303299,0.3248238265514374,-0.012171066366136074,-0.09586171805858612,3.098928689956665,0.042233653366565704
353,7.3701276779174805,0.3352386951446533,0.05151503160595894,-0.08995325118303299,0.31988397240638733,0.004159636329859495,-0.06445938348770142,3.087459087371826,0.04160675033926964
354,7.38189697265625,0.3352386951446533,0.05151503160595894,-0.08995325118303299,0.3186497092247009,0.018889358267188072,-0.020739760249853134,3.079921245574951,0.0383615605533123
355,7.40880012512207,0.3352386951446533,0.05151503160595894,-0.08995325118303299,0.3208428919315338,0.03171295300126076,0.02587011456489563,3.075709581375122,0.03449058532714844
356,7.4200968742370605,0.3352386951446533,0.05151503160595894,-0.08995325118303299,0.3275701403617859,0.041305817663669586,0.0860891193151474,3.0740158557891846,0.03187907114624977
357,7.447012186050415,0.3352386951446533,0.05151503160595894,-0.08995325118303299,0.33619818091392517,0.047468412667512894,0.160941481590271,3.074571132659912,0.03140363469719887
358,7.4578211307525635,0.3352386951446533,0.05151503160595894,-0.08995325118303299,0.3452157974243164,0.0526566244661808,0.23324473202228546,3.0776207447052,0.032310690730810165
359,7.485591650009155,0.3352386951446533,0.05151503160595894,-0.08995325118303299,0.3539806008338928,0.062435321509838104,0.2701215147972107,3.082646369934082,0.03295555338263512
360,7.4967851638793945,0.3352386951446533,0.05151503160595894,-0.08995325118303299,0.36314183473587036,0.0801801010966301,0.25715556740760803,3.088221311569214,0.03191613778471947
361,7.524819850921631,0.3352386951446533,0.05151503160595894,-0.08995325118303299,0.372246116399765,0.10299718379974365,0.21414487063884735,3.093549966812134,0.028920909389853477
362,7.536069869995117,0.3352386951446533,0.05151503160595894,-0.08995325118303299,0.3325369358062744,0.16001081466674805,0.7755900025367737,3.098785161972046,0.022884314879775047
363,7.562645435333252,0.3352386951446533,0.05151503160595894,-0.08995325118303299,0.3503456711769104,0.17820098996162415,0.9228554964065552,3.111729621887207,0.010452055372297764
364,7.573685169219971,0.3352386951446533,0.05151503160595894,-0.08995325118303299,0.3719058334827423,0.21393145620822906,1.0805342197418213,3.128922700881958,0.004298187792301178
365,7.601904392242432,0.3352386951446533,0.05151503160595894,-0.08995325118303299,0.40223976969718933,0.2323959916830063,1.199644684791565,-3.137160301208496,0.0006693673203699291
366,7.613307952880859,0.3352386951446533,0.05151503160595894,-0.08995325118303299,0.38821208477020264,0.24060402810573578,1.1703428030014038,-3.1197025775909424,-0.00209821667522192
367,7.6396613121032715,0.3352386951446533,0.05151503160595894,-0.08995325118303299,0.3871724009513855,0.2041548639535904,0.5703054666519165,-3.114701747894287,-0.009224706329405308
368,7.6526641845703125,0.3352386951446533,0.05151503160595894,-0.08995325118303299,0.3442639708518982,0.15376050770282745,0.08600985258817673,-3.120079755783081,-0.013116789050400257
369,7.680744886398315,0.3352386951446533,0.05151503160595894,-0.08995325118303299,0.28750279545783997,0.10323549807071686,-0.0010798005387187004,-3.12727952003479,-0.0069921282120049
370,7.693114757537842,0.3352386951446533,0.05151503160595894,-0.08995325118303299,0.2547013461589813,0.07050161063671112,0.05352756753563881,-3.129795551300049,0.001766629284247756
371,7.721221685409546,0.3352386951446533,0.05151503160595894,-0.08995325118303299,0.2356322556734085,0.05034373700618744,0.07399501651525497,-3.1269326210021973,0.009834179654717445
372,7.732290267944336,0.3352386951446533,0.05151503160595894,-0.08995325118303299,0.22190573811531067,0.03543341904878616,0.07911399751901627,-3.1242024898529053,0.018854107707738876
373,7.758914947509766,0.3352386951446533,0.05151503160595894,-0.08995325118303299,0.2081584632396698,0.019860882312059402,0.09711328148841858,-3.125112295150757,0.029974065721035004
374,7.7698187828063965,0.3352386951446533,0.05151503160595894,-0.08995325118303299,0.19269004464149475,0.0005312631838023663,0.14057199656963348,-3.1293258666992188,0.04262557625770569
375,7.798151969909668,0.3352386951446533,0.05151503160595894,-0.08995325118303299,0.17664189636707306,-0.02178896963596344,0.21732431650161743,-3.135270833969116,0.056076060980558395
376,7.810122728347778,0.3352386951446533,0.05151503160595894,-0.08995325118303299,0.16119331121444702,-0.04686317592859268,0.3079388737678528,3.141394853591919,0.07001673430204391
377,7.839376926422119,0.3352386951446533,0.05151503160595894,-0.08995325118303299,0.1474129855632782,-0.07573643326759338,0.39021754264831543,3.135437250137329,0.08370321989059448
378,7.85220742225647,0.3352386951446533,0.05151503160595894,-0.08995325118303299,0.1367024928331375,-0.1033056378364563,0.3128770887851715,3.130977153778076,0.0956871435046196
379,7.883009433746338,0.3352386951446533,0.05151503160595894,-0.08995325118303299,0.13927499949932098,-0.12111630290746689,0.10621228814125061,3.124868631362915,0.10029758512973785
380,7.898319482803345,0.07314837723970413,-0.18558362126350403,-0.34149685502052307,0.13280828297138214,-0.14318865537643433,-0.01972096599638462,3.1198904514312744,0.10312579572200775
381,7.925617694854736,0.07314837723970413,-0.18558362126350403,-0.34149685502052307,0.1334841102361679,-0.19341136515140533,-0.22142668068408966,3.116973876953125,0.10348297655582428
382,7.936676502227783,0.07314837723970413,-0.18558362126350403,-0.34149685502052307,0.12601338326931,-0.24351812899112701,-0.3030361235141754,3.1183910369873047,0.10165949910879135
383,7.966325044631958,0.07314837723970413,-0.18558362126350403,-0.34149685502052307,0.12281081080436707,-0.27295973896980286,-0.3404780924320221,3.1250429153442383,0.09893538802862167
384,7.977226495742798,0.07314837723970413,-0.18558362126350403,-0.34149685502052307,0.11950311064720154,-0.2861839234828949,-0.3541133403778076,3.1325807571411133,0.091324582695961
385,8.005058288574219,0.07314837723970413,-0.18558362126350403,-0.34149685502052307,0.1025165542960167,-0.2802893817424774,-0.30074426531791687,3.1379621028900146,0.08024734258651733
386,8.0160071849823,0.07314837723970413,-0.18558362126350403,-0.34149685502052307,0.07142035663127899,-0.24999995529651642,-0.2879476249217987,3.1365368366241455,0.07138469070196152
387,8.042276859283447,0.07314837723970413,-0.18558362126350403,-0.34149685502052307,0.044126737862825394,-0.21672458946704865,-0.3051966726779938,3.129464626312256,0.06526196748018265
388,8.057019233703613,0.07314837723970413,-0.18558362126350403,-0.34149685502052307,0.03046858310699463,-0.1911979466676712,-0.2985973358154297,3.1219849586486816,0.06020776927471161
389,8.089043378829956,0.07314837723970413,-0.18558362126350403,-0.34149685502052307,0.020502466708421707,-0.17059855163097382,-0.299594521522522,3.116729497909546,0.057074010372161865
390,8.100794076919556,0.07314837723970413,-0.18558362126350403,-0.34149685502052307,0.010563259944319725,-0.15036490559577942,-0.32460737228393555,3.113882541656494,0.05663960427045822
391,8.12775707244873,0.07314837723970413,-0.18558362126350403,-0.34149685502052307,0.0007928614504635334,-0.12826362252235413,-0.37111589312553406,3.1126632690429688,0.05845680460333824
392,8.138662815093994,0.07314837723970413,-0.18558362126350403,-0.34149685502052307,-0.008945402689278126,-0.1046370267868042,-0.443722128868103,3.112863540649414,0.062155816704034805
393,8.166780948638916,0.07314837723970413,-0.18558362126350403,-0.34149685502052307,-0.017312876880168915,-0.07622361183166504,-0.5135568380355835,3.1137351989746094,0.06735619902610779
394,8.179070234298706,0.07314837723970413,-0.18558362126350403,-0.34149685502052307,-0.026076383888721466,-0.041651077568531036,-0.5493066310882568,3.1136858463287354,0.07337602972984314
395,8.20786166191101,0.07314837723970413,-0.18558362126350403,-0.34149685502052307,-0.03623943030834198,-0.003816555719822645,-0.5396109819412231,3.1114211082458496,0.07962632924318314
396,8.220345258712769,0.07314837723970413,-0.18558362126350403,-0.34149685502052307,-0.04438847675919533,0.03364196792244911,-0.4842306077480316,3.1064507961273193,0.08535981923341751
397,8.246479511260986,0.07314837723970413,-0.18558362126350403,-0.34149685502052307,-0.06349015235900879,0.06946928054094315,-0.25381171703338623,3.099003791809082,0.08746371418237686
398,8.25795316696167,0.07314837723970413,-0.18558362126350403,-0.34149685502052307,-0.06043916568160057,0.06672810018062592,-0.2243185043334961,3.096097946166992,0.08220275491476059
399,8.285698175430298,0.07314837723970413,-0.18558362126350403,-0.34149685502052307,-0.03600270301103592,0.04221394658088684,-0.36830607056617737,3.0926239490509033,0.07283419370651245
400,8.29619550704956,0.07314837723970413,-0.18558362126350403,-0.34149685502052307,-0.021022610366344452,0.003238158766180277,-0.3625246286392212,3.088878870010376,0.054155394434928894
401,8.323017835617065,0.07314837723970413,-0.18558362126350403,-0.34149685502052307,-0.02793917804956436,-0.04031508415937424,-0.2764073610305786,3.0892059803009033,0.035346463322639465
402,8.334779500961304,0.07314837723970413,-0.18558362126350403,-0.34149685502052307,-0.04046352580189705,-0.0718633159995079,-0.25585612654685974,3.0926096439361572,0.02424655109643936
403,8.362246751785278,0.07314837723970413,-0.18558362126350403,-0.34149685502052307,-0.04894806444644928,-0.09816396981477737,-0.2891751825809479,3.0967626571655273,0.0210194643586874
404,8.373554706573486,0.07314837723970413,-0.18558362126350403,-0.34149685502052307,-0.051642488688230515,-0.12652042508125305,-0.3144017159938812,3.1003122329711914,0.022387973964214325
405,8.400955200195312,0.07314837723970413,-0.18558362126350403,-0.34149685502052307,-0.050408605486154556,-0.1581687331199646,-0.31375861167907715,3.1026835441589355,0.02526080794632435
406,8.414597749710083,0.07314837723970413,-0.18558362126350403,-0.34149685502052307,-0.047511715441942215,-0.1897449791431427,-0.2920222580432892,3.103551149368286,0.027994422242045403
407,8.445090532302856,0.07314837723970413,-0.18558362126350403,-0.34149685502052307,-0.043556008487939835,-0.2185584455728531,-0.2824060618877411,3.102902412414551,0.029567720368504524
408,8.457700252532959,0.07314837723970413,-0.18558362126350403,-0.34149685502052307,-0.039956070482730865,-0.24594825506210327,-0.2812331020832062,3.100752115249634,0.029475700110197067
409,8.485036849975586,0.07314837723970413,-0.18558362126350403,-0.34149685502052307,-0.03941918909549713,-0.27305757999420166,-0.29048582911491394,3.097287178039551,0.028421757742762566
410,8.497658729553223,0.07314837723970413,-0.18558362126350403,-0.34149685502052307,-0.039743341505527496,-0.30015984177589417,-0.3064042031764984,3.093830108642578,0.027272172272205353
411,8.524200201034546,0.07314837723970413,-0.18558362126350403,-0.34149685502052307,-0.04166816547513008,-0.3294431269168854,-0.3380308449268341,3.0934290885925293,0.027078980579972267
412,8.535075902938843,0.07314837723970413,-0.18558362126350403,-0.34149685502052307,-0.030058372765779495,-0.35023391246795654,-0.403920978307724,3.0958542823791504,0.024951573461294174
413,8.563385248184204,0.07314837723970413,-0.18558362126350403,-0.34149685502052307,-0.04147958755493164,-0.3791349530220032,-0.49060237407684326,3.1018474102020264,0.024711407721042633
414,8.573732137680054,0.07314837723970413,-0.18558362126350403,-0.34149685502052307,-0.05626871436834335,-0.428998202085495,-0.7819401621818542,3.120286703109741,0.0312967412173748
415,8.599851608276367,0.07314837723970413,-0.18558362126350403,-0.34149685502052307,0.06221265345811844,-0.3954194486141205,-0.7980080842971802,3.1347692012786865,0.02695293352007866
416,8.61008906364441,0.07314837723970413,-0.18558362126350403,-0.34149685502052307,0.11657467484474182,-0.33255746960639954,-0.5637003183364868,3.129215955734253,0.006876615807414055
417,8.63685131072998,0.07314837723970413,-0.18558362126350403,-0.34149685502052307,0.1527010202407837,-0.26972872018814087,-0.24774658679962158,3.1174068450927734,-0.00895764958113432
418,8.647726058959961,0.07314837723970413,-0.18558362126350403,-0.34149685502052307,0.19010359048843384,-0.2219609022140503,-0.13219495117664337,3.108504056930542,-0.018147852271795273
419,8.676173448562622,0.07314837723970413,-0.18558362126350403,-0.34149685502052307,0.2292093187570572,-0.19563286006450653,-0.11860023438930511,3.103235960006714,-0.0228091012686491
420,8.687026977539062,0.07314837723970413,-0.18558362126350403,-0.34149685502052307,0.2651825547218323,-0.17943570017814636,-0.15740227699279785,3.101261854171753,-0.024991288781166077
421,8.713762998580933,0.07314837723970413,-0.18558362126350403,-0.34149685502052307,0.29471638798713684,-0.1644909530878067,-0.20413294434547424,3.1031463146209717,-0.02533675730228424
422,8.725372076034546,0.07314837723970413,-0.18558362126350403,-0.34149685502052307,0.3208903968334198,-0.15335658192634583,-0.20351622998714447,3.1084561347961426,-0.023860972374677658
423,8.756125926971436,0.07314837723970413,-0.18558362126350403,-0.34149685502052307,0.34499967098236084,-0.14613479375839233,-0.18907466530799866,3.116760730743408,-0.02037663757801056
424,8.76775574684143,0.07314837723970413,-0.18558362126350403,-0.34149685502052307,0.3692217469215393,-0.140354722738266,-0.18972128629684448,3.1269757747650146,-0.01438085362315178
425,8.79508662223816,0.07314837723970413,-0.18558362126350403,-0.34149685502052307,0.3688473105430603,-0.13172058761119843,-0.11955864727497101,3.1352779865264893,-0.014172355644404888
426,8.805631399154663,0.07314837723970413,-0.18558362126350403,-0.34149685502052307,0.3416341543197632,-0.13417139649391174,0.04796173423528671,-3.1293139457702637,-0.03164837136864662
427,8.832450866699219,0.07314837723970413,-0.18558362126350403,-0.34149685502052307,0.286626398563385,-0.1398475468158722,-0.06574121117591858,-3.1126761436462402,-0.046206749975681305
428,8.84290075302124,0.07314837723970413,-0.18558362126350403,-0.34149685502052307,0.24734610319137573,-0.14010033011436462,-0.3156643211841583,-3.1133193969726562,-0.04857298731803894
429,8.870031595230103,0.07314837723970413,-0.18558362126350403,-0.34149685502052307,0.23233014345169067,-0.13976891338825226,-0.3786062002182007,-3.126002311706543,-0.04804164916276932
430,8.880863428115845,0.07314837723970413,-0.18558362126350403,-0.34149685502052307,0.22701141238212585,-0.14206922054290771,-0.3009258508682251,-3.138988733291626,-0.0507085919380188
431,8.909559726715088,0.07314837723970413,-0.18558362126350403,-0.34149685502052307,0.21949143707752228,-0.14797168970108032,-0.2316862940788269,3.135464668273926,-0.055551934987306595
432,8.921132802963257,0.07314837723970413,-0.18558362126350403,-0.34149685502052307,0.1957874745130539,-0.16335918009281158,-0.22069650888442993,3.1325478553771973,-0.060005076229572296
433,8.947490692138672,0.07314837723970413,-0.18558362126350403,-0.34149685502052307,0.16972783207893372,-0.18067872524261475,-0.28565073013305664,3.135469436645508,-0.06383536010980606
434,8.959936380386353,0.07314837723970413,-0.18558362126350403,-0.34149685502052307,0.13507923483848572,-0.20063409209251404,-0.3495088219642639,3.140209913253784,-0.06622156500816345
435,8.991524457931519,0.07314837723970413,-0.18558362126350403,-0.34149685502052307,0.09620507806539536,-0.22309623658657074,-0.3728094696998596,-3.136528491973877,-0.0645461454987526
436,9.004653453826904,0.07314837723970413,-0.18558362126350403,-0.34149685502052307,0.06585442274808884,-0.2452949434518814,-0.4203159809112549,-3.1283318996429443,-0.06064140424132347
437,9.032832860946655,0.07314837723970413,-0.18558362126350403,-0.34149685502052307,0.04542696103453636,-0.26503896713256836,-0.4808250069618225,-3.1200149059295654,-0.0573313906788826
438,9.043466329574585,0.07314837723970413,-0.18558362126350403,-0.34149685502052307,0.030514750629663467,-0.28141582012176514,-0.51204913854599,-3.1133720874786377,-0.0542752668261528
439,9.070579767227173,0.07314837723970413,-0.18558362126350403,-0.34149685502052307,0.014444194734096527,-0.2966294288635254,-0.4999053478240967,-3.110827922821045,-0.04903999716043472
440,9.081138849258423,0.07314837723970413,-0.18558362126350403,-0.34149685502052307,-0.002180051989853382,-0.31510549783706665,-0.4728008806705475,-3.1136410236358643,-0.04181716963648796
441,9.111416578292847,0.07314837723970413,-0.18558362126350403,-0.34149685502052307,-0.02328074350953102,-0.34610888361930847,-0.33374255895614624,-3.1193952560424805,-0.035184137523174286
442,9.123602867126465,0.07314837723970413,-0.18558362126350403,-0.34149685502052307,-0.011025833897292614,-0.33160290122032166,-0.5362381935119629,-3.1261043548583984,-0.03619663789868355
443,9.15011715888977,0.07314837723970413,-0.18558362126350403,-0.34149685502052307,-0.028123969212174416,-0.31155723333358765,-0.32350584864616394,-3.1317594051361084,-0.03886846825480461
444,9.161981105804443,0.07314837723970413,-0.18558362126350403,-0.34149685502052307,-0.040917057543992996,-0.2919243574142456,-0.25685715675354004,-3.134831190109253,-0.03554791584610939
445,9.189271688461304,0.07314837723970413,-0.18558362126350403,-0.34149685502052307,-0.04594731703400612,-0.2783532738685608,-0.2368379831314087,-3.1380064487457275,-0.03113405965268612
446,9.202908039093018,0.07314837723970413,-0.18558362126350403,-0.34149685502052307,-0.04931391030550003,-0.27210772037506104,-0.20645922422409058,-3.1407597064971924,-0.028625190258026123
447,9.230419158935547,0.07314837723970413,-0.18558362126350403,-0.34149685502052307,-0.052657775580883026,-0.2692646384239197,-0.16632570326328278,-3.141537666320801,-0.02825002931058407
448,9.241043090820312,0.07314837723970413,-0.18558362126350403,-0.34149685502052307,-0.054292116314172745,-0.26368287205696106,-0.12476630508899689,-3.139894485473633,-0.029468754306435585
449,9.268244981765747,0.07314837723970413,-0.18558362126350403,-0.34149685502052307,-0.05073811858892441,-0.24829497933387756,-0.09811729937791824,-3.1367075443267822,-0.03135935589671135
450,9.278971433639526,0.07314837723970413,-0.18558362126350403,-0.34149685502052307,-0.04721515625715256,-0.22051560878753662,-0.21155411005020142,-3.1351211071014404,-0.031776268035173416
451,9.3064124584198,0.07314837723970413,-0.18558362126350403,-0.34149685502052307,-0.042955540120601654,-0.19382402300834656,-0.28774023056030273,-3.137918710708618,-0.030130134895443916
452,9.317802667617798,0.07314837723970413,-0.18558362126350403,-0.34149685502052307,-0.03618621081113815,-0.17110705375671387,-0.30265969038009644,3.1392197608947754,-0.027164531871676445
453,9.34669017791748,0.07314837723970413,-0.18558362126350403,-0.34149685502052307,-0.029427973553538322,-0.1507057398557663,-0.2880142033100128,3.1324620246887207,-0.023196402937173843
454,9.358054161071777,0.07314837723970413,-0.18558362126350403,-0.34149685502052307,-0.024751415476202965,-0.13184486329555511,-0.2680243253707886,3.126070976257324,-0.017493167892098427
455,9.386394500732422,0.07314837723970413,-0.18558362126350403,-0.34149685502052307,-0.02068105712532997,-0.11424032598733902,-0.2736784517765045,3.120140790939331,-0.00974532775580883
456,9.398958444595337,0.07314837723970413,-0.18558362126350403,-0.34149685502052307,-0.015702471137046814,-0.0975433737039566,-0.29546430706977844,3.1147048473358154,-0.0008892023470252752
457,9.425622940063477,0.07314837723970413,-0.18558362126350403,-0.34149685502052307,-0.008699423633515835,-0.0807456225156784,-0.32904842495918274,3.110053062438965,0.007670470513403416
458,9.438587188720703,0.07314837723970413,-0.18558362126350403,-0.34149685502052307,0.0005606231279671192,-0.0628533661365509,-0.3545619547367096,3.1066441535949707,0.014734568074345589
459,9.465922832489014,0.07314837723970413,-0.18558362126350403,-0.34149685502052307,0.011101873591542244,-0.043305061757564545,-0.3497442901134491,3.104801654815674,0.019836530089378357
460,9.476489305496216,0.07314837723970413,-0.18558362126350403,-0.34149685502052307,0.021381903439760208,-0.022888068109750748,-0.31167441606521606,3.104421854019165,0.02330225147306919
461,9.503319263458252,0.07314837723970413,-0.18558362126350403,-0.34149685502052307,0.029741737991571426,-0.003880946198478341,-0.2693571150302887,3.105278968811035,0.02626374550163746
462,9.514132261276245,0.07314837723970413,-0.18558362126350403,-0.34149685502052307,0.03641011565923691,0.012305868789553642,-0.24403789639472961,3.1074881553649902,0.03016110323369503
463,9.54283881187439,0.07314837723970413,-0.18558362126350403,-0.34149685502052307,0.0439692959189415,0.02753537893295288,-0.24453607201576233,3.110759735107422,0.03528546541929245
464,9.554144859313965,0.07314837723970413,-0.18558362126350403,-0.34149685502052307,0.054835621267557144,0.04502037167549133,-0.2961510121822357,3.112783908843994,0.04024483636021614
465,9.582020044326782,0.07314837723970413,-0.18558362126350403,-0.34149685502052307,0.06821857392787933,0.06287997961044312,-0.38828590512275696,3.11080002784729,0.043517105281353
466,9.593177318572998,0.07314837723970413,-0.18558362126350403,-0.34149685502052307,0.08012361824512482,0.05554014444351196,-0.18014180660247803,3.1083643436431885,0.037011295557022095
467,9.621029376983643,0.07314837723970413,-0.18558362126350403,-0.34149685502052307,0.0785350650548935,0.03433641791343689,-0.2866990268230438,3.1087653636932373,0.02416178584098816
468,9.632772445678711,0.07314837723970413,-0.18558362126350403,-0.34149685502052307,0.0670703798532486,0.0008859904482960701,-0.3249175548553467,3.1085243225097656,0.010936818085610867
469,9.659744024276733,0.07314837723970413,-0.18558362126350403,-0.34149685502052307,0.048191070556640625,-0.036513928323984146,-0.36362791061401367,3.1111836433410645,0.0018221901264041662
470,9.671949863433838,0.07314837723970413,-0.18558362126350403,-0.34149685502052307,0.031076643615961075,-0.07463374733924866,-0.3714323341846466,3.115626096725464,-0.0020501709077507257
471,9.707982301712036,0.07314837723970413,-0.18558362126350403,-0.34149685502052307,0.019449807703495026,-0.11300443112850189,-0.39400508999824524,3.120347499847412,-0.002667035674676299
472,9.718973398208618,0.07314837723970413,-0.18558362126350403,-0.34149685502052307,0.013420039787888527,-0.1536482572555542,-0.3927171230316162,3.12448787689209,-0.0028925789520144463
473,9.746429681777954,0.07314837723970413,-0.18558362126350403,-0.34149685502052307,0.009211658500134945,-0.19192875921726227,-0.38325971364974976,3.1264944076538086,-0.0036158189177513123
474,9.756935596466064,0.07314837723970413,-0.18558362126350403,-0.34149685502052307,0.005757133010774851,-0.22624388337135315,-0.37534773349761963,3.1257107257843018,-0.0040697744116187096
475,9.784920454025269,0.07314837723970413,-0.18558362126350403,-0.34149685502052307,0.0015746974386274815,-0.2589646875858307,-0.35784101486206055,3.123446464538574,-0.0036602127365767956
476,9.798806190490723,0.07314837723970413,-0.18558362126350403,-0.34149685502052307,-0.0027261124923825264,-0.2882533669471741,-0.3695613741874695,3.1225950717926025,-0.0024443953298032284
477,9.826805114746094,0.07314837723970413,-0.18558362126350403,-0.34149685502052307,0.001802323735319078,-0.314139187335968,-0.37486132979393005,3.1258018016815186,-0.0023524153511971235
478,9.838597774505615,0.07314837723970413,-0.18558362126350403,-0.34149685502052307,0.006346595473587513,-0.30908453464508057,-0.3318782448768616,3.126474142074585,-0.007305470295250416
479,9.865930557250977,0.07314837723970413,-0.18558362126350403,-0.34149685502052307,0.002477302448824048,-0.30177855491638184,-0.2829943895339966,3.1244113445281982,-0.009711789898574352
480,9.876883029937744,0.07314837723970413,-0.18558362126350403,-0.34149685502052307,0.004436108749359846,-0.29552462697029114,-0.21265007555484772,3.1213459968566895,-0.010010681115090847
481,9.903932571411133,0.07314837723970413,-0.18558362126350403,-0.34149685502052307,0.009144363924860954,-0.2852499783039093,-0.16341948509216309,3.118422746658325,-0.011441615410149097
482,9.915273189544678,0.07314837723970413,-0.18558362126350403,-0.34149685502052307,0.009075363166630268,-0.26209497451782227,-0.252926230430603,3.1158294677734375,-0.013460822403430939
483,9.941810369491577,0.07314837723970413,-0.18558362126350403,-0.34149685502052307,0.004720218479633331,-0.2344130277633667,-0.3070051372051239,3.1118195056915283,-0.014651902951300144
484,9.952764987945557,0.07314837723970413,-0.18558362126350403,-0.34149685502052307,0.0026720906607806683,-0.20758725702762604,-0.3406156301498413,3.105684995651245,-0.01487488579005003
485,9.979437112808228,0.07314837723970413,-0.18558362126350403,-0.34149685502052307,0.0026728904340416193,-0.18789249658584595,-0.30726367235183716,3.099017381668091,-0.014358536340296268
486,9.990375995635986,0.07314837723970413,-0.18558362126350403,-0.34149685502052307,0.002752133412286639,-0.17491091787815094,-0.26783621311187744,3.0939321517944336,-0.012755204923450947
487,10.017347812652588,0.07314837723970413,-0.18558362126350403,-0.34149685502052307,0.004237188957631588,-0.1640455573797226,-0.25706249475479126,3.0899240970611572,-0.009693150408565998
488,10.028410196304321,0.07314837723970413,-0.18558362126350403,-0.34149685502052307,0.005738518666476011,-0.1593184918165207,-0.24709157645702362,3.0870048999786377,-0.004898435436189175
489,10.058501482009888,0.07314837723970413,-0.18558362126350403,-0.34149685502052307,0.009031356312334538,-0.15683624148368835,-0.24199612438678741,3.0853819847106934,0.0010295826941728592
490,10.070690870285034,0.07314837723970413,-0.18558362126350403,-0.34149685502052307,0.01343736331909895,-0.15579316020011902,-0.2268524467945099,3.08534836769104,0.007123489398509264
491,10.097532033920288,0.07314837723970413,-0.18558362126350403,-0.34149685502052307,0.018814779818058014,-0.1536398082971573,-0.20426452159881592,3.0870566368103027,0.012429272755980492
492,10.108811140060425,0.07314837723970413,-0.18558362126350403,-0.34149685502052307,0.02322204038500786,-0.15026326477527618,-0.18709823489189148,3.0899903774261475,0.0167644415050745
493,10.135009765625,0.07314837723970413,-0.18558362126350403,-0.34149685502052307,0.027599412947893143,-0.14562459290027618,-0.15807819366455078,3.093278408050537,0.020281318575143814
494,10.145425081253052,0.07314837723970413,-0.18558362126350403,-0.34149685502052307,0.029866553843021393,-0.14377591013908386,-0.11724557727575302,3.096628427505493,0.023846199735999107
495,10.172936201095581,0.07314837723970413,-0.18558362126350403,-0.34149685502052307,0.03305956348776817,-0.14264748990535736,-0.12184280157089233,3.100276470184326,0.028443200513720512
496,10.184406280517578,0.07314837723970413,-0.18558362126350403,-0.34149685502052307,0.038621123880147934,-0.1449882984161377,-0.11045335233211517,3.1041297912597656,0.03355342149734497
497,10.211177587509155,0.07314837723970413,-0.18558362126350403,-0.34149685502052307,0.047270264476537704,-0.14715294539928436,-0.12060569226741791,3.10748291015625,0.037840403616428375
498,10.221726894378662,0.07314837723970413,-0.18558362126350403,-0.34149685502052307,0.0619303435087204,-0.14832957088947296,-0.09786222875118256,3.109065294265747,0.038386791944503784
499,10.248367071151733,0.07314837723970413,-0.18558362126350403,-0.34149685502052307,0.07791300117969513,-0.14960433542728424,-0.05392424389719963,3.108069658279419,0.032335687428712845
500,10.259242534637451,0.07314837723970413,-0.18558362126350403,-0.34149685502052307,0.08945060521364212,-0.15314392745494843,-0.04712054878473282,3.1045238971710205,0.019645219668745995
501,10.295002937316895,0.07314837723970413,-0.18558362126350403,-0.34149685502052307,0.0932963415980339,-0.1601458340883255,-0.06297485530376434,3.0991387367248535,0.002333154436200857
502,10.307795286178589,0.07314837723970413,-0.18558362126350403,-0.34149685502052307,0.08963927626609802,-0.1695704162120819,-0.1163422092795372,3.092136859893799,-0.015140343457460403
503,10.336534976959229,0.07314837723970413,-0.18558362126350403,-0.34149685502052307,0.07038657367229462,-0.19224834442138672,0.25632643699645996,3.091648817062378,-0.033377569168806076
504,10.347664594650269,0.07314837723970413,-0.18558362126350403,-0.34149685502052307,0.04386743903160095,-0.21239355206489563,-0.13888636231422424,3.10109543800354,-0.04328010976314545
505,10.374685525894165,0.07314837723970413,-0.18558362126350403,-0.34149685502052307,0.015879232436418533,-0.246263787150383,-0.33274662494659424,3.112255096435547,-0.04124830290675163
506,10.386003732681274,0.07314837723970413,-0.18558362126350403,-0.34149685502052307,-0.003120251465588808,-0.28230777382850647,-0.35938650369644165,3.124873399734497,-0.034020502120256424
507,10.41321587562561,0.07314837723970413,-0.18558362126350403,-0.34149685502052307,-0.011432697996497154,-0.30998778343200684,-0.3846420347690582,3.134282112121582,-0.026003438979387283
508,10.423845291137695,0.07314837723970413,-0.18558362126350403,-0.34149685502052307,-0.0213212501257658,-0.33343490958213806,-0.3392930030822754,3.136565923690796,-0.015949716791510582
509,10.449835777282715,0.07314837723970413,-0.18558362126350403,-0.34149685502052307,-0.03256645053625107,-0.3531748056411743,-0.28350895643234253,3.137755870819092,-0.0027474260423332453
510,10.460671663284302,0.07314837723970413,-0.18558362126350403,-0.34149685502052307,-0.04675440117716789,-0.37768247723579407,-0.3196324110031128,-3.1373682022094727,0.01103882770985365
511,10.488526582717896,0.07314837723970413,-0.18558362126350403,-0.34149685502052307,-0.0690634474158287,-0.4161515235900879,-0.40074723958969116,-3.1186580657958984,0.024953002110123634
512,10.499979019165039,0.07314837723970413,-0.18558362126350403,-0.34149685502052307,0.011576762422919273,-0.40042153000831604,-0.3217772841453552,-3.098245143890381,0.033659256994724274
513,10.528042554855347,0.07314837723970413,-0.18558362126350403,-0.34149685502052307,0.05070383474230766,-0.3557431697845459,-0.27368563413619995,-3.097683906555176,0.02601568028330803
514,10.540438175201416,0.07314837723970413,-0.18558362126350403,-0.34149685502052307,0.06914099305868149,-0.3220053017139435,-0.18844616413116455,-3.1041011810302734,0.023630009964108467
515,10.56738829612732,0.07314837723970413,-0.18558362126350403,-0.34149685502052307,0.10077023506164551,-0.28268352150917053,-0.15110847353935242,-3.109609842300415,0.026572875678539276
516,10.579587936401367,0.07314837723970413,-0.18558362126350403,-0.34149685502052307,0.1433667242527008,-0.23120884597301483,-0.17548713088035583,-3.1157631874084473,0.02666243351995945
517,10.606212139129639,0.07314837723970413,-0.18558362126350403,-0.34149685502052307,0.18203552067279816,-0.1891022026538849,-0.12002668529748917,-3.1243948936462402,0.020813539624214172
518,10.617595434188843,0.07314837723970413,-0.18558362126350403,-0.34149685502052307,0.21040481328964233,-0.16367407143115997,-0.057340964674949646,-3.1341183185577393,0.01260402426123619
519,10.64429521560669,0.07314837723970413,-0.18558362126350403,-0.34149685502052307,0.23368002474308014,-0.14908380806446075,0.011923830956220627,3.139934778213501,0.005801183637231588
520,10.654632329940796,0.07314837723970413,-0.18558362126350403,-0.34149685502052307,0.25745588541030884,-0.14033381640911102,0.07686574757099152,3.1331593990325928,0.0013559028739109635
521,10.681883573532104,0.07314837723970413,-0.18558362126350403,-0.34149685502052307,0.28251293301582336,-0.13405980169773102,0.11576395481824875,3.1301708221435547,-0.0014092576457187533
522,10.692427635192871,0.07314837723970413,-0.18558362126350403,-0.34149685502052307,0.30624261498451233,-0.13021984696388245,0.1288810670375824,3.1317789554595947,-0.0023508858866989613
523,10.720664501190186,0.07314837723970413,-0.18558362126350403,-0.34149685502052307,0.3281343877315521,-0.12997129559516907,0.15726107358932495,3.1385979652404785,-0.0011548305628821254
524,10.731984376907349,0.07314837723970413,-0.18558362126350403,-0.34149685502052307,0.3493257761001587,-0.1345672458410263,0.19308581948280334,-3.1323869228363037,0.0019616305362433195
525,10.759663105010986,0.07314837723970413,-0.18558362126350403,-0.34149685502052307,0.3719569742679596,-0.14163942635059357,0.17671218514442444,-3.1160061359405518,0.006524558644741774
526,10.77106237411499,0.07314837723970413,-0.18558362126350403,-0.34149685502052307,0.36500582098960876,-0.1426408439874649,0.14267125725746155,-3.1008875370025635,0.004105508793145418
527,10.79818058013916,0.07314837723970413,-0.18558362126350403,-0.34149685502052307,0.33931517601013184,-0.14317022264003754,0.1259031444787979,-3.082477569580078,-0.013674844987690449
528,10.810733079910278,0.07314837723970413,-0.18558362126350403,-0.34149685502052307,0.30261439085006714,-0.1392369270324707,-0.1110159307718277,-3.0771849155426025,-0.026243403553962708
529,10.83872389793396,0.07314837723970413,-0.18558362126350403,-0.34149685502052307,0.27962395548820496,-0.13811172544956207,-0.33623164892196655,-3.0905256271362305,-0.029914643615484238
530,10.850482940673828,0.07314837723970413,-0.18558362126350403,-0.34149685502052307,0.26793450117111206,-0.14299584925174713,-0.35454773902893066,-3.111224889755249,-0.0328201986849308
531,10.878100395202637,0.07314837723970413,-0.18558362126350403,-0.34149685502052307,0.2503872811794281,-0.1534668505191803,-0.268925279378891,-3.1285974979400635,-0.037072960287332535
532,10.888604164123535,0.07314837723970413,-0.18558362126350403,-0.34149685502052307,0.217244952917099,-0.171863853931427,-0.24174892902374268,-3.1380257606506348,-0.04003439098596573
533,10.915857791900635,0.07314837723970413,-0.18558362126350403,-0.34149685502052307,0.18331430852413177,-0.18913890421390533,-0.31704387068748474,-3.139158010482788,-0.04158388823270798
534,10.926756381988525,0.07314837723970413,-0.18558362126350403,-0.34149685502052307,0.14126473665237427,-0.20841661095619202,-0.39066317677497864,-3.136281728744507,-0.042048756033182144
535,10.953418731689453,0.07314837723970413,-0.18558362126350403,-0.34149685502052307,0.09257257729768753,-0.2305261790752411,-0.3993918001651764,-3.130023717880249,-0.03919055312871933
536,10.964515209197998,0.07314837723970413,-0.18558362126350403,-0.34149685502052307,0.05209955945611,-0.252427875995636,-0.423265665769577,-3.1214253902435303,-0.03420412540435791
537,10.992512226104736,0.07314837723970413,-0.18558362126350403,-0.34149685502052307,0.023035520687699318,-0.27239206433296204,-0.4826425015926361,-3.11336350440979,-0.029967980459332466
538,11.004045486450195,0.07314837723970413,-0.18558362126350403,-0.34149685502052307,0.0015639207558706403,-0.28894901275634766,-0.5124420523643494,-3.107663154602051,-0.02603762596845627
539,11.03136658668518,0.07314837723970413,-0.18558362126350403,-0.34149685502052307,-0.0195002481341362,-0.3032996356487274,-0.48029041290283203,-3.105675220489502,-0.019709400832653046
540,11.04405689239502,0.07314837723970413,-0.18558362126350403,-0.34149685502052307,-0.041614167392253876,-0.31970691680908203,-0.4396948218345642,-3.108408212661743,-0.010773817077279091
541,11.07097053527832,0.07314837723970413,-0.18558362126350403,-0.34149685502052307,-0.06399713456630707,-0.3403041362762451,-0.41663724184036255,-3.1132402420043945,-0.0018008827464655042
542,11.082825422286987,0.07314837723970413,-0.18558362126350403,-0.34149685502052307,-0.08949460834264755,-0.36589157581329346,-0.3675830662250519,-3.114718198776245,0.006241578608751297
543,11.110580444335938,0.07314837723970413,-0.18558362126350403,-0.34149685502052307,-0.11944875866174698,-0.3946104049682617,-0.33099716901779175,-3.109515428543091,0.015215870924293995
544,11.122057914733887,0.07314837723970413,-0.18558362126350403,-0.34149685502052307,-0.10491642355918884,-0.3917046785354614,-0.30894726514816284,-3.101670265197754,0.02637610211968422
545,11.150212287902832,0.07314837723970413,-0.18558362126350403,-0.34149685502052307,-0.08329354226589203,-0.3538021743297577,-0.27531325817108154,-3.105036973953247,0.026598919183015823
546,11.16086220741272,0.07314837723970413,-0.18558362126350403,-0.34149685502052307,-0.07883189618587494,-0.32989954948425293,-0.1716807782649994,-3.1123909950256348,0.026167459785938263
547,11.187263250350952,0.07314837723970413,-0.18558362126350403,-0.34149685502052307,-0.07558739185333252,-0.317364364862442,-0.12290333956480026,-3.1172075271606445,0.028032036498188972
548,11.197734117507935,0.07314837723970413,-0.18558362126350403,-0.34149685502052307,-0.06806785613298416,-0.30777204036712646,-0.09537828713655472,-3.118074655532837,0.02998369000852108
549,11.224992752075195,0.07314837723970413,-0.18558362126350403,-0.34149685502052307,-0.054575227200984955,-0.29081884026527405,-0.08729725331068039,-3.115814447402954,0.03040139563381672
550,11.236191034317017,0.07314837723970413,-0.18558362126350403,-0.34149685502052307,-0.038966890424489975,-0.26492658257484436,-0.19714666903018951,-3.113291025161743,0.029609013348817825
551,11.264808654785156,0.07314837723970413,-0.18558362126350403,-0.34149685502052307,-0.02289540506899357,-0.23446498811244965,-0.3024567663669586,-3.1144139766693115,0.028058577328920364
552,11.276044845581055,0.07314837723970413,-0.18558362126350403,-0.34149685502052307,-0.006109732203185558,-0.2047223448753357,-0.3112914562225342,-3.1201019287109375,0.025974540039896965
553,11.310037851333618,0.07314837723970413,-0.18558362126350403,-0.34149685502052307,0.010211857035756111,-0.17843063175678253,-0.2701756954193115,-3.1281938552856445,0.02388077601790428
554,11.321277856826782,0.07314837723970413,-0.18558362126350403,-0.34149685502052307,0.026973243802785873,-0.15564027428627014,-0.23533540964126587,-3.1367557048797607,0.022320613265037537
555,11.34939169883728,0.07314837723970413,-0.18558362126350403,-0.34149685502052307,0.04427332803606987,-0.13726229965686798,-0.20888939499855042,3.137968063354492,0.0217730849981308
556,11.360633373260498,0.07314837723970413,-0.18558362126350403,-0.34149685502052307,0.06160054728388786,-0.12365693598985672,-0.16544532775878906,3.1306614875793457,0.022179028019309044
557,11.38784909248352,0.07314837723970413,-0.18558362126350403,-0.34149685502052307,0.07934334874153137,-0.11126229912042618,-0.11934424936771393,3.1262147426605225,0.023072756826877594
558,11.399107933044434,0.07314837723970413,-0.18558362126350403,-0.34149685502052307,0.0977763831615448,-0.09856030344963074,-0.07204894721508026,3.125410795211792,0.023771535605192184
559,11.426222324371338,0.07314837723970413,-0.18558362126350403,-0.34149685502052307,0.11619588732719421,-0.08527644723653793,-0.030424637719988823,3.127769708633423,0.02383338287472725
560,11.436610460281372,0.07314837723970413,-0.18558362126350403,-0.34149685502052307,0.13374488055706024,-0.07238098233938217,-0.008297067135572433,3.132643222808838,0.023542847484350204
561,11.464207410812378,0.07314837723970413,-0.18558362126350403,-0.34149685502052307,0.15096113085746765,-0.06217848137021065,-0.013946829363703728,3.1400225162506104,0.023523956537246704
562,11.474852561950684,0.07314837723970413,-0.18558362126350403,-0.34149685502052307,0.13881398737430573,-0.03325333446264267,0.11029914766550064,-3.134615898132324,0.02346043474972248
563,11.506617784500122,0.07314837723970413,-0.18558362126350403,-0.34149685502052307,0.16375717520713806,-0.051307033747434616,-0.14666929841041565,-3.1317787170410156,0.01782565377652645
564,11.528396129608154,0.07314837723970413,-0.18558362126350403,-0.34149685502052307,0.16555434465408325,-0.06171102076768875,-0.3251805007457733,-3.1366217136383057,0.011607975699007511
565,11.55888557434082,0.07314837723970413,-0.18558362126350403,-0.34149685502052307,0.16988316178321838,-0.07162470370531082,-0.4076579511165619,3.135314702987671,0.002687223954126239
566,11.569789171218872,0.07314837723970413,-0.18558362126350403,-0.34149685502052307,0.16955354809761047,-0.08261711150407791,-0.3895370066165924,3.122405767440796,-0.009500863030552864
567,11.601724863052368,0.07314837723970413,-0.18558362126350403,-0.34149685502052307,0.15760183334350586,-0.09607962518930435,-0.33769121766090393,3.1115715503692627,-0.022046979516744614
568,11.613176584243774,0.07314837723970413,-0.18558362126350403,-0.34149685502052307,0.1295444667339325,-0.11514175683259964,-0.32839295268058777,3.1070375442504883,-0.030127214267849922
569,11.640244007110596,0.07314837723970413,-0.18558362126350403,-0.34149685502052307,0.10340971499681473,-0.13958640396595,-0.2777499556541443,3.1101763248443604,-0.03356640785932541
570,11.653716564178467,0.07314837723970413,-0.18558362126350403,-0.34149685502052307,0.06970196217298508,-0.16879281401634216,-0.3015396296977997,3.1177148818969727,-0.03463823348283768
571,11.680583953857422,0.07314837723970413,-0.18558362126350403,-0.34149685502052307,0.03598492220044136,-0.20275656878948212,-0.34495654702186584,3.1289286613464355,-0.032234884798526764
572,11.691555500030518,0.07314837723970413,-0.18558362126350403,-0.34149685502052307,0.01075619924813509,-0.23603476583957672,-0.43756067752838135,3.140284776687622,-0.028498459607362747
573,11.718593120574951,0.07314837723970413,-0.18558362126350403,-0.34149685502052307,-0.01368548534810543,-0.265163391828537,-0.4520397186279297,-3.1367290019989014,-0.02242417261004448
574,11.729179382324219,0.07314837723970413,-0.18558362126350403,-0.34149685502052307,-0.03824764862656593,-0.29112157225608826,-0.3588455319404602,-3.136897563934326,-0.011474208906292915
575,11.75586462020874,0.07314837723970413,-0.18558362126350403,-0.34149685502052307,-0.06069289147853851,-0.314323753118515,-0.2761402726173401,-3.137439727783203,0.003301828633993864
576,11.766485214233398,0.07314837723970413,-0.18558362126350403,-0.34149685502052307,-0.08096861839294434,-0.34021660685539246,-0.2986893653869629,-3.1313209533691406,0.018157681450247765
577,11.7933349609375,0.07314837723970413,-0.18558362126350403,-0.34149685502052307,-0.06479194760322571,-0.3485623896121979,-0.3567441701889038,-3.120177745819092,0.030058780685067177
578,11.80437421798706,0.07314837723970413,-0.18558362126350403,-0.34149685502052307,-0.042111098766326904,-0.3197764456272125,-0.2949375510215759,-3.1191229820251465,0.02853928692638874
579,11.833609580993652,0.07314837723970413,-0.18558362126350403,-0.34149685502052307,-0.040147267282009125,-0.30198708176612854,-0.16314581036567688,-3.1224546432495117,0.025568699464201927
580,11.846845865249634,0.07314837723970413,-0.18558362126350403,-0.34149685502052307,-0.039442237466573715,-0.2914290130138397,-0.09874848276376724,-3.1240007877349854,0.026151835918426514
581,11.889561653137207,0.07314837723970413,-0.18558362126350403,-0.34149685502052307,-0.032468561083078384,-0.2814280688762665,-0.07686632871627808,-3.1229052543640137,0.02808229997754097
582,11.936909675598145,0.07314837723970413,-0.18558362126350403,-0.34149685502052307,-0.020413599908351898,-0.26526910066604614,-0.08083602786064148,-3.120163679122925,0.028796685859560966
583,11.974033832550049,0.07314837723970413,-0.18558362126350403,-0.34149685502052307,-0.010044579394161701,-0.24123889207839966,-0.20966583490371704,-3.1180429458618164,0.028613995760679245
584,11.999300003051758,0.07314837723970413,-0.18558362126350403,-0.34149685502052307,0.0014364405069500208,-0.21360456943511963,-0.2875400185585022,-3.1198620796203613,0.027721397578716278
585,12.030364036560059,0.07314837723970413,-0.18558362126350403,-0.34149685502052307,0.013837493024766445,-0.1881137192249298,-0.28437793254852295,-3.125661849975586,0.02609795518219471
586,12.041478157043457,0.07314837723970413,-0.18558362126350403,-0.34149685502052307,0.025090625509619713,-0.16651229560375214,-0.24367296695709229,-3.133287191390991,0.024573681876063347
587,12.07075047492981,0.07314837723970413,-0.18558362126350403,-0.34149685502052307,0.036763522773981094,-0.14828865230083466,-0.20563997328281403,-3.1412014961242676,0.023981893435120583
588,12.082019805908203,0.07314837723970413,-0.18558362126350403,-0.34149685502052307,0.0498204380273819,-0.13406357169151306,-0.16857953369617462,3.1343936920166016,0.02439800836145878
589,12.109143495559692,0.07314837723970413,-0.18558362126350403,-0.34149685502052307,0.0636860653758049,-0.12379173189401627,-0.12542161345481873,3.127944231033325,0.025428127497434616
590,12.128075122833252,0.07314837723970413,-0.18558362126350403,-0.34149685502052307,0.0776965320110321,-0.11493706703186035,-0.08135508000850677,3.123586654663086,0.026692161336541176
591,12.158538103103638,0.07314837723970413,-0.18558362126350403,-0.34149685502052307,0.09243110567331314,-0.10529793798923492,-0.041241277009248734,3.1215741634368896,0.0278652161359787
592,12.169479370117188,0.07314837723970413,-0.18558362126350403,-0.34149685502052307,0.1077270358800888,-0.09462723135948181,-0.0045740799978375435,3.121450662612915,0.028601614758372307
593,12.197257280349731,0.07314837723970413,-0.18558362126350403,-0.34149685502052307,0.12292701005935669,-0.0839599147439003,0.023942386731505394,3.1228418350219727,0.028842827305197716
594,12.208704233169556,0.07314837723970413,-0.18558362126350403,-0.34149685502052307,0.13749976456165314,-0.07492688298225403,0.03450509160757065,3.1262009143829346,0.02903558872640133
595,12.235502004623413,0.07314837723970413,-0.18558362126350403,-0.34149685502052307,0.15320251882076263,-0.06845860183238983,0.01636982336640358,3.1326258182525635,0.029503826051950455
596,12.246623277664185,0.07314837723970413,-0.18558362126350403,-0.34149685502052307,0.17396478354930878,-0.06258566677570343,-0.03852017968893051,-3.141072988510132,0.02931654267013073
597,12.276928424835205,0.07314837723970413,-0.18558362126350403,-0.34149685502052307,0.20175808668136597,-0.05410916358232498,-0.11257483810186386,-3.1314175128936768,0.026596756651997566
598,12.288646459579468,0.07314837723970413,-0.18558362126350403,-0.34149685502052307,0.23129262030124664,-0.042750585824251175,-0.15816541016101837,-3.126586675643921,0.02105327695608139
599,12.314591407775879,0.07314837723970413,-0.18558362126350403,-0.34149685502052307,0.24976038932800293,-0.03237267583608627,-0.1560794711112976,-3.130486249923706,0.017354175448417664
600,12.327400922775269,0.07314837723970413,-0.18558362126350403,-0.34149685502052307,0.23410865664482117,-0.031499650329351425,-0.08753017336130142,3.141446590423584,0.019675709307193756
601,12.35567307472229,0.07314837723970413,-0.18558362126350403,-0.34149685502052307,0.20274938642978668,-0.06573451310396194,-0.21442320942878723,3.1369597911834717,0.020167553797364235
602,12.366529703140259,0.07314837723970413,-0.18558362126350403,-0.34149685502052307,0.1661435067653656,-0.1073877215385437,-0.2937784492969513,3.139453649520874,0.02121715247631073
603,12.393602132797241,0.07314837723970413,-0.18558362126350403,-0.34149685502052307,0.13745558261871338,-0.1449764519929886,-0.3355151116847992,-3.1386983394622803,0.01923724263906479
604,12.405729055404663,0.07314837723970413,-0.18558362126350403,-0.34149685502052307,0.11457358300685883,-0.1771935075521469,-0.3414536118507385,-3.1338846683502197,0.014870094135403633
605,12.433902502059937,0.07314837723970413,-0.18558362126350403,-0.34149685502052307,0.0928325280547142,-0.20500688254833221,-0.3245853781700134,-3.1323487758636475,0.011555123142898083
606,12.4454665184021,0.07314837723970413,-0.18558362126350403,-0.34149685502052307,0.07251867651939392,-0.23013246059417725,-0.2873649597167969,-3.1365222930908203,0.011589842848479748
607,12.473170042037964,0.07314837723970413,-0.18558362126350403,-0.34149685502052307,0.05355733633041382,-0.25512638688087463,-0.24577558040618896,3.1369271278381348,0.01501478347927332
608,12.484113216400146,0.07314837723970413,-0.18558362126350403,-0.34149685502052307,0.035637956112623215,-0.2808362543582916,-0.21147403120994568,3.124445915222168,0.020578712224960327
609,12.5108482837677,0.07314837723970413,-0.18558362126350403,-0.34149685502052307,0.016799425706267357,-0.305040568113327,-0.19192062318325043,3.1127517223358154,0.027538912370800972
610,12.522143363952637,0.07314837723970413,-0.18558362126350403,-0.34149685502052307,0.0063903480768203735,-0.3232158124446869,-0.19982284307479858,3.105039358139038,0.03606729954481125
611,12.548257827758789,0.07314837723970413,-0.18558362126350403,-0.34149685502052307,0.01450167503207922,-0.3150217533111572,-0.2676239609718323,3.097099542617798,0.03706895560026169
612,12.560870885848999,0.07314837723970413,-0.18558362126350403,-0.34149685502052307,0.011641818098723888,-0.30861592292785645,-0.2507326602935791,3.0899605751037598,0.03506285697221756
613,12.58814024925232,0.07314837723970413,-0.18558362126350403,-0.34149685502052307,0.007593885064125061,-0.30765634775161743,-0.20975470542907715,3.085766077041626,0.03402940556406975
614,12.599076509475708,0.07314837723970413,-0.18558362126350403,-0.34149685502052307,0.006549016106873751,-0.3072560131549835,-0.1778874695301056,3.084742307662964,0.032944586127996445
615,12.625715494155884,0.07314837723970413,-0.18558362126350403,-0.34149685502052307,0.00836538802832365,-0.2988682687282562,-0.1576698124408722,3.0858447551727295,0.030154230073094368
616,12.636744976043701,0.07314837723970413,-0.18558362126350403,-0.34149685502052307,0.010629893280565739,-0.2711877226829529,-0.24316297471523285,3.0869734287261963,0.02608664147555828
617,12.663898706436157,0.07314837723970413,-0.18558362126350403,-0.34149685502052307,0.00812937505543232,-0.23483073711395264,-0.3170527517795563,3.0849609375,0.02260443940758705
618,12.67478632926941,0.07314837723970413,-0.18558362126350403,-0.34149685502052307,0.007674903608858585,-0.20235136151313782,-0.31487423181533813,3.0800209045410156,0.020107099786400795
619,12.705423831939697,0.07314837723970413,-0.18558362126350403,-0.34149685502052307,0.007613908965140581,-0.17480559647083282,-0.2854776084423065,3.07422137260437,0.019061408936977386
620,12.720661163330078,0.07314837723970413,-0.18558362126350403,-0.34149685502052307,0.00707044405862689,-0.15371395647525787,-0.2623269557952881,3.069401979446411,0.020196372643113136
621,12.746848344802856,0.07314837723970413,-0.18558362126350403,-0.34149685502052307,0.007063474040478468,-0.13834218680858612,-0.26537948846817017,3.0660276412963867,0.023776667192578316
622,12.758888244628906,0.07314837723970413,-0.18558362126350403,-0.34149685502052307,0.008710666559636593,-0.12661105394363403,-0.2805251479148865,3.0637543201446533,0.02901213988661766
623,12.785483121871948,0.07314837723970413,-0.18558362126350403,-0.34149685502052307,0.012147026136517525,-0.11630677431821823,-0.29682862758636475,3.0627784729003906,0.034392695873975754
624,12.7971773147583,0.07314837723970413,-0.18558362126350403,-0.34149685502052307,0.017247969284653664,-0.10543125122785568,-0.3189559578895569,3.063704252243042,0.038548361510038376
625,12.825616836547852,0.07314837723970413,-0.18558362126350403,-0.34149685502052307,0.0233018659055233,-0.09267345815896988,-0.3248178958892822,3.0667436122894287,0.04069942981004715
626,12.836632013320923,0.07314837723970413,-0.18558362126350403,-0.34149685502052307,0.029410727322101593,-0.07686986774206161,-0.296092689037323,3.071295738220215,0.04072907567024231
627,12.863129377365112,0.07314837723970413,-0.18558362126350403,-0.34149685502052307,0.033933527767658234,-0.059642989188432693,-0.251400887966156,3.0763189792633057,0.03956206887960434
628,12.876366138458252,0.07314837723970413,-0.18558362126350403,-0.34149685502052307,0.036494605243206024,-0.04468677565455437,-0.21007882058620453,3.0811877250671387,0.03894471749663353
629,12.904717445373535,0.07314837723970413,-0.18558362126350403,-0.34149685502052307,0.038694556802511215,-0.033268705010414124,-0.1889103204011917,3.086024045944214,0.040327150374650955
630,12.915164947509766,0.07314837723970413,-0.18558362126350403,-0.34149685502052307,0.04340550675988197,-0.02249201573431492,-0.1940000355243683,3.0907983779907227,0.04327400401234627
631,12.94313669204712,0.07314837723970413,-0.18558362126350403,-0.34149685502052307,0.05266541242599487,-0.00935669057071209,-0.2333761602640152,3.093938112258911,0.04549076408147812
632,12.95458722114563,0.07314837723970413,-0.18558362126350403,-0.34149685502052307,0.06523875892162323,0.004769694991409779,-0.3092188835144043,3.0929763317108154,0.04462452977895737
633,12.980883836746216,0.07314837723970413,-0.18558362126350403,-0.34149685502052307,0.0678185224533081,0.020581692457199097,-0.2637200951576233,3.087642192840576,0.0396503321826458
634,12.99306845664978,0.07314837723970413,-0.18558362126350403,-0.34149685502052307,0.07548879086971283,-0.001384267583489418,-0.26612457633018494,3.0818991661071777,0.02707689441740513
635,13.0188307762146,0.07314837723970413,-0.18558362126350403,-0.34149685502052307,0.06917128711938858,-0.02858705073595047,-0.2875434458255768,3.0780394077301025,0.010515537112951279
636,13.030754327774048,0.07314837723970413,-0.18558362126350403,-0.34149685502052307,0.051802244037389755,-0.060583870857954025,-0.35809677839279175,3.080040693283081,-0.0033703234512358904
637,13.057788848876953,0.07314837723970413,-0.18558362126350403,-0.34149685502052307,0.030077144503593445,-0.09938838332891464,-0.36145684123039246,3.087742805480957,-0.009349904023110867
638,13.06814193725586,0.07314837723970413,-0.18558362126350403,-0.34149685502052307,0.01493835635483265,-0.13850454986095428,-0.40835851430892944,3.097665548324585,-0.009372929111123085
639,13.094966650009155,0.07314837723970413,-0.18558362126350403,-0.34149685502052307,0.008619415573775768,-0.17726513743400574,-0.4202606976032257,3.106323480606079,-0.00817165058106184
640,13.107440948486328,0.07314837723970413,-0.18558362126350403,-0.34149685502052307,0.003923116251826286,-0.21370355784893036,-0.40326279401779175,3.110814094543457,-0.007236466743052006
641,13.134778022766113,0.07314837723970413,-0.18558362126350403,-0.34149685502052307,-0.0003562966885510832,-0.2475295066833496,-0.38527417182922363,3.111459493637085,-0.005850084125995636
642,13.145486831665039,0.07314837723970413,-0.18558362126350403,-0.34149685502052307,-0.003719177795574069,-0.27734267711639404,-0.3690507709980011,3.1113059520721436,-0.00426466716453433
643,13.172549724578857,0.07314837723970413,-0.18558362126350403,-0.34149685502052307,-0.008128189481794834,-0.30384448170661926,-0.3921273648738861,3.1146140098571777,-0.0025906183291226625
644,13.18301773071289,0.07314837723970413,-0.18558362126350403,-0.34149685502052307,-0.014608698897063732,-0.3316223919391632,-0.428196519613266,3.124147891998291,-0.0002128045744029805
645,13.21059536933899,0.07314837723970413,-0.18558362126350403,-0.34149685502052307,-0.030425403267145157,-0.37058085203170776,-0.5470224022865295,-3.1415529251098633,0.005287861917167902
646,13.22097396850586,0.07314837723970413,-0.18558362126350403,-0.34149685502052307,0.03130536898970604,-0.3795711100101471,-0.5345803499221802,-3.1204490661621094,0.010825186967849731
647,13.25019383430481,0.07314837723970413,-0.18558362126350403,-0.34149685502052307,0.07820495963096619,-0.34428587555885315,-0.3940071165561676,-3.116818428039551,0.0030259224586188793
648,13.261780500411987,0.07314837723970413,-0.18558362126350403,-0.34149685502052307,0.10838304460048676,-0.30757400393486023,-0.2492377758026123,-3.1212761402130127,-0.001277608098462224
649,13.287960767745972,0.07314837723970413,-0.18558362126350403,-0.34149685502052307,0.1517246663570404,-0.25330308079719543,-0.18942144513130188,-3.1285653114318848,-0.0025588935241103172
650,13.299586534500122,0.07314837723970413,-0.18558362126350403,-0.34149685502052307,0.19672414660453796,-0.20059746503829956,-0.10469508916139603,-3.1392884254455566,-0.007267464883625507
651,13.327616691589355,0.07314837723970413,-0.18558362126350403,-0.34149685502052307,0.2326880246400833,-0.16960731148719788,-0.057648878544569016,3.1317498683929443,-0.014594011940062046
652,13.338623285293579,0.07314837723970413,-0.18558362126350403,-0.34149685502052307,0.2613505423069,-0.15472763776779175,-0.003940829075872898,3.1204848289489746,-0.02076859585940838
653,13.36683964729309,0.07314837723970413,-0.18558362126350403,-0.34149685502052307,0.2888973653316498,-0.1459159255027771,0.03238815441727638,3.112765312194824,-0.024627795442938805
654,13.377769708633423,0.07314837723970413,-0.18558362126350403,-0.34149685502052307,0.3174267113208771,-0.13817818462848663,0.038322027772665024,3.11027193069458,-0.02687859907746315
655,13.405294179916382,0.07314837723970413,-0.18558362126350403,-0.34149685502052307,0.34355902671813965,-0.13173873722553253,0.04358446225523949,3.113121747970581,-0.02802876941859722
656,13.415515422821045,0.07314837723970413,-0.18558362126350403,-0.34149685502052307,0.3660086393356323,-0.12936829030513763,0.07679950445890427,3.120944023132324,-0.027268555015325546
657,13.443302869796753,0.07314837723970413,-0.18558362126350403,-0.34149685502052307,0.3872900903224945,-0.13307803869247437,0.117172971367836,3.133716583251953,-0.024009857326745987
658,13.454379558563232,0.07314837723970413,-0.18558362126350403,-0.34149685502052307,0.4098595976829529,-0.1403612494468689,0.11309552937746048,-3.133039712905884,-0.018783384934067726
659,13.482739448547363,0.07314837723970413,-0.18558362126350403,-0.34149685502052307,0.3770219683647156,-0.13503672182559967,0.1640482246875763,-3.116579532623291,-0.02681150659918785
660,13.494571924209595,0.07314837723970413,-0.18558362126350403,-0.34149685502052307,0.3355226516723633,-0.1487482786178589,-0.1475512832403183,-3.106886625289917,-0.03825519606471062
661,13.520938873291016,0.07314837723970413,-0.18558362126350403,-0.34149685502052307,0.2972911298274994,-0.15179745852947235,-0.360391229391098,-3.115403652191162,-0.03671747446060181
662,13.532421112060547,0.07314837723970413,-0.18558362126350403,-0.34149685502052307,0.28779590129852295,-0.15517812967300415,-0.36535030603408813,-3.1306352615356445,-0.03483089059591293
663,13.559725284576416,0.07314837723970413,-0.18558362126350403,-0.34149685502052307,0.2887744605541229,-0.1588916927576065,-0.266256183385849,3.139655113220215,-0.03851267322897911
664,13.571628093719482,0.07314837723970413,-0.18558362126350403,-0.34149685502052307,0.28496772050857544,-0.16576159000396729,-0.1716187596321106,3.1307976245880127,-0.04584575071930885
665,13.59911847114563,0.07314837723970413,-0.18558362126350403,-0.34149685502052307,0.2654854953289032,-0.17975294589996338,-0.15145470201969147,3.1270956993103027,-0.05393456667661667
666,13.610182285308838,0.07314837723970413,-0.18558362126350403,-0.34149685502052307,0.23554709553718567,-0.19614486396312714,-0.23028360307216644,3.129444122314453,-0.061207301914691925
667,13.638604402542114,0.07314837723970413,-0.18558362126350403,-0.34149685502052307,0.19726914167404175,-0.2159576117992401,-0.3196527361869812,3.1346652507781982,-0.06564009189605713
668,13.649055242538452,0.07314837723970413,-0.18558362126350403,-0.34149685502052307,0.1513228863477707,-0.23968374729156494,-0.34938183426856995,-3.1402573585510254,-0.06457425653934479
669,13.676491737365723,0.07314837723970413,-0.18558362126350403,-0.34149685502052307,0.11386840045452118,-0.2630648612976074,-0.39802050590515137,-3.128829002380371,-0.059137340635061264
670,13.687151908874512,0.07314837723970413,-0.18558362126350403,-0.34149685502052307,0.09132320433855057,-0.2834445834159851,-0.4632114768028259,-3.1170237064361572,-0.05399691313505173
671,13.714445114135742,0.07314837723970413,-0.18558362126350403,-0.34149685502052307,0.07979008555412292,-0.2996795177459717,-0.5240030884742737,-3.107168674468994,-0.050954580307006836
672,13.724810600280762,0.07314837723970413,-0.18558362126350403,-0.34149685502052307,0.06777199357748032,-0.31321340799331665,-0.5362967252731323,-3.101515054702759,-0.04709797725081444
673,13.75132441520691,0.07314837723970413,-0.18558362126350403,-0.34149685502052307,0.05244537070393562,-0.33051565289497375,-0.49097955226898193,-3.102097749710083,-0.04020024463534355
674,13.762548208236694,0.07314837723970413,-0.18558362126350403,-0.34149685502052307,0.03994130343198776,-0.3525974750518799,-0.4634356200695038,-3.108035087585449,-0.0332183800637722
675,13.792108058929443,0.07314837723970413,-0.18558362126350403,-0.34149685502052307,0.026450956240296364,-0.3782580494880676,-0.40182530879974365,-3.115222215652466,-0.028096064925193787
676,13.80445146560669,0.07314837723970413,-0.18558362126350403,-0.34149685502052307,0.01032361388206482,-0.4039475619792938,-0.3489159047603607,-3.1187713146209717,-0.02320384606719017
677,13.830921649932861,0.07314837723970413,-0.18558362126350403,-0.34149685502052307,-0.011112289503216743,-0.4306070804595947,-0.3183313012123108,-3.116462469100952,-0.015231551602482796
678,13.842925310134888,0.07314837723970413,-0.18558362126350403,-0.34149685502052307,-0.004654574673622847,-0.4346754550933838,-0.3191659450531006,-3.1109299659729004,-0.0015364750288426876
679,13.87021255493164,0.07314837723970413,-0.18558362126350403,-0.34149685502052307,0.013176034204661846,-0.3923491835594177,-0.31680694222450256,-3.1175167560577393,0.0032597254030406475
680,13.881445169448853,0.07314837723970413,-0.18558362126350403,-0.34149685502052307,0.0174225065857172,-0.3630557358264923,-0.16902950406074524,-3.1291120052337646,0.006223608274012804
681,13.907819509506226,0.07314837723970413,-0.18558362126350403,-0.34149685502052307,0.024322399869561195,-0.34325629472732544,-0.09462933987379074,-3.1380701065063477,0.010793585330247879
682,13.918727159500122,0.07314837723970413,-0.18558362126350403,-0.34149685502052307,0.03877941146492958,-0.3212633728981018,-0.08550477772951126,3.1393532752990723,0.015065615996718407
683,13.946176528930664,0.07314837723970413,-0.18558362126350403,-0.34149685502052307,0.0564979687333107,-0.290353924036026,-0.16538622975349426,3.1347992420196533,0.017215389758348465
684,13.957164764404297,0.07314837723970413,-0.18558362126350403,-0.34149685502052307,0.0710834413766861,-0.25398531556129456,-0.21110257506370544,3.1291794776916504,0.016808461397886276
685,13.983670234680176,0.07314837723970413,-0.18558362126350403,-0.34149685502052307,0.08606667816638947,-0.22289401292800903,-0.20756706595420837,3.1229331493377686,0.014299841597676277
686,13.994506597518921,0.07314837723970413,-0.18558362126350403,-0.34149685502052307,0.1001807302236557,-0.19850492477416992,-0.16577720642089844,3.1171107292175293,0.01119956187903881
687,14.022808313369751,0.07314837723970413,-0.18558362126350403,-0.34149685502052307,0.11522439122200012,-0.17807546257972717,-0.117563895881176,3.1121153831481934,0.00878958124667406
688,14.033734560012817,0.07314837723970413,-0.18558362126350403,-0.34149685502052307,0.1307724416255951,-0.1607394963502884,-0.0780818834900856,3.1083967685699463,0.0074864886701107025
689,14.060370445251465,0.07314837723970413,-0.18558362126350403,-0.34149685502052307,0.14597445726394653,-0.14525377750396729,-0.04513263329863548,3.1065003871917725,0.007272123359143734
690,14.071853399276733,0.07314837723970413,-0.18558362126350403,-0.34149685502052307,0.16105514764785767,-0.12931914627552032,-0.020049801096320152,3.10628342628479,0.008166910149157047
691,14.098592758178711,0.07314837723970413,-0.18558362126350403,-0.34149685502052307,0.17732548713684082,-0.11372393369674683,0.008134743198752403,3.1073741912841797,0.009921475313603878
692,14.111653327941895,0.07314837723970413,-0.18558362126350403,-0.34149685502052307,0.19451911747455597,-0.10084562748670578,0.042206186801195145,3.1104021072387695,0.01178449671715498
693,14.139777421951294,0.07314837723970413,-0.18558362126350403,-0.34149685502052307,0.21192407608032227,-0.09096532315015793,0.049400899559259415,3.1164917945861816,0.013900920748710632
694,14.15012502670288,0.07314837723970413,-0.18558362126350403,-0.34149685502052307,0.23084089159965515,-0.08435427397489548,0.019097676500678062,3.126190662384033,0.01651291735470295
695,14.1771559715271,0.07314837723970413,-0.18558362126350403,-0.34149685502052307,0.25446733832359314,-0.07685323804616928,-0.05235320329666138,3.1382176876068115,0.018994292244315147
696,14.187977075576782,0.07314837723970413,-0.18558362126350403,-0.34149685502052307,0.28224071860313416,-0.06669411063194275,-0.11696728318929672,-3.1341123580932617,0.020292673259973526
697,14.215508222579956,0.07314837723970413,-0.18558362126350403,-0.34149685502052307,0.3074489235877991,-0.0523514524102211,-0.12354141473770142,-3.1294233798980713,0.021883269771933556
698,14.226014852523804,0.07314837723970413,-0.18558362126350403,-0.34149685502052307,0.29955652356147766,-0.03458395227789879,-0.12499275803565979,-3.1345272064208984,0.026316888630390167
699,14.25272274017334,0.07314837723970413,-0.18558362126350403,-0.34149685502052307,0.2559313476085663,-0.05578912794589996,-0.19684715569019318,3.141407012939453,0.027881095185875893
700,14.262871026992798,0.4869083762168884,0.15630923211574554,0.303022563457489,0.21002724766731262,-0.09617778658866882,-0.32808154821395874,3.1384568214416504,0.034974563866853714
701,14.290128469467163,0.4869083762168884,0.15630923211574554,0.303022563457489,0.18833027780056,-0.12819834053516388,-0.27275344729423523,-3.13826060295105,0.03320645913481712
702,14.301143407821655,0.4869083762168884,0.15630923211574554,0.303022563457489,0.17233143746852875,-0.14660599827766418,-0.3323066234588623,-3.12795352935791,0.02159923128783703
703,14.329009056091309,0.4869083762168884,0.15630923211574554,0.303022563457489,0.15475612878799438,-0.1594904512166977,-0.4430278539657593,-3.118969678878784,0.008547491393983364
704,14.34378981590271,0.4869083762168884,0.15630923211574554,0.303022563457489,0.137454554438591,-0.1719660758972168,-0.4956265091896057,-3.112457752227783,-0.0006912868702784181
705,14.378539562225342,0.4869083762168884,0.15630923211574554,0.303022563457489,0.11532396823167801,-0.19305448234081268,-0.4177175462245941,-3.1072797775268555,-0.004391032736748457
706,14.396785974502563,0.4869083762168884,0.15630923211574554,0.303022563457489,0.09730977565050125,-0.21597200632095337,-0.2733032703399658,-3.104949474334717,-0.004613096360117197
707,14.424033164978027,0.4869083762168884,0.15630923211574554,0.303022563457489,0.08709681034088135,-0.23650020360946655,-0.11133118718862534,-3.106323003768921,-0.00504595460370183
708,14.433899164199829,0.4869083762168884,0.15630923211574554,0.303022563457489,0.08158920705318451,-0.25425419211387634,0.06146272271871567,-3.108065605163574,-0.007834099233150482
709,14.460854053497314,0.4869083762168884,0.15630923211574554,0.303022563457489,0.09146539866924286,-0.25398391485214233,-0.04873369261622429,-3.1063904762268066,-0.016691578552126884
710,14.471566438674927,0.4869083762168884,0.15630923211574554,0.303022563457489,0.07302116602659225,-0.20113033056259155,0.31760114431381226,-3.1072306632995605,-0.026511643081903458
711,14.498502492904663,0.4869083762168884,0.15630923211574554,0.303022563457489,0.053330838680267334,-0.13450801372528076,0.5329975485801697,-3.1132662296295166,-0.025945374742150307
712,14.510075807571411,0.4869083762168884,0.15630923211574554,0.303022563457489,0.04254532605409622,-0.081024669110775,0.6227534413337708,-3.125091552734375,-0.020069969817996025
713,14.536633014678955,0.4869083762168884,0.15630923211574554,0.303022563457489,0.03902176767587662,-0.044472113251686096,0.6474019289016724,-3.1379570960998535,-0.01327857282012701
714,14.54926872253418,0.4869083762168884,0.15630923211574554,0.303022563457489,0.03954531252384186,-0.019660139456391335,0.6638227105140686,3.136378288269043,-0.007250986061990261
715,14.576772451400757,0.4869083762168884,0.15630923211574554,0.303022563457489,0.043426088988780975,0.005573459435254335,0.6544027924537659,3.1332101821899414,-0.002399676712229848
716,14.587831020355225,0.4869083762168884,0.15630923211574554,0.303022563457489,0.04758331552147865,0.04112633690237999,0.49119800329208374,3.132005214691162,0.0017290704417973757
717,14.614291906356812,0.4869083762168884,0.15630923211574554,0.303022563457489,0.05219767615199089,0.08228937536478043,0.37594732642173767,3.1273069381713867,0.004826335236430168
718,14.625789642333984,0.4869083762168884,0.15630923211574554,0.303022563457489,0.056119248270988464,0.12415307015180588,0.32777050137519836,3.119030475616455,0.007453122641891241
719,14.652389764785767,0.4869083762168884,0.15630923211574554,0.303022563457489,0.05842217803001404,0.16735073924064636,0.33129072189331055,3.10909366607666,0.01154316682368517
720,14.663255453109741,0.4869083762168884,0.15630923211574554,0.303022563457489,0.06377703696489334,0.20932699739933014,0.3298458755016327,3.0996615886688232,0.017464008182287216
721,14.690208196640015,0.4869083762168884,0.15630923211574554,0.303022563457489,0.07260103523731232,0.24638089537620544,0.2931767702102661,3.0931739807128906,0.024277810007333755
722,14.701044082641602,0.4869083762168884,0.15630923211574554,0.303022563457489,0.08354087918996811,0.276920884847641,0.25967511534690857,3.0910143852233887,0.03156229853630066
723,14.728008508682251,0.4869083762168884,0.15630923211574554,0.303022563457489,0.09878920763731003,0.30409660935401917,0.24446871876716614,3.092815399169922,0.039272453635931015
724,14.739375114440918,0.4869083762168884,0.15630923211574554,0.303022563457489,0.11975159496068954,0.33140209317207336,0.2702861428260803,3.097330331802368,0.04645330831408501
725,14.76661729812622,0.4869083762168884,0.15630923211574554,0.303022563457489,0.143649622797966,0.3619198799133301,0.31061187386512756,3.103299856185913,0.05081262066960335
726,14.779757738113403,0.4869083762168884,0.15630923211574554,0.303022563457489,0.16370484232902527,0.3981498181819916,0.3415735960006714,3.108405828475952,0.05096130445599556
727,14.808514833450317,0.4869083762168884,0.15630923211574554,0.303022563457489,0.16457629203796387,0.4363038241863251,0.6196658611297607,3.110267162322998,0.04461001232266426
728,14.819356679916382,0.4869083762168884,0.15630923211574554,0.303022563457489,0.20191867649555206,0.4114203155040741,0.6418448090553284,3.119779109954834,0.03362691402435303
729,14.847133874893188,0.4869083762168884,0.15630923211574554,0.303022563457489,0.23488102853298187,0.3960926830768585,0.5470544099807739,3.1328628063201904,0.03220159932971001
730,14.857786893844604,0.4869083762168884,0.15630923211574554,0.303022563457489,0.2785288095474243,0.38934749364852905,0.46851488947868347,-3.1406009197235107,0.032393477857112885
731,14.884292125701904,0.4869083762168884,0.15630923211574554,0.303022563457489,0.31727614998817444,0.37383320927619934,0.43099722266197205,-3.1362342834472656,0.029359884560108185
732,14.895418643951416,0.4869083762168884,0.15630923211574554,0.303022563457489,0.3375922739505768,0.3240942358970642,0.4518560469150543,-3.1334781646728516,0.024804361164569855
733,14.923518180847168,0.4869083762168884,0.15630923211574554,0.303022563457489,0.3527228832244873,0.2698880732059479,0.3743553161621094,-3.1282958984375,0.020647674798965454
734,14.9342041015625,0.4869083762168884,0.15630923211574554,0.303022563457489,0.3714955747127533,0.23031188547611237,0.31995370984077454,-3.122469663619995,0.016687169671058655
735,14.962440967559814,0.4869083762168884,0.15630923211574554,0.303022563457489,0.3958572745323181,0.19989216327667236,0.2795247435569763,-3.1182684898376465,0.012158230878412724
736,14.974580526351929,0.4869083762168884,0.15630923211574554,0.303022563457489,0.4243338406085968,0.17399141192436218,0.28215697407722473,-3.117300510406494,0.005723926238715649
737,15.003876209259033,0.4869083762168884,0.15630923211574554,0.303022563457489,0.4525235891342163,0.1504656821489334,0.3053247928619385,-3.1201584339141846,-0.0021761676762253046
738,15.017164945602417,0.4869083762168884,0.15630923211574554,0.303022563457489,0.4775543510913849,0.1273701936006546,0.32254722714424133,-3.126527786254883,-0.009254773147404194
739,15.044225692749023,0.4869083762168884,0.15630923211574554,0.303022563457489,0.5001464486122131,0.1065051332116127,0.33813780546188354,-3.1366806030273438,-0.012821683660149574
740,15.055541515350342,0.4869083762168884,0.15630923211574554,0.303022563457489,0.527181088924408,0.08894534409046173,0.33131977915763855,3.1329684257507324,-0.01293137576431036
741,15.082827091217041,0.4869083762168884,0.15630923211574554,0.303022563457489,0.5606635808944702,0.07264184951782227,0.3321647346019745,3.1187446117401123,-0.01113101840019226
742,15.093998908996582,0.4869083762168884,0.15630923211574554,0.303022563457489,0.5978685021400452,0.05393103510141373,0.3491441607475281,3.107515335083008,-0.008379164151847363
743,15.121461629867554,0.4869083762168884,0.15630923211574554,0.303022563457489,0.6333537697792053,0.032267872244119644,0.34764307737350464,3.1023800373077393,-0.0048693642020225525
744,15.132784128189087,0.4869083762168884,0.15630923211574554,0.303022563457489,0.6583460569381714,0.0062736161053180695,0.2788948118686676,3.1068570613861084,0.001172199146822095
745,15.16032862663269,0.4869083762168884,0.15630923211574554,0.303022563457489,0.679193377494812,-0.014638528227806091,-0.04268724471330643,3.1181914806365967,0.0016541506629437208
746,15.170902252197266,0.4869083762168884,0.15630923211574554,0.303022563457489,0.6153562664985657,-0.0003367089666426182,0.03446259722113609,3.1256487369537354,0.0028177143540233374
747,15.198654890060425,0.4869083762168884,0.15630923211574554,0.303022563457489,0.5487041473388672,0.029247770085930824,0.24341362714767456,3.126507520675659,0.017669009044766426
748,15.213723421096802,0.4869083762168884,0.15630923211574554,0.303022563457489,0.500359296798706,0.04999983683228493,0.28601303696632385,3.1225168704986572,0.03445078805088997
749,15.24078106880188,0.4869083762168884,0.15630923211574554,0.303022563457489,0.4507034420967102,0.07872581481933594,0.39857208728790283,3.113391399383545,0.045923877507448196
750,15.253122329711914,0.4869083762168884,0.15630923211574554,0.303022563457489,0.41366735100746155,0.09580478072166443,0.4309499263763428,3.1013870239257812,0.053373776376247406
751,15.280606508255005,0.4869083762168884,0.15630923211574554,0.303022563457489,0.38376423716545105,0.11156468093395233,0.481222927570343,3.089116096496582,0.058909330517053604
752,15.292242050170898,0.4869083762168884,0.15630923211574554,0.303022563457489,0.3583533465862274,0.12713561952114105,0.5631912350654602,3.077610969543457,0.06172766163945198
753,15.321232318878174,0.4869083762168884,0.15630923211574554,0.303022563457489,0.33785104751586914,0.14215481281280518,0.6827501654624939,3.0677921772003174,0.060759905725717545
754,15.33362603187561,0.4869083762168884,0.15630923211574554,0.303022563457489,0.32153841853141785,0.1577015370130539,0.8683098554611206,3.059720754623413,0.056066349148750305
755,15.360944747924805,0.4869083762168884,0.15630923211574554,0.303022563457489,0.3073708713054657,0.1777605414390564,1.0930359363555908,3.0533292293548584,0.0491345152258873
756,15.371059894561768,0.4869083762168884,0.15630923211574554,0.303022563457489,0.31160566210746765,0.1993766874074936,1.2126415967941284,3.0509536266326904,0.04289399832487106
757,15.399228811264038,0.4869083762168884,0.15630923211574554,0.303022563457489,0.337882936000824,0.21910208463668823,1.2399317026138306,3.053757667541504,0.039696428924798965
758,15.409920692443848,0.4869083762168884,0.15630923211574554,0.303022563457489,0.364554762840271,0.21541592478752136,1.2751636505126953,3.063278913497925,0.042212191969156265
759,15.44023323059082,0.4869083762168884,0.15630923211574554,0.303022563457489,0.3728273808956146,0.19687053561210632,1.3662121295928955,3.078650712966919,0.050842344760894775
760,15.455984830856323,0.4869083762168884,0.15630923211574554,0.303022563457489,0.3785434067249298,0.19742022454738617,1.3777823448181152,3.093454360961914,0.06043253839015961
761,15.483945369720459,0.4869083762168884,0.15630923211574554,0.303022563457489,0.3920847177505493,0.21887944638729095,1.3300319910049438,3.1027462482452393,0.06507493555545807
762,15.494575500488281,0.4869083762168884,0.15630923211574554,0.303022563457489,0.40908128023147583,0.24915681779384613,1.2318055629730225,3.108818531036377,0.06289491057395935
763,15.521275043487549,0.4869083762168884,0.15630923211574554,0.303022563457489,0.4248813986778259,0.28032442927360535,1.087734580039978,3.115229606628418,0.05592838302254677
764,15.532017469406128,0.4869083762168884,0.15630923211574554,0.303022563457489,0.4180062413215637,0.30574628710746765,1.2781479358673096,3.1245508193969727,0.04177497699856758
765,15.559195756912231,0.4869083762168884,0.15630923211574554,0.303022563457489,0.42192503809928894,0.3007380962371826,1.1860358715057373,3.139801025390625,0.025207258760929108
766,15.57210659980774,0.4869083762168884,0.15630923211574554,0.303022563457489,0.43168580532073975,0.2892254889011383,0.9130880236625671,-3.1333746910095215,0.017255237326025963
767,15.601541519165039,0.4869083762168884,0.15630923211574554,0.303022563457489,0.4344772696495056,0.2576705813407898,0.6726657152175903,-3.1339147090911865,0.015287100337445736
768,15.612159252166748,0.4869083762168884,0.15630923211574554,0.303022563457489,0.4175054132938385,0.20722049474716187,0.46975329518318176,-3.1339590549468994,0.015671411529183388
769,15.63895034790039,0.4869083762168884,0.15630923211574554,0.303022563457489,0.39936017990112305,0.16379183530807495,0.43276605010032654,-3.128012180328369,0.01734519936144352
770,15.650984048843384,0.4869083762168884,0.15630923211574554,0.303022563457489,0.39150553941726685,0.13510724902153015,0.3794552683830261,-3.1183583736419678,0.020887557417154312
771,15.682876348495483,0.4869083762168884,0.15630923211574554,0.303022563457489,0.3929523825645447,0.1136426031589508,0.3366345763206482,-3.1102864742279053,0.02623775228857994
772,15.695840120315552,0.4869083762168884,0.15630923211574554,0.303022563457489,0.3992443382740021,0.09282846748828888,0.3504115641117096,-3.1068496704101562,0.032003551721572876
773,15.723188877105713,0.4869083762168884,0.15630923211574554,0.303022563457489,0.4068382978439331,0.0685589388012886,0.3681710958480835,-3.1066112518310547,0.036872703582048416
774,15.733726739883423,0.4869083762168884,0.15630923211574554,0.303022563457489,0.4145016372203827,0.04046887159347534,0.38909974694252014,-3.107863664627075,0.04102688282728195
775,15.75985860824585,0.4869083762168884,0.15630923211574554,0.303022563457489,0.4235992431640625,0.011926382780075073,0.4293487071990967,-3.1105575561523438,0.04565772786736488
776,15.77107286453247,0.4869083762168884,0.15630923211574554,0.303022563457489,0.4359285235404968,-0.014440229162573814,0.4746773838996887,-3.1147055625915527,0.05153520032763481
777,15.798409700393677,0.4869083762168884,0.15630923211574554,0.303022563457489,0.45286881923675537,-0.03913867473602295,0.5322617292404175,-3.1185383796691895,0.05898531153798103
778,15.814725399017334,0.4869083762168884,0.15630923211574554,0.303022563457489,0.47393062710762024,-0.06923158466815948,0.5754307508468628,-3.1183903217315674,0.06806544214487076
779,15.841981410980225,0.4869083762168884,0.15630923211574554,0.303022563457489,0.5022143721580505,-0.09223468601703644,0.292743444442749,-3.1135170459747314,0.07456575334072113
780,15.853663444519043,0.4869083762168884,0.15630923211574554,0.303022563457489,0.5132564902305603,-0.09783438593149185,0.17780709266662598,-3.107015371322632,0.07407674193382263
781,15.883307695388794,0.4869083762168884,0.15630923211574554,0.303022563457489,0.520089328289032,-0.0908675342798233,0.23989924788475037,-3.095187187194824,0.07652637362480164
782,15.895735263824463,0.4869083762168884,0.15630923211574554,0.303022563457489,0.5168964862823486,-0.066399946808815,0.25764787197113037,-3.0832362174987793,0.08209104835987091
783,15.924336910247803,0.4869083762168884,0.15630923211574554,0.303022563457489,0.48182645440101624,-0.022490588948130608,0.35697364807128906,-3.0821263790130615,0.08876366168260574
784,15.936594724655151,0.4869083762168884,0.15630923211574554,0.303022563457489,0.4326736330986023,0.015460116788744926,0.43476438522338867,-3.0929641723632812,0.09657314419746399
785,15.963462591171265,0.4869083762168884,0.15630923211574554,0.303022563457489,0.4033460319042206,0.04225105047225952,0.4268796443939209,-3.108454465866089,0.10380540043115616
786,15.974288702011108,0.4869083762168884,0.15630923211574554,0.303022563457489,0.3917073905467987,0.0640784204006195,0.3997824788093567,-3.123760938644409,0.10743149369955063
787,16.00086784362793,0.4869083762168884,0.15630923211574554,0.303022563457489,0.3902882933616638,0.08391709625720978,0.38754576444625854,-3.1365506649017334,0.10567567497491837
788,16.011715412139893,0.4869083762168884,0.15630923211574554,0.303022563457489,0.3924378752708435,0.10293950140476227,0.406075656414032,3.137084722518921,0.10015641152858734
789,16.038723945617676,0.4869083762168884,0.15630923211574554,0.303022563457489,0.3969966769218445,0.12059110403060913,0.4454299509525299,3.1308298110961914,0.09421098232269287
790,16.050718784332275,0.4869083762168884,0.15630923211574554,0.303022563457489,0.40397971868515015,0.1376579850912094,0.4852282702922821,3.127737045288086,0.08956635743379593
791,16.078709602355957,0.4869083762168884,0.15630923211574554,0.303022563457489,0.4117758870124817,0.1582731157541275,0.5075141191482544,3.127384662628174,0.08556093275547028
792,16.090325593948364,0.4869083762168884,0.15630923211574554,0.303022563457489,0.41911783814430237,0.18700583279132843,0.5027326345443726,3.1286470890045166,0.08078061789274216
793,16.118441104888916,0.4869083762168884,0.15630923211574554,0.303022563457489,0.42446455359458923,0.22080038487911224,0.48955702781677246,3.130305290222168,0.0748080164194107
794,16.129874229431152,0.4869083762168884,0.15630923211574554,0.303022563457489,0.3948702812194824,0.26891180872917175,0.6789368391036987,3.1317481994628906,0.06804149597883224
795,16.157207250595093,0.4869083762168884,0.15630923211574554,0.303022563457489,0.3884199559688568,0.2795120179653168,0.8769857287406921,3.1371636390686035,0.05381298065185547
796,16.168254613876343,0.4869083762168884,0.15630923211574554,0.303022563457489,0.38112449645996094,0.2867544889450073,0.8969183564186096,-3.1344497203826904,0.042081188410520554
797,16.195916175842285,0.4869083762168884,0.15630923211574554,0.303022563457489,0.3917657434940338,0.29630807042121887,0.6684731245040894,-3.1281538009643555,0.03881870582699776
798,16.207101345062256,0.4869083762168884,0.15630923211574554,0.303022563457489,0.40856653451919556,0.3022916913032532,0.4253827631473541,-3.1314549446105957,0.03798193112015724
799,16.235077381134033,0.4869083762168884,0.15630923211574554,0.303022563457489,0.4070151150226593,0.28870657086372375,0.37716856598854065,-3.137399435043335,0.037874042987823486
800,16.24554991722107,0.4869083762168884,0.15630923211574554,0.303022563457489,0.39018142223358154,0.2525363862514496,0.36247944831848145,-3.1378695964813232,0.039404451847076416
801,16.275298833847046,0.4869083762168884,0.15630923211574554,0.303022563457489,0.372590035200119,0.2150980532169342,0.3697161078453064,-3.132633924484253,0.04157969355583191
802,16.28709578514099,0.4869083762168884,0.15630923211574554,0.303022563457489,0.35862329602241516,0.1860249936580658,0.3575403690338135,-3.124025344848633,0.045005880296230316
803,16.314794540405273,0.4869083762168884,0.15630923211574554,0.303022563457489,0.3544723689556122,0.16296875476837158,0.2918948531150818,-3.1142115592956543,0.050336334854364395
804,16.32561445236206,0.4869083762168884,0.15630923211574554,0.303022563457489,0.35931727290153503,0.14529690146446228,0.2364213764667511,-3.1058051586151123,0.055705808103084564
805,16.354146003723145,0.4869083762168884,0.15630923211574554,0.303022563457489,0.36779114603996277,0.13051286339759827,0.22830727696418762,-3.099625825881958,0.05988636985421181
806,16.365590572357178,0.4869083762168884,0.15630923211574554,0.303022563457489,0.3769755959510803,0.11425808072090149,0.23045742511749268,-3.0952043533325195,0.06261090189218521
807,16.3919517993927,0.4869083762168884,0.15630923211574554,0.303022563457489,0.3865818977355957,0.09472431242465973,0.22028377652168274,-3.0924975872039795,0.06394550949335098
808,16.402102947235107,0.4869083762168884,0.15630923211574554,0.303022563457489,0.39742347598075867,0.07445438951253891,0.2282397747039795,-3.09232759475708,0.06453084200620651
809,16.43013906478882,0.4869083762168884,0.15630923211574554,0.303022563457489,0.410806804895401,0.055136777460575104,0.2652255892753601,-3.0951671600341797,0.0652790516614914
810,16.43987536430359,0.4869083762168884,0.15630923211574554,0.303022563457489,0.42746707797050476,0.037538398057222366,0.316641628742218,-3.1008520126342773,0.06673651188611984
811,16.466634273529053,0.4869083762168884,0.15630923211574554,0.303022563457489,0.449520468711853,0.02187744714319706,0.3624420166015625,-3.1082184314727783,0.06853277236223221
812,16.477436542510986,0.4869083762168884,0.15630923211574554,0.303022563457489,0.4773522913455963,0.0051012225449085236,0.3925449550151825,-3.114557981491089,0.0699208602309227
813,16.50444507598877,0.4869083762168884,0.15630923211574554,0.303022563457489,0.507835865020752,-0.017140481621026993,0.38821107149124146,-3.1163506507873535,0.07087317109107971
814,16.51548409461975,0.4869083762168884,0.15630923211574554,0.303022563457489,0.5318701267242432,-0.03926857188344002,0.347353994846344,-3.1110074520111084,0.0731271281838417
815,16.542654991149902,0.4869083762168884,0.15630923211574554,0.303022563457489,0.5393696427345276,-0.04669555276632309,0.15690550208091736,-3.0991878509521484,0.07856786251068115
816,16.55272340774536,0.4869083762168884,0.15630923211574554,0.303022563457489,0.5078186988830566,-0.01672864705324173,0.2690364122390747,-3.0944466590881348,0.08478167653083801
817,16.580819368362427,0.4869083762168884,0.15630923211574554,0.303022563457489,0.45036187767982483,0.02671702951192856,0.474065899848938,-3.1039879322052,0.09539701789617538
818,16.591615438461304,0.4869083762168884,0.15630923211574554,0.303022563457489,0.40473127365112305,0.05889015644788742,0.5021927356719971,-3.120682716369629,0.106719471514225
819,16.619744539260864,0.4869083762168884,0.15630923211574554,0.303022563457489,0.37834644317626953,0.08573394268751144,0.46674227714538574,-3.1374311447143555,0.11478522419929504
820,16.63209080696106,0.4869083762168884,0.15630923211574554,0.303022563457489,0.3649141192436218,0.11035776138305664,0.43361976742744446,3.13173246383667,0.11689670383930206
821,16.65926504135132,0.4869083762168884,0.15630923211574554,0.303022563457489,0.35831961035728455,0.13419698178768158,0.4408990144729614,3.121248722076416,0.11313368380069733
822,16.670493841171265,0.4869083762168884,0.15630923211574554,0.303022563457489,0.35782602429389954,0.1556163877248764,0.48031771183013916,3.114365816116333,0.10629213601350784
823,16.70049214363098,0.4869083762168884,0.15630923211574554,0.303022563457489,0.3640255928039551,0.17034703493118286,0.5245470404624939,3.11136794090271,0.10002908855676651
824,16.712958574295044,0.4869083762168884,0.15630923211574554,0.303022563457489,0.3732171952724457,0.18035222589969635,0.5718047618865967,3.112001419067383,0.09585791081190109
825,16.73963713645935,0.4869083762168884,0.15630923211574554,0.303022563457489,0.3804698884487152,0.19347640872001648,0.5987534523010254,3.114748001098633,0.09242698550224304
826,16.749552249908447,0.4869083762168884,0.15630923211574554,0.303022563457489,0.38412269949913025,0.21564948558807373,0.5836410522460938,3.1178858280181885,0.08795180171728134
827,16.77622413635254,0.4869083762168884,0.15630923211574554,0.303022563457489,0.38511011004447937,0.2453494369983673,0.5432783365249634,3.120605945587158,0.08195638656616211
828,16.78641939163208,0.4869083762168884,0.15630923211574554,0.303022563457489,0.2824757993221283,0.3303692638874054,1.2795039415359497,3.1219396591186523,0.07445415109395981
829,16.81438946723938,0.4869083762168884,0.15630923211574554,0.303022563457489,0.3129371106624603,0.3298763334751129,1.2210506200790405,3.1222004890441895,0.06463955342769623
830,16.824904441833496,0.4869083762168884,0.15630923211574554,0.303022563457489,0.3535785973072052,0.36541152000427246,1.34913170337677,3.128419876098633,0.0664915218949318
831,16.85141658782959,0.4869083762168884,0.15630923211574554,0.303022563457489,0.34029868245124817,0.4234873056411743,1.8333903551101685,3.1342713832855225,0.06934554129838943
832,16.862053155899048,0.4869083762168884,0.15630923211574554,0.303022563457489,0.4260692000389099,0.3833818733692169,1.7349212169647217,3.138883590698242,0.07239635288715363
833,16.887320041656494,0.4869083762168884,0.15630923211574554,0.303022563457489,0.5077917575836182,0.29028069972991943,1.5154225826263428,-3.1321349143981934,0.08095196634531021
834,16.898526191711426,0.4869083762168884,0.15630923211574554,0.303022563457489,0.5780963897705078,0.2033124566078186,1.2509452104568481,-3.1085352897644043,0.08543920516967773
835,16.925463914871216,0.4869083762168884,0.15630923211574554,0.303022563457489,0.6220338940620422,0.16095761954784393,1.071911334991455,-3.088740825653076,0.08309785276651382
836,16.937754154205322,0.4869083762168884,0.15630923211574554,0.303022563457489,0.6400353908538818,0.13730596005916595,1.1092324256896973,-3.0831921100616455,0.08214014768600464
837,16.965709686279297,0.4869083762168884,0.15630923211574554,0.303022563457489,0.6468616127967834,0.11308170855045319,1.2884581089019775,-3.089663028717041,0.09166828542947769
838,16.97687530517578,0.4869083762168884,0.15630923211574554,0.303022563457489,0.6708080768585205,0.07150091230869293,1.2845159769058228,-3.0960450172424316,0.110014408826828
839,17.00614094734192,0.4869083762168884,0.15630923211574554,0.303022563457489,0.7159963846206665,0.017162147909402847,1.1822789907455444,-3.0922133922576904,0.12895292043685913
840,17.016841650009155,0.4869083762168884,0.15630923211574554,0.303022563457489,0.7555739283561707,-0.03502846136689186,1.0896482467651367,-3.0797996520996094,0.14356635510921478
841,17.04366660118103,0.4869083762168884,0.15630923211574554,0.303022563457489,0.7882546186447144,-0.05603526160120964,0.6315247416496277,-3.0726332664489746,0.14269034564495087
842,17.053266048431396,0.4869083762168884,0.15630923211574554,0.303022563457489,0.78445965051651,-0.05425139516592026,0.19182948768138885,-3.0785698890686035,0.12728773057460785
843,17.080589532852173,0.4869083762168884,0.15630923211574554,0.303022563457489,0.7525315284729004,-0.02929629385471344,0.27131763100624084,-3.092850685119629,0.1179991066455841
844,17.091098308563232,0.4869083762168884,0.15630923211574554,0.303022563457489,0.7297493815422058,-0.006913928315043449,0.358612060546875,-3.1079232692718506,0.12393715232610703
845,17.120215892791748,0.4869083762168884,0.15630923211574554,0.303022563457489,0.7030729651451111,0.021151280030608177,0.31354355812072754,-3.122732162475586,0.13775773346424103
846,17.131298303604126,0.4869083762168884,0.15630923211574554,0.303022563457489,0.6680596470832825,0.057911600917577744,0.33817169070243835,-3.140831470489502,0.14999212324619293
847,17.15921688079834,0.4869083762168884,0.15630923211574554,0.303022563457489,0.6339985728263855,0.08622564375400543,0.2173919528722763,3.1225526332855225,0.15818752348423004
848,17.175487518310547,0.4869083762168884,0.15630923211574554,0.303022563457489,0.5988146066665649,0.11785542964935303,0.15725034475326538,3.1015944480895996,0.16478249430656433
849,17.20387077331543,0.4869083762168884,0.15630923211574554,0.303022563457489,0.544525146484375,0.16921015083789825,0.08910785615444183,3.0796284675598145,0.1717178225517273
850,17.216094732284546,0.4869083762168884,0.15630923211574554,0.303022563457489,0.4628968834877014,0.2401592880487442,0.19961339235305786,3.054705858230591,0.17684730887413025
851,17.24311590194702,0.4869083762168884,0.15630923211574554,0.303022563457489,0.395254522562027,0.29128527641296387,0.467983603477478,3.0343854427337646,0.1812218278646469
852,17.253377199172974,0.4869083762168884,0.15630923211574554,0.303022563457489,0.36122116446495056,0.33033210039138794,1.0529228448867798,3.02016544342041,0.18594366312026978
853,17.280075550079346,0.4869083762168884,0.15630923211574554,0.303022563457489,0.3996566832065582,0.3589770197868347,1.650610089302063,3.0107576847076416,0.18641802668571472
854,17.28990912437439,0.4869083762168884,0.15630923211574554,0.303022563457489,0.47526270151138306,0.3945871889591217,1.8699792623519897,3.0053722858428955,0.18146173655986786
855,17.319682598114014,0.4869083762168884,0.15630923211574554,0.303022563457489,0.5728650093078613,0.434749573469162,1.6450207233428955,3.0046634674072266,0.17276650667190552
856,17.33143401145935,0.4869083762168884,0.15630923211574554,0.303022563457489,0.7105358242988586,0.41757577657699585,1.1273614168167114,3.018277883529663,0.16395878791809082
857,17.35864806175232,0.4869083762168884,0.15630923211574554,0.303022563457489,0.7297183871269226,0.40123170614242554,1.832350492477417,3.044229507446289,0.1514725685119629
858,17.37096929550171,0.4869083762168884,0.15630923211574554,0.303022563457489,0.7219077348709106,0.4245654344558716,2.21634840965271,3.072110652923584,0.13473418354988098
859,17.397172212600708,0.4869083762168884,0.15630923211574554,0.303022563457489,0.6950401067733765,0.4514583945274353,2.339209794998169,3.0962674617767334,0.12010006606578827
860,17.409194231033325,0.4869083762168884,0.15630923211574554,0.303022563457489,0.6684385538101196,0.43931856751441956,2.3467814922332764,3.1173174381256104,0.11551747471094131
861,17.43706703186035,0.4869083762168884,0.15630923211574554,0.303022563457489,0.6126537322998047,0.4242766201496124,1.9522972106933594,3.133209466934204,0.11654453724622726
862,17.447182655334473,0.4869083762168884,0.15630923211574554,0.303022563457489,0.6135509610176086,0.363248735666275,0.8537102937698364,-3.1398117542266846,0.10646213591098785
863,17.473533153533936,0.4869083762168884,0.15630923211574554,0.303022563457489,0.5958719849586487,0.30945655703544617,0.23570403456687927,-3.1400938034057617,0.09689617902040482
864,17.48392629623413,0.4869083762168884,0.15630923211574554,0.303022563457489,0.5348657965660095,0.25987640023231506,0.2594267725944519,3.1402924060821533,0.09522122889757156
865,17.510576725006104,0.4869083762168884,0.15630923211574554,0.303022563457489,0.48762625455856323,0.21441055834293365,0.3096392750740051,-3.1414875984191895,0.09832130372524261
866,17.520739555358887,0.4869083762168884,0.15630923211574554,0.303022563457489,0.4506855607032776,0.1844082921743393,0.38811755180358887,-3.138885259628296,0.09882237017154694
867,17.548356533050537,0.4869083762168884,0.15630923211574554,0.303022563457489,0.4141889810562134,0.1615229994058609,0.46158918738365173,-3.134648561477661,0.10053631663322449
868,17.558617115020752,0.4869083762168884,0.15630923211574554,0.303022563457489,0.3655977249145508,0.1176791563630104,0.3050529658794403,-3.1254870891571045,0.1071702241897583
869,17.589444160461426,0.4869083762168884,0.15630923211574554,0.303022563457489,0.3294457793235779,0.09103678166866302,0.2123529016971588,-3.112828016281128,0.11635752767324448
870,17.6003315448761,0.4869083762168884,0.15630923211574554,0.303022563457489,0.3180558383464813,0.07568527013063431,-0.0025034714490175247,-3.0994982719421387,0.12463773041963577
871,17.627812385559082,0.4869083762168884,0.15630923211574554,0.303022563457489,0.31280839443206787,0.0672823116183281,-0.19720079004764557,-3.0858566761016846,0.12841245532035828
872,17.63872003555298,0.4869083762168884,0.15630923211574554,0.303022563457489,0.3072371184825897,0.06636770069599152,-0.3228800892829895,-3.0736358165740967,0.1279539316892624
873,17.66567349433899,0.4869083762168884,0.15630923211574554,0.303022563457489,0.2912479639053345,0.06206212192773819,-0.36268097162246704,-3.0647292137145996,0.1267990916967392
874,17.678435564041138,0.4869083762168884,0.15630923211574554,0.303022563457489,0.27239203453063965,0.05281505733728409,-0.3164631128311157,-3.0597386360168457,0.12831655144691467
875,17.70741367340088,0.4869083762168884,0.15630923211574554,0.303022563457489,0.2541370093822479,0.03324984014034271,-0.2669889032840729,-3.0577986240386963,0.13293617963790894
876,17.718790531158447,0.4869083762168884,0.15630923211574554,0.303022563457489,0.24436181783676147,0.014597498811781406,-0.22486573457717896,-3.0567617416381836,0.13895650207996368
877,17.745747089385986,0.4869083762168884,0.15630923211574554,0.303022563457489,0.24106484651565552,-0.0008444711565971375,-0.18204815685749054,-3.056464433670044,0.1452403962612152
878,17.762261152267456,0.4869083762168884,0.15630923211574554,0.303022563457489,0.24190017580986023,-0.015682747587561607,-0.13028857111930847,-3.0581164360046387,0.15112468600273132
879,17.793470859527588,0.4869083762168884,0.15630923211574554,0.303022563457489,0.24740314483642578,-0.030669063329696655,-0.06727030873298645,-3.062657594680786,0.1556410789489746
880,17.80539059638977,0.4869083762168884,0.15630923211574554,0.303022563457489,0.2569052577018738,-0.046543143689632416,-0.0045764269307255745,-3.0692648887634277,0.15782569348812103
881,17.83226990699768,0.4869083762168884,0.15630923211574554,0.303022563457489,0.26768481731414795,-0.06452443450689316,0.04860556870698929,-3.075296640396118,0.15755824744701385
882,17.843563556671143,0.4869083762168884,0.15630923211574554,0.303022563457489,0.2762138247489929,-0.08288408070802689,0.1067127138376236,-3.0775134563446045,0.1561668962240219
883,17.87128496170044,0.4869083762168884,0.15630923211574554,0.303022563457489,0.27378374338150024,-0.10061677545309067,0.09242434054613113,-3.0741817951202393,0.154899463057518
884,17.882091283798218,0.4869083762168884,0.15630923211574554,0.303022563457489,0.2951095998287201,-0.05594595894217491,0.030006254091858864,-3.0739731788635254,0.15150608122348785
885,17.91235113143921,0.4869083762168884,0.15630923211574554,0.303022563457489,0.2796332836151123,-0.0006923284381628036,0.2818675637245178,-3.0879018306732178,0.14830580353736877
886,17.92210865020752,0.4869083762168884,0.15630923211574554,0.303022563457489,0.2691551446914673,0.041248902678489685,0.3149694800376892,-3.1047823429107666,0.1466202288866043
887,17.94906210899353,0.4869083762168884,0.15630923211574554,0.303022563457489,0.2805253565311432,0.07555773854255676,0.2689914107322693,-3.1163170337677,0.1439610868692398
888,17.95893096923828,0.4869083762168884,0.15630923211574554,0.303022563457489,0.3018034100532532,0.1059589609503746,0.2360917329788208,-3.1240100860595703,0.1406993716955185
889,17.986407041549683,0.4869083762168884,0.15630923211574554,0.303022563457489,0.31695228815078735,0.12939795851707458,0.2191084325313568,-3.1281275749206543,0.13882850110530853
890,17.99667763710022,0.4869083762168884,0.15630923211574554,0.303022563457489,0.32607588171958923,0.15189175307750702,0.24406293034553528,-3.1280739307403564,0.14000064134597778
891,18.02347183227539,0.4869083762168884,0.15630923211574554,0.303022563457489,0.33546358346939087,0.17661385238170624,0.26613518595695496,-3.124992609024048,0.14417816698551178
892,18.034008979797363,0.4869083762168884,0.15630923211574554,0.303022563457489,0.35279926657676697,0.20657585561275482,0.27749496698379517,-3.1209158897399902,0.14948034286499023
893,18.062309503555298,0.4869083762168884,0.15630923211574554,0.303022563457489,0.37616613507270813,0.24310709536075592,0.2949090003967285,-3.117913007736206,0.1536862999200821
894,18.07332992553711,0.4869083762168884,0.15630923211574554,0.303022563457489,0.4005301296710968,0.28653979301452637,0.30840325355529785,-3.1183907985687256,0.1555040031671524
895,18.099990129470825,0.4869083762168884,0.15630923211574554,0.303022563457489,0.4223312735557556,0.33059534430503845,0.3108603060245514,-3.123328924179077,0.15554192662239075
896,18.112205982208252,0.4869083762168884,0.15630923211574554,0.303022563457489,0.4320363998413086,0.35672926902770996,0.4752485156059265,-3.131028890609741,0.15254056453704834
897,18.139469623565674,0.4869083762168884,0.15630923211574554,0.303022563457489,0.4449646770954132,0.31928861141204834,0.6643059849739075,-3.127685070037842,0.1425190418958664
898,18.15413475036621,0.4869083762168884,0.15630923211574554,0.303022563457489,0.45134738087654114,0.26806649565696716,0.6059964895248413,-3.120952844619751,0.13821378350257874
899,18.185399055480957,0.4869083762168884,0.15630923211574554,0.303022563457489,0.45659783482551575,0.2071956992149353,0.44178667664527893,-3.115691900253296,0.12897469103336334
900,18.195808172225952,0.4869083762168884,0.15630923211574554,0.303022563457489,0.4484615623950958,0.1570519655942917,0.3720649480819702,-3.113609552383423,0.11440208554267883
901,18.2223801612854,0.4869083762168884,0.15630923211574554,0.303022563457489,0.4338229298591614,0.11705010384321213,0.32103753089904785,-3.113798141479492,0.10168478637933731
902,18.232571125030518,0.4869083762168884,0.15630923211574554,0.303022563457489,0.4263375401496887,0.08539768308401108,0.2624530792236328,-3.115410804748535,0.09216468036174774
903,18.261226654052734,0.4869083762168884,0.15630923211574554,0.303022563457489,0.42727988958358765,0.06089868023991585,0.27933764457702637,-3.118870735168457,0.08308982104063034
904,18.276021480560303,0.4869083762168884,0.15630923211574554,0.303022563457489,0.42933008074760437,0.039709627628326416,0.3423525393009186,-3.1246421337127686,0.07438979297876358
905,18.304402351379395,0.4869083762168884,0.15630923211574554,0.303022563457489,0.432128369808197,0.016391772776842117,0.3587753474712372,-3.1324410438537598,0.06683909147977829
906,18.31619954109192,0.4869083762168884,0.15630923211574554,0.303022563457489,0.43650245666503906,-0.010229500010609627,0.3476030230522156,-3.1415116786956787,0.060740478336811066
907,18.342915058135986,0.4869083762168884,0.15630923211574554,0.303022563457489,0.4427049160003662,-0.03444249555468559,0.366773784160614,3.130864381790161,0.0569722019135952
908,18.353708028793335,0.4869083762168884,0.15630923211574554,0.303022563457489,0.44747158885002136,-0.056970514357089996,0.291670560836792,3.1180849075317383,0.056135885417461395
909,18.380603075027466,0.4869083762168884,0.15630923211574554,0.303022563457489,0.4611711800098419,-0.06166473776102066,0.08751000463962555,3.1009373664855957,0.0467367023229599
910,18.39128613471985,0.4869083762168884,0.15630923211574554,0.303022563457489,0.45502108335494995,-0.07571706920862198,0.12325941771268845,3.0870449542999268,0.03166451305150986
911,18.41890549659729,0.4869083762168884,0.15630923211574554,0.303022563457489,0.4460407793521881,-0.08813821524381638,0.3147784471511841,3.0848212242126465,0.02469770237803459
912,18.429954051971436,0.4869083762168884,0.15630923211574554,0.303022563457489,0.447627454996109,-0.09854235500097275,0.4305696189403534,3.0906107425689697,0.02572471648454666
913,18.45735216140747,0.4869083762168884,0.15630923211574554,0.303022563457489,0.45858949422836304,-0.10677218437194824,0.43369346857070923,3.0990326404571533,0.02842068299651146
914,18.467809200286865,0.4869083762168884,0.15630923211574554,0.303022563457489,0.4675857126712799,-0.10855656862258911,0.3911280632019043,3.10744309425354,0.029133165255188942
915,18.496084213256836,0.4869083762168884,0.15630923211574554,0.303022563457489,0.4627801179885864,-0.09644047915935516,0.34922295808792114,3.1142630577087402,0.029097143560647964
916,18.506837368011475,0.4869083762168884,0.15630923211574554,0.303022563457489,0.43238383531570435,-0.05699397251009941,0.3543929159641266,3.1146397590637207,0.0316755473613739
917,18.5336754322052,0.4869083762168884,0.15630923211574554,0.303022563457489,0.39229530096054077,-0.008089462295174599,0.3058103919029236,3.1064162254333496,0.03712916374206543
918,18.54522728919983,0.4869083762168884,0.15630923211574554,0.303022563457489,0.3677017092704773,0.032027725130319595,0.3014296591281891,3.0934784412384033,0.04395617917180061
919,18.572166681289673,0.4869083762168884,0.15630923211574554,0.303022563457489,0.35920658707618713,0.064964659512043,0.34077268838882446,3.0799479484558105,0.05063541978597641
920,18.58281183242798,0.4869083762168884,0.15630923211574554,0.303022563457489,0.36424151062965393,0.0925910696387291,0.388404905796051,3.0693514347076416,0.05412038788199425
921,18.609562873840332,0.4869083762168884,0.15630923211574554,0.303022563457489,0.3758866786956787,0.1165563240647316,0.4379007816314697,3.0630359649658203,0.05389443039894104
922,18.61970829963684,0.4869083762168884,0.15630923211574554,0.303022563457489,0.3926056921482086,0.13884951174259186,0.5046288371086121,3.060462236404419,0.05194888636469841
923,18.646060943603516,0.4869083762168884,0.15630923211574554,0.303022563457489,0.4153551757335663,0.15990684926509857,0.579959511756897,3.0610249042510986,0.04947522282600403
924,18.65577220916748,0.4869083762168884,0.15630923211574554,0.303022563457489,0.44336411356925964,0.18260905146598816,0.6398379802703857,3.064533233642578,0.04560614004731178
925,18.682233333587646,0.4869083762168884,0.15630923211574554,0.303022563457489,0.47074469923973083,0.21097031235694885,0.6571990847587585,3.0704948902130127,0.03936423361301422
926,18.69248127937317,0.4869083762168884,0.15630923211574554,0.303022563457489,0.49136656522750854,0.24270497262477875,0.6514692306518555,3.0784523487091064,0.03196673095226288
927,18.719213008880615,0.4869083762168884,0.15630923211574554,0.303022563457489,0.5055848956108093,0.2704594135284424,0.6887419819831848,3.0878407955169678,0.025691095739603043
928,18.72931456565857,0.4869083762168884,0.15630923211574554,0.303022563457489,0.5162182450294495,0.28836512565612793,0.7382246851921082,3.0983550548553467,0.022819718345999718
929,18.759607315063477,0.4869083762168884,0.15630923211574554,0.303022563457489,0.5316609740257263,0.3092597723007202,0.7028894424438477,3.10864520072937,0.02527046948671341
930,18.772007942199707,0.4869083762168884,0.15630923211574554,0.303022563457489,0.5132933855056763,0.33529379963874817,0.824539840221405,3.111023187637329,0.025289254263043404
931,18.80147409439087,0.4869083762168884,0.15630923211574554,0.303022563457489,0.47793856263160706,0.2993272840976715,0.7585364580154419,3.1185426712036133,0.021935639902949333
932,18.81398630142212,0.4869083762168884,0.15630923211574554,0.303022563457489,0.43622469902038574,0.2513834536075592,0.5163626670837402,3.1262288093566895,0.030118675902485847
933,18.841482639312744,0.4869083762168884,0.15630923211574554,0.303022563457489,0.4067264199256897,0.20780393481254578,0.3750784397125244,3.1309731006622314,0.03976060450077057
934,18.851997137069702,0.4869083762168884,0.15630923211574554,0.303022563457489,0.39354729652404785,0.17759917676448822,0.3276425004005432,3.1341326236724854,0.04507075995206833
935,18.879388332366943,0.4869083762168884,0.15630923211574554,0.303022563457489,0.3843191862106323,0.15692546963691711,0.33635738492012024,3.137667179107666,0.04741606488823891
936,18.889112949371338,0.4869083762168884,0.15630923211574554,0.303022563457489,0.3765571713447571,0.14133386313915253,0.37211719155311584,3.141139030456543,0.050191037356853485
937,18.916370630264282,0.4869083762168884,0.15630923211574554,0.303022563457489,0.37067514657974243,0.1279158592224121,0.3985147774219513,-3.1396825313568115,0.05460008233785629
938,18.927024364471436,0.4869083762168884,0.15630923211574554,0.303022563457489,0.36859580874443054,0.11720754951238632,0.4148673415184021,-3.138662099838257,0.05993480235338211
939,18.954708099365234,0.4869083762168884,0.15630923211574554,0.303022563457489,0.364961713552475,0.09796993434429169,0.4112224876880646,-3.137700319290161,0.06534209847450256
940,18.9655282497406,0.4869083762168884,0.15630923211574554,0.303022563457489,0.3645463287830353,0.08021605014801025,0.4107125699520111,-3.1367924213409424,0.07002605497837067
941,18.99355459213257,0.4869083762168884,0.15630923211574554,0.303022563457489,0.36677178740501404,0.06514064222574234,0.4145641624927521,-3.1373815536499023,0.07375448197126389
942,19.00385046005249,0.4869083762168884,0.15630923211574554,0.303022563457489,0.3709128499031067,0.04923038184642792,0.4294898509979248,-3.1403427124023438,0.07679138332605362
943,19.031376123428345,0.4869083762168884,0.15630923211574554,0.303022563457489,0.3782265782356262,0.03186574950814247,0.46044814586639404,3.1378426551818848,0.07936445623636246
944,19.04162859916687,0.4869083762168884,0.15630923211574554,0.303022563457489,0.3897888958454132,0.013113328255712986,0.4969719350337982,3.1319799423217773,0.08148158341646194
945,19.06956958770752,0.4869083762168884,0.15630923211574554,0.303022563457489,0.40065354108810425,-0.007991787046194077,0.3192748427391052,3.126490831375122,0.08299120515584946
946,19.080986499786377,0.4869083762168884,0.15630923211574554,0.303022563457489,0.43000414967536926,-0.016401685774326324,-0.08963203430175781,3.119706630706787,0.0740666314959526
947,19.107875108718872,0.4869083762168884,0.15630923211574554,0.303022563457489,0.45013442635536194,-0.032574430108070374,-0.07017464190721512,3.115483045578003,0.05955975875258446
948,19.12087845802307,0.4869083762168884,0.15630923211574554,0.303022563457489,0.46484798192977905,-0.051262423396110535,-0.15655478835105896,3.1220016479492188,0.04797424376010895
949,19.14881944656372,0.4869083762168884,0.15630923211574554,0.303022563457489,0.45988041162490845,-0.049418095499277115,-0.2708052694797516,3.135326862335205,0.04178732633590698
950,19.159830570220947,0.4869083762168884,0.15630923211574554,0.303022563457489,0.41770151257514954,-0.023862868547439575,-0.15826544165611267,3.140078544616699,0.04789619892835617
951,19.18673300743103,0.4869083762168884,0.15630923211574554,0.303022563457489,0.4025194048881531,0.05660451576113701,0.14528532326221466,3.1249399185180664,0.05640694499015808
952,19.197204113006592,0.4869083762168884,0.15630923211574554,0.303022563457489,0.40658918023109436,0.10026796162128448,0.23149558901786804,3.106182098388672,0.0582575760781765
953,19.224786281585693,0.4869083762168884,0.15630923211574554,0.303022563457489,0.42522579431533813,0.1292247176170349,0.2765542268753052,3.0967767238616943,0.05637016519904137
954,19.242661714553833,0.4869083762168884,0.15630923211574554,0.303022563457489,0.4525322914123535,0.15252695977687836,0.2794998288154602,3.096053123474121,0.05296294391155243
955,19.275250673294067,0.4869083762168884,0.15630923211574554,0.303022563457489,0.47649508714675903,0.17639128863811493,0.28152430057525635,3.1003012657165527,0.04931328073143959
956,19.28818988800049,0.4869083762168884,0.15630923211574554,0.303022563457489,0.4925819933414459,0.20582984387874603,0.29591071605682373,3.1062228679656982,0.04613760486245155
957,19.318599462509155,0.4869083762168884,0.15630923211574554,0.303022563457489,0.5047863721847534,0.2393776923418045,0.3246554136276245,3.110907793045044,0.04352446272969246
958,19.3283851146698,0.4869083762168884,0.15630923211574554,0.303022563457489,0.5172739028930664,0.26846742630004883,0.3501882255077362,3.113415002822876,0.04114009067416191
959,19.355137586593628,0.4869083762168884,0.15630923211574554,0.303022563457489,0.5285958647727966,0.2924756705760956,0.376821368932724,3.114841938018799,0.04000541567802429
960,19.364884853363037,0.4869083762168884,0.15630923211574554,0.303022563457489,0.5428262948989868,0.3220898509025574,0.4122154712677002,3.115199327468872,0.04106650874018669
961,19.391302585601807,0.4869083762168884,0.15630923211574554,0.303022563457489,0.5110266208648682,0.3902817964553833,0.28139597177505493,3.1116397380828857,0.04488905891776085
962,19.402135610580444,0.4869083762168884,0.15630923211574554,0.303022563457489,0.5186071395874023,0.34143030643463135,0.4159393012523651,3.1060914993286133,0.044434964656829834
963,19.428925037384033,0.4869083762168884,0.15630923211574554,0.303022563457489,0.5122685432434082,0.31135717034339905,0.5218077898025513,3.1043343544006348,0.050485387444496155
964,19.439330101013184,0.4869083762168884,0.15630923211574554,0.303022563457489,0.5148618221282959,0.28087425231933594,0.46797460317611694,3.102184534072876,0.054490700364112854
965,19.46717143058777,0.4869083762168884,0.15630923211574554,0.303022563457489,0.5033062100410461,0.24064040184020996,0.37390583753585815,3.1003644466400146,0.051144957542419434
966,19.477285385131836,0.4869083762168884,0.15630923211574554,0.303022563457489,0.48483526706695557,0.20689824223518372,0.3215838670730591,3.101525068283081,0.042448610067367554
967,19.50583052635193,0.4869083762168884,0.15630923211574554,0.303022563457489,0.46608424186706543,0.16715934872627258,0.25614607334136963,3.10722017288208,0.03358718752861023
968,19.516621112823486,0.4869083762168884,0.15630923211574554,0.303022563457489,0.44474807381629944,0.12639467418193817,0.12840092182159424,3.120333194732666,0.026229670271277428
969,19.54299545288086,0.4869083762168884,0.15630923211574554,0.303022563457489,0.42978012561798096,0.09421823173761368,-0.11202558875083923,3.137892484664917,0.02014753967523575
970,19.55381202697754,0.4869083762168884,0.15630923211574554,0.303022563457489,0.4212540090084076,0.07885126769542694,-0.3942205309867859,-3.1283979415893555,0.015370024368166924
971,19.580172061920166,0.4869083762168884,0.15630923211574554,0.303022563457489,0.4207167327404022,0.07344480603933334,-0.6220707893371582,-3.115859031677246,0.011636113747954369
972,19.591156482696533,0.4869083762168884,0.15630923211574554,0.303022563457489,0.4215661585330963,0.07131758332252502,-0.6566623449325562,-3.108590602874756,0.010263890027999878
973,19.61865258216858,0.4869083762168884,0.15630923211574554,0.303022563457489,0.4184272587299347,0.0480135977268219,-0.5864596366882324,-3.1075947284698486,0.011747361160814762
974,19.629175424575806,0.4869083762168884,0.15630923211574554,0.303022563457489,0.42585140466690063,0.03163847699761391,-0.4429693818092346,-3.1129648685455322,0.014462526887655258
975,19.656171798706055,0.4869083762168884,0.15630923211574554,0.303022563457489,0.4441591203212738,0.029352184385061264,-0.2984020411968231,-3.1270880699157715,0.01606539636850357
976,19.666544437408447,0.4869083762168884,0.15630923211574554,0.303022563457489,0.4693851172924042,0.02713903784751892,-0.23635773360729218,3.1349875926971436,0.01419711485505104
977,19.693988800048828,0.4869083762168884,0.15630923211574554,0.303022563457489,0.4971180558204651,0.016100555658340454,-0.21329136192798615,3.112884283065796,0.008009923622012138
978,19.704293489456177,0.4869083762168884,0.15630923211574554,0.303022563457489,0.5237024426460266,0.0002503649448044598,-0.21778398752212524,3.0949599742889404,-0.0015207084361463785
979,19.73331570625305,0.4869083762168884,0.15630923211574554,0.303022563457489,0.5450188517570496,-0.013245169073343277,-0.5414187908172607,3.080289840698242,-0.018067678436636925
980,19.744967460632324,0.4869083762168884,0.15630923211574554,0.303022563457489,0.5342292785644531,-0.02856181189417839,-0.5062881708145142,3.0725698471069336,-0.03376355394721031
981,19.772769689559937,0.4869083762168884,0.15630923211574554,0.303022563457489,0.5200245380401611,-0.01663455180823803,-0.031184520572423935,3.0798420906066895,-0.03412272781133652
982,19.783304691314697,0.4869083762168884,0.15630923211574554,0.303022563457489,0.4944502115249634,0.018648020923137665,0.27295708656311035,3.093437910079956,-0.02044673077762127
983,19.812490701675415,0.4869083762168884,0.15630923211574554,0.303022563457489,0.44236886501312256,0.06806457787752151,0.40925854444503784,3.0985238552093506,-0.0009494729456491768
984,19.823881149291992,0.4869083762168884,0.15630923211574554,0.303022563457489,0.3994668126106262,0.10605675727128983,0.40497687458992004,3.0938141345977783,0.017384422942996025
985,19.851224422454834,0.4869083762168884,0.15630923211574554,0.303022563457489,0.37127482891082764,0.13897639513015747,0.4178618788719177,3.0831098556518555,0.033402249217033386
986,19.86193561553955,0.4869083762168884,0.15630923211574554,0.303022563457489,0.3555910289287567,0.1690339744091034,0.44264650344848633,3.0717971324920654,0.045411113649606705
987,19.889697790145874,0.4869083762168884,0.15630923211574554,0.303022563457489,0.35338470339775085,0.19552452862262726,0.4884643256664276,3.063903570175171,0.05133402347564697
988,19.900461673736572,0.4869083762168884,0.15630923211574554,0.303022563457489,0.36137479543685913,0.21773959696292877,0.5660023093223572,3.060297966003418,0.05257289484143257
989,19.92728281021118,0.4869083762168884,0.15630923211574554,0.303022563457489,0.37795040011405945,0.23311905562877655,0.662348210811615,3.0602684020996094,0.05340341851115227
990,19.937577962875366,0.4869083762168884,0.15630923211574554,0.303022563457489,0.3991752862930298,0.2425576001405716,0.7567095160484314,3.063215732574463,0.05606278404593468
991,19.963868379592896,0.4869083762168884,0.15630923211574554,0.303022563457489,0.4181895852088928,0.25331351161003113,0.8061625957489014,3.069187641143799,0.059030503034591675
992,19.974063634872437,0.4869083762168884,0.15630923211574554,0.303022563457489,0.4289568364620209,0.27534300088882446,0.769058108329773,3.0773091316223145,0.06009751930832863
993,20.001120805740356,0.4869083762168884,0.15630923211574554,0.303022563457489,0.4304724931716919,0.3071351945400238,0.688177227973938,3.084996223449707,0.059622883796691895
994,20.01137685775757,0.4869083762168884,0.15630923211574554,0.303022563457489,0.42957648634910583,0.33673128485679626,0.6039692163467407,3.0894885063171387,0.06002798303961754
995,20.038583278656006,0.4869083762168884,0.15630923211574554,0.303022563457489,0.42907798290252686,0.36675384640693665,0.5077977180480957,3.089622735977173,0.06459791958332062
996,20.049140214920044,0.4869083762168884,0.15630923211574554,0.303022563457489,0.4272042512893677,0.3964042067527771,0.4214303195476532,3.0863161087036133,0.07724915444850922
997,20.077473640441895,0.4869083762168884,0.15630923211574554,0.303022563457489,0.37161779403686523,0.46169939637184143,0.5212478041648865,3.0785036087036133,0.09882470220327377
998,20.08859872817993,0.4869083762168884,0.15630923211574554,0.303022563457489,0.43523597717285156,0.35958585143089294,0.4763660430908203,3.0707876682281494,0.11563967168331146
999,20.11434054374695,0.4869083762168884,0.15630923211574554,0.303022563457489,0.4824966490268707,0.2603723108768463,0.42060163617134094,3.0759425163269043,0.12694665789604187
1000,20.125321626663208,0.4869083762168884,0.15630923211574554,0.303022563457489,0.5026421546936035,0.21110530197620392,0.33263063430786133,3.089460849761963,0.12275674939155579
1001,20.159262895584106,0.4869083762168884,0.15630923211574554,0.303022563457489,0.49858587980270386,0.19622859358787537,0.35504695773124695,3.098346471786499,0.1085856556892395
1002,20.169785261154175,0.4869083762168884,0.15630923211574554,0.303022563457489,0.48459702730178833,0.18456217646598816,0.3768203854560852,3.1011781692504883,0.09568073600530624
1003,20.20413827896118,0.4869083762168884,0.15630923211574554,0.303022563457489,0.47969892621040344,0.16610193252563477,0.41104570031166077,3.1021883487701416,0.0875120535492897
1004,20.216559410095215,0.4869083762168884,0.15630923211574554,0.303022563457489,0.48509708046913147,0.14055633544921875,0.41947171092033386,3.1034963130950928,0.08122613281011581
1005,20.261115550994873,0.4869083762168884,0.15630923211574554,0.303022563457489,0.4955012798309326,0.11308135092258453,0.4155850112438202,3.1043503284454346,0.07431750744581223
1006,20.273067712783813,0.4869083762168884,0.15630923211574554,0.303022563457489,0.5060168504714966,0.09062498807907104,0.43068748712539673,3.102595806121826,0.06750240921974182
1007,20.303306102752686,0.4869083762168884,0.15630923211574554,0.303022563457489,0.5165143609046936,0.07504988461732864,0.45037025213241577,3.0959763526916504,0.06277430802583694
1008,20.31414031982422,0.4869083762168884,0.15630923211574554,0.303022563457489,0.5307188630104065,0.060695502907037735,0.4551334083080292,3.085315704345703,0.06055612862110138
1009,20.342754364013672,0.4869083762168884,0.15630923211574554,0.303022563457489,0.5487709641456604,0.0438220389187336,0.46142202615737915,3.0741090774536133,0.06010378524661064
1010,20.353339433670044,0.4869083762168884,0.15630923211574554,0.303022563457489,0.5697768330574036,0.021948184818029404,0.4004087746143341,3.0660979747772217,0.060472775250673294
1011,20.380037784576416,0.4869083762168884,0.15630923211574554,0.303022563457489,0.5985307097434998,-0.006850108969956636,0.17531652748584747,3.0611207485198975,0.049650151282548904
1012,20.39181923866272,0.4869083762168884,0.15630923211574554,0.303022563457489,0.5945507287979126,-0.032564930617809296,0.10984604060649872,3.0630440711975098,0.036973487585783005
1013,20.41804814338684,0.4869083762168884,0.15630923211574554,0.303022563457489,0.5815042853355408,-0.03983829542994499,0.16971102356910706,3.0728068351745605,0.03470812365412712
1014,20.429949283599854,0.4869083762168884,0.15630923211574554,0.303022563457489,0.5622633695602417,-0.02494766004383564,0.20209479331970215,3.0835354328155518,0.04044955223798752
1015,20.45757222175598,0.4869083762168884,0.15630923211574554,0.303022563457489,0.521599292755127,0.016001194715499878,0.29488605260849,3.0861198902130127,0.049539677798748016
1016,20.467880964279175,0.4869083762168884,0.15630923211574554,0.303022563457489,0.47274595499038696,0.05775328353047371,0.27290502190589905,3.0796968936920166,0.05866796523332596
1017,20.496249198913574,0.4869083762168884,0.15630923211574554,0.303022563457489,0.4338657855987549,0.09356806427240372,0.2627113163471222,3.068934679031372,0.0670962780714035
1018,20.506654977798462,0.4869083762168884,0.15630923211574554,0.303022563457489,0.4046960175037384,0.12752294540405273,0.2977702021598816,3.0568418502807617,0.07524554431438446
1019,20.533874988555908,0.4869083762168884,0.15630923211574554,0.303022563457489,0.3890564441680908,0.15914605557918549,0.3592517673969269,3.0460922718048096,0.08058269321918488
1020,20.54433035850525,0.4869083762168884,0.15630923211574554,0.303022563457489,0.3858604431152344,0.18747909367084503,0.43848955631256104,3.0381972789764404,0.08078375458717346
1021,20.571710348129272,0.4869083762168884,0.15630923211574554,0.303022563457489,0.39207974076271057,0.21084314584732056,0.5278472900390625,3.0336389541625977,0.07708176225423813
1022,20.58193039894104,0.4869083762168884,0.15630923211574554,0.303022563457489,0.4064289927482605,0.22777290642261505,0.6235712766647339,3.03249454498291,0.07299930602312088
1023,20.60884428024292,0.4869083762168884,0.15630923211574554,0.303022563457489,0.4273549020290375,0.2388988733291626,0.7223036289215088,3.0349600315093994,0.07041871547698975
1024,20.619889974594116,0.4869083762168884,0.15630923211574554,0.303022563457489,0.4503174126148224,0.2500458359718323,0.7908601760864258,3.0416502952575684,0.06790895760059357
1025,20.647752046585083,0.4869083762168884,0.15630923211574554,0.303022563457489,0.4680399000644684,0.27016106247901917,0.7713167667388916,3.0520100593566895,0.06339938938617706
1026,20.658315658569336,0.4869083762168884,0.15630923211574554,0.303022563457489,0.4768212139606476,0.2996792495250702,0.7067170739173889,3.063176155090332,0.05710073933005333
1027,20.685594081878662,0.4869083762168884,0.15630923211574554,0.303022563457489,0.481081485748291,0.3271822929382324,0.6589158177375793,3.071993112564087,0.05114219710230827
1028,20.696374654769897,0.4869083762168884,0.15630923211574554,0.303022563457489,0.4855346083641052,0.35078275203704834,0.6014279723167419,3.0777833461761475,0.048270586878061295
1029,20.72390627861023,0.4869083762168884,0.15630923211574554,0.303022563457489,0.4860128164291382,0.377146452665329,0.5191736221313477,3.0797672271728516,0.05344153568148613
1030,20.73432183265686,0.4869083762168884,0.15630923211574554,0.303022563457489,0.4806203544139862,0.4005873501300812,0.5050172805786133,3.0774154663085938,0.0707486942410469
1031,20.762067556381226,0.4869083762168884,0.15630923211574554,0.303022563457489,0.5114017128944397,0.3693668246269226,0.8248485326766968,3.0719923973083496,0.08228341490030289
1032,20.77232789993286,0.4869083762168884,0.15630923211574554,0.303022563457489,0.4987269341945648,0.2685941755771637,0.9866463541984558,3.094261407852173,0.07305348664522171
1033,20.799373865127563,0.4869083762168884,0.15630923211574554,0.303022563457489,0.4885602295398712,0.21484559774398804,0.6005180478096008,3.1245319843292236,0.06597448140382767
1034,20.81013560295105,0.4869083762168884,0.15630923211574554,0.303022563457489,0.4913586676120758,0.18268993496894836,0.3691827356815338,3.139944553375244,0.06325723975896835
1035,20.837517738342285,0.4869083762168884,0.15630923211574554,0.303022563457489,0.5003465414047241,0.15395355224609375,0.358483225107193,3.141021728515625,0.061001379042863846
1036,20.84774684906006,0.4869083762168884,0.15630923211574554,0.303022563457489,0.5041713714599609,0.125723734498024,0.47233009338378906,3.134953260421753,0.060159046202898026
1037,20.87480640411377,0.4869083762168884,0.15630923211574554,0.303022563457489,0.5062540769577026,0.1009877473115921,0.5380264520645142,3.1271779537200928,0.0617225207388401
1038,20.88549566268921,0.4869083762168884,0.15630923211574554,0.303022563457489,0.5089817047119141,0.07515084743499756,0.5334959626197815,3.1203219890594482,0.06429129093885422
1039,20.912254095077515,0.4869083762168884,0.15630923211574554,0.303022563457489,0.5125889778137207,0.05185173451900482,0.5307464599609375,3.113285541534424,0.06702488660812378
1040,20.922152757644653,0.4869083762168884,0.15630923211574554,0.303022563457489,0.5193773508071899,0.035265304148197174,0.561793863773346,3.103402853012085,0.07020537555217743
1041,20.949326276779175,0.4869083762168884,0.15630923211574554,0.303022563457489,0.5315725207328796,0.020403724163770676,0.6266506910324097,3.0912320613861084,0.07428092509508133
1042,20.959750175476074,0.4869083762168884,0.15630923211574554,0.303022563457489,0.5503156781196594,0.0017851002048701048,0.5293459892272949,3.080477237701416,0.07825025916099548
1043,20.986958503723145,0.4869083762168884,0.15630923211574554,0.303022563457489,0.5718339085578918,-0.017829226329922676,0.17239165306091309,3.0667309761047363,0.0665692389011383
1044,20.99872636795044,0.4869083762168884,0.15630923211574554,0.303022563457489,0.570054292678833,-0.04275768622756004,0.027360673993825912,3.0568580627441406,0.04874259606003761
1045,21.027369260787964,0.4869083762168884,0.15630923211574554,0.303022563457489,0.5642267465591431,-0.05762200057506561,0.12185445427894592,3.0565671920776367,0.03860437870025635
1046,21.039777517318726,0.4869083762168884,0.15630923211574554,0.303022563457489,0.5613017082214355,-0.06455456465482712,0.22930555045604706,3.0632927417755127,0.03762426972389221
1047,21.067893028259277,0.4869083762168884,0.15630923211574554,0.303022563457489,0.5621432662010193,-0.06372120976448059,0.23040403425693512,3.072509765625,0.04140211641788483
1048,21.079768180847168,0.4869083762168884,0.15630923211574554,0.303022563457489,0.5497405529022217,-0.04053673893213272,0.2284439653158188,3.0785136222839355,0.04583733156323433
1049,21.105255365371704,0.4869083762168884,0.15630923211574554,0.303022563457489,0.5092450976371765,0.007062822580337524,0.29249000549316406,3.075483560562134,0.050528381019830704
1050,21.11498713493347,0.4869083762168884,0.15630923211574554,0.303022563457489,0.46401432156562805,0.052433546632528305,0.26051148772239685,3.065786838531494,0.05569794028997421
1051,21.140936374664307,0.4869083762168884,0.15630923211574554,0.303022563457489,0.4298313558101654,0.09330641478300095,0.2828199565410614,3.0532429218292236,0.06211504340171814
1052,21.1507351398468,0.4869083762168884,0.15630923211574554,0.303022563457489,0.41016924381256104,0.13106967508792877,0.3456098437309265,3.0401978492736816,0.06847269088029861
1053,21.178768396377563,0.4869083762168884,0.15630923211574554,0.303022563457489,0.4058355689048767,0.16466669738292694,0.41779881715774536,3.028947591781616,0.07111215591430664
1054,21.189263343811035,0.4869083762168884,0.15630923211574554,0.303022563457489,0.41161713004112244,0.1937028169631958,0.49600309133529663,3.0207724571228027,0.06903184950351715
1055,21.217958688735962,0.4869083762168884,0.15630923211574554,0.303022563457489,0.4251473844051361,0.21737396717071533,0.5883409976959229,3.016233444213867,0.06465483456850052
1056,21.228893280029297,0.4869083762168884,0.15630923211574554,0.303022563457489,0.44596898555755615,0.23509065806865692,0.6968228220939636,3.0159912109375,0.060516443103551865
1057,21.25656509399414,0.4869083762168884,0.15630923211574554,0.303022563457489,0.47173452377319336,0.2503489851951599,0.7921160459518433,3.021125078201294,0.05632973089814186
1058,21.268351793289185,0.4869083762168884,0.15630923211574554,0.303022563457489,0.49487724900245667,0.2714928388595581,0.8110994100570679,3.0315122604370117,0.05032753199338913
1059,21.29541277885437,0.4869083762168884,0.15630923211574554,0.303022563457489,0.5079541802406311,0.30112943053245544,0.7757383584976196,3.044492721557617,0.04272410646080971
1060,21.306060075759888,0.4869083762168884,0.15630923211574554,0.303022563457489,0.5145236253738403,0.3293745517730713,0.7621856331825256,3.0562446117401123,0.035561930388212204
1061,21.33320426940918,0.4869083762168884,0.15630923211574554,0.303022563457489,0.5211647152900696,0.3500480353832245,0.7351405024528503,3.0656487941741943,0.03118755668401718
1062,21.34438729286194,0.4869083762168884,0.15630923211574554,0.303022563457489,0.5263705849647522,0.37447693943977356,0.6467421650886536,3.071683645248413,0.03388160467147827
1063,21.373058080673218,0.4869083762168884,0.15630923211574554,0.303022563457489,0.521416187286377,0.3975144326686859,0.568031907081604,3.07247257232666,0.04947257786989212
1064,21.384718656539917,0.4869083762168884,0.15630923211574554,0.303022563457489,0.5213336944580078,0.39905059337615967,0.6933847069740295,3.064192295074463,0.06890225410461426
1065,21.412155389785767,0.4869083762168884,0.15630923211574554,0.303022563457489,0.5133466124534607,0.2963327169418335,0.695972204208374,3.077371597290039,0.06700585037469864
1066,21.42276883125305,0.4869083762168884,0.15630923211574554,0.303022563457489,0.5045945048332214,0.22838658094406128,0.3935154378414154,3.0992448329925537,0.06351899355649948
1067,21.452495574951172,0.4869083762168884,0.15630923211574554,0.303022563457489,0.5099053382873535,0.19141793251037598,0.2660558521747589,3.1125402450561523,0.058179717510938644
1068,21.469138622283936,0.4869083762168884,0.15630923211574554,0.303022563457489,0.5145998001098633,0.1654951274394989,0.31558600068092346,3.115887403488159,0.05163095146417618
1069,21.498762369155884,0.4869083762168884,0.15630923211574554,0.303022563457489,0.5139211416244507,0.1423736959695816,0.4139672815799713,3.1132774353027344,0.047125473618507385
1070,21.50905966758728,0.4869083762168884,0.15630923211574554,0.303022563457489,0.5142595767974854,0.1198989599943161,0.4683128595352173,3.108368158340454,0.04560558870434761
1071,21.536393642425537,0.4869083762168884,0.15630923211574554,0.303022563457489,0.5171049237251282,0.09396495670080185,0.46442529559135437,3.1038615703582764,0.045283280313014984
1072,21.546443700790405,0.4869083762168884,0.15630923211574554,0.303022563457489,0.52214515209198,0.06859183311462402,0.4643084704875946,3.0999703407287598,0.04501129314303398
1073,21.572931051254272,0.4869083762168884,0.15630923211574554,0.303022563457489,0.528150200843811,0.051028892397880554,0.4851696491241455,3.0938949584960938,0.04544179141521454
1074,21.583045721054077,0.4869083762168884,0.15630923211574554,0.303022563457489,0.5380829572677612,0.03940783813595772,0.5218024253845215,3.0839169025421143,0.047203581780195236
1075,21.6118745803833,0.4869083762168884,0.15630923211574554,0.303022563457489,0.5533665418624878,0.026343578472733498,0.5728570222854614,3.07244873046875,0.05009128525853157
1076,21.622671604156494,0.4869083762168884,0.15630923211574554,0.303022563457489,0.5711527466773987,0.005491949617862701,0.6096595525741577,3.064222574234009,0.0537290945649147
1077,21.650253534317017,0.4869083762168884,0.15630923211574554,0.303022563457489,0.5899181365966797,-0.024000462144613266,0.6020015478134155,3.0640926361083984,0.05774160474538803
1078,21.66030764579773,0.4869083762168884,0.15630923211574554,0.303022563457489,0.6043533086776733,-0.06051432341337204,0.5303201079368591,3.075802803039551,0.06276606023311615
1079,21.688931703567505,0.4869083762168884,0.15630923211574554,0.303022563457489,0.6250304579734802,-0.08246398717164993,0.23965895175933838,3.096020221710205,0.06787124276161194
1080,21.700771808624268,0.4869083762168884,0.15630923211574554,0.303022563457489,0.6034818887710571,-0.07142763584852219,-0.018981702625751495,3.1083009243011475,0.06353452056646347
1081,21.730584621429443,0.4869083762168884,0.15630923211574554,0.303022563457489,0.5639832019805908,-0.030103519558906555,0.1102028489112854,3.108330488204956,0.06154517084360123
1082,21.743170499801636,0.4869083762168884,0.15630923211574554,0.303022563457489,0.517027735710144,0.015550973825156689,0.2959120273590088,3.096602439880371,0.061102017760276794
1083,21.77037286758423,0.4869083762168884,0.15630923211574554,0.303022563457489,0.4796951711177826,0.047696713358163834,0.3339892625808716,3.0814366340637207,0.05935756117105484
1084,21.78099036216736,0.4869083762168884,0.15630923211574554,0.303022563457489,0.4520326852798462,0.07244814932346344,0.33735889196395874,3.067295551300049,0.05655573680996895
1085,21.81077551841736,0.4869083762168884,0.15630923211574554,0.303022563457489,0.43218016624450684,0.09684127569198608,0.37076494097709656,3.0548739433288574,0.052657365798950195
1086,21.823166608810425,0.4869083762168884,0.15630923211574554,0.303022563457489,0.41836845874786377,0.12151391804218292,0.41083648800849915,3.0439932346343994,0.04706732928752899
1087,21.851731061935425,0.4869083762168884,0.15630923211574554,0.303022563457489,0.4094119369983673,0.14469024538993835,0.46648916602134705,3.0349111557006836,0.04028627648949623
1088,21.863130569458008,0.4869083762168884,0.15630923211574554,0.303022563457489,0.4053425192832947,0.16464851796627045,0.5061467289924622,3.028364419937134,0.03389226272702217
1089,21.890125274658203,0.4869083762168884,0.15630923211574554,0.303022563457489,0.40728503465652466,0.1790640950202942,0.5346922874450684,3.025280475616455,0.02917596511542797
1090,21.900983810424805,0.4869083762168884,0.15630923211574554,0.303022563457489,0.4152992367744446,0.18974100053310394,0.5786758661270142,3.0262346267700195,0.025661734864115715
1091,21.927868127822876,0.4869083762168884,0.15630923211574554,0.303022563457489,0.4258742034435272,0.203457772731781,0.6043573021888733,3.0308282375335693,0.021680288016796112
1092,21.938535451889038,0.4869083762168884,0.15630923211574554,0.303022563457489,0.4368313252925873,0.22524131834506989,0.5993249416351318,3.0375478267669678,0.015681026503443718
1093,21.96601152420044,0.4869083762168884,0.15630923211574554,0.303022563457489,0.44599127769470215,0.25354239344596863,0.5699759721755981,3.0448198318481445,0.007610971108078957
1094,21.977452039718628,0.4869083762168884,0.15630923211574554,0.303022563457489,0.45442694425582886,0.2820465862751007,0.5524551868438721,3.0521340370178223,-0.0012676899787038565
1095,22.005356788635254,0.4869083762168884,0.15630923211574554,0.303022563457489,0.46316754817962646,0.30740800499916077,0.5532504320144653,3.0598344802856445,-0.009175091981887817
1096,22.016573905944824,0.4869083762168884,0.15630923211574554,0.303022563457489,0.4729282855987549,0.33396944403648376,0.5501378774642944,3.0664749145507812,-0.01421625167131424
1097,22.044722318649292,0.4869083762168884,0.15630923211574554,0.303022563457489,0.4298611581325531,0.39604076743125916,0.4340674877166748,3.067765951156616,-0.013268643990159035
1098,22.057506322860718,0.4869083762168884,0.15630923211574554,0.303022563457489,0.4317625164985657,0.33986517786979675,0.4292324483394623,3.0624241828918457,-0.01077317539602518
1099,22.08614444732666,0.4869083762168884,0.15630923211574554,0.303022563457489,0.42072784900665283,0.28493788838386536,0.4896552264690399,3.061582326889038,-0.00042700584162957966
1100,22.09775471687317,0.4869083762168884,0.15630923211574554,0.303022563457489,0.4236096143722534,0.23596307635307312,0.3558754324913025,3.06972074508667,0.0038525713607668877
1101,22.125775814056396,0.4869083762168884,0.15630923211574554,0.303022563457489,0.4236704707145691,0.20762598514556885,0.29319068789482117,3.0805606842041016,-0.0008001979440450668
1102,22.13672137260437,0.4869083762168884,0.15630923211574554,0.303022563457489,0.42021581530570984,0.19145816564559937,0.29946157336235046,3.088670015335083,-0.008025006391108036
1103,22.166400909423828,0.4869083762168884,0.15630923211574554,0.303022563457489,0.4183587431907654,0.17596876621246338,0.30120334029197693,3.0932559967041016,-0.014011019840836525
1104,22.178476810455322,0.4869083762168884,0.15630923211574554,0.303022563457489,0.4192233085632324,0.15738914906978607,0.3055800199508667,3.09541654586792,-0.018300063908100128
1105,22.205564260482788,0.4869083762168884,0.15630923211574554,0.303022563457489,0.4229884147644043,0.13572144508361816,0.31492874026298523,3.096430778503418,-0.02128266543149948
1106,22.21654224395752,0.4869083762168884,0.15630923211574554,0.303022563457489,0.42998626828193665,0.11177022755146027,0.309268981218338,3.0969841480255127,-0.023565441370010376
1107,22.2443950176239,0.4869083762168884,0.15630923211574554,0.303022563457489,0.43985262513160706,0.08777257055044174,0.3080664575099945,3.096670627593994,-0.025307970121502876
1108,22.254286289215088,0.4869083762168884,0.15630923211574554,0.303022563457489,0.45277896523475647,0.0668613612651825,0.3303830921649933,3.093811511993408,-0.026047000661492348
1109,22.286299228668213,0.4869083762168884,0.15630923211574554,0.303022563457489,0.47022098302841187,0.050381358712911606,0.36736923456192017,3.086808443069458,-0.025571316480636597
1110,22.296475648880005,0.4869083762168884,0.15630923211574554,0.303022563457489,0.49279898405075073,0.03467299044132233,0.4197095036506653,3.076988697052002,-0.023866111412644386
1111,22.32281756401062,0.4869083762168884,0.15630923211574554,0.303022563457489,0.5193256735801697,0.01447812095284462,0.46901577711105347,3.06892728805542,-0.020993942394852638
1112,22.332931995391846,0.4869083762168884,0.15630923211574554,0.303022563457489,0.5473266243934631,-0.011049327440559864,0.46740424633026123,3.068129539489746,-0.017368068918585777
1113,22.36023783683777,0.4869083762168884,0.15630923211574554,0.303022563457489,0.5706413984298706,-0.03621577471494675,0.37742024660110474,3.078122615814209,-0.011130103841423988
1114,22.37114667892456,0.4869083762168884,0.15630923211574554,0.303022563457489,0.5823814272880554,-0.050723519176244736,0.2037990540266037,3.0963776111602783,-0.0029822541400790215
1115,22.398027181625366,0.4869083762168884,0.15630923211574554,0.303022563457489,0.5628174543380737,-0.03250019624829292,0.10286974906921387,3.1139612197875977,0.005780753213912249
1116,22.40963363647461,0.4869083762168884,0.15630923211574554,0.303022563457489,0.5254144668579102,0.02042475715279579,0.2954506576061249,3.117384195327759,0.01528573501855135
1117,22.437860012054443,0.4869083762168884,0.15630923211574554,0.303022563457489,0.486167311668396,0.06765111535787582,0.3695782423019409,3.1063761711120605,0.022634584456682205
1118,22.449796199798584,0.4869083762168884,0.15630923211574554,0.303022563457489,0.4603452682495117,0.10183113813400269,0.3715628683567047,3.0902347564697266,0.02756260707974434
1119,22.47680950164795,0.4869083762168884,0.15630923211574554,0.303022563457489,0.44691339135169983,0.1296997219324112,0.37866783142089844,3.074795961380005,0.03046780824661255
1120,22.487125396728516,0.4869083762168884,0.15630923211574554,0.303022563457489,0.44272109866142273,0.15401940047740936,0.400955468416214,3.062359094619751,0.031296372413635254
1121,22.516168117523193,0.4869083762168884,0.15630923211574554,0.303022563457489,0.4441714882850647,0.17599259316921234,0.44095903635025024,3.053415060043335,0.031162556260824203
1122,22.527567625045776,0.4869083762168884,0.15630923211574554,0.303022563457489,0.45082974433898926,0.1923738718032837,0.5179940462112427,3.04834246635437,0.031559769064188004
1123,22.554837703704834,0.4869083762168884,0.15630923211574554,0.303022563457489,0.4621320366859436,0.20361961424350739,0.5993664264678955,3.0482616424560547,0.03228997811675072
1124,22.565027713775635,0.4869083762168884,0.15630923211574554,0.303022563457489,0.47021597623825073,0.21964100003242493,0.6333355903625488,3.053579092025757,0.0323648639023304
1125,22.592015504837036,0.4869083762168884,0.15630923211574554,0.303022563457489,0.465177446603775,0.24155192077159882,0.628847599029541,3.0635037422180176,0.033246468752622604
1126,22.602696180343628,0.4869083762168884,0.15630923211574554,0.303022563457489,0.4408908784389496,0.2622840702533722,0.5692265033721924,3.0774075984954834,0.040855538100004196
1127,22.63102674484253,0.4869083762168884,0.15630923211574554,0.303022563457489,0.40474629402160645,0.26049092411994934,0.5057545900344849,3.09377121925354,0.059832192957401276
1128,22.645050287246704,0.4869083762168884,0.15630923211574554,0.303022563457489,0.3830123245716095,0.26105108857154846,0.399556428194046,3.107523202896118,0.08638587594032288
1129,22.67759871482849,0.4869083762168884,0.15630923211574554,0.303022563457489,0.4818373918533325,0.32741737365722656,0.3634793758392334,3.1076791286468506,0.10231642425060272
1130,22.688221216201782,0.4869083762168884,0.15630923211574554,0.303022563457489,0.545612633228302,0.3675556480884552,0.3218785524368286,3.090132713317871,0.08856432884931564
1131,22.715451955795288,0.4869083762168884,0.15630923211574554,0.303022563457489,0.5902701616287231,0.39454859495162964,0.31905844807624817,3.072678327560425,0.06665655225515366
1132,22.72640061378479,0.4869083762168884,0.15630923211574554,0.303022563457489,0.6086658835411072,0.419918954372406,0.4558926820755005,3.0571444034576416,0.04987040534615517
1133,22.75344967842102,0.4869083762168884,0.15630923211574554,0.303022563457489,0.5599414706230164,0.4624311923980713,0.43059012293815613,3.040877103805542,0.04570971801877022
1134,22.764084339141846,0.4869083762168884,0.15630923211574554,0.303022563457489,0.5414327383041382,0.3523596227169037,0.4003044068813324,3.0352225303649902,0.04582199081778526
1135,22.794922351837158,0.4869083762168884,0.15630923211574554,0.303022563457489,0.5324235558509827,0.24931888282299042,0.32710400223731995,3.0539145469665527,0.047409918159246445
1136,22.805697917938232,0.4869083762168884,0.15630923211574554,0.303022563457489,0.5307828783988953,0.21017986536026,0.2522294223308563,3.081646680831909,0.03879767283797264
1137,22.834087133407593,0.4869083762168884,0.15630923211574554,0.303022563457489,0.52833092212677,0.20914240181446075,0.25800979137420654,3.0989584922790527,0.02526059001684189
1138,22.846248865127563,0.4869083762168884,0.15630923211574554,0.303022563457489,0.5229303240776062,0.21467235684394836,0.2819608747959137,3.101719856262207,0.013761894777417183
1139,22.872901439666748,0.4869083762168884,0.15630923211574554,0.303022563457489,0.5209046602249146,0.20881880819797516,0.33655494451522827,3.0965075492858887,0.005895092152059078
1140,22.884321212768555,0.4869083762168884,0.15630923211574554,0.303022563457489,0.524768590927124,0.19085021317005157,0.3461136221885681,3.090531826019287,-0.0008241645409725606
1141,22.91098165512085,0.4869083762168884,0.15630923211574554,0.303022563457489,0.5320570468902588,0.16692331433296204,0.3400326371192932,3.085836887359619,-0.007810916751623154
1142,22.920981645584106,0.4869083762168884,0.15630923211574554,0.303022563457489,0.5414901375770569,0.14500917494297028,0.35187357664108276,3.080470085144043,-0.01400148868560791
1143,22.948000192642212,0.4869083762168884,0.15630923211574554,0.303022563457489,0.5543152689933777,0.12924662232398987,0.3811613619327545,3.0713002681732178,-0.018024737015366554
1144,22.957797288894653,0.4869083762168884,0.15630923211574554,0.303022563457489,0.5730723738670349,0.11453274637460709,0.4170941710472107,3.0590522289276123,-0.019497964531183243
1145,22.9841787815094,0.4869083762168884,0.15630923211574554,0.303022563457489,0.596288800239563,0.09417162835597992,0.4470336139202118,3.0501580238342285,-0.01836240477859974
1146,22.994390726089478,0.4869083762168884,0.15630923211574554,0.303022563457489,0.6225134134292603,0.06619832664728165,0.43809014558792114,3.052953004837036,-0.015263061970472336
1147,23.020982265472412,0.4869083762168884,0.15630923211574554,0.303022563457489,0.6366590857505798,0.03530154377222061,0.36785441637039185,3.0734221935272217,-0.007635234389454126
1148,23.031081914901733,0.4869083762168884,0.15630923211574554,0.303022563457489,0.6236063241958618,0.013145022094249725,0.32727915048599243,3.110171318054199,0.009888582862913609
1149,23.05651593208313,0.4869083762168884,0.15630923211574554,0.303022563457489,0.593996524810791,0.01409477274864912,0.606400728225708,-3.1370999813079834,0.03386532887816429
1150,23.066171646118164,0.4869083762168884,0.15630923211574554,0.303022563457489,0.6028872132301331,0.02570466324687004,0.9491266012191772,-3.1103663444519043,0.0554707795381546
1151,23.092894315719604,0.4869083762168884,0.15630923211574554,0.303022563457489,0.5967617630958557,0.09986856579780579,0.5741834044456482,-3.1226892471313477,0.05382071062922478
1152,23.10246777534485,0.4869083762168884,0.15630923211574554,0.303022563457489,0.5746973156929016,0.13794729113578796,0.48523056507110596,3.128202438354492,0.03928539529442787
1153,23.1295108795166,0.4869083762168884,0.15630923211574554,0.303022563457489,0.554389476776123,0.15017551183700562,0.5104729533195496,3.096273183822632,0.02884516492486
1154,23.139484405517578,0.4869083762168884,0.15630923211574554,0.303022563457489,0.5430047512054443,0.15128658711910248,0.5556994676589966,3.07195782661438,0.02384514920413494
1155,23.173095226287842,0.4869083762168884,0.15630923211574554,0.303022563457489,0.5359451770782471,0.14975985884666443,0.5720841884613037,3.055924654006958,0.0220233965665102
1156,23.19099760055542,0.4869083762168884,0.15630923211574554,0.303022563457489,0.531245768070221,0.1483622044324875,0.5321604609489441,3.047475576400757,0.02162274532020092
1157,23.227250337600708,0.4869083762168884,0.15630923211574554,0.303022563457489,0.530518651008606,0.15325918793678284,0.4722899794578552,3.0452539920806885,0.02037464641034603
1158,23.238101720809937,0.4869083762168884,0.15630923211574554,0.303022563457489,0.534783661365509,0.1675308495759964,0.42676711082458496,3.0471036434173584,0.015615896321833134
1159,23.26505732536316,0.4869083762168884,0.15630923211574554,0.303022563457489,0.5422788858413696,0.1888897866010666,0.3984506130218506,3.050755739212036,0.006251709070056677
1160,23.27464485168457,0.4869083762168884,0.15630923211574554,0.303022563457489,0.550388514995575,0.21144506335258484,0.37933576107025146,3.0549428462982178,-0.0062982202507555485
1161,23.302199125289917,0.4869083762168884,0.15630923211574554,0.303022563457489,0.5578485131263733,0.23043523728847504,0.3822857439517975,3.059678792953491,-0.019232211634516716
1162,23.312355995178223,0.4869083762168884,0.15630923211574554,0.303022563457489,0.5628476738929749,0.2439432442188263,0.4259341359138489,3.065263032913208,-0.029199592769145966
1163,23.340299367904663,0.4869083762168884,0.15630923211574554,0.303022563457489,0.5666649341583252,0.2602769136428833,0.46094071865081787,3.0687968730926514,-0.03290531411767006
1164,23.353368520736694,0.4869083762168884,0.15630923211574554,0.303022563457489,0.5681478977203369,0.28685253858566284,0.4863574802875519,3.064237117767334,-0.027198001742362976
1165,23.38040280342102,0.4869083762168884,0.15630923211574554,0.303022563457489,0.5722137689590454,0.27016395330429077,0.9572721719741821,3.058142900466919,-0.034429848194122314
1166,23.390992641448975,0.4869083762168884,0.15630923211574554,0.303022563457489,0.5224064588546753,0.23125308752059937,0.7260211706161499,3.0620381832122803,-0.044598326086997986
1167,23.418610095977783,0.4869083762168884,0.15630923211574554,0.303022563457489,0.49278897047042847,0.18984152376651764,0.3807847797870636,3.0696983337402344,-0.045564085245132446
1168,23.431039571762085,0.4869083762168884,0.15630923211574554,0.303022563457489,0.4716041088104248,0.15776824951171875,0.26568904519081116,3.078813314437866,-0.04911765456199646
1169,23.45979404449463,0.4869083762168884,0.15630923211574554,0.303022563457489,0.45428335666656494,0.13475549221038818,0.27484357357025146,3.0871002674102783,-0.05439014732837677
1170,23.470154762268066,0.4869083762168884,0.15630923211574554,0.303022563457489,0.44059085845947266,0.11756420880556107,0.27927470207214355,3.0918729305267334,-0.058770883828401566
1171,23.496488094329834,0.4869083762168884,0.15630923211574554,0.303022563457489,0.4295199513435364,0.10188162326812744,0.30335286259651184,3.091762065887451,-0.06142355501651764
1172,23.50610589981079,0.4869083762168884,0.15630923211574554,0.303022563457489,0.42145246267318726,0.084201879799366,0.334997296333313,3.0881311893463135,-0.06303589791059494
1173,23.534193515777588,0.4869083762168884,0.15630923211574554,0.303022563457489,0.41553300619125366,0.06404521316289902,0.3710450530052185,3.0832481384277344,-0.06420326232910156
1174,23.544183254241943,0.4869083762168884,0.15630923211574554,0.303022563457489,0.41063404083251953,0.04325835779309273,0.40054798126220703,3.0779764652252197,-0.06434541940689087
1175,23.57104730606079,0.4869083762168884,0.15630923211574554,0.303022563457489,0.407632052898407,0.02286144718527794,0.43149447441101074,3.0714728832244873,-0.0625523179769516
1176,23.582107067108154,0.4869083762168884,0.15630923211574554,0.303022563457489,0.4068357050418854,0.002726663602516055,0.4684217572212219,3.0626275539398193,-0.058243315666913986
1177,23.608039379119873,0.4869083762168884,0.15630923211574554,0.303022563457489,0.40851593017578125,-0.01967972330749035,0.5224706530570984,3.0523431301116943,-0.051021020859479904
1178,23.622893571853638,0.4869083762168884,0.15630923211574554,0.303022563457489,0.41210421919822693,-0.04656405746936798,0.5729613900184631,3.04459547996521,-0.04075418412685394
1179,23.656256914138794,0.4869083762168884,0.15630923211574554,0.303022563457489,0.4183662533760071,-0.07913103699684143,0.612897515296936,3.044924259185791,-0.027421055361628532
1180,23.667465209960938,0.4869083762168884,0.15630923211574554,0.303022563457489,0.42471328377723694,-0.11423559486865997,0.6182297468185425,3.057166814804077,-0.010663772001862526
1181,23.69431209564209,0.4869083762168884,0.15630923211574554,0.303022563457489,0.4236835837364197,-0.14441382884979248,0.5444958209991455,3.0819616317749023,0.011466573923826218
1182,23.70501971244812,0.4869083762168884,0.15630923211574554,0.303022563457489,0.407615065574646,-0.16195650398731232,0.41377416253089905,3.113753318786621,0.03880633786320686
1183,23.731961250305176,0.4869083762168884,0.15630923211574554,0.303022563457489,0.44653967022895813,-0.11160996556282043,0.34390613436698914,3.1399085521698,0.06442312896251678
1184,23.742997646331787,0.4869083762168884,0.15630923211574554,0.303022563457489,0.48131993412971497,-0.011779313907027245,0.023482579737901688,3.1285271644592285,0.05968020483851433
1185,23.771745204925537,0.4869083762168884,0.15630923211574554,0.303022563457489,0.4623773992061615,0.028344012796878815,0.24089011549949646,3.105071544647217,0.04379861801862717
1186,23.782832384109497,0.4869083762168884,0.15630923211574554,0.303022563457489,0.4450558125972748,0.05077320337295532,0.3712368607521057,3.0857722759246826,0.03146497532725334
1187,23.80958604812622,0.4869083762168884,0.15630923211574554,0.303022563457489,0.4376457631587982,0.06877155601978302,0.4206359386444092,3.073284864425659,0.0234645027667284
1188,23.82190179824829,0.4869083762168884,0.15630923211574554,0.303022563457489,0.4364449381828308,0.082430899143219,0.42330431938171387,3.066376209259033,0.018104756250977516
1189,23.850563526153564,0.4869083762168884,0.15630923211574554,0.303022563457489,0.4381701946258545,0.09533215314149857,0.39932841062545776,3.0642480850219727,0.014071262441575527
1190,23.862483501434326,0.4869083762168884,0.15630923211574554,0.303022563457489,0.4426085650920868,0.11313077062368393,0.37025272846221924,3.0657122135162354,0.009700097143650055
1191,23.891485452651978,0.4869083762168884,0.15630923211574554,0.303022563457489,0.45033955574035645,0.13918037712574005,0.3544071912765503,3.0691819190979004,0.002897136379033327
1192,23.901398181915283,0.4869083762168884,0.15630923211574554,0.303022563457489,0.46027979254722595,0.17131076753139496,0.35475802421569824,3.072950601577759,-0.0072649577632546425
1193,23.928603410720825,0.4869083762168884,0.15630923211574554,0.303022563457489,0.47098273038864136,0.2046404331922531,0.3776843845844269,3.075983762741089,-0.019881773740053177
1194,23.944862604141235,0.4869083762168884,0.15630923211574554,0.303022563457489,0.48153117299079895,0.2344619482755661,0.4165431261062622,3.0786426067352295,-0.0327395536005497
1195,23.982524633407593,0.4869083762168884,0.15630923211574554,0.303022563457489,0.49007028341293335,0.2573046088218689,0.4838179349899292,3.081838607788086,-0.042711153626441956
1196,23.999146938323975,0.4869083762168884,0.15630923211574554,0.303022563457489,0.4985767602920532,0.28102147579193115,0.5321609377861023,3.0841872692108154,-0.04723627492785454
1197,24.03115963935852,0.4869083762168884,0.15630923211574554,0.303022563457489,0.5051485896110535,0.3124430477619171,0.5625153183937073,3.081662654876709,-0.04409326985478401
1198,24.043739557266235,0.7288123369216919,-0.017029214650392532,0.3481900691986084,0.5205955505371094,0.3106968402862549,0.9783289432525635,3.0778427124023438,-0.054238006472587585
1199,24.071237802505493,0.7288123369216919,-0.017029214650392532,0.3481900691986084,0.4943481385707855,0.2758118212223053,0.7978507280349731,3.080569267272949,-0.07019680738449097
1200,24.081141233444214,0.7288123369216919,-0.017029214650392532,0.3481900691986084,0.4783935248851776,0.23806804418563843,0.45708245038986206,3.0825037956237793,-0.07720712572336197
1201,24.10939645767212,0.7288123369216919,-0.017029214650392532,0.3481900691986084,0.4712049961090088,0.2055438905954361,0.3680674135684967,3.083958148956299,-0.08347000181674957
1202,24.121419191360474,0.7288123369216919,-0.017029214650392532,0.3481900691986084,0.4646829664707184,0.17580276727676392,0.3942643105983734,3.0860588550567627,-0.08998210728168488
1203,24.153218746185303,0.7288123369216919,-0.017029214650392532,0.3481900691986084,0.45904192328453064,0.14608199894428253,0.3973832130432129,3.0887913703918457,-0.09539256989955902
1204,24.16496968269348,0.7288123369216919,-0.017029214650392532,0.3481900691986084,0.4560898244380951,0.11852873861789703,0.4048113226890564,3.0904572010040283,-0.09917980432510376
1205,24.194746017456055,0.7288123369216919,-0.017029214650392532,0.3481900691986084,0.4567570984363556,0.09290485829114914,0.42040354013442993,3.090118646621704,-0.10147391259670258
1206,24.20509958267212,0.7288123369216919,-0.017029214650392532,0.3481900691986084,0.46136361360549927,0.06688789278268814,0.4445752799510956,3.088663101196289,-0.10302656888961792
1207,24.232069730758667,0.7288123369216919,-0.017029214650392532,0.3481900691986084,0.46905428171157837,0.03957248479127884,0.4619375765323639,3.087315320968628,-0.10436272621154785
1208,24.242708683013916,0.7288123369216919,-0.017029214650392532,0.3481900691986084,0.4788054823875427,0.012299319729208946,0.45906224846839905,3.0859873294830322,-0.10511469095945358
1209,24.269169807434082,0.7288123369216919,-0.017029214650392532,0.3481900691986084,0.49174121022224426,-0.014064889401197433,0.46644726395606995,3.083240509033203,-0.1048668771982193
1210,24.282026529312134,0.7288123369216919,-0.017029214650392532,0.3481900691986084,0.5084120631217957,-0.04074329882860184,0.4846356213092804,3.077892541885376,-0.10352621227502823
1211,24.309414863586426,0.7288123369216919,-0.017029214650392532,0.3481900691986084,0.528436541557312,-0.07032773643732071,0.5166499018669128,3.07057785987854,-0.10083671659231186
1212,24.320337533950806,0.7288123369216919,-0.017029214650392532,0.3481900691986084,0.5514245629310608,-0.1042664423584938,0.5449564456939697,3.0645360946655273,-0.09649600088596344
1213,24.346980810165405,0.7288123369216919,-0.017029214650392532,0.3481900691986084,0.5767362713813782,-0.14288872480392456,0.551953911781311,3.064215898513794,-0.08970616012811661
1214,24.357585191726685,0.7288123369216919,-0.017029214650392532,0.3481900691986084,0.5993478894233704,-0.18170227110385895,0.5325891375541687,3.073690891265869,-0.07855390757322311
1215,24.383876085281372,0.7288123369216919,-0.017029214650392532,0.3481900691986084,0.6088317036628723,-0.21691666543483734,0.46018320322036743,3.0957720279693604,-0.059432484209537506
1216,24.395559310913086,0.7288123369216919,-0.017029214650392532,0.3481900691986084,0.6022990942001343,-0.2375701516866684,0.3236912488937378,3.1268601417541504,-0.03345835953950882
1217,24.42276883125305,0.7288123369216919,-0.017029214650392532,0.3481900691986084,0.6257765889167786,-0.20488841831684113,0.6185586452484131,-3.1312201023101807,-0.011433703824877739
1218,24.43387222290039,0.7288123369216919,-0.017029214650392532,0.3481900691986084,0.6488510370254517,-0.1402997225522995,0.43713632225990295,-3.1350748538970947,-0.016338326036930084
1219,24.4609375,0.7288123369216919,-0.017029214650392532,0.3481900691986084,0.6534352898597717,-0.10329194366931915,0.4135438799858093,3.129361867904663,-0.034723568707704544
1220,24.472176790237427,0.7288123369216919,-0.017029214650392532,0.3481900691986084,0.6505594849586487,-0.0802932009100914,0.49230098724365234,3.1086883544921875,-0.04945051297545433
1221,24.498764991760254,0.7288123369216919,-0.017029214650392532,0.3481900691986084,0.653177797794342,-0.06776878237724304,0.5503280162811279,3.0912723541259766,-0.057572364807128906
1222,24.509984970092773,0.7288123369216919,-0.017029214650392532,0.3481900691986084,0.6620717644691467,-0.05964977666735649,0.5848590731620789,3.0790421962738037,-0.06170768290758133
1223,24.53730845451355,0.7288123369216919,-0.017029214650392532,0.3481900691986084,0.6739466190338135,-0.05098016560077667,0.5679991245269775,3.072312116622925,-0.06467762589454651
1224,24.54793357849121,0.7288123369216919,-0.017029214650392532,0.3481900691986084,0.6885594129562378,-0.03819632530212402,0.5142942070960999,3.0703163146972656,-0.06828419119119644
1225,24.58279061317444,0.7288123369216919,-0.017029214650392532,0.3481900691986084,0.7056312561035156,-0.019540119916200638,0.4589143693447113,3.0714612007141113,-0.07326177507638931
1226,24.59681224822998,0.7288123369216919,-0.017029214650392532,0.3481900691986084,0.7253573536872864,-0.00011304032523185015,0.43510550260543823,3.074150323867798,-0.07939042150974274
1227,24.62410259246826,0.7288123369216919,-0.017029214650392532,0.3481900691986084,0.7466328144073486,0.014455405995249748,0.45908698439598083,3.07753849029541,-0.0854911282658577
1228,24.635298490524292,0.7288123369216919,-0.017029214650392532,0.3481900691986084,0.7692899703979492,0.024788998067378998,0.5067460536956787,3.080909252166748,-0.08940860629081726
1229,24.663834810256958,0.7288123369216919,-0.017029214650392532,0.3481900691986084,0.7939804196357727,0.03765440732240677,0.548761248588562,3.0784194469451904,-0.0880810022354126
1230,24.67446541786194,0.7288123369216919,-0.017029214650392532,0.3481900691986084,0.8164015412330627,0.05876993387937546,0.608604907989502,3.0615291595458984,-0.07820351421833038
1231,24.702032804489136,0.7288123369216919,-0.017029214650392532,0.3481900691986084,0.8184551000595093,0.08205299079418182,0.6454364061355591,3.029801607131958,-0.05675186961889267
1232,24.71233320236206,0.7288123369216919,-0.017029214650392532,0.3481900691986084,0.7957080602645874,0.11476024985313416,0.4664059281349182,2.9938275814056396,-0.025611642748117447
1233,24.739202737808228,0.7288123369216919,-0.017029214650392532,0.3481900691986084,0.7965383529663086,0.03923695534467697,0.357671856880188,2.9734609127044678,-0.0017612511292099953
1234,24.74972629547119,0.7288123369216919,-0.017029214650392532,0.3481900691986084,0.7907636761665344,-0.029868757352232933,0.4182503819465637,3.0058345794677734,-0.01577773317694664
1235,24.776833295822144,0.7288123369216919,-0.017029214650392532,0.3481900691986084,0.7729936242103577,-0.043391305953264236,0.26694637537002563,3.0385901927948,-0.03777254372835159
1236,24.786827564239502,0.7288123369216919,-0.017029214650392532,0.3481900691986084,0.7606262564659119,-0.04520367458462715,0.11240603029727936,3.059619665145874,-0.05772385746240616
1237,24.81490206718445,0.7288123369216919,-0.017029214650392532,0.3481900691986084,0.7503219842910767,-0.05084216967225075,0.038227155804634094,3.072993278503418,-0.07520370185375214
1238,24.825685262680054,0.7288123369216919,-0.017029214650392532,0.3481900691986084,0.740757405757904,-0.06153387203812599,0.014908652752637863,3.0829286575317383,-0.09064074605703354
1239,24.853743314743042,0.7288123369216919,-0.017029214650392532,0.3481900691986084,0.7324162721633911,-0.07447713613510132,0.0347883366048336,3.089493989944458,-0.10334992408752441
1240,24.864975929260254,0.7288123369216919,-0.017029214650392532,0.3481900691986084,0.7280556559562683,-0.08774924278259277,0.06744282692670822,3.091042995452881,-0.11319151520729065
1241,24.892629146575928,0.7288123369216919,-0.017029214650392532,0.3481900691986084,0.7290615439414978,-0.09845954924821854,0.10306201875209808,3.086357593536377,-0.1208469495177269
1242,24.90397000312805,0.7288123369216919,-0.017029214650392532,0.3481900691986084,0.7359523177146912,-0.10482765734195709,0.13550856709480286,3.0751750469207764,-0.12673570215702057
1243,24.93166947364807,0.7288123369216919,-0.017029214650392532,0.3481900691986084,0.7551524043083191,-0.10075802356004715,-0.29010218381881714,3.0582046508789062,-0.1320597529411316
1244,24.941892385482788,0.7288123369216919,-0.017029214650392532,0.3481900691986084,0.7778040170669556,-0.10878370702266693,-0.7424157857894897,3.035613775253296,-0.15291862189769745
1245,24.96924066543579,0.7288123369216919,-0.017029214650392532,0.3481900691986084,0.751228392124176,-0.13583165407180786,-0.7129286527633667,3.02803111076355,-0.17231759428977966
1246,24.97961664199829,0.7288123369216919,-0.017029214650392532,0.3481900691986084,0.7363000512123108,-0.13125501573085785,-0.6228567361831665,3.0386791229248047,-0.1747070699930191
1247,25.00679659843445,0.7288123369216919,-0.017029214650392532,0.3481900691986084,0.7421877384185791,-0.08786892145872116,-0.4332772195339203,3.0501558780670166,-0.16887827217578888
1248,25.017269134521484,0.7288123369216919,-0.017029214650392532,0.3481900691986084,0.7455823421478271,-0.021760132163763046,0.018945777788758278,3.0504310131073,-0.15781746804714203
1249,25.044355392456055,0.7288123369216919,-0.017029214650392532,0.3481900691986084,0.7398139238357544,0.0500042662024498,0.4220607876777649,3.039031744003296,-0.14376713335514069
1250,25.054497480392456,0.7288123369216919,-0.017029214650392532,0.3481900691986084,0.7344854474067688,0.1077030822634697,0.5176984667778015,3.0235002040863037,-0.13040846586227417
1251,25.083661556243896,0.7288123369216919,-0.017029214650392532,0.3481900691986084,0.7506083846092224,0.14301756024360657,0.5774067044258118,3.008636951446533,-0.11860989034175873
1252,25.09465742111206,0.7288123369216919,-0.017029214650392532,0.3481900691986084,0.7871084809303284,0.16262081265449524,0.6653878688812256,2.9978861808776855,-0.11108947545289993
1253,25.122464656829834,0.7288123369216919,-0.017029214650392532,0.3481900691986084,0.8232173919677734,0.17469286918640137,0.776639461517334,2.9950294494628906,-0.10845891386270523
1254,25.133979320526123,0.7288123369216919,-0.017029214650392532,0.3481900691986084,0.8489900827407837,0.18619033694267273,0.8739168643951416,3.0015971660614014,-0.1076769009232521
1255,25.161056518554688,0.7288123369216919,-0.017029214650392532,0.3481900691986084,0.8684135675430298,0.20189177989959717,0.9443304538726807,3.0146172046661377,-0.10634942352771759
1256,25.17163586616516,0.7288123369216919,-0.017029214650392532,0.3481900691986084,0.8913465738296509,0.2108529806137085,0.9624789357185364,3.0260708332061768,-0.10490569472312927
1257,25.197619199752808,0.7288123369216919,-0.017029214650392532,0.3481900691986084,0.9107843637466431,0.21326208114624023,0.8822463154792786,3.029461622238159,-0.10132800787687302
1258,25.208302974700928,0.7288123369216919,-0.017029214650392532,0.3481900691986084,0.8802613019943237,0.24093692004680634,0.3150508403778076,3.0224647521972656,-0.0881882756948471
1259,25.23585343360901,0.7288123369216919,-0.017029214650392532,0.3481900691986084,0.7753274440765381,0.14892736077308655,0.5197722911834717,3.015246629714966,-0.08314644545316696
1260,25.247901439666748,0.7288123369216919,-0.017029214650392532,0.3481900691986084,0.6940827369689941,0.0723138377070427,0.6559305191040039,3.0147438049316406,-0.075716033577919
1261,25.27562117576599,0.7288123369216919,-0.017029214650392532,0.3481900691986084,0.6665883660316467,0.03304564207792282,0.4813597500324249,3.017479181289673,-0.06800996512174606
1262,25.28585696220398,0.7288123369216919,-0.017029214650392532,0.3481900691986084,0.6514347791671753,0.01662479341030121,0.3667442798614502,3.0204997062683105,-0.06452640891075134
1263,25.313549757003784,0.7288123369216919,-0.017029214650392532,0.3481900691986084,0.6477139592170715,0.01516442559659481,0.3124792277812958,3.024404287338257,-0.06492341309785843
1264,25.32395839691162,0.7288123369216919,-0.017029214650392532,0.3481900691986084,0.6477201581001282,0.018196625635027885,0.2773153483867645,3.0281498432159424,-0.06799677759408951
1265,25.352170944213867,0.7288123369216919,-0.017029214650392532,0.3481900691986084,0.6453601121902466,0.014867019839584827,0.24841369688510895,3.0315864086151123,-0.07319529354572296
1266,25.363303661346436,0.7288123369216919,-0.017029214650392532,0.3481900691986084,0.6425147652626038,0.004132406320422888,0.22912637889385223,3.03592848777771,-0.08106710761785507
1267,25.390159845352173,0.7288123369216919,-0.017029214650392532,0.3481900691986084,0.6403736472129822,-0.012941626831889153,0.22722043097019196,3.042271852493286,-0.09156101197004318
1268,25.400336503982544,0.7288123369216919,-0.017029214650392532,0.3481900691986084,0.6384896636009216,-0.034362807869911194,0.2311561554670334,3.050224781036377,-0.1032436341047287
1269,25.427252769470215,0.7288123369216919,-0.017029214650392532,0.3481900691986084,0.6373346447944641,-0.05866529047489166,0.23794758319854736,3.0583324432373047,-0.11415281891822815
1270,25.437551259994507,0.7288123369216919,-0.017029214650392532,0.3481900691986084,0.6386419534683228,-0.08409266918897629,0.24736624956130981,3.0652871131896973,-0.12321198731660843
1271,25.46567416191101,0.7288123369216919,-0.017029214650392532,0.3481900691986084,0.6440994739532471,-0.10915286839008331,0.25444063544273376,3.0700900554656982,-0.13069695234298706
1272,25.47615671157837,0.7288123369216919,-0.017029214650392532,0.3481900691986084,0.6548281311988831,-0.1336224377155304,0.25140389800071716,3.0719377994537354,-0.13774704933166504
1273,25.503448486328125,0.7288123369216919,-0.017029214650392532,0.3481900691986084,0.6707601547241211,-0.15562288463115692,0.2409888207912445,3.070119857788086,-0.1451791524887085
1274,25.514448642730713,0.7288123369216919,-0.017029214650392532,0.3481900691986084,0.6898142695426941,-0.16869649291038513,-0.08918046206235886,3.061898946762085,-0.1539233773946762
1275,25.54156184196472,0.7288123369216919,-0.017029214650392532,0.3481900691986084,0.7103196382522583,-0.18036308884620667,-0.5431764125823975,3.044487953186035,-0.1745343953371048
1276,25.552624225616455,0.7288123369216919,-0.017029214650392532,0.3481900691986084,0.7105714678764343,-0.20750895142555237,-0.7624805569648743,3.0350608825683594,-0.19984464347362518
1277,25.579432725906372,0.7288123369216919,-0.017029214650392532,0.3481900691986084,0.6952399611473083,-0.22786207497119904,-0.8447105288505554,3.0462942123413086,-0.2136123925447464
1278,25.59032702445984,0.7288123369216919,-0.017029214650392532,0.3481900691986084,0.6853806376457214,-0.20626670122146606,-0.8634884357452393,3.069136619567871,-0.21480244398117065
1279,25.617176055908203,0.7288123369216919,-0.017029214650392532,0.3481900691986084,0.6827298998832703,-0.14434951543807983,-0.5519673824310303,3.0879223346710205,-0.20790277421474457
1280,25.627496242523193,0.7288123369216919,-0.017029214650392532,0.3481900691986084,0.6862424612045288,-0.06023212522268295,-0.010384321212768555,3.0947325229644775,-0.19209331274032593
1281,25.65408945083618,0.7288123369216919,-0.017029214650392532,0.3481900691986084,0.6716558933258057,0.0316673144698143,0.5150468349456787,3.088243007659912,-0.1682690680027008
1282,25.663499116897583,0.7288123369216919,-0.017029214650392532,0.3481900691986084,0.665268063545227,0.09270601719617844,0.5378220677375793,3.0754125118255615,-0.14109857380390167
1283,25.689661979675293,0.7288123369216919,-0.017029214650392532,0.3481900691986084,0.6978074312210083,0.12528496980667114,0.5236417651176453,3.0590569972991943,-0.1156681701540947
1284,25.699365377426147,0.7288123369216919,-0.017029214650392532,0.3481900691986084,0.7528668642044067,0.14177680015563965,0.5627789497375488,3.0428662300109863,-0.09691941738128662
1285,25.725616693496704,0.7288123369216919,-0.017029214650392532,0.3481900691986084,0.8113890290260315,0.15201261639595032,0.6394926309585571,3.0333235263824463,-0.08721835911273956
1286,25.735475301742554,0.7288123369216919,-0.017029214650392532,0.3481900691986084,0.8624134063720703,0.1643357127904892,0.7001099586486816,3.0334396362304688,-0.08451515436172485
1287,25.761770486831665,0.7288123369216919,-0.017029214650392532,0.3481900691986084,0.9001356363296509,0.18333937227725983,0.7406366467475891,3.0419135093688965,-0.08553802222013474
1288,25.772514820098877,0.7288123369216919,-0.017029214650392532,0.3481900691986084,0.9228073358535767,0.20692719519138336,0.8299874067306519,3.0543131828308105,-0.08616054058074951
1289,25.79963445663452,0.7288123369216919,-0.017029214650392532,0.3481900691986084,0.945050835609436,0.21732287108898163,0.9625345468521118,3.06474232673645,-0.08441507071256638
1290,25.809556484222412,0.7288123369216919,-0.017029214650392532,0.3481900691986084,0.9632226228713989,0.20628564059734344,0.9575345516204834,3.0690810680389404,-0.07837174087762833
1291,25.83836340904236,0.7288123369216919,-0.017029214650392532,0.3481900691986084,0.9737367033958435,0.2012847363948822,0.7186751365661621,3.064838409423828,-0.06262914836406708
1292,25.849740505218506,0.7288123369216919,-0.017029214650392532,0.3481900691986084,0.9367906451225281,0.20811915397644043,0.5317486524581909,3.0515570640563965,-0.04274728149175644
1293,25.87762761116028,0.7288123369216919,-0.017029214650392532,0.3481900691986084,0.844835102558136,0.1345270425081253,0.7100301384925842,3.052147150039673,-0.05039900168776512
1294,25.892537593841553,0.7288123369216919,-0.017029214650392532,0.3481900691986084,0.7302799224853516,0.061118558049201965,0.41111499071121216,3.05633807182312,-0.0526677668094635
1295,25.920146465301514,0.7288123369216919,-0.017029214650392532,0.3481900691986084,0.665835440158844,0.015586529858410358,0.26328396797180176,3.059598684310913,-0.04696749895811081
1296,25.930586576461792,0.7288123369216919,-0.017029214650392532,0.3481900691986084,0.6473305821418762,-0.004448629915714264,0.23719753324985504,3.0632245540618896,-0.04335955157876015
1297,25.956849336624146,0.7288123369216919,-0.017029214650392532,0.3481900691986084,0.6433385014533997,-0.006372764706611633,0.17179478704929352,3.065910577774048,-0.044569406658411026
1298,25.96734309196472,0.7288123369216919,-0.017029214650392532,0.3481900691986084,0.6347596645355225,-0.007058665156364441,0.14202538132667542,3.0665411949157715,-0.04656008258461952
1299,25.993967294692993,0.7288123369216919,-0.017029214650392532,0.3481900691986084,0.6240197420120239,-0.015563164837658405,0.16872000694274902,3.066434860229492,-0.047956228256225586
1300,26.00387167930603,0.7288123369216919,-0.017029214650392532,0.3481900691986084,0.6149404644966125,-0.03284192457795143,0.21721358597278595,3.0671911239624023,-0.0505245178937912
1301,26.03112483024597,0.7288123369216919,-0.017029214650392532,0.3481900691986084,0.6088111400604248,-0.05465458706021309,0.25017446279525757,3.069201707839966,-0.05516574904322624
1302,26.04175615310669,0.7288123369216919,-0.017029214650392532,0.3481900691986084,0.6047488451004028,-0.07809033244848251,0.27664700150489807,3.0718555450439453,-0.06080656498670578
1303,26.069558143615723,0.7288123369216919,-0.017029214650392532,0.3481900691986084,0.6028060913085938,-0.10249029099941254,0.3002316355705261,3.074479818344116,-0.06603075563907623
1304,26.079489707946777,0.7288123369216919,-0.017029214650392532,0.3481900691986084,0.6044742465019226,-0.1270279735326767,0.31073111295700073,3.076352596282959,-0.07055696099996567
1305,26.109395503997803,0.7288123369216919,-0.017029214650392532,0.3481900691986084,0.6107005476951599,-0.1509532630443573,0.30831265449523926,3.0767533779144287,-0.07509536296129227
1306,26.12120795249939,0.7288123369216919,-0.017029214650392532,0.3481900691986084,0.6213139891624451,-0.17308206856250763,0.29987359046936035,3.075012683868408,-0.08018333464860916
1307,26.15403985977173,0.7288123369216919,-0.017029214650392532,0.3481900691986084,0.6340847015380859,-0.19047200679779053,0.2963850498199463,3.0697128772735596,-0.08468577265739441
1308,26.170600652694702,0.7288123369216919,-0.017029214650392532,0.3481900691986084,0.6494364738464355,-0.2039596140384674,0.3047887980937958,3.0603625774383545,-0.08694230765104294
1309,26.212320566177368,0.7288123369216919,-0.017029214650392532,0.3481900691986084,0.6674960255622864,-0.2156379520893097,0.3466053605079651,3.049347162246704,-0.08619064837694168
1310,26.22383975982666,0.7288123369216919,-0.017029214650392532,0.3481900691986084,0.6865878105163574,-0.22834429144859314,0.4034636318683624,3.041172742843628,-0.08255873620510101
1311,26.250506162643433,0.7288123369216919,-0.017029214650392532,0.3481900691986084,0.7171758413314819,-0.24311251938343048,0.3270680904388428,3.0389456748962402,-0.07909907400608063
1312,26.261533498764038,0.7288123369216919,-0.017029214650392532,0.3481900691986084,0.7043161988258362,-0.26177072525024414,0.2467884123325348,3.0431599617004395,-0.08314328640699387
1313,26.29241132736206,0.7288123369216919,-0.017029214650392532,0.3481900691986084,0.6791157722473145,-0.2680111229419708,0.22327971458435059,3.0562732219696045,-0.0804288312792778
1314,26.303401947021484,0.7288123369216919,-0.017029214650392532,0.3481900691986084,0.6632529497146606,-0.25175365805625916,0.2041090428829193,3.069639205932617,-0.07253806293010712
1315,26.33237934112549,0.7288123369216919,-0.017029214650392532,0.3481900691986084,0.6452420949935913,-0.20813627541065216,0.298479825258255,3.0752081871032715,-0.06581918150186539
1316,26.34490203857422,0.7288123369216919,-0.017029214650392532,0.3481900691986084,0.6215502619743347,-0.16126278042793274,0.3844410181045532,3.0714428424835205,-0.06258663535118103
1317,26.372273683547974,0.7288123369216919,-0.017029214650392532,0.3481900691986084,0.6056215763092041,-0.12680909037590027,0.40350425243377686,3.062246084213257,-0.06119031831622124
1318,26.38205122947693,0.7288123369216919,-0.017029214650392532,0.3481900691986084,0.6008938550949097,-0.10053747147321701,0.4317484200000763,3.05100679397583,-0.059522029012441635
1319,26.40933847427368,0.7288123369216919,-0.017029214650392532,0.3481900691986084,0.605953574180603,-0.0806635245680809,0.46533259749412537,3.0403802394866943,-0.0575336217880249
1320,26.419504642486572,0.7288123369216919,-0.017029214650392532,0.3481900691986084,0.6170562505722046,-0.06533534079790115,0.49932771921157837,3.032186269760132,-0.05528692528605461
1321,26.44741463661194,0.7288123369216919,-0.017029214650392532,0.3481900691986084,0.6325986385345459,-0.05465161055326462,0.5346189737319946,3.0278515815734863,-0.05224688723683357
1322,26.460126638412476,0.7288123369216919,-0.017029214650392532,0.3481900691986084,0.6538777947425842,-0.04726412519812584,0.5751004219055176,3.029010057449341,-0.048722606152296066
1323,26.48919153213501,0.7288123369216919,-0.017029214650392532,0.3481900691986084,0.6816340684890747,-0.03865142539143562,0.5933535099029541,3.0361714363098145,-0.04652678593993187
1324,26.499417781829834,0.7288123369216919,-0.017029214650392532,0.3481900691986084,0.7112812995910645,-0.024479854851961136,0.5440177917480469,3.0484111309051514,-0.04695502668619156
1325,26.526320219039917,0.7288123369216919,-0.017029214650392532,0.3481900691986084,0.739861249923706,-0.0004921389045193791,0.47529667615890503,3.0623764991760254,-0.04986558109521866
1326,26.536994695663452,0.7288123369216919,-0.017029214650392532,0.3481900691986084,0.7667156457901001,0.022543208673596382,0.48171135783195496,3.074007511138916,-0.05376926064491272
1327,26.564570665359497,0.7288123369216919,-0.017029214650392532,0.3481900691986084,0.7936968207359314,0.03444138914346695,0.5437775254249573,3.08184814453125,-0.05629491060972214
1328,26.574673414230347,0.7288123369216919,-0.017029214650392532,0.3481900691986084,0.8196941614151001,0.03686823323369026,0.5960845947265625,3.0855712890625,-0.05430756136775017
1329,26.601948261260986,0.7288123369216919,-0.017029214650392532,0.3481900691986084,0.7952909469604492,0.06536257266998291,0.33879727125167847,3.078233480453491,-0.042475730180740356
1330,26.612250566482544,0.7288123369216919,-0.017029214650392532,0.3481900691986084,0.7869035005569458,0.045612022280693054,0.4207266569137573,3.0560035705566406,-0.03120497241616249
1331,26.639677047729492,0.7288123369216919,-0.017029214650392532,0.3481900691986084,0.7430077791213989,0.016553005203604698,0.4914834201335907,3.0382256507873535,-0.021609462797641754
1332,26.649941444396973,0.7288123369216919,-0.017029214650392532,0.3481900691986084,0.6976101398468018,-0.008925555273890495,0.3392783999443054,3.037269115447998,-0.014946884475648403
1333,26.67741870880127,0.7288123369216919,-0.017029214650392532,0.3481900691986084,0.6608280539512634,-0.022696495056152344,0.2932215631008148,3.0489652156829834,-0.012046863324940205
1334,26.688642978668213,0.7288123369216919,-0.017029214650392532,0.3481900691986084,0.6387694478034973,-0.02750912308692932,0.3070495128631592,3.0650792121887207,-0.011334585025906563
1335,26.717467546463013,0.7288123369216919,-0.017029214650392532,0.3481900691986084,0.625511109828949,-0.029600484296679497,0.2983209192752838,3.080798625946045,-0.011754308827221394
1336,26.729009866714478,0.7288123369216919,-0.017029214650392532,0.3481900691986084,0.6193464994430542,-0.031619615852832794,0.2519729733467102,3.0946483612060547,-0.01380784809589386
1337,26.75627565383911,0.7288123369216919,-0.017029214650392532,0.3481900691986084,0.6172665357589722,-0.03500153869390488,0.1932782679796219,3.1065073013305664,-0.017788492143154144
1338,26.766541481018066,0.7288123369216919,-0.017029214650392532,0.3481900691986084,0.6161641478538513,-0.03973863273859024,0.17032510042190552,3.1160879135131836,-0.02207249216735363
1339,26.79334545135498,0.7288123369216919,-0.017029214650392532,0.3481900691986084,0.6149780750274658,-0.04748942703008652,0.18783657252788544,3.123286485671997,-0.024750834330916405
1340,26.804312705993652,0.7288123369216919,-0.017029214650392532,0.3481900691986084,0.6179695725440979,-0.06026550009846687,0.20312517881393433,3.127755880355835,-0.02641253173351288
1341,26.831496477127075,0.7288123369216919,-0.017029214650392532,0.3481900691986084,0.626356840133667,-0.0764460414648056,0.2291092872619629,3.1287734508514404,-0.02849690057337284
1342,26.842363119125366,0.7288123369216919,-0.017029214650392532,0.3481900691986084,0.6387646794319153,-0.09351417422294617,0.28279972076416016,3.126067638397217,-0.03103022091090679
1343,26.869460344314575,0.7288123369216919,-0.017029214650392532,0.3481900691986084,0.6550195813179016,-0.11061524599790573,0.32983434200286865,3.120239019393921,-0.033447567373514175
1344,26.879161834716797,0.7288123369216919,-0.017029214650392532,0.3481900691986084,0.6756682991981506,-0.1250709742307663,0.3686867952346802,3.111175060272217,-0.03544282913208008
1345,26.905149936676025,0.7288123369216919,-0.017029214650392532,0.3481900691986084,0.7006708383560181,-0.13663960993289948,0.39742982387542725,3.099240779876709,-0.03638350963592529
1346,26.91528010368347,0.7288123369216919,-0.017029214650392532,0.3481900691986084,0.7293711304664612,-0.15234427154064178,0.4383222162723541,3.088714838027954,-0.03429679945111275
1347,26.94325852394104,0.7288123369216919,-0.017029214650392532,0.3481900691986084,0.759371280670166,-0.17463280260562897,0.443033903837204,3.0871074199676514,-0.02754594013094902
1348,26.95316433906555,0.7288123369216919,-0.017029214650392532,0.3481900691986084,0.784513533115387,-0.19258028268814087,0.23796749114990234,3.0997581481933594,-0.014355606399476528
1349,26.98069405555725,0.7288123369216919,-0.017029214650392532,0.3481900691986084,0.7529460191726685,-0.16196690499782562,0.2155759185552597,3.1101369857788086,-0.003571195062249899
1350,26.993648052215576,0.7288123369216919,-0.017029214650392532,0.3481900691986084,0.6973352432250977,-0.10621664673089981,0.4443195164203644,3.104897975921631,0.006982163526117802
1351,27.02127194404602,0.7288123369216919,-0.017029214650392532,0.3481900691986084,0.6627122163772583,-0.07005978375673294,0.47077375650405884,3.090278387069702,0.014927548356354237
1352,27.032933473587036,0.7288123369216919,-0.017029214650392532,0.3481900691986084,0.6475000381469727,-0.04338537156581879,0.4706858992576599,3.0739753246307373,0.01896764151751995
1353,27.060129642486572,0.7288123369216919,-0.017029214650392532,0.3481900691986084,0.6441039443016052,-0.021775124594569206,0.4897586703300476,3.0591683387756348,0.019119149073958397
1354,27.070460557937622,0.7288123369216919,-0.017029214650392532,0.3481900691986084,0.6464574933052063,-0.005310376174747944,0.5249499082565308,3.0477488040924072,0.01693686842918396
1355,27.096964120864868,0.7288123369216919,-0.017029214650392532,0.3481900691986084,0.6521270871162415,0.0050721000880002975,0.5666602849960327,3.040924549102783,0.015284820459783077
1356,27.107585668563843,0.7288123369216919,-0.017029214650392532,0.3481900691986084,0.6621314883232117,0.009558312594890594,0.6181907057762146,3.039124011993408,0.016148248687386513
1357,27.134617567062378,0.7288123369216919,-0.017029214650392532,0.3481900691986084,0.6771827340126038,0.011546839959919453,0.6787258982658386,3.0429189205169678,0.018632182851433754
1358,27.145139932632446,0.7288123369216919,-0.017029214650392532,0.3481900691986084,0.6967639327049255,0.02011149935424328,0.6917735934257507,3.0518486499786377,0.019808093085885048
1359,27.17210102081299,0.7288123369216919,-0.017029214650392532,0.3481900691986084,0.7172979712486267,0.039284784346818924,0.6139976978302002,3.064040422439575,0.017999431118369102
1360,27.182692527770996,0.7288123369216919,-0.017029214650392532,0.3481900691986084,0.7372387051582336,0.06827858090400696,0.5149801969528198,3.076312303543091,0.013263662345707417
1361,27.20997452735901,0.7288123369216919,-0.017029214650392532,0.3481900691986084,0.7557475566864014,0.09412932395935059,0.4992567002773285,3.085537910461426,0.007075401488691568
1362,27.220261096954346,0.7288123369216919,-0.017029214650392532,0.3481900691986084,0.7745509743690491,0.10912579298019409,0.5269193649291992,3.090805768966675,0.002690240042284131
1363,27.249239921569824,0.7288123369216919,-0.017029214650392532,0.3481900691986084,0.7959163784980774,0.12199617922306061,0.5492212772369385,3.089885711669922,0.004461315926164389
1364,27.25987672805786,0.7288123369216919,-0.017029214650392532,0.3481900691986084,0.8137007355690002,0.14002898335456848,0.604058027267456,3.0769577026367188,0.0174366794526577
1365,27.287466764450073,0.7288123369216919,-0.017029214650392532,0.3481900691986084,0.7886483073234558,0.15169605612754822,0.812951922416687,3.054234743118286,0.020683815702795982
1366,27.29801368713379,0.7288123369216919,-0.017029214650392532,0.3481900691986084,0.7349017858505249,0.10720938444137573,0.5343978404998779,3.0483977794647217,0.014373882673680782
1367,27.325692892074585,0.7288123369216919,-0.017029214650392532,0.3481900691986084,0.6746804714202881,0.06869285553693771,0.43288227915763855,3.057276964187622,0.014323560521006584
1368,27.33687472343445,0.7288123369216919,-0.017029214650392532,0.3481900691986084,0.6428971886634827,0.04794509708881378,0.4018007814884186,3.072608232498169,0.01549937017261982
1369,27.366881132125854,0.7288123369216919,-0.017029214650392532,0.3481900691986084,0.6312634944915771,0.04051881283521652,0.3570896089076996,3.0855870246887207,0.014199822209775448
1370,27.377161741256714,0.7288123369216919,-0.017029214650392532,0.3481900691986084,0.6250129342079163,0.03714117780327797,0.3481157720088959,3.0924124717712402,0.010637150146067142
1371,27.404236316680908,0.7288123369216919,-0.017029214650392532,0.3481900691986084,0.6171226501464844,0.03166414797306061,0.39382272958755493,3.0943784713745117,0.007575076539069414
1372,27.41429901123047,0.7288123369216919,-0.017029214650392532,0.3481900691986084,0.6099422574043274,0.021437233313918114,0.4345110356807709,3.0945281982421875,0.006394838914275169
1373,27.44118309020996,0.7288123369216919,-0.017029214650392532,0.3481900691986084,0.6069057583808899,0.006087086163461208,0.4466632902622223,3.094881296157837,0.0062429155223071575
1374,27.45186495780945,0.7288123369216919,-0.017029214650392532,0.3481900691986084,0.6088249087333679,-0.01247552502900362,0.4494660496711731,3.0951812267303467,0.005850122310221195
1375,27.478788375854492,0.7288123369216919,-0.017029214650392532,0.3481900691986084,0.61460280418396,-0.03152519464492798,0.4645909368991852,3.0939741134643555,0.005235775373876095
1376,27.488978385925293,0.7288123369216919,-0.017029214650392532,0.3481900691986084,0.6239478588104248,-0.05123528838157654,0.4918561279773712,3.090623378753662,0.005350735038518906
1377,27.51589846611023,0.7288123369216919,-0.017029214650392532,0.3481900691986084,0.6390584111213684,-0.07142286002635956,0.5284426808357239,3.0853700637817383,0.006562136113643646
1378,27.527153491973877,0.7288123369216919,-0.017029214650392532,0.3481900691986084,0.6615349650382996,-0.09005163609981537,0.5830733776092529,3.078049421310425,0.008450663648545742
1379,27.555203199386597,0.7288123369216919,-0.017029214650392532,0.3481900691986084,0.6905003786087036,-0.11188304424285889,0.6445369124412537,3.0708563327789307,0.011331955902278423
1380,27.565860271453857,0.7288123369216919,-0.017029214650392532,0.3481900691986084,0.7232981324195862,-0.14048412442207336,0.6631345748901367,3.069843292236328,0.01624128967523575
1381,27.593562126159668,0.7288123369216919,-0.017029214650392532,0.3481900691986084,0.7517997622489929,-0.17016960680484772,0.6128117442131042,3.0809409618377686,0.024862507358193398
1382,27.604893922805786,0.7288123369216919,-0.017029214650392532,0.3481900691986084,0.7716289162635803,-0.18167653679847717,0.3055514097213745,3.1046440601348877,0.03841237351298332
1383,27.632285356521606,0.7288123369216919,-0.017029214650392532,0.3481900691986084,0.7400346398353577,-0.13924767076969147,0.31832078099250793,3.1179654598236084,0.04491889849305153
1384,27.643465995788574,0.7288123369216919,-0.017029214650392532,0.3481900691986084,0.6940732002258301,-0.08846613764762878,0.4397217035293579,3.112175226211548,0.04647952690720558
1385,27.670925855636597,0.7288123369216919,-0.017029214650392532,0.3481900691986084,0.6628400683403015,-0.05407685041427612,0.4620320200920105,3.0968239307403564,0.04533885419368744
1386,27.681235313415527,0.7288123369216919,-0.017029214650392532,0.3481900691986084,0.6477125287055969,-0.028152629733085632,0.4846501648426056,3.080233335494995,0.04267430678009987
1387,27.708521366119385,0.7288123369216919,-0.017029214650392532,0.3481900691986084,0.6446881294250488,-0.008422590792179108,0.5090755224227905,3.0659782886505127,0.03863127902150154
1388,27.719045639038086,0.7288123369216919,-0.017029214650392532,0.3481900691986084,0.6467703580856323,0.00603475421667099,0.537324070930481,3.055673599243164,0.03426692262291908
1389,27.74674344062805,0.7288123369216919,-0.017029214650392532,0.3481900691986084,0.6521211862564087,0.015988493338227272,0.5749243497848511,3.0499765872955322,0.03112691640853882
1390,27.75736713409424,0.7288123369216919,-0.017029214650392532,0.3481900691986084,0.660990834236145,0.02302652597427368,0.6142590045928955,3.0494282245635986,0.02939818985760212
1391,27.783835887908936,0.7288123369216919,-0.017029214650392532,0.3481900691986084,0.6734824776649475,0.03340534120798111,0.6289035081863403,3.0541718006134033,0.027428869158029556
1392,27.793821334838867,0.7288123369216919,-0.017029214650392532,0.3481900691986084,0.6883163452148438,0.052702516317367554,0.5852810144424438,3.062814474105835,0.023554926738142967
1393,27.82191300392151,0.7288123369216919,-0.017029214650392532,0.3481900691986084,0.704267144203186,0.0811803936958313,0.5169029831886292,3.0722429752349854,0.01729494519531727
1394,27.83210778236389,0.7288123369216919,-0.017029214650392532,0.3481900691986084,0.720709502696991,0.10958578437566757,0.49400633573532104,3.0795979499816895,0.00944100134074688
1395,27.86102819442749,0.7288123369216919,-0.017029214650392532,0.3481900691986084,0.7367976307868958,0.13032442331314087,0.5101673603057861,3.0842039585113525,0.00254411855712533
1396,27.872586011886597,0.7288123369216919,-0.017029214650392532,0.3481900691986084,0.7564731240272522,0.14725705981254578,0.5138435959815979,3.0852906703948975,-0.0004698484262917191
1397,27.8996639251709,0.7288123369216919,-0.017029214650392532,0.3481900691986084,0.7745915651321411,0.1702246516942978,0.5342603921890259,3.0784859657287598,0.005055477377027273
1398,27.91067123413086,0.7288123369216919,-0.017029214650392532,0.3481900691986084,0.7705190181732178,0.1884511411190033,0.7151131629943848,3.059340238571167,0.010562906973063946
1399,27.93750524520874,0.7288123369216919,-0.017029214650392532,0.3481900691986084,0.7175084352493286,0.15315884351730347,0.7410115003585815,3.0543293952941895,0.005510220304131508
1400,27.94849681854248,0.7288123369216919,-0.017029214650392532,0.3481900691986084,0.6566373109817505,0.10096234083175659,0.542647123336792,3.0654826164245605,0.0067023588344454765
1401,27.97591233253479,0.7288123369216919,-0.017029214650392532,0.3481900691986084,0.6193470358848572,0.06635425239801407,0.4207055866718292,3.0824882984161377,0.010845281183719635
1402,27.985963106155396,0.7288123369216919,-0.017029214650392532,0.3481900691986084,0.6065984964370728,0.04763707518577576,0.32905954122543335,3.096768379211426,0.013262412510812283
1403,28.014352798461914,0.7288123369216919,-0.017029214650392532,0.3481900691986084,0.6049941182136536,0.03879113867878914,0.3051351308822632,3.105010747909546,0.012185466475784779
1404,28.025022745132446,0.7288123369216919,-0.017029214650392532,0.3481900691986084,0.6010848879814148,0.032570309937000275,0.36760151386260986,3.1078169345855713,0.010528096929192543
1405,28.05155897140503,0.7288123369216919,-0.017029214650392532,0.3481900691986084,0.5962905883789062,0.022975271567702293,0.42329099774360657,3.1075451374053955,0.010445337742567062
1406,28.062135696411133,0.7288123369216919,-0.017029214650392532,0.3481900691986084,0.5948323011398315,0.006615808233618736,0.43513843417167664,3.106586456298828,0.010926461778581142
1407,28.089728116989136,0.7288123369216919,-0.017029214650392532,0.3481900691986084,0.597458004951477,-0.014408407732844353,0.43642014265060425,3.105543851852417,0.010556771419942379
1408,28.100239753723145,0.7288123369216919,-0.017029214650392532,0.3481900691986084,0.6033079624176025,-0.03645307570695877,0.4505767226219177,3.103473424911499,0.00947727169841528
1409,28.129939556121826,0.7288123369216919,-0.017029214650392532,0.3481900691986084,0.61216801404953,-0.058257754892110825,0.4729083180427551,3.099517345428467,0.008693588897585869
1410,28.14168620109558,0.7288123369216919,-0.017029214650392532,0.3481900691986084,0.6261895895004272,-0.07913337647914886,0.5048491954803467,3.093196153640747,0.008631224744021893
1411,28.16879963874817,0.7288123369216919,-0.017029214650392532,0.3481900691986084,0.6462065577507019,-0.09805642068386078,0.5488107204437256,3.0843443870544434,0.009234057739377022
1412,28.179657220840454,0.7288123369216919,-0.017029214650392532,0.3481900691986084,0.6706240773200989,-0.12056250870227814,0.6040964722633362,3.0756797790527344,0.011552922427654266
1413,28.209053993225098,0.7288123369216919,-0.017029214650392532,0.3481900691986084,0.6989138722419739,-0.1511823832988739,0.6191389560699463,3.0734007358551025,0.016703007742762566
1414,28.22274875640869,0.7288123369216919,-0.017029214650392532,0.3481900691986084,0.7239623069763184,-0.18450434505939484,0.5708588361740112,3.083019733428955,0.02600281871855259
1415,28.2559711933136,0.7288123369216919,-0.017029214650392532,0.3481900691986084,0.7472015619277954,-0.20010212063789368,0.276138573884964,3.103844404220581,0.03867783769965172
1416,28.26560354232788,0.7288123369216919,-0.017029214650392532,0.3481900691986084,0.7179058194160461,-0.16162700951099396,0.24223408102989197,3.1160056591033936,0.04430463910102844
1417,28.29400324821472,0.7288123369216919,-0.017029214650392532,0.3481900691986084,0.6706509590148926,-0.10518825799226761,0.41991865634918213,3.1098780632019043,0.04640175774693489
1418,28.304890632629395,0.7288123369216919,-0.017029214650392532,0.3481900691986084,0.6400152444839478,-0.06926817446947098,0.4403724670410156,3.094773769378662,0.04507594183087349
1419,28.330698013305664,0.7288123369216919,-0.017029214650392532,0.3481900691986084,0.6240074634552002,-0.04251433163881302,0.4610738754272461,3.078903913497925,0.04179273545742035
1420,28.34163761138916,0.7288123369216919,-0.017029214650392532,0.3481900691986084,0.6192799806594849,-0.020772982388734818,0.4923664629459381,3.0651230812072754,0.03714551404118538
1421,28.369710206985474,0.7288123369216919,-0.017029214650392532,0.3481900691986084,0.620287299156189,-0.003370856400579214,0.5303771495819092,3.0546319484710693,0.031962066888809204
1422,28.380561590194702,0.7288123369216919,-0.017029214650392532,0.3481900691986084,0.6251246929168701,0.009154964238405228,0.573220431804657,3.0481855869293213,0.0278543122112751
1423,28.407716751098633,0.7288123369216919,-0.017029214650392532,0.3481900691986084,0.6341570019721985,0.017122291028499603,0.6173643469810486,3.0464324951171875,0.025534795597195625
1424,28.418355226516724,0.7288123369216919,-0.017029214650392532,0.3481900691986084,0.6473920345306396,0.025271043181419373,0.6485342383384705,3.0500264167785645,0.023669667541980743
1425,28.445415019989014,0.7288123369216919,-0.017029214650392532,0.3481900691986084,0.6632058620452881,0.04053641855716705,0.6248279809951782,3.058272123336792,0.020359592512249947
1426,28.455519676208496,0.7288123369216919,-0.017029214650392532,0.3481900691986084,0.6799891591072083,0.06541579216718674,0.5594581365585327,3.0683555603027344,0.014823186211287975
1427,28.481887102127075,0.7288123369216919,-0.017029214650392532,0.3481900691986084,0.6977137923240662,0.09357478469610214,0.5192779302597046,3.0770363807678223,0.00740067521110177
1428,28.49236035346985,0.7288123369216919,-0.017029214650392532,0.3481900691986084,0.7152259945869446,0.11520860344171524,0.5287607908248901,3.0830116271972656,-6.964759813854471e-05
1429,28.520249128341675,0.7288123369216919,-0.017029214650392532,0.3481900691986084,0.7348200678825378,0.13012956082820892,0.5399980545043945,3.0860650539398193,-0.0049179173074662685
1430,28.530619144439697,0.7288123369216919,-0.017029214650392532,0.3481900691986084,0.7531384825706482,0.1484733372926712,0.5543729662895203,3.0830392837524414,-0.002684543142095208
1431,28.557912826538086,0.7288123369216919,-0.017029214650392532,0.3481900691986084,0.7360000014305115,0.18038155138492584,0.6144285798072815,3.0673880577087402,0.006298594642430544
1432,28.567909717559814,0.7288123369216919,-0.017029214650392532,0.3481900691986084,0.7010472416877747,0.14095719158649445,0.6003291606903076,3.054697036743164,0.008403459563851357
1433,28.596535444259644,0.7288123369216919,-0.017029214650392532,0.3481900691986084,0.655875027179718,0.08885962516069412,0.47278496623039246,3.05692195892334,0.013792281970381737
1434,28.60739278793335,0.7288123369216919,-0.017029214650392532,0.3481900691986084,0.6261287927627563,0.05052172765135765,0.38750526309013367,3.0715248584747314,0.013995192013680935
1435,28.63498878479004,0.7288123369216919,-0.017029214650392532,0.3481900691986084,0.6097224950790405,0.02943275310099125,0.3307655453681946,3.088219165802002,0.009825620800256729
1436,28.646721363067627,0.7288123369216919,-0.017029214650392532,0.3481900691986084,0.6008173227310181,0.0177437923848629,0.2993341386318207,3.1002039909362793,0.004255793523043394
1437,28.67398166656494,0.7288123369216919,-0.017029214650392532,0.3481900691986084,0.5947459936141968,0.00701132882386446,0.30832386016845703,3.1060564517974854,-0.0006129841203801334
1438,28.684166193008423,0.7288123369216919,-0.017029214650392532,0.3481900691986084,0.5893312096595764,-0.006666622124612331,0.3425646424293518,3.107856273651123,-0.003696206957101822
1439,28.71085262298584,0.7288123369216919,-0.017029214650392532,0.3481900691986084,0.5872712135314941,-0.025368530303239822,0.36960065364837646,3.1080377101898193,-0.005634607281535864
1440,28.7213351726532,0.7288123369216919,-0.017029214650392532,0.3481900691986084,0.5894259214401245,-0.048074908554553986,0.38332486152648926,3.1074655055999756,-0.007839938625693321
1441,28.748250722885132,0.7288123369216919,-0.017029214650392532,0.3481900691986084,0.5946394205093384,-0.07216984778642654,0.3945295214653015,3.1055638790130615,-0.010555234737694263
1442,28.757943153381348,0.7288123369216919,-0.017029214650392532,0.3481900691986084,0.6022650003433228,-0.0960615873336792,0.4150095283985138,3.1015477180480957,-0.01272350549697876
1443,28.78543734550476,0.7288123369216919,-0.017029214650392532,0.3481900691986084,0.6144580245018005,-0.1184936985373497,0.4421067535877228,3.0948338508605957,-0.013653046451508999
1444,28.797714710235596,0.7288123369216919,-0.017029214650392532,0.3481900691986084,0.6313620209693909,-0.1399409919977188,0.48519831895828247,3.0857064723968506,-0.012880480848252773
1445,28.82444190979004,0.7288123369216919,-0.017029214650392532,0.3481900691986084,0.6512117385864258,-0.1646718978881836,0.5481624603271484,3.077301263809204,-0.008973143994808197
1446,28.83452081680298,0.7288123369216919,-0.017029214650392532,0.3481900691986084,0.6748416423797607,-0.1965300291776657,0.5704050660133362,3.0751185417175293,-0.0014190260553732514
1447,28.86215090751648,0.7288123369216919,-0.017029214650392532,0.3481900691986084,0.7060869932174683,-0.2263173609972,0.445480614900589,3.0829784870147705,0.009676659479737282
1448,28.8722984790802,0.7288123369216919,-0.017029214650392532,0.3481900691986084,0.718597948551178,-0.24299122393131256,0.17804165184497833,3.0978055000305176,0.015690835192799568
1449,28.902995586395264,0.7288123369216919,-0.017029214650392532,0.3481900691986084,0.6983633637428284,-0.20998159050941467,0.19419938325881958,3.1100265979766846,0.021670963615179062
1450,28.916571378707886,0.7288123369216919,-0.017029214650392532,0.3481900691986084,0.6630924940109253,-0.15172655880451202,0.396024227142334,3.1071298122406006,0.02647215500473976
1451,28.94336223602295,0.7288123369216919,-0.017029214650392532,0.3481900691986084,0.6378649473190308,-0.11088479310274124,0.4334048330783844,3.0944478511810303,0.02694758027791977
1452,28.95430898666382,0.7288123369216919,-0.017029214650392532,0.3481900691986084,0.6259225606918335,-0.08154099434614182,0.4483794569969177,3.0796382427215576,0.02463076449930668
1453,28.981861114501953,0.7288123369216919,-0.017029214650392532,0.3481900691986084,0.6253736019134521,-0.05836642161011696,0.4806308448314667,3.0660922527313232,0.021079668775200844
1454,28.99173593521118,0.7288123369216919,-0.017029214650392532,0.3481900691986084,0.6317130923271179,-0.04046713188290596,0.5191161632537842,3.055447816848755,0.01734578050673008
1455,29.018847465515137,0.7288123369216919,-0.017029214650392532,0.3481900691986084,0.6427558064460754,-0.027505971491336823,0.5711502432823181,3.048720121383667,0.014708377420902252
1456,29.02959370613098,0.7288123369216919,-0.017029214650392532,0.3481900691986084,0.6585791110992432,-0.019251268357038498,0.6279451847076416,3.047132968902588,0.013514799997210503
1457,29.05687427520752,0.7288123369216919,-0.017029214650392532,0.3481900691986084,0.6793948411941528,-0.010834342800080776,0.661333441734314,3.0515189170837402,0.012239938601851463
1458,29.066940784454346,0.7288123369216919,-0.017029214650392532,0.3481900691986084,0.7013278007507324,0.004196041263639927,0.6223463416099548,3.0612380504608154,0.009378320537507534
1459,29.093770503997803,0.7288123369216919,-0.017029214650392532,0.3481900691986084,0.7225559949874878,0.029751624912023544,0.5459566116333008,3.073420763015747,0.004422395024448633
1460,29.104110717773438,0.7288123369216919,-0.017029214650392532,0.3481900691986084,0.7426739931106567,0.05697032809257507,0.52649986743927,3.084125280380249,-0.002036245772615075
1461,29.13333034515381,0.7288123369216919,-0.017029214650392532,0.3481900691986084,0.7623931169509888,0.07389042526483536,0.5723175406455994,3.0914831161499023,-0.007875150069594383
1462,29.1445734500885,0.7288123369216919,-0.017029214650392532,0.3481900691986084,0.783514142036438,0.08220931142568588,0.6156572699546814,3.0951898097991943,-0.009964542463421822
1463,29.17341184616089,0.7288123369216919,-0.017029214650392532,0.3481900691986084,0.8018699884414673,0.09503358602523804,0.6646344065666199,3.0906543731689453,-0.0029370319098234177
1464,29.184935331344604,0.7288123369216919,-0.017029214650392532,0.3481900691986084,0.7921444773674011,0.11179190874099731,0.7394912242889404,3.0728261470794678,0.004215068183839321
1465,29.212440729141235,0.7288123369216919,-0.017029214650392532,0.3481900691986084,0.7358040809631348,0.08410626649856567,0.6779736876487732,3.066152334213257,-0.0005647240323014557
1466,29.22262215614319,0.7288123369216919,-0.017029214650392532,0.3481900691986084,0.6612481474876404,0.037428151816129684,0.5533721446990967,3.0748367309570312,0.0013764185132458806
1467,29.25089383125305,0.7288123369216919,-0.017029214650392532,0.3481900691986084,0.6117550730705261,0.005011653061956167,0.4760686755180359,3.0906858444213867,0.009456888772547245
1468,29.260968446731567,0.7288123369216919,-0.017029214650392532,0.3481900691986084,0.5949437022209167,-0.011076342314481735,0.36852824687957764,3.104909658432007,0.01722194068133831
1469,29.287842512130737,0.7288123369216919,-0.017029214650392532,0.3481900691986084,0.5967721939086914,-0.01670064777135849,0.2799505889415741,3.1139943599700928,0.01909135840833187
1470,29.29845666885376,0.7288123369216919,-0.017029214650392532,0.3481900691986084,0.5962851643562317,-0.01868627592921257,0.3033526539802551,3.1176600456237793,0.0169433131814003
1471,29.32491946220398,0.7288123369216919,-0.017029214650392532,0.3481900691986084,0.590147078037262,-0.023188510909676552,0.37950649857521057,3.1173110008239746,0.01557850744575262
1472,29.33560585975647,0.7288123369216919,-0.017029214650392532,0.3481900691986084,0.5854265689849854,-0.0354137197136879,0.4063657820224762,3.1156253814697266,0.015694428235292435
1473,29.36236023902893,0.7288123369216919,-0.017029214650392532,0.3481900691986084,0.5854001641273499,-0.053775809705257416,0.4058413803577423,3.1142594814300537,0.01555726956576109
1474,29.37217879295349,0.7288123369216919,-0.017029214650392532,0.3481900691986084,0.5896915793418884,-0.0746840089559555,0.41848355531692505,3.112520456314087,0.014295089058578014
1475,29.401570558547974,0.7288123369216919,-0.017029214650392532,0.3481900691986084,0.5970403552055359,-0.0944724977016449,0.44810211658477783,3.109015464782715,0.012489499524235725
1476,29.41470432281494,0.7288123369216919,-0.017029214650392532,0.3481900691986084,0.6071650981903076,-0.11373835057020187,0.47620341181755066,3.1032660007476807,0.011217156425118446
1477,29.444005012512207,0.7288123369216919,-0.017029214650392532,0.3481900691986084,0.6222409605979919,-0.13227598369121552,0.5117261409759521,3.095216751098633,0.010883794166147709
1478,29.456268310546875,0.7288123369216919,-0.017029214650392532,0.3481900691986084,0.6429125070571899,-0.1510142683982849,0.562263011932373,3.0855278968811035,0.011750991456210613
1479,29.482991933822632,0.7288123369216919,-0.017029214650392532,0.3481900691986084,0.6669108867645264,-0.17548763751983643,0.616852343082428,3.077850103378296,0.015235968865454197
1480,29.493136405944824,0.7288123369216919,-0.017029214650392532,0.3481900691986084,0.6944798827171326,-0.20794284343719482,0.6191992163658142,3.0780768394470215,0.02218651957809925
1481,29.520334482192993,0.7288123369216919,-0.017029214650392532,0.3481900691986084,0.7208344340324402,-0.23897874355316162,0.5020210146903992,3.0907680988311768,0.034529928117990494
1482,29.531299591064453,0.7288123369216919,-0.017029214650392532,0.3481900691986084,0.737679660320282,-0.24281607568264008,0.17596712708473206,3.109147787094116,0.04427718371152878
1483,29.558884620666504,0.7288123369216919,-0.017029214650392532,0.3481900691986084,0.7087683081626892,-0.1890335977077484,0.2847670614719391,3.1161916255950928,0.04801078885793686
1484,29.569432020187378,0.7288123369216919,-0.017029214650392532,0.3481900691986084,0.6718207001686096,-0.13723699748516083,0.3960217833518982,3.107537031173706,0.04722129926085472
1485,29.596800565719604,0.7288123369216919,-0.017029214650392532,0.3481900691986084,0.6493270993232727,-0.10268890112638474,0.40171316266059875,3.0932576656341553,0.043105583637952805
1486,29.60657048225403,0.7288123369216919,-0.017029214650392532,0.3481900691986084,0.6405958533287048,-0.07619234919548035,0.4190004765987396,3.079315185546875,0.037840668112039566
1487,29.63694977760315,0.7288123369216919,-0.017029214650392532,0.3481900691986084,0.6419073939323425,-0.05509575828909874,0.4424382448196411,3.0678088665008545,0.03227728232741356
1488,29.647212982177734,0.7288123369216919,-0.017029214650392532,0.3481900691986084,0.6483474969863892,-0.03831377997994423,0.47717344760894775,3.0596704483032227,0.027255792170763016
1489,29.686064958572388,0.7288123369216919,-0.017029214650392532,0.3481900691986084,0.6587209105491638,-0.02560117281973362,0.5200372934341431,3.0557663440704346,0.023542048409581184
1490,29.703969478607178,0.7288123369216919,-0.017029214650392532,0.3481900691986084,0.6737383008003235,-0.01450188085436821,0.5568878650665283,3.0571372509002686,0.02040690928697586
1491,29.7313334941864,0.7288123369216919,-0.017029214650392532,0.3481900691986084,0.6916372179985046,0.001139894244261086,0.5483399629592896,3.0637588500976562,0.016241230070590973
1492,29.74166440963745,0.7288123369216919,-0.017029214650392532,0.3481900691986084,0.7100213766098022,0.025518467649817467,0.49529555439949036,3.0734946727752686,0.010278768837451935
1493,29.773678302764893,0.7288123369216919,-0.017029214650392532,0.3481900691986084,0.7282200455665588,0.055030010640621185,0.4630400240421295,3.0827460289001465,0.0028378621209412813
1494,29.786067962646484,0.7288123369216919,-0.017029214650392532,0.3481900691986084,0.7459905743598938,0.07846029847860336,0.49431172013282776,3.089277505874634,-0.004560238216072321
1495,29.81284260749817,0.7288123369216919,-0.017029214650392532,0.3481900691986084,0.7643990516662598,0.09319848567247391,0.5345293879508972,3.092900276184082,-0.009166000410914421
1496,29.824247360229492,0.7288123369216919,-0.017029214650392532,0.3481900691986084,0.7835626006126404,0.10830524563789368,0.5613788962364197,3.090923547744751,-0.007233312353491783
1497,29.85211753845215,0.7288123369216919,-0.017029214650392532,0.3481900691986084,0.749385416507721,0.15568016469478607,0.34122180938720703,3.0771946907043457,0.005308895837515593
1498,29.862711906433105,0.7288123369216919,-0.017029214650392532,0.3481900691986084,0.7344894409179688,0.11164751648902893,0.4636017978191376,3.055251121520996,0.013332473114132881
1499,29.890111684799194,0.7288123369216919,-0.017029214650392532,0.3481900691986084,0.688429594039917,0.06337212026119232,0.4268762767314911,3.0487635135650635,0.01907312497496605
1500,29.900901317596436,0.7288123369216919,-0.017029214650392532,0.3481900691986084,0.6533175110816956,0.03124227002263069,0.34902554750442505,3.0589699745178223,0.018778858706355095
1501,29.938289165496826,0.7288123369216919,-0.017029214650392532,0.3481900691986084,0.6332853436470032,0.01910925656557083,0.3075650930404663,3.0737221240997314,0.012736638076603413
1502,29.948711156845093,0.7288123369216919,-0.017029214650392532,0.3481900691986084,0.6190770268440247,0.014895962551236153,0.2790343165397644,3.0858678817749023,0.005009871441870928
1503,29.97860050201416,0.7288123369216919,-0.017029214650392532,0.3481900691986084,0.6085754632949829,0.0087209427729249,0.27206021547317505,3.0937130451202393,-0.002220120280981064
1504,29.991074800491333,0.7288123369216919,-0.017029214650392532,0.3481900691986084,0.6002694368362427,-0.002204698044806719,0.2715945541858673,3.098567008972168,-0.008661258034408092
1505,30.01849675178528,0.7288123369216919,-0.017029214650392532,0.3481900691986084,0.5930619239807129,-0.01737414114177227,0.28834593296051025,3.1019952297210693,-0.013845255598425865
1506,30.029292821884155,0.7288123369216919,-0.017029214650392532,0.3481900691986084,0.5894008278846741,-0.03576415032148361,0.31072092056274414,3.1045596599578857,-0.01800869032740593
1507,30.055420637130737,0.7288123369216919,-0.017029214650392532,0.3481900691986084,0.5904749035835266,-0.05627841129899025,0.3243989944458008,3.1054534912109375,-0.022289475426077843
1508,30.065959930419922,0.7288123369216919,-0.017029214650392532,0.3481900691986084,0.5947635173797607,-0.07713023573160172,0.34008267521858215,3.1036813259124756,-0.02686488628387451
1509,30.094127893447876,0.7288123369216919,-0.017029214650392532,0.3481900691986084,0.6012263894081116,-0.09821172803640366,0.36044976115226746,3.099163055419922,-0.03060358203947544
1510,30.1048424243927,0.7288123369216919,-0.017029214650392532,0.3481900691986084,0.6123318672180176,-0.11897749453783035,0.38691484928131104,3.091998338699341,-0.03287013992667198
1511,30.131435871124268,0.7288123369216919,-0.017029214650392532,0.3481900691986084,0.6283092498779297,-0.13904395699501038,0.42183953523635864,3.082517623901367,-0.033403556793928146
1512,30.141239643096924,0.7288123369216919,-0.017029214650392532,0.3481900691986084,0.6477534174919128,-0.16151684522628784,0.47392934560775757,3.0735108852386475,-0.030903857201337814
1513,30.16977310180664,0.7288123369216919,-0.017029214650392532,0.3481900691986084,0.6708337664604187,-0.1894819140434265,0.507297694683075,3.070366382598877,-0.02441220171749592
1514,30.18000864982605,0.7288123369216919,-0.017029214650392532,0.3481900691986084,0.7006754279136658,-0.2150828093290329,0.3754948377609253,3.077455520629883,-0.013486603274941444
1515,30.208409309387207,0.7288123369216919,-0.017029214650392532,0.3481900691986084,0.7068284749984741,-0.2279464304447174,0.1715666651725769,3.0920605659484863,-0.006148329470306635
1516,30.219083547592163,0.7288123369216919,-0.017029214650392532,0.3481900691986084,0.6836247444152832,-0.18993888795375824,0.21863971650600433,3.10307240486145,0.0017885464476421475
1517,30.2472505569458,0.7288123369216919,-0.017029214650392532,0.3481900691986084,0.6469603776931763,-0.13211742043495178,0.4294261634349823,3.0981285572052,0.008236746303737164
1518,30.258113622665405,0.7288123369216919,-0.017029214650392532,0.3481900691986084,0.6235231757164001,-0.09341585636138916,0.46335676312446594,3.084383726119995,0.010333545506000519
1519,30.285810232162476,0.7288123369216919,-0.017029214650392532,0.3481900691986084,0.6136060953140259,-0.06510194391012192,0.48352834582328796,3.0692708492279053,0.009487282484769821
1520,30.298570156097412,0.7288123369216919,-0.017029214650392532,0.3481900691986084,0.6137946844100952,-0.042425014078617096,0.5179996490478516,3.0558831691741943,0.007153748534619808
1521,30.327317237854004,0.7288123369216919,-0.017029214650392532,0.3481900691986084,0.6197093725204468,-0.024974489584565163,0.5590643882751465,3.045764684677124,0.004732266999781132
1522,30.33713674545288,0.7288123369216919,-0.017029214650392532,0.3481900691986084,0.6303501725196838,-0.012809652835130692,0.6120933294296265,3.0398881435394287,0.0036582150496542454
1523,30.36459469795227,0.7288123369216919,-0.017029214650392532,0.3481900691986084,0.6460666656494141,-0.0052173566073179245,0.6679481267929077,3.039447784423828,0.003960588946938515
1524,30.374539375305176,0.7288123369216919,-0.017029214650392532,0.3481900691986084,0.6663185358047485,0.003907877020537853,0.6920135021209717,3.0450663566589355,0.0038250957150012255
1525,30.401870250701904,0.7288123369216919,-0.017029214650392532,0.3481900691986084,0.6873024106025696,0.020686157047748566,0.6413058042526245,3.0556724071502686,0.0018049220088869333
1526,30.411863327026367,0.7288123369216919,-0.017029214650392532,0.3481900691986084,0.7079480886459351,0.047664012759923935,0.5659183263778687,3.067901134490967,-0.00249883602373302
1527,30.438475608825684,0.7288123369216919,-0.017029214650392532,0.3481900691986084,0.7283340096473694,0.07416541874408722,0.5530078411102295,3.0780389308929443,-0.008437935262918472
1528,30.44835066795349,0.7288123369216919,-0.017029214650392532,0.3481900691986084,0.7485955357551575,0.09040039777755737,0.5865719318389893,3.084909200668335,-0.013649983331561089
1529,30.476047039031982,0.7288123369216919,-0.017029214650392532,0.3481900691986084,0.7708024978637695,0.100620336830616,0.6145015358924866,3.0878355503082275,-0.01484437845647335
1530,30.486695528030396,0.7288123369216919,-0.017029214650392532,0.3481900691986084,0.7890494465827942,0.11590013653039932,0.6562222242355347,3.082183361053467,-0.006501917727291584
1531,30.51486849784851,0.7288123369216919,-0.017029214650392532,0.3481900691986084,0.7707322835922241,0.12839072942733765,0.7632336616516113,3.06636643409729,0.0010117889614775777
1532,30.529350757598877,0.7288123369216919,-0.017029214650392532,0.3481900691986084,0.719193696975708,0.09395027905702591,0.6038767099380493,3.058037757873535,7.784736953908578e-05
1533,30.556899547576904,0.7288123369216919,-0.017029214650392532,0.3481900691986084,0.6575872302055359,0.05116163566708565,0.44087234139442444,3.0612382888793945,0.0026365318335592747
1534,30.567866563796997,0.7288123369216919,-0.017029214650392532,0.3481900691986084,0.6172634959220886,0.020963294431567192,0.40518251061439514,3.072692394256592,0.0038212956860661507
1535,30.594301462173462,0.7288123369216919,-0.017029214650392532,0.3481900691986084,0.5965954661369324,0.00415800791233778,0.3550165593624115,3.086437940597534,0.0025282816495746374
1536,30.604339838027954,0.7288123369216919,-0.017029214650392532,0.3481900691986084,0.5872001051902771,-0.003524641040712595,0.3076035976409912,3.097022771835327,-0.0012765730498358607
1537,30.63217544555664,0.7288123369216919,-0.017029214650392532,0.3481900691986084,0.578928530216217,-0.010047443211078644,0.3140723705291748,3.1023712158203125,-0.005765822250396013
1538,30.642526388168335,0.7288123369216919,-0.017029214650392532,0.3481900691986084,0.569494903087616,-0.01967756263911724,0.35803377628326416,3.1037189960479736,-0.008751101791858673
1539,30.669677734375,0.7288123369216919,-0.017029214650392532,0.3481900691986084,0.5622628927230835,-0.03460626304149628,0.3894215226173401,3.1035473346710205,-0.01017847005277872
1540,30.680648803710938,0.7288123369216919,-0.017029214650392532,0.3481900691986084,0.5592319369316101,-0.05424444004893303,0.3999728560447693,3.1032183170318604,-0.011457796208560467
1541,30.713892459869385,0.7288123369216919,-0.017029214650392532,0.3481900691986084,0.5600752830505371,-0.0759970024228096,0.407275915145874,3.102147340774536,-0.013369164429605007
1542,30.727041244506836,0.7288123369216919,-0.017029214650392532,0.3481900691986084,0.5646414160728455,-0.09287949651479721,0.2501167058944702,3.098210573196411,-0.01683124713599682
1543,30.75391459465027,0.7288123369216919,-0.017029214650392532,0.3481900691986084,0.5725952386856079,-0.11330587416887283,0.06490010023117065,3.089977502822876,-0.023938773199915886
1544,30.765861988067627,0.7288123369216919,-0.017029214650392532,0.3481900691986084,0.5839396119117737,-0.14260217547416687,-0.14837521314620972,3.081143379211426,-0.03462114930152893
1545,30.79425597190857,0.7288123369216919,-0.017029214650392532,0.3481900691986084,0.5997183322906494,-0.17819388210773468,-0.2926594614982605,3.076975107192993,-0.04757223278284073
1546,30.804260730743408,0.7288123369216919,-0.017029214650392532,0.3481900691986084,0.6196668148040771,-0.2034207135438919,-0.4460453391075134,3.078946828842163,-0.061211809515953064
1547,30.831403255462646,0.7288123369216919,-0.017029214650392532,0.3481900691986084,0.6421891450881958,-0.21320131421089172,-0.7294779419898987,3.0828514099121094,-0.07549308240413666
1548,30.842125177383423,0.7288123369216919,-0.017029214650392532,0.3481900691986084,0.654855489730835,-0.21132491528987885,-0.7106276750564575,3.0891594886779785,-0.0875251367688179
1549,30.870070695877075,0.7288123369216919,-0.017029214650392532,0.3481900691986084,0.6601512432098389,-0.17565812170505524,-0.372581422328949,3.1018404960632324,-0.09006225317716599
1550,30.880545139312744,0.7288123369216919,-0.017029214650392532,0.3481900691986084,0.646465539932251,-0.10443593561649323,0.2154126912355423,3.1111602783203125,-0.07680721580982208
1551,30.907323360443115,0.7288123369216919,-0.017029214650392532,0.3481900691986084,0.6156723499298096,-0.03205760195851326,0.40978312492370605,3.1094233989715576,-0.053187452256679535
1552,30.91737985610962,0.7288123369216919,-0.017029214650392532,0.3481900691986084,0.6224586367607117,0.007090656086802483,0.3676386773586273,3.10245680809021,-0.03244169056415558
1553,30.94403576850891,0.7288123369216919,-0.017029214650392532,0.3481900691986084,0.6535272598266602,0.027507074177265167,0.34784168004989624,3.0943589210510254,-0.018178623169660568
1554,30.95484495162964,0.7288123369216919,-0.017029214650392532,0.3481900691986084,0.6887621879577637,0.041081953793764114,0.3647223711013794,3.0906643867492676,-0.009994538500905037
1555,30.98307228088379,0.7288123369216919,-0.017029214650392532,0.3481900691986084,0.7210160493850708,0.05922975391149521,0.3941408395767212,3.093930959701538,-0.0063271126709878445
1556,30.993767261505127,0.7288123369216919,-0.017029214650392532,0.3481900691986084,0.7438353896141052,0.08727960288524628,0.4030761122703552,3.1013360023498535,-0.004816795699298382
1557,31.021297216415405,0.7288123369216919,-0.017029214650392532,0.3481900691986084,0.7576201558113098,0.12193279713392258,0.4508190155029297,3.1082022190093994,-0.0022230707108974457
1558,31.032840490341187,0.7288123369216919,-0.017029214650392532,0.3481900691986084,0.7716598510742188,0.14993920922279358,0.5179680585861206,3.109997034072876,0.003324562683701515
1559,31.059833765029907,0.7288123369216919,-0.017029214650392532,0.3481900691986084,0.7403243780136108,0.19140754640102386,0.42707693576812744,3.102574586868286,0.013616086915135384
1560,31.070972681045532,0.7288123369216919,-0.017029214650392532,0.3481900691986084,0.7088812589645386,0.1685519963502884,0.26913562417030334,3.085653066635132,0.02436465583741665
1561,31.09796404838562,0.7288123369216919,-0.017029214650392532,0.3481900691986084,0.6721735596656799,0.14888188242912292,0.5516737699508667,3.072995662689209,0.03687702864408493
1562,31.108322143554688,0.7288123369216919,-0.017029214650392532,0.3481900691986084,0.6649743318557739,0.1273013800382614,0.5282425880432129,3.0632379055023193,0.051813602447509766
1563,31.134969234466553,0.7288123369216919,-0.017029214650392532,0.3481900691986084,0.6700833439826965,0.11255690455436707,0.5196926593780518,3.0536322593688965,0.06325866281986237
1564,31.14453363418579,0.7288123369216919,-0.017029214650392532,0.3481900691986084,0.6463416814804077,0.09312621504068375,0.44418495893478394,3.0479493141174316,0.07106209546327591
1565,31.174933433532715,0.7288123369216919,-0.017029214650392532,0.3481900691986084,0.607319712638855,0.07147976756095886,0.3732200562953949,3.048515558242798,0.0768207237124443
1566,31.18808674812317,0.7288123369216919,-0.017029214650392532,0.3481900691986084,0.5801975131034851,0.058441027998924255,0.3805854618549347,3.052992820739746,0.07909832149744034
1567,31.216447830200195,0.7288123369216919,-0.017029214650392532,0.3481900691986084,0.558810830116272,0.0473739393055439,0.3793189525604248,3.060471534729004,0.07922223210334778
1568,31.227036714553833,0.7288123369216919,-0.017029214650392532,0.3481900691986084,0.5435662865638733,0.03554409742355347,0.3555906116962433,3.070275068283081,0.0782909020781517
1569,31.255516529083252,0.7288123369216919,-0.017029214650392532,0.3481900691986084,0.5359980463981628,0.023226642981171608,0.32581794261932373,3.0811617374420166,0.07628630101680756
1570,31.267210960388184,0.7288123369216919,-0.017029214650392532,0.3481900691986084,0.5343195199966431,0.01153082400560379,0.2989494800567627,3.09157133102417,0.07314981520175934
1571,31.294164180755615,0.7288123369216919,-0.017029214650392532,0.3481900691986084,0.5340827703475952,0.0008724980289116502,0.30279940366744995,3.100358247756958,0.06988190859556198
1572,31.304659843444824,0.7288123369216919,-0.017029214650392532,0.3481900691986084,0.5341166257858276,-0.01230610441416502,0.3187481164932251,3.1070027351379395,0.0674564316868782
1573,31.33210587501526,0.7288123369216919,-0.017029214650392532,0.3481900691986084,0.5353116393089294,-0.03160015493631363,0.3208085298538208,3.1127169132232666,0.0653652548789978
1574,31.34197163581848,0.7288123369216919,-0.017029214650392532,0.3481900691986084,0.5403867959976196,-0.05189187079668045,0.3307115435600281,3.1168365478515625,0.06297537684440613
1575,31.37036633491516,0.7288123369216919,-0.017029214650392532,0.3481900691986084,0.5487057566642761,-0.07148438692092896,0.3497660756111145,3.1186516284942627,0.060345325618982315
1576,31.385510683059692,0.7288123369216919,-0.017029214650392532,0.3481900691986084,0.5602441430091858,-0.09024309366941452,0.37792277336120605,3.117760181427002,0.057824622839689255
1577,31.412582874298096,0.7288123369216919,-0.017029214650392532,0.3481900691986084,0.5757119655609131,-0.10967089980840683,0.4094218909740448,3.1145403385162354,0.055418502539396286
1578,31.422119855880737,0.7288123369216919,-0.017029214650392532,0.3481900691986084,0.595851480960846,-0.12748877704143524,0.4414680004119873,3.1095476150512695,0.05283636227250099
1579,31.449082851409912,0.7288123369216919,-0.017029214650392532,0.3481900691986084,0.6205903887748718,-0.14589814841747284,0.48082205653190613,3.1040172576904297,0.05053393170237541
1580,31.45879316329956,0.7288123369216919,-0.017029214650392532,0.3481900691986084,0.6441574692726135,-0.16084732115268707,0.25654029846191406,3.0997564792633057,0.04482347145676613
1581,31.48683738708496,0.7288123369216919,-0.017029214650392532,0.3481900691986084,0.6675621271133423,-0.17447715997695923,0.15815386176109314,3.1010313034057617,0.03514765575528145
1582,31.49784231185913,0.7288123369216919,-0.017029214650392532,0.3481900691986084,0.6515319347381592,-0.17662054300308228,0.006190121173858643,3.112032413482666,0.035567525774240494
1583,31.524948120117188,0.7288123369216919,-0.017029214650392532,0.3481900691986084,0.6198486685752869,-0.12820644676685333,0.050434600561857224,3.1151058673858643,0.04425441473722458
1584,31.535929441452026,0.7288123369216919,-0.017029214650392532,0.3481900691986084,0.6010438799858093,-0.06327278167009354,0.282598078250885,3.097201108932495,0.043188679963350296
1585,31.56252908706665,0.7288123369216919,-0.017029214650392532,0.3481900691986084,0.5929259657859802,-0.031145619228482246,0.38700833916664124,3.0774011611938477,0.0404040664434433
1586,31.573893785476685,0.7288123369216919,-0.017029214650392532,0.3481900691986084,0.6066905856132507,-0.013494487851858139,0.4416704773902893,3.066214084625244,0.03715595602989197
1587,31.601720809936523,0.7288123369216919,-0.017029214650392532,0.3481900691986084,0.6335726380348206,-0.0023949239403009415,0.45781949162483215,3.0624680519104004,0.032283883541822433
1588,31.612703800201416,0.7288123369216919,-0.017029214650392532,0.3481900691986084,0.6602206230163574,0.008180251345038414,0.47798147797584534,3.0630903244018555,0.026280410587787628
1589,31.640631914138794,0.7288123369216919,-0.017029214650392532,0.3481900691986084,0.6848693490028381,0.021029310300946236,0.500369668006897,3.0669665336608887,0.01979750022292137
1590,31.65100908279419,0.7288123369216919,-0.017029214650392532,0.3481900691986084,0.7090514898300171,0.03993065655231476,0.49219638109207153,3.0738911628723145,0.01253227237612009
1591,31.67802619934082,0.7288123369216919,-0.017029214650392532,0.3481900691986084,0.7326740026473999,0.06653354316949844,0.4548225402832031,3.082841157913208,0.004148588981479406
1592,31.68879723548889,0.7288123369216919,-0.017029214650392532,0.3481900691986084,0.7520886063575745,0.09585390985012054,0.38592785596847534,3.091566801071167,-0.004860023036599159
1593,31.717370986938477,0.7288123369216919,-0.017029214650392532,0.3481900691986084,0.7686722874641418,0.1165345311164856,0.386415034532547,3.097719192504883,-0.01262306235730648
1594,31.727190732955933,0.7288123369216919,-0.017029214650392532,0.3481900691986084,0.7844656109809875,0.1293930858373642,0.3925391435623169,3.1003990173339844,-0.015584373846650124
1595,31.75697135925293,0.7288123369216919,-0.017029214650392532,0.3481900691986084,0.8044353723526001,0.14865408837795258,0.3660195767879486,3.098269462585449,-0.010960259474813938
1596,31.76835060119629,0.7288123369216919,-0.017029214650392532,0.3481900691986084,0.7761967778205872,0.2081608921289444,0.07126343995332718,3.085723876953125,0.0022342281881719828
1597,31.794939756393433,0.7288123369216919,-0.017029214650392532,0.3481900691986084,0.7658566832542419,0.16806897521018982,0.3175988495349884,3.066823720932007,0.0076981596648693085
1598,31.806419372558594,0.7288123369216919,-0.017029214650392532,0.3481900691986084,0.7106677293777466,0.11375045031309128,0.4389318823814392,3.061779022216797,0.013605726882815361
1599,31.83417558670044,0.7288123369216919,-0.017029214650392532,0.3481900691986084,0.669196605682373,0.06330817937850952,0.2800236940383911,3.074384927749634,0.01589769683778286
1600,31.84572696685791,0.7288123369216919,-0.017029214650392532,0.3481900691986084,0.6319543719291687,0.033627983182668686,0.16672340035438538,3.095839500427246,0.014240212738513947
1601,31.87413787841797,0.7288123369216919,-0.017029214650392532,0.3481900691986084,0.6037271022796631,0.0154933026060462,-0.0009959954768419266,3.1181554794311523,0.012751019559800625
1602,31.88513731956482,0.7288123369216919,-0.017029214650392532,0.3481900691986084,0.5783047080039978,0.0014212357345968485,-0.2681771516799927,3.139129638671875,0.013740858994424343
1603,31.912195205688477,0.7288123369216919,-0.017029214650392532,0.3481900691986084,0.5682211518287659,0.0014842050150036812,-0.46866342425346375,-3.127380132675171,0.015984635800123215
1604,31.922409057617188,0.7288123369216919,-0.017029214650392532,0.3481900691986084,0.5783381462097168,0.012822117656469345,-0.6283724904060364,-3.1164536476135254,0.016112593933939934
1605,31.949132204055786,0.7288123369216919,-0.017029214650392532,0.3481900691986084,0.5878286957740784,0.02291787602007389,-0.8473132848739624,-3.107783555984497,0.012454050593078136
1606,31.959105014801025,0.7288123369216919,-0.017029214650392532,0.3481900691986084,0.5836102962493896,0.02365504950284958,-0.9736816883087158,-3.100311756134033,0.009472370147705078
1607,31.98603343963623,0.7288123369216919,-0.017029214650392532,0.3481900691986084,0.5826976895332336,0.02029326930642128,-0.8932860493659973,-3.0967085361480713,0.010841538198292255
1608,31.996593713760376,0.7288123369216919,-0.017029214650392532,0.3481900691986084,0.5912098288536072,0.0022441199980676174,-0.781649112701416,-3.097120761871338,0.01410385686904192
1609,32.02611064910889,0.7288123369216919,-0.017029214650392532,0.3481900691986084,0.608379065990448,-0.015578705817461014,-0.6181226968765259,-3.1010146141052246,0.017437126487493515
1610,32.03841972351074,0.7288123369216919,-0.017029214650392532,0.3481900691986084,0.6355970501899719,-0.023001011461019516,-0.4406193792819977,-3.1099371910095215,0.020106375217437744
1611,32.067105770111084,0.7288123369216919,-0.017029214650392532,0.3481900691986084,0.6704082489013672,-0.01285296306014061,-0.2897016108036041,-3.1265814304351807,0.021027985960245132
1612,32.07876110076904,0.7288123369216919,-0.017029214650392532,0.3481900691986084,0.7133604884147644,-0.0034664692357182503,-0.2397981882095337,3.1332478523254395,0.019596809521317482
1613,32.10513114929199,0.7288123369216919,-0.017029214650392532,0.3481900691986084,0.758584201335907,-0.00713404780253768,-0.24677616357803345,3.1101653575897217,0.015685226768255234
1614,32.11575126647949,0.7288123369216919,-0.017029214650392532,0.3481900691986084,0.7835477590560913,-0.011482451111078262,-0.5645642280578613,3.0939180850982666,0.007618466857820749
1615,32.14179062843323,0.7288123369216919,-0.017029214650392532,0.3481900691986084,0.7425957322120667,0.008954976685345173,-0.3899136781692505,3.0791330337524414,0.0009146148804575205
1616,32.15257000923157,0.7288123369216919,-0.017029214650392532,0.3481900691986084,0.6469639539718628,0.05728406459093094,0.29453128576278687,3.0650105476379395,0.01521215308457613
1617,32.17878532409668,0.7288123369216919,-0.017029214650392532,0.3481900691986084,0.5745524168014526,0.08339188247919083,0.5287765264511108,3.0600156784057617,0.043566226959228516
1618,32.18900680541992,0.7288123369216919,-0.017029214650392532,0.3481900691986084,0.5527938008308411,0.10252320766448975,0.5664627552032471,3.062643051147461,0.0680970624089241
1619,32.220937728881836,0.7288123369216919,-0.017029214650392532,0.3481900691986084,0.5521631240844727,0.12075380980968475,0.5438550710678101,3.0659446716308594,0.07949692755937576
1620,32.23427700996399,0.7288123369216919,-0.017029214650392532,0.3481900691986084,0.5547864437103271,0.1353885680437088,0.5452109575271606,3.0683436393737793,0.0792921632528305
1621,32.26256251335144,0.7288123369216919,-0.017029214650392532,0.3481900691986084,0.5574676394462585,0.14207200706005096,0.5825015902519226,3.072042226791382,0.07549729943275452
1622,32.27387738227844,0.7288123369216919,-0.017029214650392532,0.3481900691986084,0.5639761686325073,0.1432713270187378,0.6535251140594482,3.0779778957366943,0.07546138763427734
1623,32.30088543891907,0.7288123369216919,-0.017029214650392532,0.3481900691986084,0.5776629447937012,0.1389976143836975,0.7119469046592712,3.0855696201324463,0.08103536814451218
1624,32.313146114349365,0.7288123369216919,-0.017029214650392532,0.3481900691986084,0.5988054275512695,0.13790154457092285,0.747198224067688,3.0937609672546387,0.08829469233751297
1625,32.34000539779663,0.7288123369216919,-0.017029214650392532,0.3481900691986084,0.6222355961799622,0.1495947241783142,0.7154425978660583,3.1014208793640137,0.09194660931825638
1626,32.351475954055786,0.7288123369216919,-0.017029214650392532,0.3481900691986084,0.6384269595146179,0.17262889444828033,0.618152379989624,3.10760760307312,0.0912739709019661
1627,32.37830352783203,0.7288123369216919,-0.017029214650392532,0.3481900691986084,0.6467864513397217,0.19823330640792847,0.5456662178039551,3.1112005710601807,0.09000831842422485
1628,32.389055013656616,0.6949047446250916,0.15946505963802338,-0.36205893754959106,0.6544246077537537,0.21656784415245056,0.5061340928077698,3.11153507232666,0.09199246019124985
1629,32.42173647880554,0.6949047446250916,0.15946505963802338,-0.36205893754959106,0.6720633506774902,0.22918106615543365,0.2978363633155823,3.117727756500244,0.09617044776678085
1630,32.43279242515564,0.6949047446250916,0.15946505963802338,-0.36205893754959106,0.693746030330658,0.24462595582008362,0.11515229195356369,3.1272521018981934,0.10087152570486069
1631,32.45996165275574,0.6949047446250916,0.15946505963802338,-0.36205893754959106,0.7004802823066711,0.26066115498542786,0.019023161381483078,3.131274461746216,0.1123163029551506
1632,32.47114849090576,0.6949047446250916,0.15946505963802338,-0.36205893754959106,0.688614010810852,0.2695658206939697,0.0055532753467559814,3.1286041736602783,0.1346101015806198
1633,32.49822545051575,0.6949047446250916,0.15946505963802338,-0.36205893754959106,0.7152231931686401,0.22431248426437378,0.18549349904060364,3.1309256553649902,0.13400807976722717
1634,32.50918436050415,0.6949047446250916,0.15946505963802338,-0.36205893754959106,0.6929119825363159,0.16253438591957092,-0.12806428968906403,-3.1334638595581055,0.11310397833585739
1635,32.53561782836914,0.6949047446250916,0.15946505963802338,-0.36205893754959106,0.6701638102531433,0.13594654202461243,-0.3331180214881897,-3.1196341514587402,0.09742999821901321
1636,32.54665780067444,0.6949047446250916,0.15946505963802338,-0.36205893754959106,0.6647655367851257,0.11754126101732254,-0.42834293842315674,-3.1170215606689453,0.08624792844057083
1637,32.57305598258972,0.6949047446250916,0.15946505963802338,-0.36205893754959106,0.661211371421814,0.09893431514501572,-0.37143993377685547,-3.120832681655884,0.07893918454647064
1638,32.58368968963623,0.6949047446250916,0.15946505963802338,-0.36205893754959106,0.660784900188446,0.0789271742105484,-0.2795071601867676,-3.126803398132324,0.07521657645702362
1639,32.61065435409546,0.6949047446250916,0.15946505963802338,-0.36205893754959106,0.6658846139907837,0.05588488280773163,-0.2587652802467346,-3.1331288814544678,0.07196059823036194
1640,32.62216806411743,0.6949047446250916,0.15946505963802338,-0.36205893754959106,0.6737899780273438,0.030828386545181274,-0.25937435030937195,-3.139810085296631,0.067772775888443
1641,32.64999222755432,0.6949047446250916,0.15946505963802338,-0.36205893754959106,0.6838762760162354,0.010036160238087177,-0.23002102971076965,3.134722948074341,0.06437257677316666
1642,32.660062313079834,0.6949047446250916,0.15946505963802338,-0.36205893754959106,0.69964200258255,-0.005069761071354151,-0.20359645783901215,3.1229984760284424,0.06278879940509796
1643,32.688570499420166,0.6949047446250916,0.15946505963802338,-0.36205893754959106,0.7221364378929138,-0.019231345504522324,-0.19704529643058777,3.1105539798736572,0.06254027783870697
1644,32.69970440864563,0.6949047446250916,0.15946505963802338,-0.36205893754959106,0.748380184173584,-0.04026058316230774,-0.2177582085132599,3.1027519702911377,0.06337054073810577
1645,32.73154258728027,0.6949047446250916,0.15946505963802338,-0.36205893754959106,0.7898831367492676,-0.058676477521657944,-0.6578933596611023,3.1000328063964844,0.054736413061618805
1646,32.74491024017334,0.6949047446250916,0.15946505963802338,-0.36205893754959106,0.7789111137390137,-0.07052519917488098,-0.8621745109558105,3.0993289947509766,0.03993451967835426
1647,32.77244186401367,0.6949047446250916,0.15946505963802338,-0.36205893754959106,0.739590585231781,-0.042658086866140366,-0.6166691780090332,3.102402925491333,0.04148751124739647
1648,32.78502345085144,0.6949047446250916,0.15946505963802338,-0.36205893754959106,0.6738162636756897,0.010657058097422123,-0.3652060627937317,3.101728677749634,0.056532714515924454
1649,32.811460733413696,0.6949047446250916,0.15946505963802338,-0.36205893754959106,0.6186950206756592,0.05498459190130234,-0.3685493469238281,3.095921516418457,0.07343623787164688
1650,32.821929931640625,0.6949047446250916,0.15946505963802338,-0.36205893754959106,0.5817626714706421,0.0919485092163086,-0.39255714416503906,3.0858166217803955,0.08791933208703995
1651,32.84872913360596,0.6949047446250916,0.15946505963802338,-0.36205893754959106,0.5525830984115601,0.1278798133134842,-0.3816257119178772,3.072859764099121,0.09989812970161438
1652,32.85958528518677,0.6949047446250916,0.15946505963802338,-0.36205893754959106,0.533037543296814,0.16198068857192993,-0.329713374376297,3.060030221939087,0.10793488472700119
1653,32.89215040206909,0.6949047446250916,0.15946505963802338,-0.36205893754959106,0.5268153548240662,0.19317029416561127,-0.22730588912963867,3.0496068000793457,0.11046643555164337
1654,32.90308332443237,0.6949047446250916,0.15946505963802338,-0.36205893754959106,0.5347632169723511,0.22139014303684235,-0.07683674991130829,3.0425074100494385,0.10792534798383713
1655,32.931352853775024,0.6949047446250916,0.15946505963802338,-0.36205893754959106,0.5579248666763306,0.24279941618442535,0.09396679699420929,3.0392184257507324,0.10329996049404144
1656,32.94218730926514,0.6949047446250916,0.15946505963802338,-0.36205893754959106,0.589925229549408,0.24946773052215576,0.2553672790527344,3.0410354137420654,0.10092044621706009
1657,32.96878933906555,0.6949047446250916,0.15946505963802338,-0.36205893754959106,0.6234581470489502,0.24423934519290924,0.4216681122779846,3.0495073795318604,0.10154375433921814
1658,32.982537269592285,0.6949047446250916,0.15946505963802338,-0.36205893754959106,0.6482604146003723,0.24776750802993774,0.4888072609901428,3.0647213459014893,0.10184139758348465
1659,33.01028895378113,0.6949047446250916,0.15946505963802338,-0.36205893754959106,0.6625020503997803,0.2726338803768158,0.3856712579727173,3.0841426849365234,0.09877649694681168
1660,33.02103853225708,0.6949047446250916,0.15946505963802338,-0.36205893754959106,0.6670203804969788,0.3114144504070282,0.26512524485588074,3.1011037826538086,0.09294144809246063
1661,33.04837465286255,0.6949047446250916,0.15946505963802338,-0.36205893754959106,0.6703716516494751,0.3381842374801636,0.15239593386650085,3.111262559890747,0.08710967749357224
1662,33.060484647750854,0.6949047446250916,0.15946505963802338,-0.36205893754959106,0.6765941381454468,0.35807856917381287,-0.019313763827085495,3.116359233856201,0.084741972386837
1663,33.09341502189636,0.6949047446250916,0.15946505963802338,-0.36205893754959106,0.6751880049705505,0.38519763946533203,-0.18735329806804657,3.1168808937072754,0.09231261163949966
1664,33.10444951057434,0.6949047446250916,0.15946505963802338,-0.36205893754959106,0.6648654341697693,0.4142867624759674,-0.16317184269428253,3.1118102073669434,0.11191961169242859
1665,33.13253211975098,0.6949047446250916,0.15946505963802338,-0.36205893754959106,0.6758623719215393,0.40036681294441223,0.020446069538593292,3.100795269012451,0.1288272738456726
1666,33.144495248794556,0.6949047446250916,0.15946505963802338,-0.36205893754959106,0.6704227328300476,0.2969943583011627,-0.03169897198677063,3.113476514816284,0.118202343583107
1667,33.175686836242676,0.6949047446250916,0.15946505963802338,-0.36205893754959106,0.6635806560516357,0.23530593514442444,-0.2669201195240021,3.1337006092071533,0.10303058475255966
1668,33.18937277793884,0.6949047446250916,0.15946505963802338,-0.36205893754959106,0.6640219688415527,0.2001844197511673,-0.3511371612548828,-3.139047384262085,0.0895560011267662
1669,33.220261573791504,0.6949047446250916,0.15946505963802338,-0.36205893754959106,0.6672669053077698,0.17317816615104675,-0.30572399497032166,-3.138148546218872,0.0778777152299881
1670,33.23151898384094,0.6949047446250916,0.15946505963802338,-0.36205893754959106,0.6681473255157471,0.14826610684394836,-0.22432512044906616,3.140836715698242,0.06928052008152008
1671,33.25849008560181,0.6949047446250916,0.15946505963802338,-0.36205893754959106,0.6709559559822083,0.12252330780029297,-0.19262823462486267,3.135006904602051,0.06423899531364441
1672,33.269716024398804,0.6949047446250916,0.15946505963802338,-0.36205893754959106,0.6777154803276062,0.09356925636529922,-0.2075945883989334,3.129708766937256,0.06143554300069809
1673,33.29668068885803,0.6949047446250916,0.15946505963802338,-0.36205893754959106,0.6878915429115295,0.06996264308691025,-0.19753223657608032,3.123809814453125,0.06053319200873375
1674,33.30721712112427,0.6949047446250916,0.15946505963802338,-0.36205893754959106,0.7031444907188416,0.05414199456572533,-0.17731033265590668,3.1153481006622314,0.061244651675224304
1675,33.335854053497314,0.6949047446250916,0.15946505963802338,-0.36205893754959106,0.7244166135787964,0.039764404296875,-0.1584719568490982,3.105815887451172,0.06258974224328995
1676,33.347612380981445,0.6949047446250916,0.15946505963802338,-0.36205893754959106,0.7496839165687561,0.020225265994668007,-0.15681752562522888,3.0993599891662598,0.06402938067913055
1677,33.37567377090454,0.6949047446250916,0.15946505963802338,-0.36205893754959106,0.7854112982749939,-0.002973975846543908,-0.4271865487098694,3.098520517349243,0.06141887977719307
1678,33.38838243484497,0.6949047446250916,0.15946505963802338,-0.36205893754959106,0.8091441988945007,-0.03274422511458397,-0.8288918137550354,3.0983071327209473,0.04636712744832039
1679,33.415417194366455,0.6949047446250916,0.15946505963802338,-0.36205893754959106,0.7920385599136353,-0.031178098171949387,-0.8127689361572266,3.100400686264038,0.037484925240278244
1680,33.42702603340149,0.6949047446250916,0.15946505963802338,-0.36205893754959106,0.7447331547737122,0.002208334393799305,-0.5669342279434204,3.1025688648223877,0.04432779550552368
1681,33.45472812652588,0.6949047446250916,0.15946505963802338,-0.36205893754959106,0.6771207451820374,0.05080215260386467,-0.3493298292160034,3.0996525287628174,0.05984329432249069
1682,33.4658842086792,0.6949047446250916,0.15946505963802338,-0.36205893754959106,0.6230450868606567,0.0856720432639122,-0.35224050283432007,3.093548536300659,0.07525695115327835
1683,33.492881536483765,0.6949047446250916,0.15946505963802338,-0.36205893754959106,0.5839132070541382,0.11618512868881226,-0.3687162399291992,3.084300994873047,0.0893869549036026
1684,33.503560066223145,0.6949047446250916,0.15946505963802338,-0.36205893754959106,0.5514006614685059,0.14793090522289276,-0.3423062562942505,3.072376251220703,0.10153896361589432
1685,33.531171798706055,0.6949047446250916,0.15946505963802338,-0.36205893754959106,0.526800811290741,0.1780795156955719,-0.2855071723461151,3.0602123737335205,0.1100073829293251
1686,33.54286026954651,0.6949047446250916,0.15946505963802338,-0.36205893754959106,0.5141921043395996,0.20629948377609253,-0.18526990711688995,3.049875259399414,0.11355092376470566
1687,33.5695903301239,0.6949047446250916,0.15946505963802338,-0.36205893754959106,0.5157076716423035,0.23407487571239471,-0.03458798676729202,3.042318105697632,0.11224198341369629
1688,33.5818772315979,0.6949047446250916,0.15946505963802338,-0.36205893754959106,0.5355939865112305,0.2598981261253357,0.1398891806602478,3.038177251815796,0.10774215310811996
1689,33.61147737503052,0.6949047446250916,0.15946505963802338,-0.36205893754959106,0.5731414556503296,0.2723182737827301,0.296283483505249,3.038987398147583,0.10372176021337509
1690,33.624645948410034,0.6949047446250916,0.15946505963802338,-0.36205893754959106,0.6131841540336609,0.26179239153862,0.4703845977783203,3.047011613845825,0.10381606221199036
1691,33.65343642234802,0.6949047446250916,0.15946505963802338,-0.36205893754959106,0.6423805356025696,0.25001588463783264,0.6348682045936584,3.062516689300537,0.10630488395690918
1692,33.66711974143982,0.6949047446250916,0.15946505963802338,-0.36205893754959106,0.6595596075057983,0.2595706284046173,0.5870882272720337,3.083806037902832,0.10666832327842712
1693,33.694369316101074,0.6949047446250916,0.15946505963802338,-0.36205893754959106,0.6673304438591003,0.29520106315612793,0.42955753207206726,3.1050775051116943,0.1027340218424797
1694,33.70492768287659,0.6949047446250916,0.15946505963802338,-0.36205893754959106,0.5234347581863403,0.40938687324523926,1.387662410736084,3.1172664165496826,0.09460263699293137
1695,33.73214673995972,0.6949047446250916,0.15946505963802338,-0.36205893754959106,0.5698015093803406,0.3625715970993042,1.2753701210021973,3.117947816848755,0.07832608371973038
1696,33.743385314941406,0.6949047446250916,0.15946505963802338,-0.36205893754959106,0.5698424577713013,0.38495925068855286,1.7665479183197021,3.128582000732422,0.08176534622907639
1697,33.77174425125122,0.6949047446250916,0.15946505963802338,-0.36205893754959106,0.6777625679969788,0.30497321486473083,1.178163766860962,3.1377322673797607,0.09687255322933197
1698,33.7837176322937,0.6949047446250916,0.15946505963802338,-0.36205893754959106,0.7830147743225098,0.2305649071931839,0.7979570627212524,-3.1403839588165283,0.10482213646173477
1699,33.81003189086914,0.6949047446250916,0.15946505963802338,-0.36205893754959106,0.8043544292449951,0.15132184326648712,0.4718022346496582,-3.130207061767578,0.10589200258255005
1700,33.823227405548096,0.6949047446250916,0.15946505963802338,-0.36205893754959106,0.8063603639602661,0.09430286288261414,0.17564070224761963,-3.1155598163604736,0.10572893917560577
1701,33.85047626495361,0.6949047446250916,0.15946505963802338,-0.36205893754959106,0.8171879649162292,0.06613488495349884,0.045125365257263184,-3.103749990463257,0.10586170107126236
1702,33.86207318305969,0.6949047446250916,0.15946505963802338,-0.36205893754959106,0.8336934447288513,0.04525154083967209,0.12384198606014252,-3.0987777709960938,0.10654114186763763
1703,33.888673543930054,0.6949047446250916,0.15946505963802338,-0.36205893754959106,0.8488243222236633,0.018569909036159515,0.2629975974559784,-3.0986008644104004,0.1101461797952652
1704,33.89948081970215,0.6949047446250916,0.15946505963802338,-0.36205893754959106,0.8636010885238647,-0.014225628226995468,0.29768189787864685,-3.100294589996338,0.11735229194164276
1705,33.926318645477295,0.6949047446250916,0.15946505963802338,-0.36205893754959106,0.8861405849456787,-0.04535304754972458,0.29368042945861816,-3.1014113426208496,0.12661728262901306
1706,33.93705224990845,0.6949047446250916,0.15946505963802338,-0.36205893754959106,0.9168503284454346,-0.078548364341259,0.30240532755851746,-3.0993716716766357,0.136783629655838
1707,33.96465611457825,0.6949047446250916,0.15946505963802338,-0.36205893754959106,0.9492310285568237,-0.12173238396644592,0.2657431364059448,-3.0914015769958496,0.14712487161159515
1708,33.97483539581299,0.6949047446250916,0.15946505963802338,-0.36205893754959106,0.9971262812614441,-0.1455928534269333,-0.17086249589920044,-3.083879232406616,0.14549946784973145
1709,34.0026330947876,0.6949047446250916,0.15946505963802338,-0.36205893754959106,0.9960021376609802,-0.13942670822143555,-0.504296064376831,-3.0851237773895264,0.12871168553829193
1710,34.01375102996826,0.6949047446250916,0.15946505963802338,-0.36205893754959106,0.937628448009491,-0.10132287442684174,-0.4692211151123047,-3.0937788486480713,0.11838725954294205
1711,34.04050970077515,0.6949047446250916,0.15946505963802338,-0.36205893754959106,0.8585960268974304,-0.046253278851509094,-0.3017503023147583,-3.1078853607177734,0.1250656247138977
1712,34.05171322822571,0.6949047446250916,0.15946505963802338,-0.36205893754959106,0.7924247980117798,-0.001355282962322235,-0.39724576473236084,-3.1243793964385986,0.14272543787956238
1713,34.07741379737854,0.6949047446250916,0.15946505963802338,-0.36205893754959106,0.7470358610153198,0.038277994841337204,-0.5035058259963989,3.1409521102905273,0.16275782883167267
1714,34.08922481536865,0.6949047446250916,0.15946505963802338,-0.36205893754959106,0.702002763748169,0.08435184508562088,-0.5557225942611694,3.121029853820801,0.18206310272216797
1715,34.116358041763306,0.6949047446250916,0.15946505963802338,-0.36205893754959106,0.6510021686553955,0.1257409006357193,-0.4283548593521118,3.0952939987182617,0.19737718999385834
1716,34.127989530563354,0.6949047446250916,0.15946505963802338,-0.36205893754959106,0.6080784797668457,0.15365637838840485,-0.12464925646781921,3.0686123371124268,0.20958970487117767
1717,34.15493631362915,0.6949047446250916,0.15946505963802338,-0.36205893754959106,0.600418746471405,0.16347527503967285,0.32362478971481323,3.041499376296997,0.21808812022209167
1718,34.16601490974426,0.6949047446250916,0.15946505963802338,-0.36205893754959106,0.6223170161247253,0.16850857436656952,0.7708690166473389,3.015699863433838,0.21984194219112396
1719,34.19234108924866,0.6949047446250916,0.15946505963802338,-0.36205893754959106,0.6536917090415955,0.17272336781024933,1.0492610931396484,2.993931531906128,0.21290282905101776
1720,34.20326089859009,0.6949047446250916,0.15946505963802338,-0.36205893754959106,0.7457150220870972,0.18670882284641266,0.5465251207351685,2.987161636352539,0.17915594577789307
1721,34.2306067943573,0.6949047446250916,0.15946505963802338,-0.36205893754959106,0.7189798951148987,0.2541520893573761,0.4284159541130066,2.9824206829071045,0.15995194017887115
1722,34.2409348487854,0.6949047446250916,0.15946505963802338,-0.36205893754959106,0.8241190314292908,0.2801855504512787,-0.9202547669410706,2.9879586696624756,0.15387257933616638
1723,34.271344900131226,0.6949047446250916,0.15946505963802338,-0.36205893754959106,0.8168625235557556,0.2698144018650055,-0.31549084186553955,3.0163776874542236,0.15572822093963623
1724,34.282942056655884,0.6949047446250916,0.15946505963802338,-0.36205893754959106,0.8048610687255859,0.25111299753189087,0.5431674122810364,3.054003953933716,0.15397605299949646
1725,34.31013512611389,0.6949047446250916,0.15946505963802338,-0.36205893754959106,0.7909579277038574,0.26237574219703674,1.092393159866333,3.0916690826416016,0.14622318744659424
1726,34.3218412399292,0.6949047446250916,0.15946505963802338,-0.36205893754959106,0.7695958614349365,0.27957847714424133,1.0927488803863525,3.1266026496887207,0.1364561915397644
1727,34.34903907775879,0.6949047446250916,0.15946505963802338,-0.36205893754959106,0.7543714046478271,0.2869177758693695,0.9731627702713013,-3.1264185905456543,0.12926127016544342
1728,34.360814809799194,0.6949047446250916,0.15946505963802338,-0.36205893754959106,0.7252956628799438,0.29004910588264465,0.5473676919937134,-3.1011404991149902,0.12343623489141464
1729,34.38814973831177,0.6949047446250916,0.15946505963802338,-0.36205893754959106,0.7246358394622803,0.24442161619663239,0.3085015118122101,-3.0847792625427246,0.10379061102867126
1730,34.399407386779785,0.6949047446250916,0.15946505963802338,-0.36205893754959106,0.7043461203575134,0.2025822252035141,-0.021270018070936203,-3.0729987621307373,0.08430524170398712
1731,34.426353216171265,0.6949047446250916,0.15946505963802338,-0.36205893754959106,0.6655133962631226,0.1485011875629425,-0.20893001556396484,-3.0724236965179443,0.07953764498233795
1732,34.44111919403076,0.6949047446250916,0.15946505963802338,-0.36205893754959106,0.629447877407074,0.08176317065954208,-0.31619060039520264,-3.072298288345337,0.08197452872991562
1733,34.473517417907715,0.6949047446250916,0.15946505963802338,-0.36205893754959106,0.6051702499389648,0.024373022839426994,-0.3413628935813904,-3.068127155303955,0.08220704644918442
1734,34.484936237335205,0.6949047446250916,0.15946505963802338,-0.36205893754959106,0.5770993828773499,-0.04387059062719345,-0.5333901643753052,-3.057514190673828,0.07978423684835434
1735,34.511950731277466,0.6949047446250916,0.15946505963802338,-0.36205893754959106,0.525020956993103,-0.12851570546627045,-0.6827775835990906,-3.04164981842041,0.08209788799285889
1736,34.523409366607666,0.6949047446250916,0.15946505963802338,-0.36205893754959106,0.49397075176239014,-0.20196391642093658,-1.2166682481765747,-3.026536464691162,0.09258003532886505
1737,34.54997968673706,0.6949047446250916,0.15946505963802338,-0.36205893754959106,0.5235284566879272,-0.23733928799629211,-1.8895416259765625,-3.0113778114318848,0.10504361242055893
1738,34.56314706802368,0.6949047446250916,0.15946505963802338,-0.36205893754959106,0.6038023233413696,-0.20886164903640747,-2.1033456325531006,-2.9970297813415527,0.11060373485088348
1739,34.589604139328,0.6949047446250916,0.15946505963802338,-0.36205893754959106,0.6230010986328125,-0.22871622443199158,-2.228714942932129,-2.9958415031433105,0.11269044131040573
1740,34.60065793991089,0.6949047446250916,0.15946505963802338,-0.36205893754959106,0.6357832551002502,-0.25374481081962585,-2.046433210372925,-3.0060102939605713,0.11588387936353683
1741,34.62725305557251,0.6949047446250916,0.15946505963802338,-0.36205893754959106,0.6580566763877869,-0.2742339074611664,-1.831475853919983,-3.023244619369507,0.12403856962919235
1742,34.6401481628418,0.6949047446250916,0.15946505963802338,-0.36205893754959106,0.6937400102615356,-0.28454652428627014,-1.6913020610809326,-3.0430209636688232,0.13331148028373718
1743,34.669116735458374,0.6949047446250916,0.15946505963802338,-0.36205893754959106,0.737106204032898,-0.2848813831806183,-1.6027545928955078,-3.0640740394592285,0.13714168965816498
1744,34.68021535873413,0.6949047446250916,0.15946505963802338,-0.36205893754959106,0.7774420976638794,-0.28447139263153076,-1.5337074995040894,-3.0842626094818115,0.13361981511116028
1745,34.70787167549133,0.6949047446250916,0.15946505963802338,-0.36205893754959106,0.784021258354187,-0.2825043499469757,-1.3665530681610107,-3.0989456176757812,0.12487896531820297
1746,34.71951508522034,0.6949047446250916,0.15946505963802338,-0.36205893754959106,0.7553274631500244,-0.23821085691452026,-0.8514700531959534,-3.1076385974884033,0.11922192573547363
1747,34.74644184112549,0.6949047446250916,0.15946505963802338,-0.36205893754959106,0.6832805871963501,-0.17921362817287445,-0.4704960584640503,-3.1083271503448486,0.1333102136850357
1748,34.75773525238037,0.6949047446250916,0.15946505963802338,-0.36205893754959106,0.6146606802940369,-0.126647487282753,-0.49476954340934753,-3.1045336723327637,0.15545129776000977
1749,34.78396224975586,0.6949047446250916,0.15946505963802338,-0.36205893754959106,0.5748273730278015,-0.08219283819198608,-0.6004723310470581,-3.1037395000457764,0.17311622202396393
1750,34.7957546710968,0.6949047446250916,0.15946505963802338,-0.36205893754959106,0.5382041931152344,-0.04235139489173889,-0.6440026760101318,-3.109039306640625,0.1861954629421234
1751,34.82247257232666,0.6949047446250916,0.15946505963802338,-0.36205893754959106,0.5072312355041504,-0.011438727378845215,-0.6563929319381714,-3.116098642349243,0.19727517664432526
1752,34.83316993713379,0.6949047446250916,0.15946505963802338,-0.36205893754959106,0.49017879366874695,0.012734610587358475,-0.6184381246566772,-3.120712995529175,0.20501822233200073
1753,34.861388206481934,0.6949047446250916,0.15946505963802338,-0.36205893754959106,0.48907244205474854,0.031659312546253204,-0.521589994430542,-3.121706008911133,0.2063477635383606
1754,34.87273144721985,0.6949047446250916,0.15946505963802338,-0.36205893754959106,0.5006897449493408,0.04556319862604141,-0.3953135907649994,-3.1198980808258057,0.20047956705093384
1755,34.90016293525696,0.6949047446250916,0.15946505963802338,-0.36205893754959106,0.5184499621391296,0.052685707807540894,-0.2945946753025055,-3.1163623332977295,0.19036583602428436
1756,34.91095948219299,0.6949047446250916,0.15946505963802338,-0.36205893754959106,0.5343144536018372,0.0538916252553463,-0.21826070547103882,-3.111990213394165,0.18060316145420074
1757,34.937705755233765,0.6949047446250916,0.15946505963802338,-0.36205893754959106,0.5468969941139221,0.0531739667057991,-0.14076751470565796,-3.1078619956970215,0.17392820119857788
1758,34.948009729385376,0.6949047446250916,0.15946505963802338,-0.36205893754959106,0.5568622946739197,0.0542144738137722,-0.0603422112762928,-3.1045258045196533,0.17025065422058105
1759,34.97574543952942,0.6949047446250916,0.15946505963802338,-0.36205893754959106,0.5673755407333374,0.061741605401039124,0.01392875611782074,-3.1016769409179688,0.16733969748020172
1760,34.98642420768738,0.6949047446250916,0.15946505963802338,-0.36205893754959106,0.5812616348266602,0.07853338122367859,0.03070221096277237,-3.0985467433929443,0.16278769075870514
1761,35.01425504684448,0.6949047446250916,0.15946505963802338,-0.36205893754959106,0.5963296294212341,0.10190092027187347,-0.04311833530664444,-3.093503475189209,0.15637141466140747
1762,35.02502179145813,0.6949047446250916,0.15946505963802338,-0.36205893754959106,0.6108065247535706,0.13157528638839722,-0.17412418127059937,-3.0857691764831543,0.1495194137096405
1763,35.05248308181763,0.6949047446250916,0.15946505963802338,-0.36205893754959106,0.6251086592674255,0.163392573595047,-0.2701873183250427,-3.07720947265625,0.14369526505470276
1764,35.06440782546997,0.6949047446250916,0.15946505963802338,-0.36205893754959106,0.6423898339271545,0.19231466948986053,-0.3002300560474396,-3.071535110473633,0.1407676339149475
1765,35.093496561050415,0.6949047446250916,0.15946505963802338,-0.36205893754959106,0.670737087726593,0.22432392835617065,-0.3080827593803406,-3.072345495223999,0.14265073835849762
1766,35.104785203933716,0.6949047446250916,0.15946505963802338,-0.36205893754959106,0.7002301812171936,0.2552103102207184,-0.26680871844291687,-3.0835185050964355,0.15077367424964905
1767,35.13241744041443,0.6949047446250916,0.15946505963802338,-0.36205893754959106,0.6980928182601929,0.2634567320346832,-0.22416511178016663,-3.103659152984619,0.1663554161787033
1768,35.14311480522156,0.6949047446250916,0.15946505963802338,-0.36205893754959106,0.669036865234375,0.23855504393577576,-0.1717606782913208,-3.1171436309814453,0.16540999710559845
1769,35.17106747627258,0.6949047446250916,0.15946505963802338,-0.36205893754959106,0.6612309217453003,0.18374179303646088,-0.317965030670166,-3.1138856410980225,0.14754754304885864
1770,35.18170523643494,0.6949047446250916,0.15946505963802338,-0.36205893754959106,0.6316019296646118,0.14854128658771515,-0.4094257950782776,-3.105489730834961,0.13236059248447418
1771,35.20878839492798,0.6949047446250916,0.15946505963802338,-0.36205893754959106,0.6112538576126099,0.13027459383010864,-0.4679616689682007,-3.097609043121338,0.12024827301502228
1772,35.219947814941406,0.6949047446250916,0.15946505963802338,-0.36205893754959106,0.6004989147186279,0.12174981832504272,-0.493633508682251,-3.093505859375,0.11062677949666977
1773,35.24682140350342,0.6949047446250916,0.15946505963802338,-0.36205893754959106,0.5951386094093323,0.1125771552324295,-0.4511145353317261,-3.0936272144317627,0.10321438312530518
1774,35.2578661441803,0.6949047446250916,0.15946505963802338,-0.36205893754959106,0.5954371094703674,0.09566033631563187,-0.38966718316078186,-3.09710955619812,0.09697812795639038
1775,35.28703832626343,0.6949047446250916,0.15946505963802338,-0.36205893754959106,0.6022569537162781,0.07641291618347168,-0.3526686429977417,-3.103309154510498,0.09087568521499634
1776,35.298144817352295,0.6949047446250916,0.15946505963802338,-0.36205893754959106,0.6146630644798279,0.05533614009618759,-0.33790189027786255,-3.1114625930786133,0.08475721627473831
1777,35.32433247566223,0.6949047446250916,0.15946505963802338,-0.36205893754959106,0.6328876614570618,0.03366075083613396,-0.31329867243766785,-3.1208581924438477,0.07929007709026337
1778,35.33509302139282,0.6949047446250916,0.15946505963802338,-0.36205893754959106,0.6586752533912659,0.01386257167905569,-0.28725466132164,-3.131218433380127,0.07475842535495758
1779,35.36364436149597,0.6949047446250916,0.15946505963802338,-0.36205893754959106,0.6922306418418884,-0.0064794523641467094,-0.2772550582885742,-3.140502452850342,0.07100164145231247
1780,35.37490630149841,0.6949047446250916,0.15946505963802338,-0.36205893754959106,0.7315574884414673,-0.024840274825692177,-0.6915220022201538,3.137450695037842,0.06354393810033798
1781,35.40195894241333,0.6949047446250916,0.15946505963802338,-0.36205893754959106,0.7514733076095581,-0.03922297805547714,-0.9561814069747925,3.1333248615264893,0.04986657202243805
1782,35.41385245323181,0.6949047446250916,0.15946505963802338,-0.36205893754959106,0.7285504937171936,-0.016869770362973213,-0.7611774206161499,3.1332192420959473,0.04688320681452751
1783,35.44039177894592,0.6949047446250916,0.15946505963802338,-0.36205893754959106,0.6511235237121582,0.047560013830661774,-0.4738765358924866,3.1272308826446533,0.05999639630317688
1784,35.45322346687317,0.6949047446250916,0.15946505963802338,-0.36205893754959106,0.5661295056343079,0.10390934348106384,-0.27336952090263367,3.110029697418213,0.08145522326231003
1785,35.481483459472656,0.6949047446250916,0.15946505963802338,-0.36205893754959106,0.5132355690002441,0.14553521573543549,-0.01533622294664383,3.089252471923828,0.10410299152135849
1786,35.49238467216492,0.6949047446250916,0.15946505963802338,-0.36205893754959106,0.4892583191394806,0.17575198411941528,0.25363120436668396,3.0687382221221924,0.12349525094032288
1787,35.51960754394531,0.6949047446250916,0.15946505963802338,-0.36205893754959106,0.4859484136104584,0.20086894929409027,0.5200393199920654,3.05216646194458,0.13577818870544434
1788,35.53141713142395,0.6949047446250916,0.15946505963802338,-0.36205893754959106,0.5008979439735413,0.22926266491413116,0.7246941924095154,3.041808605194092,0.14134733378887177
1789,35.5584876537323,0.6949047446250916,0.15946505963802338,-0.36205893754959106,0.5393131375312805,0.26527613401412964,0.7309512495994568,3.038398504257202,0.14400406181812286
1790,35.569440603256226,0.6949047446250916,0.15946505963802338,-0.36205893754959106,0.6130843758583069,0.2915381193161011,0.5579389333724976,3.0435781478881836,0.1454668790102005
1791,35.59707951545715,0.6949047446250916,0.15946505963802338,-0.36205893754959106,0.6855589747428894,0.25163331627845764,0.5960208773612976,3.0629525184631348,0.14897993206977844
1792,35.60729742050171,0.6949047446250916,0.15946505963802338,-0.36205893754959106,0.6939767599105835,0.24532966315746307,1.1119637489318848,3.0875158309936523,0.15065990388393402
1793,35.63583707809448,0.6949047446250916,0.15946505963802338,-0.36205893754959106,0.6935559511184692,0.27114707231521606,1.208653450012207,3.1114118099212646,0.14874733984470367
1794,35.64750790596008,0.6949047446250916,0.15946505963802338,-0.36205893754959106,0.6898842453956604,0.3040710985660553,1.0159032344818115,3.1336963176727295,0.14537863433361053
1795,35.67568230628967,0.6949047446250916,0.15946505963802338,-0.36205893754959106,0.6899279952049255,0.3277471661567688,0.7983385920524597,-3.1308374404907227,0.14276334643363953
1796,35.688048124313354,0.6949047446250916,0.15946505963802338,-0.36205893754959106,0.6198512315750122,0.356194406747818,0.8678669929504395,-3.1210367679595947,0.1342371553182602
1797,35.71515393257141,0.6949047446250916,0.15946505963802338,-0.36205893754959106,0.6022050976753235,0.2837176024913788,0.49867120385169983,-3.1137313842773438,0.11583735048770905
1798,35.72662043571472,0.6949047446250916,0.15946505963802338,-0.36205893754959106,0.5537905097007751,0.25626131892204285,0.4467233419418335,-3.106929063796997,0.1266721785068512
1799,35.75420880317688,0.6949047446250916,0.15946505963802338,-0.36205893754959106,0.5605542659759521,0.16513429582118988,0.39881882071495056,-3.0961620807647705,0.14256511628627777
1800,35.7667977809906,0.6949047446250916,0.15946505963802338,-0.36205893754959106,0.6146896481513977,0.04511576145887375,-0.11513783782720566,-3.0607147216796875,0.1431872546672821
1801,35.793845653533936,0.6949047446250916,0.15946505963802338,-0.36205893754959106,0.6655281186103821,7.486715912818909e-05,-0.35506558418273926,-3.0290448665618896,0.1469060182571411
1802,35.805397272109985,0.6949047446250916,0.15946505963802338,-0.36205893754959106,0.7233731746673584,0.007239047437906265,-0.29568713903427124,-3.018737316131592,0.14876680076122284
1803,35.83948469161987,0.6949047446250916,0.15946505963802338,-0.36205893754959106,0.7370675206184387,-0.020782988518476486,-0.12888549268245697,-3.027268171310425,0.14743372797966003
1804,35.85351347923279,0.6949047446250916,0.15946505963802338,-0.36205893754959106,0.738603413105011,-0.06082531064748764,0.02737821266055107,-3.039426565170288,0.15039101243019104
1805,35.88045620918274,0.6949047446250916,0.15946505963802338,-0.36205893754959106,0.7414263486862183,-0.09901907294988632,-0.009439758956432343,-3.0471673011779785,0.15916834771633148
1806,35.89507865905762,0.6949047446250916,0.15946505963802338,-0.36205893754959106,0.7495502829551697,-0.12447214126586914,-0.05458618700504303,-3.053277015686035,0.16920720040798187
1807,35.92419409751892,0.6949047446250916,0.15946505963802338,-0.36205893754959106,0.7623866200447083,-0.14866648614406586,-0.04481757432222366,-3.0590693950653076,0.1785183548927307
1808,35.93499255180359,0.6949047446250916,0.15946505963802338,-0.36205893754959106,0.7782908082008362,-0.18204742670059204,-0.01008392870426178,-3.0603435039520264,0.18795453011989594
1809,35.96161937713623,0.6949047446250916,0.15946505963802338,-0.36205893754959106,0.8009777665138245,-0.2075289785861969,-0.24789869785308838,-3.0563864707946777,0.18810445070266724
1810,35.972519397735596,0.6949047446250916,0.15946505963802338,-0.36205893754959106,0.7981619238853455,-0.1995421200990677,-0.4230721592903137,-3.055286407470703,0.17786669731140137
1811,36.00055980682373,0.6949047446250916,0.15946505963802338,-0.36205893754959106,0.7724236845970154,-0.1706845909357071,-0.3205548822879791,-3.058269739151001,0.17769873142242432
1812,36.011629819869995,0.6949047446250916,0.15946505963802338,-0.36205893754959106,0.7347239255905151,-0.1383209526538849,-0.38453319668769836,-3.064746618270874,0.18962422013282776
1813,36.03908586502075,0.6949047446250916,0.15946505963802338,-0.36205893754959106,0.6825113296508789,-0.09348402917385101,-0.3813614249229431,-3.0763611793518066,0.2057996541261673
1814,36.05092477798462,0.6949047446250916,0.15946505963802338,-0.36205893754959106,0.6307089328765869,-0.05384496971964836,-0.4918237328529358,-3.0914852619171143,0.219632089138031
1815,36.08348488807678,0.6949047446250916,0.15946505963802338,-0.36205893754959106,0.5798525214195251,-0.013996604830026627,-0.4956821799278259,-3.110921859741211,0.23111718893051147
1816,36.10143518447876,0.6949047446250916,0.15946505963802338,-0.36205893754959106,0.5390294790267944,0.01669769361615181,-0.4877215027809143,-3.131829261779785,0.24321375787258148
1817,36.13223218917847,0.6949047446250916,0.15946505963802338,-0.36205893754959106,0.5050349831581116,0.044073764234781265,-0.4032396078109741,3.1310274600982666,0.2557302713394165
1818,36.143537282943726,0.6949047446250916,0.15946505963802338,-0.36205893754959106,0.48035383224487305,0.06646397709846497,-0.2608129680156708,3.1126205921173096,0.26591774821281433
1819,36.170881032943726,0.6949047446250916,0.15946505963802338,-0.36205893754959106,0.46392014622688293,0.08533872663974762,-0.07570953667163849,3.0971968173980713,0.27167850732803345
1820,36.182114601135254,0.6949047446250916,0.15946505963802338,-0.36205893754959106,0.45650357007980347,0.10415484756231308,0.10589839518070221,3.085865020751953,0.27173516154289246
1821,36.21049737930298,0.6949047446250916,0.15946505963802338,-0.36205893754959106,0.4596131443977356,0.12479569017887115,0.18971088528633118,3.0805258750915527,0.2651590406894684
1822,36.22240328788757,0.6949047446250916,0.15946505963802338,-0.36205893754959106,0.4701301157474518,0.1519303321838379,0.1263841986656189,3.0828464031219482,0.252408891916275
1823,36.24936485290527,0.6949047446250916,0.15946505963802338,-0.36205893754959106,0.49050912261009216,0.186309352517128,-0.10784130543470383,3.0936877727508545,0.23535919189453125
1824,36.26123046875,0.6949047446250916,0.15946505963802338,-0.36205893754959106,0.5188079476356506,0.2099238932132721,-0.3443428874015808,3.1129775047302246,0.21675419807434082
1825,36.28786540031433,0.6949047446250916,0.15946505963802338,-0.36205893754959106,0.5314813852310181,0.19778725504875183,-0.2774115204811096,3.138813018798828,0.20279601216316223
1826,36.29863166809082,0.6949047446250916,0.15946505963802338,-0.36205893754959106,0.528953492641449,0.1777355968952179,0.04613089561462402,-3.118278980255127,0.19394439458847046
1827,36.325636863708496,0.6949047446250916,0.15946505963802338,-0.36205893754959106,0.523993968963623,0.1854194700717926,0.30122026801109314,-3.0992720127105713,0.18473435938358307
1828,36.33622169494629,0.6949047446250916,0.15946505963802338,-0.36205893754959106,0.5275155901908875,0.21502554416656494,0.34504249691963196,-3.0885932445526123,0.1716466099023819
1829,36.36284852027893,0.6949047446250916,0.15946505963802338,-0.36205893754959106,0.5331158638000488,0.2513718903064728,0.21589919924736023,-3.0814595222473145,0.15585507452487946
1830,36.37403869628906,0.6949047446250916,0.15946505963802338,-0.36205893754959106,0.5377764701843262,0.2882583737373352,0.03865952789783478,-3.0761160850524902,0.14065109193325043
1831,36.401360511779785,0.6949047446250916,0.15946505963802338,-0.36205893754959106,0.46283549070358276,0.3419676125049591,0.3791145384311676,-3.0740115642547607,0.12771381437778473
1832,36.411486864089966,0.6949047446250916,0.15946505963802338,-0.36205893754959106,0.5086079239845276,0.30860912799835205,0.14478269219398499,-3.075104236602783,0.11763335764408112
1833,36.440057039260864,0.6949047446250916,0.15946505963802338,-0.36205893754959106,0.5038295388221741,0.28384536504745483,0.4822574555873871,-3.0701794624328613,0.12022202461957932
1834,36.45220375061035,0.6949047446250916,0.15946505963802338,-0.36205893754959106,0.5547763705253601,0.15849485993385315,0.476223886013031,-3.0458288192749023,0.11277478188276291
1835,36.478663206100464,0.6949047446250916,0.15946505963802338,-0.36205893754959106,0.6675258278846741,0.06250280141830444,0.08709318935871124,-3.011188507080078,0.10281640291213989
1836,36.4903678894043,0.6949047446250916,0.15946505963802338,-0.36205893754959106,0.7673447728157043,0.001883774995803833,-0.2131391316652298,-2.994157314300537,0.10822699964046478
1837,36.520371198654175,0.6949047446250916,0.15946505963802338,-0.36205893754959106,0.8751200437545776,-0.00830809772014618,-0.25152772665023804,-2.993865728378296,0.11168762296438217
1838,36.532082080841064,0.6949047446250916,0.15946505963802338,-0.36205893754959106,0.8919268250465393,-0.049019813537597656,-0.16200870275497437,-3.0069499015808105,0.11194562166929245
1839,36.56002712249756,0.6949047446250916,0.15946505963802338,-0.36205893754959106,0.8914848566055298,-0.08206768333911896,-0.09682597219944,-3.018906831741333,0.11681876331567764
1840,36.570303201675415,0.6949047446250916,0.15946505963802338,-0.36205893754959106,0.8939193487167358,-0.10647957026958466,-0.14075317978858948,-3.0295286178588867,0.12401062995195389
1841,36.59610176086426,0.6949047446250916,0.15946505963802338,-0.36205893754959106,0.8911899924278259,-0.11885247379541397,-0.18276529014110565,-3.040741205215454,0.13121694326400757
1842,36.60797619819641,0.6949047446250916,0.15946505963802338,-0.36205893754959106,0.9022407531738281,-0.1466245949268341,-0.30449143052101135,-3.0456042289733887,0.13881291449069977
1843,36.634857416152954,0.6949047446250916,0.15946505963802338,-0.36205893754959106,0.9159524440765381,-0.1622936725616455,-0.7785085439682007,-3.0419535636901855,0.13222846388816833
1844,36.64554953575134,0.6949047446250916,0.15946505963802338,-0.36205893754959106,0.8287858963012695,-0.0972273051738739,-0.5644277334213257,-3.0501747131347656,0.11539986729621887
1845,36.6730055809021,0.6949047446250916,0.15946505963802338,-0.36205893754959106,0.715979278087616,-0.040406081825494766,-0.4564271569252014,-3.0676183700561523,0.12476399540901184
1846,36.68386936187744,0.6949047446250916,0.15946505963802338,-0.36205893754959106,0.6462008357048035,-0.0027526086196303368,-0.5393850207328796,-3.0854175090789795,0.1538621485233307
1847,36.719096660614014,0.6949047446250916,0.15946505963802338,-0.36205893754959106,0.6139637231826782,0.027431616559624672,-0.594637930393219,-3.1017730236053467,0.18333812057971954
1848,36.73241472244263,0.6949047446250916,0.15946505963802338,-0.36205893754959106,0.5923364758491516,0.055914394557476044,-0.5773935317993164,-3.1190712451934814,0.20641255378723145
1849,36.75972533226013,0.6949047446250916,0.15946505963802338,-0.36205893754959106,0.5617048740386963,0.0813695415854454,-0.47130078077316284,-3.1397616863250732,0.22406087815761566
1850,36.77133393287659,0.6949047446250916,0.15946505963802338,-0.36205893754959106,0.5392350554466248,0.09525471180677414,-0.33046478033065796,3.1221659183502197,0.23826146125793457
1851,36.79779767990112,0.6949047446250916,0.15946505963802338,-0.36205893754959106,0.5250902771949768,0.10409431904554367,-0.11178874969482422,3.101752996444702,0.2487708032131195
1852,36.80935287475586,0.6949047446250916,0.15946505963802338,-0.36205893754959106,0.5213744044303894,0.11061671376228333,0.13112059235572815,3.083378553390503,0.2533838152885437
1853,36.84137153625488,0.6949047446250916,0.15946505963802338,-0.36205893754959106,0.527132511138916,0.11763221025466919,0.2974740266799927,3.0694186687469482,0.25066041946411133
1854,36.85298442840576,0.6949047446250916,0.15946505963802338,-0.36205893754959106,0.6239691972732544,0.12072727829217911,-0.11383751779794693,3.0666756629943848,0.22871166467666626
1855,36.88177990913391,0.6949047446250916,0.15946505963802338,-0.36205893754959106,0.5734729766845703,0.1708317995071411,0.004636242985725403,3.0719528198242188,0.20012176036834717
1856,36.894123554229736,0.6949047446250916,0.15946505963802338,-0.36205893754959106,0.5753873586654663,0.21824154257774353,-0.29155248403549194,3.081611156463623,0.1853858083486557
1857,36.921123027801514,0.6949047446250916,0.15946505963802338,-0.36205893754959106,0.6027402877807617,0.2127477079629898,-0.5149812698364258,3.101675033569336,0.17904424667358398
1858,36.932111501693726,0.6949047446250916,0.15946505963802338,-0.36205893754959106,0.6082592010498047,0.17629119753837585,-0.3057556450366974,3.1309597492218018,0.17619387805461884
1859,36.959789514541626,0.6949047446250916,0.15946505963802338,-0.36205893754959106,0.6054412126541138,0.15833108127117157,0.07189241051673889,-3.1230204105377197,0.17107228934764862
1860,36.97056722640991,0.6949047446250916,0.15946505963802338,-0.36205893754959106,0.6122273802757263,0.17514431476593018,0.3199537396430969,-3.1023740768432617,0.1583113670349121
1861,36.99788522720337,0.6949047446250916,0.15946505963802338,-0.36205893754959106,0.6229923963546753,0.2046888768672943,0.3309609889984131,-3.0896494388580322,0.139402836561203
1862,37.009124517440796,0.6949047446250916,0.15946505963802338,-0.36205893754959106,0.6328490972518921,0.23626446723937988,0.19703444838523865,-3.079122543334961,0.11983185261487961
1863,37.03593969345093,0.6949047446250916,0.15946505963802338,-0.36205893754959106,0.6458861827850342,0.26506054401397705,0.06245724856853485,-3.068812131881714,0.10241870582103729
1864,37.04653334617615,0.6949047446250916,0.15946505963802338,-0.36205893754959106,0.6652830243110657,0.2828458845615387,-0.032247547060251236,-3.0592803955078125,0.08759837597608566
1865,37.073615074157715,0.6949047446250916,0.15946505963802338,-0.36205893754959106,0.6506062150001526,0.30513858795166016,0.21044573187828064,-3.0554075241088867,0.06745129823684692
1866,37.08446002006531,0.6949047446250916,0.15946505963802338,-0.36205893754959106,0.6152017712593079,0.2677403390407562,0.20052433013916016,-3.044764518737793,0.04621007293462753
1867,37.11200022697449,0.6949047446250916,0.15946505963802338,-0.36205893754959106,0.56651771068573,0.20591790974140167,-0.03979102149605751,-3.0370044708251953,0.044331181794404984
1868,37.12306833267212,0.6949047446250916,0.15946505963802338,-0.36205893754959106,0.5328588485717773,0.14289066195487976,-0.17208020389080048,-3.0354976654052734,0.05403415858745575
1869,37.15066933631897,0.6949047446250916,0.15946505963802338,-0.36205893754959106,0.5253549218177795,0.09351028501987457,-0.27546247839927673,-3.034707546234131,0.06515949219465256
1870,37.16186189651489,0.6949047446250916,0.15946505963802338,-0.36205893754959106,0.5313456058502197,0.05946778878569603,-0.35473567247390747,-3.0320181846618652,0.07461091130971909
1871,37.188759565353394,0.6949047446250916,0.15946505963802338,-0.36205893754959106,0.5446380972862244,0.039292775094509125,-0.3479436933994293,-3.0305721759796143,0.08212534338235855
1872,37.20195651054382,0.6949047446250916,0.15946505963802338,-0.36205893754959106,0.5562590956687927,0.019836224615573883,-0.2932276129722595,-3.0323193073272705,0.08713548630475998
1873,37.229345083236694,0.6949047446250916,0.15946505963802338,-0.36205893754959106,0.5638474822044373,-0.005812754854559898,-0.26480400562286377,-3.0367510318756104,0.09020406007766724
1874,37.23999834060669,0.6949047446250916,0.15946505963802338,-0.36205893754959106,0.5712073445320129,-0.03439662605524063,-0.2270452082157135,-3.0431630611419678,0.09362843632698059
1875,37.267619371414185,0.6949047446250916,0.15946505963802338,-0.36205893754959106,0.5828090310096741,-0.06120898574590683,-0.18896737694740295,-3.0506274700164795,0.09914836287498474
1876,37.278857469558716,0.6949047446250916,0.15946505963802338,-0.36205893754959106,0.6028934717178345,-0.08701243996620178,-0.15828217566013336,-3.0570013523101807,0.10666696727275848
1877,37.30647850036621,0.6949047446250916,0.15946505963802338,-0.36205893754959106,0.6304652094841003,-0.11695066094398499,-0.1250857561826706,-3.059583902359009,0.11548550426959991
1878,37.3175413608551,0.6949047446250916,0.15946505963802338,-0.36205893754959106,0.6599991917610168,-0.1514468938112259,-0.13968051970005035,-3.056143283843994,0.12503725290298462
1879,37.344584226608276,0.6949047446250916,0.15946505963802338,-0.36205893754959106,0.6918230056762695,-0.1705511510372162,-0.41546323895454407,-3.047419548034668,0.13248814642429352
1880,37.35502243041992,0.6949047446250916,0.15946505963802338,-0.36205893754959106,0.6986947655677795,-0.16006839275360107,-0.5101070404052734,-3.0382492542266846,0.13604016602039337
1881,37.382909536361694,0.6949047446250916,0.15946505963802338,-0.36205893754959106,0.679964005947113,-0.12214073538780212,-0.4461001753807068,-3.0333080291748047,0.1446978747844696
1882,37.39427590370178,0.6949047446250916,0.15946505963802338,-0.36205893754959106,0.6316751837730408,-0.07016679644584656,-0.31180259585380554,-3.0406248569488525,0.15577353537082672
1883,37.421611070632935,0.6949047446250916,0.15946505963802338,-0.36205893754959106,0.5847067832946777,-0.03176534175872803,-0.2902345061302185,-3.0569748878479004,0.1657569259405136
1884,37.43269157409668,0.6949047446250916,0.15946505963802338,-0.36205893754959106,0.5526769757270813,-0.0027820002287626266,-0.31803417205810547,-3.0757358074188232,0.1733928620815277
1885,37.460716247558594,0.6949047446250916,0.15946505963802338,-0.36205893754959106,0.5326873064041138,0.023609573021531105,-0.33366715908050537,-3.0939059257507324,0.1774483174085617
1886,37.47359323501587,0.6949047446250916,0.15946505963802338,-0.36205893754959106,0.5230087041854858,0.04738784208893776,-0.336041659116745,-3.1098031997680664,0.17629405856132507
1887,37.50084209442139,0.6949047446250916,0.15946505963802338,-0.36205893754959106,0.5218087434768677,0.06916788965463638,-0.31823477149009705,-3.1222341060638428,0.1694217175245285
1888,37.511706590652466,0.6949047446250916,0.15946505963802338,-0.36205893754959106,0.5287273526191711,0.08865288645029068,-0.28542038798332214,-3.1305770874023438,0.15814770758152008
1889,37.538246870040894,0.6949047446250916,0.15946505963802338,-0.36205893754959106,0.541519045829773,0.10171813517808914,-0.23853960633277893,-3.1345019340515137,0.14574506878852844
1890,37.5488760471344,0.6949047446250916,0.15946505963802338,-0.36205893754959106,0.5561719536781311,0.10549288988113403,-0.1574626863002777,-3.134159803390503,0.13583533465862274
1891,37.57603192329407,0.6949047446250916,0.15946505963802338,-0.36205893754959106,0.568334698677063,0.10673131048679352,-0.038276296108961105,-3.130791664123535,0.1287040114402771
1892,37.58624339103699,0.6949047446250916,0.15946505963802338,-0.36205893754959106,0.5774638056755066,0.11754614114761353,0.050490088760852814,-3.1262400150299072,0.1218358501791954
1893,37.612687826156616,0.6949047446250916,0.15946505963802338,-0.36205893754959106,0.5861877799034119,0.14139394462108612,0.04914255440235138,-3.1215531826019287,0.1133197471499443
1894,37.62293982505798,0.6949047446250916,0.15946505963802338,-0.36205893754959106,0.5954470634460449,0.17407141625881195,-0.02546057477593422,-3.116699695587158,0.10276133567094803
1895,37.64953589439392,0.6949047446250916,0.15946505963802338,-0.36205893754959106,0.6034037470817566,0.2074599266052246,-0.09961522370576859,-3.11228609085083,0.09126342833042145
1896,37.65972304344177,0.6949047446250916,0.15946505963802338,-0.36205893754959106,0.6111740469932556,0.2316049188375473,-0.15017543733119965,-3.108856678009033,0.08126287162303925
1897,37.687159299850464,0.6949047446250916,0.15946505963802338,-0.36205893754959106,0.5469825267791748,0.2766762375831604,0.35148167610168457,-3.110917329788208,0.06977890431880951
1898,37.697927474975586,0.6949047446250916,0.15946505963802338,-0.36205893754959106,0.5631695985794067,0.24721243977546692,0.3442724943161011,-3.1120808124542236,0.056377436965703964
1899,37.725693464279175,0.6949047446250916,0.15946505963802338,-0.36205893754959106,0.5597245693206787,0.23024000227451324,0.5682411193847656,-3.1060373783111572,0.06285228580236435
1900,37.736955404281616,0.6949047446250916,0.15946505963802338,-0.36205893754959106,0.60502690076828,0.09734884649515152,0.5321829915046692,-3.0756447315216064,0.06119782105088234
1901,37.76432538032532,0.6949047446250916,0.15946505963802338,-0.36205893754959106,0.6446200013160706,0.0055439164862036705,0.035008881241083145,-3.028874635696411,0.05392637476325035
1902,37.77630043029785,0.6949047446250916,0.15946505963802338,-0.36205893754959106,0.6957813501358032,-0.03303530812263489,-0.2506884038448334,-3.0018370151519775,0.05987099930644035
1903,37.803523540496826,0.6949047446250916,0.15946505963802338,-0.36205893754959106,0.7799460291862488,-0.028947927057743073,-0.271696001291275,-2.9996843338012695,0.06432599574327469
1904,37.81396412849426,0.6949047446250916,0.15946505963802338,-0.36205893754959106,0.8030998110771179,-0.06882938742637634,-0.205082967877388,-3.0128536224365234,0.06566928327083588
1905,37.84150815010071,0.6949047446250916,0.15946505963802338,-0.36205893754959106,0.8111547827720642,-0.10583341121673584,-0.08472862839698792,-3.0266804695129395,0.07309549301862717
1906,37.851970195770264,0.6949047446250916,0.15946505963802338,-0.36205893754959106,0.8242377042770386,-0.12284202128648758,-0.07439450919628143,-3.0404694080352783,0.08501967042684555
1907,37.87882351875305,0.6949047446250916,0.15946505963802338,-0.36205893754959106,0.8424875140190125,-0.14509661495685577,-0.16159974038600922,-3.052539587020874,0.09591421484947205
1908,37.88928937911987,0.6949047446250916,0.15946505963802338,-0.36205893754959106,0.8610150218009949,-0.17321422696113586,-0.202797994017601,-3.0587480068206787,0.10537958145141602
1909,37.91571521759033,0.6949047446250916,0.15946505963802338,-0.36205893754959106,0.8811253309249878,-0.19881445169448853,-0.5075286626815796,-3.059630870819092,0.10192681849002838
1910,37.92628622055054,0.6949047446250916,0.15946505963802338,-0.36205893754959106,0.8456453084945679,-0.17492857575416565,-0.8146136999130249,-3.066795825958252,0.08809809386730194
1911,37.95434260368347,0.6949047446250916,0.15946505963802338,-0.36205893754959106,0.7658569812774658,-0.17126069962978363,-1.0023514032363892,-3.073056697845459,0.09356323629617691
1912,37.96522808074951,0.6949047446250916,0.15946505963802338,-0.36205893754959106,0.7395139932632446,-0.09649106860160828,-1.2014049291610718,-3.090090751647949,0.09495420753955841
1913,37.99286222457886,0.6949047446250916,0.15946505963802338,-0.36205893754959106,0.6891517639160156,0.008043644949793816,-0.620793342590332,-3.1307404041290283,0.0898810625076294
1914,38.00452923774719,0.6949047446250916,0.15946505963802338,-0.36205893754959106,0.6650481820106506,0.05510217323899269,-0.2817569375038147,3.1166863441467285,0.10326339304447174
1915,38.03035068511963,0.6949047446250916,0.15946505963802338,-0.36205893754959106,0.6928423643112183,0.0822995975613594,-0.19249355792999268,3.0941731929779053,0.1206943690776825
1916,38.04232597351074,0.6949047446250916,0.15946505963802338,-0.36205893754959106,0.7207868099212646,0.11857415735721588,0.02785009890794754,3.0754027366638184,0.12865453958511353
1917,38.070677518844604,0.6949047446250916,0.15946505963802338,-0.36205893754959106,0.7287285923957825,0.14923308789730072,0.18885992467403412,3.0546875,0.12685339152812958
1918,38.082361698150635,0.6949047446250916,0.15946505963802338,-0.36205893754959106,0.748391330242157,0.17743411660194397,0.2615499496459961,3.036325216293335,0.1218784749507904
1919,38.109548807144165,0.6949047446250916,0.15946505963802338,-0.36205893754959106,0.7818572521209717,0.20377938449382782,0.19680730998516083,3.0228238105773926,0.11383228003978729
1920,38.12160682678223,0.6949047446250916,0.15946505963802338,-0.36205893754959106,0.8248136043548584,0.22641584277153015,0.0691557452082634,3.0169599056243896,0.10069385915994644
1921,38.14760136604309,0.6949047446250916,0.15946505963802338,-0.36205893754959106,0.8585198521614075,0.23364484310150146,0.08787783980369568,3.0209038257598877,0.08558492362499237
1922,38.158488512039185,0.6949047446250916,0.15946505963802338,-0.36205893754959106,0.8783468008041382,0.21603116393089294,0.2999378442764282,3.0381691455841064,0.07431045919656754
1923,38.186174631118774,0.6949047446250916,0.15946505963802338,-0.36205893754959106,0.8841809630393982,0.22829784452915192,0.5663150548934937,3.062476634979248,0.0633462518453598
1924,38.19706726074219,0.6949047446250916,0.15946505963802338,-0.36205893754959106,0.8866681456565857,0.2487538605928421,0.5975949168205261,3.0909030437469482,0.05045035108923912
1925,38.225624084472656,0.6949047446250916,0.15946505963802338,-0.36205893754959106,0.8859666585922241,0.2708231508731842,0.6901001930236816,3.1168432235717773,0.036626558750867844
1926,38.23785209655762,0.6949047446250916,0.15946505963802338,-0.36205893754959106,0.8913422226905823,0.2645980417728424,0.8140862584114075,3.1362268924713135,0.022620197385549545
1927,38.26509428024292,0.6949047446250916,0.15946505963802338,-0.36205893754959106,0.8614266514778137,0.24916182458400726,0.8161066174507141,-3.1349358558654785,-0.0005609081708826125
1928,38.277721643447876,0.6949047446250916,0.15946505963802338,-0.36205893754959106,0.7606814503669739,0.20091696083545685,0.5549557209014893,-3.120173931121826,-0.032088398933410645
1929,38.30520486831665,0.6949047446250916,0.15946505963802338,-0.36205893754959106,0.631066620349884,0.13111615180969238,-0.05849999561905861,-3.111345052719116,-0.03765896335244179
1930,38.31658935546875,0.6949047446250916,0.15946505963802338,-0.36205893754959106,0.5333898663520813,0.07318947464227676,-0.3621295690536499,-3.113150119781494,-0.017529867589473724
1931,38.346073150634766,0.6949047446250916,0.15946505963802338,-0.36205893754959106,0.48963654041290283,0.035063084214925766,-0.39246776700019836,-3.1188626289367676,0.006375892087817192
1932,38.356996297836304,0.6949047446250916,0.15946505963802338,-0.36205893754959106,0.4737257659435272,0.008500655181705952,-0.4072524905204773,-3.1222105026245117,0.021310968324542046
1933,38.3841917514801,0.6949047446250916,0.15946505963802338,-0.36205893754959106,0.46571409702301025,0.0023768700193613768,-0.3804177939891815,-3.1224920749664307,0.028977341949939728
1934,38.39540958404541,0.6949047446250916,0.15946505963802338,-0.36205893754959106,0.4384517967700958,-0.03568269684910774,-0.46064293384552,-3.1216461658477783,0.034752007573843
1935,38.42417311668396,0.6949047446250916,0.15946505963802338,-0.36205893754959106,0.4276067018508911,-0.0517222099006176,-0.48794636130332947,-3.1213128566741943,0.03851710259914398
1936,38.435768127441406,0.6949047446250916,0.15946505963802338,-0.36205893754959106,0.4227610230445862,-0.06203567236661911,-0.46725553274154663,-3.1205222606658936,0.04230927675962448
1937,38.46273326873779,0.6949047446250916,0.15946505963802338,-0.36205893754959106,0.4208780825138092,-0.0733637735247612,-0.39981982111930847,-3.120847225189209,0.04564976319670677
1938,38.474573612213135,0.6949047446250916,0.15946505963802338,-0.36205893754959106,0.41921111941337585,-0.0887126550078392,-0.3474404215812683,-3.1241369247436523,0.04815976694226265
1939,38.50610613822937,0.6949047446250916,0.15946505963802338,-0.36205893754959106,0.418636679649353,-0.10807575285434723,-0.32380425930023193,-3.1297614574432373,0.05042571946978569
1940,38.51728820800781,0.6949047446250916,0.15946505963802338,-0.36205893754959106,0.42067715525627136,-0.12936632335186005,-0.29851073026657104,-3.1356139183044434,0.05354665592312813
1941,38.54460263252258,0.6949047446250916,0.15946505963802338,-0.36205893754959106,0.4264970123767853,-0.15180854499340057,-0.2700965702533722,-3.1398367881774902,0.058416109532117844
1942,38.55563950538635,0.6949047446250916,0.15946505963802338,-0.36205893754959106,0.4352072775363922,-0.1759907454252243,-0.23595577478408813,-3.141209363937378,0.06549079716205597
1943,38.581867694854736,0.6949047446250916,0.15946505963802338,-0.36205893754959106,0.452144593000412,-0.19744570553302765,-0.35652586817741394,-3.1395599842071533,0.07310914993286133
1944,38.59907579421997,0.6949047446250916,0.15946505963802338,-0.36205893754959106,0.4828561246395111,-0.20229841768741608,-0.5510973930358887,-3.1379806995391846,0.06911386549472809
1945,38.63750648498535,0.6949047446250916,0.15946505963802338,-0.36205893754959106,0.49323615431785583,-0.20306548476219177,-0.41471025347709656,-3.133162498474121,0.06463077664375305
1946,38.64893054962158,-0.1963636726140976,-0.14146332442760468,0.2174074500799179,0.5128933191299438,-0.198438823223114,-0.3089841306209564,-3.123183012008667,0.06732150167226791
1947,38.67537808418274,-0.1963636726140976,-0.14146332442760468,0.2174074500799179,0.5315390229225159,-0.1408625841140747,-0.39242902398109436,-3.1184394359588623,0.06439640372991562
1948,38.686134576797485,-0.1963636726140976,-0.14146332442760468,0.2174074500799179,0.487692654132843,-0.052174631506204605,-0.10250748693943024,-3.129544734954834,0.060721125453710556
1949,38.71249485015869,-0.1963636726140976,-0.14146332442760468,0.2174074500799179,0.45676547288894653,0.013606795109808445,0.11858054995536804,3.132133722305298,0.06411021202802658
1950,38.72396945953369,-0.1963636726140976,-0.14146332442760468,0.2174074500799179,0.44709256291389465,0.06486879289150238,0.29427874088287354,3.1033053398132324,0.06656775623559952
1951,38.75083351135254,-0.1963636726140976,-0.14146332442760468,0.2174074500799179,0.44515523314476013,0.09327206015586853,0.4216792583465576,3.071171760559082,0.06383130699396133
1952,38.76144242286682,-0.1963636726140976,-0.14146332442760468,0.2174074500799179,0.4500749111175537,0.11625785380601883,0.5383960604667664,3.043137311935425,0.059633754193782806
1953,38.78853130340576,-0.1963636726140976,-0.14146332442760468,0.2174074500799179,0.48916977643966675,0.11062362045049667,0.4868636131286621,3.0270066261291504,0.05423269793391228
1954,38.79915189743042,-0.1963636726140976,-0.14146332442760468,0.2174074500799179,0.5048002600669861,0.1378507763147354,0.6196037530899048,3.0287108421325684,0.04653969407081604
1955,38.82678270339966,-0.1963636726140976,-0.14146332442760468,0.2174074500799179,0.507818341255188,0.17422722280025482,0.775261640548706,3.0361409187316895,0.037559669464826584
1956,38.83746552467346,-0.1963636726140976,-0.14146332442760468,0.2174074500799179,0.5001323223114014,0.20732036232948303,0.9156746864318848,3.044975996017456,0.029308216646313667
1957,38.864776849746704,-0.1963636726140976,-0.14146332442760468,0.2174074500799179,0.47672295570373535,0.22381913661956787,1.0538980960845947,3.0548617839813232,0.026168545708060265
1958,38.87682127952576,-0.1963636726140976,-0.14146332442760468,0.2174074500799179,0.4515136778354645,0.2154821902513504,1.1816985607147217,3.0686423778533936,0.031019654124975204
1959,38.90409064292908,-0.1963636726140976,-0.14146332442760468,0.2174074500799179,0.3929830491542816,0.23461328446865082,0.49109548330307007,3.083930015563965,0.0399169884622097
1960,38.9159300327301,-0.1963636726140976,-0.14146332442760468,0.2174074500799179,0.30611634254455566,0.15007708966732025,0.01548897847533226,3.089921712875366,0.037905365228652954
1961,38.94269943237305,-0.1963636726140976,-0.14146332442760468,0.2174074500799179,0.19048020243644714,0.10789711773395538,0.12169459462165833,3.0982120037078857,0.034973420202732086
1962,38.95357084274292,-0.1963636726140976,-0.14146332442760468,0.2174074500799179,0.115207239985466,0.08474311977624893,0.0834391862154007,3.1102454662323,0.027798203751444817
1963,38.98000454902649,-0.1963636726140976,-0.14146332442760468,0.2174074500799179,0.0498061329126358,0.06759766489267349,0.08784955739974976,3.1206281185150146,0.014949477277696133
1964,38.99081254005432,-0.1963636726140976,-0.14146332442760468,0.2174074500799179,-0.0035253604874014854,0.0537513792514801,0.06856924295425415,3.128225326538086,0.001173082971945405
1965,39.017701148986816,-0.1963636726140976,-0.14146332442760468,0.2174074500799179,-0.05590428411960602,0.04057731851935387,0.08617361634969711,3.133561134338379,-0.008762232959270477
1966,39.02861475944519,-0.1963636726140976,-0.14146332442760468,0.2174074500799179,-0.10728023201227188,0.02580941654741764,0.09733397513628006,3.1364846229553223,-0.012213574722409248
1967,39.05505967140198,-0.1963636726140976,-0.14146332442760468,0.2174074500799179,-0.16299130022525787,0.009586142376065254,0.13397938013076782,3.136430501937866,-0.009419248439371586
1968,39.06628108024597,-0.1963636726140976,-0.14146332442760468,0.2174074500799179,-0.2237045168876648,-0.006949346046894789,0.1884770542383194,3.134174346923828,-0.0013806322822347283
1969,39.09488487243652,-0.1963636726140976,-0.14146332442760468,0.2174074500799179,-0.2857573628425598,-0.022235415875911713,0.21934667229652405,3.130889892578125,0.009879186749458313
1970,39.10644865036011,-0.1963636726140976,-0.14146332442760468,0.2174074500799179,-0.34682318568229675,-0.03549320995807648,0.22672368586063385,3.1272830963134766,0.021904325112700462
1971,39.13210725784302,-0.1963636726140976,-0.14146332442760468,0.2174074500799179,-0.40706539154052734,-0.046420954167842865,0.2311495691537857,3.12388014793396,0.03288372606039047
1972,39.14305114746094,-0.1963636726140976,-0.14146332442760468,0.2174074500799179,-0.46598872542381287,-0.055592816323041916,0.23724347352981567,3.1213297843933105,0.042428158223629
1973,39.169118881225586,-0.1963636726140976,-0.14146332442760468,0.2174074500799179,-0.5227323770523071,-0.06217634305357933,0.23045402765274048,3.1194651126861572,0.052866239100694656
1974,39.18102788925171,-0.1963636726140976,-0.14146332442760468,0.2174074500799179,-0.5750163793563843,-0.06599646061658859,0.21154101192951202,3.1184334754943848,0.0676589384675026
1975,39.20866942405701,-0.1963636726140976,-0.14146332442760468,0.2174074500799179,-0.6258692741394043,-0.06847699731588364,0.18908177316188812,3.120159149169922,0.08853736519813538
1976,39.21962285041809,-0.1963636726140976,-0.14146332442760468,0.2174074500799179,-0.6830272674560547,-0.07389592379331589,0.13853751122951508,3.1282382011413574,0.11362417042255402
1977,39.24690127372742,-0.1963636726140976,-0.14146332442760468,0.2174074500799179,-0.665208637714386,-0.0805155336856842,0.31237146258354187,-3.136085033416748,0.13770702481269836
1978,39.2582266330719,-0.1963636726140976,-0.14146332442760468,0.2174074500799179,-0.560661256313324,-0.06053776666522026,0.5077207684516907,-3.124997615814209,0.1433732658624649
1979,39.2870819568634,-0.1963636726140976,-0.14146332442760468,0.2174074500799179,-0.46648895740509033,-0.05032101273536682,0.37703898549079895,-3.119049549102783,0.1400335133075714
1980,39.29813361167908,-0.1963636726140976,-0.14146332442760468,0.2174074500799179,-0.3914123475551605,-0.046056486666202545,0.21944986283779144,-3.1185121536254883,0.13135311007499695
1981,39.32832336425781,-0.1963636726140976,-0.14146332442760468,0.2174074500799179,-0.3476635217666626,-0.046153269708156586,0.126901775598526,-3.12397837638855,0.1173013374209404
1982,39.33859944343567,-0.1963636726140976,-0.14146332442760468,0.2174074500799179,-0.33039650321006775,-0.049093425273895264,0.0737752914428711,-3.1330795288085938,0.1008092612028122
1983,39.366374492645264,-0.1963636726140976,-0.14146332442760468,0.2174074500799179,-0.3230838179588318,-0.05033743008971214,0.056245699524879456,3.139244318008423,0.08499792963266373
1984,39.37730622291565,-0.1963636726140976,-0.14146332442760468,0.2174074500799179,-0.31637150049209595,-0.04958575218915939,0.0589015930891037,3.127492904663086,0.07104816287755966
1985,39.40421223640442,-0.1963636726140976,-0.14146332442760468,0.2174074500799179,-0.310451477766037,-0.04927104339003563,0.06911724805831909,3.1156935691833496,0.06055653840303421
1986,39.416903018951416,-0.1963636726140976,-0.14146332442760468,0.2174074500799179,-0.30451521277427673,-0.050562869757413864,0.0799662247300148,3.104976177215576,0.0548572801053524
1987,39.44369125366211,-0.1963636726140976,-0.14146332442760468,0.2174074500799179,-0.2982157766819,-0.05403987318277359,0.09497606009244919,3.096698045730591,0.05333726853132248
1988,39.453922748565674,-0.1963636726140976,-0.14146332442760468,0.2174074500799179,-0.2921926975250244,-0.06063218414783478,0.08835136145353317,3.092392921447754,0.05463746562600136
1989,39.481728315353394,-0.1963636726140976,-0.14146332442760468,0.2174074500799179,-0.28435978293418884,-0.06980271637439728,0.043973974883556366,3.0929512977600098,0.05714307352900505
1990,39.492104053497314,-0.1963636726140976,-0.14146332442760468,0.2174074500799179,-0.27354899048805237,-0.07908250391483307,-0.023806530982255936,3.0978946685791016,0.05891513079404831
1991,39.522212743759155,-0.1963636726140976,-0.14146332442760468,0.2174074500799179,-0.2619728446006775,-0.08610165119171143,-0.09417308866977692,3.105987310409546,0.05851297453045845
1992,39.53346371650696,-0.1963636726140976,-0.14146332442760468,0.2174074500799179,-0.2527673840522766,-0.08904948830604553,-0.14432334899902344,3.1159253120422363,0.05552935227751732
1993,39.56055927276611,-0.1963636726140976,-0.14146332442760468,0.2174074500799179,-0.24664291739463806,-0.10770553350448608,-0.1671084463596344,3.1273343563079834,0.051323000341653824
1994,39.570483922958374,-0.1963636726140976,-0.14146332442760468,0.2174074500799179,-0.24252326786518097,-0.13395920395851135,-0.3015364408493042,3.1387312412261963,0.04847262054681778
1995,39.59839177131653,-0.1963636726140976,-0.14146332442760468,0.2174074500799179,-0.240317702293396,-0.16829051077365875,-0.5667934417724609,-3.133772850036621,0.04793314263224602
1996,39.60984420776367,-0.1963636726140976,-0.14146332442760468,0.2174074500799179,-0.2371695339679718,-0.20835117995738983,-0.8625997304916382,-3.1226820945739746,0.04867136478424072
1997,39.63595128059387,-0.1963636726140976,-0.14146332442760468,0.2174074500799179,-0.23210185766220093,-0.24867083132266998,-1.1196401119232178,-3.110525369644165,0.047762829810380936
1998,39.64736986160278,-0.1963636726140976,-0.14146332442760468,0.2174074500799179,-0.22772617638111115,-0.2868573069572449,-1.2759226560592651,-3.0980916023254395,0.04273923859000206
1999,39.67332720756531,-0.1963636726140976,-0.14146332442760468,0.2174074500799179,-0.22675512731075287,-0.3232055902481079,-1.2703232765197754,-3.0867602825164795,0.031218430027365685
2000,39.685399770736694,-0.1963636726140976,-0.14146332442760468,0.2174074500799179,-0.23544256389141083,-0.35982397198677063,-1.0939208269119263,-3.078347682952881,0.011900319717824459
2001,39.723992586135864,-0.1963636726140976,-0.14146332442760468,0.2174074500799179,-0.2587903141975403,-0.399847149848938,-0.7798025012016296,-3.0729153156280518,-0.012756403535604477
2002,39.735520124435425,-0.1963636726140976,-0.14146332442760468,0.2174074500799179,-0.28652670979499817,-0.4416588544845581,-0.4091433882713318,-3.065509080886841,-0.03454701229929924
2003,39.76309657096863,-0.1963636726140976,-0.14146332442760468,0.2174074500799179,-0.28507331013679504,-0.47434353828430176,0.04762398079037666,-3.054868698120117,-0.04548940062522888
2004,39.773346185684204,-0.1963636726140976,-0.14146332442760468,0.2174074500799179,-0.2991304397583008,-0.508997917175293,0.209925577044487,-3.0351200103759766,-0.04446610435843468
2005,39.800583839416504,-0.1963636726140976,-0.14146332442760468,0.2174074500799179,-0.33079296350479126,-0.5456374883651733,0.03963901102542877,-2.99995756149292,-0.031722038984298706
2006,39.81164741516113,-0.1963636726140976,-0.14146332442760468,0.2174074500799179,-0.3432607650756836,-0.58961421251297,0.06356911361217499,-2.956805467605591,-0.016426917165517807
2007,39.83923649787903,-0.1963636726140976,-0.14146332442760468,0.2174074500799179,-0.3413761258125305,-0.6237125396728516,-0.06576144695281982,-2.9162518978118896,-0.006658483762294054
2008,39.85753417015076,-0.1963636726140976,-0.14146332442760468,0.2174074500799179,-0.32868748903274536,-0.6925991177558899,-0.6399433016777039,-2.876873254776001,-0.007442854810506105
2009,39.88878774642944,-0.1963636726140976,-0.14146332442760468,0.2174074500799179,-0.32438117265701294,-0.7723479270935059,-0.7269816398620605,-2.8465940952301025,-0.014410530216991901
2010,39.89990830421448,-0.1963636726140976,-0.14146332442760468,0.2174074500799179,-0.3289130926132202,-0.8577508330345154,-0.585292398929596,-2.8236119747161865,-0.014420519582927227
2011,39.9279088973999,-0.1963636726140976,-0.14146332442760468,0.2174074500799179,-0.15112334489822388,-0.6303185224533081,-0.3843386769294739,-2.823928117752075,-0.016969244927167892
2012,39.93878984451294,-0.1963636726140976,-0.14146332442760468,0.2174074500799179,-0.14524956047534943,-0.5545400977134705,0.1885625272989273,-2.8525192737579346,-0.02228047326207161
2013,39.967241048812866,-0.1963636726140976,-0.14146332442760468,0.2174074500799179,-0.13442648947238922,-0.49364176392555237,0.44135838747024536,-2.8819732666015625,-0.005672824569046497
2014,39.97796583175659,-0.1963636726140976,-0.14146332442760468,0.2174074500799179,-0.09335657209157944,-0.4616549015045166,0.4617973566055298,-2.909529685974121,0.01415720209479332
2015,40.00542688369751,-0.1963636726140976,-0.14146332442760468,0.2174074500799179,-0.05467037484049797,-0.45953112840652466,0.35643914341926575,-2.9367661476135254,0.026255173608660698
2016,40.01655459403992,-0.1963636726140976,-0.14146332442760468,0.2174074500799179,-0.02553163468837738,-0.46592599153518677,0.26452627778053284,-2.9641642570495605,0.03191051259636879
2017,40.04284191131592,-0.1963636726140976,-0.14146332442760468,0.2174074500799179,0.007347053848206997,-0.4642670750617981,0.26061126589775085,-2.9924755096435547,0.03363475576043129
2018,40.05385756492615,-0.1963636726140976,-0.14146332442760468,0.2174074500799179,0.04711722955107689,-0.46133852005004883,0.2908376455307007,-3.0226423740386963,0.031892161816358566
2019,40.081690073013306,-0.1963636726140976,-0.14146332442760468,0.2174074500799179,0.08584301173686981,-0.46905189752578735,0.3121079206466675,-3.0537173748016357,0.027149884030222893
2020,40.09614706039429,-0.1963636726140976,-0.14146332442760468,0.2174074500799179,0.11993113905191422,-0.48614609241485596,0.3120463490486145,-3.082718849182129,0.020010696724057198
2021,40.12559175491333,-0.1963636726140976,-0.14146332442760468,0.2174074500799179,0.14992688596248627,-0.5074571371078491,0.3021259009838104,-3.1060194969177246,0.011732996441423893
2022,40.13643503189087,-0.1963636726140976,-0.14146332442760468,0.2174074500799179,0.17239010334014893,-0.5331082940101624,0.28447291254997253,-3.119647979736328,0.004404584877192974
2023,40.16254687309265,-0.1963636726140976,-0.14146332442760468,0.2174074500799179,0.18856187164783478,-0.5578250885009766,0.25286242365837097,-3.1217010021209717,-0.00045053978101350367
2024,40.173548221588135,-0.1963636726140976,-0.14146332442760468,0.2174074500799179,0.19993677735328674,-0.576919674873352,0.25529634952545166,-3.1154417991638184,-0.0021409594919532537
2025,40.2012894153595,-0.1963636726140976,-0.14146332442760468,0.2174074500799179,0.2129228264093399,-0.594197154045105,0.36376842856407166,-3.1064186096191406,-0.000976835610345006
2026,40.211747884750366,-0.1963636726140976,-0.14146332442760468,0.2174074500799179,0.22551721334457397,-0.7202650904655457,0.4092268645763397,-3.0959925651550293,0.003999044187366962
2027,40.23957085609436,-0.1963636726140976,-0.14146332442760468,0.2174074500799179,0.3200242817401886,-0.771668553352356,0.09033811837434769,-3.0526342391967773,0.00682165939360857
2028,40.25116991996765,-0.1963636726140976,-0.14146332442760468,0.2174074500799179,0.3852510154247284,-0.7844310402870178,0.5115290284156799,-3.0251195430755615,-0.017061026766896248
2029,40.278626441955566,-0.1963636726140976,-0.14146332442760468,0.2174074500799179,0.41926437616348267,-0.8472539782524109,0.46068045496940613,-3.0143632888793945,-0.05054242163896561
2030,40.2905650138855,-0.1963636726140976,-0.14146332442760468,0.2174074500799179,0.40912413597106934,-0.8634240627288818,-0.05726662278175354,-2.98974609375,-0.09971190243959427
2031,40.317981243133545,-0.1963636726140976,-0.14146332442760468,0.2174074500799179,0.2665948271751404,-0.8365765810012817,-0.4387078881263733,-2.968235492706299,-0.15287286043167114
2032,40.32863402366638,-0.1963636726140976,-0.14146332442760468,0.2174074500799179,0.05551835522055626,-0.8245950937271118,-0.7243340015411377,-2.945582389831543,-0.1619093418121338
2033,40.35611414909363,-0.1963636726140976,-0.14146332442760468,0.2174074500799179,-0.054618529975414276,-0.8201392889022827,-1.4427947998046875,-2.9371707439422607,-0.13453778624534607
2034,40.36657929420471,-0.1963636726140976,-0.14146332442760468,0.2174074500799179,-0.0791989117860794,-0.8300591111183167,-2.086270332336426,-2.949829339981079,-0.10217559337615967
2035,40.39306879043579,-0.1963636726140976,-0.14146332442760468,0.2174074500799179,-0.059627920389175415,-0.8438777923583984,-1.9899709224700928,-2.969791889190674,-0.0762048289179802
2036,40.403995513916016,-0.1963636726140976,-0.14146332442760468,0.2174074500799179,-0.048863887786865234,-0.8625267744064331,-1.2935303449630737,-2.9835550785064697,-0.05410173535346985
2037,40.43065667152405,-0.1963636726140976,-0.14146332442760468,0.2174074500799179,-0.047791846096515656,-0.903503954410553,-0.7261660695075989,-2.986417293548584,-0.03414219990372658
2038,40.4415717124939,-0.1963636726140976,-0.14146332442760468,0.2174074500799179,-0.028182316571474075,-0.9311754107475281,-0.7386689782142639,-2.979727029800415,-0.022607842460274696
2039,40.46956920623779,-0.1963636726140976,-0.14146332442760468,0.2174074500799179,-0.010685190558433533,-0.9770663976669312,-0.666015625,-2.9643239974975586,-0.023026281967759132
2040,40.479679584503174,-0.1963636726140976,-0.14146332442760468,0.2174074500799179,0.004849058575928211,-1.0344892740249634,-0.63289475440979,-2.9433841705322266,-0.03299286961555481
2041,40.50976538658142,-0.1963636726140976,-0.14146332442760468,0.2174074500799179,0.047018811106681824,-0.9714924097061157,-1.3378058671951294,-2.926114320755005,-0.04846166446805
2042,40.52196455001831,-0.1963636726140976,-0.14146332442760468,0.2174074500799179,-0.02932104654610157,-0.779128909111023,-0.00026557594537734985,-2.9267802238464355,-0.061496660113334656
2043,40.547733306884766,-0.1963636726140976,-0.14146332442760468,0.2174074500799179,-0.10885535180568695,-0.5742095708847046,0.5822409391403198,-2.942777633666992,-0.04373772814869881
2044,40.56000065803528,-0.1963636726140976,-0.14146332442760468,0.2174074500799179,-0.1465608924627304,-0.42991626262664795,0.320198655128479,-2.9768941402435303,-0.01193470973521471
2045,40.588637828826904,-0.1963636726140976,-0.14146332442760468,0.2174074500799179,-0.15480941534042358,-0.37003716826438904,0.3148651123046875,-3.0256614685058594,0.017428018152713776
2046,40.59970188140869,-0.1963636726140976,-0.14146332442760468,0.2174074500799179,-0.15914073586463928,-0.38206368684768677,0.32346755266189575,-3.077307939529419,0.04108210280537605
2047,40.62644958496094,-0.1963636726140976,-0.14146332442760468,0.2174074500799179,-0.18226413428783417,-0.4317023754119873,0.9354992508888245,-3.122257709503174,0.06237974390387535
2048,40.637556314468384,-0.1963636726140976,-0.14146332442760468,0.2174074500799179,-0.23197844624519348,-0.45694413781166077,1.0287401676177979,3.1371915340423584,0.08182191103696823
2049,40.66371297836304,-0.1963636726140976,-0.14146332442760468,0.2174074500799179,-0.2640441358089447,-0.4391264021396637,0.8568819761276245,3.12713360786438,0.09968894720077515
2050,40.67465829849243,-0.1963636726140976,-0.14146332442760468,0.2174074500799179,-0.27290093898773193,-0.37498119473457336,0.4226461350917816,3.1246399879455566,0.10687223076820374
2051,40.701831579208374,-0.1963636726140976,-0.14146332442760468,0.2174074500799179,-0.28163158893585205,-0.3023509085178375,0.17784416675567627,3.121025562286377,0.10042133927345276
2052,40.71279215812683,-0.1963636726140976,-0.14146332442760468,0.2174074500799179,-0.3069632351398468,-0.24711276590824127,0.06934802234172821,3.1126952171325684,0.08803131431341171
2053,40.74034881591797,-0.1963636726140976,-0.14146332442760468,0.2174074500799179,-0.34422066807746887,-0.2060341089963913,-0.014055091887712479,3.102854013442993,0.07919734716415405
2054,40.75190854072571,-0.1963636726140976,-0.14146332442760468,0.2174074500799179,-0.3860834240913391,-0.17609776556491852,-0.14625419676303864,3.0945253372192383,0.07813680171966553
2055,40.78049826622009,-0.1963636726140976,-0.14146332442760468,0.2174074500799179,-0.43292513489723206,-0.1585068255662918,-0.24970883131027222,3.0899031162261963,0.0842590406537056
2056,40.79193449020386,-0.1963636726140976,-0.14146332442760468,0.2174074500799179,-0.49361884593963623,-0.14063498377799988,-0.3139635920524597,3.0915935039520264,0.09510552883148193
2057,40.81849908828735,-0.1963636726140976,-0.14146332442760468,0.2174074500799179,-0.5666278600692749,-0.11426612734794617,-0.40220630168914795,3.1041481494903564,0.10563670098781586
2058,40.82979106903076,-0.1963636726140976,-0.14146332442760468,0.2174074500799179,-0.6324080228805542,-0.09511584788560867,-0.4399552643299103,3.1295857429504395,0.1121673658490181
2059,40.8565399646759,-0.1963636726140976,-0.14146332442760468,0.2174074500799179,-0.6721104979515076,-0.08836375921964645,-0.2904723882675171,-3.122589349746704,0.1163044422864914
2060,40.86763572692871,-0.1963636726140976,-0.14146332442760468,0.2174074500799179,-0.6676502227783203,-0.08748344331979752,-0.23061048984527588,-3.0966641902923584,0.11960911005735397
2061,40.8946053981781,-0.1963636726140976,-0.14146332442760468,0.2174074500799179,-0.635186493396759,-0.07821069657802582,-0.5368255972862244,-3.0847294330596924,0.12149381637573242
2062,40.905853271484375,-0.1963636726140976,-0.14146332442760468,0.2174074500799179,-0.6126499772071838,-0.06675807386636734,-0.745392382144928,-3.0901339054107666,0.12752096354961395
2063,40.936384439468384,-0.1963636726140976,-0.14146332442760468,0.2174074500799179,-0.6380200982093811,-0.03887751325964928,-0.236011803150177,-3.117616891860962,0.14181822538375854
2064,40.94790983200073,-0.1963636726140976,-0.14146332442760468,0.2174074500799179,-0.6592971682548523,0.0013383801560848951,0.8874387145042419,3.121699333190918,0.16069139540195465
2065,40.97530436515808,-0.1963636726140976,-0.14146332442760468,0.2174074500799179,-0.6289374828338623,-0.06319131702184677,0.1264219880104065,3.084298610687256,0.18150897324085236
2066,40.98760390281677,-0.1963636726140976,-0.14146332442760468,0.2174074500799179,-0.5119075179100037,-0.1323411613702774,0.3388819694519043,3.09786057472229,0.21602383255958557
2067,41.01594591140747,-0.1963636726140976,-0.14146332442760468,0.2174074500799179,-0.29971715807914734,-0.23467689752578735,-0.016018718481063843,3.129347324371338,0.2520048916339874
2068,41.02755403518677,-0.1963636726140976,-0.14146332442760468,0.2174074500799179,-0.1751856803894043,-0.2321314513683319,0.4620147943496704,-3.1340503692626953,0.25763723254203796
2069,41.054770946502686,-0.1963636726140976,-0.14146332442760468,0.2174074500799179,-0.15110662579536438,-0.2380017638206482,0.799429714679718,-3.1370298862457275,0.24377064406871796
2070,41.065128326416016,-0.1963636726140976,-0.14146332442760468,0.2174074500799179,-0.16702866554260254,-0.27415233850479126,0.39086124300956726,3.1398329734802246,0.22821788489818573
2071,41.09439778327942,-0.1963636726140976,-0.14146332442760468,0.2174074500799179,-0.17714013159275055,-0.3005909323692322,0.13014432787895203,3.1357553005218506,0.21443942189216614
2072,41.105515480041504,-0.1963636726140976,-0.14146332442760468,0.2174074500799179,-0.185961052775383,-0.30444031953811646,0.043045807629823685,3.1307618618011475,0.19840165972709656
2073,41.13359832763672,-0.1963636726140976,-0.14146332442760468,0.2174074500799179,-0.1915593296289444,-0.30405718088150024,0.045759186148643494,3.1215126514434814,0.1800704449415207
2074,41.14461016654968,-0.1963636726140976,-0.14146332442760468,0.2174074500799179,-0.19084665179252625,-0.30871832370758057,0.08226685225963593,3.108689069747925,0.16170914471149445
2075,41.171836853027344,-0.1963636726140976,-0.14146332442760468,0.2174074500799179,-0.1855955272912979,-0.32081374526023865,0.0767405778169632,3.095346212387085,0.14417514204978943
2076,41.183231353759766,-0.1963636726140976,-0.14146332442760468,0.2174074500799179,-0.1782202422618866,-0.3396812081336975,0.03528999537229538,3.083643913269043,0.12551318109035492
2077,41.21081352233887,-0.1963636726140976,-0.14146332442760468,0.2174074500799179,-0.16889479756355286,-0.35762715339660645,0.024856150150299072,3.0747625827789307,0.10495235025882721
2078,41.22190856933594,-0.1963636726140976,-0.14146332442760468,0.2174074500799179,-0.17457561194896698,-0.3749767243862152,-0.03608722984790802,3.072683572769165,0.08809515088796616
2079,41.24807167053223,-0.1963636726140976,-0.14146332442760468,0.2174074500799179,-0.16454848647117615,-0.3927095830440521,-0.16641053557395935,3.0822625160217285,0.08150865137577057
2080,41.26072907447815,-0.1963636726140976,-0.14146332442760468,0.2174074500799179,-0.1081554964184761,-0.3505977392196655,0.1697242558002472,3.083876132965088,0.0699324831366539
2081,41.28908181190491,-0.1963636726140976,-0.14146332442760468,0.2174074500799179,-0.08915203809738159,-0.3084438443183899,0.20584265887737274,3.0761332511901855,0.057929739356040955
2082,41.30003118515015,-0.1963636726140976,-0.14146332442760468,0.2174074500799179,-0.06971976161003113,-0.2674628794193268,0.24040745198726654,3.0653610229492188,0.04846389591693878
2083,41.32701826095581,-0.1963636726140976,-0.14146332442760468,0.2174074500799179,-0.05944550037384033,-0.21001234650611877,0.21842944622039795,3.053093910217285,0.03660576418042183
2084,41.33861756324768,-0.1963636726140976,-0.14146332442760468,0.2174074500799179,-0.057032644748687744,-0.1537708044052124,0.1939716786146164,3.038651466369629,0.02303294837474823
2085,41.36621332168579,-0.1963636726140976,-0.14146332442760468,0.2174074500799179,-0.059661541134119034,-0.10848431289196014,0.18585047125816345,3.024327039718628,0.01126787718385458
2086,41.377262353897095,-0.1963636726140976,-0.14146332442760468,0.2174074500799179,-0.06448723375797272,-0.07180363684892654,0.18291611969470978,3.0124998092651367,0.004293509293347597
2087,41.403756856918335,-0.1963636726140976,-0.14146332442760468,0.2174074500799179,-0.06728293001651764,-0.04393040016293526,0.1940523236989975,3.003979206085205,0.00277132261544466
2088,41.41458463668823,-0.1963636726140976,-0.14146332442760468,0.2174074500799179,-0.06632573902606964,-0.02198529615998268,0.1867179572582245,2.9988081455230713,0.005477121099829674
2089,41.44234800338745,-0.1963636726140976,-0.14146332442760468,0.2174074500799179,-0.06140389293432236,-0.004374710842967033,0.17651009559631348,2.9978559017181396,0.010128303430974483
2090,41.45357823371887,-0.1963636726140976,-0.14146332442760468,0.2174074500799179,-0.05167587846517563,0.010782121680676937,0.1689591407775879,3.0023915767669678,0.013714004307985306
2091,41.48257803916931,-0.1963636726140976,-0.14146332442760468,0.2174074500799179,-0.03900458291172981,0.029771793633699417,0.16214263439178467,3.0120155811309814,0.013980909250676632
2092,41.500694274902344,-0.1963636726140976,-0.14146332442760468,0.2174074500799179,-0.026836082339286804,0.053582802414894104,0.18188822269439697,3.024782657623291,0.010500057600438595
2093,41.52821707725525,-0.1963636726140976,-0.14146332442760468,0.2174074500799179,-0.01762794703245163,0.08185351639986038,0.20778019726276398,3.038431406021118,0.00444380845874548
2094,41.5391526222229,-0.1963636726140976,-0.14146332442760468,0.2174074500799179,-0.012720972299575806,0.11032097786664963,0.22025425732135773,3.0518741607666016,-0.001879037357866764
2095,41.56619906425476,-0.1963636726140976,-0.14146332442760468,0.2174074500799179,-0.01076209731400013,0.1360432207584381,0.22817103564739227,3.064161539077759,-0.005841361824423075
2096,41.57689332962036,-0.1963636726140976,-0.14146332442760468,0.2174074500799179,-0.050675131380558014,0.1857137680053711,0.32883983850479126,3.073204517364502,-0.005724093411117792
2097,41.60448217391968,-0.1963636726140976,-0.14146332442760468,0.2174074500799179,-0.036347176879644394,0.11566773056983948,0.2770414352416992,3.081164836883545,-0.005866327788680792
2098,41.617040395736694,-0.1963636726140976,-0.14146332442760468,0.2174074500799179,-0.023483403027057648,0.05665137991309166,0.2854556739330292,3.0927090644836426,-0.006046628579497337
2099,41.64642310142517,-0.1963636726140976,-0.14146332442760468,0.2174074500799179,-0.021483296528458595,0.008734939619898796,0.2628489136695862,3.106828451156616,-0.0124827204272151
2100,41.65803575515747,-0.1963636726140976,-0.14146332442760468,0.2174074500799179,-0.0290649626404047,-0.026027483865618706,0.27285265922546387,3.117614269256592,-0.01742616668343544
2101,41.68471550941467,-0.1963636726140976,-0.14146332442760468,0.2174074500799179,-0.035737294703722,-0.054177720099687576,0.25741487741470337,3.122358798980713,-0.019043175503611565
2102,41.69736957550049,-0.1963636726140976,-0.14146332442760468,0.2174074500799179,-0.04261210933327675,-0.08585688471794128,0.24581611156463623,3.1244447231292725,-0.018098171800374985
2103,41.72457218170166,-0.1963636726140976,-0.14146332442760468,0.2174074500799179,-0.0484221987426281,-0.120274119079113,0.2324673980474472,3.126664876937866,-0.015973065048456192
2104,41.73627305030823,-0.1963636726140976,-0.14146332442760468,0.2174074500799179,-0.05392201244831085,-0.15366336703300476,0.23097103834152222,3.128484010696411,-0.013560683466494083
2105,41.762537240982056,-0.1963636726140976,-0.14146332442760468,0.2174074500799179,-0.05981116741895676,-0.1846366673707962,0.243007630109787,3.1283743381500244,-0.010659780353307724
2106,41.77384877204895,-0.1963636726140976,-0.14146332442760468,0.2174074500799179,-0.0654444471001625,-0.21297375857830048,0.2651776075363159,3.1255922317504883,-0.007214648649096489
2107,41.80363631248474,-0.1963636726140976,-0.14146332442760468,0.2174074500799179,-0.07051987946033478,-0.23784038424491882,0.2705996036529541,3.120271921157837,-0.0038494765758514404
2108,41.81467151641846,-0.1963636726140976,-0.14146332442760468,0.2174074500799179,-0.07658398896455765,-0.2600092887878418,0.26891660690307617,3.113222599029541,-0.0009312258916907012
2109,41.84211015701294,-0.1963636726140976,-0.14146332442760468,0.2174074500799179,-0.08585629612207413,-0.27925047278404236,0.280680775642395,3.105886697769165,0.0024179460015147924
2110,41.85287404060364,-0.1963636726140976,-0.14146332442760468,0.2174074500799179,-0.09612953662872314,-0.29735812544822693,0.2898089587688446,3.1007721424102783,0.007750016637146473
2111,41.88166904449463,-0.1963636726140976,-0.14146332442760468,0.2174074500799179,-0.09872033447027206,-0.2786387801170349,0.29706159234046936,3.09399151802063,0.01024540700018406
2112,41.8932101726532,-0.1963636726140976,-0.14146332442760468,0.2174074500799179,-0.1065356507897377,-0.2603994309902191,0.3555566072463989,3.0854456424713135,0.010578618384897709
2113,41.91944193840027,-0.1963636726140976,-0.14146332442760468,0.2174074500799179,-0.11487638205289841,-0.25065457820892334,0.4325319230556488,3.078125,0.010047558695077896
2114,41.93118190765381,-0.1963636726140976,-0.14146332442760468,0.2174074500799179,-0.12427450716495514,-0.24578914046287537,0.47740286588668823,3.073444128036499,0.008281445130705833
2115,41.95903015136719,-0.1963636726140976,-0.14146332442760468,0.2174074500799179,-0.1327633261680603,-0.23611627519130707,0.5048882961273193,3.0718634128570557,0.004725086968392134
2116,41.96969294548035,-0.1963636726140976,-0.14146332442760468,0.2174074500799179,-0.1416720449924469,-0.21060772240161896,0.4589737355709076,3.0726735591888428,-2.2243710191105492e-05
2117,41.9968798160553,-0.1963636726140976,-0.14146332442760468,0.2174074500799179,-0.1557977944612503,-0.17015987634658813,0.243648961186409,3.0722880363464355,-0.003861245233565569
2118,42.007537603378296,-0.1963636726140976,-0.14146332442760468,0.2174074500799179,-0.16925673186779022,-0.1342318207025528,0.11490028351545334,3.068349599838257,-0.006405402906239033
2119,42.03417110443115,-0.1963636726140976,-0.14146332442760468,0.2174074500799179,-0.18368883430957794,-0.10459472239017487,0.08986856043338776,3.0632364749908447,-0.007134301122277975
2120,42.045546770095825,-0.1963636726140976,-0.14146332442760468,0.2174074500799179,-0.2009274661540985,-0.07772435992956161,0.07832299172878265,3.059995174407959,-0.005239538382738829
2121,42.07230877876282,-0.1963636726140976,-0.14146332442760468,0.2174074500799179,-0.21965833008289337,-0.0535973459482193,0.050528284162282944,3.059568405151367,-0.0005930455517955124
2122,42.08347272872925,-0.1963636726140976,-0.14146332442760468,0.2174074500799179,-0.2391115427017212,-0.034133780747652054,0.0036963969469070435,3.0626838207244873,0.006100895814597607
2123,42.110268115997314,-0.1963636726140976,-0.14146332442760468,0.2174074500799179,-0.2577156722545624,-0.0176283847540617,-0.06421544402837753,3.0701613426208496,0.01339590735733509
2124,42.12075209617615,-0.1963636726140976,-0.14146332442760468,0.2174074500799179,-0.27627888321876526,-0.002604331821203232,-0.1547364592552185,3.082195281982422,0.020068516954779625
2125,42.14851689338684,-0.1963636726140976,-0.14146332442760468,0.2174074500799179,-0.29566413164138794,0.01336207427084446,-0.2384568601846695,3.0970404148101807,0.02579977549612522
2126,42.159855127334595,-0.1963636726140976,-0.14146332442760468,0.2174074500799179,-0.31533756852149963,0.03042091242969036,-0.28221333026885986,3.111497640609741,0.03115607425570488
2127,42.18669009208679,-0.1963636726140976,-0.14146332442760468,0.2174074500799179,-0.33207470178604126,0.046850208193063736,-0.2861286401748657,3.122760057449341,0.037089962512254715
2128,42.19806408882141,-0.1963636726140976,-0.14146332442760468,0.2174074500799179,-0.33931422233581543,0.0646107941865921,-0.25413936376571655,3.1281609535217285,0.043138422071933746
2129,42.22489857673645,-0.1963636726140976,-0.14146332442760468,0.2174074500799179,-0.3348528742790222,0.08619889616966248,-0.20303642749786377,3.1248152256011963,0.04686538130044937
2130,42.23632836341858,-0.1963636726140976,-0.14146332442760468,0.2174074500799179,-0.3278214633464813,0.10799795389175415,-0.1013302206993103,3.1121983528137207,0.04637638106942177
2131,42.26339602470398,-0.1963636726140976,-0.14146332442760468,0.2174074500799179,-0.3375624120235443,0.13216759264469147,0.13937410712242126,3.0921449661254883,0.04339170828461647
2132,42.274309158325195,-0.1963636726140976,-0.14146332442760468,0.2174074500799179,-0.3640226423740387,0.15237565338611603,0.22427354753017426,3.066807270050049,0.04299694672226906
2133,42.30111598968506,-0.1963636726140976,-0.14146332442760468,0.2174074500799179,-0.26410627365112305,0.055166635662317276,0.39727896451950073,3.063605308532715,0.045113544911146164
2134,42.3123733997345,-0.1963636726140976,-0.14146332442760468,0.2174074500799179,-0.1645175814628601,-0.011618917807936668,0.4393954575061798,3.0800492763519287,0.058685410767793655
2135,42.341707944869995,-0.1963636726140976,-0.14146332442760468,0.2174074500799179,-0.09455740451812744,-0.02217552252113819,0.710874617099762,3.0986363887786865,0.07218098640441895
2136,42.35856771469116,-0.1963636726140976,-0.14146332442760468,0.2174074500799179,-0.04867944493889809,-0.028119465336203575,0.8667762279510498,3.1118690967559814,0.07939613610506058
2137,42.38743257522583,-0.1963636726140976,-0.14146332442760468,0.2174074500799179,-0.024960562586784363,-0.04079510271549225,0.7717803120613098,3.1232855319976807,0.07972867041826248
2138,42.39824056625366,-0.1963636726140976,-0.14146332442760468,0.2174074500799179,-0.012077147141098976,-0.054583221673965454,0.6375134587287903,3.1323957443237305,0.07537183165550232
2139,42.42469644546509,-0.1963636726140976,-0.14146332442760468,0.2174074500799179,-0.00375193590298295,-0.06683024019002914,0.5274715423583984,3.1358156204223633,0.06923587620258331
2140,42.436781883239746,-0.1963636726140976,-0.14146332442760468,0.2174074500799179,0.008844975382089615,-0.0789235457777977,0.45078980922698975,3.131547689437866,0.06267666816711426
2141,42.46505403518677,-0.1963636726140976,-0.14146332442760468,0.2174074500799179,0.027143526822328568,-0.08917810767889023,0.4428861439228058,3.1197469234466553,0.056556254625320435
2142,42.47605085372925,-0.1963636726140976,-0.14146332442760468,0.2174074500799179,0.046785738319158554,-0.10121208429336548,0.4594344198703766,3.103252410888672,0.05300981551408768
2143,42.50353765487671,-0.1963636726140976,-0.14146332442760468,0.2174074500799179,0.07495781034231186,-0.11954443156719208,0.3654955327510834,3.0863547325134277,0.05131658911705017
2144,42.51490569114685,-0.1963636726140976,-0.14146332442760468,0.2174074500799179,0.11044471710920334,-0.13466274738311768,0.13388529419898987,3.0651400089263916,0.0379764586687088
2145,42.54190492630005,-0.1963636726140976,-0.14146332442760468,0.2174074500799179,0.12508544325828552,-0.15905892848968506,0.06786439567804337,3.0441882610321045,0.02240888960659504
2146,42.55260515213013,-0.1963636726140976,-0.14146332442760468,0.2174074500799179,0.12802723050117493,-0.18177612125873566,0.14366893470287323,3.0302696228027344,0.015011608600616455
2147,42.579225063323975,-0.1963636726140976,-0.14146332442760468,0.2174074500799179,0.1306072473526001,-0.19875869154930115,0.19049949944019318,3.0254011154174805,0.015094812959432602
2148,42.58992600440979,-0.1963636726140976,-0.14146332442760468,0.2174074500799179,0.12852375209331512,-0.1980356127023697,0.1915399432182312,3.0268828868865967,0.017044037580490112
2149,42.61705493927002,-0.1963636726140976,-0.14146332442760468,0.2174074500799179,0.10315296798944473,-0.16390188038349152,0.1672571897506714,3.028679609298706,0.018469929695129395
2150,42.6278440952301,-0.1963636726140976,-0.14146332442760468,0.2174074500799179,0.06306665390729904,-0.11095179617404938,0.16038672626018524,3.025029420852661,0.0196804441511631
2151,42.65896248817444,-0.1963636726140976,-0.14146332442760468,0.2174074500799179,0.02368701808154583,-0.06620848178863525,0.16806361079216003,3.0174663066864014,0.021258259192109108
2152,42.67505097389221,-0.1963636726140976,-0.14146332442760468,0.2174074500799179,-0.009691858664155006,-0.029691359028220177,0.21999527513980865,3.0094501972198486,0.024492604658007622
2153,42.70751190185547,-0.1963636726140976,-0.14146332442760468,0.2174074500799179,-0.03796229511499405,0.006297037936747074,0.2941085696220398,3.0046308040618896,0.02855302207171917
2154,42.71897339820862,-0.1963636726140976,-0.14146332442760468,0.2174074500799179,-0.08270838111639023,0.05020379275083542,0.3148993253707886,3.005918502807617,0.031591687351465225
2155,42.74562740325928,-0.1963636726140976,-0.14146332442760468,0.2174074500799179,-0.10593549907207489,0.07621323317289352,0.3636656701564789,3.0113534927368164,0.03380797803401947
2156,42.75594091415405,-0.1963636726140976,-0.14146332442760468,0.2174074500799179,-0.12006610631942749,0.09792696684598923,0.4055808484554291,3.015132188796997,0.0370168499648571
2157,42.782695055007935,-0.1963636726140976,-0.14146332442760468,0.2174074500799179,-0.13294291496276855,0.11595693975687027,0.3883994519710541,3.0165815353393555,0.0415927916765213
2158,42.79331684112549,-0.1963636726140976,-0.14146332442760468,0.2174074500799179,-0.14735159277915955,0.12864308059215546,0.3032302260398865,3.017796516418457,0.047347962856292725
2159,42.82184624671936,-0.1963636726140976,-0.14146332442760468,0.2174074500799179,-0.1637796312570572,0.14015060663223267,0.14811278879642487,3.0210964679718018,0.053630389273166656
2160,42.83285689353943,-0.1963636726140976,-0.14146332442760468,0.2174074500799179,-0.17922572791576385,0.15586310625076294,-0.004701245576143265,3.0268280506134033,0.05934789404273033
2161,42.8597412109375,-0.1963636726140976,-0.14146332442760468,0.2174074500799179,-0.23288863897323608,0.21589921414852142,0.355149507522583,3.0308003425598145,0.061827316880226135
2162,42.87091040611267,-0.1963636726140976,-0.14146332442760468,0.2174074500799179,-0.20991629362106323,0.17831000685691833,-0.07375845313072205,3.03472900390625,0.0604301355779171
2163,42.897571086883545,-0.1963636726140976,-0.14146332442760468,0.2174074500799179,-0.20810791850090027,0.19637301564216614,-0.1002100259065628,3.037060499191284,0.057150810956954956
2164,42.90860319137573,-0.1963636726140976,-0.14146332442760468,0.2174074500799179,-0.1961972564458847,0.20390892028808594,0.24254748225212097,3.031036853790283,0.04422209411859512
2165,42.93845891952515,-0.1963636726140976,-0.14146332442760468,0.2174074500799179,-0.18076813220977783,0.15256479382514954,0.24413566291332245,3.0389370918273926,0.023667072877287865
2166,42.94929552078247,-0.1963636726140976,-0.14146332442760468,0.2174074500799179,-0.13953302800655365,0.0920477956533432,0.1916915327310562,3.056694269180298,0.014589664526283741
2167,42.97605299949646,-0.1963636726140976,-0.14146332442760468,0.2174074500799179,-0.10169854015111923,0.05719311162829399,0.293854296207428,3.0725338459014893,0.011778539977967739
2168,42.98873043060303,-0.1963636726140976,-0.14146332442760468,0.2174074500799179,-0.06899801641702652,0.03736821934580803,0.3832504153251648,3.083221912384033,0.011739995330572128
2169,43.01536726951599,-0.1963636726140976,-0.14146332442760468,0.2174074500799179,-0.04139101505279541,0.014521636068820953,0.3511114716529846,3.0915567874908447,0.01131052803248167
2170,43.02622151374817,-0.1963636726140976,-0.14146332442760468,0.2174074500799179,-0.016191955655813217,-0.007234068121761084,0.3109171986579895,3.0986273288726807,0.009642284363508224
2171,43.05310606956482,-0.1963636726140976,-0.14146332442760468,0.2174074500799179,0.005597261246293783,-0.02926190011203289,0.2717631161212921,3.1033928394317627,0.007813897915184498
2172,43.06373906135559,-0.1963636726140976,-0.14146332442760468,0.2174074500799179,0.026511088013648987,-0.050614938139915466,0.23754718899726868,3.1046149730682373,0.006456620991230011
2173,43.09249663352966,-0.1963636726140976,-0.14146332442760468,0.2174074500799179,0.04883643984794617,-0.06984362006187439,0.21666757762432098,3.101357936859131,0.004758275579661131
2174,43.10394549369812,-0.1963636726140976,-0.14146332442760468,0.2174074500799179,0.07177495956420898,-0.08738059550523758,0.21303576231002808,3.093526601791382,0.0021915154065936804
2175,43.13080191612244,-0.1963636726140976,-0.14146332442760468,0.2174074500799179,0.09487451612949371,-0.10028571635484695,0.13179805874824524,3.0807275772094727,-0.0037118203472346067
2176,43.14243030548096,-0.1963636726140976,-0.14146332442760468,0.2174074500799179,0.10326126217842102,-0.11328922212123871,-0.05705156922340393,3.062080144882202,-0.018144795671105385
2177,43.16941499710083,-0.1963636726140976,-0.14146332442760468,0.2174074500799179,0.09624531865119934,-0.12575119733810425,-0.09836192429065704,3.043971061706543,-0.03271423652768135
2178,43.18098855018616,-0.1963636726140976,-0.14146332442760468,0.2174074500799179,0.07951553165912628,-0.13557025790214539,0.15073853731155396,3.0326104164123535,-0.0391840822994709
2179,43.20799732208252,-0.1963636726140976,-0.14146332442760468,0.2174074500799179,0.06355705857276917,-0.15478745102882385,0.33868515491485596,3.0315608978271484,-0.03426692634820938
2180,43.219743967056274,-0.1963636726140976,-0.14146332442760468,0.2174074500799179,0.060952939093112946,-0.17509141564369202,0.4164913296699524,3.0390830039978027,-0.024112220853567123
2181,43.24741983413696,-0.1963636726140976,-0.14146332442760468,0.2174074500799179,0.05676903575658798,-0.18260303139686584,0.39292842149734497,3.0496580600738525,-0.01601065881550312
2182,43.25837802886963,-0.1963636726140976,-0.14146332442760468,0.2174074500799179,0.03735962137579918,-0.1705601066350937,0.3187030851840973,3.0581839084625244,-0.010487615130841732
2183,43.285600662231445,-0.1963636726140976,-0.14146332442760468,0.2174074500799179,-0.0018625629600137472,-0.1325942575931549,0.2919144332408905,3.0602822303771973,-0.004885888658463955
2184,43.296961545944214,-0.1963636726140976,-0.14146332442760468,0.2174074500799179,-0.04727283865213394,-0.09376487880945206,0.27037864923477173,3.056217670440674,0.0016528747510164976
2185,43.323657751083374,-0.1963636726140976,-0.14146332442760468,0.2174074500799179,-0.08862680941820145,-0.06425175815820694,0.26355522871017456,3.0501019954681396,0.009102133102715015
2186,43.33459734916687,-0.1963636726140976,-0.14146332442760468,0.2174074500799179,-0.1250034123659134,-0.042947251349687576,0.25708794593811035,3.0465402603149414,0.01684679090976715
2187,43.362775564193726,-0.1963636726140976,-0.14146332442760468,0.2174074500799179,-0.1588662713766098,-0.02720818668603897,0.22616972029209137,3.0486299991607666,0.024086887016892433
2188,43.37412714958191,-0.1963636726140976,-0.14146332442760468,0.2174074500799179,-0.19145704805850983,-0.014129601418972015,0.19088788330554962,3.0566329956054688,0.030728379264473915
2189,43.40495586395264,-0.1963636726140976,-0.14146332442760468,0.2174074500799179,-0.22446787357330322,-0.0021975142881274223,0.14323826134204865,3.069112777709961,0.0371018722653389
2190,43.416863203048706,-0.1963636726140976,-0.14146332442760468,0.2174074500799179,-0.25988084077835083,0.008656802587211132,0.06511940807104111,3.0843088626861572,0.04359308257699013
2191,43.44338297843933,-0.1963636726140976,-0.14146332442760468,0.2174074500799179,-0.2990669310092926,0.018417412415146828,-0.05090424418449402,3.100231170654297,0.05080679431557655
2192,43.45428252220154,-0.1963636726140976,-0.14146332442760468,0.2174074500799179,-0.34112292528152466,0.02792230062186718,-0.17840036749839783,3.114546298980713,0.05970577150583267
2193,43.482542276382446,-0.1963636726140976,-0.14146332442760468,0.2174074500799179,-0.3800221383571625,0.03762652352452278,-0.28799378871917725,3.1248345375061035,0.07096675038337708
2194,43.493244886398315,-0.1963636726140976,-0.14146332442760468,0.2174074500799179,-0.41108620166778564,0.049030933529138565,-0.3721102476119995,3.1287660598754883,0.08468597382307053
2195,43.52157711982727,-0.1963636726140976,-0.14146332442760468,0.2174074500799179,-0.4299480617046356,0.0636315569281578,-0.4198386073112488,3.1240949630737305,0.10003384947776794
2196,43.53231358528137,-0.1963636726140976,-0.14146332442760468,0.2174074500799179,-0.439464807510376,0.07648862153291702,-0.3637888729572296,3.1111652851104736,0.11616241931915283
2197,43.56058740615845,-0.1963636726140976,-0.14146332442760468,0.2174074500799179,-0.43340006470680237,0.07603834569454193,-0.15838907659053802,3.092020273208618,0.12727247178554535
2198,43.57217049598694,-0.1963636726140976,-0.14146332442760468,0.2174074500799179,-0.36232590675354004,0.04516670107841492,0.04219465330243111,3.0875656604766846,0.12271872162818909
2199,43.60010766983032,-0.1963636726140976,-0.14146332442760468,0.2174074500799179,-0.30304765701293945,0.017095133662223816,0.15045887231826782,3.0940134525299072,0.1231512725353241
2200,43.6115505695343,-0.1963636726140976,-0.14146332442760468,0.2174074500799179,-0.24003146588802338,0.018602631986141205,0.5332787036895752,3.0993947982788086,0.12941239774227142
2201,43.638338804244995,-0.1963636726140976,-0.14146332442760468,0.2174074500799179,-0.1759825050830841,0.008552366867661476,0.7312796115875244,3.101670503616333,0.1360691636800766
2202,43.649822473526,-0.1963636726140976,-0.14146332442760468,0.2174074500799179,-0.12158924341201782,-0.013417180627584457,0.7423132658004761,3.1069467067718506,0.13833127915859222
2203,43.676971435546875,-0.1963636726140976,-0.14146332442760468,0.2174074500799179,-0.08162718266248703,-0.03382265940308571,0.684802234172821,3.1154873371124268,0.13376516103744507
2204,43.688154458999634,-0.1963636726140976,-0.14146332442760468,0.2174074500799179,-0.05686405301094055,-0.05009020119905472,0.6170060634613037,3.123983144760132,0.12503787875175476
2205,43.715805530548096,-0.1963636726140976,-0.14146332442760468,0.2174074500799179,-0.04201299697160721,-0.0653672069311142,0.536109447479248,3.1295883655548096,0.11610785126686096
2206,43.72633075714111,-0.1963636726140976,-0.14146332442760468,0.2174074500799179,-0.02712729200720787,-0.08039595931768417,0.4873357117176056,3.130458354949951,0.10854978859424591
2207,43.75275444984436,-0.1963636726140976,-0.14146332442760468,0.2174074500799179,-0.008622922003269196,-0.09400352090597153,0.48214617371559143,3.126116991043091,0.10180462151765823
2208,43.763367891311646,-0.1963636726140976,-0.14146332442760468,0.2174074500799179,0.012719489634037018,-0.10756932944059372,0.49232614040374756,3.1175272464752197,0.09516625106334686
2209,43.7938506603241,-0.1963636726140976,-0.14146332442760468,0.2174074500799179,0.03451748192310333,-0.12465399503707886,0.4927706718444824,3.1060941219329834,0.08846676349639893
2210,43.80540370941162,-0.1963636726140976,-0.14146332442760468,0.2174074500799179,0.05611291900277138,-0.14146600663661957,0.41385769844055176,3.092564821243286,0.08120758086442947
2211,43.83443331718445,-0.1963636726140976,-0.14146332442760468,0.2174074500799179,0.08247089385986328,-0.1535455882549286,0.1793913096189499,3.073827028274536,0.0647568628191948
2212,43.84628868103027,-0.1963636726140976,-0.14146332442760468,0.2174074500799179,0.09541155397891998,-0.17359693348407745,0.11767929792404175,3.054435968399048,0.04604183882474899
2213,43.87344193458557,-0.1963636726140976,-0.14146332442760468,0.2174074500799179,0.09975214302539825,-0.1980903148651123,0.21025028824806213,3.0422885417938232,0.03463319316506386
2214,43.88452506065369,-0.1963636726140976,-0.14146332442760468,0.2174074500799179,0.10151629894971848,-0.21682807803153992,0.27368998527526855,3.0399398803710938,0.031121347099542618
2215,43.91126298904419,-0.1963636726140976,-0.14146332442760468,0.2174074500799179,0.09731580317020416,-0.21865621209144592,0.269914835691452,3.043884038925171,0.03040282428264618
2216,43.92206335067749,-0.1963636726140976,-0.14146332442760468,0.2174074500799179,0.06866909563541412,-0.18815231323242188,0.2377896010875702,3.047659158706665,0.03055514208972454
2217,43.94887614250183,-0.1963636726140976,-0.14146332442760468,0.2174074500799179,0.01793813705444336,-0.13517940044403076,0.21748507022857666,3.0449156761169434,0.03224993869662285
2218,43.959630250930786,-0.1963636726140976,-0.14146332442760468,0.2174074500799179,-0.027055205777287483,-0.09353578090667725,0.20195414125919342,3.037977933883667,0.03508371859788895
2219,43.986618518829346,-0.1963636726140976,-0.14146332442760468,0.2174074500799179,-0.0646480917930603,-0.06014446169137955,0.22669348120689392,3.030876398086548,0.0394427552819252
2220,43.997854232788086,-0.1963636726140976,-0.14146332442760468,0.2174074500799179,-0.09606233239173889,-0.03262801095843315,0.24280986189842224,3.0275626182556152,0.04387594759464264
2221,44.02588868141174,-0.1963636726140976,-0.14146332442760468,0.2174074500799179,-0.12491630017757416,-0.009589829482138157,0.23447448015213013,3.0298237800598145,0.04731115698814392
2222,44.03645300865173,-0.1963636726140976,-0.14146332442760468,0.2174074500799179,-0.15240225195884705,0.010950585827231407,0.20661374926567078,3.036746025085449,0.05028386041522026
2223,44.067230224609375,-0.1963636726140976,-0.14146332442760468,0.2174074500799179,-0.17977572977542877,0.028091248124837875,0.15082533657550812,3.0469937324523926,0.053744733333587646
2224,44.07820248603821,-0.1963636726140976,-0.14146332442760468,0.2174074500799179,-0.20838142931461334,0.04295634105801582,0.05423315614461899,3.0594425201416016,0.05814453214406967
2225,44.10439372062683,-0.1963636726140976,-0.14146332442760468,0.2174074500799179,-0.24088609218597412,0.05753502622246742,-0.09100918471813202,3.072516441345215,0.06407905369997025
2226,44.11605191230774,-0.1963636726140976,-0.14146332442760468,0.2174074500799179,-0.2768386900424957,0.07402724772691727,-0.25437644124031067,3.0837082862854004,0.07267147302627563
2227,44.14309477806091,-0.1963636726140976,-0.14146332442760468,0.2174074500799179,-0.30799686908721924,0.09365470707416534,-0.3740522861480713,3.089712619781494,0.08389605581760406
2228,44.15478706359863,-0.1963636726140976,-0.14146332442760468,0.2174074500799179,-0.3249596953392029,0.11796644330024719,-0.3873695135116577,3.086806535720825,0.09539922326803207
2229,44.18183922767639,-0.1963636726140976,-0.14146332442760468,0.2174074500799179,-0.3321538269519806,0.1443372219800949,-0.20912671089172363,3.073899269104004,0.1053583100438118
2230,44.192254066467285,-0.1963636726140976,-0.14146332442760468,0.2174074500799179,-0.32899728417396545,0.1522914171218872,0.1501772552728653,3.0540273189544678,0.10845869779586792
2231,44.218894243240356,-0.1963636726140976,-0.14146332442760468,0.2174074500799179,-0.27992498874664307,0.10788601636886597,0.220188170671463,3.0535359382629395,0.09381529688835144
2232,44.22905087471008,-0.1963636726140976,-0.14146332442760468,0.2174074500799179,-0.22367791831493378,0.06658551096916199,0.2209780067205429,3.0624618530273438,0.08336261659860611
2233,44.25758194923401,-0.1963636726140976,-0.14146332442760468,0.2174074500799179,-0.17799939215183258,0.043673526495695114,0.4209490418434143,3.0689308643341064,0.07976392656564713
2234,44.270530462265015,-0.1963636726140976,-0.14146332442760468,0.2174074500799179,-0.1412525624036789,0.028323981910943985,0.5507153272628784,3.0724034309387207,0.08034404367208481
2235,44.29797172546387,-0.1963636726140976,-0.14146332442760468,0.2174074500799179,-0.11130619794130325,0.008371570147573948,0.5404279828071594,3.077798843383789,0.08006645739078522
2236,44.30825114250183,-0.1963636726140976,-0.14146332442760468,0.2174074500799179,-0.08485406637191772,-0.008657329715788364,0.5197088718414307,3.0862531661987305,0.07723782956600189
2237,44.33575367927551,-0.1963636726140976,-0.14146332442760468,0.2174074500799179,-0.06591679900884628,-0.023592349141836166,0.4712189733982086,3.0953896045684814,0.07294405251741409
2238,44.347328901290894,-0.1963636726140976,-0.14146332442760468,0.2174074500799179,-0.05174391344189644,-0.039475202560424805,0.4087998569011688,3.1028823852539062,0.06895461678504944
2239,44.378159523010254,-0.1963636726140976,-0.14146332442760468,0.2174074500799179,-0.03782814368605614,-0.05576717481017113,0.36980897188186646,3.106764554977417,0.06589017063379288
2240,44.38945007324219,-0.1963636726140976,-0.14146332442760468,0.2174074500799179,-0.02129521034657955,-0.0709647536277771,0.36594709753990173,3.1057567596435547,0.0630696564912796
2241,44.4179573059082,-0.1963636726140976,-0.14146332442760468,0.2174074500799179,-0.002636499470099807,-0.08558418601751328,0.3760869801044464,3.0999011993408203,0.059686534106731415
2242,44.430030822753906,-0.1963636726140976,-0.14146332442760468,0.2174074500799179,0.016323652118444443,-0.10171926021575928,0.3791272044181824,3.090181589126587,0.05562732368707657
2243,44.45801401138306,-0.1963636726140976,-0.14146332442760468,0.2174074500799179,0.03374933823943138,-0.12061814963817596,0.330436646938324,3.077626943588257,0.05124448239803314
2244,44.469204902648926,-0.1963636726140976,-0.14146332442760468,0.2174074500799179,0.05363036319613457,-0.13573099672794342,0.13717769086360931,3.0606515407562256,0.04015594720840454
2245,44.49573564529419,-0.1963636726140976,-0.14146332442760468,0.2174074500799179,0.06429832428693771,-0.15869374573230743,0.015493825078010559,3.042208671569824,0.024312779307365417
2246,44.506749629974365,-0.1963636726140976,-0.14146332442760468,0.2174074500799179,0.06513440608978271,-0.18119411170482635,0.08561952412128448,3.0284039974212646,0.011260944418609142
2247,44.53344488143921,-0.1963636726140976,-0.14146332442760468,0.2174074500799179,0.06015611067414284,-0.20116952061653137,0.2489577829837799,3.023242473602295,0.005256700795143843
2248,44.54411315917969,-0.1963636726140976,-0.14146332442760468,0.2174074500799179,0.05388525128364563,-0.21579813957214355,0.32354021072387695,3.0264105796813965,0.0051259733736515045
2249,44.57170104980469,-0.1963636726140976,-0.14146332442760468,0.2174074500799179,0.041253458708524704,-0.2103307843208313,0.3182504177093506,3.0329644680023193,0.006700688973069191
2250,44.58311057090759,-0.1963636726140976,-0.14146332442760468,0.2174074500799179,0.007926560938358307,-0.1726626455783844,0.29242920875549316,3.03623366355896,0.009291384369134903
2251,44.60926079750061,-0.1963636726140976,-0.14146332442760468,0.2174074500799179,-0.039421696215867996,-0.12101884931325912,0.2601219117641449,3.032510757446289,0.013616599142551422
2252,44.62763237953186,-0.1963636726140976,-0.14146332442760468,0.2174074500799179,-0.08132026344537735,-0.08195497840642929,0.24987387657165527,3.0264527797698975,0.018607456237077713
2253,44.65489411354065,-0.1963636726140976,-0.14146332442760468,0.2174074500799179,-0.11832969635725021,-0.05284399911761284,0.24585509300231934,3.0234389305114746,0.024279600009322166
2254,44.66527080535889,-0.1963636726140976,-0.14146332442760468,0.2174074500799179,-0.15279847383499146,-0.03004145622253418,0.21930214762687683,3.0262362957000732,0.030407266691327095
2255,44.692803382873535,-0.1963636726140976,-0.14146332442760468,0.2174074500799179,-0.18572475016117096,-0.010147858411073685,0.17981743812561035,3.0344834327697754,0.03680506348609924
2256,44.70330834388733,-0.1963636726140976,-0.14146332442760468,0.2174074500799179,-0.22022320330142975,0.00721688661724329,0.10486425459384918,3.046982526779175,0.04368893429636955
2257,44.72939896583557,-0.1963636726140976,-0.14146332442760468,0.2174074500799179,-0.25823867321014404,0.022676892578601837,-0.019525088369846344,3.0624313354492188,0.05142535641789436
2258,44.74027752876282,-0.1963636726140976,-0.14146332442760468,0.2174074500799179,-0.30045294761657715,0.03776012733578682,-0.17777583003044128,3.078562021255493,0.06070321053266525
2259,44.77240562438965,-0.1963636726140976,-0.14146332442760468,0.2174074500799179,-0.3431124985218048,0.053663868457078934,-0.3232990801334381,3.09208083152771,0.0723472535610199
2260,44.789002656936646,-0.1963636726140976,-0.14146332442760468,0.2174074500799179,-0.3771568834781647,0.07068253308534622,-0.4149499833583832,3.099764108657837,0.08623839169740677
2261,44.81786322593689,-0.1963636726140976,-0.14146332442760468,0.2174074500799179,-0.39537283778190613,0.09106070548295975,-0.43716922402381897,3.0985727310180664,0.10112902522087097
2262,44.828680992126465,-0.1963636726140976,-0.14146332442760468,0.2174074500799179,-0.3992861211299896,0.11252295225858688,-0.3333843946456909,3.0875396728515625,0.11576323956251144
2263,44.85657501220703,-0.1963636726140976,-0.14146332442760468,0.2174074500799179,-0.3946129083633423,0.12207391113042831,-0.004747435450553894,3.069009304046631,0.12440690398216248
2264,44.867656230926514,-0.1963636726140976,-0.14146332442760468,0.2174074500799179,-0.32336944341659546,0.0864262655377388,0.06135311722755432,3.0640194416046143,0.1152016669511795
2265,44.8951096534729,-0.1963636726140976,-0.14146332442760468,0.2174074500799179,-0.2354198396205902,0.045653268694877625,0.1819642037153244,3.0692875385284424,0.10412020981311798
2266,44.90632462501526,-0.1963636726140976,-0.14146332442760468,0.2174074500799179,-0.18750585615634918,0.035200364887714386,0.36682742834091187,3.0767574310302734,0.09379435330629349
2267,44.933613538742065,-0.1963636726140976,-0.14146332442760468,0.2174074500799179,-0.15439744293689728,0.022464560344815254,0.38246020674705505,3.0826735496520996,0.08581483364105225
2268,44.94442820549011,-0.1963636726140976,-0.14146332442760468,0.2174074500799179,-0.12303212285041809,0.0016734481323510408,0.28568360209465027,3.0896215438842773,0.07760193198919296
2269,44.97188758850098,-0.1963636726140976,-0.14146332442760468,0.2174074500799179,-0.09086190164089203,-0.013449291698634624,0.274118572473526,3.096680164337158,0.06915625184774399
2270,44.98338437080383,-0.1963636726140976,-0.14146332442760468,0.2174074500799179,-0.06338073313236237,-0.026145586743950844,0.271880567073822,3.102196216583252,0.06180533766746521
2271,45.01023483276367,-0.1963636726140976,-0.14146332442760468,0.2174074500799179,-0.03785895183682442,-0.04221877455711365,0.2325584888458252,3.1062729358673096,0.05561352148652077
2272,45.02284622192383,-0.1963636726140976,-0.14146332442760468,0.2174074500799179,-0.012498216703534126,-0.059560127556324005,0.19847825169563293,3.108350992202759,0.049656160175800323
2273,45.04929828643799,-0.1963636726140976,-0.14146332442760468,0.2174074500799179,0.013135502114892006,-0.07462816685438156,0.1840716451406479,3.106858253479004,0.042948782444000244
2274,45.06131553649902,-0.1963636726140976,-0.14146332442760468,0.2174074500799179,0.039411917328834534,-0.08606818318367004,0.18862850964069366,3.100541114807129,0.03473585098981857
2275,45.08873105049133,-0.1963636726140976,-0.14146332442760468,0.2174074500799179,0.06457815319299698,-0.09602057188749313,0.19133564829826355,3.08951473236084,0.02525348588824272
2276,45.099745750427246,-0.1963636726140976,-0.14146332442760468,0.2174074500799179,0.08823040127754211,-0.10682067275047302,0.12252819538116455,3.0751187801361084,0.015274942852556705
2277,45.12672734260559,-0.1963636726140976,-0.14146332442760468,0.2174074500799179,0.11030911654233932,-0.11804638057947159,-0.08850489556789398,3.055870294570923,-0.002027214039117098
2278,45.137441635131836,-0.1963636726140976,-0.14146332442760468,0.2174074500799179,0.11464711278676987,-0.13690932095050812,-0.21997074782848358,3.036297082901001,-0.02153177559375763
2279,45.1644344329834,-0.1963636726140976,-0.14146332442760468,0.2174074500799179,0.1081482544541359,-0.15165948867797852,-0.04828042536973953,3.0239880084991455,-0.03281217813491821
2280,45.17573356628418,-0.1963636726140976,-0.14146332442760468,0.2174074500799179,0.10130525380373001,-0.16458025574684143,0.2209092080593109,3.023252248764038,-0.03240565210580826
2281,45.204004526138306,-0.019519425928592682,-0.08286740630865097,0.10338934510946274,0.09710690379142761,-0.17180722951889038,0.3016502261161804,3.0326688289642334,-0.025391487404704094
2282,45.21616220474243,-0.019519425928592682,-0.08286740630865097,0.10338934510946274,0.08867763727903366,-0.16652628779411316,0.2560770511627197,3.047086238861084,-0.018066907301545143
2283,45.24289298057556,-0.019519425928592682,-0.08286740630865097,0.10338934510946274,0.05575522780418396,-0.13000991940498352,0.21953222155570984,3.057177782058716,-0.011100715026259422
2284,45.25521945953369,-0.019519425928592682,-0.08286740630865097,0.10338934510946274,0.011036540381610394,-0.08873259276151657,0.18550364673137665,3.0581777095794678,-0.0037409146316349506
2285,45.28136730194092,-0.019519425928592682,-0.08286740630865097,0.10338934510946274,-0.030254200100898743,-0.055696338415145874,0.17905981838703156,3.0540969371795654,0.004074812866747379
2286,45.29420304298401,-0.019519425928592682,-0.08286740630865097,0.10338934510946274,-0.06793035566806793,-0.028993913903832436,0.19310319423675537,3.050257921218872,0.01262302603572607
2287,45.32059383392334,-0.019519425928592682,-0.08286740630865097,0.10338934510946274,-0.10111720114946365,-0.007955863140523434,0.1862168312072754,3.050787925720215,0.020851416513323784
2288,45.33163142204285,-0.019519425928592682,-0.08286740630865097,0.10338934510946274,-0.13181370496749878,0.009260430932044983,0.1516498327255249,3.056765079498291,0.02818889729678631
2289,45.360276222229004,-0.019519425928592682,-0.08286740630865097,0.10338934510946274,-0.16108322143554688,0.02313995361328125,0.09974320977926254,3.0671799182891846,0.03518078476190567
2290,45.371912479400635,-0.019519425928592682,-0.08286740630865097,0.10338934510946274,-0.19012629985809326,0.035245705395936966,0.029942862689495087,3.0803494453430176,0.04232649505138397
2291,45.39977502822876,-0.019519425928592682,-0.08286740630865097,0.10338934510946274,-0.2213423103094101,0.0461651086807251,-0.07741262018680573,3.094306468963623,0.05016575753688812
2292,45.41037130355835,-0.019519425928592682,-0.08286740630865097,0.10338934510946274,-0.2559329569339752,0.057265881448984146,-0.213422954082489,3.106684684753418,0.05979686602950096
2293,45.437506437301636,-0.019519425928592682,-0.08286740630865097,0.10338934510946274,-0.28911149501800537,0.07053893804550171,-0.33894845843315125,3.11470103263855,0.07212688773870468
2294,45.44794845581055,-0.019519425928592682,-0.08286740630865097,0.10338934510946274,-0.3157159388065338,0.08765191584825516,-0.42208409309387207,3.115745782852173,0.08716664463281631
2295,45.47553324699402,-0.019519425928592682,-0.08286740630865097,0.10338934510946274,-0.3323925733566284,0.1088116466999054,-0.42701318860054016,3.1080949306488037,0.10417487472295761
2296,45.48628568649292,-0.019519425928592682,-0.08286740630865097,0.10338934510946274,-0.34386494755744934,0.12886165082454681,-0.2845618724822998,3.092959403991699,0.12263014912605286
2297,45.51519179344177,-0.019519425928592682,-0.08286740630865097,0.10338934510946274,-0.3337298035621643,0.12848356366157532,-0.04832708090543747,3.0736868381500244,0.13602088391780853
2298,45.52776551246643,-0.019519425928592682,-0.08286740630865097,0.10338934510946274,-0.2568718194961548,0.08717964589595795,0.022209111601114273,3.0739667415618896,0.12911120057106018
2299,45.55478763580322,-0.019519425928592682,-0.08286740630865097,0.10338934510946274,-0.17151939868927002,0.05701184645295143,0.1819288432598114,3.082082748413086,0.12223434448242188
2300,45.56580996513367,-0.019519425928592682,-0.08286740630865097,0.10338934510946274,-0.10651788860559464,0.04344221204519272,0.4121236205101013,3.089130163192749,0.11697516590356827
2301,45.59208106994629,-0.019519425928592682,-0.08286740630865097,0.10338934510946274,-0.06296537071466446,0.027332857251167297,0.46932253241539,3.0954442024230957,0.11162048578262329
2302,45.60210967063904,-0.019519425928592682,-0.08286740630865097,0.10338934510946274,-0.03202692046761513,0.005397119093686342,0.36001208424568176,3.103431463241577,0.10442511737346649
2303,45.62823700904846,-0.019519425928592682,-0.08286740630865097,0.10338934510946274,-0.006165243685245514,-0.009183032438158989,0.32010212540626526,3.110913038253784,0.09669047594070435
2304,45.63857841491699,-0.019519425928592682,-0.08286740630865097,0.10338934510946274,0.01399973314255476,-0.0212981216609478,0.3040962815284729,3.1151530742645264,0.09047962725162506
2305,45.66447830200195,-0.019519425928592682,-0.08286740630865097,0.10338934510946274,0.034857891499996185,-0.03521379455924034,0.28475889563560486,3.1160728931427,0.08601593226194382
2306,45.67678618431091,-0.019519425928592682,-0.08286740630865097,0.10338934510946274,0.05891532078385353,-0.04939998313784599,0.26422059535980225,3.1142001152038574,0.08187015354633331
2307,45.70568895339966,-0.019519425928592682,-0.08286740630865097,0.10338934510946274,0.08667977899312973,-0.0630984976887703,0.25450411438941956,3.1097044944763184,0.07652488350868225
2308,45.71674466133118,-0.019519425928592682,-0.08286740630865097,0.10338934510946274,0.11631930619478226,-0.07685276865959167,0.25788575410842896,3.102374315261841,0.06936854124069214
2309,45.743886947631836,-0.019519425928592682,-0.08286740630865097,0.10338934510946274,0.14574836194515228,-0.09101220220327377,0.26238736510276794,3.0921623706817627,0.06111586093902588
2310,45.75500464439392,-0.019519425928592682,-0.08286740630865097,0.10338934510946274,0.17620229721069336,-0.10634304583072662,0.17969803512096405,3.0799524784088135,0.051985081285238266
2311,45.78530240058899,-0.019519425928592682,-0.08286740630865097,0.10338934510946274,0.20637477934360504,-0.12372192740440369,-0.1003999263048172,3.063568353652954,0.033325955271720886
2312,45.80068826675415,-0.019519425928592682,-0.08286740630865097,0.10338934510946274,0.21741117537021637,-0.14526529610157013,-0.2040373831987381,3.048004150390625,0.01407178770750761
2313,45.82845687866211,-0.019519425928592682,-0.08286740630865097,0.10338934510946274,0.22131308913230896,-0.16407357156276703,-0.03391696512699127,3.0412471294403076,0.0056276642717421055
2314,45.83892631530762,-0.019519425928592682,-0.08286740630865097,0.10338934510946274,0.22368939220905304,-0.17591385543346405,0.06675434112548828,3.0456910133361816,0.008099917322397232
2315,45.86703634262085,-0.019519425928592682,-0.08286740630865097,0.10338934510946274,0.2170628011226654,-0.16416382789611816,0.0714767649769783,3.055759906768799,0.013639897108078003
2316,45.87754416465759,-0.019519425928592682,-0.08286740630865097,0.10338934510946274,0.1762818694114685,-0.11942534148693085,0.1014598160982132,3.060875654220581,0.018928581848740578
2317,45.9037652015686,-0.019519425928592682,-0.08286740630865097,0.10338934510946274,0.1278289407491684,-0.07680132240056992,0.054799675941467285,3.0577938556671143,0.0248709823936224
2318,45.91416668891907,-0.019519425928592682,-0.08286740630865097,0.10338934510946274,0.08869189769029617,-0.04223672300577164,0.06432408839464188,3.0496575832366943,0.032210610806941986
2319,45.941298484802246,-0.019519425928592682,-0.08286740630865097,0.10338934510946274,0.05900510400533676,-0.012626680545508862,0.11444051563739777,3.041076183319092,0.03982280567288399
2320,45.95172429084778,-0.019519425928592682,-0.08286740630865097,0.10338934510946274,0.03854811564087868,0.011429059319198132,0.17097614705562592,3.036357879638672,0.04501478001475334
2321,45.97989296913147,-0.019519425928592682,-0.08286740630865097,0.10338934510946274,0.021920889616012573,0.03198298439383507,0.1973896622657776,3.03696870803833,0.047226086258888245
2322,45.991469860076904,-0.019519425928592682,-0.08286740630865097,0.10338934510946274,0.007777731865644455,0.049855124205350876,0.1985892653465271,3.041675567626953,0.048330157995224
2323,46.017688512802124,-0.019519425928592682,-0.08286740630865097,0.10338934510946274,-0.004466531798243523,0.06512971967458725,0.1919325441122055,3.0486056804656982,0.050193917006254196
2324,46.02886652946472,-0.019519425928592682,-0.08286740630865097,0.10338934510946274,-0.017172792926430702,0.07693852484226227,0.15864434838294983,3.056835174560547,0.053758904337882996
2325,46.05479288101196,-0.019519425928592682,-0.08286740630865097,0.10338934510946274,-0.03108924999833107,0.0871715247631073,0.07141461223363876,3.065645694732666,0.05856871232390404
2326,46.06680607795715,-0.019519425928592682,-0.08286740630865097,0.10338934510946274,-0.04674620181322098,0.09883983433246613,-0.076347216963768,3.074103832244873,0.06334070861339569
2327,46.094409704208374,-0.019519425928592682,-0.08286740630865097,0.10338934510946274,-0.06600771844387054,0.11593254655599594,-0.2387087047100067,3.0811827182769775,0.06796790659427643
2328,46.10493206977844,-0.019519425928592682,-0.08286740630865097,0.10338934510946274,-0.0877181738615036,0.14427557587623596,-0.30681949853897095,3.0843069553375244,0.07281065732240677
2329,46.13135886192322,-0.019519425928592682,-0.08286740630865097,0.10338934510946274,-0.10734716802835464,0.17936141788959503,-0.23356914520263672,3.08066725730896,0.07782663404941559
2330,46.142356395721436,-0.019519425928592682,-0.08286740630865097,0.10338934510946274,-0.12418364733457565,0.21029430627822876,-0.07688635587692261,3.0706021785736084,0.08363174647092819
2331,46.168903827667236,-0.019519425928592682,-0.08286740630865097,0.10338934510946274,-0.1912168711423874,0.26248955726623535,0.11997988075017929,3.0561635494232178,0.08991942554712296
2332,46.17959904670715,-0.019519425928592682,-0.08286740630865097,0.10338934510946274,-0.11562421172857285,0.15570832788944244,0.11393706500530243,3.051823854446411,0.09107110649347305
2333,46.205490827560425,-0.019519425928592682,-0.08286740630865097,0.10338934510946274,-0.04723266512155533,0.06746742874383926,0.08971139788627625,3.066882610321045,0.0941094160079956
2334,46.21654391288757,-0.019519425928592682,-0.08286740630865097,0.10338934510946274,-0.00953127071261406,0.042047854512929916,0.2990550398826599,3.0870087146759033,0.0930647999048233
2335,46.24278926849365,-0.019519425928592682,-0.08286740630865097,0.10338934510946274,0.0037394175305962563,0.039237331598997116,0.4159276783466339,3.0989859104156494,0.0884411558508873
2336,46.253560304641724,-0.019519425928592682,-0.08286740630865097,0.10338934510946274,0.004316010046750307,0.025178546085953712,0.3503609895706177,3.105203151702881,0.08284229785203934
2337,46.280357122421265,-0.019519425928592682,-0.08286740630865097,0.10338934510946274,0.006832506507635117,0.004335499368607998,0.30826377868652344,3.110097885131836,0.07846466451883316
2338,46.29123830795288,-0.019519425928592682,-0.08286740630865097,0.10338934510946274,0.011748097836971283,-0.016918262466788292,0.2905958294868469,3.1144490242004395,0.07582344859838486
2339,46.31820249557495,-0.019519425928592682,-0.08286740630865097,0.10338934510946274,0.02033989503979683,-0.037593528628349304,0.26486027240753174,3.1171908378601074,0.0735338106751442
2340,46.32901334762573,-0.019519425928592682,-0.08286740630865097,0.10338934510946274,0.0329025462269783,-0.05785384029150009,0.25627002120018005,3.116767644882202,0.07009226828813553
2341,46.35643696784973,-0.019519425928592682,-0.08286740630865097,0.10338934510946274,0.046910736709833145,-0.0777864158153534,0.2649736702442169,3.11207914352417,0.065592460334301
2342,46.36907935142517,-0.019519425928592682,-0.08286740630865097,0.10338934510946274,0.06043113023042679,-0.09898035228252411,0.2661135494709015,3.103278398513794,0.06103304401040077
2343,46.3969452381134,-0.019519425928592682,-0.08286740630865097,0.10338934510946274,0.07263972610235214,-0.12242311984300613,0.2577320337295532,3.0916659832000732,0.05728788673877716
2344,46.40730142593384,-0.019519425928592682,-0.08286740630865097,0.10338934510946274,0.08592928200960159,-0.14520274102687836,0.17992617189884186,3.0790724754333496,0.05349245294928551
2345,46.43626618385315,-0.019519425928592682,-0.08286740630865097,0.10338934510946274,0.1037793979048729,-0.16576248407363892,0.08199851214885712,3.064263343811035,0.04098379611968994
2346,46.44734001159668,-0.019519425928592682,-0.08286740630865097,0.10338934510946274,0.10475024580955505,-0.18908078968524933,0.13909928500652313,3.052600145339966,0.02747722528874874
2347,46.475566387176514,-0.019519425928592682,-0.08286740630865097,0.10338934510946274,0.09604722261428833,-0.21077701449394226,0.2089325487613678,3.047886371612549,0.0207557063549757
2348,46.485836029052734,-0.019519425928592682,-0.08286740630865097,0.10338934510946274,0.08933299779891968,-0.2226838320493698,0.22940421104431152,3.047809362411499,0.01927613653242588
2349,46.51234698295593,-0.019519425928592682,-0.08286740630865097,0.10338934510946274,0.07932668179273605,-0.21628879010677338,0.2173466980457306,3.048776388168335,0.018117723986506462
2350,46.52315592765808,-0.019519425928592682,-0.08286740630865097,0.10338934510946274,0.05250220000743866,-0.17981022596359253,0.19108787178993225,3.0475094318389893,0.0167836956679821
2351,46.55124616622925,-0.019519425928592682,-0.08286740630865097,0.10338934510946274,0.014518297277390957,-0.13121691346168518,0.13045017421245575,3.041985034942627,0.016666796058416367
2352,46.564098596572876,-0.019519425928592682,-0.08286740630865097,0.10338934510946274,-0.01913977414369583,-0.09313008189201355,0.12954314053058624,3.03548526763916,0.0178123340010643
2353,46.59272336959839,-0.019519425928592682,-0.08286740630865097,0.10338934510946274,-0.04905349016189575,-0.06350108981132507,0.14483338594436646,3.0317556858062744,0.020738976076245308
2354,46.60440135002136,-0.019519425928592682,-0.08286740630865097,0.10338934510946274,-0.07666417211294174,-0.040464434772729874,0.11745445430278778,3.033114194869995,0.025229645892977715
2355,46.63162970542908,-0.019519425928592682,-0.08286740630865097,0.10338934510946274,-0.10198420286178589,-0.022909680381417274,0.07364846765995026,3.039903402328491,0.030777739360928535
2356,46.64929699897766,-0.019519425928592682,-0.08286740630865097,0.10338934510946274,-0.12639683485031128,-0.006577824242413044,0.014990530908107758,3.050941228866577,0.03679900988936424
2357,46.67818570137024,-0.019519425928592682,-0.08286740630865097,0.10338934510946274,-0.15291646122932434,0.009613466449081898,-0.07843764871358871,3.064744472503662,0.04304448515176773
2358,46.689114809036255,-0.019519425928592682,-0.08286740630865097,0.10338934510946274,-0.18306118249893188,0.026888472959399223,-0.20210961997509003,3.0794260501861572,0.049891628324985504
2359,46.7169451713562,-0.019519425928592682,-0.08286740630865097,0.10338934510946274,-0.21543487906455994,0.04586676508188248,-0.3218623101711273,3.092421054840088,0.05808340758085251
2360,46.729498863220215,-0.019519425928592682,-0.08286740630865097,0.10338934510946274,-0.24471889436244965,0.06617404520511627,-0.3902316987514496,3.101229429244995,0.06804209202528
2361,46.761563539505005,-0.019519425928592682,-0.08286740630865097,0.10338934510946274,-0.2645447254180908,0.08875616639852524,-0.38722488284111023,3.103715658187866,0.07931367307901382
2362,46.77400040626526,-0.019519425928592682,-0.08286740630865097,0.10338934510946274,-0.27132657170295715,0.11381340771913528,-0.32257401943206787,3.098226547241211,0.09035222977399826
2363,46.80092215538025,-0.019519425928592682,-0.08286740630865097,0.10338934510946274,-0.2717897891998291,0.13717935979366302,-0.17186787724494934,3.085386276245117,0.10020776838064194
2364,46.811797857284546,-0.019519425928592682,-0.08286740630865097,0.10338934510946274,-0.34003746509552,0.18261410295963287,0.17728471755981445,3.067688465118408,0.10869954526424408
2365,46.83839249610901,-0.019519425928592682,-0.08286740630865097,0.10338934510946274,-0.2295055240392685,0.10551005601882935,0.1045394241809845,3.0593018531799316,0.10978307574987411
2366,46.84933423995972,-0.019519425928592682,-0.08286740630865097,0.10338934510946274,-0.12721356749534607,0.037208084017038345,0.039423033595085144,3.0687336921691895,0.1112135499715805
2367,46.87657904624939,-0.019519425928592682,-0.08286740630865097,0.10338934510946274,-0.0589408278465271,0.027453752234578133,0.37209081649780273,3.0819339752197266,0.11002173274755478
2368,46.887208700180054,-0.019519425928592682,-0.08286740630865097,0.10338934510946274,-0.026517242193222046,0.026992514729499817,0.5625243782997131,3.0890913009643555,0.1049872487783432
2369,46.91369271278381,-0.019519425928592682,-0.08286740630865097,0.10338934510946274,-0.009224964305758476,0.01286950334906578,0.4860111474990845,3.095463514328003,0.09752843528985977
2370,46.923720598220825,-0.019519425928592682,-0.08286740630865097,0.10338934510946274,0.00558429816737771,-0.003939040936529636,0.38465601205825806,3.103602647781372,0.08980405330657959
2371,46.9503276348114,-0.019519425928592682,-0.08286740630865097,0.10338934510946274,0.017778854817152023,-0.01868119090795517,0.3158375024795532,3.1109540462493896,0.08353622257709503
2372,46.960082054138184,-0.019519425928592682,-0.08286740630865097,0.10338934510946274,0.03232673183083534,-0.03146045655012131,0.27799004316329956,3.1144042015075684,0.0785551518201828
2373,46.987661600112915,-0.019519425928592682,-0.08286740630865097,0.10338934510946274,0.052456654608249664,-0.04338890686631203,0.26866212487220764,3.1126554012298584,0.07350359857082367
2374,46.99825429916382,-0.019519425928592682,-0.08286740630865097,0.10338934510946274,0.07794509083032608,-0.05574364215135574,0.2771850824356079,3.106397867202759,0.06755273789167404
2375,47.02477145195007,-0.019519425928592682,-0.08286740630865097,0.10338934510946274,0.10555999726057053,-0.07053712755441666,0.2784643769264221,3.097040891647339,0.06106843799352646
2376,47.03710460662842,-0.019519425928592682,-0.08286740630865097,0.10338934510946274,0.13370540738105774,-0.08727896213531494,0.2708609998226166,3.085700750350952,0.05447544530034065
2377,47.066367387771606,-0.019519425928592682,-0.08286740630865097,0.10338934510946274,0.1619311273097992,-0.10611988604068756,0.19141142070293427,3.073418378829956,0.047931376844644547
2378,47.079992055892944,-0.019519425928592682,-0.08286740630865097,0.10338934510946274,0.19834549725055695,-0.12780435383319855,-0.01608482003211975,3.059156656265259,0.03263605013489723
2379,47.10698676109314,-0.019519425928592682,-0.08286740630865097,0.10338934510946274,0.212116539478302,-0.15263298153877258,-0.087966687977314,3.0469000339508057,0.01571870595216751
2380,47.11888885498047,-0.019519425928592682,-0.08286740630865097,0.10338934510946274,0.21434356272220612,-0.17354923486709595,0.004712104797363281,3.0428457260131836,0.008153211325407028
2381,47.15259623527527,-0.019519425928592682,-0.08286740630865097,0.10338934510946274,0.21273037791252136,-0.18143963813781738,0.05789251998066902,3.0475072860717773,0.009666458703577518
2382,47.16515350341797,-0.019519425928592682,-0.08286740630865097,0.10338934510946274,0.19776013493537903,-0.1612887680530548,0.06377378851175308,3.054659128189087,0.014042794704437256
2383,47.19286012649536,-0.019519425928592682,-0.08286740630865097,0.10338934510946274,0.15454186499118805,-0.11231295019388199,0.09143713116645813,3.0553488731384277,0.018620673567056656
2384,47.204472064971924,-0.019519425928592682,-0.08286740630865097,0.10338934510946274,0.11031633615493774,-0.07073333114385605,0.05866828188300133,3.049443244934082,0.02357230708003044
2385,47.230534076690674,-0.019519425928592682,-0.08286740630865097,0.10338934510946274,0.07507659494876862,-0.036901265382766724,0.08928375691175461,3.0405187606811523,0.029860639944672585
2386,47.24202609062195,-0.019519425928592682,-0.08286740630865097,0.10338934510946274,0.048906467854976654,-0.008387621492147446,0.15110021829605103,3.032836437225342,0.03613288328051567
2387,47.269217014312744,-0.019519425928592682,-0.08286740630865097,0.10338934510946274,0.02987631969153881,0.014804692007601261,0.1911676675081253,3.0297040939331055,0.040274254977703094
2388,47.27993822097778,-0.019519425928592682,-0.08286740630865097,0.10338934510946274,0.013957720249891281,0.03447093442082405,0.20220571756362915,3.031714677810669,0.04239353910088539
2389,47.30830526351929,-0.019519425928592682,-0.08286740630865097,0.10338934510946274,0.0006155455484986305,0.05190647020936012,0.20072458684444427,3.037208080291748,0.04404142498970032
2390,47.31915640830994,-0.019519425928592682,-0.08286740630865097,0.10338934510946274,-0.012030590325593948,0.0670662373304367,0.18256981670856476,3.044407367706299,0.04659042879939079
2391,47.345468282699585,-0.019519425928592682,-0.08286740630865097,0.10338934510946274,-0.025337280705571175,0.07990153878927231,0.12934789061546326,3.052417755126953,0.05053101107478142
2392,47.35574460029602,-0.019519425928592682,-0.08286740630865097,0.10338934510946274,-0.03902377188205719,0.09137783199548721,0.031892962753772736,3.060657024383545,0.05513063445687294
2393,47.38248133659363,-0.019519425928592682,-0.08286740630865097,0.10338934510946274,-0.05455320328474045,0.1057262271642685,-0.10749424248933792,3.0684447288513184,0.05950665846467018
2394,47.39308524131775,-0.019519425928592682,-0.08286740630865097,0.10338934510946274,-0.07404662668704987,0.12738297879695892,-0.22869864106178284,3.074537754058838,0.06402619928121567
2395,47.42051911354065,-0.019519425928592682,-0.08286740630865097,0.10338934510946274,-0.09497777372598648,0.1583539843559265,-0.2531352937221527,3.0762548446655273,0.0691324844956398
2396,47.430699825286865,-0.019519425928592682,-0.08286740630865097,0.10338934510946274,-0.11185837537050247,0.19188585877418518,-0.15620355308055878,3.071775197982788,0.07459279149770737
2397,47.46265769004822,-0.019519425928592682,-0.08286740630865097,0.10338934510946274,-0.1271655559539795,0.22105048596858978,-0.030918177217245102,3.062035083770752,0.08054065704345703
2398,47.47477722167969,-0.019519425928592682,-0.08286740630865097,0.10338934510946274,-0.1297624558210373,0.2223903238773346,0.17156632244586945,3.0494134426116943,0.08188781887292862
2399,47.50242352485657,-0.019519425928592682,-0.08286740630865097,0.10338934510946274,-0.10282937437295914,0.16149191558361053,0.233258455991745,3.0583581924438477,0.06984923034906387
2400,47.513174057006836,-0.019519425928592682,-0.08286740630865097,0.10338934510946274,-0.0671597570180893,0.10921811312437057,0.2197093665599823,3.0803182125091553,0.06345901638269424
2401,47.53968834877014,-0.019519425928592682,-0.08286740630865097,0.10338934510946274,-0.03901570662856102,0.08338557183742523,0.3114916682243347,3.0985989570617676,0.059551090002059937
2402,47.550137996673584,-0.019519425928592682,-0.08286740630865097,0.10338934510946274,-0.018263984471559525,0.06243349611759186,0.3558206260204315,3.1084625720977783,0.057514410465955734
2403,47.577385663986206,-0.019519425928592682,-0.08286740630865097,0.10338934510946274,-0.0024621677584946156,0.03440390154719353,0.30256640911102295,3.11391544342041,0.056485604494810104
2404,47.58798265457153,-0.019519425928592682,-0.08286740630865097,0.10338934510946274,0.013922899030148983,0.007838685065507889,0.31533387303352356,3.1170873641967773,0.0565023347735405
2405,47.614757776260376,-0.019519425928592682,-0.08286740630865097,0.10338934510946274,0.028534704819321632,-0.01513452734798193,0.3403802812099457,3.118133068084717,0.05798052251338959
2406,47.625396728515625,-0.019519425928592682,-0.08286740630865097,0.10338934510946274,0.04343339800834656,-0.036921173334121704,0.32944321632385254,3.1175005435943604,0.059630829840898514
2407,47.656447887420654,-0.019519425928592682,-0.08286740630865097,0.10338934510946274,0.060060687363147736,-0.05923034995794296,0.3165341317653656,3.1149449348449707,0.059631846845149994
2408,47.66804027557373,-0.019519425928592682,-0.08286740630865097,0.10338934510946274,0.07674240320920944,-0.08122522383928299,0.3190924823284149,3.1092312335968018,0.05774059146642685
2409,47.695807695388794,-0.019519425928592682,-0.08286740630865097,0.10338934510946274,0.09179548919200897,-0.1031719371676445,0.32710954546928406,3.0996413230895996,0.05512004718184471
2410,47.70808243751526,-0.019519425928592682,-0.08286740630865097,0.10338934510946274,0.10890043526887894,-0.11983420699834824,0.17985425889492035,3.0854485034942627,0.04895865172147751
2411,47.734391927719116,-0.019519425928592682,-0.08286740630865097,0.10338934510946274,0.12128749489784241,-0.14276985824108124,-0.00738053023815155,3.0677177906036377,0.03524640202522278
2412,47.74541711807251,-0.019519425928592682,-0.08286740630865097,0.10338934510946274,0.1270219385623932,-0.16909243166446686,-0.005042281001806259,3.0532164573669434,0.02100243605673313
2413,47.77222800254822,-0.019519425928592682,-0.08286740630865097,0.10338934510946274,0.12502984702587128,-0.19216084480285645,0.13832853734493256,3.046086072921753,0.012436208315193653
2414,47.78296089172363,-0.019519425928592682,-0.08286740630865097,0.10338934510946274,0.12052279710769653,-0.21113893389701843,0.22146157920360565,3.0463006496429443,0.010693741030991077
2415,47.810747385025024,-0.019519425928592682,-0.08286740630865097,0.10338934510946274,0.11666464805603027,-0.21857891976833344,0.22903424501419067,3.050266742706299,0.011706028133630753
2416,47.82136535644531,-0.019519425928592682,-0.08286740630865097,0.10338934510946274,0.10207044333219528,-0.20271998643875122,0.19268037378787994,3.053896427154541,0.012207461521029472
2417,47.84814715385437,-0.019519425928592682,-0.08286740630865097,0.10338934510946274,0.0662715807557106,-0.15661774575710297,0.15739481151103973,3.05230450630188,0.013170517049729824
2418,47.85838174819946,-0.019519425928592682,-0.08286740630865097,0.10338934510946274,0.027391791343688965,-0.11150558292865753,0.11462529748678207,3.0458762645721436,0.01519007422029972
2419,47.886751890182495,-0.019519425928592682,-0.08286740630865097,0.10338934510946274,-0.0053148046135902405,-0.07678503543138504,0.13625822961330414,3.0389232635498047,0.018623625859618187
2420,47.89838671684265,-0.019519425928592682,-0.08286740630865097,0.10338934510946274,-0.033273208886384964,-0.04971512779593468,0.15380693972110748,3.0354197025299072,0.023383863270282745
2421,47.92575192451477,-0.019519425928592682,-0.08286740630865097,0.10338934510946274,-0.058515921235084534,-0.02849680930376053,0.13588875532150269,3.0373709201812744,0.028814392164349556
2422,47.93766641616821,-0.019519425928592682,-0.08286740630865097,0.10338934510946274,-0.0812346413731575,-0.010908877477049828,0.10097192227840424,3.044312000274658,0.03445705398917198
2423,47.96452736854553,-0.019519425928592682,-0.08286740630865097,0.10338934510946274,-0.10348039120435715,0.005169113166630268,0.04527558013796806,3.054696559906006,0.04014362022280693
2424,47.976439476013184,-0.019519425928592682,-0.08286740630865097,0.10338934510946274,-0.12766285240650177,0.021127328276634216,-0.04261944442987442,3.0669658184051514,0.04595615714788437
2425,48.00371503829956,-0.019519425928592682,-0.08286740630865097,0.10338934510946274,-0.15534600615501404,0.03835209086537361,-0.1618233323097229,3.079406976699829,0.05238845944404602
2426,48.01506304740906,-0.019519425928592682,-0.08286740630865097,0.10338934510946274,-0.1853279322385788,0.057486142963171005,-0.2850511074066162,3.09000301361084,0.06023713946342468
2427,48.04270672798157,-0.019519425928592682,-0.08286740630865097,0.10338934510946274,-0.21355170011520386,0.0788804143667221,-0.365944504737854,3.096639394760132,0.07010234147310257
2428,48.05336952209473,-0.019519425928592682,-0.08286740630865097,0.10338934510946274,-0.23317210376262665,0.10385081171989441,-0.3695530593395233,3.0969176292419434,0.08112628012895584
2429,48.08058047294617,-0.019519425928592682,-0.08286740630865097,0.10338934510946274,-0.2408854216337204,0.1303245574235916,-0.28652018308639526,3.089315414428711,0.09143725037574768
2430,48.09128451347351,-0.019519425928592682,-0.08286740630865097,0.10338934510946274,-0.24599677324295044,0.15477971732616425,-0.10321099311113358,3.075263738632202,0.10026723891496658
2431,48.11856651306152,-0.019519425928592682,-0.08286740630865097,0.10338934510946274,-0.24250191450119019,0.15680021047592163,0.1360921859741211,3.0581796169281006,0.10319333523511887
2432,48.13115048408508,-0.019519425928592682,-0.08286740630865097,0.10338934510946274,-0.1973128765821457,0.11675921082496643,0.1988370567560196,3.0608341693878174,0.08942332863807678
2433,48.15823030471802,-0.019519425928592682,-0.08286740630865097,0.10338934510946274,-0.14361587166786194,0.08154352009296417,0.2534560561180115,3.0736284255981445,0.07897316664457321
2434,48.16875672340393,-0.019519425928592682,-0.08286740630865097,0.10338934510946274,-0.10161783546209335,0.06383068859577179,0.4071972966194153,3.085252046585083,0.07232019305229187
2435,48.19708824157715,-0.019519425928592682,-0.08286740630865097,0.10338934510946274,-0.06904885172843933,0.04802549257874489,0.4788884222507477,3.0935511589050293,0.06837739795446396
2436,48.213844537734985,-0.019519425928592682,-0.08286740630865097,0.10338934510946274,-0.041916437447071075,0.025588469579815865,0.41833290457725525,3.101541519165039,0.06512655317783356
2437,48.242807388305664,-0.019519425928592682,-0.08286740630865097,0.10338934510946274,-0.017102282494306564,0.005915114656090736,0.3849460780620575,3.1089305877685547,0.06229206919670105
2438,48.25359559059143,-0.019519425928592682,-0.08286740630865097,0.10338934510946274,0.0032798058819025755,-0.010804099030792713,0.36170944571495056,3.1137895584106445,0.060570839792490005
2439,48.28076887130737,-0.019519425928592682,-0.08286740630865097,0.10338934510946274,0.02351357229053974,-0.027315227314829826,0.34333211183547974,3.1153697967529297,0.05956542491912842
2440,48.29249668121338,-0.019519425928592682,-0.08286740630865097,0.10338934510946274,0.045778024941682816,-0.04391529783606529,0.3314042389392853,3.113583564758301,0.05799213424324989
2441,48.32079553604126,-0.019519425928592682,-0.08286740630865097,0.10338934510946274,0.07011371850967407,-0.060266025364398956,0.32989776134490967,3.108381986618042,0.054925888776779175
2442,48.33217763900757,-0.019519425928592682,-0.08286740630865097,0.10338934510946274,0.0952238142490387,-0.07697225362062454,0.3347826302051544,3.09980845451355,0.05037021264433861
2443,48.35947561264038,-0.019519425928592682,-0.08286740630865097,0.10338934510946274,0.1191120594739914,-0.09610804170370102,0.2817676067352295,3.0886545181274414,0.04531927406787872
2444,48.36980080604553,-0.019519425928592682,-0.08286740630865097,0.10338934510946274,0.14926964044570923,-0.11394856870174408,0.04618527740240097,3.074064016342163,0.032354727387428284
2445,48.39734721183777,-0.019519425928592682,-0.08286740630865097,0.10338934510946274,0.16641992330551147,-0.13836948573589325,-0.14741826057434082,3.0579066276550293,0.01366341207176447
2446,48.408771991729736,-0.019519425928592682,-0.08286740630865097,0.10338934510946274,0.17337653040885925,-0.16134776175022125,-0.0986899733543396,3.045903444290161,-0.0006251820595934987
2447,48.435460805892944,-0.019519425928592682,-0.08286740630865097,0.10338934510946274,0.1783372461795807,-0.18084265291690826,0.08062294125556946,3.0425188541412354,-0.005637354217469692
2448,48.447991609573364,-0.019519425928592682,-0.08286740630865097,0.10338934510946274,0.18331493437290192,-0.19411544501781464,0.14684002101421356,3.047673463821411,-0.004009924363344908
2449,48.47603678703308,-0.019519425928592682,-0.08286740630865097,0.10338934510946274,0.17724700272083282,-0.18387141823768616,0.12450515478849411,3.0562522411346436,-0.001076288754120469
2450,48.48669195175171,-0.019519425928592682,-0.08286740630865097,0.10338934510946274,0.1402420848608017,-0.13723783195018768,0.12596571445465088,3.0588455200195312,0.0024544731713831425
2451,48.51348638534546,-0.019519425928592682,-0.08286740630865097,0.10338934510946274,0.09664822369813919,-0.0908312201499939,0.08266617357730865,3.053213119506836,0.00722532020881772
2452,48.52419090270996,-0.019519425928592682,-0.08286740630865097,0.10338934510946274,0.06260532885789871,-0.05506755784153938,0.10953782498836517,3.0440571308135986,0.013388018123805523
2453,48.551512002944946,-0.019519425928592682,-0.08286740630865097,0.10338934510946274,0.0374816358089447,-0.025724705308675766,0.1657327115535736,3.036329746246338,0.02006814256310463
2454,48.562031269073486,-0.019519425928592682,-0.08286740630865097,0.10338934510946274,0.018359368667006493,-0.0019064226653426886,0.19602973759174347,3.0333902835845947,0.0255022831261158
2455,48.5883903503418,-0.019519425928592682,-0.08286740630865097,0.10338934510946274,0.002134501002728939,0.0178476981818676,0.1977960765361786,3.03562593460083,0.02968659996986389
2456,48.598777055740356,-0.019519425928592682,-0.08286740630865097,0.10338934510946274,-0.012653019279241562,0.03470134362578392,0.17564541101455688,3.0413644313812256,0.03381330519914627
2457,48.62529921531677,-0.019519425928592682,-0.08286740630865097,0.10338934510946274,-0.027409646660089493,0.04913990944623947,0.12740038335323334,3.0489461421966553,0.0387299470603466
2458,48.63568687438965,-0.019519425928592682,-0.08286740630865097,0.10338934510946274,-0.04310517758131027,0.06191343441605568,0.04323528707027435,3.0574545860290527,0.04432733729481697
2459,48.66269302368164,-0.019519425928592682,-0.08286740630865097,0.10338934510946274,-0.06060853973031044,0.07686362415552139,-0.08053748309612274,3.0659942626953125,0.04992818832397461
2460,48.67362880706787,-0.019519425928592682,-0.08286740630865097,0.10338934510946274,-0.08165522664785385,0.09671086072921753,-0.2148848921060562,3.073463201522827,0.055749692022800446
2461,48.70188236236572,-0.019519425928592682,-0.08286740630865097,0.10338934510946274,-0.10625580698251724,0.12344732880592346,-0.3007937967777252,3.0778915882110596,0.06303218007087708
2462,48.713693380355835,-0.019519425928592682,-0.08286740630865097,0.10338934510946274,-0.1261349618434906,0.15647636353969574,-0.2707782983779907,3.07658314704895,0.07109677046537399
2463,48.740073680877686,-0.019519425928592682,-0.08286740630865097,0.10338934510946274,-0.13948069512844086,0.1883818358182907,-0.1352548748254776,3.068861484527588,0.07886888086795807
2464,48.75594091415405,-0.019519425928592682,-0.08286740630865097,0.10338934510946274,-0.15422910451889038,0.21503372490406036,0.010146774351596832,3.056711435317993,0.08643005043268204
2465,48.78575277328491,-0.019519425928592682,-0.08286740630865097,0.10338934510946274,-0.11773139238357544,0.1895430088043213,0.432341068983078,3.050348997116089,0.07487404346466064
2466,48.79750466346741,-0.019519425928592682,-0.08286740630865097,0.10338934510946274,-0.08080168813467026,0.11602440476417542,0.20597116649150848,3.0566487312316895,0.05234142765402794
2467,48.82969379425049,-0.019519425928592682,-0.08286740630865097,0.10338934510946274,-0.0560372918844223,0.058861084282398224,0.2747458219528198,3.0671896934509277,0.03999066352844238
2468,48.84048676490784,-0.019519425928592682,-0.08286740630865097,0.10338934510946274,-0.04315921291708946,0.03359946981072426,0.3447382152080536,3.080488443374634,0.03666875511407852
2469,48.86977744102478,-0.019519425928592682,-0.08286740630865097,0.10338934510946274,-0.034311048686504364,0.023542871698737144,0.3199183940887451,3.0927960872650146,0.036862652748823166
2470,48.881110429763794,-0.019519425928592682,-0.08286740630865097,0.10338934510946274,-0.02680489607155323,0.015226135030388832,0.27076390385627747,3.1026196479797363,0.036995358765125275
2471,48.907824993133545,-0.019519425928592682,-0.08286740630865097,0.10338934510946274,-0.021462807431817055,-0.0006845204625278711,0.20717062056064606,3.110365152359009,0.03626369312405586
2472,48.920586585998535,-0.019519425928592682,-0.08286740630865097,0.10338934510946274,-0.013785569928586483,-0.020245026797056198,0.17905563116073608,3.1158792972564697,0.0349973700940609
2473,48.9480345249176,-0.019519425928592682,-0.08286740630865097,0.10338934510946274,-0.0020729154348373413,-0.03932403773069382,0.17640246450901031,3.1179049015045166,0.03265370428562164
2474,48.96394228935242,-0.019519425928592682,-0.08286740630865097,0.10338934510946274,0.01307513378560543,-0.058394379913806915,0.18213313817977905,3.1154510974884033,0.028374556452035904
2475,48.99206519126892,-0.019519425928592682,-0.08286740630865097,0.10338934510946274,0.028865622356534004,-0.07823681831359863,0.17586661875247955,3.108596086502075,0.022194359451532364
2476,49.00289845466614,-0.019519425928592682,-0.08286740630865097,0.10338934510946274,0.04357058182358742,-0.10037195682525635,0.16157101094722748,3.098194122314453,0.015179187059402466
2477,49.032902002334595,-0.019519425928592682,-0.08286740630865097,0.10338934510946274,0.055977530777454376,-0.12443346530199051,0.12840797007083893,3.0855891704559326,0.008820165880024433
2478,49.04716682434082,-0.019519425928592682,-0.08286740630865097,0.10338934510946274,0.07149288803339005,-0.1487792730331421,0.02121010422706604,3.0723495483398438,0.0029602227732539177
2479,49.075058937072754,-0.019519425928592682,-0.08286740630865097,0.10338934510946274,0.08825533092021942,-0.1728127896785736,-0.04134245216846466,3.057318925857544,-0.01028633862733841
2480,49.087005376815796,-0.019519425928592682,-0.08286740630865097,0.10338934510946274,0.08723490685224533,-0.19634662568569183,0.07163664698600769,3.0461699962615967,-0.022795481607317924
2481,49.115227937698364,-0.019519425928592682,-0.08286740630865097,0.10338934510946274,0.07705718278884888,-0.21420031785964966,0.19411368668079376,3.042121171951294,-0.027383144944906235
2482,49.12573170661926,-0.019519425928592682,-0.08286740630865097,0.10338934510946274,0.06922811269760132,-0.2185230255126953,0.22557693719863892,3.042102336883545,-0.026258306577801704
2483,49.15286684036255,-0.019519425928592682,-0.08286740630865097,0.10338934510946274,0.05913979932665825,-0.1985364854335785,0.2109021097421646,3.0415165424346924,-0.024762924760580063
2484,49.16372990608215,-0.019519425928592682,-0.08286740630865097,0.10338934510946274,0.032314714044332504,-0.14838695526123047,0.1713116616010666,3.0355005264282227,-0.023042451590299606
2485,49.190000772476196,-0.019519425928592682,-0.08286740630865097,0.10338934510946274,0.0027191047556698322,-0.10112033039331436,0.157229483127594,3.0259313583374023,-0.020299218595027924
2486,49.2015438079834,-0.019519425928592682,-0.08286740630865097,0.10338934510946274,-0.022287413477897644,-0.06485223025083542,0.1923166960477829,3.0180110931396484,-0.01597914844751358
2487,49.229246377944946,-0.019519425928592682,-0.08286740630865097,0.10338934510946274,-0.044395752251148224,-0.03722594678401947,0.19384843111038208,3.0151219367980957,-0.009774168953299522
2488,49.23980951309204,-0.019519425928592682,-0.08286740630865097,0.10338934510946274,-0.06312792748212814,-0.01616772823035717,0.15838170051574707,3.017742395401001,-0.002269660821184516
2489,49.26794624328613,-0.019519425928592682,-0.08286740630865097,0.10338934510946274,-0.07964486628770828,0.0015735265333205462,0.10032841563224792,3.0245606899261475,0.005688849836587906
2490,49.278990268707275,-0.019519425928592682,-0.08286740630865097,0.10338934510946274,-0.09615924954414368,0.018293416127562523,0.027550313621759415,3.0343823432922363,0.013439304195344448
2491,49.30966639518738,-0.019519425928592682,-0.08286740630865097,0.10338934510946274,-0.11421620100736618,0.03719514608383179,-0.06341028213500977,3.0459094047546387,0.020610608160495758
2492,49.32480716705322,-0.019519425928592682,-0.08286740630865097,0.10338934510946274,-0.1350036859512329,0.05894086882472038,-0.16261985898017883,3.05741548538208,0.027568986639380455
2493,49.355533838272095,-0.019519425928592682,-0.08286740630865097,0.10338934510946274,-0.15773703157901764,0.0831422358751297,-0.2434597909450531,3.0669188499450684,0.03547036275267601
2494,49.374154806137085,-0.019519425928592682,-0.08286740630865097,0.10338934510946274,-0.17985796928405762,0.10960236936807632,-0.275966078042984,3.0727267265319824,0.04545556381344795
2495,49.4043173789978,-0.019519425928592682,-0.08286740630865097,0.10338934510946274,-0.1948365420103073,0.1442071944475174,-0.08345091342926025,3.0745913982391357,0.056292153894901276
2496,49.415767192840576,-0.019519425928592682,-0.08286740630865097,0.10338934510946274,-0.20525792241096497,0.14906838536262512,-0.29925963282585144,3.0789377689361572,0.0690453052520752
2497,49.44228744506836,-0.019519425928592682,-0.08286740630865097,0.10338934510946274,-0.20864513516426086,0.16805104911327362,-0.35232746601104736,3.0776312351226807,0.08140502870082855
2498,49.454463720321655,-0.019519425928592682,-0.08286740630865097,0.10338934510946274,-0.19687575101852417,0.17410877346992493,-0.06686399132013321,3.066577672958374,0.0836835727095604
2499,49.48194622993469,-0.019519425928592682,-0.08286740630865097,0.10338934510946274,-0.16303400695323944,0.13993704319000244,0.16255047917366028,3.066898822784424,0.06791809946298599
2500,49.494220495224,-0.019519425928592682,-0.08286740630865097,0.10338934510946274,-0.12758028507232666,0.09466889500617981,0.2167862355709076,3.0759685039520264,0.05705399066209793
2501,49.53652381896973,-0.019519425928592682,-0.08286740630865097,0.10338934510946274,-0.10091910511255264,0.06157303228974342,0.2820323705673218,3.0872859954833984,0.0509735569357872
2502,49.54748010635376,-0.019519425928592682,-0.08286740630865097,0.10338934510946274,-0.07756580412387848,0.03769499808549881,0.30966612696647644,3.096672773361206,0.047091156244277954
2503,49.57542896270752,-0.019519425928592682,-0.08286740630865097,0.10338934510946274,-0.058357447385787964,0.012263263575732708,0.26136457920074463,3.103930950164795,0.043569523841142654
2504,49.586984395980835,-0.019519425928592682,-0.08286740630865097,0.10338934510946274,-0.04030662402510643,-0.010837307199835777,0.2575744092464447,3.1089727878570557,0.041125569492578506
2505,49.61375570297241,-0.019519425928592682,-0.08286740630865097,0.10338934510946274,-0.02343110553920269,-0.03371404483914375,0.2514837980270386,3.1117746829986572,0.04023793339729309
2506,49.627647399902344,-0.019519425928592682,-0.08286740630865097,0.10338934510946274,-0.004865068476647139,-0.05775321647524834,0.2284725159406662,3.1127068996429443,0.03937779739499092
2507,49.65517973899841,-0.019519425928592682,-0.08286740630865097,0.10338934510946274,0.01548121776431799,-0.08145790547132492,0.21457026898860931,3.1111202239990234,0.0367477722465992
2508,49.66618514060974,-0.019519425928592682,-0.08286740630865097,0.10338934510946274,0.0353461392223835,-0.10348465293645859,0.2110610455274582,3.1056389808654785,0.03213487192988396
2509,49.69839835166931,-0.019519425928592682,-0.08286740630865097,0.10338934510946274,0.053466785699129105,-0.12514597177505493,0.21378755569458008,3.0958871841430664,0.026554130017757416
2510,49.70920991897583,-0.019519425928592682,-0.08286740630865097,0.10338934510946274,0.0702054426074028,-0.14335957169532776,0.11247403174638748,3.0828471183776855,0.01951545476913452
2511,49.73632884025574,-0.019519425928592682,-0.08286740630865097,0.10338934510946274,0.08510929346084595,-0.16006863117218018,0.0008419044315814972,3.066370725631714,0.005976308602839708
2512,49.747222900390625,-0.019519425928592682,-0.08286740630865097,0.10338934510946274,0.08948063850402832,-0.1796458661556244,0.09497403353452682,3.0527453422546387,-0.006631439086049795
2513,49.77469873428345,-0.019519425928592682,-0.08286740630865097,0.10338934510946274,0.08517930656671524,-0.19896042346954346,0.2234438955783844,3.046516180038452,-0.012012788094580173
2514,49.7861008644104,-0.019519425928592682,-0.08286740630865097,0.10338934510946274,0.08314870297908783,-0.21414397656917572,0.26819759607315063,3.0463433265686035,-0.011652134358882904
2515,49.8134069442749,-0.019519425928592682,-0.08286740630865097,0.10338934510946274,0.08159275352954865,-0.21757881343364716,0.26577088236808777,3.0483310222625732,-0.010733956471085548
2516,49.82513093948364,-0.019519425928592682,-0.08286740630865097,0.10338934510946274,0.06818883121013641,-0.1981382817029953,0.22400741279125214,3.049619674682617,-0.011029834859073162
2517,49.853546142578125,-0.019519425928592682,-0.08286740630865097,0.10338934510946274,0.03539787977933884,-0.15067552030086517,0.16678176820278168,3.0465211868286133,-0.010417257435619831
2518,49.86514735221863,-0.019519425928592682,-0.08286740630865097,0.10338934510946274,0.0013743460876867175,-0.10574056953191757,0.11759796738624573,3.0396618843078613,-0.00811059307307005
2519,49.89317846298218,-0.019519425928592682,-0.08286740630865097,0.10338934510946274,-0.026458963751792908,-0.07014115899801254,0.1425439417362213,3.0326759815216064,-0.003869128180667758
2520,49.90356183052063,-0.019519425928592682,-0.08286740630865097,0.10338934510946274,-0.0497012659907341,-0.04193559288978577,0.16353078186511993,3.0291411876678467,0.0018489891663193703
2521,49.93128180503845,-0.019519425928592682,-0.08286740630865097,0.10338934510946274,-0.07004342973232269,-0.019474010914564133,0.1557399481534958,3.0307412147521973,0.008245076052844524
2522,49.942177534103394,-0.019519425928592682,-0.08286740630865097,0.10338934510946274,-0.08793078362941742,-0.0006985438521951437,0.1252819150686264,3.0368611812591553,0.01483289897441864
2523,49.97393774986267,-0.019519425928592682,-0.08286740630865097,0.10338934510946274,-0.1050216481089592,0.01640423759818077,0.07475487887859344,3.0460264682769775,0.021364159882068634
2524,49.98733878135681,-0.019519425928592682,-0.08286740630865097,0.10338934510946274,-0.12333139777183533,0.03292632848024368,-8.96453857421875e-05,3.05694842338562,0.02779967337846756
2525,50.01526212692261,-0.019519425928592682,-0.08286740630865097,0.10338934510946274,-0.1436045914888382,0.05140169709920883,-0.09173104166984558,3.068039655685425,0.034251052886247635
2526,50.02662992477417,-0.019519425928592682,-0.08286740630865097,0.10338934510946274,-0.16574867069721222,0.07202884554862976,-0.1846691071987152,3.0775363445281982,0.04126669466495514
2527,50.053635597229004,-0.019519425928592682,-0.08286740630865097,0.10338934510946274,-0.20716169476509094,0.11571291089057922,-0.017681574448943138,3.084080696105957,0.05013992264866829
2528,50.06456017494202,-0.019519425928592682,-0.08286740630865097,0.10338934510946274,-0.21151535212993622,0.10640964657068253,-0.20502513647079468,3.0942842960357666,0.06028156727552414
2529,50.0928008556366,-0.019519425928592682,-0.08286740630865097,0.10338934510946274,-0.2067883461713791,0.09519024193286896,-0.2899611294269562,3.1066558361053467,0.0665329247713089
2530,50.10567617416382,-0.019519425928592682,-0.08286740630865097,0.10338934510946274,-0.1772051751613617,0.0845538005232811,-0.274234801530838,3.1135995388031006,0.06192552298307419
2531,50.134077310562134,-0.019519425928592682,-0.08286740630865097,0.10338934510946274,-0.1814546138048172,0.07348405569791794,-0.5019547939300537,3.1130411624908447,0.0542144700884819
2532,50.14473009109497,-0.019519425928592682,-0.08286740630865097,0.10338934510946274,-0.21697215735912323,0.08604733645915985,-0.5848141312599182,3.1054940223693848,0.051580168306827545
2533,50.1715624332428,-0.019519425928592682,-0.08286740630865097,0.10338934510946274,-0.18946857750415802,0.05391094833612442,-0.0615866519510746,3.0943386554718018,0.044759392738342285
2534,50.18281149864197,-0.019519425928592682,-0.08286740630865097,0.10338934510946274,-0.1862834244966507,0.021932346746325493,0.3819018006324768,3.1019070148468018,0.03174532577395439
2535,50.21072173118591,-0.019519425928592682,-0.08286740630865097,0.10338934510946274,-0.18382371962070465,-0.007158859167248011,0.3678378164768219,3.117098569869995,0.029483677819371223
2536,50.22167253494263,-0.019519425928592682,-0.08286740630865097,0.10338934510946274,-0.1784553825855255,-0.03240559995174408,0.218208447098732,3.128824234008789,0.030529702082276344
2537,50.250263929367065,-0.019519425928592682,-0.08286740630865097,0.10338934510946274,-0.17011751234531403,-0.06182511895895004,0.1313468962907791,3.1355648040771484,0.03101016953587532
2538,50.26187086105347,-0.019519425928592682,-0.08286740630865097,0.10338934510946274,-0.1628870964050293,-0.09359613060951233,0.09563581645488739,3.1390180587768555,0.0319770947098732
2539,50.28865957260132,-0.019519425928592682,-0.08286740630865097,0.10338934510946274,-0.15284006297588348,-0.1187288910150528,0.1538335531949997,3.13901686668396,0.03487905114889145
2540,50.30076456069946,-0.019519425928592682,-0.08286740630865097,0.10338934510946274,-0.1422857791185379,-0.14455552399158478,0.1913469135761261,3.1356773376464844,0.038063108921051025
2541,50.32837104797363,-0.019519425928592682,-0.08286740630865097,0.10338934510946274,-0.13195084035396576,-0.17267382144927979,0.18239052593708038,3.130098819732666,0.03831478953361511
2542,50.3398551940918,-0.019519425928592682,-0.08286740630865097,0.10338934510946274,-0.13032037019729614,-0.2022077888250351,0.17683883011341095,3.1219851970672607,0.03425629809498787
2543,50.36847114562988,-0.019519425928592682,-0.08286740630865097,0.10338934510946274,-0.12663014233112335,-0.19302892684936523,0.2417631894350052,3.1083502769470215,0.031104780733585358
2544,50.38009190559387,-0.019519425928592682,-0.08286740630865097,0.10338934510946274,-0.12657243013381958,-0.180506631731987,0.26301687955856323,3.0909268856048584,0.029791198670864105
2545,50.407033920288086,-0.019519425928592682,-0.08286740630865097,0.10338934510946274,-0.10621640831232071,-0.17424917221069336,0.019257158041000366,3.0767672061920166,0.027629654854536057
2546,50.4180371761322,-0.019519425928592682,-0.08286740630865097,0.10338934510946274,-0.0824933648109436,-0.16954557597637177,0.007522976025938988,3.067430257797241,0.020054779946804047
2547,50.44613742828369,-0.019519425928592682,-0.08286740630865097,0.10338934510946274,-0.07462128251791,-0.16350895166397095,0.024994241073727608,3.062652587890625,0.009249642491340637
2548,50.4565703868866,-0.019519425928592682,-0.08286740630865097,0.10338934510946274,-0.07940854132175446,-0.15027891099452972,0.06216150522232056,3.061617851257324,-0.0007408858509734273
2549,50.484740018844604,-0.019519425928592682,-0.08286740630865097,0.10338934510946274,-0.08610772341489792,-0.12861816585063934,0.13013678789138794,3.063270330429077,-0.008664444088935852
2550,50.498672008514404,-0.019519425928592682,-0.08286740630865097,0.10338934510946274,-0.09742609411478043,-0.09176862984895706,0.1925964057445526,3.065830945968628,-0.013423111289739609
2551,50.52577590942383,-0.019519425928592682,-0.08286740630865097,0.10338934510946274,-0.11366791278123856,-0.045873843133449554,0.09914147853851318,3.0673606395721436,-0.01473989523947239
2552,50.537840604782104,-0.019519425928592682,-0.08286740630865097,0.10338934510946274,-0.12899348139762878,-0.002695296425372362,-0.02103755995631218,3.068328619003296,-0.014649257995188236
2553,50.56513810157776,-0.019519425928592682,-0.08286740630865097,0.10338934510946274,-0.1432662159204483,0.02786848694086075,-0.004043150693178177,3.0705161094665527,-0.013264058157801628
2554,50.5765278339386,-0.019519425928592682,-0.08286740630865097,0.10338934510946274,-0.17071300745010376,0.06793828308582306,-0.2089366614818573,3.0759570598602295,-0.005531831178814173
2555,50.60452175140381,-0.019519425928592682,-0.08286740630865097,0.10338934510946274,-0.20051302015781403,0.10015607625246048,-0.5490754246711731,3.084930181503296,0.007644127123057842
2556,50.61512804031372,-0.019519425928592682,-0.08286740630865097,0.10338934510946274,-0.2397119104862213,0.12971538305282593,-1.0625228881835938,3.095759153366089,0.024270379915833473
2557,50.64745354652405,-0.019519425928592682,-0.08286740630865097,0.10338934510946274,-0.2829389274120331,0.1574605107307434,-1.3734393119812012,3.1055445671081543,0.042087338864803314
2558,50.66079139709473,-0.019519425928592682,-0.08286740630865097,0.10338934510946274,-0.32245370745658875,0.18528614938259125,-1.406498908996582,3.1125941276550293,0.06032617762684822
2559,50.70505452156067,-0.019519425928592682,-0.08286740630865097,0.10338934510946274,-0.3435951769351959,0.20959271490573883,-1.1663539409637451,3.1158478260040283,0.07781542092561722
2560,50.71753215789795,-0.019519425928592682,-0.08286740630865097,0.10338934510946274,-0.3286133110523224,0.22201672196388245,-0.8112099766731262,3.117821455001831,0.09321972727775574
2561,50.74643588066101,-0.019519425928592682,-0.08286740630865097,0.10338934510946274,-0.29447489976882935,0.20342670381069183,-0.5183199644088745,3.1234593391418457,0.10455544292926788
2562,50.75677418708801,-0.019519425928592682,-0.08286740630865097,0.10338934510946274,-0.22887927293777466,0.17023630440235138,-0.15106679499149323,3.1272552013397217,0.09810755401849747
2563,50.785351514816284,-0.019519425928592682,-0.08286740630865097,0.10338934510946274,-0.19105349481105804,0.1408790647983551,-0.007650492712855339,3.1184749603271484,0.07327592372894287
2564,50.796852111816406,-0.019519425928592682,-0.08286740630865097,0.10338934510946274,-0.17915096879005432,0.08104875683784485,0.14338454604148865,3.1012067794799805,0.045808155089616776
2565,50.82430577278137,-0.019519425928592682,-0.08286740630865097,0.10338934510946274,-0.1767573058605194,0.011234741657972336,0.27665284276008606,3.0903303623199463,0.028151871636509895
2566,50.835832595825195,-0.019519425928592682,-0.08286740630865097,0.10338934510946274,-0.17367012798786163,-0.03992895036935806,0.2841276526451111,3.090036153793335,0.018247539177536964
2567,50.86333990097046,-0.019519425928592682,-0.08286740630865097,0.10338934510946274,-0.17227862775325775,-0.07317198812961578,0.24702021479606628,3.09493350982666,0.012442735023796558
2568,50.873863697052,-0.019519425928592682,-0.08286740630865097,0.10338934510946274,-0.17455723881721497,-0.09893448650836945,0.21198351681232452,3.0997626781463623,0.010816315189003944
2569,50.90175652503967,-0.019519425928592682,-0.08286740630865097,0.10338934510946274,-0.17819403111934662,-0.12433778494596481,0.189775750041008,3.1031675338745117,0.013557110913097858
2570,50.91388487815857,-0.019519425928592682,-0.08286740630865097,0.10338934510946274,-0.1809186339378357,-0.15275725722312927,0.17694184184074402,3.1058621406555176,0.018859881907701492
2571,50.94468355178833,-0.019519425928592682,-0.08286740630865097,0.10338934510946274,-0.18211063742637634,-0.18094484508037567,0.17745977640151978,3.108336925506592,0.024489764124155045
2572,50.95480537414551,-0.019519425928592682,-0.08286740630865097,0.10338934510946274,-0.1826597899198532,-0.20534786581993103,0.19659186899662018,3.1100246906280518,0.029361065477132797
2573,50.981799602508545,-0.019519425928592682,-0.08286740630865097,0.10338934510946274,-0.18429867923259735,-0.2266324758529663,0.20963485538959503,3.110316514968872,0.03339194506406784
2574,50.99202251434326,-0.019519425928592682,-0.08286740630865097,0.10338934510946274,-0.18760594725608826,-0.24819935858249664,0.20394642651081085,3.1098647117614746,0.03618321567773819
2575,51.0196008682251,-0.019519425928592682,-0.08286740630865097,0.10338934510946274,-0.1928780972957611,-0.26918062567710876,0.1696399450302124,3.1108646392822266,0.03675686568021774
2576,51.03106117248535,-0.019519425928592682,-0.08286740630865097,0.10338934510946274,-0.1982482671737671,-0.28685933351516724,0.07591968029737473,3.1161673069000244,0.035334065556526184
2577,51.05762958526611,-0.019519425928592682,-0.08286740630865097,0.10338934510946274,-0.16352178156375885,-0.2629910409450531,0.16471999883651733,3.120150089263916,0.027126165106892586
2578,51.06891679763794,-0.019519425928592682,-0.08286740630865097,0.10338934510946274,-0.13781461119651794,-0.23594333231449127,0.23622246086597443,3.1195943355560303,0.015175595879554749
2579,51.095630168914795,-0.019519425928592682,-0.08286740630865097,0.10338934510946274,-0.12036427110433578,-0.21554230153560638,0.30052271485328674,3.1170859336853027,0.003576364368200302
2580,51.10795068740845,-0.019519425928592682,-0.08286740630865097,0.10338934510946274,-0.10961705446243286,-0.20259377360343933,0.33210188150405884,3.1155331134796143,-0.0070556942373514175
2581,51.13693070411682,-0.019519425928592682,-0.08286740630865097,0.10338934510946274,-0.10296062380075455,-0.19113780558109283,0.33384382724761963,3.116302967071533,-0.016844363883137703
2582,51.15090537071228,-0.019519425928592682,-0.08286740630865097,0.10338934510946274,-0.09782760590314865,-0.17341022193431854,0.3237801194190979,3.1192729473114014,-0.025226501747965813
2583,51.184258699417114,-0.019519425928592682,-0.08286740630865097,0.10338934510946274,-0.09273909032344818,-0.14408089220523834,0.17474868893623352,3.1222546100616455,-0.031066887080669403
2584,51.19562864303589,-0.019519425928592682,-0.08286740630865097,0.10338934510946274,-0.08658812195062637,-0.11175044625997543,0.07621875405311584,3.1210708618164062,-0.03416489064693451
2585,51.22532773017883,-0.019519425928592682,-0.08286740630865097,0.10338934510946274,-0.07818634063005447,-0.08180408924818039,0.054087165743112564,3.1151998043060303,-0.03465886786580086
2586,51.236583948135376,-0.019519425928592682,-0.08286740630865097,0.10338934510946274,-0.06830017268657684,-0.05340970307588577,0.074969582259655,3.1070339679718018,-0.032956577837467194
2587,51.263087034225464,-0.019519425928592682,-0.08286740630865097,0.10338934510946274,-0.05875688046216965,-0.026925140991806984,0.09627747535705566,3.09875226020813,-0.02921445667743683
2588,51.27467203140259,-0.019519425928592682,-0.08286740630865097,0.10338934510946274,-0.048907507210969925,-0.0044557321816682816,0.09774871915578842,3.0915019512176514,-0.023638848215341568
2589,51.302247047424316,-0.019519425928592682,-0.08286740630865097,0.10338934510946274,-0.03780244290828705,0.014714452438056469,0.0899854302406311,3.0859477519989014,-0.017045460641384125
2590,51.31704568862915,-0.019519425928592682,-0.08286740630865097,0.10338934510946274,-0.02424832619726658,0.03281746804714203,0.08097498118877411,3.0826852321624756,-0.010743273422122002
2591,51.34466791152954,-0.019519425928592682,-0.08286740630865097,0.10338934510946274,-0.008237590081989765,0.05134653300046921,0.08466317504644394,3.0822105407714844,-0.00602753646671772
2592,51.356468200683594,-0.019519425928592682,-0.08286740630865097,0.10338934510946274,0.008762254379689693,0.071774922311306,0.10732804238796234,3.084498167037964,-0.0035235488321632147
2593,51.38838577270508,-0.019519425928592682,-0.08286740630865097,0.10338934510946274,0.024214336648583412,0.09341733157634735,0.13027732074260712,3.0891005992889404,-0.0026918340008705854
2594,51.39958190917969,-0.019519425928592682,-0.08286740630865097,0.10338934510946274,0.0375344343483448,0.11515087634325027,0.15199598670005798,3.0956692695617676,-0.002353101037442684
2595,51.42704796791077,-0.019519425928592682,-0.08286740630865097,0.10338934510946274,0.048881951719522476,0.13748693466186523,0.15899112820625305,3.103010416030884,-0.0012282842071726918
2596,51.43823432922363,-0.019519425928592682,-0.08286740630865097,0.10338934510946274,0.02847556211054325,0.18241043388843536,0.31710150837898254,3.1076390743255615,0.0018670728895813227
2597,51.46520662307739,-0.019519425928592682,-0.08286740630865097,0.10338934510946274,0.04717952013015747,0.1544005572795868,0.17866414785385132,3.1089069843292236,0.004665535409003496
2598,51.47777843475342,-0.019519425928592682,-0.08286740630865097,0.10338934510946274,0.061134468764066696,0.12416717410087585,0.17473791539669037,3.110391855239868,0.0049585034139454365
2599,51.5058856010437,-0.019519425928592682,-0.08286740630865097,0.10338934510946274,0.07077045738697052,0.09263378381729126,0.1488926112651825,3.1117007732391357,-0.004204044118523598
2600,51.51869225502014,-0.019519425928592682,-0.08286740630865097,0.10338934510946274,0.05416460335254669,0.05377509817481041,0.12326082587242126,3.113874673843384,-0.01571010611951351
2601,51.54592943191528,-0.019519425928592682,-0.08286740630865097,0.10338934510946274,0.032855074852705,0.015895772725343704,0.09353160858154297,3.1180059909820557,-0.021567141637206078
2602,51.556625843048096,-0.019519425928592682,-0.08286740630865097,0.10338934510946274,0.017335671931505203,-0.017616968601942062,0.07385692000389099,3.122138738632202,-0.022912684828042984
2603,51.58399796485901,-0.019519425928592682,-0.08286740630865097,0.10338934510946274,0.006643070373684168,-0.05049190670251846,0.06568709015846252,3.126377582550049,-0.022136442363262177
2604,51.595298290252686,-0.019519425928592682,-0.08286740630865097,0.10338934510946274,-0.0015876475954428315,-0.08390838652849197,0.061312660574913025,3.1301774978637695,-0.021000685170292854
2605,51.623027324676514,-0.019519425928592682,-0.08286740630865097,0.10338934510946274,-0.008930686861276627,-0.11630948632955551,0.06836726516485214,3.131978988647461,-0.01989130675792694
2606,51.634833335876465,-0.019519425928592682,-0.08286740630865097,0.10338934510946274,-0.01600169576704502,-0.14703412353992462,0.08840876817703247,3.1309220790863037,-0.018530700355768204
2607,51.663177728652954,-0.019519425928592682,-0.08286740630865097,0.10338934510946274,-0.02227521501481533,-0.1765090972185135,0.11033066362142563,3.1276254653930664,-0.0172757375985384
2608,51.67499542236328,-0.019519425928592682,-0.08286740630865097,0.10338934510946274,-0.029311196878552437,-0.20422683656215668,0.10846977680921555,3.1233294010162354,-0.01641220413148403
2609,51.701836585998535,-0.019519425928592682,-0.08286740630865097,0.10338934510946274,-0.0376678891479969,-0.22966346144676208,0.10807747393846512,3.1195857524871826,-0.015376225113868713
2610,51.71361994743347,-0.019519425928592682,-0.08286740630865097,0.10338934510946274,-0.030506432056427002,-0.24379582703113556,0.08347609639167786,3.1185150146484375,-0.01368688978254795
2611,51.74466824531555,-0.019519425928592682,-0.08286740630865097,0.10338934510946274,0.03395400196313858,-0.2044353187084198,-0.36780864000320435,3.117633819580078,-0.017254557460546494
2612,51.75594973564148,-0.019519425928592682,-0.08286740630865097,0.10338934510946274,0.08993830531835556,-0.16027969121932983,-0.48766210675239563,3.113152265548706,-0.022771501913666725
2613,51.78290319442749,-0.019519425928592682,-0.08286740630865097,0.10338934510946274,0.07811562716960907,-0.16062290966510773,-0.2580889165401459,3.113955497741699,-0.0260040033608675
2614,51.79427194595337,0.6267477869987488,0.025724101811647415,-0.3055851459503174,0.07737014442682266,-0.15475623309612274,0.0774342492222786,3.118168354034424,-0.02680988796055317
2615,51.82121825218201,0.6267477869987488,0.025724101811647415,-0.3055851459503174,0.07461864501237869,-0.13638876378536224,-0.005795633420348167,3.1242423057556152,-0.024231646209955215
2616,51.83215045928955,0.6267477869987488,0.025724101811647415,-0.3055851459503174,0.07467129081487656,-0.10448029637336731,-0.17740759253501892,3.13071346282959,-0.019496148452162743
2617,51.85876703262329,0.6267477869987488,0.025724101811647415,-0.3055851459503174,0.08004742115736008,-0.07591047137975693,-0.2824624180793762,3.132964849472046,-0.016678910702466965
2618,51.86933207511902,0.6267477869987488,0.025724101811647415,-0.3055851459503174,0.08394330739974976,-0.05078338459134102,-0.32570159435272217,3.1311120986938477,-0.014849880710244179
2619,51.89730978012085,0.6267477869987488,0.025724101811647415,-0.3055851459503174,0.0871211513876915,-0.027157805860042572,-0.2873283326625824,3.1282806396484375,-0.011745288036763668
2620,51.90844011306763,0.6267477869987488,0.025724101811647415,-0.3055851459503174,0.09168366342782974,-0.003793185343965888,-0.2560872435569763,3.126995325088501,-0.006747892592102289
2621,51.93530249595642,0.6267477869987488,0.025724101811647415,-0.3055851459503174,0.09901878982782364,0.01874171569943428,-0.2564949691295624,3.1277902126312256,-0.0009167184471152723
2622,51.946528911590576,0.6267477869987488,0.025724101811647415,-0.3055851459503174,0.10860390216112137,0.04022948443889618,-0.2811869978904724,3.1297926902770996,0.00488697923719883
2623,51.97344899177551,0.6267477869987488,0.025724101811647415,-0.3055851459503174,0.12077145278453827,0.06148308143019676,-0.29379385709762573,3.131960391998291,0.010238701477646828
2624,51.98601961135864,0.6267477869987488,0.025724101811647415,-0.3055851459503174,0.13587909936904907,0.08326444774866104,-0.276877224445343,3.1336987018585205,0.014768953435122967
2625,52.01300668716431,0.6267477869987488,0.025724101811647415,-0.3055851459503174,0.15361839532852173,0.10665949434041977,-0.23743899166584015,3.1347525119781494,0.01800907589495182
2626,52.023444414138794,0.6267477869987488,0.025724101811647415,-0.3055851459503174,0.174072727560997,0.13244016468524933,-0.18083663284778595,3.1351141929626465,0.019305266439914703
2627,52.05330181121826,0.6267477869987488,0.025724101811647415,-0.3055851459503174,0.1951793134212494,0.15910936892032623,-0.11025702208280563,3.1353907585144043,0.0186901967972517
2628,52.06451392173767,0.6267477869987488,0.025724101811647415,-0.3055851459503174,0.21460077166557312,0.18583013117313385,-0.06329254806041718,3.1368868350982666,0.017874659970402718
2629,52.093188762664795,0.6267477869987488,0.025724101811647415,-0.3055851459503174,0.2351808249950409,0.21053017675876617,-0.047686997801065445,3.1407577991485596,0.01860719360411167
2630,52.104613065719604,0.6267477869987488,0.025724101811647415,-0.3055851459503174,0.26145097613334656,0.2369452565908432,-0.08878345042467117,-3.136765718460083,0.02040780708193779
2631,52.13289451599121,0.6267477869987488,0.025724101811647415,-0.3055851459503174,0.29043373465538025,0.2699797749519348,-0.15700019896030426,-3.132805109024048,0.022119220346212387
2632,52.14432215690613,0.6267477869987488,0.025724101811647415,-0.3055851459503174,0.3223501741886139,0.2900756001472473,0.028892990201711655,-3.132758855819702,0.01581525430083275
2633,52.170485496520996,0.6267477869987488,0.025724101811647415,-0.3055851459503174,0.3547847867012024,0.2641143500804901,0.17234234511852264,-3.125278949737549,0.007560518104583025
2634,52.18249773979187,0.6267477869987488,0.025724101811647415,-0.3055851459503174,0.39021486043930054,0.20651376247406006,0.1183624193072319,-3.112161636352539,0.010157253593206406
2635,52.211418867111206,0.6267477869987488,0.025724101811647415,-0.3055851459503174,0.4368981719017029,0.1492757350206375,-0.012392548844218254,-3.0986790657043457,0.012300432659685612
2636,52.22233462333679,0.6267477869987488,0.025724101811647415,-0.3055851459503174,0.4804893434047699,0.10772960633039474,-0.11743822693824768,-3.0915229320526123,0.00930582545697689
2637,52.25016784667969,0.6267477869987488,0.025724101811647415,-0.3055851459503174,0.5202250480651855,0.07012845575809479,-0.14157970249652863,-3.0906271934509277,0.005566874984651804
2638,52.26121115684509,0.6267477869987488,0.025724101811647415,-0.3055851459503174,0.5613152980804443,0.034500058740377426,-0.11278019845485687,-3.09283709526062,0.0035913654137402773
2639,52.28824234008789,0.6267477869987488,0.025724101811647415,-0.3055851459503174,0.6003432273864746,0.006892021745443344,-0.07404497265815735,-3.097975730895996,0.0033120564185082912
2640,52.300169706344604,0.6267477869987488,0.025724101811647415,-0.3055851459503174,0.6378440260887146,-0.012953520752489567,-0.047886550426483154,-3.107250928878784,0.004286286421120167
2641,52.32618546485901,0.6267477869987488,0.025724101811647415,-0.3055851459503174,0.6780551075935364,-0.03192520514130592,-0.05657896772027016,-3.1183652877807617,0.006311022210866213
2642,52.33609700202942,0.6267477869987488,0.025724101811647415,-0.3055851459503174,0.7218751311302185,-0.05705631524324417,-0.08219285309314728,-3.1268093585968018,0.009759298525750637
2643,52.363468170166016,0.6267477869987488,0.025724101811647415,-0.3055851459503174,0.7656196355819702,-0.08527553081512451,-0.13237443566322327,-3.128988742828369,0.014881267212331295
2644,52.37519145011902,0.6267477869987488,0.025724101811647415,-0.3055851459503174,0.803039014339447,-0.11528917402029037,-0.23275338113307953,-3.1220383644104004,0.022540457546710968
2645,52.40290093421936,0.6267477869987488,0.025724101811647415,-0.3055851459503174,0.8308570384979248,-0.137285515666008,-0.42402467131614685,-3.1054937839508057,0.03212195634841919
2646,52.41435360908508,0.6267477869987488,0.025724101811647415,-0.3055851459503174,0.7770547270774841,-0.10900318622589111,-0.5029203295707703,-3.0954370498657227,0.03642113879323006
2647,52.440139055252075,0.6267477869987488,0.025724101811647415,-0.3055851459503174,0.6951682567596436,-0.06012565270066261,-0.32367876172065735,-3.1008505821228027,0.04599645361304283
2648,52.451905250549316,0.6267477869987488,0.025724101811647415,-0.3055851459503174,0.6421955227851868,-0.03246930614113808,-0.32517731189727783,-3.1154375076293945,0.05887797474861145
2649,52.48147749900818,0.6267477869987488,0.025724101811647415,-0.3055851459503174,0.6089375615119934,-0.013099386356770992,-0.3313455581665039,-3.132803201675415,0.0715542733669281
2650,52.49472236633301,0.6267477869987488,0.025724101811647415,-0.3055851459503174,0.5855934619903564,0.00251378258690238,-0.3165762424468994,3.1330337524414062,0.08214900642633438
2651,52.521448373794556,0.6267477869987488,0.025724101811647415,-0.3055851459503174,0.5705593824386597,0.01641017571091652,-0.2849006652832031,3.117202043533325,0.08897619694471359
2652,52.53218221664429,0.6267477869987488,0.025724101811647415,-0.3055851459503174,0.5629506707191467,0.02933652512729168,-0.23920907080173492,3.103951930999756,0.09075351059436798
2653,52.558303356170654,0.6267477869987488,0.025724101811647415,-0.3055851459503174,0.5636579394340515,0.04250958934426308,-0.18354107439517975,3.0942397117614746,0.08690501004457474
2654,52.568859577178955,0.6267477869987488,0.025724101811647415,-0.3055851459503174,0.5728596448898315,0.0576203279197216,-0.12206465005874634,3.088409423828125,0.07815436273813248
2655,52.59536623954773,0.6267477869987488,0.025724101811647415,-0.3055851459503174,0.5905354619026184,0.07071275264024734,-0.06843878328800201,3.086287021636963,0.0676407739520073
2656,52.605717182159424,0.6267477869987488,0.025724101811647415,-0.3055851459503174,0.6111177206039429,0.06760690361261368,-0.013013966381549835,3.0885121822357178,0.0610257163643837
2657,52.634541511535645,0.6267477869987488,0.025724101811647415,-0.3055851459503174,0.6309369206428528,0.04983573779463768,0.13367803394794464,3.095508337020874,0.060811810195446014
2658,52.645649433135986,0.6267477869987488,0.025724101811647415,-0.3055851459503174,0.6497069001197815,0.03181871771812439,0.32389628887176514,3.1067004203796387,0.06383485347032547
2659,52.675575971603394,0.6267477869987488,0.025724101811647415,-0.3055851459503174,0.6716050505638123,0.027493752539157867,0.4118055999279022,3.1201343536376953,0.0651881992816925
2660,52.6902916431427,0.6267477869987488,0.025724101811647415,-0.3055851459503174,0.6967716813087463,0.03968960419297218,0.33267995715141296,3.1345765590667725,0.06215328350663185
2661,52.717939376831055,0.6267477869987488,0.025724101811647415,-0.3055851459503174,0.7187036275863647,0.06744565814733505,0.11970842629671097,-3.133998155593872,0.0550878681242466
2662,52.72829556465149,0.6267477869987488,0.025724101811647415,-0.3055851459503174,0.7354384660720825,0.09111368656158447,-0.03361111134290695,-3.1212520599365234,0.0460398830473423
2663,52.75569009780884,0.6267477869987488,0.025724101811647415,-0.3055851459503174,0.7497369050979614,0.09439898282289505,-0.04180516302585602,-3.112659215927124,0.0383446030318737
2664,52.76668667793274,0.6267477869987488,0.025724101811647415,-0.3055851459503174,0.7567559480667114,0.09591256082057953,0.017513079568743706,-3.1135001182556152,0.03992020711302757
2665,52.79649615287781,0.6267477869987488,0.025724101811647415,-0.3055851459503174,0.6772265434265137,0.1338067203760147,-0.19634059071540833,-3.1291275024414062,0.05833721160888672
2666,52.8075647354126,0.6267477869987488,0.025724101811647415,-0.3055851459503174,0.6659740805625916,0.07173512876033783,-0.28605133295059204,3.1330208778381348,0.07243399322032928
2667,52.83480668067932,0.6267477869987488,0.025724101811647415,-0.3055851459503174,0.6303320527076721,0.022398818284273148,-0.43944358825683594,3.1337525844573975,0.07662796229124069
2668,52.846301317214966,0.6267477869987488,0.025724101811647415,-0.3055851459503174,0.6014798283576965,4.611071199178696e-05,-0.4236907958984375,-3.1345889568328857,0.07004830986261368
2669,52.87408781051636,0.6267477869987488,0.025724101811647415,-0.3055851459503174,0.5802510380744934,-0.004583616741001606,-0.4453144669532776,-3.1200785636901855,0.06005338951945305
2670,52.885371685028076,0.6267477869987488,0.025724101811647415,-0.3055851459503174,0.5627769231796265,-0.006747414357960224,-0.4836483299732208,-3.111117362976074,0.05151156708598137
2671,52.91533374786377,0.6267477869987488,0.025724101811647415,-0.3055851459503174,0.5535193085670471,-0.012594307772815228,-0.5014827251434326,-3.1069142818450928,0.04438009485602379
2672,52.92575430870056,0.6267477869987488,0.025724101811647415,-0.3055851459503174,0.5469217300415039,-0.024767111986875534,-0.4937286674976349,-3.1055920124053955,0.03790542483329773
2673,52.951762437820435,0.6267477869987488,0.025724101811647415,-0.3055851459503174,0.5421776175498962,-0.04245895892381668,-0.46299639344215393,-3.1064252853393555,0.032014671713113785
2674,52.96207571029663,0.6267477869987488,0.025724101811647415,-0.3055851459503174,0.5416901707649231,-0.06304723769426346,-0.4290156662464142,-3.1101443767547607,0.02581857144832611
2675,52.996086835861206,0.6267477869987488,0.025724101811647415,-0.3055851459503174,0.5446696281433105,-0.08316017687320709,-0.3912926912307739,-3.117285966873169,0.019161490723490715
2676,53.00834918022156,0.6267477869987488,0.025724101811647415,-0.3055851459503174,0.5506686568260193,-0.10358928143978119,-0.364461749792099,-3.1270217895507812,0.01291803177446127
2677,53.0353627204895,0.6267477869987488,0.025724101811647415,-0.3055851459503174,0.5605869293212891,-0.12408313155174255,-0.3469404876232147,-3.138228178024292,0.0077530681155622005
2678,53.04507827758789,0.6267477869987488,0.025724101811647415,-0.3055851459503174,0.574859082698822,-0.1437002420425415,-0.3214471936225891,3.1329762935638428,0.0042908270843327045
2679,53.07459998130798,0.6267477869987488,0.025724101811647415,-0.3055851459503174,0.593465268611908,-0.1660764068365097,-0.29990217089653015,3.12272310256958,0.003319159848615527
2680,53.08597183227539,0.6267477869987488,0.025724101811647415,-0.3055851459503174,0.6144272685050964,-0.19051657617092133,-0.29097259044647217,3.118443250656128,0.005746576003730297
2681,53.11286973953247,0.6267477869987488,0.025724101811647415,-0.3055851459503174,0.6268044114112854,-0.21658076345920563,-0.3245276212692261,3.1250853538513184,0.014954437501728535
2682,53.12598156929016,0.6267477869987488,0.025724101811647415,-0.3055851459503174,0.6405604481697083,-0.22040359675884247,-0.5615056753158569,3.1406090259552,0.027153002098202705
2683,53.157697916030884,0.6267477869987488,0.025724101811647415,-0.3055851459503174,0.6131848096847534,-0.16452448070049286,-0.40460458397865295,-3.139893054962158,0.03050422854721546
2684,53.16899800300598,0.6267477869987488,0.025724101811647415,-0.3055851459503174,0.5757712721824646,-0.11445178091526031,-0.28790518641471863,3.1310598850250244,0.03106709197163582
2685,53.19555878639221,0.6267477869987488,0.025724101811647415,-0.3055851459503174,0.551507830619812,-0.0805279091000557,-0.2759034335613251,3.114474058151245,0.030688874423503876
2686,53.2072217464447,0.6267477869987488,0.025724101811647415,-0.3055851459503174,0.5397926568984985,-0.055402230471372604,-0.26883232593536377,3.0991199016571045,0.029529772698879242
2687,53.23415207862854,0.6267477869987488,0.025724101811647415,-0.3055851459503174,0.5350747108459473,-0.03536602854728699,-0.24475756287574768,3.0868704319000244,0.02763775736093521
2688,53.245094776153564,0.6267477869987488,0.025724101811647415,-0.3055851459503174,0.5336973667144775,-0.018657831475138664,-0.20422615110874176,3.0783488750457764,0.025858456268906593
2689,53.27397084236145,0.6267477869987488,0.025724101811647415,-0.3055851459503174,0.5353692173957825,-0.005344338249415159,-0.15940693020820618,3.073674201965332,0.02521127089858055
2690,53.285117387771606,0.6267477869987488,0.025724101811647415,-0.3055851459503174,0.540657639503479,0.005232562310993671,-0.1158437505364418,3.072877883911133,0.02576085366308689
2691,53.312573194503784,0.6267477869987488,0.025724101811647415,-0.3055851459503174,0.5493276119232178,0.016736159101128578,-0.09017770737409592,3.0760557651519775,0.026215218007564545
2692,53.325249671936035,0.6267477869987488,0.025724101811647415,-0.3055851459503174,0.5614347457885742,0.03539047762751579,-0.09659579396247864,3.082080125808716,0.024630283936858177
2693,53.355177879333496,0.6267477869987488,0.025724101811647415,-0.3055851459503174,0.574911892414093,0.0612453892827034,-0.13863635063171387,3.0889527797698975,0.02031787298619747
2694,53.36897253990173,0.6267477869987488,0.025724101811647415,-0.3055851459503174,0.5885980129241943,0.08949117362499237,-0.18512463569641113,3.0951526165008545,0.014261376112699509
2695,53.396156311035156,0.6267477869987488,0.025724101811647415,-0.3055851459503174,0.6014130711555481,0.11436954885721207,-0.20572704076766968,3.100370407104492,0.008561273105442524
2696,53.40739893913269,0.6267477869987488,0.025724101811647415,-0.3055851459503174,0.614122211933136,0.13569533824920654,-0.23585569858551025,3.1043012142181396,0.0060033113695681095
2697,53.43454718589783,0.6267477869987488,0.025724101811647415,-0.3055851459503174,0.6297270655632019,0.16161556541919708,-0.29434511065483093,3.1042964458465576,0.009104075841605663
2698,53.44502305984497,0.6267477869987488,0.025724101811647415,-0.3055851459503174,0.6167594194412231,0.20041002333164215,-0.16925394535064697,3.0940611362457275,0.017216237261891365
2699,53.471821784973145,0.6267477869987488,0.025724101811647415,-0.3055851459503174,0.5989423990249634,0.18018433451652527,-0.15840236842632294,3.0833935737609863,0.021729158237576485
2700,53.48269438743591,0.6267477869987488,0.025724101811647415,-0.3055851459503174,0.571358859539032,0.1459653228521347,-0.23751050233840942,3.0781309604644775,0.032106440514326096
2701,53.51081919670105,0.6267477869987488,0.025724101811647415,-0.3055851459503174,0.5538665652275085,0.10849785804748535,-0.2951173782348633,3.0828685760498047,0.03461352363228798
2702,53.52293014526367,0.6267477869987488,0.025724101811647415,-0.3055851459503174,0.5405591130256653,0.0819852203130722,-0.31303003430366516,3.092853307723999,0.027338789775967598
2703,53.55051398277283,0.6267477869987488,0.025724101811647415,-0.3055851459503174,0.5270715951919556,0.06410836428403854,-0.31875860691070557,3.102327585220337,0.017790766432881355
2704,53.562745094299316,0.6267477869987488,0.025724101811647415,-0.3055851459503174,0.5171523690223694,0.04766412824392319,-0.31663641333580017,3.108233690261841,0.010502721183001995
2705,53.590205907821655,0.6267477869987488,0.025724101811647415,-0.3055851459503174,0.5109965205192566,0.02931763045489788,-0.29569974541664124,3.1104447841644287,0.006039065774530172
2706,53.60111880302429,0.6267477869987488,0.025724101811647415,-0.3055851459503174,0.5095518827438354,0.007889723405241966,-0.2745002508163452,3.110226631164551,0.0031189769506454468
2707,53.627795696258545,0.6267477869987488,0.025724101811647415,-0.3055851459503174,0.5120095610618591,-0.01586933620274067,-0.2628406584262848,3.108623504638672,0.0006365387234836817
2708,53.63847470283508,0.6267477869987488,0.025724101811647415,-0.3055851459503174,0.5173860192298889,-0.040485087782144547,-0.2497568130493164,3.1059398651123047,-0.00110526941716671
2709,53.66486930847168,0.6267477869987488,0.025724101811647415,-0.3055851459503174,0.5270437598228455,-0.06511905789375305,-0.22590681910514832,3.101977586746216,-0.0015523730544373393
2710,53.67571711540222,0.6267477869987488,0.025724101811647415,-0.3055851459503174,0.5425072908401489,-0.08805716782808304,-0.1979956477880478,3.0962462425231934,-0.0008516724919900298
2711,53.70280718803406,0.6267477869987488,0.025724101811647415,-0.3055851459503174,0.5651453733444214,-0.1117398738861084,-0.6990744471549988,3.086451530456543,-0.006234114058315754
2712,53.71357440948486,0.6267477869987488,0.025724101811647415,-0.3055851459503174,0.5959961414337158,-0.1652439683675766,-1.1319431066513062,3.0790045261383057,-0.024580588564276695
2713,53.742714643478394,0.6267477869987488,0.025724101811647415,-0.3055851459503174,0.6190473437309265,-0.21548683941364288,-1.3139739036560059,3.0849709510803223,-0.04369596391916275
2714,53.75993585586548,0.6267477869987488,0.025724101811647415,-0.3055851459503174,0.636542797088623,-0.2294771671295166,-1.4440702199935913,3.104177951812744,-0.05287616327404976
2715,53.786816120147705,0.6267477869987488,0.025724101811647415,-0.3055851459503174,0.6364562511444092,-0.1949474811553955,-1.5605517625808716,3.125277519226074,-0.04810371994972229
2716,53.79814648628235,0.6267477869987488,0.025724101811647415,-0.3055851459503174,0.6090113520622253,-0.1064247265458107,-1.4971208572387695,3.1236937046051025,-0.03413282707333565
2717,53.825170040130615,0.6267477869987488,0.025724101811647415,-0.3055851459503174,0.592364490032196,-0.012850836850702763,-1.1111490726470947,3.095684289932251,-0.025069735944271088
2718,53.835787296295166,0.6267477869987488,0.025724101811647415,-0.3055851459503174,0.6079327464103699,0.03174179047346115,-0.7969330549240112,3.0723252296447754,-0.012052889913320541
2719,53.863258361816406,0.6267477869987488,0.025724101811647415,-0.3055851459503174,0.6194336414337158,0.10198747366666794,-0.15806543827056885,3.049517869949341,-0.0072754258289933205
2720,53.874017000198364,0.6267477869987488,0.025724101811647415,-0.3055851459503174,0.5750541687011719,0.18505732715129852,0.7178477644920349,3.0260257720947266,-0.0094917556270957
2721,53.90051817893982,0.6267477869987488,0.025724101811647415,-0.3055851459503174,0.6574037671089172,0.15083640813827515,0.7601647973060608,3.011533498764038,0.0011593663366511464
2722,53.911418199539185,0.6267477869987488,0.025724101811647415,-0.3055851459503174,0.7533134818077087,0.16549399495124817,1.0095980167388916,3.021937131881714,0.025288036093115807
2723,53.9382860660553,0.6267477869987488,0.025724101811647415,-0.3055851459503174,0.8414117097854614,0.1876664161682129,1.2304238080978394,3.0380618572235107,0.0397295206785202
2724,53.94853067398071,0.6267477869987488,0.025724101811647415,-0.3055851459503174,0.8624929785728455,0.21882323920726776,1.2782312631607056,3.0566442012786865,0.04013381153345108
2725,53.97576546669006,0.6267477869987488,0.025724101811647415,-0.3055851459503174,0.8317826986312866,0.22489435970783234,1.3743904829025269,3.076563596725464,0.04147137701511383
2726,53.98723530769348,0.6267477869987488,0.025724101811647415,-0.3055851459503174,0.8167680501937866,0.19762322306632996,1.4180331230163574,3.0994510650634766,0.053829215466976166
2727,54.0253472328186,0.6267477869987488,0.025724101811647415,-0.3055851459503174,0.7508652210235596,0.17561282217502594,0.7051333785057068,3.1161344051361084,0.06175263598561287
2728,54.03623723983765,0.6267477869987488,0.025724101811647415,-0.3055851459503174,0.6620965600013733,0.13284792006015778,0.12146186828613281,3.1300957202911377,0.0483504943549633
2729,54.06392288208008,0.6267477869987488,0.025724101811647415,-0.3055851459503174,0.5395452380180359,0.07284621149301529,-0.01646326296031475,3.1333415508270264,0.051258984953165054
2730,54.0771050453186,0.6267477869987488,0.025724101811647415,-0.3055851459503174,0.4503636062145233,0.026804305613040924,-0.2746945917606354,3.1317245960235596,0.07120711356401443
2731,54.10537934303284,0.6267477869987488,0.025724101811647415,-0.3055851459503174,0.4023692011833191,0.006476546637713909,-0.3069448173046112,3.1321191787719727,0.09107508510351181
2732,54.117913007736206,0.6267477869987488,0.025724101811647415,-0.3055851459503174,0.34033021330833435,-0.021869510412216187,-0.3440974950790405,3.133948802947998,0.1046549379825592
2733,54.14578580856323,0.6267477869987488,0.025724101811647415,-0.3055851459503174,0.2692626118659973,-0.04081400856375694,-0.3204081058502197,3.1361682415008545,0.11351335793733597
2734,54.1622850894928,0.6267477869987488,0.025724101811647415,-0.3055851459503174,0.21533066034317017,-0.05466700717806816,-0.37826067209243774,3.139054536819458,0.12299851328134537
2735,54.19421124458313,0.6267477869987488,0.025724101811647415,-0.3055851459503174,0.1896873116493225,-0.058875881135463715,-0.4559059739112854,-3.139160394668579,0.13343597948551178
2736,54.20586013793945,0.6267477869987488,0.025724101811647415,-0.3055851459503174,0.18038995563983917,-0.058257173746824265,-0.47197917103767395,-3.1325790882110596,0.1391562670469284
2737,54.23298263549805,0.6267477869987488,0.025724101811647415,-0.3055851459503174,0.16499733924865723,-0.052234847098588943,-0.36927327513694763,-3.1282975673675537,0.13884073495864868
2738,54.24365735054016,0.6267477869987488,0.025724101811647415,-0.3055851459503174,0.13642767071723938,-0.05061066523194313,-0.20740312337875366,-3.129551649093628,0.13668231666088104
2739,54.27053880691528,0.6267477869987488,0.025724101811647415,-0.3055851459503174,0.10338164120912552,-0.05693446099758148,-0.044663745909929276,-3.136289119720459,0.13625630736351013
2740,54.280823945999146,0.6267477869987488,0.025724101811647415,-0.3055851459503174,0.07618188858032227,-0.07350637018680573,0.06333714723587036,3.138093948364258,0.1374196708202362
2741,54.30711340904236,0.6267477869987488,0.025724101811647415,-0.3055851459503174,0.05437423288822174,-0.09519703686237335,0.12767814099788666,3.1302359104156494,0.1394881308078766
2742,54.31803894042969,0.6267477869987488,0.025724101811647415,-0.3055851459503174,0.033511314541101456,-0.11755050718784332,0.17269985377788544,3.124238967895508,0.1429177075624466
2743,54.346781730651855,0.6267477869987488,0.025724101811647415,-0.3055851459503174,0.0075236111879348755,-0.13406357169151306,0.07312801480293274,3.1204869747161865,0.14918233454227448
2744,54.35861039161682,0.6267477869987488,0.025724101811647415,-0.3055851459503174,0.03599802777171135,-0.1246984675526619,0.11747509986162186,3.110722303390503,0.15482892096042633
2745,54.385645627975464,0.6267477869987488,0.025724101811647415,-0.3055851459503174,0.06469684839248657,-0.12732502818107605,0.006296306848526001,3.099778413772583,0.15996287763118744
2746,54.39804267883301,0.6267477869987488,0.025724101811647415,-0.3055851459503174,0.09290900826454163,-0.1313881278038025,-0.11124113947153091,3.099498987197876,0.16912046074867249
2747,54.42481303215027,0.6267477869987488,0.025724101811647415,-0.3055851459503174,0.12351071834564209,-0.12128673493862152,-0.1362827867269516,3.1076557636260986,0.17888107895851135
2748,54.437023639678955,0.6267477869987488,0.025724101811647415,-0.3055851459503174,0.15571603178977966,-0.10314032435417175,-0.179074227809906,3.118101119995117,0.18472322821617126
2749,54.464473724365234,0.6267477869987488,0.025724101811647415,-0.3055851459503174,0.1791016012430191,-0.07545296102762222,-0.217351034283638,3.12627911567688,0.18554703891277313
2750,54.47579550743103,0.6267477869987488,0.025724101811647415,-0.3055851459503174,0.19038869440555573,-0.03545105457305908,-0.2691449820995331,3.1284573078155518,0.18141008913516998
2751,54.50246834754944,0.6267477869987488,0.025724101811647415,-0.3055851459503174,0.19026270508766174,0.005483923479914665,-0.3264237344264984,3.1238622665405273,0.17395815253257751
2752,54.51524090766907,0.6267477869987488,0.025724101811647415,-0.3055851459503174,0.19264009594917297,0.04530852288007736,-0.34703782200813293,3.116039991378784,0.16674719750881195
2753,54.5409414768219,0.6267477869987488,0.025724101811647415,-0.3055851459503174,0.20759552717208862,0.08635852485895157,-0.30526459217071533,3.108924627304077,0.16228212416172028
2754,54.55219507217407,0.6267477869987488,0.025724101811647415,-0.3055851459503174,0.24351993203163147,0.1310686618089676,-0.17456811666488647,3.1048240661621094,0.15889960527420044
2755,54.57917022705078,0.6267477869987488,0.025724101811647415,-0.3055851459503174,0.31033045053482056,0.16270077228546143,-0.07634885609149933,3.1088733673095703,0.15348787605762482
2756,54.59076523780823,0.6267477869987488,0.025724101811647415,-0.3055851459503174,0.383135586977005,0.1689986288547516,-0.01794135570526123,3.1277358531951904,0.1455211490392685
2757,54.618497371673584,0.6267477869987488,0.025724101811647415,-0.3055851459503174,0.4179225564002991,0.21111996471881866,0.19083665311336517,-3.1340558528900146,0.13496622443199158
2758,54.62985348701477,0.6267477869987488,0.025724101811647415,-0.3055851459503174,0.4379637837409973,0.24374164640903473,0.2793630063533783,-3.118095636367798,0.12287181615829468
2759,54.658175468444824,0.6267477869987488,0.025724101811647415,-0.3055851459503174,0.4504590928554535,0.26017603278160095,0.31000402569770813,-3.105485439300537,0.11200918257236481
2760,54.6698796749115,0.6267477869987488,0.025724101811647415,-0.3055851459503174,0.4693320691585541,0.2672739028930664,0.26197129487991333,-3.0932300090789795,0.10272269695997238
2761,54.696805000305176,0.6267477869987488,0.025724101811647415,-0.3055851459503174,0.4542970061302185,0.28083106875419617,0.47453051805496216,-3.0832338333129883,0.08479376137256622
2762,54.707194805145264,0.6267477869987488,0.025724101811647415,-0.3055851459503174,0.44948890805244446,0.24554254114627838,0.328997403383255,-3.06364369392395,0.06704536825418472
2763,54.733978271484375,0.6267477869987488,0.025724101811647415,-0.3055851459503174,0.46239686012268066,0.22354741394519806,-0.026384679600596428,-3.053767204284668,0.06531204283237457
2764,54.74455404281616,0.6267477869987488,0.025724101811647415,-0.3055851459503174,0.47244295477867126,0.19813618063926697,-0.23913294076919556,-3.0589935779571533,0.06854647397994995
2765,54.77115511894226,0.6267477869987488,0.025724101811647415,-0.3055851459503174,0.4496995210647583,0.14621637761592865,-0.2534548342227936,-3.066720962524414,0.0732249841094017
2766,54.78234505653381,0.6267477869987488,0.025724101811647415,-0.3055851459503174,0.4274140000343323,0.08929291367530823,-0.2560936212539673,-3.069012403488159,0.0764898955821991
2767,54.80957889556885,0.6267477869987488,0.025724101811647415,-0.3055851459503174,0.4071227014064789,0.04464441537857056,-0.24035406112670898,-3.06673526763916,0.07787938416004181
2768,54.82086420059204,0.6267477869987488,0.025724101811647415,-0.3055851459503174,0.39226463437080383,0.007581617683172226,-0.2769942283630371,-3.0613906383514404,0.08191966265439987
2769,54.846723318099976,0.6267477869987488,0.025724101811647415,-0.3055851459503174,0.3927149772644043,-0.022797072306275368,-0.3747302293777466,-3.0553483963012695,0.08774866908788681
2770,54.85704469680786,0.6267477869987488,0.025724101811647415,-0.3055851459503174,0.404832124710083,-0.047041863203048706,-0.4339597821235657,-3.0506560802459717,0.09139016270637512
2771,54.88384199142456,0.6267477869987488,0.025724101811647415,-0.3055851459503174,0.4178381860256195,-0.06942351162433624,-0.3892984390258789,-3.048832893371582,0.09200235456228256
2772,54.89440655708313,0.6267477869987488,0.025724101811647415,-0.3055851459503174,0.428422212600708,-0.09705977886915207,-0.3350672125816345,-3.050222158432007,0.09094958752393723
2773,54.920297622680664,0.6267477869987488,0.025724101811647415,-0.3055851459503174,0.43936070799827576,-0.1293042004108429,-0.32787805795669556,-3.0537829399108887,0.0891188383102417
2774,54.93121385574341,0.6267477869987488,0.025724101811647415,-0.3055851459503174,0.4520464241504669,-0.16271062195301056,-0.32801610231399536,-3.05855655670166,0.08727426081895828
2775,54.958945512771606,0.6267477869987488,0.025724101811647415,-0.3055851459503174,0.46715036034584045,-0.19394339621067047,-0.31823235750198364,-3.0638067722320557,0.0863221064209938
2776,54.970235109329224,0.6267477869987488,0.025724101811647415,-0.3055851459503174,0.4840974509716034,-0.22286953032016754,-0.31410062313079834,-3.068265914916992,0.08692482858896255
2777,54.99947237968445,0.6267477869987488,0.025724101811647415,-0.3055851459503174,0.5028793215751648,-0.2538527250289917,-0.30259937047958374,-3.07073974609375,0.08921273797750473
2778,55.01655411720276,0.6267477869987488,0.025724101811647415,-0.3055851459503174,0.5201722383499146,-0.2858510911464691,-0.2882269620895386,-3.070530652999878,0.0933561772108078
2779,55.04428768157959,0.6267477869987488,0.025724101811647415,-0.3055851459503174,0.5402650237083435,-0.30657729506492615,-0.4515960216522217,-3.06712007522583,0.09816628694534302
2780,55.0548152923584,0.6267477869987488,0.025724101811647415,-0.3055851459503174,0.5563801527023315,-0.29618707299232483,-0.44253456592559814,-3.0639569759368896,0.0989910438656807
2781,55.080687522888184,0.6267477869987488,0.025724101811647415,-0.3055851459503174,0.5620129704475403,-0.26852908730506897,-0.4204738140106201,-3.061361789703369,0.10311048477888107
2782,55.090786933898926,0.6267477869987488,0.025724101811647415,-0.3055851459503174,0.5375832319259644,-0.2171000838279724,-0.3470480144023895,-3.0655832290649414,0.10824453085660934
2783,55.11918044090271,0.6267477869987488,0.025724101811647415,-0.3055851459503174,0.5026092529296875,-0.17004574835300446,-0.305594265460968,-3.077669143676758,0.11244818568229675
2784,55.12980270385742,0.6267477869987488,0.025724101811647415,-0.3055851459503174,0.48389896750450134,-0.13684242963790894,-0.3257583975791931,-3.092831611633301,0.11536053568124771
2785,55.15688991546631,0.6267477869987488,0.025724101811647415,-0.3055851459503174,0.4800231158733368,-0.11155994236469269,-0.3366416394710541,-3.107980966567993,0.11588476598262787
2786,55.16824984550476,0.6267477869987488,0.025724101811647415,-0.3055851459503174,0.486232727766037,-0.0916084572672844,-0.31655555963516235,-3.1212973594665527,0.11229141056537628
2787,55.19532084465027,0.6267477869987488,0.025724101811647415,-0.3055851459503174,0.4977426826953888,-0.07702692598104477,-0.27276161313056946,-3.131572961807251,0.10490566492080688
2788,55.205981492996216,0.6267477869987488,0.025724101811647415,-0.3055851459503174,0.5118234157562256,-0.06728139519691467,-0.21288003027439117,-3.1383790969848633,0.09656162559986115
2789,55.23401594161987,0.6267477869987488,0.025724101811647415,-0.3055851459503174,0.5279847383499146,-0.06100199744105339,-0.1335667371749878,3.1411757469177246,0.0902130976319313
2790,55.24490737915039,0.6267477869987488,0.025724101811647415,-0.3055851459503174,0.5470597743988037,-0.05752042308449745,-0.03669831156730652,3.140587091445923,0.08653025329113007
2791,55.2708625793457,0.6267477869987488,0.025724101811647415,-0.3055851459503174,0.5693494081497192,-0.051643773913383484,0.05213487148284912,-3.1402878761291504,0.08364380896091461
2792,55.2828323841095,0.6267477869987488,0.025724101811647415,-0.3055851459503174,0.593687117099762,-0.0386199988424778,0.08109210431575775,-3.135542869567871,0.07931307703256607
2793,55.309767723083496,0.6267477869987488,0.025724101811647415,-0.3055851459503174,0.615950345993042,-0.017678823322057724,0.01606966182589531,-3.1282706260681152,0.07330252230167389
2794,55.320918560028076,0.6267477869987488,0.025724101811647415,-0.3055851459503174,0.6351912617683411,0.010103483684360981,-0.09563349932432175,-3.1188764572143555,0.06654050946235657
2795,55.34827184677124,0.6267477869987488,0.025724101811647415,-0.3055851459503174,0.6522972583770752,0.034865837544202805,-0.1325722634792328,-3.1096036434173584,0.06023204326629639
2796,55.36273956298828,0.6267477869987488,0.025724101811647415,-0.3055851459503174,0.6728140115737915,0.05035462602972984,-0.1215212494134903,-3.1025564670562744,0.05626827850937843
2797,55.38961052894592,0.6267477869987488,0.025724101811647415,-0.3055851459503174,0.660868763923645,0.07653993368148804,0.07440328598022461,-3.1022658348083496,0.05261829495429993
2798,55.40006709098816,0.6267477869987488,0.025724101811647415,-0.3055851459503174,0.6595417261123657,0.07939375936985016,0.06542391330003738,-3.1074795722961426,0.042977575212717056
2799,55.42700982093811,0.6267477869987488,0.025724101811647415,-0.3055851459503174,0.6390292048454285,0.060322701930999756,-0.10457997769117355,-3.1185388565063477,0.04006316512823105
2800,55.43837285041809,0.6267477869987488,0.025724101811647415,-0.3055851459503174,0.5864827632904053,0.02585870772600174,-0.3158375024795532,-3.128514289855957,0.04625001177191734
2801,55.465776443481445,0.6267477869987488,0.025724101811647415,-0.3055851459503174,0.5355826616287231,-0.007087851874530315,-0.33550184965133667,-3.1285064220428467,0.055236123502254486
2802,55.47687768936157,0.6267477869987488,0.025724101811647415,-0.3055851459503174,0.5022652745246887,-0.027280712500214577,-0.29481494426727295,-3.1202778816223145,0.0631185919046402
2803,55.503613233566284,0.6267477869987488,0.025724101811647415,-0.3055851459503174,0.48061272501945496,-0.04152682051062584,-0.28897637128829956,-3.1087260246276855,0.0722278282046318
2804,55.51480770111084,0.6267477869987488,0.025724101811647415,-0.3055851459503174,0.4729267656803131,-0.05309686437249184,-0.35442399978637695,-3.098444938659668,0.08103054761886597
2805,55.541510820388794,0.6267477869987488,0.025724101811647415,-0.3055851459503174,0.47353678941726685,-0.0628749430179596,-0.4344269037246704,-3.0910282135009766,0.08673377335071564
2806,55.553102254867554,0.6267477869987488,0.025724101811647415,-0.3055851459503174,0.473028302192688,-0.07365904748439789,-0.4290299415588379,-3.0867373943328857,0.08944181352853775
2807,55.579405307769775,0.6267477869987488,0.025724101811647415,-0.3055851459503174,0.4698115587234497,-0.09008204191923141,-0.36697614192962646,-3.085631847381592,0.0905953049659729
2808,55.589998722076416,0.6267477869987488,0.025724101811647415,-0.3055851459503174,0.4683890640735626,-0.11135216057300568,-0.3293703496456146,-3.0871264934539795,0.09080765396356583
2809,55.61745595932007,0.6267477869987488,0.025724101811647415,-0.3055851459503174,0.46987053751945496,-0.13560177385807037,-0.30900830030441284,-3.0904452800750732,0.09066558629274368
2810,55.6282000541687,0.6267477869987488,0.025724101811647415,-0.3055851459503174,0.4762174189090729,-0.16143865883350372,-0.2834723889827728,-3.09474515914917,0.09087570011615753
2811,55.65727114677429,0.6267477869987488,0.025724101811647415,-0.3055851459503174,0.4879048466682434,-0.1873180866241455,-0.25572335720062256,-3.098578453063965,0.0919380709528923
2812,55.66776704788208,0.6267477869987488,0.025724101811647415,-0.3055851459503174,0.5033510327339172,-0.21517708897590637,-0.21569985151290894,-3.100167751312256,0.09505746513605118
2813,55.694045543670654,0.6267477869987488,0.025724101811647415,-0.3055851459503174,0.5226940512657166,-0.2447694092988968,-0.18603762984275818,-3.097931146621704,0.10092887282371521
2814,55.70484519004822,0.6267477869987488,0.025724101811647415,-0.3055851459503174,0.5511577725410461,-0.25778383016586304,-0.4069631099700928,-3.0928330421447754,0.1068500503897667
2815,55.73447036743164,0.6267477869987488,0.025724101811647415,-0.3055851459503174,0.5691561698913574,-0.254204124212265,-0.41955000162124634,-3.086897850036621,0.1092972457408905
2816,55.744656801223755,0.6267477869987488,0.025724101811647415,-0.3055851459503174,0.5708416104316711,-0.22802886366844177,-0.38093268871307373,-3.0808937549591064,0.11508939415216446
2817,55.77108979225159,0.6267477869987488,0.025724101811647415,-0.3055851459503174,0.5389793515205383,-0.17534321546554565,-0.2720589339733124,-3.085272789001465,0.12130545824766159
2818,55.78184461593628,0.6267477869987488,0.025724101811647415,-0.3055851459503174,0.5021981000900269,-0.1336182802915573,-0.22849273681640625,-3.0989856719970703,0.12565867602825165
2819,55.80826258659363,0.6267477869987488,0.025724101811647415,-0.3055851459503174,0.48767611384391785,-0.10350283235311508,-0.25084781646728516,-3.114351749420166,0.12729118764400482
2820,55.819289445877075,0.6267477869987488,0.025724101811647415,-0.3055851459503174,0.48978710174560547,-0.07877467572689056,-0.256303608417511,-3.127856969833374,0.12477937340736389
2821,55.84577965736389,0.6267477869987488,0.025724101811647415,-0.3055851459503174,0.49999183416366577,-0.0577799454331398,-0.2268296331167221,-3.1384024620056152,0.11855196952819824
2822,55.858553647994995,0.6267477869987488,0.025724101811647415,-0.3055851459503174,0.5128199458122253,-0.04033162072300911,-0.16865557432174683,3.1376543045043945,0.1113809123635292
2823,55.88620734214783,0.6267477869987488,0.025724101811647415,-0.3055851459503174,0.5275598168373108,-0.02524806745350361,-0.09138167649507523,3.1342990398406982,0.10546368360519409
2824,55.89667296409607,0.6267477869987488,0.025724101811647415,-0.3055851459503174,0.544772744178772,-0.009290696121752262,-0.027983777225017548,3.1348447799682617,0.10021206736564636
2825,55.923404932022095,0.6267477869987488,0.025724101811647415,-0.3055851459503174,0.5611587166786194,0.013704844750463963,-0.015394863672554493,3.1385908126831055,0.0941375344991684
2826,55.93389558792114,0.6267477869987488,0.025724101811647415,-0.3055851459503174,0.5740387439727783,0.04419296607375145,-0.05215534567832947,-3.1387269496917725,0.08714339882135391
2827,55.96051812171936,0.6267477869987488,0.025724101811647415,-0.3055851459503174,0.5846795439720154,0.07713731378316879,-0.0812673345208168,-3.132497549057007,0.08003537356853485
2828,55.97128391265869,0.6267477869987488,0.025724101811647415,-0.3055851459503174,0.5947788953781128,0.10450611263513565,-0.082786925137043,-3.1274189949035645,0.07427901029586792
2829,55.997886657714844,0.6267477869987488,0.025724101811647415,-0.3055851459503174,0.5590334534645081,0.15006721019744873,0.0011893472401425242,-3.1250529289245605,0.07086291909217834
2830,56.008482933044434,0.6267477869987488,0.025724101811647415,-0.3055851459503174,0.5761416554450989,0.14400553703308105,-0.2833392322063446,-3.129415273666382,0.06548779457807541
2831,56.035465478897095,0.6267477869987488,0.025724101811647415,-0.3055851459503174,0.5759440064430237,0.15081673860549927,-0.2554859519004822,-3.1356146335601807,0.06570117920637131
2832,56.04555892944336,0.6267477869987488,0.025724101811647415,-0.3055851459503174,0.584619402885437,0.15201549232006073,-0.23752059042453766,3.1387040615081787,0.07088706642389297
2833,56.076233863830566,0.6267477869987488,0.025724101811647415,-0.3055851459503174,0.5693397521972656,0.12987485527992249,-0.2219541221857071,3.1313328742980957,0.07623056322336197
2834,56.08855724334717,0.6267477869987488,0.025724101811647415,-0.3055851459503174,0.5404103994369507,0.09564408659934998,-0.28469356894493103,3.1326849460601807,0.07850607484579086
2835,56.11437225341797,0.6267477869987488,0.025724101811647415,-0.3055851459503174,0.509523332118988,0.06798671931028366,-0.2843678593635559,3.1409530639648438,0.07704457640647888
2836,56.12677216529846,0.6267477869987488,0.025724101811647415,-0.3055851459503174,0.483074426651001,0.043725647032260895,-0.2895335555076599,-3.129561424255371,0.07736553996801376
2837,56.154011249542236,0.6267477869987488,0.025724101811647415,-0.3055851459503174,0.471541166305542,0.02218792960047722,-0.36044302582740784,-3.115514039993286,0.08048349618911743
2838,56.16448974609375,0.6267477869987488,0.025724101811647415,-0.3055851459503174,0.47354260087013245,0.0047663310542702675,-0.4471691846847534,-3.103403329849243,0.08332265913486481
2839,56.1917507648468,0.6267477869987488,0.025724101811647415,-0.3055851459503174,0.4802209436893463,-0.008674116805195808,-0.46454331278800964,-3.0949959754943848,0.0843052864074707
2840,56.20708775520325,0.6267477869987488,0.025724101811647415,-0.3055851459503174,0.4868595600128174,-0.025206968188285828,-0.42940738797187805,-3.0906763076782227,0.08352544158697128
2841,56.2377610206604,0.6267477869987488,0.025724101811647415,-0.3055851459503174,0.49414941668510437,-0.046632397919893265,-0.39297959208488464,-3.089822292327881,0.08162999153137207
2842,56.248236656188965,0.6267477869987488,0.025724101811647415,-0.3055851459503174,0.5038356781005859,-0.07057520747184753,-0.3644835352897644,-3.091524839401245,0.07958117127418518
2843,56.2766478061676,0.6267477869987488,0.025724101811647415,-0.3055851459503174,0.5180959105491638,-0.09495034068822861,-0.34219303727149963,-3.0948150157928467,0.07783103734254837
2844,56.28783631324768,0.6267477869987488,0.025724101811647415,-0.3055851459503174,0.5371550917625427,-0.11686806380748749,-0.32718729972839355,-3.098701000213623,0.07638749480247498
2845,56.313647508621216,0.6267477869987488,0.025724101811647415,-0.3055851459503174,0.5617420673370361,-0.13777770102024078,-0.302604615688324,-3.1020936965942383,0.07551852613687515
2846,56.32568383216858,0.6267477869987488,0.025724101811647415,-0.3055851459503174,0.5902170538902283,-0.16266533732414246,-0.28677380084991455,-3.103095293045044,0.07583150267601013
2847,56.35298728942871,0.6267477869987488,0.025724101811647415,-0.3055851459503174,0.6143622994422913,-0.187453031539917,-0.30558905005455017,-3.0989127159118652,0.07930145412683487
2848,56.363600730895996,0.6267477869987488,0.025724101811647415,-0.3055851459503174,0.6262246370315552,-0.20271283388137817,-0.4330422282218933,-3.087210178375244,0.08914074301719666
2849,56.39032006263733,0.6267477869987488,0.025724101811647415,-0.3055851459503174,0.6093672513961792,-0.17085327208042145,-0.41021528840065,-3.080376386642456,0.09737713634967804
2850,56.40203642845154,0.6267477869987488,0.025724101811647415,-0.3055851459503174,0.5585951209068298,-0.12004458159208298,-0.22873279452323914,-3.0882623195648193,0.10627283155918121
2851,56.430628061294556,0.6267477869987488,0.025724101811647415,-0.3055851459503174,0.5176203846931458,-0.08418390899896622,-0.1980392038822174,-3.1044979095458984,0.11474192887544632
2852,56.447482109069824,0.6267477869987488,0.025724101811647415,-0.3055851459503174,0.4976848363876343,-0.05751573666930199,-0.22870944440364838,-3.1213743686676025,0.12001179158687592
2853,56.475115060806274,0.6267477869987488,0.025724101811647415,-0.3055851459503174,0.4915134608745575,-0.03473374620079994,-0.23805475234985352,-3.1359245777130127,0.11965400725603104
2854,56.48591756820679,0.6267477869987488,0.025724101811647415,-0.3055851459503174,0.4927119016647339,-0.014351017773151398,-0.20487622916698456,3.13582706451416,0.11378755420446396
2855,56.51527643203735,0.6267477869987488,0.025724101811647415,-0.3055851459503174,0.49756088852882385,0.0012524500489234924,-0.14630451798439026,3.127790927886963,0.10577543824911118
2856,56.52895951271057,0.6267477869987488,0.025724101811647415,-0.3055851459503174,0.5069617629051208,0.01045314222574234,-0.06916894018650055,3.1233158111572266,0.09957703948020935
2857,56.556889295578,0.6267477869987488,0.025724101811647415,-0.3055851459503174,0.5188826322555542,0.014376113191246986,0.02523517794907093,3.1222383975982666,0.0967831239104271
2858,56.56732988357544,0.6267477869987488,0.025724101811647415,-0.3055851459503174,0.5305010676383972,0.018280189484357834,0.11436358839273453,3.124310255050659,0.09596192091703415
2859,56.594005823135376,0.6267477869987488,0.025724101811647415,-0.3055851459503174,0.5425175428390503,0.030805345624685287,0.14998534321784973,3.128631353378296,0.09434299170970917
2860,56.60459232330322,0.6267477869987488,0.025724101811647415,-0.3055851459503174,0.5550878047943115,0.053154874593019485,0.11122884601354599,3.134298801422119,0.09032883495092392
2861,56.63163471221924,0.6267477869987488,0.025724101811647415,-0.3055851459503174,0.5672323107719421,0.08173612505197525,0.025122929364442825,3.1406664848327637,0.08410133421421051
2862,56.642585039138794,0.6267477869987488,0.025724101811647415,-0.3055851459503174,0.5773805379867554,0.10820131003856659,-0.04977910965681076,-3.1363017559051514,0.07731498777866364
2863,56.66973662376404,0.6267477869987488,0.025724101811647415,-0.3055851459503174,0.5659886598587036,0.1383804976940155,0.08422219753265381,-3.1316347122192383,0.0712691992521286
2864,56.683192014694214,0.6267477869987488,0.025724101811647415,-0.3055851459503174,0.555338442325592,0.14312610030174255,0.1282268762588501,-3.1260907649993896,0.05979745090007782
2865,56.711846590042114,0.6267477869987488,0.025724101811647415,-0.3055851459503174,0.5539464950561523,0.13617420196533203,-0.0614611990749836,-3.121865749359131,0.05110158026218414
2866,56.72474217414856,0.6267477869987488,0.025724101811647415,-0.3055851459503174,0.554388701915741,0.12637819349765778,-0.1959185004234314,-3.128070831298828,0.052110109478235245
2867,56.75207209587097,0.6267477869987488,0.025724101811647415,-0.3055851459503174,0.5285742282867432,0.09176169335842133,-0.21876224875450134,-3.1363208293914795,0.05912941321730614
2868,56.76388192176819,0.6267477869987488,0.025724101811647415,-0.3055851459503174,0.5011618733406067,0.05280037969350815,-0.3172016143798828,-3.134495496749878,0.06522200256586075
2869,56.790932416915894,0.6267477869987488,0.025724101811647415,-0.3055851459503174,0.47461962699890137,0.025059381499886513,-0.32394176721572876,-3.1257400512695312,0.06660787761211395
2870,56.80177640914917,0.6267477869987488,0.025724101811647415,-0.3055851459503174,0.45343562960624695,0.0015067486092448235,-0.3374860882759094,-3.1143712997436523,0.06834159046411514
2871,56.828550815582275,0.6267477869987488,0.025724101811647415,-0.3055851459503174,0.4453849196434021,-0.021440796554088593,-0.39874252676963806,-3.103253126144409,0.07123339176177979
2872,56.83933353424072,0.6267477869987488,0.025724101811647415,-0.3055851459503174,0.4466896653175354,-0.0444265678524971,-0.4554985463619232,-3.0947675704956055,0.0728733018040657
2873,56.865254163742065,0.6267477869987488,0.025724101811647415,-0.3055851459503174,0.44974038004875183,-0.06888779997825623,-0.4293833076953888,-3.090064287185669,0.07267197966575623
2874,56.87620186805725,0.6267477869987488,0.025724101811647415,-0.3055851459503174,0.4536083936691284,-0.096733458340168,-0.3824966847896576,-3.088979721069336,0.07120224833488464
2875,56.90307021141052,0.6267477869987488,0.025724101811647415,-0.3055851459503174,0.45865902304649353,-0.12667086720466614,-0.3508162796497345,-3.0905301570892334,0.06963706761598587
2876,56.914177656173706,0.6267477869987488,0.025724101811647415,-0.3055851459503174,0.46639394760131836,-0.15712444484233856,-0.33504438400268555,-3.0929627418518066,0.06907116621732712
2877,56.94192862510681,0.6267477869987488,0.025724101811647415,-0.3055851459503174,0.4771973490715027,-0.1866949051618576,-0.32379859685897827,-3.094233989715576,0.07041654735803604
2878,56.9528489112854,0.6267477869987488,0.025724101811647415,-0.3055851459503174,0.4912480115890503,-0.218722403049469,-0.30631792545318604,-3.0931341648101807,0.07426083832979202
2879,56.97979378700256,0.6267477869987488,0.025724101811647415,-0.3055851459503174,0.5109899640083313,-0.24664439260959625,-0.42343592643737793,-3.089282274246216,0.07967335730791092
2880,56.991044759750366,0.6267477869987488,0.025724101811647415,-0.3055851459503174,0.5316044688224792,-0.24959875643253326,-0.4309813976287842,-3.0845816135406494,0.08018579334020615
2881,57.01680946350098,0.6267477869987488,0.025724101811647415,-0.3055851459503174,0.5466846227645874,-0.24471506476402283,-0.3581749498844147,-3.0761842727661133,0.0836549624800682
2882,57.029486894607544,0.6267477869987488,0.025724101811647415,-0.3055851459503174,0.5515915155410767,-0.22003358602523804,-0.3569391667842865,-3.06805682182312,0.09082260727882385
2883,57.05729627609253,0.6267477869987488,0.025724101811647415,-0.3055851459503174,0.5239465236663818,-0.17207834124565125,-0.2850206196308136,-3.0699117183685303,0.0981256365776062
2884,57.06885576248169,0.6267477869987488,0.025724101811647415,-0.3055851459503174,0.48647087812423706,-0.13212396204471588,-0.22595447301864624,-3.0815746784210205,0.10483574122190475
2885,57.09780979156494,0.6267477869987488,0.025724101811647415,-0.3055851459503174,0.4705319404602051,-0.10515891015529633,-0.2337360382080078,-3.096306562423706,0.1099974736571312
2886,57.110658168792725,0.6267477869987488,0.025724101811647415,-0.3055851459503174,0.472903847694397,-0.085097536444664,-0.23953256011009216,-3.110273838043213,0.11105436831712723
2887,57.14260482788086,0.6267477869987488,0.025724101811647415,-0.3055851459503174,0.4848213791847229,-0.06936220824718475,-0.22001732885837555,-3.121863842010498,0.10727447271347046
2888,57.15380096435547,0.6267477869987488,0.025724101811647415,-0.3055851459503174,0.4986322522163391,-0.05640226602554321,-0.17288558185100555,-3.130481243133545,0.1012970507144928
2889,57.18830227851868,0.6267477869987488,0.025724101811647415,-0.3055851459503174,0.5132873058319092,-0.045134663581848145,-0.09865981340408325,-3.1360020637512207,0.0965096727013588
2890,57.20030212402344,0.6267477869987488,0.025724101811647415,-0.3055851459503174,0.5316635370254517,-0.035352542996406555,-0.01176450029015541,-3.1380980014801025,0.0935949981212616
2891,57.22772240638733,0.6267477869987488,0.025724101811647415,-0.3055851459503174,0.55339115858078,-0.022188330069184303,0.0490686260163784,-3.136753797531128,0.09062252193689346
2892,57.23900771141052,0.6267477869987488,0.025724101811647415,-0.3055851459503174,0.5736328959465027,-0.0018737611826509237,0.0371926911175251,-3.132251501083374,0.08624667674303055
2893,57.266173124313354,0.6267477869987488,0.025724101811647415,-0.3055851459503174,0.5896795392036438,0.026015426963567734,-0.034156933426856995,-3.125107765197754,0.08086422830820084
2894,57.27692151069641,0.6267477869987488,0.025724101811647415,-0.3055851459503174,0.6023592948913574,0.05507610738277435,-0.07290633022785187,-3.1172006130218506,0.07558159530162811
2895,57.30422782897949,0.6267477869987488,0.025724101811647415,-0.3055851459503174,0.6150132417678833,0.07592456042766571,-0.05830448120832443,-3.1105854511260986,0.07196223735809326
2896,57.31501388549805,0.6267477869987488,0.025724101811647415,-0.3055851459503174,0.6345791816711426,0.09151569753885269,-0.08802706003189087,-3.106391668319702,0.07140827924013138
2897,57.34423279762268,0.6267477869987488,0.025724101811647415,-0.3055851459503174,0.6587780714035034,0.11246873438358307,-0.13619597256183624,-3.1077003479003906,0.07626675069332123
2898,57.358076095581055,0.6267477869987488,0.025724101811647415,-0.3055851459503174,0.6745502352714539,0.1365676075220108,-0.11260294914245605,-3.118847608566284,0.0902307853102684
2899,57.38358759880066,0.6267477869987488,0.025724101811647415,-0.3055851459503174,0.650979220867157,0.1368352174758911,-0.03168879449367523,-3.1360833644866943,0.10449113696813583
2900,57.39521336555481,0.6267477869987488,0.025724101811647415,-0.3055851459503174,0.6206768155097961,0.09371742606163025,-0.15321317315101624,-3.139789342880249,0.10278435051441193
2901,57.421849727630615,0.6267477869987488,0.025724101811647415,-0.3055851459503174,0.5810263752937317,0.05671406909823418,-0.2689022421836853,-3.134509325027466,0.09472820907831192
2902,57.43399786949158,0.6267477869987488,0.025724101811647415,-0.3055851459503174,0.5507636666297913,0.03132391348481178,-0.32074910402297974,-3.1276190280914307,0.08555132150650024
2903,57.4628791809082,0.6267477869987488,0.025724101811647415,-0.3055851459503174,0.5311934351921082,0.013229395262897015,-0.3627338409423828,-3.1219606399536133,0.07699919492006302
2904,57.47502326965332,0.6267477869987488,0.025724101811647415,-0.3055851459503174,0.5186753869056702,-9.973614942282438e-05,-0.3654639422893524,-3.119339942932129,0.0694078728556633
2905,57.501068115234375,0.6267477869987488,0.025724101811647415,-0.3055851459503174,0.5069568753242493,-0.013189109973609447,-0.3107036352157593,-3.1205592155456543,0.0641106590628624
2906,57.5124192237854,0.6267477869987488,0.025724101811647415,-0.3055851459503174,0.4982490539550781,-0.030926711857318878,-0.27028152346611023,-3.1248199939727783,0.06067206710577011
2907,57.53960347175598,0.6267477869987488,0.025724101811647415,-0.3055851459503174,0.4936012625694275,-0.05362199619412422,-0.2542746961116791,-3.130967855453491,0.057219453155994415
2908,57.5511748790741,0.6267477869987488,0.025724101811647415,-0.3055851459503174,0.49115851521492004,-0.07826821506023407,-0.2356899231672287,-3.138307809829712,0.05360206589102745
2909,57.58169341087341,0.6267477869987488,0.025724101811647415,-0.3055851459503174,0.4913429319858551,-0.10317607969045639,-0.20935112237930298,3.136746406555176,0.05106502026319504
2910,57.595412254333496,0.6267477869987488,0.025724101811647415,-0.3055851459503174,0.4960307478904724,-0.12834762036800385,-0.18512313067913055,3.1282544136047363,0.05034186318516731
2911,57.62224245071411,0.6267477869987488,0.025724101811647415,-0.3055851459503174,0.5053644776344299,-0.15539509057998657,-0.15286500751972198,3.1201186180114746,0.05172424390912056
2912,57.63441610336304,0.6267477869987488,0.025724101811647415,-0.3055851459503174,0.5189778804779053,-0.1866927593946457,-0.12280602753162384,3.1142053604125977,0.055552031844854355
2913,57.66161513328552,0.6267477869987488,0.025724101811647415,-0.3055851459503174,0.5366905331611633,-0.22155113518238068,-0.11299962550401688,3.1134066581726074,0.06191558018326759
2914,57.67349624633789,0.6267477869987488,0.025724101811647415,-0.3055851459503174,0.5520800948143005,-0.25725674629211426,-0.13927920162677765,3.1205873489379883,0.07193327695131302
2915,57.700896978378296,0.6267477869987488,0.025724101811647415,-0.3055851459503174,0.5801448225975037,-0.26601630449295044,-0.46721723675727844,3.132599353790283,0.07945390790700912
2916,57.711852073669434,0.6267477869987488,0.025724101811647415,-0.3055851459503174,0.5719856023788452,-0.23423799872398376,-0.5224149227142334,3.1388888359069824,0.07970980554819107
2917,57.7396821975708,0.6267477869987488,0.025724101811647415,-0.3055851459503174,0.5416306257247925,-0.1741107553243637,-0.3301374316215515,3.131875514984131,0.07716742902994156
2918,57.75031089782715,0.6267477869987488,0.025724101811647415,-0.3055851459503174,0.5155404806137085,-0.1308426558971405,-0.2830891013145447,3.1176342964172363,0.07203978300094604
2919,57.776439905166626,0.6267477869987488,0.025724101811647415,-0.3055851459503174,0.5018930435180664,-0.09805438667535782,-0.26530900597572327,3.1036159992218018,0.06593009829521179
2920,57.78668546676636,0.6267477869987488,0.025724101811647415,-0.3055851459503174,0.4987765848636627,-0.07049369066953659,-0.2292817384004593,3.091813325881958,0.05933684855699539
2921,57.813754081726074,0.6267477869987488,0.025724101811647415,-0.3055851459503174,0.501362681388855,-0.046828992664813995,-0.18327602744102478,3.0826196670532227,0.0527057982981205
2922,57.825098752975464,0.6267477869987488,0.025724101811647415,-0.3055851459503174,0.5076468586921692,-0.0265815332531929,-0.1252286434173584,3.076127290725708,0.047013308852910995
2923,57.85323119163513,0.6267477869987488,0.025724101811647415,-0.3055851459503174,0.517650306224823,-0.010078792460262775,-0.06051834672689438,3.0727241039276123,0.042759865522384644
2924,57.86498427391052,0.6267477869987488,0.025724101811647415,-0.3055851459503174,0.5306552648544312,0.0051397960633039474,-0.005446399562060833,3.0732808113098145,0.03907714784145355
2925,57.89263916015625,0.6267477869987488,0.025724101811647415,-0.3055851459503174,0.545005202293396,0.024549659341573715,0.009587530046701431,3.0777974128723145,0.034562863409519196
2926,57.90490102767944,0.6267477869987488,0.025724101811647415,-0.3055851459503174,0.5593757629394531,0.050642192363739014,-0.01949218288064003,3.0848090648651123,0.028586477041244507
2927,57.9336633682251,0.6267477869987488,0.025724101811647415,-0.3055851459503174,0.5736064910888672,0.08026979118585587,-0.05769434943795204,3.092250347137451,0.021388426423072815
2928,57.949973821640015,0.6267477869987488,0.025724101811647415,-0.3055851459503174,0.5874800682067871,0.10628797113895416,-0.07368622720241547,3.098964214324951,0.014133875258266926
2929,57.983495473861694,0.6267477869987488,0.025724101811647415,-0.3055851459503174,0.6013138294219971,0.12604424357414246,-0.09590116143226624,3.104706287384033,0.008902893401682377
2930,57.99461793899536,0.6267477869987488,0.025724101811647415,-0.3055851459503174,0.6164326667785645,0.14884117245674133,-0.13731618225574493,3.1075122356414795,0.00822251196950674
2931,58.02232074737549,0.6267477869987488,0.025724101811647415,-0.3055851459503174,0.5766878128051758,0.2076486349105835,-0.28224289417266846,3.102694511413574,0.01623442769050598
2932,58.034996509552,0.6267477869987488,0.025724101811647415,-0.3055851459503174,0.5820841789245605,0.16844452917575836,-0.23509414494037628,3.088209867477417,0.0229004118591547
2933,58.062528133392334,0.6267477869987488,0.025724101811647415,-0.3055851459503174,0.5564701557159424,0.11991497129201889,-0.21159617602825165,3.0806899070739746,0.03174569085240364
2934,58.07385849952698,0.6267477869987488,0.025724101811647415,-0.3055851459503174,0.5399730801582336,0.07558999955654144,-0.3003671169281006,3.0866143703460693,0.03281494230031967
2935,58.10137367248535,0.6267477869987488,0.025724101811647415,-0.3055851459503174,0.5276380777359009,0.052277617156505585,-0.34444254636764526,3.0976409912109375,0.02430110238492489
2936,58.11220073699951,0.6267477869987488,0.025724101811647415,-0.3055851459503174,0.5161512494087219,0.04035985469818115,-0.35926732420921326,3.1067140102386475,0.013669898733496666
2937,58.141165018081665,0.6267477869987488,0.025724101811647415,-0.3055851459503174,0.5091126561164856,0.02838056907057762,-0.3607877790927887,3.1115920543670654,0.004918739665299654
2938,58.15263891220093,0.6267477869987488,0.025724101811647415,-0.3055851459503174,0.5055683851242065,0.012312632985413074,-0.3404015302658081,3.1129775047302246,-0.0017237704014405608
2939,58.17864632606506,0.6267477869987488,0.025724101811647415,-0.3055851459503174,0.5056211352348328,-0.00821559876203537,-0.3192753493785858,3.11234188079834,-0.007134379353374243
2940,58.190327405929565,0.6267477869987488,0.025724101811647415,-0.3055851459503174,0.5097234845161438,-0.03176592290401459,-0.3130881190299988,3.1104378700256348,-0.012316612526774406
2941,58.2176718711853,0.6267477869987488,0.025724101811647415,-0.3055851459503174,0.5165109634399414,-0.056022051721811295,-0.3076057732105255,3.1072161197662354,-0.01708563230931759
2942,58.22856330871582,0.6267477869987488,0.025724101811647415,-0.3055851459503174,0.5270607471466064,-0.07941533625125885,-0.29434454441070557,3.1021618843078613,-0.020698746666312218
2943,58.255715131759644,0.6267477869987488,0.025724101811647415,-0.3055851459503174,0.5423275232315063,-0.10077714920043945,-0.27789539098739624,3.094729423522949,-0.02287033572793007
2944,58.26695203781128,0.6267477869987488,0.025724101811647415,-0.3055851459503174,0.5614743828773499,-0.12247993052005768,-0.24371075630187988,3.0862250328063965,-0.022880006581544876
2945,58.292543172836304,0.6267477869987488,0.025724101811647415,-0.3055851459503174,0.58506178855896,-0.14740435779094696,-0.22248294949531555,3.0805749893188477,-0.020463675260543823
2946,58.304203510284424,0.6267477869987488,0.025724101811647415,-0.3055851459503174,0.6106133460998535,-0.17540498077869415,-0.23153850436210632,3.0821332931518555,-0.015331635251641273
2947,58.331416845321655,0.6267477869987488,0.025724101811647415,-0.3055851459503174,0.6381837129592896,-0.19980937242507935,-0.3504512906074524,3.0935213565826416,-0.006024072878062725
2948,58.341667890548706,0.6267477869987488,0.025724101811647415,-0.3055851459503174,0.6392281651496887,-0.20746277272701263,-0.5234501361846924,3.1105127334594727,0.000924530962947756
2949,58.367913007736206,0.6267477869987488,0.025724101811647415,-0.3055851459503174,0.6137869358062744,-0.1616532951593399,-0.4370504319667816,3.1206681728363037,0.00829148106276989
2950,58.37801122665405,0.6267477869987488,0.025724101811647415,-0.3055851459503174,0.5761618614196777,-0.10459369421005249,-0.27870604395866394,3.1148486137390137,0.013777200132608414
2951,58.40456676483154,0.6267477869987488,0.025724101811647415,-0.3055851459503174,0.5521464943885803,-0.06650892645120621,-0.2665506899356842,3.100677490234375,0.015948379412293434
2952,58.4147629737854,0.6267477869987488,0.025724101811647415,-0.3055851459503174,0.5396438837051392,-0.03845403343439102,-0.25939321517944336,3.0849545001983643,0.01623760536313057
2953,58.441853046417236,0.6267477869987488,0.025724101811647415,-0.3055851459503174,0.5358543395996094,-0.016227802261710167,-0.22825536131858826,3.071155071258545,0.015400408767163754
2954,58.45258450508118,0.6267477869987488,0.025724101811647415,-0.3055851459503174,0.5364383459091187,0.0024847276508808136,-0.17575307190418243,3.0608251094818115,0.01437517162412405
2955,58.47873091697693,0.6267477869987488,0.025724101811647415,-0.3055851459503174,0.5418674945831299,0.016811244189739227,-0.11442626267671585,3.0543761253356934,0.01445647981017828
2956,58.48900365829468,0.6267477869987488,0.025724101811647415,-0.3055851459503174,0.551683783531189,0.02615039423108101,-0.04902714490890503,3.052053213119507,0.016284925863146782
2957,58.51516342163086,0.6267477869987488,0.025724101811647415,-0.3055851459503174,0.5649439692497253,0.03340408578515053,0.010132038965821266,3.0546627044677734,0.018854008987545967
2958,58.52506995201111,0.6267477869987488,0.025724101811647415,-0.3055851459503174,0.5805875062942505,0.046439044177532196,0.026956714689731598,3.061964511871338,0.019986413419246674
2959,58.55201482772827,0.6267477869987488,0.025724101811647415,-0.3055851459503174,0.5974551439285278,0.06866130232810974,-0.022679967805743217,3.0721514225006104,0.018214881420135498
2960,58.56298041343689,0.6267477869987488,0.025724101811647415,-0.3055851459503174,0.6139354109764099,0.09827450662851334,-0.09914901852607727,3.0824532508850098,0.013634997420012951
2961,58.592522621154785,0.6267477869987488,0.025724101811647415,-0.3055851459503174,0.6288284063339233,0.12578296661376953,-0.13367821276187897,3.090735912322998,0.007913659326732159
2962,58.606019735336304,0.6267477869987488,0.025724101811647415,-0.3055851459503174,0.6416887044906616,0.14532065391540527,-0.15338009595870972,3.096569299697876,0.004291585646569729
2963,58.634795904159546,0.6267477869987488,0.025724101811647415,-0.3055851459503174,0.6571416258811951,0.16612504422664642,-0.2040812075138092,3.098637580871582,0.005911235697567463
2964,58.645723819732666,0.6267477869987488,0.025724101811647415,-0.3055851459503174,0.6353606581687927,0.206110879778862,-0.13843674957752228,3.0909054279327393,0.012725950218737125
2965,58.6722047328949,0.6267477869987488,0.025724101811647415,-0.3055851459503174,0.5993704199790955,0.18848451972007751,-0.20759251713752747,3.0816850662231445,0.016510752961039543
2966,58.68284225463867,0.6267477869987488,0.025724101811647415,-0.3055851459503174,0.5725317597389221,0.13843697309494019,-0.2675245404243469,3.0737826824188232,0.030030597001314163
2967,58.70932674407959,0.6267477869987488,0.025724101811647415,-0.3055851459503174,0.5501001477241516,0.09297797828912735,-0.3210122883319855,3.0776519775390625,0.036465007811784744
2968,58.719849824905396,0.6267477869987488,0.025724101811647415,-0.3055851459503174,0.5332887172698975,0.06826073676347733,-0.3476108908653259,3.08998966217041,0.03170216456055641
2969,58.74604868888855,0.6267477869987488,0.025724101811647415,-0.3055851459503174,0.518051028251648,0.05886051058769226,-0.3656020760536194,3.1026036739349365,0.023133190348744392
2970,58.75625491142273,0.6267477869987488,0.025724101811647415,-0.3055851459503174,0.5066331028938293,0.05166659876704216,-0.37363699078559875,3.111555337905884,0.01612228900194168
2971,58.78468132019043,0.6267477869987488,0.025724101811647415,-0.3055851459503174,0.5000361800193787,0.04111329838633537,-0.36725348234176636,3.116673469543457,0.011359630152583122
2972,58.79594039916992,0.6267477869987488,0.025724101811647415,-0.3055851459503174,0.4961208999156952,0.02597217634320259,-0.34535089135169983,3.1191554069519043,0.008228922262787819
2973,58.822843074798584,0.6267477869987488,0.025724101811647415,-0.3055851459503174,0.4962836503982544,0.006921549793332815,-0.3233453631401062,3.120039701461792,0.005681274924427271
2974,58.833762645721436,0.6267477869987488,0.025724101811647415,-0.3055851459503174,0.5001988410949707,-0.013804272748529911,-0.31362566351890564,3.119374990463257,0.0028971072752028704
2975,58.86210918426514,0.6267477869987488,0.025724101811647415,-0.3055851459503174,0.5068930387496948,-0.03502419963479042,-0.3040635287761688,3.116941452026367,0.00025342125445604324
2976,58.87391471862793,0.6267477869987488,0.025724101811647415,-0.3055851459503174,0.5175864100456238,-0.057274021208286285,-0.28395959734916687,3.1129989624023438,-0.0016395642887800932
2977,58.90097641944885,0.6267477869987488,0.025724101811647415,-0.3055851459503174,0.5339515805244446,-0.07861346751451492,-0.26012489199638367,3.1077449321746826,-0.002899802988395095
2978,58.91231870651245,0.6267477869987488,0.025724101811647415,-0.3055851459503174,0.5565763711929321,-0.09937696158885956,-0.22969861328601837,3.101321220397949,-0.0037991185672581196
2979,58.93870735168457,0.6267477869987488,0.025724101811647415,-0.3055851459503174,0.5840923190116882,-0.12339526414871216,-0.20138604938983917,3.095834255218506,-0.0038901232182979584
2980,58.94981265068054,0.6267477869987488,0.025724101811647415,-0.3055851459503174,0.615091860294342,-0.15020368993282318,-0.20236238837242126,3.095425605773926,-0.0024879707489162683
2981,58.976033449172974,0.6267477869987488,0.025724101811647415,-0.3055851459503174,0.6417686343193054,-0.1752355843782425,-0.24786847829818726,3.1043481826782227,0.0025455739814788103
2982,58.986835956573486,0.6267477869987488,0.025724101811647415,-0.3055851459503174,0.6553637981414795,-0.1911413073539734,-0.382399320602417,3.1257126331329346,0.01580800488591194
2983,59.013139486312866,0.6267477869987488,0.025724101811647415,-0.3055851459503174,0.6387446522712708,-0.14925172924995422,-0.33905765414237976,3.140824317932129,0.027438197284936905
2984,59.0241916179657,0.6267477869987488,0.025724101811647415,-0.3055851459503174,0.6007754802703857,-0.09757160395383835,-0.2451246678829193,3.135775089263916,0.030670925974845886
2985,59.050944805145264,0.6267477869987488,0.025724101811647415,-0.3055851459503174,0.5711542963981628,-0.06291995942592621,-0.23736900091171265,3.120035171508789,0.030378613620996475
2986,59.06140661239624,0.6267477869987488,0.025724101811647415,-0.3055851459503174,0.554383397102356,-0.037747930735349655,-0.22455312311649323,3.1027660369873047,0.029396902769804
2987,59.08999848365784,0.6267477869987488,0.025724101811647415,-0.3055851459503174,0.5481652021408081,-0.018823623657226562,-0.1938033550977707,3.088062286376953,0.02790394239127636
2988,59.10232424736023,0.6267477869987488,0.025724101811647415,-0.3055851459503174,0.5471049547195435,-0.004303678870201111,-0.14839226007461548,3.0771939754486084,0.026571443304419518
2989,59.12938904762268,0.6267477869987488,0.025724101811647415,-0.3055851459503174,0.5507322549819946,0.005611765664070845,-0.08711602538824081,3.070230722427368,0.026630552485585213
2990,59.14174962043762,0.6267477869987488,0.025724101811647415,-0.3055851459503174,0.5581981539726257,0.010648494586348534,-0.0175316222012043,3.0672144889831543,0.028625620529055595
2991,59.17059326171875,0.6267477869987488,0.025724101811647415,-0.3055851459503174,0.5683016180992126,0.0141990315169096,0.04472360759973526,3.068767786026001,0.03146092966198921
2992,59.181970834732056,0.6267477869987488,0.025724101811647415,-0.3055851459503174,0.5807887315750122,0.023918498307466507,0.06420697271823883,3.074522018432617,0.03292245417833328
2993,59.20900511741638,0.6267477869987488,0.025724101811647415,-0.3055851459503174,0.5954040884971619,0.04233003407716751,0.018057800829410553,3.08282208442688,0.03153277188539505
2994,59.21939563751221,0.6267477869987488,0.025724101811647415,-0.3055851459503174,0.6110007166862488,0.06785131245851517,-0.06472933292388916,3.0916836261749268,0.027236226946115494
2995,59.245545387268066,0.6267477869987488,0.025724101811647415,-0.3055851459503174,0.6253700852394104,0.09199313074350357,-0.12390049546957016,3.0998551845550537,0.021359575912356377
2996,59.2560875415802,0.6267477869987488,0.025724101811647415,-0.3055851459503174,0.6372156739234924,0.108698770403862,-0.16274623572826385,3.1067891120910645,0.017052343115210533
2997,59.28311276435852,0.6267477869987488,0.025724101811647415,-0.3055851459503174,0.6513035893440247,0.1253824084997177,-0.21931855380535126,3.1096529960632324,0.01781637966632843
2998,59.293612003326416,0.6267477869987488,0.025724101811647415,-0.3055851459503174,0.6071760058403015,0.18060484528541565,-0.34489455819129944,3.1018002033233643,0.028977330774068832
2999,59.32007622718811,0.6267477869987488,0.025724101811647415,-0.3055851459503174,0.6106208562850952,0.13923527300357819,-0.2741234004497528,3.0829391479492188,0.037933774292469025
3000,59.33158230781555,0.6267477869987488,0.025724101811647415,-0.3055851459503174,0.579572319984436,0.09540996700525284,-0.2789541482925415,3.074812650680542,0.04637060686945915
