t_step,wall_time_s,cmd_vx,cmd_vy,cmd_wz,act_vx,act_vy,act_wz,roll,pitch
0,0.02822589874267578,0.3352386951446533,0.05151503160595894,-0.08995325118303299,0.008481045253574848,-0.2117341160774231,0.3188905417919159,-3.1415538787841797,-0.02033129706978798
1,0.23850774765014648,0.3352386951446533,0.05151503160595894,-0.08995325118303299,0.027429666370153427,-0.2140856385231018,0.18381519615650177,-3.135967969894409,-0.06047455966472626
2,0.2669825553894043,0.3352386951446533,0.05151503160595894,-0.08995325118303299,0.04629877954721451,-0.21774666011333466,0.12150824069976807,-3.1283388137817383,-0.11017893254756927
3,0.2954401969909668,0.3352386951446533,0.05151503160595894,-0.08995325118303299,0.07106764614582062,-0.2226259559392929,0.15846778452396393,-3.1222264766693115,-0.15695370733737946
4,0.30599522590637207,0.3352386951446533,0.05151503160595894,-0.08995325118303299,0.10753705352544785,-0.22353553771972656,0.2548926770687103,-3.121328353881836,-0.19344449043273926
5,0.33706164360046387,0.3352386951446533,0.05151503160595894,-0.08995325118303299,0.15050111711025238,-0.21898357570171356,0.33937618136405945,-3.1275880336761475,-0.21766361594200134
6,0.347797155380249,0.3352386951446533,0.05151503160595894,-0.08995325118303299,0.1903616338968277,-0.20728799700737,0.3902634084224701,-3.140695095062256,-0.22889456152915955
7,0.3850843906402588,0.3352386951446533,0.05151503160595894,-0.08995325118303299,0.2222452163696289,-0.18640868365764618,0.38022470474243164,3.1240897178649902,-0.22747083008289337
8,0.3958547115325928,0.3352386951446533,0.05151503160595894,-0.08995325118303299,0.24326719343662262,-0.15593376755714417,0.31149667501449585,3.1030402183532715,-0.21631598472595215
9,0.42534923553466797,0.3352386951446533,0.05151503160595894,-0.08995325118303299,0.25235000252723694,-0.11781790852546692,0.19603872299194336,3.081923723220825,-0.19932560622692108
10,0.43612170219421387,0.3352386951446533,0.05151503160595894,-0.08995325118303299,0.24875319004058838,-0.07293489575386047,0.06266209483146667,3.061969757080078,-0.1788484901189804
11,0.46684837341308594,0.3352386951446533,0.05151503160595894,-0.08995325118303299,0.2281060814857483,-0.022211521863937378,-0.03545445203781128,3.043703079223633,-0.1548597812652588
12,0.47855472564697266,0.3352386951446533,0.05151503160595894,-0.08995325118303299,0.4786941409111023,-0.3646077513694763,-0.5973293781280518,3.0977611541748047,-0.1928950399160385
13,0.5068087577819824,0.3352386951446533,0.05151503160595894,-0.08995325118303299,0.35383474826812744,-0.29820266366004944,-0.9743139743804932,3.124422788619995,-0.22177629172801971
14,0.5187163352966309,0.3352386951446533,0.05151503160595894,-0.08995325118303299,0.2376905381679535,-0.18395015597343445,-0.5458824634552002,3.115851402282715,-0.20471271872520447
15,0.5464167594909668,0.3352386951446533,0.05151503160595894,-0.08995325118303299,0.19266469776630402,-0.11785019934177399,-0.17835912108421326,3.103210210800171,-0.1759299486875534
16,0.5572812557220459,0.3352386951446533,0.05151503160595894,-0.08995325118303299,0.19706709682941437,-0.08395196497440338,-0.1625346541404724,3.0942325592041016,-0.15367503464221954
17,0.5842113494873047,0.3352386951446533,0.05151503160595894,-0.08995325118303299,0.21970486640930176,-0.060134902596473694,-0.18539565801620483,3.0858097076416016,-0.14244209229946136
18,0.5950789451599121,0.3352386951446533,0.05151503160595894,-0.08995325118303299,0.23865675926208496,-0.036101020872592926,-0.17957988381385803,3.075519561767578,-0.13787250220775604
19,0.626126766204834,0.3352386951446533,0.05151503160595894,-0.08995325118303299,0.2519552409648895,-0.010729877278208733,-0.1625850945711136,3.0633976459503174,-0.13491137325763702
20,0.6369376182556152,0.3352386951446533,0.05151503160595894,-0.08995325118303299,0.261966735124588,0.013540355488657951,-0.1288791000843048,3.0513036251068115,-0.1306946724653244
21,0.6666402816772461,0.3352386951446533,0.05151503160595894,-0.08995325118303299,0.27165260910987854,0.03393687680363655,-0.11251235008239746,3.041999340057373,-0.12413052469491959
22,0.6795005798339844,0.3352386951446533,0.05151503160595894,-0.08995325118303299,0.2843441665172577,0.050406455993652344,-0.09872007369995117,3.0376248359680176,-0.1159442737698555
23,0.7071950435638428,0.3352386951446533,0.05151503160595894,-0.08995325118303299,0.3018435537815094,0.06763780862092972,-0.08688726276159286,3.038640022277832,-0.10849814862012863
24,0.7191128730773926,0.3352386951446533,0.05151503160595894,-0.08995325118303299,0.3227314352989197,0.08922374248504639,-0.07639062404632568,3.043635845184326,-0.10398042947053909
25,0.746319055557251,0.3352386951446533,0.05151503160595894,-0.08995325118303299,0.34384018182754517,0.11597757786512375,-0.0722070187330246,3.0504801273345947,-0.10280635952949524
26,0.7622592449188232,0.3352386951446533,0.05151503160595894,-0.08995325118303299,0.3629285395145416,0.1419384628534317,-0.06692631542682648,3.0581066608428955,-0.1031118780374527
27,0.7983264923095703,0.3352386951446533,0.05151503160595894,-0.08995325118303299,0.3788488805294037,0.16504544019699097,-0.044286154210567474,3.0663669109344482,-0.10183638334274292
28,0.808845043182373,0.3352386951446533,0.05151503160595894,-0.08995325118303299,0.3942277431488037,0.18931779265403748,-0.031085260212421417,3.07420015335083,-0.09692366421222687
29,0.842233419418335,0.3352386951446533,0.05151503160595894,-0.08995325118303299,0.4051688015460968,0.19592539966106415,0.3513600528240204,3.078303098678589,-0.09819698333740234
30,0.8534305095672607,0.3352386951446533,0.05151503160595894,-0.08995325118303299,0.36968526244163513,0.1680629402399063,0.2444826364517212,3.0853841304779053,-0.10164576023817062
31,0.8799419403076172,0.3352386951446533,0.05151503160595894,-0.08995325118303299,0.3482600152492523,0.1385887712240219,0.09584236890077591,3.08586049079895,-0.08951180428266525
32,0.8907113075256348,0.3352386951446533,0.05151503160595894,-0.08995325118303299,0.3465375006198883,0.10426276177167892,0.06680573523044586,3.082702159881592,-0.07559248805046082
33,0.9176971912384033,0.3352386951446533,0.05151503160595894,-0.08995325118303299,0.3464735448360443,0.06237391382455826,-0.05276230722665787,3.083950996398926,-0.06883414834737778
34,0.9280872344970703,0.3352386951446533,0.05151503160595894,-0.08995325118303299,0.34486812353134155,0.025224031880497932,-0.13311396539211273,3.090440034866333,-0.06976453214883804
35,0.955157995223999,0.3352386951446533,0.05151503160595894,-0.08995325118303299,0.34309232234954834,-0.0037481593899428844,-0.15002253651618958,3.0987489223480225,-0.07390924543142319
36,0.9653074741363525,0.3352386951446533,0.05151503160595894,-0.08995325118303299,0.3444949984550476,-0.027287714183330536,-0.16425186395645142,3.105494737625122,-0.07814708352088928
37,0.9954569339752197,0.3352386951446533,0.05151503160595894,-0.08995325118303299,0.34834733605384827,-0.04962851479649544,-0.15940096974372864,3.1082286834716797,-0.08174363523721695
38,1.0074050426483154,0.3352386951446533,0.05151503160595894,-0.08995325118303299,0.3535503149032593,-0.0733863040804863,-0.14412713050842285,3.106966495513916,-0.08437080681324005
39,1.0343496799468994,0.3352386951446533,0.05151503160595894,-0.08995325118303299,0.36144399642944336,-0.09904403239488602,-0.1357950121164322,3.1032707691192627,-0.08641830086708069
40,1.0468392372131348,0.3352386951446533,0.05151503160595894,-0.08995325118303299,0.37119320034980774,-0.12271469086408615,-0.13567885756492615,3.097499370574951,-0.08771879225969315
41,1.0751044750213623,0.3352386951446533,0.05151503160595894,-0.08995325118303299,0.3823220431804657,-0.14176014065742493,-0.13255462050437927,3.0889713764190674,-0.08711148798465729
42,1.0857899188995361,0.3352386951446533,0.05151503160595894,-0.08995325118303299,0.3945789933204651,-0.15652583539485931,-0.10994955897331238,3.078911304473877,-0.08371765911579132
43,1.1142399311065674,0.3352386951446533,0.05151503160595894,-0.08995325118303299,0.42198771238327026,-0.1577034294605255,-0.3978196680545807,3.0652413368225098,-0.08866546303033829
44,1.1250998973846436,0.3352386951446533,0.05151503160595894,-0.08995325118303299,0.4042670726776123,-0.1631980985403061,-0.2560768723487854,3.055929183959961,-0.09777379035949707
45,1.1535897254943848,0.3352386951446533,0.05151503160595894,-0.08995325118303299,0.37524986267089844,-0.16746334731578827,-0.06991031020879745,3.0588159561157227,-0.09481463581323624
46,1.1652088165283203,0.3352386951446533,0.05151503160595894,-0.08995325118303299,0.36103206872940063,-0.1689625382423401,-0.0796879231929779,3.067185401916504,-0.08355861157178879
47,1.193455457687378,0.3352386951446533,0.05151503160595894,-0.08995325118303299,0.36235910654067993,-0.16428165137767792,-0.1385135054588318,3.0757226943969727,-0.07234355062246323
48,1.2052695751190186,0.3352386951446533,0.05151503160595894,-0.08995325118303299,0.3635672330856323,-0.1438622921705246,-0.15954288840293884,3.0818426609039307,-0.06396164000034332
49,1.2335116863250732,0.3352386951446533,0.05151503160595894,-0.08995325118303299,0.3492092490196228,-0.09794330596923828,-0.09938719123601913,3.0806803703308105,-0.0566239207983017
50,1.2458670139312744,0.3352386951446533,0.05151503160595894,-0.08995325118303299,0.3281596899032593,-0.04904986545443535,-0.06016843765974045,3.0714194774627686,-0.04949958622455597
51,1.274444818496704,0.3352386951446533,0.05151503160595894,-0.08995325118303299,0.31762129068374634,-0.009722496382892132,-0.03509077802300453,3.0580737590789795,-0.043198082596063614
52,1.2863147258758545,0.3352386951446533,0.05151503160595894,-0.08995325118303299,0.3175877332687378,0.02170652523636818,0.007146964780986309,3.0445919036865234,-0.0381062775850296
53,1.3149776458740234,0.3352386951446533,0.05151503160595894,-0.08995325118303299,0.32417356967926025,0.04857560247182846,0.06068737432360649,3.033600091934204,-0.03428729623556137
54,1.3257887363433838,0.3352386951446533,0.05151503160595894,-0.08995325118303299,0.3353729546070099,0.07226342707872391,0.12522117793560028,3.0259876251220703,-0.03110022097826004
55,1.3565130233764648,0.3352386951446533,0.05151503160595894,-0.08995325118303299,0.3510771095752716,0.09115826338529587,0.2010214924812317,3.022508144378662,-0.027855059131979942
56,1.3670949935913086,0.3352386951446533,0.05151503160595894,-0.08995325118303299,0.36915072798728943,0.1066894382238388,0.2700175642967224,3.0246920585632324,-0.02471722848713398
57,1.4153633117675781,0.3352386951446533,0.05151503160595894,-0.08995325118303299,0.38498440384864807,0.12498518079519272,0.2934924364089966,3.0330305099487305,-0.02225080505013466
58,1.425750732421875,0.3352386951446533,0.05151503160595894,-0.08995325118303299,0.3954507112503052,0.1506066471338272,0.26306164264678955,3.0456106662750244,-0.020438862964510918
59,1.477961778640747,0.3352386951446533,0.05151503160595894,-0.08995325118303299,0.4039331078529358,0.1795719414949417,0.2437646985054016,3.0584909915924072,-0.01894562877714634
60,1.4890191555023193,0.3352386951446533,0.05151503160595894,-0.08995325118303299,0.4125455319881439,0.20133128762245178,0.2279149442911148,3.069199562072754,-0.01690645143389702
61,1.5171382427215576,0.3352386951446533,0.05151503160595894,-0.08995325118303299,0.42305684089660645,0.22213363647460938,0.1745414137840271,3.076885223388672,-0.013049192726612091
62,1.5279946327209473,0.3352386951446533,0.05151503160595894,-0.08995325118303299,0.40576109290122986,0.2555982172489166,0.4009431004524231,3.079136371612549,-0.007826478220522404
63,1.5585267543792725,0.3352386951446533,0.05151503160595894,-0.08995325118303299,0.3790999948978424,0.2381545454263687,0.02393382042646408,3.0885069370269775,-0.004573747981339693
64,1.5698966979980469,0.3352386951446533,0.05151503160595894,-0.08995325118303299,0.3697854280471802,0.22705750167369843,-0.020421870052814484,3.0924055576324463,0.004732784815132618
65,1.5995032787322998,0.3352386951446533,0.05151503160595894,-0.08995325118303299,0.36554986238479614,0.20873437821865082,-0.033658333122730255,3.0880496501922607,0.011595356278121471
66,1.6116375923156738,0.3352386951446533,0.05151503160595894,-0.08995325118303299,0.34491482377052307,0.17633379995822906,-0.07815757393836975,3.0847527980804443,0.013405763544142246
67,1.6401722431182861,0.3352386951446533,0.05151503160595894,-0.08995325118303299,0.3200724422931671,0.14744526147842407,-0.1115279570221901,3.0869545936584473,0.012146622873842716
68,1.6514708995819092,0.3352386951446533,0.05151503160595894,-0.08995325118303299,0.3018709719181061,0.12976671755313873,-0.08990779519081116,3.092170476913452,0.00962885469198227
69,1.6789677143096924,0.3352386951446533,0.05151503160595894,-0.08995325118303299,0.2873198688030243,0.11640816181898117,-0.08629489690065384,3.0984511375427246,0.007705873344093561
70,1.6915035247802734,0.3352386951446533,0.05151503160595894,-0.08995325118303299,0.275722473859787,0.10263443738222122,-0.08923099935054779,3.1041383743286133,0.006507291924208403
71,1.7220091819763184,0.3352386951446533,0.05151503160595894,-0.08995325118303299,0.2659889757633209,0.08748071640729904,-0.07850310206413269,3.1085822582244873,0.005930864252150059
72,1.73295259475708,0.3352386951446533,0.05151503160595894,-0.08995325118303299,0.2578125298023224,0.0710359513759613,-0.05962694063782692,3.1123058795928955,0.006138023920357227
73,1.7597744464874268,0.3352386951446533,0.05151503160595894,-0.08995325118303299,0.2513851225376129,0.05454312264919281,-0.056535668671131134,3.1158225536346436,0.006962522864341736
74,1.7702653408050537,0.3352386951446533,0.05151503160595894,-0.08995325118303299,0.2462715357542038,0.0388210192322731,-0.06295367330312729,3.1185271739959717,0.008119734935462475
75,1.7985544204711914,0.3352386951446533,0.05151503160595894,-0.08995325118303299,0.24313199520111084,0.02374730259180069,-0.0714481920003891,3.119208335876465,0.009340556338429451
76,1.8094627857208252,0.3352386951446533,0.05151503160595894,-0.08995325118303299,0.24072378873825073,0.008430535905063152,-0.08221729844808578,3.1173574924468994,0.010790597647428513
77,1.8373379707336426,0.3352386951446533,0.05151503160595894,-0.08995325118303299,0.24129986763000488,-0.008861048147082329,-0.0778220146894455,3.1133971214294434,0.012320352718234062
78,1.8481733798980713,0.3352386951446533,0.05151503160595894,-0.08995325118303299,0.24514859914779663,-0.028813311830163002,-0.060200490057468414,3.108292579650879,0.013654298149049282
79,1.8752975463867188,0.3352386951446533,0.05151503160595894,-0.08995325118303299,0.24967080354690552,-0.05141507089138031,-0.04345998167991638,3.1031899452209473,0.015345650725066662
80,1.8854255676269531,0.3352386951446533,0.05151503160595894,-0.08995325118303299,0.25875797867774963,-0.07917076349258423,-0.03694302588701248,3.099090099334717,0.0171789713203907
81,1.912940502166748,0.3352386951446533,0.05151503160595894,-0.08995325118303299,0.2695256173610687,-0.10809625685214996,-0.018050849437713623,3.097032070159912,0.019766872748732567
82,1.9233605861663818,0.3352386951446533,0.05151503160595894,-0.08995325118303299,0.28527167439460754,-0.13570553064346313,0.019682491198182106,3.09833025932312,0.02322748675942421
83,1.9508171081542969,0.3352386951446533,0.05151503160595894,-0.08995325118303299,0.3006516396999359,-0.15965965390205383,0.0419020876288414,3.1051828861236572,0.02739286795258522
84,1.9611690044403076,0.3352386951446533,0.05151503160595894,-0.08995325118303299,0.3022708296775818,-0.17227962613105774,0.004206396639347076,3.119457483291626,0.03452793136239052
85,1.9887609481811523,0.3352386951446533,0.05151503160595894,-0.08995325118303299,0.30176636576652527,-0.14210161566734314,-0.08530131727457047,3.1286497116088867,0.041526228189468384
86,2.002166509628296,0.3352386951446533,0.05151503160595894,-0.08995325118303299,0.274479478597641,-0.09410993754863739,0.0014090090990066528,3.1185755729675293,0.039633627980947495
87,2.029876232147217,0.3352386951446533,0.05151503160595894,-0.08995325118303299,0.24986551702022552,-0.06453171372413635,0.033766306936740875,3.103098154067993,0.035683322697877884
88,2.0403037071228027,0.3352386951446533,0.05151503160595894,-0.08995325118303299,0.23183143138885498,-0.04185788705945015,0.05070476606488228,3.0909340381622314,0.03345640376210213
89,2.0672860145568848,0.3352386951446533,0.05151503160595894,-0.08995325118303299,0.2195589691400528,-0.0220064427703619,0.0209093876183033,3.083069324493408,0.03319017216563225
90,2.077718734741211,0.3352386951446533,0.05151503160595894,-0.08995325118303299,0.21073085069656372,-0.00513308122754097,-0.025186389684677124,3.0790860652923584,0.03426796570420265
91,2.1043803691864014,0.3352386951446533,0.05151503160595894,-0.08995325118303299,0.20454420149326324,0.011078773997724056,-0.05428120866417885,3.0781052112579346,0.03570769354701042
92,2.115835189819336,0.3352386951446533,0.05151503160595894,-0.08995325118303299,0.19875913858413696,0.029126612469553947,-0.08452322334051132,3.0793752670288086,0.0370691642165184
93,2.142531156539917,0.3352386951446533,0.05151503160595894,-0.08995325118303299,0.19384196400642395,0.05662539228796959,-0.1006198301911354,3.080895185470581,0.03741379827260971
94,2.1536364555358887,0.3352386951446533,0.05151503160595894,-0.08995325118303299,0.18884176015853882,0.0863596722483635,-0.06902056932449341,3.081684112548828,0.036578573286533356
95,2.1804046630859375,0.3352386951446533,0.05151503160595894,-0.08995325118303299,0.18174578249454498,0.1168883815407753,-0.028999745845794678,3.082412004470825,0.03549972176551819
96,2.1908771991729736,0.3352386951446533,0.05151503160595894,-0.08995325118303299,0.17159421741962433,0.14367325603961945,-0.05444667488336563,3.0835115909576416,0.036793436855077744
97,2.2184395790100098,0.3352386951446533,0.05151503160595894,-0.08995325118303299,0.16509079933166504,0.1708785593509674,-0.10182859748601913,3.0839297771453857,0.04108112305402756
98,2.2292418479919434,0.3352386951446533,0.05151503160595894,-0.08995325118303299,0.16567721962928772,0.20124337077140808,-0.16003942489624023,3.0828700065612793,0.0454636849462986
99,2.255312919616699,0.3352386951446533,0.05151503160595894,-0.08995325118303299,0.17333558201789856,0.21470625698566437,0.1666828840970993,3.0822489261627197,0.03589938208460808
100,2.2653682231903076,0.3352386951446533,0.05151503160595894,-0.08995325118303299,0.1704193502664566,0.20189495384693146,0.012298309244215488,3.0846877098083496,0.021446354687213898
101,2.2913622856140137,0.3352386951446533,0.05151503160595894,-0.08995325118303299,0.1709505021572113,0.17439430952072144,-0.029806535691022873,3.087233066558838,0.011775289662182331
102,2.3018715381622314,0.3352386951446533,0.05151503160595894,-0.08995325118303299,0.17535775899887085,0.1419895440340042,-0.04843021184206009,3.09320068359375,0.0023098434321582317
103,2.333059787750244,0.3352386951446533,0.05151503160595894,-0.08995325118303299,0.1768953502178192,0.11929809302091599,-0.061024509370326996,3.097766399383545,-0.007619048934429884
104,2.346825361251831,0.3352386951446533,0.05151503160595894,-0.08995325118303299,0.178060382604599,0.09747835993766785,-0.06964123994112015,3.0991272926330566,-0.014917639084160328
105,2.3741202354431152,0.3352386951446533,0.05151503160595894,-0.08995325118303299,0.18294914066791534,0.07183097302913666,-0.07231344282627106,3.0983996391296387,-0.01915065385401249
106,2.3852579593658447,0.3352386951446533,0.05151503160595894,-0.08995325118303299,0.19155459105968475,0.04391336441040039,-0.06131444871425629,3.0965564250946045,-0.021183591336011887
107,2.4127442836761475,0.3352386951446533,0.05151503160595894,-0.08995325118303299,0.20384971797466278,0.015316270291805267,-0.04398778825998306,3.09420108795166,-0.02187684178352356
108,2.423774003982544,0.3352386951446533,0.05151503160595894,-0.08995325118303299,0.21979920566082,-0.013180634938180447,-0.03298386558890343,3.0914077758789062,-0.02244381792843342
109,2.450690984725952,0.3352386951446533,0.05151503160595894,-0.08995325118303299,0.23713447153568268,-0.041404981166124344,-0.028063643723726273,3.0877158641815186,-0.023586006835103035
110,2.4612271785736084,0.3352386951446533,0.05151503160595894,-0.08995325118303299,0.25413089990615845,-0.07014025747776031,-0.030342819169163704,3.0833258628845215,-0.024937234818935394
111,2.4903717041015625,0.3352386951446533,0.05151503160595894,-0.08995325118303299,0.272951602935791,-0.10115091502666473,-0.03689347952604294,3.0797524452209473,-0.02641679160296917
112,2.50058913230896,0.3352386951446533,0.05151503160595894,-0.08995325118303299,0.2919178605079651,-0.13315950334072113,-0.035006552934646606,3.0786421298980713,-0.02705000527203083
113,2.5266122817993164,0.3352386951446533,0.05151503160595894,-0.08995325118303299,0.3113262951374054,-0.16493158042430878,-0.03163096681237221,3.081904411315918,-0.024713225662708282
114,2.5365748405456543,0.3352386951446533,0.05151503160595894,-0.08995325118303299,0.32533323764801025,-0.18532858788967133,-0.07070915400981903,3.089256763458252,-0.023118451237678528
115,2.5630078315734863,0.3352386951446533,0.05151503160595894,-0.08995325118303299,0.33094874024391174,-0.19243307411670685,-0.1636633425951004,3.0989439487457275,-0.021221913397312164
116,2.573676824569702,0.3352386951446533,0.05151503160595894,-0.08995325118303299,0.32668349146842957,-0.16245760023593903,-0.195175901055336,3.1027302742004395,-0.018734443932771683
117,2.600616931915283,0.3352386951446533,0.05151503160595894,-0.08995325118303299,0.30933231115341187,-0.11061479896306992,-0.07087764889001846,3.0935330390930176,-0.017265986651182175
118,2.6109840869903564,0.3352386951446533,0.05151503160595894,-0.08995325118303299,0.2936943471431732,-0.0732141062617302,-0.05175721272826195,3.0775787830352783,-0.016287412494421005
119,2.639033079147339,0.3352386951446533,0.05151503160595894,-0.08995325118303299,0.2887362539768219,-0.04651322215795517,-0.04168319329619408,3.061770439147949,-0.014717726036906242
120,2.649693489074707,0.3352386951446533,0.05151503160595894,-0.08995325118303299,0.2917648255825043,-0.024029206484556198,-0.028328904882073402,3.0484700202941895,-0.012870819307863712
121,2.676529884338379,0.3352386951446533,0.05151503160595894,-0.08995325118303299,0.30013877153396606,-0.004910893738269806,0.022515738382935524,3.0382490158081055,-0.010988875292241573
122,2.6878318786621094,0.3352386951446533,0.05151503160595894,-0.08995325118303299,0.3137089014053345,0.010571034625172615,0.09678353369235992,3.031397581100464,-0.00905366986989975
123,2.7142508029937744,0.3352386951446533,0.05151503160595894,-0.08995325118303299,0.33106541633605957,0.022431211546063423,0.1783216893672943,3.028635263442993,-0.007217306178063154
124,2.72444486618042,0.3352386951446533,0.05151503160595894,-0.08995325118303299,0.3495737910270691,0.0334201455116272,0.24610650539398193,3.030714750289917,-0.005819087848067284
125,2.7511229515075684,0.3352386951446533,0.05151503160595894,-0.08995325118303299,0.3667945861816406,0.0481676310300827,0.2635861337184906,3.0373198986053467,-0.005195390433073044
126,2.7615270614624023,0.3352386951446533,0.05151503160595894,-0.08995325118303299,0.3812272846698761,0.07002457976341248,0.22651644051074982,3.047145366668701,-0.005540922749787569
127,2.7898550033569336,0.3352386951446533,0.05151503160595894,-0.08995325118303299,0.39287060499191284,0.09691502898931503,0.17751438915729523,3.058194160461426,-0.006575165316462517
128,2.806671619415283,0.3352386951446533,0.05151503160595894,-0.08995325118303299,0.40168648958206177,0.1184939295053482,0.17183902859687805,3.068970203399658,-0.006834338419139385
129,2.838092565536499,0.3352386951446533,0.05151503160595894,-0.08995325118303299,0.4121798574924469,0.13481467962265015,0.14849475026130676,3.077756404876709,-0.0038621006533503532
130,2.854749917984009,0.3352386951446533,0.05151503160595894,-0.08995325118303299,0.42803841829299927,0.1543300300836563,0.08032072335481644,3.081598997116089,0.0037816837430000305
131,2.895094394683838,0.3352386951446533,0.05151503160595894,-0.08995325118303299,0.42187419533729553,0.18621130287647247,0.11727536469697952,3.076831102371216,0.01538834162056446
132,2.905794382095337,0.3352386951446533,0.05151503160595894,-0.08995325118303299,0.4083879590034485,0.17880208790302277,0.012053442187607288,3.0720937252044678,0.021845882758498192
133,2.932516574859619,0.3352386951446533,0.05151503160595894,-0.08995325118303299,0.38300037384033203,0.15984892845153809,0.0022153863683342934,3.066462755203247,0.028993530198931694
134,2.9449574947357178,0.3352386951446533,0.05151503160595894,-0.08995325118303299,0.3555239140987396,0.13546016812324524,-0.09270772337913513,3.066063642501831,0.032472603023052216
135,2.9722514152526855,0.3352386951446533,0.05151503160595894,-0.08995325118303299,0.32809847593307495,0.11843404173851013,-0.0916067361831665,3.071582794189453,0.03078369051218033
136,2.990124464035034,0.3352386951446533,0.05151503160595894,-0.08995325118303299,0.3062877655029297,0.11095866560935974,-0.08291070908308029,3.0790019035339355,0.026903973892331123
137,3.019399404525757,0.3352386951446533,0.05151503160595894,-0.08995325118303299,0.28868934512138367,0.10731681436300278,-0.08995701372623444,3.085296869277954,0.022565767168998718
138,3.0296568870544434,0.3352386951446533,0.05151503160595894,-0.08995325118303299,0.2729354202747345,0.10364075005054474,-0.09117276221513748,3.089306116104126,0.018521949648857117
139,3.0564792156219482,0.3352386951446533,0.05151503160595894,-0.08995325118303299,0.25642478466033936,0.09739468991756439,-0.067292720079422,3.0916543006896973,0.01572296768426895
140,3.066728115081787,0.3352386951446533,0.05151503160595894,-0.08995325118303299,0.24057184159755707,0.08797303587198257,-0.034687794744968414,3.093630790710449,0.014341190457344055
141,3.0941689014434814,0.3352386951446533,0.05151503160595894,-0.08995325118303299,0.22626495361328125,0.07654345035552979,0.00039951130747795105,3.0956132411956787,0.01381512451916933
142,3.1052300930023193,0.3352386951446533,0.05151503160595894,-0.08995325118303299,0.2122388780117035,0.06469740718603134,0.024824554100632668,3.0966551303863525,0.014052994549274445
143,3.133140802383423,0.3352386951446533,0.05151503160595894,-0.08995325118303299,0.20018203556537628,0.052507657557725906,0.026517096906900406,3.0965778827667236,0.01492250245064497
144,3.1452481746673584,0.3352386951446533,0.05151503160595894,-0.08995325118303299,0.18944531679153442,0.039954256266355515,0.030812088400125504,3.0959384441375732,0.016487987712025642
145,3.172633171081543,0.3352386951446533,0.05151503160595894,-0.08995325118303299,0.17966260015964508,0.02759687975049019,0.03825122117996216,3.094838857650757,0.019189151003956795
146,3.1836938858032227,0.3352386951446533,0.05151503160595894,-0.08995325118303299,0.1735619306564331,0.01419458631426096,0.047351010143756866,3.09326434135437,0.022653352469205856
147,3.2106528282165527,0.3352386951446533,0.05151503160595894,-0.08995325118303299,0.16956058144569397,-0.000536082312464714,0.07163375616073608,3.0913491249084473,0.026433970779180527
148,3.2219507694244385,0.3352386951446533,0.05151503160595894,-0.08995325118303299,0.16759103536605835,-0.016946693882346153,0.09649266302585602,3.0899243354797363,0.03033662773668766
149,3.2487435340881348,0.3352386951446533,0.05151503160595894,-0.08995325118303299,0.16706590354442596,-0.034005116671323776,0.11550110578536987,3.0906803607940674,0.03449008986353874
150,3.259033203125,0.3352386951446533,0.05151503160595894,-0.08995325118303299,0.16807499527931213,-0.048831671476364136,0.12294107675552368,3.095160484313965,0.03880895674228668
151,3.2863354682922363,0.3352386951446533,0.05151503160595894,-0.08995325118303299,0.1710212677717209,-0.05829526484012604,0.08382382243871689,3.103848695755005,0.041637521237134933
152,3.29716157913208,0.3352386951446533,0.05151503160595894,-0.08995325118303299,0.18599191308021545,-0.041486259549856186,-0.09164358675479889,3.113251209259033,0.04096230864524841
153,3.3242862224578857,0.3352386951446533,0.05151503160595894,-0.08995325118303299,0.18628671765327454,-0.0029605580493807793,-0.07783707976341248,3.110948324203491,0.034265052527189255
154,3.33439302444458,0.3352386951446533,0.05151503160595894,-0.08995325118303299,0.17432262003421783,0.0468020960688591,-0.00214993953704834,3.099926471710205,0.028378840535879135
155,3.361886739730835,0.3352386951446533,0.05151503160595894,-0.08995325118303299,0.17901356518268585,0.09073962271213531,0.04829216003417969,3.0912108421325684,0.023489048704504967
156,3.372257709503174,0.3352386951446533,0.05151503160595894,-0.08995325118303299,0.19454851746559143,0.12425322085618973,0.07241304218769073,3.0882842540740967,0.01910165324807167
157,3.398505449295044,0.3352386951446533,0.05151503160595894,-0.08995325118303299,0.2068907618522644,0.14897455275058746,0.06693003326654434,3.090500831604004,0.016962992027401924
158,3.4090113639831543,0.3352386951446533,0.05151503160595894,-0.08995325118303299,0.21511663496494293,0.17085248231887817,0.022300468757748604,3.096174716949463,0.019630109891295433
159,3.4377176761627197,0.3352386951446533,0.05151503160595894,-0.08995325118303299,0.2317136973142624,0.20086200535297394,0.013762269169092178,3.103832721710205,0.02573535405099392
160,3.449657440185547,0.3352386951446533,0.05151503160595894,-0.08995325118303299,0.2543949782848358,0.24403607845306396,0.03198420628905296,3.1111292839050293,0.030467486009001732
161,3.476625442504883,0.3352386951446533,0.05151503160595894,-0.08995325118303299,0.2643927037715912,0.27709880471229553,0.2404072880744934,3.1146721839904785,0.028364794328808784
162,3.4873976707458496,0.3352386951446533,0.05151503160595894,-0.08995325118303299,0.2743520140647888,0.240912064909935,0.3024674355983734,3.1282806396484375,0.018183037638664246
163,3.5139925479888916,0.3352386951446533,0.05151503160595894,-0.08995325118303299,0.29078811407089233,0.22198925912380219,0.1207246333360672,3.1401915550231934,0.018696120008826256
164,3.5248031616210938,0.3352386951446533,0.05151503160595894,-0.08995325118303299,0.31926289200782776,0.20764923095703125,-0.0087319016456604,-3.138002872467041,0.01778477057814598
165,3.5512638092041016,0.3352386951446533,0.05151503160595894,-0.08995325118303299,0.3267630636692047,0.1646566241979599,0.028096992522478104,-3.1368649005889893,0.012917447835206985
166,3.5645933151245117,0.3352386951446533,0.05151503160595894,-0.08995325118303299,0.3287406265735626,0.11175014078617096,-0.06737945973873138,-3.13427472114563,0.005664121825248003
167,3.591707944869995,0.3352386951446533,0.05151503160595894,-0.08995325118303299,0.3293244242668152,0.07462339848279953,-0.07643292844295502,-3.131983518600464,-0.0029569678008556366
168,3.602949380874634,0.3352386951446533,0.05151503160595894,-0.08995325118303299,0.3332284986972809,0.04484777897596359,-0.10391505807638168,-3.131099224090576,-0.010331675410270691
169,3.6311028003692627,0.3352386951446533,0.05151503160595894,-0.08995325118303299,0.34357768297195435,0.018193911761045456,-0.123667873442173,-3.1322314739227295,-0.01768808253109455
170,3.6441543102264404,0.3352386951446533,0.05151503160595894,-0.08995325118303299,0.356594443321228,-0.006229562219232321,-0.12466281652450562,-3.135713815689087,-0.025620125234127045
171,3.6712284088134766,0.3352386951446533,0.05151503160595894,-0.08995325118303299,0.37072548270225525,-0.030892889946699142,-0.1378570944070816,-3.141317129135132,-0.03332582861185074
172,3.681328296661377,0.3352386951446533,0.05151503160595894,-0.08995325118303299,0.3867834210395813,-0.056016772985458374,-0.15368828177452087,3.1343984603881836,-0.040179699659347534
173,3.709770679473877,0.3352386951446533,0.05151503160595894,-0.08995325118303299,0.40369540452957153,-0.07669056206941605,-0.16406169533729553,3.1244633197784424,-0.04516282677650452
174,3.721147060394287,0.3352386951446533,0.05151503160595894,-0.08995325118303299,0.4233112931251526,-0.09251006692647934,-0.15981097519397736,3.1122357845306396,-0.0477573536336422
175,3.7485733032226562,0.3352386951446533,0.05151503160595894,-0.08995325118303299,0.4449247121810913,-0.10641767084598541,-0.13985510170459747,3.0999996662139893,-0.04866347834467888
176,3.759042501449585,0.3352386951446533,0.05151503160595894,-0.08995325118303299,0.4648593068122864,-0.11944685131311417,-0.12114837765693665,3.090946674346924,-0.04832015931606293
177,3.7896134853363037,0.3352386951446533,0.05151503160595894,-0.08995325118303299,0.48650431632995605,-0.13574104011058807,-0.06980424374341965,3.0886900424957275,-0.045059144496917725
178,3.7995893955230713,0.3352386951446533,0.05151503160595894,-0.08995325118303299,0.4648228585720062,-0.14651913940906525,-0.1291525661945343,3.090848445892334,-0.04374616593122482
179,3.8261139392852783,0.3352386951446533,0.05151503160595894,-0.08995325118303299,0.4372532367706299,-0.15395314991474152,-0.23485234379768372,3.097353935241699,-0.03712574765086174
180,3.8362138271331787,0.3352386951446533,0.05151503160595894,-0.08995325118303299,0.42279526591300964,-0.14556261897087097,-0.2605445981025696,3.1041717529296875,-0.028688209131360054
181,3.8632655143737793,0.3352386951446533,0.05151503160595894,-0.08995325118303299,0.4042031466960907,-0.11584454774856567,-0.16355597972869873,3.1064350605010986,-0.022415533661842346
182,3.873765707015991,0.3352386951446533,0.05151503160595894,-0.08995325118303299,0.3729114234447479,-0.08045793324708939,-0.08628127723932266,3.1023828983306885,-0.017867522314190865
183,3.9009926319122314,0.3352386951446533,0.05151503160595894,-0.08995325118303299,0.34730958938598633,-0.053730640560388565,-0.09521250426769257,3.094472885131836,-0.014610137790441513
184,3.9112632274627686,0.3352386951446533,0.05151503160595894,-0.08995325118303299,0.3285486698150635,-0.03124203532934189,-0.10205504298210144,3.084538459777832,-0.011983891017735004
185,3.940786361694336,0.3352386951446533,0.05151503160595894,-0.08995325118303299,0.3153509497642517,-0.011036977171897888,-0.08057013899087906,3.0742509365081787,-0.009878000244498253
186,3.956836462020874,0.3352386951446533,0.05151503160595894,-0.08995325118303299,0.3075579106807709,0.006599001120775938,-0.04526737332344055,3.065469980239868,-0.00873450469225645
187,3.9863197803497314,0.3352386951446533,0.05151503160595894,-0.08995325118303299,0.3032873272895813,0.02269108220934868,-0.0050752293318510056,3.059041976928711,-0.008363928645849228
188,3.998746395111084,0.3352386951446533,0.05151503160595894,-0.08995325118303299,0.3026493489742279,0.037786178290843964,0.036095552146434784,3.054490566253662,-0.007753931451588869
189,4.025970220565796,0.3352386951446533,0.05151503160595894,-0.08995325118303299,0.30667880177497864,0.04936656355857849,0.09586828202009201,3.0515284538269043,-0.005892609246075153
190,4.036287307739258,0.3352386951446533,0.05151503160595894,-0.08995325118303299,0.31419289112091064,0.0570213682949543,0.16754984855651855,3.0506815910339355,-0.0023414213210344315
191,4.063422441482544,0.3352386951446533,0.05151503160595894,-0.08995325118303299,0.3235860764980316,0.06274556368589401,0.23541097342967987,3.052882671356201,0.002220527734607458
192,4.076962232589722,0.3352386951446533,0.05151503160595894,-0.08995325118303299,0.33403724431991577,0.0711437538266182,0.2729537785053253,3.057992696762085,0.006344750057905912
193,4.103661775588989,0.3352386951446533,0.05151503160595894,-0.08995325118303299,0.3451741337776184,0.08626748621463776,0.26507997512817383,3.06443452835083,0.008683014661073685
194,4.114986181259155,0.3352386951446533,0.05151503160595894,-0.08995325118303299,0.35588571429252625,0.1062789112329483,0.23112240433692932,3.0709903240203857,0.00903075560927391
195,4.143301486968994,0.3352386951446533,0.05151503160595894,-0.08995325118303299,0.3653903603553772,0.12699538469314575,0.19191230833530426,3.0780982971191406,0.008370824158191681
196,4.155133008956909,0.3352386951446533,0.05151503160595894,-0.08995325118303299,0.3733898997306824,0.1447504758834839,0.1344694197177887,3.0868918895721436,0.008537046611309052
197,4.183047533035278,0.3352386951446533,0.05151503160595894,-0.08995325118303299,0.38583022356033325,0.1626010239124298,0.03838567063212395,3.095980644226074,0.010320578701794147
198,4.195024728775024,0.3352386951446533,0.05151503160595894,-0.08995325118303299,0.3543671667575836,0.20925584435462952,0.017670903354883194,3.099050521850586,0.014475729316473007
199,4.2217841148376465,0.3352386951446533,0.05151503160595894,-0.08995325118303299,0.3635149598121643,0.16510924696922302,-0.09415069222450256,3.09128475189209,0.014263018034398556
200,4.231639385223389,0.3352386951446533,0.05151503160595894,-0.08995325118303299,0.3362398147583008,0.12423461675643921,-0.023275524377822876,3.0835089683532715,0.02004080079495907
201,4.257897138595581,0.3352386951446533,0.05151503160595894,-0.08995325118303299,0.3138338029384613,0.08329159021377563,-0.06833717972040176,3.0846660137176514,0.026049280539155006
202,4.267897367477417,0.3352386951446533,0.05151503160595894,-0.08995325118303299,0.29430505633354187,0.05131516233086586,-0.09290313720703125,3.092102527618408,0.026965877041220665
203,4.293914318084717,0.3352386951446533,0.05151503160595894,-0.08995325118303299,0.2769221365451813,0.027858976274728775,-0.10913721472024918,3.1000943183898926,0.024304693564772606
204,4.304296255111694,0.3352386951446533,0.05151503160595894,-0.08995325118303299,0.26241248846054077,0.006163532845675945,-0.12420488148927689,3.1060829162597656,0.020976034924387932
205,4.331192493438721,0.3352386951446533,0.05151503160595894,-0.08995325118303299,0.2488054633140564,-0.01788271591067314,-0.1137080043554306,3.108964681625366,0.01845298334956169
206,4.341300010681152,0.3352386951446533,0.05151503160595894,-0.08995325118303299,0.2356160283088684,-0.045298732817173004,-0.08847230672836304,3.108720541000366,0.017405591905117035
207,4.3675782680511475,0.3352386951446533,0.05151503160595894,-0.08995325118303299,0.22488708794116974,-0.07495447993278503,-0.06737872213125229,3.1060850620269775,0.01735858805477619
208,4.378260374069214,0.3352386951446533,0.05151503160595894,-0.08995325118303299,0.21526400744915009,-0.1047678291797638,-0.03367570415139198,3.1018264293670654,0.017967430874705315
209,4.40505576133728,0.3352386951446533,0.05151503160595894,-0.08995325118303299,0.20578916370868683,-0.13484613597393036,-0.006505976431071758,3.0970263481140137,0.019528644159436226
210,4.4152607917785645,0.3352386951446533,0.05151503160595894,-0.08995325118303299,0.19540700316429138,-0.16585098206996918,0.00700626103207469,3.0936498641967773,0.023175815120339394
211,4.443812131881714,0.3352386951446533,0.05151503160595894,-0.08995325118303299,0.18325425684452057,-0.19665876030921936,0.03911149501800537,3.093425989151001,0.030497223138809204
212,4.454432725906372,0.3352386951446533,0.05151503160595894,-0.08995325118303299,0.18072491884231567,-0.2235720157623291,-0.016815990209579468,3.097465753555298,0.04056530073285103
213,4.48180627822876,0.3352386951446533,0.05151503160595894,-0.08995325118303299,0.18795377016067505,-0.23002269864082336,-0.0777454674243927,3.100386381149292,0.04188496991991997
214,4.492475986480713,0.3352386951446533,0.05151503160595894,-0.08995325118303299,0.1871640384197235,-0.2298486977815628,-0.0691397488117218,3.1033856868743896,0.03887384012341499
215,4.523261308670044,0.3352386951446533,0.05151503160595894,-0.08995325118303299,0.18292236328125,-0.22108648717403412,-0.0874725729227066,3.107334613800049,0.03566788136959076
216,4.534607172012329,0.3352386951446533,0.05151503160595894,-0.08995325118303299,0.17697834968566895,-0.19364497065544128,-0.08255254477262497,3.110255241394043,0.032281093299388885
217,4.561492919921875,0.3352386951446533,0.05151503160595894,-0.08995325118303299,0.16119857132434845,-0.15055592358112335,-0.07434621453285217,3.1083743572235107,0.029221029952168465
218,4.571910858154297,0.3352386951446533,0.05151503160595894,-0.08995325118303299,0.14915551245212555,-0.1100776344537735,-0.08265520632266998,3.1028759479522705,0.026161618530750275
219,4.598093509674072,0.3352386951446533,0.05151503160595894,-0.08995325118303299,0.14202024042606354,-0.07726991921663284,-0.07930383086204529,3.0974161624908447,0.02310982719063759
220,4.608381986618042,0.3352386951446533,0.05151503160595894,-0.08995325118303299,0.13746999204158783,-0.04984283447265625,-0.04647304117679596,3.0936055183410645,0.020926520228385925
221,4.635330677032471,0.3352386951446533,0.05151503160595894,-0.08995325118303299,0.1353222280740738,-0.02441456727683544,-0.03808477148413658,3.091517210006714,0.020386625081300735
222,4.6452202796936035,0.3352386951446533,0.05151503160595894,-0.08995325118303299,0.13481323421001434,0.0007573605980724096,-0.06625660508871078,3.090693473815918,0.02160588465631008
223,4.674681901931763,0.3352386951446533,0.05151503160595894,-0.08995325118303299,0.13439571857452393,0.023371167480945587,-0.11687880009412766,3.0911662578582764,0.024560725316405296
224,4.687804222106934,0.3352386951446533,0.05151503160595894,-0.08995325118303299,0.13750559091567993,0.051297131925821304,-0.18813180923461914,3.0919594764709473,0.028210176154971123
225,4.71414852142334,0.3352386951446533,0.05151503160595894,-0.08995325118303299,0.1432354599237442,0.08112434297800064,-0.19263136386871338,3.092546224594116,0.030883407220244408
226,4.7250072956085205,0.3352386951446533,0.05151503160595894,-0.08995325118303299,0.148678258061409,0.10828624665737152,-0.19667118787765503,3.0938220024108887,0.03292059525847435
227,4.751606225967407,0.3352386951446533,0.05151503160595894,-0.08995325118303299,0.15591199696063995,0.1401231586933136,-0.21599695086479187,3.0959808826446533,0.03449099138379097
228,4.762108564376831,0.3352386951446533,0.05151503160595894,-0.08995325118303299,0.1632414013147354,0.16776622831821442,-0.2072548270225525,3.099252939224243,0.035524848848581314
229,4.788737535476685,0.3352386951446533,0.05151503160595894,-0.08995325118303299,0.17302054166793823,0.1958308219909668,-0.18400153517723083,3.103835105895996,0.0351131446659565
230,4.7996745109558105,0.3352386951446533,0.05151503160595894,-0.08995325118303299,0.14630800485610962,0.24330143630504608,0.06567814201116562,3.107367515563965,0.031820040196180344
231,4.8286097049713135,0.3352386951446533,0.05151503160595894,-0.08995325118303299,0.18274042010307312,0.22874552011489868,-0.0026441174559295177,3.108846426010132,0.025296907871961594
232,4.839421033859253,0.3352386951446533,0.05151503160595894,-0.08995325118303299,0.2055547684431076,0.20773619413375854,0.006381213199347258,3.1116678714752197,0.02151893824338913
233,4.865642309188843,0.3352386951446533,0.05151503160595894,-0.08995325118303299,0.22437602281570435,0.16651608049869537,0.046372249722480774,3.118748188018799,0.01583772525191307
234,4.875473976135254,0.3352386951446533,0.05151503160595894,-0.08995325118303299,0.2421015352010727,0.1195712462067604,-0.02517072483897209,3.1297614574432373,0.007325136102735996
235,4.902684211730957,0.3352386951446533,0.05151503160595894,-0.08995325118303299,0.25315579771995544,0.08160339295864105,-0.0691731870174408,3.1381261348724365,-0.002688019536435604
236,4.912662506103516,0.3352386951446533,0.05151503160595894,-0.08995325118303299,0.26425254344940186,0.04681380093097687,-0.11046965420246124,-3.141256093978882,-0.010501979850232601
237,4.939756393432617,0.3352386951446533,0.05151503160595894,-0.08995325118303299,0.28039082884788513,0.012929192744195461,-0.13621705770492554,-3.1405322551727295,-0.016060668975114822
238,4.951290607452393,0.3352386951446533,0.05151503160595894,-0.08995325118303299,0.3011338710784912,-0.018521102145314217,-0.14429190754890442,3.1410326957702637,-0.021036937832832336
239,4.977856159210205,0.3352386951446533,0.05151503160595894,-0.08995325118303299,0.32312533259391785,-0.04630698636174202,-0.1316012740135193,3.1367175579071045,-0.025855105370283127
240,4.988666296005249,0.3352386951446533,0.05151503160595894,-0.08995325118303299,0.3452644944190979,-0.06913655996322632,-0.11186078935861588,3.128936529159546,-0.02961762435734272
241,5.020673036575317,0.3352386951446533,0.05151503160595894,-0.08995325118303299,0.36962801218032837,-0.0887274220585823,-0.09703729301691055,3.1184864044189453,-0.03199376165866852
242,5.031392574310303,0.3352386951446533,0.05151503160595894,-0.08995325118303299,0.3955337107181549,-0.1090213730931282,-0.07713814079761505,3.1080422401428223,-0.0332527682185173
243,5.059838771820068,0.3352386951446533,0.05151503160595894,-0.08995325118303299,0.42108985781669617,-0.13014119863510132,-0.07097680866718292,3.1006109714508057,-0.033632367849349976
244,5.070876836776733,0.3352386951446533,0.05151503160595894,-0.08995325118303299,0.44108644127845764,-0.1521017849445343,-0.09356857091188431,3.099402904510498,-0.03146427124738693
245,5.096514940261841,0.3352386951446533,0.05151503160595894,-0.08995325118303299,0.4576326906681061,-0.17568419873714447,-0.08524364233016968,3.1075172424316406,-0.02297263778746128
246,5.1090075969696045,0.3352386951446533,0.05151503160595894,-0.08995325118303299,0.4529997408390045,-0.18202432990074158,-0.2407769113779068,3.118781805038452,-0.016789957880973816
247,5.139499187469482,0.3352386951446533,0.05151503160595894,-0.08995325118303299,0.440287321805954,-0.16779248416423798,-0.31193333864212036,3.1281373500823975,-0.011413621716201305
248,5.153146266937256,0.3352386951446533,0.05151503160595894,-0.08995325118303299,0.4167724847793579,-0.12636002898216248,-0.18441882729530334,3.128404140472412,-0.006843659095466137
249,5.181116580963135,0.3352386951446533,0.05151503160595894,-0.08995325118303299,0.37988197803497314,-0.08452466875314713,-0.06424566358327866,3.1188759803771973,-0.0029297894798219204
250,5.191540241241455,0.3352386951446533,0.05151503160595894,-0.08995325118303299,0.3518286347389221,-0.05617059767246246,-0.05208444595336914,3.1057732105255127,0.0005926899029873312
251,5.218543767929077,0.3352386951446533,0.05151503160595894,-0.08995325118303299,0.3346080780029297,-0.03419329971075058,-0.05530852824449539,3.092358112335205,0.0032742281910032034
252,5.229767084121704,0.3352386951446533,0.05151503160595894,-0.08995325118303299,0.3246401250362396,-0.014898543246090412,-0.03850707411766052,3.0801820755004883,0.00424234289675951
253,5.25597620010376,0.3352386951446533,0.05151503160595894,-0.08995325118303299,0.3193405866622925,0.0028495495207607746,-0.004300802946090698,3.070403814315796,0.0030818553641438484
254,5.26662802696228,0.3352386951446533,0.05151503160595894,-0.08995325118303299,0.31649690866470337,0.01969258114695549,0.035780951380729675,3.063380479812622,0.0007751545053906739
255,5.293993949890137,0.3352386951446533,0.05151503160595894,-0.08995325118303299,0.3175152838230133,0.0345010906457901,0.08033309876918793,3.058767318725586,-0.0009857526747509837
256,5.304241895675659,0.3352386951446533,0.05151503160595894,-0.08995325118303299,0.322658896446228,0.045588139444589615,0.1440008133649826,3.056379795074463,-0.0009123646887019277
257,5.330739974975586,0.3352386951446533,0.05151503160595894,-0.08995325118303299,0.33013588190078735,0.05297810956835747,0.22554729878902435,3.0565974712371826,0.001219741883687675
258,5.3407142162323,0.3352386951446533,0.05151503160595894,-0.08995325118303299,0.3386043906211853,0.059946224093437195,0.30079421401023865,3.059910535812378,0.004208453930914402
259,5.367164373397827,0.3352386951446533,0.05151503160595894,-0.08995325118303299,0.3465770184993744,0.07202667742967606,0.3260962963104248,3.065511703491211,0.006536178290843964
260,5.3774495124816895,0.3352386951446533,0.05151503160595894,-0.08995325118303299,0.35500290989875793,0.09082013368606567,0.30043986439704895,3.071871519088745,0.007124492898583412
261,5.403806209564209,0.3352386951446533,0.05151503160595894,-0.08995325118303299,0.363308846950531,0.11362052708864212,0.2511651813983917,3.0783145427703857,0.005876684561371803
262,5.414139032363892,0.3352386951446533,0.05151503160595894,-0.08995325118303299,0.37012600898742676,0.13487203419208527,0.19900456070899963,3.0854804515838623,0.0040487744845449924
263,5.441882133483887,0.3352386951446533,0.05151503160595894,-0.08995325118303299,0.37730857729911804,0.15220537781715393,0.12157458066940308,3.093903064727783,0.003373383078724146
264,5.459007740020752,0.3352386951446533,0.05151503160595894,-0.08995325118303299,0.3889073133468628,0.17126160860061646,0.008906496688723564,3.100972890853882,0.0047645485028624535
265,5.489603519439697,0.3352386951446533,0.05151503160595894,-0.08995325118303299,0.39776062965393066,0.19482669234275818,-0.07900435477495193,3.1018383502960205,0.011328288353979588
266,5.502000093460083,0.3352386951446533,0.05151503160595894,-0.08995325118303299,0.37369009852409363,0.2017068713903427,0.05034521967172623,3.101214647293091,0.014986257068812847
267,5.5344672203063965,0.3352386951446533,0.05151503160595894,-0.08995325118303299,0.3506508767604828,0.15026351809501648,0.0837046355009079,3.1032636165618896,0.016490140929818153
268,5.544976234436035,0.3352386951446533,0.05151503160595894,-0.08995325118303299,0.3231300711631775,0.09802690148353577,-0.10447259992361069,3.1073501110076904,0.019642911851406097
269,5.573746681213379,0.3352386951446533,0.05151503160595894,-0.08995325118303299,0.30372264981269836,0.05774935707449913,-0.126753568649292,3.11425518989563,0.01822734996676445
270,5.585772514343262,0.3352386951446533,0.05151503160595894,-0.08995325118303299,0.28908300399780273,0.030385708436369896,-0.11141606420278549,3.120734453201294,0.014148367568850517
271,5.612927675247192,0.3352386951446533,0.05151503160595894,-0.08995325118303299,0.2763073444366455,0.007349570747464895,-0.1009739339351654,3.124027967453003,0.010398469865322113
272,5.6238203048706055,0.3352386951446533,0.05151503160595894,-0.08995325118303299,0.2644568681716919,-0.016072262078523636,-0.08777006715536118,3.123011589050293,0.008237069472670555
273,5.650724411010742,0.3352386951446533,0.05151503160595894,-0.08995325118303299,0.2545219361782074,-0.042057525366544724,-0.06271026283502579,3.118805170059204,0.007298959884792566
274,5.6615049839019775,0.3352386951446533,0.05151503160595894,-0.08995325118303299,0.24642153084278107,-0.0695275068283081,-0.03213447332382202,3.1131069660186768,0.006853737868368626
275,5.688025712966919,0.3352386951446533,0.05151503160595894,-0.08995325118303299,0.23917949199676514,-0.09704922884702682,-0.005607291590422392,3.1066837310791016,0.006980186328291893
276,5.6984028816223145,0.3352386951446533,0.05151503160595894,-0.08995325118303299,0.23115256428718567,-0.1249212846159935,0.018428770825266838,3.1002840995788574,0.008633732795715332
277,5.726760625839233,0.3352386951446533,0.05151503160595894,-0.08995325118303299,0.22156591713428497,-0.1528586894273758,0.040097497403621674,3.095743417739868,0.013245978392660618
278,5.737593412399292,0.3352386951446533,0.05151503160595894,-0.08995325118303299,0.22569535672664642,-0.17550820112228394,-0.03502331301569939,3.092540740966797,0.017213884741067886
279,5.767219305038452,0.3352386951446533,0.05151503160595894,-0.08995325118303299,0.22077186405658722,-0.19216784834861755,-0.06553303450345993,3.090264320373535,0.014647760428488255
280,5.78125,0.3352386951446533,0.05151503160595894,-0.08995325118303299,0.21098022162914276,-0.20524798333644867,-0.09047764539718628,3.0921928882598877,0.013586643151938915
281,5.8079469203948975,0.3352386951446533,0.05151503160595894,-0.08995325118303299,0.2076944261789322,-0.21953734755516052,-0.10186008363962173,3.0965631008148193,0.014372545294463634
282,5.819109916687012,0.3352386951446533,0.05151503160595894,-0.08995325118303299,0.208673894405365,-0.22992844879627228,-0.1069290041923523,3.1027510166168213,0.014926965348422527
283,5.846077919006348,0.3352386951446533,0.05151503160595894,-0.08995325118303299,0.20541834831237793,-0.2207445353269577,-0.12127619981765747,3.1084349155426025,0.014905313029885292
284,5.85715126991272,0.3352386951446533,0.05151503160595894,-0.08995325118303299,0.19669631123542786,-0.17899253964424133,-0.0720566064119339,3.107823371887207,0.014919186010956764
285,5.885131359100342,0.3352386951446533,0.05151503160595894,-0.08995325118303299,0.18662536144256592,-0.13134817779064178,-0.01792174018919468,3.100226402282715,0.014145733788609505
286,5.896137475967407,0.3352386951446533,0.05151503160595894,-0.08995325118303299,0.18394343554973602,-0.09602523595094681,0.005646292120218277,3.0911736488342285,0.012310966849327087
287,5.923260927200317,0.3352386951446533,0.05151503160595894,-0.08995325118303299,0.18528883159160614,-0.06731008738279343,0.02868257276713848,3.0838727951049805,0.010983152315020561
288,5.933412075042725,0.3352386951446533,0.05151503160595894,-0.08995325118303299,0.18909697234630585,-0.04126330465078354,0.05071362107992172,3.078756093978882,0.011174664832651615
289,5.960322141647339,0.3352386951446533,0.05151503160595894,-0.08995325118303299,0.19585181772708893,-0.017170913517475128,0.07035352289676666,3.0756888389587402,0.012571318075060844
290,5.970622301101685,0.3352386951446533,0.05151503160595894,-0.08995325118303299,0.20516830682754517,0.006765155587345362,0.09154097735881805,3.0745575428009033,0.01395443081855774
291,5.9977126121521,0.3352386951446533,0.05151503160595894,-0.08995325118303299,0.21567295491695404,0.03198828175663948,0.12121334671974182,3.074852228164673,0.014177622273564339
292,6.0086071491241455,0.3352386951446533,0.05151503160595894,-0.08995325118303299,0.22770145535469055,0.057588864117860794,0.12880559265613556,3.0760810375213623,0.01254979893565178
293,6.037524461746216,0.3352386951446533,0.05151503160595894,-0.08995325118303299,0.24189363420009613,0.08028265833854675,0.1474408656358719,3.0791680812835693,0.00901713315397501
294,6.058715581893921,0.3352386951446533,0.05151503160595894,-0.08995325118303299,0.2580164968967438,0.09822579473257065,0.24061158299446106,3.0868842601776123,0.002655123360455036
295,6.090125322341919,0.3352386951446533,0.05151503160595894,-0.08995325118303299,0.26627135276794434,0.10926520079374313,0.3607056438922882,3.101100444793701,-0.0050893318839371204
296,6.100329399108887,0.3352386951446533,0.05151503160595894,-0.08995325118303299,0.2631125748157501,0.11345970630645752,0.4010998010635376,3.118626832962036,-0.0077011678367853165
297,6.127330780029297,0.3352386951446533,0.05151503160595894,-0.08995325118303299,0.19502727687358856,0.15317702293395996,0.36591312289237976,3.131387233734131,-0.0007577463984489441
298,6.137578248977661,0.3352386951446533,0.05151503160595894,-0.08995325118303299,0.20216533541679382,0.08347228169441223,0.07416912168264389,3.130910873413086,0.003514970885589719
299,6.164586305618286,0.3352386951446533,0.05151503160595894,-0.08995325118303299,0.1865958571434021,0.03407592326402664,0.036883141845464706,3.1242849826812744,0.012009217403829098
300,6.174612998962402,0.3352386951446533,0.05151503160595894,-0.08995325118303299,0.17148160934448242,-0.01814669743180275,0.003778699319809675,3.121419668197632,0.017581429332494736
301,6.202445030212402,0.3352386951446533,0.05151503160595894,-0.08995325118303299,0.15418320894241333,-0.05499892681837082,-0.11851468682289124,3.124202251434326,0.0184584129601717
302,6.212899446487427,0.3352386951446533,0.05151503160595894,-0.08995325118303299,0.13963128626346588,-0.07533425092697144,-0.10798370838165283,3.126389503479004,0.016731569543480873
303,6.241878509521484,0.3352386951446533,0.05151503160595894,-0.08995325118303299,0.12473129481077194,-0.09337896853685379,-0.08604071289300919,3.126636505126953,0.016981717199087143
304,6.253240585327148,0.3352386951446533,0.05151503160595894,-0.08995325118303299,0.11235513538122177,-0.11531712114810944,-0.06511860340833664,3.125312566757202,0.019708702340722084
305,6.281777381896973,0.3352386951446533,0.05151503160595894,-0.08995325118303299,0.10160582512617111,-0.13891077041625977,-0.02390744909644127,3.121978998184204,0.02356867305934429
306,6.291515350341797,0.3352386951446533,0.05151503160595894,-0.08995325118303299,0.09068095684051514,-0.1619160920381546,0.02193417400121689,3.1168859004974365,0.028303982689976692
307,6.320533990859985,0.3352386951446533,0.05151503160595894,-0.08995325118303299,0.07817298918962479,-0.18514861166477203,0.05589370056986809,3.1119801998138428,0.03405800834298134
308,6.330854177474976,0.3352386951446533,0.05151503160595894,-0.08995325118303299,0.07844395935535431,-0.19711709022521973,-0.059772029519081116,3.107940673828125,0.03655537590384483
309,6.357776641845703,0.3352386951446533,0.05151503160595894,-0.08995325118303299,0.07786104828119278,-0.1946536749601364,-0.09948129951953888,3.105581045150757,0.03096718341112137
310,6.36961817741394,0.3352386951446533,0.05151503160595894,-0.08995325118303299,0.06896320730447769,-0.1778896003961563,-0.06232018396258354,3.107822895050049,0.026762889698147774
311,6.397720098495483,0.3352386951446533,0.05151503160595894,-0.08995325118303299,0.06604070216417313,-0.1567445546388626,-0.0061109778471291065,3.110499143600464,0.02546219527721405
312,6.407749652862549,0.3352386951446533,0.05151503160595894,-0.08995325118303299,0.06660252064466476,-0.1395791620016098,0.051909469068050385,3.1117706298828125,0.023959849029779434
313,6.436699151992798,0.3352386951446533,0.05151503160595894,-0.08995325118303299,0.06450917571783066,-0.12978717684745789,0.09004396200180054,3.113513708114624,0.02164476178586483
314,6.447074890136719,0.3352386951446533,0.05151503160595894,-0.08995325118303299,0.06000516563653946,-0.1232774555683136,0.10062380880117416,3.117738723754883,0.019505862146615982
315,6.474777460098267,0.3352386951446533,0.05151503160595894,-0.08995325118303299,0.0562162883579731,-0.11417141556739807,0.1198919340968132,3.124361515045166,0.017614345997571945
316,6.484776973724365,0.3352386951446533,0.05151503160595894,-0.08995325118303299,0.053339049220085144,-0.09327129274606705,0.07107292115688324,3.1313564777374268,0.015794968232512474
317,6.512621879577637,0.3352386951446533,0.05151503160595894,-0.08995325118303299,0.04456774517893791,-0.05806592479348183,-0.07221890240907669,3.134521484375,0.014805907383561134
318,6.525306940078735,0.3352386951446533,0.05151503160595894,-0.08995325118303299,0.03711729869246483,-0.021351099014282227,-0.1449488401412964,3.1315481662750244,0.014510858803987503
319,6.553731679916382,0.3352386951446533,0.05151503160595894,-0.08995325118303299,0.03285853564739227,0.013313978910446167,-0.1596684753894806,3.1251494884490967,0.015100077725946903
320,6.564192056655884,0.3352386951446533,0.05151503160595894,-0.08995325118303299,0.029127463698387146,0.04521918669342995,-0.10869745910167694,3.118669271469116,0.017116522416472435
321,6.591941833496094,0.3352386951446533,0.05151503160595894,-0.08995325118303299,0.027141500264406204,0.07489843666553497,-0.1186271607875824,3.1141304969787598,0.020855776965618134
322,6.6019980907440186,0.3352386951446533,0.05151503160595894,-0.08995325118303299,0.02692394144833088,0.10275063663721085,-0.15943430364131927,3.1119022369384766,0.025691015645861626
323,6.629542827606201,0.3352386951446533,0.05151503160595894,-0.08995325118303299,0.028471384197473526,0.13075196743011475,-0.21559366583824158,3.111567735671997,0.03105073794722557
324,6.640120506286621,0.3352386951446533,0.05151503160595894,-0.08995325118303299,0.033686380833387375,0.1597888320684433,-0.238763689994812,3.1123509407043457,0.036306366324424744
325,6.6684324741363525,0.3352386951446533,0.05151503160595894,-0.08995325118303299,0.04268420487642288,0.19011813402175903,-0.2456810474395752,3.11342191696167,0.0409918949007988
326,6.67885160446167,0.3352386951446533,0.05151503160595894,-0.08995325118303299,0.05650355666875839,0.21908576786518097,-0.17931373417377472,3.1141903400421143,0.04365025833249092
327,6.707326889038086,0.3352386951446533,0.05151503160595894,-0.08995325118303299,0.06950773298740387,0.24733658134937286,-0.16937023401260376,3.1150381565093994,0.04372905194759369
328,6.717774868011475,0.3352386951446533,0.05151503160595894,-0.08995325118303299,0.0774630755186081,0.2797040641307831,-0.14988654851913452,3.1161463260650635,0.04251477122306824
329,6.745415925979614,0.3352386951446533,0.05151503160595894,-0.08995325118303299,0.08762779831886292,0.3120684027671814,-0.08796466141939163,3.115917921066284,0.04183224216103554
330,6.755612134933472,0.3352386951446533,0.05151503160595894,-0.08995325118303299,0.10491101443767548,0.32858046889305115,0.16490334272384644,3.114370584487915,0.03385550528764725
331,6.78330659866333,0.3352386951446533,0.05151503160595894,-0.08995325118303299,0.1371784806251526,0.30736854672431946,0.2800893187522888,3.1241748332977295,0.019788241013884544
332,6.793384790420532,0.3352386951446533,0.05151503160595894,-0.08995325118303299,0.17290720343589783,0.27880942821502686,0.18321219086647034,3.136444568634033,0.013154426589608192
333,6.821195125579834,0.3352386951446533,0.05151503160595894,-0.08995325118303299,0.21244579553604126,0.23047788441181183,0.1361711025238037,-3.136655330657959,0.008859396912157536
334,6.831807851791382,0.3352386951446533,0.05151503160595894,-0.08995325118303299,0.2479710578918457,0.18326939642429352,0.07649603486061096,-3.1272804737091064,0.00429229810833931
335,6.859790325164795,0.3352386951446533,0.05151503160595894,-0.08995325118303299,0.2798407971858978,0.14714552462100983,0.028216652572155,-3.120959997177124,-0.0010951345320791006
336,6.87174654006958,0.3352386951446533,0.05151503160595894,-0.08995325118303299,0.3106893002986908,0.11709615588188171,0.01631636545062065,-3.118370532989502,-0.0062049622647464275
337,6.899038076400757,0.3352386951446533,0.05151503160595894,-0.08995325118303299,0.3407704532146454,0.09020143002271652,0.03702782839536667,-3.1189417839050293,-0.010517519898712635
338,6.9090189933776855,0.3352386951446533,0.05151503160595894,-0.08995325118303299,0.36706000566482544,0.06952039152383804,0.06791667640209198,-3.123255729675293,-0.013158517889678478
339,6.936521768569946,0.3352386951446533,0.05151503160595894,-0.08995325118303299,0.3936438262462616,0.05424858629703522,0.09105060994625092,-3.1324119567871094,-0.01370457373559475
340,6.947067737579346,0.3352386951446533,0.05151503160595894,-0.08995325118303299,0.42502596974372864,0.039972640573978424,0.09864938259124756,3.138500452041626,-0.012734618969261646
341,6.974252462387085,0.3352386951446533,0.05151503160595894,-0.08995325118303299,0.46171000599861145,0.022596051916480064,0.10254095494747162,3.1272270679473877,-0.010803506709635258
342,6.984666109085083,0.3352386951446533,0.05151503160595894,-0.08995325118303299,0.5010802745819092,0.0029501314274966717,0.10580987483263016,3.1200098991394043,-0.008560932241380215
343,7.012636184692383,0.3352386951446533,0.05151503160595894,-0.08995325118303299,0.5384109616279602,-0.018480097874999046,0.08647135645151138,3.1186864376068115,-0.006065091118216515
344,7.023158550262451,0.3352386951446533,0.05151503160595894,-0.08995325118303299,0.5722174644470215,-0.04359595105051994,-0.05667712911963463,3.125054359436035,-0.003481360850855708
345,7.0503809452056885,0.3352386951446533,0.05151503160595894,-0.08995325118303299,0.5461076498031616,-0.06548380106687546,-0.3900415301322937,3.135197162628174,-0.003656260436400771
346,7.060544729232788,0.3352386951446533,0.05151503160595894,-0.08995325118303299,0.4940958321094513,-0.05677860975265503,-0.291929692029953,-3.13832950592041,0.0070038167759776115
347,7.089294910430908,0.3352386951446533,0.05151503160595894,-0.08995325118303299,0.44048261642456055,-0.0344814695417881,-0.15632040798664093,-3.134883403778076,0.025781575590372086
348,7.100356101989746,0.3352386951446533,0.05151503160595894,-0.08995325118303299,0.3896782398223877,-0.015236898325383663,-0.10945437848567963,-3.1375672817230225,0.04397077485918999
349,7.127183437347412,0.3352386951446533,0.05151503160595894,-0.08995325118303299,0.35079559683799744,-0.002504696836695075,-0.1256495714187622,3.1397147178649902,0.05789012461900711
350,7.138500213623047,0.3352386951446533,0.05151503160595894,-0.08995325118303299,0.31406643986701965,0.008591312915086746,-0.12371298670768738,3.1326653957366943,0.06836728751659393
351,7.166382551193237,0.3352386951446533,0.05151503160595894,-0.08995325118303299,0.2794222831726074,0.01875362917780876,-0.11287127435207367,3.1261463165283203,0.0760742723941803
352,7.176985263824463,0.3352386951446533,0.05151503160595894,-0.08995325118303299,0.24930305778980255,0.02797257900238037,-0.10586429387331009,3.12137508392334,0.0805385559797287
353,7.2058398723602295,0.3352386951446533,0.05151503160595894,-0.08995325118303299,0.22547264397144318,0.036064792424440384,-0.10119517147541046,3.119035482406616,0.08107737451791763
354,7.216204404830933,0.3352386951446533,0.05151503160595894,-0.08995325118303299,0.20723704993724823,0.04374213516712189,-0.06706159561872482,3.1190030574798584,0.07761877775192261
355,7.244158983230591,0.3352386951446533,0.05151503160595894,-0.08995325118303299,0.19461023807525635,0.05265692248940468,-0.046673696488142014,3.120398998260498,0.0712609514594078
356,7.25666618347168,0.3352386951446533,0.05151503160595894,-0.08995325118303299,0.18576018512248993,0.05910088121891022,-0.0009014848619699478,3.1228058338165283,0.06429160386323929
357,7.286452054977417,0.3352386951446533,0.05151503160595894,-0.08995325118303299,0.1836828738451004,0.06061616912484169,0.011589322239160538,3.1269636154174805,0.05889808386564255
358,7.296590328216553,0.3352386951446533,0.05151503160595894,-0.08995325118303299,0.184837207198143,0.05861319229006767,0.011802535504102707,3.133087158203125,0.0558001771569252
359,7.322488307952881,0.3352386951446533,0.05151503160595894,-0.08995325118303299,0.1839243471622467,0.055934838950634,0.028728937730193138,3.140143394470215,0.054559893906116486
360,7.332167148590088,0.3352386951446533,0.05151503160595894,-0.08995325118303299,0.17642399668693542,0.05696352943778038,0.018191654235124588,-3.1368632316589355,0.0548584870994091
361,7.35811710357666,0.3352386951446533,0.05151503160595894,-0.08995325118303299,0.16349098086357117,0.0627937912940979,-0.04872387275099754,-3.133194923400879,0.05704307556152344
362,7.36788272857666,0.3352386951446533,0.05151503160595894,-0.08995325118303299,0.1528499275445938,0.07198348641395569,-0.13429003953933716,-3.1326491832733154,0.06053229793906212
363,7.393682241439819,0.3352386951446533,0.05151503160595894,-0.08995325118303299,0.1446675807237625,0.08224553614854813,-0.2514226734638214,-3.1341795921325684,0.06481505185365677
364,7.403551816940308,0.3352386951446533,0.05151503160595894,-0.08995325118303299,0.14023059606552124,0.10184097290039062,-0.32179826498031616,-3.1386959552764893,0.06832017749547958
365,7.430410146713257,0.3352386951446533,0.05151503160595894,-0.08995325118303299,0.1344805806875229,0.12710243463516235,-0.33532315492630005,3.1350276470184326,0.0702403336763382
366,7.440554857254028,0.3352386951446533,0.05151503160595894,-0.08995325118303299,0.12901350855827332,0.1492190659046173,-0.3037363886833191,3.120476245880127,0.07133942097425461
367,7.466302394866943,0.3352386951446533,0.05151503160595894,-0.08995325118303299,0.15438488125801086,0.13536764681339264,-0.041094835847616196,3.1074252128601074,0.05928830802440643
368,7.476228475570679,0.3352386951446533,0.05151503160595894,-0.08995325118303299,0.15253351628780365,0.12569358944892883,-0.019604191184043884,3.1010115146636963,0.04018107429146767
369,7.502410173416138,0.3352386951446533,0.05151503160595894,-0.08995325118303299,0.15020836889743805,0.1103968471288681,-0.03165876865386963,3.0986759662628174,0.02583421766757965
370,7.516179800033569,0.3352386951446533,0.05151503160595894,-0.08995325118303299,0.16249270737171173,0.08286578208208084,-0.033003661781549454,3.1041526794433594,0.013081463053822517
371,7.543049573898315,0.3352386951446533,0.05151503160595894,-0.08995325118303299,0.1730298101902008,0.06043749302625656,-0.08192220330238342,3.110074043273926,-0.0017882840475067496
372,7.553862810134888,0.3352386951446533,0.05151503160595894,-0.08995325118303299,0.18440744280815125,0.03497212752699852,-0.11910934746265411,3.1116983890533447,-0.01373352762311697
373,7.582578897476196,0.3352386951446533,0.05151503160595894,-0.08995325118303299,0.20329782366752625,0.003912355750799179,-0.144984632730484,3.1092541217803955,-0.02126842550933361
374,7.592679738998413,0.3352386951446533,0.05151503160595894,-0.08995325118303299,0.23211535811424255,-0.02743172086775303,-0.14967451989650726,3.103741407394409,-0.027466850355267525
375,7.619336366653442,0.3352386951446533,0.05151503160595894,-0.08995325118303299,0.26542311906814575,-0.05361676961183548,-0.13040047883987427,3.095430374145508,-0.034685127437114716
376,7.630389451980591,0.3352386951446533,0.05151503160595894,-0.08995325118303299,0.29733994603157043,-0.07694903761148453,-0.12092579901218414,3.0857656002044678,-0.04264618456363678
377,7.656586647033691,0.3352386951446533,0.05151503160595894,-0.08995325118303299,0.32766133546829224,-0.10077255219221115,-0.1435668170452118,3.0777885913848877,-0.05051996186375618
378,7.668110370635986,0.3352386951446533,0.05151503160595894,-0.08995325118303299,0.35856929421424866,-0.12504950165748596,-0.19093582034111023,3.0743017196655273,-0.0568334236741066
379,7.69767427444458,0.3352386951446533,0.05151503160595894,-0.08995325118303299,0.3658050298690796,-0.14542469382286072,-0.1577708125114441,3.07633113861084,-0.06304419040679932
380,7.708063840866089,0.07314837723970413,-0.18558362126350403,-0.34149685502052307,0.3580728769302368,-0.159031942486763,-0.2020152360200882,3.083996295928955,-0.06147533655166626
381,7.73711085319519,0.07314837723970413,-0.18558362126350403,-0.34149685502052307,0.34502148628234863,-0.156477153301239,-0.46083781123161316,3.0898523330688477,-0.05118780583143234
382,7.7477803230285645,0.07314837723970413,-0.18558362126350403,-0.34149685502052307,0.328656941652298,-0.10799402743577957,-0.40400272607803345,3.0837368965148926,-0.039925120770931244
383,7.776585578918457,0.07314837723970413,-0.18558362126350403,-0.34149685502052307,0.30208730697631836,-0.05688656494021416,-0.3029478192329407,3.0656797885894775,-0.032442811876535416
384,7.78782320022583,0.07314837723970413,-0.18558362126350403,-0.34149685502052307,0.2852398157119751,-0.024979762732982635,-0.2704365849494934,3.04418683052063,-0.026403186842799187
385,7.814760684967041,0.07314837723970413,-0.18558362126350403,-0.34149685502052307,0.28588733077049255,-0.005427513271570206,-0.21736887097358704,3.0244364738464355,-0.020646674558520317
386,7.825042486190796,0.07314837723970413,-0.18558362126350403,-0.34149685502052307,0.2978971302509308,0.00834715086966753,-0.12239599227905273,3.0087647438049316,-0.01631992496550083
387,7.858689308166504,0.07314837723970413,-0.18558362126350403,-0.34149685502052307,0.3147214651107788,0.018020901829004288,0.009131100960075855,2.9985268115997314,-0.012952669523656368
388,7.870279312133789,0.07314837723970413,-0.18558362126350403,-0.34149685502052307,0.3331442177295685,0.02046968787908554,0.16571906208992004,2.9957807064056396,-0.00840162392705679
389,7.898802042007446,0.07314837723970413,-0.18558362126350403,-0.34149685502052307,0.346810519695282,0.017329923808574677,0.28402963280677795,3.0037717819213867,-0.0012260152725502849
390,7.908917427062988,0.07314837723970413,-0.18558362126350403,-0.34149685502052307,0.35049253702163696,0.021019533276557922,0.2406797707080841,3.023991823196411,0.007297762669622898
391,7.935274839401245,0.07314837723970413,-0.18558362126350403,-0.34149685502052307,0.3477318286895752,0.045853883028030396,0.0938018187880516,3.0500192642211914,0.014300773851573467
392,7.945425271987915,0.07314837723970413,-0.18558362126350403,-0.34149685502052307,0.3456099331378937,0.07000625133514404,0.009312722831964493,3.071424961090088,0.01989612728357315
393,7.9721598625183105,0.07314837723970413,-0.18558362126350403,-0.34149685502052307,0.3414851725101471,0.0822221040725708,-0.18673498928546906,3.0831117630004883,0.028161518275737762
394,7.982825517654419,0.07314837723970413,-0.18558362126350403,-0.34149685502052307,0.3490147590637207,0.09320566058158875,-0.3547603487968445,3.0865721702575684,0.03949009254574776
395,8.009767055511475,0.07314837723970413,-0.18558362126350403,-0.34149685502052307,0.31210801005363464,0.11775068193674088,-0.45330125093460083,3.08180570602417,0.04856763407588005
396,8.020389318466187,0.07314837723970413,-0.18558362126350403,-0.34149685502052307,0.2526407539844513,0.051359597593545914,-0.26076266169548035,3.080246686935425,0.04539870098233223
397,8.047653675079346,0.07314837723970413,-0.18558362126350403,-0.34149685502052307,0.17648090422153473,-0.014865271747112274,-0.33543866872787476,3.0836727619171143,0.05437752231955528
398,8.057920455932617,0.07314837723970413,-0.18558362126350403,-0.34149685502052307,0.11853804439306259,-0.07363270223140717,-0.336281955242157,3.0911216735839844,0.06569445878267288
399,8.084861755371094,0.07314837723970413,-0.18558362126350403,-0.34149685502052307,0.07970815151929855,-0.11683609336614609,-0.34792524576187134,3.0968947410583496,0.07060268521308899
400,8.09608793258667,0.07314837723970413,-0.18558362126350403,-0.34149685502052307,0.04657157137989998,-0.14849787950515747,-0.3361071050167084,3.100015878677368,0.06927084922790527
401,8.121510982513428,0.07314837723970413,-0.18558362126350403,-0.34149685502052307,0.013423937372863293,-0.1724853664636612,-0.32176685333251953,3.102145195007324,0.06625398248434067
402,8.13285231590271,0.07314837723970413,-0.18558362126350403,-0.34149685502052307,-0.019741740077733994,-0.19538390636444092,-0.316812127828598,3.1039140224456787,0.06507173925638199
403,8.158254384994507,0.07314837723970413,-0.18558362126350403,-0.34149685502052307,-0.05074615031480789,-0.2197842299938202,-0.3159177899360657,3.1048424243927,0.06619114428758621
404,8.169839143753052,0.07314837723970413,-0.18558362126350403,-0.34149685502052307,-0.0795995369553566,-0.24456381797790527,-0.2929554581642151,3.1038453578948975,0.06900442391633987
405,8.195952653884888,0.07314837723970413,-0.18558362126350403,-0.34149685502052307,-0.10696152597665787,-0.26832976937294006,-0.2552546262741089,3.100680351257324,0.0732371062040329
406,8.212431907653809,0.07314837723970413,-0.18558362126350403,-0.34149685502052307,-0.13247066736221313,-0.2895902097225189,-0.21454834938049316,3.0973093509674072,0.07809025794267654
407,8.242312908172607,0.07314837723970413,-0.18558362126350403,-0.34149685502052307,-0.15841658413410187,-0.3084646463394165,-0.2179630696773529,3.0978119373321533,0.08262727409601212
408,8.253308534622192,0.07314837723970413,-0.18558362126350403,-0.34149685502052307,-0.18594196438789368,-0.32844221591949463,-0.2647660970687866,3.1056747436523438,0.08628878742456436
409,8.28002142906189,0.07314837723970413,-0.18558362126350403,-0.34149685502052307,-0.12936505675315857,-0.31385982036590576,-0.29717475175857544,3.1119091510772705,0.074678935110569
410,8.290618419647217,0.07314837723970413,-0.18558362126350403,-0.34149685502052307,-0.11793746799230576,-0.2952936291694641,-0.25190576910972595,3.1124203205108643,0.055591292679309845
411,8.3203706741333,0.07314837723970413,-0.18558362126350403,-0.34149685502052307,-0.11771711707115173,-0.28542768955230713,-0.21271683275699615,3.1127943992614746,0.04451799765229225
412,8.333808422088623,0.07314837723970413,-0.18558362126350403,-0.34149685502052307,-0.1123061552643776,-0.27716782689094543,-0.16885702311992645,3.115405321121216,0.03870398923754692
413,8.36032223701477,0.07314837723970413,-0.18558362126350403,-0.34149685502052307,-0.09906826913356781,-0.26177334785461426,-0.13379476964473724,3.1205646991729736,0.032762669026851654
414,8.37053394317627,0.07314837723970413,-0.18558362126350403,-0.34149685502052307,-0.08487033098936081,-0.24010372161865234,-0.16565725207328796,3.127030372619629,0.024689722806215286
415,8.39704155921936,0.07314837723970413,-0.18558362126350403,-0.34149685502052307,-0.07450199127197266,-0.2141270935535431,-0.2470802515745163,3.1319682598114014,0.01622355915606022
416,8.408546209335327,0.07314837723970413,-0.18558362126350403,-0.34149685502052307,-0.06446674466133118,-0.18707804381847382,-0.2967851161956787,3.1332881450653076,0.009445787407457829
417,8.434737920761108,0.07314837723970413,-0.18558362126350403,-0.34149685502052307,-0.05597616359591484,-0.1629290133714676,-0.29593807458877563,3.1305735111236572,0.005372239276766777
418,8.445094108581543,0.07314837723970413,-0.18558362126350403,-0.34149685502052307,-0.04613469913601875,-0.1401168406009674,-0.30466246604919434,3.1251473426818848,0.004096151329576969
419,8.471837520599365,0.07314837723970413,-0.18558362126350403,-0.34149685502052307,-0.034906499087810516,-0.11816459149122238,-0.32648664712905884,3.118433713912964,0.005070494022220373
420,8.481836318969727,0.07314837723970413,-0.18558362126350403,-0.34149685502052307,-0.023657560348510742,-0.09954604506492615,-0.32202810049057007,3.1112818717956543,0.007761198561638594
421,8.508272647857666,0.07314837723970413,-0.18558362126350403,-0.34149685502052307,-0.014186722226440907,-0.08485078811645508,-0.3164880871772766,3.104360342025757,0.012353487312793732
422,8.518946170806885,0.07314837723970413,-0.18558362126350403,-0.34149685502052307,-0.0048203859478235245,-0.07276006788015366,-0.30117398500442505,3.0983362197875977,0.01868913136422634
423,8.545417308807373,0.07314837723970413,-0.18558362126350403,-0.34149685502052307,0.007976647466421127,-0.058572642505168915,-0.3075135350227356,3.093675374984741,0.025564158335328102
424,8.555978536605835,0.07314837723970413,-0.18558362126350403,-0.34149685502052307,0.024977656081318855,-0.04256216436624527,-0.3014274835586548,3.090604782104492,0.03085055574774742
425,8.582882165908813,0.07314837723970413,-0.18558362126350403,-0.34149685502052307,0.04056962952017784,-0.028490198776125908,-0.2708507776260376,3.088977813720703,0.033624108880758286
426,8.59325909614563,0.07314837723970413,-0.18558362126350403,-0.34149685502052307,0.054751425981521606,-0.013460119254887104,-0.26943087577819824,3.088625431060791,0.03529529273509979
427,8.619818687438965,0.07314837723970413,-0.18558362126350403,-0.34149685502052307,0.07145684212446213,0.0028377086855471134,-0.23228392004966736,3.0900204181671143,0.0356723889708519
428,8.630846738815308,0.07314837723970413,-0.18558362126350403,-0.34149685502052307,0.08439497649669647,0.018161848187446594,-0.2230970561504364,3.0933334827423096,0.036132749170064926
429,8.656832218170166,0.07314837723970413,-0.18558362126350403,-0.34149685502052307,0.0993807315826416,0.03222137689590454,-0.20030423998832703,3.0987915992736816,0.03678702935576439
430,8.666795253753662,0.07314837723970413,-0.18558362126350403,-0.34149685502052307,0.11548162251710892,0.04978274181485176,-0.23626309633255005,3.104834794998169,0.03777651488780975
431,8.692907333374023,0.07314837723970413,-0.18558362126350403,-0.34149685502052307,0.13582400977611542,0.06601415574550629,-0.26052096486091614,3.109370470046997,0.0378192700445652
432,8.703031063079834,0.07314837723970413,-0.18558362126350403,-0.34149685502052307,0.15539981424808502,0.08245459198951721,-0.3151819705963135,3.1101644039154053,0.03734641522169113
433,8.72905707359314,0.07314837723970413,-0.18558362126350403,-0.34149685502052307,0.15401571989059448,0.07918454706668854,-0.09730350971221924,3.1094276905059814,0.03221910074353218
434,8.739630460739136,0.07314837723970413,-0.18558362126350403,-0.34149685502052307,0.14382459223270416,0.05929805338382721,-0.2523176670074463,3.1093733310699463,0.024448886513710022
435,8.765560150146484,0.07314837723970413,-0.18558362126350403,-0.34149685502052307,0.11927652359008789,0.02681853622198105,-0.36476314067840576,3.1084024906158447,0.018747275695204735
436,8.7756507396698,0.07314837723970413,-0.18558362126350403,-0.34149685502052307,0.09165582805871964,-0.00865288358181715,-0.3638489246368408,3.1093873977661133,0.015892433002591133
437,8.801984071731567,0.07314837723970413,-0.18558362126350403,-0.34149685502052307,0.07090430706739426,-0.04121154174208641,-0.32912111282348633,3.1117746829986572,0.014398105442523956
438,8.8123037815094,0.07314837723970413,-0.18558362126350403,-0.34149685502052307,0.053456686437129974,-0.0709039568901062,-0.3290731906890869,3.114506959915161,0.013731450773775578
439,8.841124296188354,0.07314837723970413,-0.18558362126350403,-0.34149685502052307,0.03814787045121193,-0.1003715917468071,-0.3131971061229706,3.11545729637146,0.013794084079563618
440,8.852933406829834,0.07314837723970413,-0.18558362126350403,-0.34149685502052307,0.024193651974201202,-0.1309000700712204,-0.2793129086494446,3.113917112350464,0.014637519605457783
441,8.880184650421143,0.07314837723970413,-0.18558362126350403,-0.34149685502052307,0.009806233458220959,-0.1601632833480835,-0.27315714955329895,3.1099753379821777,0.016667440533638
442,8.890031814575195,0.07314837723970413,-0.18558362126350403,-0.34149685502052307,-0.005360363516956568,-0.189625084400177,-0.27124518156051636,3.1037840843200684,0.020090246573090553
443,8.916099071502686,0.07314837723970413,-0.18558362126350403,-0.34149685502052307,-0.020421143621206284,-0.2214929312467575,-0.27638760209083557,3.096985101699829,0.02423993870615959
444,8.926778554916382,0.07314837723970413,-0.18558362126350403,-0.34149685502052307,-0.03757952153682709,-0.2512083947658539,-0.2871621251106262,3.092543125152588,0.029886579141020775
445,8.953389167785645,0.07314837723970413,-0.18558362126350403,-0.34149685502052307,-0.045020297169685364,-0.27895352244377136,-0.2983604371547699,3.0932230949401855,0.03834450617432594
446,8.963804244995117,0.07314837723970413,-0.18558362126350403,-0.34149685502052307,-0.029713701456785202,-0.2895207703113556,-0.24780996143817902,3.094132900238037,0.039487242698669434
447,8.991037607192993,0.07314837723970413,-0.18558362126350403,-0.34149685502052307,-0.01906200684607029,-0.29623907804489136,-0.21993222832679749,3.095662832260132,0.035899460315704346
448,9.00363540649414,0.07314837723970413,-0.18558362126350403,-0.34149685502052307,-0.01041172631084919,-0.29818204045295715,-0.19320541620254517,3.0978200435638428,0.030147794634103775
449,9.030359029769897,0.07314837723970413,-0.18558362126350403,-0.34149685502052307,-0.001733480952680111,-0.2859349846839905,-0.1992163062095642,3.0998289585113525,0.02354162186384201
450,9.040645360946655,0.07314837723970413,-0.18558362126350403,-0.34149685502052307,0.003759788814932108,-0.2556658685207367,-0.274872750043869,3.0994319915771484,0.017868729308247566
451,9.067188739776611,0.07314837723970413,-0.18558362126350403,-0.34149685502052307,0.009035232476890087,-0.2238793969154358,-0.30603331327438354,3.0954694747924805,0.013913264498114586
452,9.07727336883545,0.07314837723970413,-0.18558362126350403,-0.34149685502052307,0.017283236607909203,-0.19717007875442505,-0.2760934829711914,3.0893592834472656,0.011695504188537598
453,9.104421854019165,0.07314837723970413,-0.18558362126350403,-0.34149685502052307,0.026311000809073448,-0.1766892522573471,-0.24204367399215698,3.083271026611328,0.011675952933728695
454,9.116297721862793,0.07314837723970413,-0.18558362126350403,-0.34149685502052307,0.03594666346907616,-0.16347838938236237,-0.21320554614067078,3.0788373947143555,0.014318500645458698
455,9.14280104637146,0.07314837723970413,-0.18558362126350403,-0.34149685502052307,0.04777335748076439,-0.15409034490585327,-0.19371545314788818,3.0763981342315674,0.01897064410150051
456,9.154242515563965,0.07314837723970413,-0.18558362126350403,-0.34149685502052307,0.0613037534058094,-0.1463361531496048,-0.17767228186130524,3.0757954120635986,0.024155268445611
457,9.181191205978394,0.07314837723970413,-0.18558362126350403,-0.34149685502052307,0.07520122826099396,-0.13842344284057617,-0.1616685688495636,3.07668137550354,0.0288423839956522
458,9.19256591796875,0.07314837723970413,-0.18558362126350403,-0.34149685502052307,0.0903383418917656,-0.12818682193756104,-0.13770075142383575,3.07852840423584,0.03235046938061714
459,9.219571113586426,0.07314837723970413,-0.18558362126350403,-0.34149685502052307,0.10603044927120209,-0.11595040559768677,-0.10858014225959778,3.0810465812683105,0.034508924931287766
460,9.229800462722778,0.07314837723970413,-0.18558362126350403,-0.34149685502052307,0.1209157332777977,-0.10459468513727188,-0.0764506384730339,3.084468126296997,0.03595453128218651
461,9.257165908813477,0.07314837723970413,-0.18558362126350403,-0.34149685502052307,0.13495580852031708,-0.09547007828950882,-0.052829548716545105,3.090095043182373,0.037678271532058716
462,9.267690658569336,0.07314837723970413,-0.18558362126350403,-0.34149685502052307,0.14904755353927612,-0.08927804231643677,-0.05302659422159195,3.0995922088623047,0.040494155138731
463,9.294426918029785,0.07314837723970413,-0.18558362126350403,-0.34149685502052307,0.16773422062397003,-0.08396536111831665,-0.08870695531368256,3.1123080253601074,0.0438220389187336
464,9.305002450942993,0.07314837723970413,-0.18558362126350403,-0.34149685502052307,0.1950725018978119,-0.0768057182431221,-0.15304452180862427,3.123260736465454,0.04546147584915161
465,9.330935955047607,0.07314837723970413,-0.18558362126350403,-0.34149685502052307,0.22807301580905914,-0.06759694963693619,-0.21252797544002533,3.126286506652832,0.043285924941301346
466,9.341511487960815,0.07314837723970413,-0.18558362126350403,-0.34149685502052307,0.22242337465286255,-0.06108381599187851,0.012381716631352901,3.121464252471924,0.03313012793660164
467,9.367877721786499,0.07314837723970413,-0.18558362126350403,-0.34149685502052307,0.20108067989349365,-0.0851859375834465,-0.26059621572494507,3.1115188598632812,0.025086695328354836
468,9.378311157226562,0.07314837723970413,-0.18558362126350403,-0.34149685502052307,0.16156785190105438,-0.11421690881252289,-0.34020406007766724,3.100015640258789,0.026427334174513817
469,9.40443730354309,0.07314837723970413,-0.18558362126350403,-0.34149685502052307,0.12481345236301422,-0.13903385400772095,-0.3642507791519165,3.0996804237365723,0.030325056985020638
470,9.415576696395874,0.07314837723970413,-0.18558362126350403,-0.34149685502052307,0.08671222627162933,-0.16208010911941528,-0.36752450466156006,3.107557773590088,0.03307659178972244
471,9.443786859512329,0.07314837723970413,-0.18558362126350403,-0.34149685502052307,0.051903825253248215,-0.1844887137413025,-0.36366933584213257,3.1173012256622314,0.0350479893386364
472,9.45399260520935,0.07314837723970413,-0.18558362126350403,-0.34149685502052307,0.024784957990050316,-0.20544400811195374,-0.3843015432357788,3.124507427215576,0.035903200507164
473,9.480902910232544,0.07314837723970413,-0.18558362126350403,-0.34149685502052307,-0.0017308259848505259,-0.22560745477676392,-0.3923743963241577,3.127070665359497,0.03730464726686478
474,9.491963863372803,0.07314837723970413,-0.18558362126350403,-0.34149685502052307,-0.030441541224718094,-0.24591048061847687,-0.3610789179801941,3.1248669624328613,0.04175799340009689
475,9.520086765289307,0.07314837723970413,-0.18558362126350403,-0.34149685502052307,-0.06084569916129112,-0.2681039869785309,-0.3156461715698242,3.1207869052886963,0.049551233649253845
476,9.531919479370117,0.07314837723970413,-0.18558362126350403,-0.34149685502052307,-0.09314823895692825,-0.29197031259536743,-0.2860969007015228,3.1205360889434814,0.05963797867298126
477,9.558621168136597,0.07314837723970413,-0.18558362126350403,-0.34149685502052307,-0.072280153632164,-0.2920324504375458,-0.3254855275154114,3.123106002807617,0.06405430287122726
478,9.56936001777649,0.07314837723970413,-0.18558362126350403,-0.34149685502052307,-0.06379901617765427,-0.2812010645866394,-0.25610750913619995,3.1222457885742188,0.05670122802257538
479,9.595551252365112,0.07314837723970413,-0.18558362126350403,-0.34149685502052307,-0.06585830450057983,-0.27439969778060913,-0.20797094702720642,3.122591495513916,0.05048302561044693
480,9.605848789215088,0.07314837723970413,-0.18558362126350403,-0.34149685502052307,-0.06694363802671432,-0.2698197364807129,-0.16714328527450562,3.1253247261047363,0.04653790965676308
481,9.632538557052612,0.07314837723970413,-0.18558362126350403,-0.34149685502052307,-0.06377851217985153,-0.2621380090713501,-0.1341685950756073,3.1302874088287354,0.04214407503604889
482,9.64273715019226,0.07314837723970413,-0.18558362126350403,-0.34149685502052307,-0.05714809522032738,-0.24477198719978333,-0.11473499983549118,3.136457920074463,0.03646093234419823
483,9.66904902458191,0.07314837723970413,-0.18558362126350403,-0.34149685502052307,-0.050335951149463654,-0.21654187142848969,-0.23386532068252563,3.1412906646728516,0.03120676800608635
484,9.679491519927979,0.07314837723970413,-0.18558362126350403,-0.34149685502052307,-0.043047528713941574,-0.18756765127182007,-0.3073476552963257,-3.1415507793426514,0.02724837139248848
485,9.705766201019287,0.07314837723970413,-0.18558362126350403,-0.34149685502052307,-0.03563956543803215,-0.1626586765050888,-0.3125751316547394,3.1380105018615723,0.025110583752393723
486,9.71652102470398,0.07314837723970413,-0.18558362126350403,-0.34149685502052307,-0.028223669156432152,-0.13964487612247467,-0.2971424162387848,3.1323442459106445,0.025274179875850677
487,9.742500066757202,0.07314837723970413,-0.18558362126350403,-0.34149685502052307,-0.020738016813993454,-0.11850079149007797,-0.29619526863098145,3.1257436275482178,0.027842238545417786
488,9.753031492233276,0.07314837723970413,-0.18558362126350403,-0.34149685502052307,-0.01304958201944828,-0.10083284974098206,-0.3038373291492462,3.118756055831909,0.032449159771203995
489,9.778966188430786,0.07314837723970413,-0.18558362126350403,-0.34149685502052307,-0.004262112081050873,-0.08595489710569382,-0.31811073422431946,3.112184524536133,0.03816923126578331
490,9.789400815963745,0.07314837723970413,-0.18558362126350403,-0.34149685502052307,0.00672930246219039,-0.07195760309696198,-0.3288974463939667,3.1071202754974365,0.043551184237003326
491,9.815227746963501,0.07314837723970413,-0.18558362126350403,-0.34149685502052307,0.020167874172329903,-0.057377371937036514,-0.3222636580467224,3.1043407917022705,0.04714714735746384
492,9.825266599655151,0.07314837723970413,-0.18558362126350403,-0.34149685502052307,0.03475934639573097,-0.04168561473488808,-0.2911919057369232,3.104175329208374,0.04819313436746597
493,9.851401567459106,0.07314837723970413,-0.18558362126350403,-0.34149685502052307,0.04804256930947304,-0.025419296696782112,-0.24384453892707825,3.106433868408203,0.04725418984889984
494,9.861946821212769,0.07314837723970413,-0.18558362126350403,-0.34149685502052307,0.059069566428661346,-0.009187144227325916,-0.19721055030822754,3.11067271232605,0.045797135680913925
495,9.888094186782837,0.07314837723970413,-0.18558362126350403,-0.34149685502052307,0.06833555549383163,0.006362941116094589,-0.16842252016067505,3.1164424419403076,0.045326847583055496
496,9.898743629455566,0.07314837723970413,-0.18558362126350403,-0.34149685502052307,0.07800328731536865,0.02158031053841114,-0.177524596452713,3.1225829124450684,0.0464976467192173
497,9.92548131942749,0.07314837723970413,-0.18558362126350403,-0.34149685502052307,0.0914125144481659,0.03777182474732399,-0.2403956651687622,3.126683235168457,0.04839862138032913
498,9.936048746109009,0.07314837723970413,-0.18558362126350403,-0.34149685502052307,0.081023670732975,0.07222471386194229,-0.24672351777553558,3.1260857582092285,0.04925786331295967
499,9.963016271591187,0.07314837723970413,-0.18558362126350403,-0.34149685502052307,0.10041613131761551,0.027470260858535767,-0.373881995677948,3.1203866004943848,0.04503012076020241
500,9.973146677017212,0.07314837723970413,-0.18558362126350403,-0.34149685502052307,0.10161583870649338,-0.014711324125528336,-0.3325556218624115,3.1149749755859375,0.03860604390501976
501,10.004137754440308,0.07314837723970413,-0.18558362126350403,-0.34149685502052307,0.08295274525880814,-0.06178916618227959,-0.297885924577713,3.1150095462799072,0.029017243534326553
502,10.015234231948853,0.07314837723970413,-0.18558362126350403,-0.34149685502052307,0.058582376688718796,-0.10098505020141602,-0.3371095061302185,3.120384693145752,0.022171396762132645
503,10.042269945144653,0.07314837723970413,-0.18558362126350403,-0.34149685502052307,0.03512667864561081,-0.14103227853775024,-0.37711480259895325,3.1265039443969727,0.018698800355196
504,10.052490234375,0.07314837723970413,-0.18558362126350403,-0.34149685502052307,0.016643648967146873,-0.1827877312898636,-0.415647953748703,3.132582664489746,0.01750112883746624
505,10.079897165298462,0.07314837723970413,-0.18558362126350403,-0.34149685502052307,0.004224646370857954,-0.22520746290683746,-0.4353918731212616,3.1378393173217773,0.01640682853758335
506,10.09129524230957,0.07314837723970413,-0.18558362126350403,-0.34149685502052307,-0.006359559949487448,-0.2630061209201813,-0.4273044466972351,3.140125274658203,0.015482018701732159
507,10.116774320602417,0.07314837723970413,-0.18558362126350403,-0.34149685502052307,-0.01640002243220806,-0.296286940574646,-0.38612133264541626,3.1394152641296387,0.016123393550515175
508,10.12876009941101,0.07314837723970413,-0.18558362126350403,-0.34149685502052307,-0.026077067479491234,-0.3244594633579254,-0.36115172505378723,3.139582633972168,0.01835920289158821
509,10.158774137496948,0.07314837723970413,-0.18558362126350403,-0.34149685502052307,-0.018483160063624382,-0.3433447480201721,-0.4060651659965515,-3.1390540599823,0.018420476466417313
510,10.171639442443848,0.07314837723970413,-0.18558362126350403,-0.34149685502052307,-0.009590603411197662,-0.31676575541496277,-0.34635230898857117,-3.137902021408081,0.01137135922908783
511,10.199183702468872,0.07314837723970413,-0.18558362126350403,-0.34149685502052307,-0.010487424209713936,-0.2896420955657959,-0.23323114216327667,-3.140681505203247,0.008121658116579056
512,10.209782123565674,0.07314837723970413,-0.18558362126350403,-0.34149685502052307,-0.008102946914732456,-0.27203813195228577,-0.1665429174900055,3.1376659870147705,0.009310341440141201
513,10.235560178756714,0.07314837723970413,-0.18558362126350403,-0.34149685502052307,-0.0021955519914627075,-0.2649451792240143,-0.1443072259426117,3.1327946186065674,0.010897502303123474
514,10.246417045593262,0.07314837723970413,-0.18558362126350403,-0.34149685502052307,0.0035118055529892445,-0.2626087963581085,-0.12926644086837769,3.130319356918335,0.01029235403984785
515,10.274965524673462,0.07314837723970413,-0.18558362126350403,-0.34149685502052307,0.006544345989823341,-0.2529841959476471,-0.14001666009426117,3.131338357925415,0.008006629534065723
516,10.285781145095825,0.07314837723970413,-0.18558362126350403,-0.34149685502052307,0.007093958556652069,-0.22886160016059875,-0.2678341865539551,3.1340560913085938,0.00589327048510313
517,10.312320709228516,0.07314837723970413,-0.18558362126350403,-0.34149685502052307,0.007933298125863075,-0.19718652963638306,-0.35430407524108887,3.1335768699645996,0.004542055074125528
518,10.322967290878296,0.07314837723970413,-0.18558362126350403,-0.34149685502052307,0.011283162981271744,-0.16807933151721954,-0.33363696932792664,3.1282734870910645,0.003938159439712763
519,10.349360227584839,0.07314837723970413,-0.18558362126350403,-0.34149685502052307,0.015491864643990993,-0.1430273801088333,-0.29559409618377686,3.1204488277435303,0.004556586034595966
520,10.360634803771973,0.07314837723970413,-0.18558362126350403,-0.34149685502052307,0.01972307823598385,-0.1235717311501503,-0.26006239652633667,3.112722158432007,0.006975318770855665
521,10.38661003112793,0.07314837723970413,-0.18558362126350403,-0.34149685502052307,0.024423150345683098,-0.10949284583330154,-0.23950950801372528,3.1061553955078125,0.011537550017237663
522,10.396955728530884,0.07314837723970413,-0.18558362126350403,-0.34149685502052307,0.030381357297301292,-0.09933222830295563,-0.23102596402168274,3.1009857654571533,0.017711596563458443
523,10.423541784286499,0.07314837723970413,-0.18558362126350403,-0.34149685502052307,0.038216482847929,-0.09123411774635315,-0.232874795794487,3.097691535949707,0.024090871214866638
524,10.434362649917603,0.07314837723970413,-0.18558362126350403,-0.34149685502052307,0.04801856726408005,-0.08246850222349167,-0.23740801215171814,3.096470594406128,0.02917594276368618
525,10.460786581039429,0.07314837723970413,-0.18558362126350403,-0.34149685502052307,0.059120647609233856,-0.07105622440576553,-0.22814686596393585,3.0968990325927734,0.032130785286426544
526,10.470962524414062,0.07314837723970413,-0.18558362126350403,-0.34149685502052307,0.07011105865240097,-0.05718933418393135,-0.19502846896648407,3.0984885692596436,0.033136945217847824
527,10.497080326080322,0.07314837723970413,-0.18558362126350403,-0.34149685502052307,0.08008619397878647,-0.04201832041144371,-0.14585262537002563,3.10107159614563,0.033194221556186676
528,10.507371664047241,0.07314837723970413,-0.18558362126350403,-0.34149685502052307,0.08794459700584412,-0.029324840754270554,-0.10132144391536713,3.1048996448516846,0.034027546644210815
529,10.533463716506958,0.07314837723970413,-0.18558362126350403,-0.34149685502052307,0.09544041007757187,-0.019482094794511795,-0.07203306257724762,3.1104671955108643,0.03687404468655586
530,10.543819189071655,0.07314837723970413,-0.18558362126350403,-0.34149685502052307,0.10524222254753113,-0.009744904935359955,-0.08572478592395782,3.1176228523254395,0.04145657271146774
531,10.57073426246643,0.07314837723970413,-0.18558362126350403,-0.34149685502052307,0.12133662402629852,0.001058461726643145,-0.15945211052894592,3.124221086502075,0.04545224457979202
532,10.581659317016602,0.07314837723970413,-0.18558362126350403,-0.34149685502052307,0.14195019006729126,0.012606419622898102,-0.2781795561313629,3.1263692378997803,0.046611327677965164
533,10.608044624328613,0.07314837723970413,-0.18558362126350403,-0.34149685502052307,0.1591324508190155,0.022846190258860588,-0.37761032581329346,3.1223580837249756,0.046149883419275284
534,10.618514776229858,0.07314837723970413,-0.18558362126350403,-0.34149685502052307,0.16019722819328308,0.0018206427339464426,-0.009883168153464794,3.118302583694458,0.036534760147333145
535,10.645079374313354,0.07314837723970413,-0.18558362126350403,-0.34149685502052307,0.12954308092594147,-0.03673076257109642,-0.15950830280780792,3.1210782527923584,0.026748670265078545
536,10.655083179473877,0.07314837723970413,-0.18558362126350403,-0.34149685502052307,0.1037256196141243,-0.07706204056739807,-0.32542166113853455,3.1268815994262695,0.023627925664186478
537,10.680755138397217,0.07314837723970413,-0.18558362126350403,-0.34149685502052307,0.08106581121683121,-0.11969742923974991,-0.359528511762619,3.133052110671997,0.022297173738479614
538,10.69102954864502,0.07314837723970413,-0.18558362126350403,-0.34149685502052307,0.0636482685804367,-0.16015364229679108,-0.3669159710407257,3.1384756565093994,0.021439049392938614
539,10.717218399047852,0.07314837723970413,-0.18558362126350403,-0.34149685502052307,0.05026399344205856,-0.1992451548576355,-0.3592599630355835,-3.1412971019744873,0.02059687115252018
540,10.727386951446533,0.07314837723970413,-0.18558362126350403,-0.34149685502052307,0.03880058974027634,-0.2336106300354004,-0.3448912799358368,3.1414647102355957,0.020246585831046104
541,10.753922939300537,0.07314837723970413,-0.18558362126350403,-0.34149685502052307,0.027164597064256668,-0.2650143504142761,-0.318420946598053,3.137454032897949,0.021377695724368095
542,10.764118432998657,0.07314837723970413,-0.18558362126350403,-0.34149685502052307,0.014629332348704338,-0.29263070225715637,-0.3042741119861603,3.1331708431243896,0.02429780177772045
543,10.790722608566284,0.07314837723970413,-0.18558362126350403,-0.34149685502052307,0.0009512417018413544,-0.3184114694595337,-0.32429665327072144,3.1332921981811523,0.028597138822078705
544,10.800929546356201,0.07314837723970413,-0.18558362126350403,-0.34149685502052307,0.039501674473285675,-0.31634587049484253,-0.43510279059410095,3.13435697555542,0.02459072321653366
545,10.827001094818115,0.07314837723970413,-0.18558362126350403,-0.34149685502052307,0.04132832959294319,-0.30106258392333984,-0.3019678592681885,3.128854274749756,0.011141574941575527
546,10.837421178817749,0.07314837723970413,-0.18558362126350403,-0.34149685502052307,0.032874807715415955,-0.2921798825263977,-0.24006494879722595,3.1234078407287598,0.006786048412322998
547,10.863821029663086,0.07314837723970413,-0.18558362126350403,-0.34149685502052307,0.036379002034664154,-0.2854449152946472,-0.20517422258853912,3.1195008754730225,0.008615954779088497
548,10.874449491500854,0.07314837723970413,-0.18558362126350403,-0.34149685502052307,0.047434158623218536,-0.2746178209781647,-0.1984681934118271,3.116547107696533,0.00991483498364687
549,10.900307655334473,0.07314837723970413,-0.18558362126350403,-0.34149685502052307,0.05775412917137146,-0.24872615933418274,-0.29427868127822876,3.113281011581421,0.009110638871788979
550,10.910901546478271,0.07314837723970413,-0.18558362126350403,-0.34149685502052307,0.06356144696474075,-0.2114771455526352,-0.32639068365097046,3.1070406436920166,0.0071565499529242516
551,10.937127590179443,0.07314837723970413,-0.18558362126350403,-0.34149685502052307,0.06902278959751129,-0.17912261188030243,-0.30580785870552063,3.0990312099456787,0.005151841789484024
552,10.947476148605347,0.07314837723970413,-0.18558362126350403,-0.34149685502052307,0.07563743740320206,-0.1541174203157425,-0.2607118487358093,3.09173321723938,0.004320440348237753
553,10.974312543869019,0.07314837723970413,-0.18558362126350403,-0.34149685502052307,0.08347207307815552,-0.13658007979393005,-0.2266291081905365,3.0864603519439697,0.005538714583963156
554,10.984673738479614,0.07314837723970413,-0.18558362126350403,-0.34149685502052307,0.09365111589431763,-0.12395377457141876,-0.19881278276443481,3.083153009414673,0.008762003853917122
555,11.010504245758057,0.07314837723970413,-0.18558362126350403,-0.34149685502052307,0.10542597621679306,-0.11500328779220581,-0.1653967797756195,3.0821099281311035,0.013050135225057602
556,11.021276950836182,0.07314837723970413,-0.18558362126350403,-0.34149685502052307,0.11731612682342529,-0.10691030323505402,-0.15656083822250366,3.0837395191192627,0.01775541342794895
557,11.047675848007202,0.07314837723970413,-0.18558362126350403,-0.34149685502052307,0.13102421164512634,-0.09702055901288986,-0.1589537113904953,3.0872795581817627,0.02206575684249401
558,11.058133840560913,0.07314837723970413,-0.18558362126350403,-0.34149685502052307,0.1467694491147995,-0.0849531963467598,-0.15501515567302704,3.0914297103881836,0.025053570047020912
559,11.08656644821167,0.07314837723970413,-0.18558362126350403,-0.34149685502052307,0.1631782203912735,-0.07196291536092758,-0.14488917589187622,3.0958380699157715,0.02648727409541607
560,11.097203731536865,0.07314837723970413,-0.18558362126350403,-0.34149685502052307,0.17874841392040253,-0.05988913029432297,-0.13697415590286255,3.1015634536743164,0.027171846479177475
561,11.123348712921143,0.07314837723970413,-0.18558362126350403,-0.34149685502052307,0.19440032541751862,-0.04932200908660889,-0.1440800428390503,3.109722852706909,0.02808532305061817
562,11.13355803489685,0.07314837723970413,-0.18558362126350403,-0.34149685502052307,0.2119741141796112,-0.039769623428583145,-0.17317114770412445,3.1199605464935303,0.02948935702443123
563,11.15968942642212,0.07314837723970413,-0.18558362126350403,-0.34149685502052307,0.2321452498435974,-0.030049027875065804,-0.21963675320148468,3.1300671100616455,0.0313444621860981
564,11.171592235565186,0.07314837723970413,-0.18558362126350403,-0.34149685502052307,0.2544557750225067,-0.020196275785565376,-0.2666463851928711,3.1377484798431396,0.03365776315331459
565,11.198614597320557,0.07314837723970413,-0.18558362126350403,-0.34149685502052307,0.2515125870704651,-0.028585869818925858,0.03785425424575806,-3.140465259552002,0.029172712936997414
566,11.209331512451172,0.07314837723970413,-0.18558362126350403,-0.34149685502052307,0.2335091531276703,-0.05381639674305916,-0.18160812556743622,-3.139948844909668,0.025436677038669586
567,11.235718488693237,0.07314837723970413,-0.18558362126350403,-0.34149685502052307,0.206437349319458,-0.09339705109596252,-0.2780274748802185,3.1349270343780518,0.02789270505309105
568,11.246840238571167,0.07314837723970413,-0.18558362126350403,-0.34149685502052307,0.17681308090686798,-0.1391763836145401,-0.3548601269721985,3.131221294403076,0.030616823583841324
569,11.273216247558594,0.07314837723970413,-0.18558362126350403,-0.34149685502052307,0.14553582668304443,-0.18142253160476685,-0.3571902811527252,3.1358766555786133,0.03073056973516941
570,11.283353567123413,0.07314837723970413,-0.18558362126350403,-0.34149685502052307,0.12127848714590073,-0.21703505516052246,-0.3646930158138275,-3.1385536193847656,0.028662709519267082
571,11.311625003814697,0.07314837723970413,-0.18558362126350403,-0.34149685502052307,0.10369253158569336,-0.24896183609962463,-0.39758309721946716,-3.129833221435547,0.0254649855196476
572,11.321889400482178,0.07314837723970413,-0.18558362126350403,-0.34149685502052307,0.08814636617898941,-0.2784630060195923,-0.4220864772796631,-3.124340534210205,0.02298126369714737
573,11.348491191864014,0.07314837723970413,-0.18558362126350403,-0.34149685502052307,0.072838693857193,-0.30707043409347534,-0.4012766480445862,-3.124159574508667,0.022909270599484444
574,11.359556913375854,0.07314837723970413,-0.18558362126350403,-0.34149685502052307,0.060513220727443695,-0.33532899618148804,-0.3697098195552826,-3.128451347351074,0.02421967312693596
575,11.38583755493164,0.07314837723970413,-0.18558362126350403,-0.34149685502052307,0.047133952379226685,-0.3626749515533447,-0.3329269289970398,-3.133572578430176,0.02611103467643261
576,11.396210670471191,0.07314837723970413,-0.18558362126350403,-0.34149685502052307,0.05776120722293854,-0.37413808703422546,-0.4109250605106354,-3.1378931999206543,0.022609977051615715
577,11.422545194625854,0.07314837723970413,-0.18558362126350403,-0.34149685502052307,0.049650613218545914,-0.3593132197856903,-0.3534458577632904,3.13955020904541,0.013576745986938477
578,11.433037757873535,0.07314837723970413,-0.18558362126350403,-0.34149685502052307,0.03549656271934509,-0.34119486808776855,-0.25856781005859375,3.1346590518951416,0.012840235605835915
579,11.458758354187012,0.07314837723970413,-0.18558362126350403,-0.34149685502052307,0.033568721264600754,-0.32431209087371826,-0.19355913996696472,3.1290345191955566,0.017245842143893242
580,11.469112634658813,0.07314837723970413,-0.18558362126350403,-0.34149685502052307,0.03884582594037056,-0.3090212941169739,-0.15070489048957825,3.1223833560943604,0.020428640767931938
581,11.49636960029602,0.07314837723970413,-0.18558362126350403,-0.34149685502052307,0.04391409456729889,-0.28939753770828247,-0.13354602456092834,3.1166810989379883,0.02051318995654583
582,11.506933689117432,0.07314837723970413,-0.18558362126350403,-0.34149685502052307,0.041679274290800095,-0.2615002691745758,-0.2192527800798416,3.1131324768066406,0.01966727152466774
583,11.533674240112305,0.07314837723970413,-0.18558362126350403,-0.34149685502052307,0.03838459774851799,-0.23268575966358185,-0.2953028678894043,3.109839677810669,0.019694987684488297
584,11.543749809265137,0.07314837723970413,-0.18558362126350403,-0.34149685502052307,0.03772088885307312,-0.20805369317531586,-0.2956182062625885,3.1052639484405518,0.020745079964399338
585,11.570353746414185,0.07314837723970413,-0.18558362126350403,-0.34149685502052307,0.03940360248088837,-0.18633227050304413,-0.26765403151512146,3.099748134613037,0.022445421665906906
586,11.58067536354065,0.07314837723970413,-0.18558362126350403,-0.34149685502052307,0.042587243020534515,-0.16831545531749725,-0.24041162431240082,3.0945374965667725,0.024664031341671944
587,11.606877088546753,0.07314837723970413,-0.18558362126350403,-0.34149685502052307,0.0454973466694355,-0.1553293764591217,-0.20454037189483643,3.090501546859741,0.02782278321683407
588,11.616935014724731,0.07314837723970413,-0.18558362126350403,-0.34149685502052307,0.048529252409935,-0.14515215158462524,-0.186983123421669,3.0876431465148926,0.032456886023283005
589,11.643570899963379,0.07314837723970413,-0.18558362126350403,-0.34149685502052307,0.05344301834702492,-0.13635344803333282,-0.18332521617412567,3.0857510566711426,0.03805200010538101
590,11.653756380081177,0.07314837723970413,-0.18558362126350403,-0.34149685502052307,0.05924515426158905,-0.12946264445781708,-0.1663399636745453,3.084930658340454,0.04354551061987877
591,11.67972707748413,0.07314837723970413,-0.18558362126350403,-0.34149685502052307,0.06631763279438019,-0.12104092538356781,-0.1578608602285385,3.084972620010376,0.04825717583298683
592,11.691086530685425,0.07314837723970413,-0.18558362126350403,-0.34149685502052307,0.07525444775819778,-0.11043383926153183,-0.13865666091442108,3.085495948791504,0.05164852738380432
593,11.717432975769043,0.07314837723970413,-0.18558362126350403,-0.34149685502052307,0.08345239609479904,-0.10055329650640488,-0.0970565602183342,3.086555004119873,0.053908560425043106
594,11.72742486000061,0.07314837723970413,-0.18558362126350403,-0.34149685502052307,0.09079733490943909,-0.09100451320409775,-0.0648454874753952,3.0886952877044678,0.0560741052031517
595,11.753537893295288,0.07314837723970413,-0.18558362126350403,-0.34149685502052307,0.09736322611570358,-0.08338575810194016,-0.042548369616270065,3.092954397201538,0.059175971895456314
596,11.76370644569397,0.07314837723970413,-0.18558362126350403,-0.34149685502052307,0.10286438465118408,-0.07919866591691971,-0.04152725636959076,3.100160837173462,0.06416265666484833
597,11.790950059890747,0.07314837723970413,-0.18558362126350403,-0.34149685502052307,0.11465723812580109,-0.07481828331947327,-0.0797915831208229,3.1094155311584473,0.06980486959218979
598,11.801405429840088,0.07314837723970413,-0.18558362126350403,-0.34149685502052307,0.1372193545103073,-0.06738780438899994,-0.15035870671272278,3.1171536445617676,0.07180090993642807
599,11.827413558959961,0.07314837723970413,-0.18558362126350403,-0.34149685502052307,0.1616290956735611,-0.0597849115729332,-0.22141863405704498,3.118248462677002,0.06771639734506607
600,11.837650775909424,0.07314837723970413,-0.18558362126350403,-0.34149685502052307,0.17772257328033447,-0.05453634634613991,-0.2737528383731842,3.111388683319092,0.06016708165407181
601,11.864678382873535,0.07314837723970413,-0.18558362126350403,-0.34149685502052307,0.16566413640975952,-0.060969315469264984,0.03760957345366478,3.1017982959747314,0.050927091389894485
602,11.874674797058105,0.07314837723970413,-0.18558362126350403,-0.34149685502052307,0.12523719668388367,-0.0839710533618927,-0.11582567542791367,3.1028997898101807,0.04566292464733124
603,11.901066064834595,0.07314837723970413,-0.18558362126350403,-0.34149685502052307,0.09115943312644958,-0.10722079128026962,-0.3262934386730194,3.11191725730896,0.04849037528038025
604,11.912551403045654,0.07314837723970413,-0.18558362126350403,-0.34149685502052307,0.05999764800071716,-0.13149602711200714,-0.37033793330192566,3.1209847927093506,0.050430335104465485
605,11.938536405563354,0.07314837723970413,-0.18558362126350403,-0.34149685502052307,0.030459711328148842,-0.15981876850128174,-0.349323034286499,3.1265451908111572,0.05105375498533249
606,11.948874950408936,0.07314837723970413,-0.18558362126350403,-0.34149685502052307,0.0020011623855680227,-0.18907588720321655,-0.31497448682785034,3.1279079914093018,0.05208545923233032
607,11.976566076278687,0.07314837723970413,-0.18558362126350403,-0.34149685502052307,-0.026252783834934235,-0.2146299183368683,-0.2794884145259857,3.1240429878234863,0.05570400506258011
608,11.991511106491089,0.07314837723970413,-0.18558362126350403,-0.34149685502052307,-0.055389076471328735,-0.23924997448921204,-0.23432357609272003,3.11716365814209,0.06298940628767014
609,12.024533748626709,0.07314837723970413,-0.18558362126350403,-0.34149685502052307,-0.08581840991973877,-0.26141831278800964,-0.22083379328250885,3.1128482818603516,0.07352975755929947
610,12.038447856903076,0.07314837723970413,-0.18558362126350403,-0.34149685502052307,-0.08015381544828415,-0.2695307731628418,-0.2288546860218048,3.114271640777588,0.08305194228887558
611,12.064863204956055,0.07314837723970413,-0.18558362126350403,-0.34149685502052307,-0.06304977089166641,-0.2589130997657776,-0.2167285680770874,3.1132938861846924,0.07825928926467896
612,12.075685024261475,0.07314837723970413,-0.18558362126350403,-0.34149685502052307,-0.05762103945016861,-0.25116389989852905,-0.1868506669998169,3.112877130508423,0.07008937746286392
613,12.10137677192688,0.07314837723970413,-0.18558362126350403,-0.34149685502052307,-0.057991672307252884,-0.24767528474330902,-0.1552007794380188,3.114384174346924,0.06272787600755692
614,12.114449739456177,0.07314837723970413,-0.18558362126350403,-0.34149685502052307,-0.058138102293014526,-0.24392296373844147,-0.12160058319568634,3.1181249618530273,0.05614767596125603
615,12.140910625457764,0.07314837723970413,-0.18558362126350403,-0.34149685502052307,-0.05464131012558937,-0.2309502512216568,-0.09562020748853683,3.1237428188323975,0.04902094975113869
616,12.15566897392273,0.07314837723970413,-0.18558362126350403,-0.34149685502052307,-0.04972662404179573,-0.20331913232803345,-0.22772765159606934,3.1292617321014404,0.0414920374751091
617,12.187371730804443,0.07314837723970413,-0.18558362126350403,-0.34149685502052307,-0.04660521447658539,-0.17359107732772827,-0.31019532680511475,3.1305549144744873,0.03473779559135437
618,12.200612783432007,0.07314837723970413,-0.18558362126350403,-0.34149685502052307,-0.044508252292871475,-0.14862073957920074,-0.3299867808818817,3.1274640560150146,0.030467461794614792
619,12.226991415023804,0.07314837723970413,-0.18558362126350403,-0.34149685502052307,-0.042161162942647934,-0.12679295241832733,-0.3167057931423187,3.1221423149108887,0.029404515400528908
620,12.237457275390625,0.07314837723970413,-0.18558362126350403,-0.34149685502052307,-0.039853643625974655,-0.10743127763271332,-0.30966922640800476,3.115950345993042,0.03139302507042885
621,12.264086723327637,0.07314837723970413,-0.18558362126350403,-0.34149685502052307,-0.03738626092672348,-0.09212188422679901,-0.3227490782737732,3.1095595359802246,0.03582734242081642
622,12.274473905563354,0.07314837723970413,-0.18558362126350403,-0.34149685502052307,-0.03432805836200714,-0.08059006929397583,-0.3529551029205322,3.1036250591278076,0.041660986840724945
623,12.30058741569519,0.07314837723970413,-0.18558362126350403,-0.34149685502052307,-0.03001435659825802,-0.0706770047545433,-0.3822419345378876,3.0990817546844482,0.047533854842185974
624,12.311209201812744,0.07314837723970413,-0.18558362126350403,-0.34149685502052307,-0.024016447365283966,-0.060652341693639755,-0.4014334976673126,3.0971827507019043,0.05223061144351959
625,12.337807178497314,0.07314837723970413,-0.18558362126350403,-0.34149685502052307,-0.016284538432955742,-0.048841316252946854,-0.39390289783477783,3.0986852645874023,0.05486062541604042
626,12.348432540893555,0.07314837723970413,-0.18558362126350403,-0.34149685502052307,-0.00833866000175476,-0.034159351140260696,-0.35197412967681885,3.102741003036499,0.05525059998035431
627,12.37566614151001,0.07314837723970413,-0.18558362126350403,-0.34149685502052307,-0.0020491790492087603,-0.01761208474636078,-0.2993878424167633,3.1072676181793213,0.05426337569952011
628,12.386085748672485,0.07314837723970413,-0.18558362126350403,-0.34149685502052307,0.0013778822030872107,-0.0028382965829223394,-0.263203501701355,3.1109957695007324,0.0537680983543396
629,12.413763761520386,0.07314837723970413,-0.18558362126350403,-0.34149685502052307,0.0041957697831094265,0.00910341739654541,-0.25231629610061646,3.1140971183776855,0.05524302273988724
630,12.428529977798462,0.07314837723970413,-0.18558362126350403,-0.34149685502052307,0.009685421362519264,0.02127901092171669,-0.2700681984424591,3.1164710521698,0.058190617710351944
631,12.456087112426758,0.07314837723970413,-0.18558362126350403,-0.34149685502052307,0.019650492817163467,0.03555508702993393,-0.31657329201698303,3.1163558959960938,0.06043760105967522
632,12.466745853424072,0.07314837723970413,-0.18558362126350403,-0.34149685502052307,0.008369985967874527,0.067607581615448,-0.17467044293880463,3.112560749053955,0.05989062413573265
633,12.493699312210083,0.07314837723970413,-0.18558362126350403,-0.34149685502052307,0.03098786249756813,0.04251142963767052,-0.2077619731426239,3.1070327758789062,0.053160957992076874
634,12.5038001537323,0.07314837723970413,-0.18558362126350403,-0.34149685502052307,0.0400589294731617,0.01888352818787098,-0.23741140961647034,3.1053731441497803,0.04278590530157089
635,12.529633283615112,0.07314837723970413,-0.18558362126350403,-0.34149685502052307,0.043012119829654694,-0.005011898931115866,-0.2945979833602905,3.104139566421509,0.02646816335618496
636,12.540565013885498,0.07314837723970413,-0.18558362126350403,-0.34149685502052307,0.029534323140978813,-0.038889478892087936,-0.3300284445285797,3.104036331176758,0.009730962105095387
637,12.566198825836182,0.07314837723970413,-0.18558362126350403,-0.34149685502052307,0.011530769988894463,-0.07815099507570267,-0.3626128137111664,3.107866048812866,0.00024182579363696277
638,12.576307535171509,0.07314837723970413,-0.18558362126350403,-0.34149685502052307,-0.000807067146524787,-0.12117407470941544,-0.4017101526260376,3.114088773727417,-0.001637686276808381
639,12.602238178253174,0.07314837723970413,-0.18558362126350403,-0.34149685502052307,-0.003141834633424878,-0.16459614038467407,-0.4085429012775421,3.1201465129852295,-0.0008063605637289584
640,12.612746953964233,0.07314837723970413,-0.18558362126350403,-0.34149685502052307,-0.0036300441715866327,-0.20271728932857513,-0.411279559135437,3.1236112117767334,-0.0001204061700263992
641,12.639116525650024,0.07314837723970413,-0.18558362126350403,-0.34149685502052307,-0.002834153827279806,-0.2417932003736496,-0.3761290907859802,3.1238720417022705,0.00044418376637622714
642,12.650377750396729,0.07314837723970413,-0.18558362126350403,-0.34149685502052307,-0.0020111293997615576,-0.2774854004383087,-0.3636512756347656,3.122973680496216,0.0005131257348693907
643,12.677489519119263,0.07314837723970413,-0.18558362126350403,-0.34149685502052307,-0.0013596019707620144,-0.308389812707901,-0.37132492661476135,3.124589204788208,0.00016109902935568243
644,12.687689304351807,0.07314837723970413,-0.18558362126350403,-0.34149685502052307,0.008161675184965134,-0.2967069745063782,-0.2740224599838257,3.125795364379883,-0.0017429821891710162
645,12.71470046043396,0.07314837723970413,-0.18558362126350403,-0.34149685502052307,0.010831156745553017,-0.27926430106163025,-0.26129645109176636,3.123807668685913,-0.0015860209241509438
646,12.724834680557251,0.07314837723970413,-0.18558362126350403,-0.34149685502052307,0.019790837541222572,-0.26829057931900024,-0.20573411881923676,3.1195168495178223,0.0006194728775881231
647,12.750632286071777,0.07314837723970413,-0.18558362126350403,-0.34149685502052307,0.030518129467964172,-0.26086485385894775,-0.1844501942396164,3.1144590377807617,0.002146574202924967
648,12.76063084602356,0.07314837723970413,-0.18558362126350403,-0.34149685502052307,0.03999878093600273,-0.24809931218624115,-0.19691771268844604,3.110542058944702,0.001898640301078558
649,12.786601543426514,0.07314837723970413,-0.18558362126350403,-0.34149685502052307,0.04325055330991745,-0.2202531099319458,-0.31382817029953003,3.1074771881103516,0.0002068909234367311
650,12.796870708465576,0.07314837723970413,-0.18558362126350403,-0.34149685502052307,0.04429132491350174,-0.18720132112503052,-0.3557327091693878,3.1022634506225586,-0.0023028398863971233
651,12.823130130767822,0.07314837723970413,-0.18558362126350403,-0.34149685502052307,0.046365369111299515,-0.1608351767063141,-0.32336437702178955,3.0948691368103027,-0.004069027025252581
652,12.833638668060303,0.07314837723970413,-0.18558362126350403,-0.34149685502052307,0.050725530833005905,-0.14170292019844055,-0.27075308561325073,3.0875396728515625,-0.0038831986021250486
653,12.860248565673828,0.07314837723970413,-0.18558362126350403,-0.34149685502052307,0.05742970481514931,-0.12845689058303833,-0.2230382263660431,3.0817830562591553,-0.0014618787681683898
654,12.870570421218872,0.07314837723970413,-0.18558362126350403,-0.34149685502052307,0.06667068600654602,-0.12037813663482666,-0.17495617270469666,3.077845811843872,0.0029203053563833237
655,12.897277116775513,0.07314837723970413,-0.18558362126350403,-0.34149685502052307,0.07767444849014282,-0.11607393622398376,-0.1248333528637886,3.0758843421936035,0.00862254947423935
656,12.90782642364502,0.07314837723970413,-0.18558362126350403,-0.34149685502052307,0.08847331255674362,-0.11326978355646133,-0.0901576578617096,3.0764338970184326,0.015073422342538834
657,12.933730602264404,0.07314837723970413,-0.18558362126350403,-0.34149685502052307,0.09948401153087616,-0.1098794937133789,-0.06834788620471954,3.079619884490967,0.021525291725993156
658,12.943788051605225,0.07314837723970413,-0.18558362126350403,-0.34149685502052307,0.11150707304477692,-0.10306208580732346,-0.051474761217832565,3.084456443786621,0.027021488174796104
659,12.969314575195312,0.07314837723970413,-0.18558362126350403,-0.34149685502052307,0.12398236244916916,-0.092457115650177,-0.035198334604501724,3.0895113945007324,0.031105758622288704
660,12.97948670387268,0.07314837723970413,-0.18558362126350403,-0.34149685502052307,0.13598723709583282,-0.08095290511846542,-0.02232307568192482,3.0941977500915527,0.03424841910600662
661,13.005912780761719,0.07314837723970413,-0.18558362126350403,-0.34149685502052307,0.14705008268356323,-0.07211073487997055,-0.017552537843585014,3.0995962619781494,0.03753018379211426
662,13.016328811645508,0.07314837723970413,-0.18558362126350403,-0.34149685502052307,0.15793894231319427,-0.06775962561368942,-0.038340575993061066,3.107767105102539,0.042045123875141144
663,13.044728755950928,0.07314837723970413,-0.18558362126350403,-0.34149685502052307,0.17433035373687744,-0.0656607449054718,-0.090666264295578,3.1189143657684326,0.04702452942728996
664,13.05487585067749,0.07314837723970413,-0.18558362126350403,-0.34149685502052307,0.20054467022418976,-0.0607389472424984,-0.17647559940814972,3.1292123794555664,0.04966779053211212
665,13.081807374954224,0.07314837723970413,-0.18558362126350403,-0.34149685502052307,0.23145142197608948,-0.05312097817659378,-0.2484549582004547,3.1326985359191895,0.04818187654018402
666,13.092874765396118,0.07314837723970413,-0.18558362126350403,-0.34149685502052307,0.2207619696855545,-0.027132369577884674,-0.26811352372169495,3.125603199005127,0.0469844825565815
667,13.118497371673584,0.07314837723970413,-0.18558362126350403,-0.34149685502052307,0.20825102925300598,-0.07451605051755905,-0.4173251986503601,3.108999252319336,0.04591292887926102
668,13.129671335220337,0.07314837723970413,-0.18558362126350403,-0.34149685502052307,0.16973578929901123,-0.11426030844449997,-0.4332740902900696,3.0983240604400635,0.0507643036544323
669,13.15708613395691,0.07314837723970413,-0.18558362126350403,-0.34149685502052307,0.13076937198638916,-0.14841328561306,-0.3362800180912018,3.1025309562683105,0.05496079474687576
670,13.168995141983032,0.07314837723970413,-0.18558362126350403,-0.34149685502052307,0.09891267865896225,-0.17321427166461945,-0.3362710475921631,3.113995313644409,0.05520659685134888
671,13.198927402496338,0.07314837723970413,-0.18558362126350403,-0.34149685502052307,0.07067029178142548,-0.19481834769248962,-0.355307400226593,3.1248342990875244,0.05326820909976959
672,13.212068557739258,0.07314837723970413,-0.18558362126350403,-0.34149685502052307,0.046943821012973785,-0.21636614203453064,-0.38941287994384766,3.131376028060913,0.051145847886800766
673,13.237812519073486,0.07314837723970413,-0.18558362126350403,-0.34149685502052307,0.022773712873458862,-0.23896124958992004,-0.38828131556510925,3.1327626705169678,0.050745271146297455
674,13.248513460159302,0.07314837723970413,-0.18558362126350403,-0.34149685502052307,-0.0015841550193727016,-0.2628653347492218,-0.35464492440223694,3.1297502517700195,0.05275268480181694
675,13.275270700454712,0.07314837723970413,-0.18558362126350403,-0.34149685502052307,-0.02722865715622902,-0.2872715890407562,-0.3241739869117737,3.1253695487976074,0.05670982599258423
676,13.28574800491333,0.07314837723970413,-0.18558362126350403,-0.34149685502052307,-0.05442873388528824,-0.3115621507167816,-0.30318108201026917,3.1245522499084473,0.06227607652544975
677,13.311686515808105,0.07314837723970413,-0.18558362126350403,-0.34149685502052307,-0.04814883694052696,-0.32117965817451477,-0.34305283427238464,3.1289684772491455,0.06693152338266373
678,13.322401762008667,0.07314837723970413,-0.18558362126350403,-0.34149685502052307,-0.03190431371331215,-0.3019290268421173,-0.2903376519680023,3.1287267208099365,0.05926400050520897
679,13.350659608840942,0.07314837723970413,-0.18558362126350403,-0.34149685502052307,-0.03172629326581955,-0.28788015246391296,-0.22495019435882568,3.126361608505249,0.05126657336950302
680,13.360943078994751,0.07314837723970413,-0.18558362126350403,-0.34149685502052307,-0.03362003341317177,-0.28098368644714355,-0.18690139055252075,3.125119686126709,0.04640183225274086
681,13.387315273284912,0.07314837723970413,-0.18558362126350403,-0.34149685502052307,-0.03390885889530182,-0.2787095904350281,-0.1411575824022293,3.12644362449646,0.0422559455037117
682,13.39765453338623,0.07314837723970413,-0.18558362126350403,-0.34149685502052307,-0.03068990260362625,-0.2671714127063751,-0.13631825149059296,3.1300177574157715,0.037076253443956375
683,13.423912048339844,0.07314837723970413,-0.18558362126350403,-0.34149685502052307,-0.024046611040830612,-0.24051713943481445,-0.24884147942066193,3.134227991104126,0.031030697748064995
684,13.43408989906311,0.07314837723970413,-0.18558362126350403,-0.34149685502052307,-0.01969347894191742,-0.2083667516708374,-0.33180946111679077,3.1349072456359863,0.025586498901247978
685,13.46100640296936,0.07314837723970413,-0.18558362126350403,-0.34149685502052307,-0.01498398557305336,-0.17999941110610962,-0.33818888664245605,3.1315817832946777,0.021933432668447495
686,13.472193002700806,0.07314837723970413,-0.18558362126350403,-0.34149685502052307,-0.009790979325771332,-0.1544860154390335,-0.32053878903388977,3.1261703968048096,0.020631538704037666
687,13.499149322509766,0.07314837723970413,-0.18558362126350403,-0.34149685502052307,-0.00472921272739768,-0.13145503401756287,-0.31358927488327026,3.119924306869507,0.021820977330207825
688,13.510425329208374,0.07314837723970413,-0.18558362126350403,-0.34149685502052307,-9.495439007878304e-05,-0.11364180594682693,-0.29940715432167053,3.113682746887207,0.025367820635437965
689,13.53641128540039,0.07314837723970413,-0.18558362126350403,-0.34149685502052307,0.005838401615619659,-0.09848473966121674,-0.3153620660305023,3.108102798461914,0.03047623485326767
690,13.547061681747437,0.07314837723970413,-0.18558362126350403,-0.34149685502052307,0.013760698027908802,-0.08455552905797958,-0.34626898169517517,3.103623151779175,0.03560514375567436
691,13.572832107543945,0.07314837723970413,-0.18558362126350403,-0.34149685502052307,0.0238974429666996,-0.07025142759084702,-0.37146085500717163,3.100634813308716,0.03940571844577789
692,13.583383560180664,0.07314837723970413,-0.18558362126350403,-0.34149685502052307,0.03591378405690193,-0.054553791880607605,-0.3670218586921692,3.099839210510254,0.04101892188191414
693,13.610051155090332,0.07314837723970413,-0.18558362126350403,-0.34149685502052307,0.0484330840408802,-0.036564916372299194,-0.34093886613845825,3.1015820503234863,0.040389396250247955
694,13.623282670974731,0.07314837723970413,-0.18558362126350403,-0.34149685502052307,0.058867599815130234,-0.02108987793326378,-0.28228017687797546,3.1058461666107178,0.03850603103637695
695,13.652981281280518,0.07314837723970413,-0.18558362126350403,-0.34149685502052307,0.06686973571777344,-0.005501335021108389,-0.2657232880592346,3.1117234230041504,0.03732699155807495
696,13.663090229034424,0.07314837723970413,-0.18558362126350403,-0.34149685502052307,0.07661746442317963,0.009990522637963295,-0.234634131193161,3.118323564529419,0.03682953491806984
697,13.68977665901184,0.07314837723970413,-0.18558362126350403,-0.34149685502052307,0.08747528493404388,0.027827488258481026,-0.258861780166626,3.123915195465088,0.03650793805718422
698,13.699781894683838,0.07314837723970413,-0.18558362126350403,-0.34149685502052307,0.08738932013511658,0.047492027282714844,-0.09194701910018921,3.125734329223633,0.033891599625349045
699,13.725804805755615,0.07314837723970413,-0.18558362126350403,-0.34149685502052307,0.09593170136213303,0.029821300879120827,-0.2042877972126007,3.1266634464263916,0.027758430689573288
700,13.736027002334595,0.4869083762168884,0.15630923211574554,0.303022563457489,0.10410019010305405,0.008139961399137974,-0.3025011718273163,3.1236040592193604,0.021093269810080528
701,13.761635303497314,0.4869083762168884,0.15630923211574554,0.303022563457489,0.11556015908718109,0.005396978463977575,-0.08281943202018738,3.1181387901306152,0.008264107629656792
702,13.771968841552734,0.4869083762168884,0.15630923211574554,0.303022563457489,0.119182288646698,0.009950973093509674,0.16799074411392212,3.1121010780334473,-0.008680793456733227
703,13.798257827758789,0.4869083762168884,0.15630923211574554,0.303022563457489,0.11381751298904419,0.013287434354424477,0.3068818151950836,3.1074118614196777,-0.023999085649847984
704,13.808692216873169,0.4869083762168884,0.15630923211574554,0.303022563457489,0.10297728329896927,0.00892512034624815,0.3755914568901062,3.1080589294433594,-0.03252294659614563
705,13.835100173950195,0.4869083762168884,0.15630923211574554,0.303022563457489,0.0987706407904625,-0.004226157441735268,0.31767356395721436,3.115785598754883,-0.035845495760440826
706,13.84576153755188,0.4869083762168884,0.15630923211574554,0.303022563457489,0.09640075266361237,-0.02511049062013626,0.28016823530197144,3.1253488063812256,-0.03912653028964996
707,13.87183403968811,0.4869083762168884,0.15630923211574554,0.303022563457489,0.08857627213001251,-0.04864596948027611,0.2550716996192932,3.132291793823242,-0.04053179547190666
708,13.88196325302124,0.4869083762168884,0.15630923211574554,0.303022563457489,0.0772838220000267,-0.07471698522567749,0.29088401794433594,3.1376097202301025,-0.036400966346263885
709,13.908128261566162,0.4869083762168884,0.15630923211574554,0.303022563457489,0.09706046432256699,-0.08115435391664505,0.16597066819667816,-3.141157388687134,-0.03651122748851776
710,13.918760061264038,0.4869083762168884,0.15630923211574554,0.303022563457489,0.09895602613687515,-0.06641937792301178,0.3230416476726532,-3.137972354888916,-0.042383331805467606
711,13.946399211883545,0.4869083762168884,0.15630923211574554,0.303022563457489,0.09794756770133972,-0.046066537499427795,0.4652867317199707,-3.135232925415039,-0.04438742995262146
712,13.956901550292969,0.4869083762168884,0.15630923211574554,0.303022563457489,0.09873849153518677,-0.03174072504043579,0.5385092496871948,-3.1350526809692383,-0.04207511991262436
713,13.98327112197876,0.4869083762168884,0.15630923211574554,0.303022563457489,0.10391446948051453,-0.026752913370728493,0.5683192610740662,-3.1351053714752197,-0.03735130652785301
714,13.9940185546875,0.4869083762168884,0.15630923211574554,0.303022563457489,0.11150102317333221,-0.024047251790761948,0.5483425855636597,-3.132800340652466,-0.031738486140966415
715,14.020363092422485,0.4869083762168884,0.15630923211574554,0.303022563457489,0.12287537008523941,-0.015856973826885223,0.5040064454078674,-3.1280224323272705,-0.026380695402622223
716,14.03123688697815,0.4869083762168884,0.15630923211574554,0.303022563457489,0.1357019692659378,0.005064117256551981,0.3626384139060974,-3.1237993240356445,-0.021739808842539787
717,14.057885885238647,0.4869083762168884,0.15630923211574554,0.303022563457489,0.14714987576007843,0.035937998443841934,0.28291699290275574,-3.1252787113189697,-0.017692886292934418
718,14.068131685256958,0.4869083762168884,0.15630923211574554,0.303022563457489,0.16149331629276276,0.06621864438056946,0.2904393970966339,-3.1319198608398438,-0.014300432987511158
719,14.094213962554932,0.4869083762168884,0.15630923211574554,0.303022563457489,0.1789843589067459,0.09492436051368713,0.34909334778785706,-3.1399006843566895,-0.01128409244120121
720,14.10443115234375,0.4869083762168884,0.15630923211574554,0.303022563457489,0.20035435259342194,0.11993138492107391,0.4000577926635742,3.136815309524536,-0.008393880911171436
721,14.130860567092896,0.4869083762168884,0.15630923211574554,0.303022563457489,0.2253923863172531,0.14066648483276367,0.4161469340324402,3.132477045059204,-0.005173924844712019
722,14.14109206199646,0.4869083762168884,0.15630923211574554,0.303022563457489,0.2538457214832306,0.15852171182632446,0.4378371238708496,3.1298704147338867,-0.0018719208892434835
723,14.167084217071533,0.4869083762168884,0.15630923211574554,0.303022563457489,0.2854379713535309,0.1774274706840515,0.45307061076164246,3.129194498062134,0.00034660566598176956
724,14.178336143493652,0.4869083762168884,0.15630923211574554,0.303022563457489,0.31953373551368713,0.19740580022335052,0.4668066203594208,3.130592107772827,0.0005194083787500858
725,14.204107761383057,0.4869083762168884,0.15630923211574554,0.303022563457489,0.3559949994087219,0.21832700073719025,0.48393335938453674,3.13395619392395,-0.0018551051616668701
726,14.216084957122803,0.4869083762168884,0.15630923211574554,0.303022563457489,0.3938599228858948,0.23974834382534027,0.5060649514198303,3.139577627182007,-0.006859373766928911
727,14.242614984512329,0.4869083762168884,0.15630923211574554,0.303022563457489,0.4317561984062195,0.260296493768692,0.5267164707183838,-3.1353683471679688,-0.013905281201004982
728,14.254042148590088,0.4869083762168884,0.15630923211574554,0.303022563457489,0.46874356269836426,0.2771849036216736,0.5459815263748169,-3.124899387359619,-0.021698836237192154
729,14.281103372573853,0.4869083762168884,0.15630923211574554,0.303022563457489,0.505363941192627,0.29250669479370117,0.5667330622673035,-3.1136841773986816,-0.02819495089352131
730,14.292011260986328,0.4869083762168884,0.15630923211574554,0.303022563457489,0.5192853212356567,0.30785560607910156,0.7645074129104614,-3.106788396835327,-0.038398001343011856
731,14.318296909332275,0.4869083762168884,0.15630923211574554,0.303022563457489,0.5032838582992554,0.2785758972167969,0.688603401184082,-3.099637985229492,-0.046929147094488144
732,14.328798770904541,0.4869083762168884,0.15630923211574554,0.303022563457489,0.4736381769180298,0.22610235214233398,0.5209168791770935,-3.099330186843872,-0.03987099230289459
733,14.356164455413818,0.4869083762168884,0.15630923211574554,0.303022563457489,0.44668129086494446,0.16316384077072144,0.34286588430404663,-3.0987868309020996,-0.02912091091275215
734,14.366771459579468,0.4869083762168884,0.15630923211574554,0.303022563457489,0.4361351430416107,0.11511953920125961,0.2938806116580963,-3.0936732292175293,-0.022319123148918152
735,14.392868280410767,0.4869083762168884,0.15630923211574554,0.303022563457489,0.43459826707839966,0.07826583087444305,0.25827479362487793,-3.0838680267333984,-0.01851792447268963
736,14.4037184715271,0.4869083762168884,0.15630923211574554,0.303022563457489,0.4408300220966339,0.05105878785252571,0.20544195175170898,-3.0733351707458496,-0.015560508705675602
737,14.43069052696228,0.4869083762168884,0.15630923211574554,0.303022563457489,0.45176854729652405,0.030183710157871246,0.1590721160173416,-3.0662949085235596,-0.01296716183423996
738,14.441256284713745,0.4869083762168884,0.15630923211574554,0.303022563457489,0.46191513538360596,0.007655601017177105,0.17631344497203827,-3.0650174617767334,-0.010501425713300705
739,14.467283248901367,0.4869083762168884,0.15630923211574554,0.303022563457489,0.4724966585636139,-0.02069505862891674,0.2276555299758911,-3.0694081783294678,-0.008649831637740135
740,14.47782015800476,0.4869083762168884,0.15630923211574554,0.303022563457489,0.4849279522895813,-0.05099959298968315,0.27427220344543457,-3.0780627727508545,-0.008175618946552277
741,14.503478527069092,0.4869083762168884,0.15630923211574554,0.303022563457489,0.4970417022705078,-0.07810657471418381,0.31419020891189575,-3.089836597442627,-0.00785062462091446
742,14.514037609100342,0.4869083762168884,0.15630923211574554,0.303022563457489,0.5097440481185913,-0.09922431409358978,0.32802191376686096,-3.1036620140075684,-0.005723422393202782
743,14.54072880744934,0.4869083762168884,0.15630923211574554,0.303022563457489,0.5248880982398987,-0.12005780637264252,0.35399162769317627,-3.1166985034942627,-0.000723126926459372
744,14.551392316818237,0.4869083762168884,0.15630923211574554,0.303022563457489,0.5402309894561768,-0.146078959107399,0.38989368081092834,-3.123634099960327,0.007646354380995035
745,14.577909708023071,0.4869083762168884,0.15630923211574554,0.303022563457489,0.545423150062561,-0.17708198726177216,0.4015801250934601,-3.120112657546997,0.021402301266789436
746,14.588429689407349,0.4869083762168884,0.15630923211574554,0.303022563457489,0.5576187372207642,-0.1838769167661667,0.08114827424287796,-3.111832618713379,0.03142097219824791
747,14.614962100982666,0.4869083762168884,0.15630923211574554,0.303022563457489,0.534796953201294,-0.15721386671066284,0.05330512672662735,-3.108832359313965,0.03271730616688728
748,14.6257803440094,0.4869083762168884,0.15630923211574554,0.303022563457489,0.500491201877594,-0.11261682957410812,0.16427922248840332,-3.1133763790130615,0.037110745906829834
749,14.651924848556519,0.4869083762168884,0.15630923211574554,0.303022563457489,0.45544660091400146,-0.06664160639047623,0.3418063223361969,-3.1258034706115723,0.04323031008243561
750,14.662882328033447,0.4869083762168884,0.15630923211574554,0.303022563457489,0.4254757761955261,-0.03680800646543503,0.3395007252693176,-3.140658140182495,0.0479499027132988
751,14.691015481948853,0.4869083762168884,0.15630923211574554,0.303022563457489,0.4065595865249634,-0.014625507406890392,0.2914678454399109,3.128345012664795,0.050073157995939255
752,14.70156192779541,0.4869083762168884,0.15630923211574554,0.303022563457489,0.392362117767334,0.005201979540288448,0.2753693759441376,3.116131544113159,0.049557875841856
753,14.727644205093384,0.4869083762168884,0.15630923211574554,0.303022563457489,0.3815791606903076,0.023392222821712494,0.28925827145576477,3.1071949005126953,0.04676983132958412
754,14.73768138885498,0.4869083762168884,0.15630923211574554,0.303022563457489,0.37441274523735046,0.039044201374053955,0.3141784071922302,3.102236747741699,0.042591433972120285
755,14.763488531112671,0.4869083762168884,0.15630923211574554,0.303022563457489,0.37169089913368225,0.051615599542856216,0.3367697596549988,3.101044178009033,0.038404203951358795
756,14.773674726486206,0.4869083762168884,0.15630923211574554,0.303022563457489,0.37331223487854004,0.06372341513633728,0.3384345769882202,3.102320909500122,0.03516735881567001
757,14.799380540847778,0.4869083762168884,0.15630923211574554,0.303022563457489,0.37832626700401306,0.07629264146089554,0.3621760904788971,3.104341506958008,0.03276415169239044
758,14.80933427810669,0.4869083762168884,0.15630923211574554,0.303022563457489,0.3856687843799591,0.09089633077383041,0.38251203298568726,3.1064586639404297,0.030456649139523506
759,14.835382461547852,0.4869083762168884,0.15630923211574554,0.303022563457489,0.3947190046310425,0.1103130429983139,0.4037022888660431,3.1086175441741943,0.027186991646885872
760,14.845220804214478,0.4869083762168884,0.15630923211574554,0.303022563457489,0.4061028063297272,0.13920342922210693,0.40529176592826843,3.1101953983306885,0.021814994513988495
761,14.870920658111572,0.4869083762168884,0.15630923211574554,0.303022563457489,0.4183640480041504,0.17163410782814026,0.4138389229774475,3.111078977584839,0.01438952423632145
762,14.88109016418457,0.4869083762168884,0.15630923211574554,0.303022563457489,0.4295002222061157,0.20344027876853943,0.40942907333374023,3.112605333328247,0.006892165634781122
763,14.906959533691406,0.4869083762168884,0.15630923211574554,0.303022563457489,0.4403599202632904,0.22902625799179077,0.4291294515132904,3.1158533096313477,0.0016892109997570515
764,14.91708755493164,0.4869083762168884,0.15630923211574554,0.303022563457489,0.45468825101852417,0.2565278112888336,0.4090595245361328,3.1192736625671387,-0.00018137101142201573
765,14.942762613296509,0.4869083762168884,0.15630923211574554,0.303022563457489,0.47000962495803833,0.2891642451286316,0.3732796609401703,3.117133855819702,0.0033068715129047632
766,14.953272581100464,0.4869083762168884,0.15630923211574554,0.303022563457489,0.4838898777961731,0.3194552958011627,0.3786141276359558,3.104780435562134,0.01561057846993208
767,14.979301691055298,0.4869083762168884,0.15630923211574554,0.303022563457489,0.4805086851119995,0.3158632814884186,0.662808895111084,3.088963270187378,0.018826033920049667
768,14.989946842193604,0.4869083762168884,0.15630923211574554,0.303022563457489,0.45958003401756287,0.272298127412796,0.47109460830688477,3.091660499572754,0.011265486478805542
769,15.017735481262207,0.4869083762168884,0.15630923211574554,0.303022563457489,0.4388867914676666,0.24056613445281982,0.34319108724594116,3.10288667678833,0.003033566055819392
770,15.028152227401733,0.4869083762168884,0.15630923211574554,0.303022563457489,0.4259018003940582,0.22272266447544098,0.31987690925598145,3.112823009490967,-0.003605390666052699
771,15.054052114486694,0.4869083762168884,0.15630923211574554,0.303022563457489,0.41854333877563477,0.20907166600227356,0.32792919874191284,3.11785888671875,-0.007271637208759785
772,15.064735174179077,0.4869083762168884,0.15630923211574554,0.303022563457489,0.41417765617370605,0.1955583244562149,0.36389675736427307,3.1190695762634277,-0.007811444811522961
773,15.093319177627563,0.4869083762168884,0.15630923211574554,0.303022563457489,0.41345852613449097,0.18007636070251465,0.39057838916778564,3.1190297603607178,-0.006384824402630329
774,15.10553526878357,0.4869083762168884,0.15630923211574554,0.303022563457489,0.4161759614944458,0.16226203739643097,0.38739389181137085,3.118769407272339,-0.004723291378468275
775,15.131134271621704,0.4869083762168884,0.15630923211574554,0.303022563457489,0.42100125551223755,0.14379845559597015,0.3838580250740051,3.117475986480713,-0.003263982478529215
776,15.143316984176636,0.4869083762168884,0.15630923211574554,0.303022563457489,0.4283543527126312,0.12433778494596481,0.3992459774017334,3.1145823001861572,-0.0014434779295697808
777,15.169938325881958,0.4869083762168884,0.15630923211574554,0.303022563457489,0.44019821286201477,0.10371499508619308,0.4283822476863861,3.110530138015747,0.0008899719687178731
778,15.181291818618774,0.4869083762168884,0.15630923211574554,0.303022563457489,0.4581877291202545,0.08366986364126205,0.4723197817802429,3.1054046154022217,0.0032841789070516825
779,15.207679748535156,0.4869083762168884,0.15630923211574554,0.303022563457489,0.48366764187812805,0.0635269284248352,0.5252513289451599,3.0992724895477295,0.005036584101617336
780,15.218218803405762,0.4869083762168884,0.15630923211574554,0.303022563457489,0.5136393904685974,0.04078404977917671,0.5670172572135925,3.094852924346924,0.006383733823895454
781,15.2444326877594,0.4869083762168884,0.15630923211574554,0.303022563457489,0.5456351637840271,0.015712790191173553,0.5676195025444031,3.0973520278930664,0.00808042287826538
782,15.256206274032593,0.4869083762168884,0.15630923211574554,0.303022563457489,0.5675577521324158,-0.004812995437532663,0.5212453007698059,3.111320734024048,0.012244278565049171
783,15.285857200622559,0.4869083762168884,0.15630923211574554,0.303022563457489,0.5592100620269775,-0.004665462300181389,0.3310984969139099,3.135293960571289,0.023083606734871864
784,15.297420978546143,0.4869083762168884,0.15630923211574554,0.303022563457489,0.5232475399971008,0.040336571633815765,0.37276485562324524,-3.1385786533355713,0.033558234572410583
785,15.323681592941284,0.4869083762168884,0.15630923211574554,0.303022563457489,0.4748997390270233,0.0805107057094574,0.43885886669158936,3.1342856884002686,0.04042847827076912
786,15.33410120010376,0.4869083762168884,0.15630923211574554,0.303022563457489,0.43900319933891296,0.10935937613248825,0.4505086839199066,3.1175484657287598,0.04594201222062111
787,15.3608238697052,0.4869083762168884,0.15630923211574554,0.303022563457489,0.41850781440734863,0.13326174020767212,0.45101529359817505,3.102592706680298,0.04929126426577568
788,15.37134575843811,0.4869083762168884,0.15630923211574554,0.303022563457489,0.4076053500175476,0.1546938568353653,0.4734913408756256,3.0912327766418457,0.04972856491804123
789,15.398592710494995,0.4869083762168884,0.15630923211574554,0.303022563457489,0.4017615020275116,0.1702778935432434,0.5036765933036804,3.083901882171631,0.04934075102210045
790,15.408966064453125,0.4869083762168884,0.15630923211574554,0.303022563457489,0.40163207054138184,0.18060973286628723,0.5174317955970764,3.080836057662964,0.04983452335000038
791,15.43600583076477,0.4869083762168884,0.15630923211574554,0.303022563457489,0.40421339869499207,0.18978986144065857,0.5434111952781677,3.081345796585083,0.050507303327322006
792,15.446332693099976,0.4869083762168884,0.15630923211574554,0.303022563457489,0.4046144187450409,0.2045988291501999,0.5119516849517822,3.084555149078369,0.05025968328118324
793,15.473759651184082,0.4869083762168884,0.15630923211574554,0.303022563457489,0.40392738580703735,0.22849556803703308,0.45241305232048035,3.088792562484741,0.04823068901896477
794,15.484298467636108,0.4869083762168884,0.15630923211574554,0.303022563457489,0.4015430510044098,0.25812506675720215,0.3914370536804199,3.092792510986328,0.0450582392513752
795,15.510681390762329,0.4869083762168884,0.15630923211574554,0.303022563457489,0.39833056926727295,0.29144516587257385,0.3503783643245697,3.096216917037964,0.04259486123919487
796,15.52114725112915,0.4869083762168884,0.15630923211574554,0.303022563457489,0.39472725987434387,0.3312663435935974,0.34236475825309753,3.0969202518463135,0.04305582493543625
797,15.547052383422852,0.4869083762168884,0.15630923211574554,0.303022563457489,0.3902854025363922,0.3700692355632782,0.3403431177139282,3.092949151992798,0.04935229569673538
798,15.557358503341675,0.4869083762168884,0.15630923211574554,0.303022563457489,0.4025096595287323,0.3696748912334442,0.7625264525413513,3.088527202606201,0.045059822499752045
799,15.584041833877563,0.4869083762168884,0.15630923211574554,0.303022563457489,0.38602685928344727,0.33488476276397705,0.651823878288269,3.0946459770202637,0.039842043071985245
800,15.598664999008179,0.4869083762168884,0.15630923211574554,0.303022563457489,0.3788047730922699,0.28911876678466797,0.47891515493392944,3.1027817726135254,0.04256099835038185
801,15.625338077545166,0.4869083762168884,0.15630923211574554,0.303022563457489,0.3835509121417999,0.24451178312301636,0.3520015478134155,3.1096277236938477,0.04161345958709717
802,15.63493299484253,0.4869083762168884,0.15630923211574554,0.303022563457489,0.3856477439403534,0.21078549325466156,0.3509121835231781,3.1128854751586914,0.0352252721786499
803,15.66098427772522,0.4869083762168884,0.15630923211574554,0.303022563457489,0.38389021158218384,0.18089327216148376,0.3654932379722595,3.1134183406829834,0.02907675877213478
804,15.670885562896729,0.4869083762168884,0.15630923211574554,0.303022563457489,0.38451483845710754,0.1510789692401886,0.38060078024864197,3.1124846935272217,0.02518344111740589
805,15.6973295211792,0.4869083762168884,0.15630923211574554,0.303022563457489,0.38866183161735535,0.12095418572425842,0.38778409361839294,3.110830307006836,0.0229222122579813
806,15.706988334655762,0.4869083762168884,0.15630923211574554,0.303022563457489,0.39553719758987427,0.09202461689710617,0.39166954159736633,3.1086137294769287,0.021855616942048073
807,15.733192205429077,0.4869083762168884,0.15630923211574554,0.303022563457489,0.40547293424606323,0.06649402529001236,0.4132946729660034,3.1046268939971924,0.021998558193445206
808,15.742494821548462,0.4869083762168884,0.15630923211574554,0.303022563457489,0.41934534907341003,0.04388023167848587,0.4607197046279907,3.0977299213409424,0.023347025737166405
809,15.768391370773315,0.4869083762168884,0.15630923211574554,0.303022563457489,0.43616724014282227,0.0208621583878994,0.5233554840087891,3.0892574787139893,0.025989336892962456
810,15.778359413146973,0.4869083762168884,0.15630923211574554,0.303022563457489,0.45449715852737427,-0.00734088197350502,0.5678464770317078,3.082850456237793,0.029859112575650215
811,15.805009603500366,0.4869083762168884,0.15630923211574554,0.303022563457489,0.47393620014190674,-0.04057872295379639,0.5644577741622925,3.08219313621521,0.03423821181058884
812,15.814940214157104,0.4869083762168884,0.15630923211574554,0.303022563457489,0.4900565445423126,-0.07542189955711365,0.5249401330947876,3.089327812194824,0.0399504154920578
813,15.841158151626587,0.4869083762168884,0.15630923211574554,0.303022563457489,0.5116952657699585,-0.09434977173805237,0.2703796625137329,3.099172830581665,0.040694497525691986
814,15.85077452659607,0.4869083762168884,0.15630923211574554,0.303022563457489,0.5021242499351501,-0.10752680897712708,0.15192267298698425,3.1111397743225098,0.03923777490854263
815,15.877111196517944,0.4869083762168884,0.15630923211574554,0.303022563457489,0.4836201071739197,-0.08953293412923813,0.14800173044204712,3.1219472885131836,0.04182779788970947
816,15.887315273284912,0.4869083762168884,0.15630923211574554,0.303022563457489,0.4513069987297058,-0.04341980814933777,0.2870311737060547,3.1215245723724365,0.04404511675238609
817,15.914077997207642,0.4869083762168884,0.15630923211574554,0.303022563457489,0.4164070188999176,-0.005095981061458588,0.3086079955101013,3.1115996837615967,0.043695610016584396
818,15.924232721328735,0.4869083762168884,0.15630923211574554,0.303022563457489,0.39080846309661865,0.023474091663956642,0.2907499670982361,3.099324941635132,0.04179709404706955
819,15.951001405715942,0.4869083762168884,0.15630923211574554,0.303022563457489,0.37241658568382263,0.048856962472200394,0.29410624504089355,3.0882461071014404,0.03932235762476921
820,15.960689067840576,0.4869083762168884,0.15630923211574554,0.303022563457489,0.3607834279537201,0.07139584422111511,0.32751578092575073,3.079728126525879,0.03619872033596039
821,15.989169836044312,0.4869083762168884,0.15630923211574554,0.303022563457489,0.3552577495574951,0.0913621261715889,0.34846460819244385,3.074345111846924,0.03259740397334099
822,16.001616716384888,0.4869083762168884,0.15630923211574554,0.303022563457489,0.3547166585922241,0.10865315794944763,0.3484894037246704,3.0721468925476074,0.029162323102355003
823,16.02859878540039,0.4869083762168884,0.15630923211574554,0.303022563457489,0.3584270775318146,0.1235467866063118,0.3627088665962219,3.0727620124816895,0.02635696716606617
824,16.037968397140503,0.4869083762168884,0.15630923211574554,0.303022563457489,0.36528781056404114,0.14094267785549164,0.3780326545238495,3.074967861175537,0.023782653734087944
825,16.063465118408203,0.4869083762168884,0.15630923211574554,0.303022563457489,0.3746418356895447,0.16186530888080597,0.4014388620853424,3.077989101409912,0.020318588241934776
826,16.073029041290283,0.4869083762168884,0.15630923211574554,0.303022563457489,0.385493665933609,0.1892869919538498,0.40834540128707886,3.0814809799194336,0.014850086532533169
827,16.100489616394043,0.4869083762168884,0.15630923211574554,0.303022563457489,0.3955080509185791,0.22001466155052185,0.41049498319625854,3.0849359035491943,0.0076445299200713634
828,16.11003351211548,0.4869083762168884,0.15630923211574554,0.303022563457489,0.4028128385543823,0.2483150213956833,0.43062180280685425,3.0888280868530273,0.0005976315587759018
829,16.137876749038696,0.4869083762168884,0.15630923211574554,0.303022563457489,0.409657746553421,0.27900466322898865,0.39676931500434875,3.093526601791382,-0.0037928330712020397
830,16.14979887008667,0.4869083762168884,0.15630923211574554,0.303022563457489,0.41916075348854065,0.31494849920272827,0.3753385543823242,3.0959126949310303,-0.004232794512063265
831,16.17527747154236,0.4869083762168884,0.15630923211574554,0.303022563457489,0.41999551653862,0.34682485461235046,0.6616769433021545,3.093230724334717,-0.01680666022002697
832,16.186765670776367,0.4869083762168884,0.15630923211574554,0.303022563457489,0.39905714988708496,0.3387494385242462,0.6012258529663086,3.0968024730682373,-0.02596411108970642
833,16.215325593948364,0.4869083762168884,0.15630923211574554,0.303022563457489,0.3890191316604614,0.3145083487033844,0.5213086605072021,3.099302053451538,-0.02022143080830574
834,16.226579666137695,0.4869083762168884,0.15630923211574554,0.303022563457489,0.3916528522968292,0.2774290442466736,0.35385823249816895,3.1035242080688477,-0.01500468049198389
835,16.254915237426758,0.4869083762168884,0.15630923211574554,0.303022563457489,0.39262133836746216,0.24806445837020874,0.3284173011779785,3.1098079681396484,-0.016103921458125114
836,16.266432285308838,0.4869083762168884,0.15630923211574554,0.303022563457489,0.39262837171554565,0.22789324820041656,0.3193143308162689,3.1170730590820312,-0.019058672711253166
837,16.294147729873657,0.4869083762168884,0.15630923211574554,0.303022563457489,0.3951895833015442,0.21135485172271729,0.30836719274520874,3.1237666606903076,-0.020516354590654373
838,16.304221153259277,0.4869083762168884,0.15630923211574554,0.303022563457489,0.4020291268825531,0.19602717459201813,0.31357407569885254,3.1286914348602295,-0.0199633426964283
839,16.329986572265625,0.4869083762168884,0.15630923211574554,0.303022563457489,0.4136272072792053,0.17969129979610443,0.31396812200546265,3.1321334838867188,-0.01836860366165638
840,16.340402364730835,0.4869083762168884,0.15630923211574554,0.303022563457489,0.42917099595069885,0.1619204431772232,0.3281121253967285,3.134371280670166,-0.01667623221874237
841,16.367010354995728,0.4869083762168884,0.15630923211574554,0.303022563457489,0.4469601511955261,0.14378972351551056,0.32822367548942566,3.1350209712982178,-0.014829812571406364
842,16.3766667842865,0.4869083762168884,0.15630923211574554,0.303022563457489,0.46812766790390015,0.12846682965755463,0.3770902454853058,3.1329803466796875,-0.011904136277735233
843,16.403658866882324,0.4869083762168884,0.15630923211574554,0.303022563457489,0.4938383996486664,0.11665207892656326,0.4068399667739868,3.1269803047180176,-0.008274032734334469
844,16.413950443267822,0.4869083762168884,0.15630923211574554,0.303022563457489,0.5289321541786194,0.1065305769443512,0.44704583287239075,3.117891788482666,-0.004919497296214104
845,16.440236806869507,0.4869083762168884,0.15630923211574554,0.303022563457489,0.5685469508171082,0.0944289043545723,0.46525511145591736,3.1100502014160156,-0.001738092745654285
846,16.45033311843872,0.4869083762168884,0.15630923211574554,0.303022563457489,0.6109372973442078,0.0773109719157219,0.4276082217693329,3.1098623275756836,0.0013750765938311815
847,16.476637601852417,0.4869083762168884,0.15630923211574554,0.303022563457489,0.6414576172828674,0.061137016862630844,0.3399432301521301,3.1216888427734375,0.006132147740572691
848,16.486916303634644,0.4869083762168884,0.15630923211574554,0.303022563457489,0.6451918482780457,0.05369225889444351,0.23697154223918915,-3.1377763748168945,0.019107867032289505
849,16.513436317443848,0.4869083762168884,0.15630923211574554,0.303022563457489,0.5949114561080933,0.08806532621383667,0.37105411291122437,-3.1272785663604736,0.03104158490896225
850,16.525108337402344,0.4869083762168884,0.15630923211574554,0.303022563457489,0.5358000993728638,0.11527854204177856,0.41907328367233276,-3.1354260444641113,0.04189242422580719
851,16.551385164260864,0.4869083762168884,0.15630923211574554,0.303022563457489,0.49105367064476013,0.1325267255306244,0.4146847128868103,3.1320934295654297,0.051845867186784744
852,16.561339139938354,0.4869083762168884,0.15630923211574554,0.303022563457489,0.4627724587917328,0.14400729537010193,0.39462172985076904,3.1171135902404785,0.05918489396572113
853,16.58810567855835,0.4869083762168884,0.15630923211574554,0.303022563457489,0.447855681180954,0.15313003957271576,0.3863266110420227,3.1059699058532715,0.06174779683351517
854,16.59811282157898,0.4869083762168884,0.15630923211574554,0.303022563457489,0.4388120770454407,0.16212500631809235,0.40530070662498474,3.0988664627075195,0.05992840230464935
855,16.624274253845215,0.4869083762168884,0.15630923211574554,0.303022563457489,0.43261316418647766,0.16799677908420563,0.4200994372367859,3.0956058502197266,0.05679497495293617
856,16.633885622024536,0.4869083762168884,0.15630923211574554,0.303022563457489,0.4309030771255493,0.16837942600250244,0.42772796750068665,3.096116781234741,0.05504994839429855
857,16.659785747528076,0.4869083762168884,0.15630923211574554,0.303022563457489,0.4321874678134918,0.16664497554302216,0.44787415862083435,3.0996360778808594,0.05493635684251785
858,16.669755697250366,0.4869083762168884,0.15630923211574554,0.303022563457489,0.43295326828956604,0.16945621371269226,0.46470701694488525,3.104524850845337,0.05513459071516991
859,16.69660973548889,0.4869083762168884,0.15630923211574554,0.303022563457489,0.4333684742450714,0.18104349076747894,0.4501373767852783,3.109342575073242,0.05393680930137634
860,16.70629358291626,0.4869083762168884,0.15630923211574554,0.303022563457489,0.434775173664093,0.20237348973751068,0.4129236340522766,3.113036870956421,0.05015578120946884
861,16.732715606689453,0.4869083762168884,0.15630923211574554,0.303022563457489,0.4359830915927887,0.22839264571666718,0.37363845109939575,3.115379810333252,0.044369760900735855
862,16.74349093437195,0.4869083762168884,0.15630923211574554,0.303022563457489,0.4358029067516327,0.2533528208732605,0.33903998136520386,3.1173789501190186,0.03905598446726799
863,16.773261070251465,0.4869083762168884,0.15630923211574554,0.303022563457489,0.4370570480823517,0.28024259209632874,0.3115701675415039,3.118666648864746,0.03653956949710846
864,16.783876180648804,0.4869083762168884,0.15630923211574554,0.303022563457489,0.43887728452682495,0.31116315722465515,0.28153881430625916,3.1162619590759277,0.039285652339458466
865,16.80987572669983,0.4869083762168884,0.15630923211574554,0.303022563457489,0.4176974594593048,0.3460264205932617,0.473384827375412,3.106478214263916,0.045900095254182816
866,16.819799661636353,0.4869083762168884,0.15630923211574554,0.303022563457489,0.41676127910614014,0.31356433033943176,0.5393013954162598,3.1009507179260254,0.04860258102416992
867,16.84580659866333,0.4869083762168884,0.15630923211574554,0.303022563457489,0.4090645909309387,0.27032625675201416,0.45658108592033386,3.10174560546875,0.05791714787483215
868,16.85559582710266,0.4869083762168884,0.15630923211574554,0.303022563457489,0.4119545519351959,0.22335413098335266,0.34925177693367004,3.1081643104553223,0.05933600291609764
869,16.8823401927948,0.4869083762168884,0.15630923211574554,0.303022563457489,0.40988218784332275,0.1903906613588333,0.33100953698158264,3.114530324935913,0.0507587194442749
870,16.892195224761963,0.4869083762168884,0.15630923211574554,0.303022563457489,0.4019146263599396,0.1641593873500824,0.33187395334243774,3.118239164352417,0.041068144142627716
871,16.918606519699097,0.4869083762168884,0.15630923211574554,0.303022563457489,0.3958965539932251,0.1375826746225357,0.35293692350387573,3.1190319061279297,0.03448822721838951
872,16.928649187088013,0.4869083762168884,0.15630923211574554,0.303022563457489,0.39456477761268616,0.10908391326665878,0.3688206076622009,3.1178042888641357,0.030551576986908913
873,16.955217599868774,0.4869083762168884,0.15630923211574554,0.303022563457489,0.3969518542289734,0.07938329130411148,0.3730684518814087,3.1155078411102295,0.027906380593776703
874,16.964997053146362,0.4869083762168884,0.15630923211574554,0.303022563457489,0.40226250886917114,0.05074990913271904,0.3902684450149536,3.1120617389678955,0.026260899379849434
875,16.990987062454224,0.4869083762168884,0.15630923211574554,0.303022563457489,0.410047322511673,0.02468712627887726,0.4238930642604828,3.1064820289611816,0.0260737594217062
876,17.00118112564087,0.4869083762168884,0.15630923211574554,0.303022563457489,0.42029258608818054,-0.0005114459781907499,0.4753798842430115,3.0990593433380127,0.02798011340200901
877,17.02808904647827,0.4869083762168884,0.15630923211574554,0.303022563457489,0.43204838037490845,-0.02905327081680298,0.5242516994476318,3.0927138328552246,0.032304637134075165
878,17.038188219070435,0.4869083762168884,0.15630923211574554,0.303022563457489,0.4503600299358368,-0.061208195984363556,0.46216318011283875,3.0912272930145264,0.038184888660907745
879,17.07006525993347,0.4869083762168884,0.15630923211574554,0.303022563457489,0.4706498384475708,-0.08693383634090424,0.3458788990974426,3.0943214893341064,0.03602435067296028
880,17.081117391586304,0.4869083762168884,0.15630923211574554,0.303022563457489,0.47072505950927734,-0.10614721477031708,0.31058335304260254,3.103668212890625,0.03199039772152901
881,17.10788893699646,0.4869083762168884,0.15630923211574554,0.303022563457489,0.469374418258667,-0.11078953742980957,0.26628249883651733,3.1169395446777344,0.03202299773693085
882,17.118982076644897,0.4869083762168884,0.15630923211574554,0.303022563457489,0.4624069631099701,-0.09477686882019043,0.22795724868774414,3.1276044845581055,0.03416522219777107
883,17.14605474472046,0.4869083762168884,0.15630923211574554,0.303022563457489,0.43548479676246643,-0.05290379002690315,0.30329516530036926,3.127267599105835,0.03603198006749153
884,17.15714716911316,0.4869083762168884,0.15630923211574554,0.303022563457489,0.40294721722602844,-0.003653047839179635,0.3685242533683777,3.11690354347229,0.03715987130999565
885,17.183342933654785,0.4869083762168884,0.15630923211574554,0.303022563457489,0.37887006998062134,0.03229556232690811,0.3633681535720825,3.1032490730285645,0.0379655584692955
886,17.193429708480835,0.4869083762168884,0.15630923211574554,0.303022563457489,0.36853042244911194,0.06001623347401619,0.36728131771087646,3.0912058353424072,0.03822010010480881
887,17.219671964645386,0.4869083762168884,0.15630923211574554,0.303022563457489,0.3681362569332123,0.08395829796791077,0.38295239210128784,3.082420825958252,0.03706962242722511
888,17.229594230651855,0.4869083762168884,0.15630923211574554,0.303022563457489,0.3732491135597229,0.10633070766925812,0.41102704405784607,3.0768935680389404,0.03449821099638939
889,17.25582504272461,0.4869083762168884,0.15630923211574554,0.303022563457489,0.38526368141174316,0.12782473862171173,0.4303528666496277,3.0730550289154053,0.030240347608923912
890,17.26597023010254,0.4869083762168884,0.15630923211574554,0.303022563457489,0.4006710946559906,0.14979472756385803,0.522793173789978,3.0721120834350586,0.025240356102585793
891,17.291921377182007,0.4869083762168884,0.15630923211574554,0.303022563457489,0.419723242521286,0.17280521988868713,0.5837221145629883,3.074436664581299,0.01917479746043682
892,17.301774263381958,0.4869083762168884,0.15630923211574554,0.303022563457489,0.4349212050437927,0.2001889944076538,0.594150185585022,3.079882860183716,0.012321170419454575
893,17.32781672477722,0.4869083762168884,0.15630923211574554,0.303022563457489,0.44403499364852905,0.22908586263656616,0.606783926486969,3.0866968631744385,0.006049785763025284
894,17.337721586227417,0.4869083762168884,0.15630923211574554,0.303022563457489,0.45196080207824707,0.2516449987888336,0.6334165334701538,3.093503475189209,0.002004676265642047
895,17.365045309066772,0.4869083762168884,0.15630923211574554,0.303022563457489,0.4630068838596344,0.27442026138305664,0.6078339219093323,3.0997626781463623,0.001489832648076117
896,17.37525987625122,0.4869083762168884,0.15630923211574554,0.303022563457489,0.47606050968170166,0.30452102422714233,0.5366973876953125,3.103282928466797,0.0060435147024691105
897,17.404316425323486,0.4869083762168884,0.15630923211574554,0.303022563457489,0.4693595767021179,0.3260114789009094,0.7651160359382629,3.0999257564544678,0.005907658487558365
898,17.41602921485901,0.4869083762168884,0.15630923211574554,0.303022563457489,0.4352464973926544,0.27686062455177307,0.9263830780982971,3.1068074703216553,0.0013809470692649484
899,17.441839456558228,0.4869083762168884,0.15630923211574554,0.303022563457489,0.39602598547935486,0.20428940653800964,0.6295633912086487,3.1187431812286377,0.011350155808031559
900,17.45190715789795,0.4869083762168884,0.15630923211574554,0.303022563457489,0.3832673728466034,0.15072663128376007,0.38665664196014404,3.127931833267212,0.020109446719288826
901,17.47885036468506,0.4869083762168884,0.15630923211574554,0.303022563457489,0.3833489716053009,0.11587616801261902,0.3304312229156494,3.1321964263916016,0.02272392250597477
902,17.490058660507202,0.4869083762168884,0.15630923211574554,0.303022563457489,0.3828679323196411,0.09102873504161835,0.3632467985153198,3.1331450939178467,0.022920845076441765
903,17.515815496444702,0.4869083762168884,0.15630923211574554,0.303022563457489,0.38083410263061523,0.07145589590072632,0.4407632350921631,3.131300926208496,0.024405336007475853
904,17.526667833328247,0.4869083762168884,0.15630923211574554,0.303022563457489,0.3795252740383148,0.04992743209004402,0.46501725912094116,3.127626419067383,0.027050908654928207
905,17.55289340019226,0.4869083762168884,0.15630923211574554,0.303022563457489,0.37940314412117004,0.025421852245926857,0.46928805112838745,3.1235671043395996,0.029711537063121796
906,17.563191413879395,0.4869083762168884,0.15630923211574554,0.303022563457489,0.3807598352432251,0.0004691783688031137,0.48322421312332153,3.1197733879089355,0.03228975459933281
907,17.589426040649414,0.4869083762168884,0.15630923211574554,0.303022563457489,0.38361698389053345,-0.022622298449277878,0.5138365626335144,3.1155197620391846,0.03544645756483078
908,17.59930920600891,0.4869083762168884,0.15630923211574554,0.303022563457489,0.38872453570365906,-0.04460703954100609,0.5483933687210083,3.1098263263702393,0.03990159183740616
909,17.62630820274353,0.4869083762168884,0.15630923211574554,0.303022563457489,0.3969177007675171,-0.06765381246805191,0.6121988296508789,3.1033565998077393,0.046292200684547424
910,17.636271476745605,0.4869083762168884,0.15630923211574554,0.303022563457489,0.4066057503223419,-0.0957222506403923,0.685449481010437,3.0988619327545166,0.05496008321642876
911,17.66376304626465,0.4869083762168884,0.15630923211574554,0.303022563457489,0.41864287853240967,-0.13028670847415924,0.7061994075775146,3.0998430252075195,0.06476427614688873
912,17.673343896865845,0.4869083762168884,0.15630923211574554,0.303022563457489,0.4292655885219574,-0.16779564321041107,0.6883244514465332,3.1078732013702393,0.07529783993959427
913,17.69893765449524,0.4869083762168884,0.15630923211574554,0.303022563457489,0.4569685459136963,-0.17175614833831787,0.395447313785553,3.1166739463806152,0.08053930848836899
914,17.7110493183136,0.4869083762168884,0.15630923211574554,0.303022563457489,0.47496411204338074,-0.16882608830928802,0.18528001010417938,3.124265432357788,0.07888594269752502
915,17.73792552947998,0.4869083762168884,0.15630923211574554,0.303022563457489,0.4794905185699463,-0.1471068263053894,0.1319124698638916,3.1312272548675537,0.07583251595497131
916,17.748181343078613,0.4869083762168884,0.15630923211574554,0.303022563457489,0.4619780480861664,-0.09614843875169754,0.23367826640605927,3.1309728622436523,0.07245610654354095
917,17.773768424987793,0.4869083762168884,0.15630923211574554,0.303022563457489,0.434277206659317,-0.04370434582233429,0.32084929943084717,3.121711015701294,0.067973293364048
918,17.783610105514526,0.4869083762168884,0.15630923211574554,0.303022563457489,0.417999267578125,-0.0038444434758275747,0.3341439664363861,3.1087772846221924,0.06261186301708221
919,17.80986475944519,0.4869083762168884,0.15630923211574554,0.303022563457489,0.4134689271450043,0.029043639078736305,0.3552394211292267,3.0956709384918213,0.05714981257915497
920,17.8194477558136,0.4869083762168884,0.15630923211574554,0.303022563457489,0.41820231080055237,0.057944007217884064,0.39159730076789856,3.084099292755127,0.05123380944132805
921,17.845483541488647,0.4869083762168884,0.15630923211574554,0.303022563457489,0.4288565218448639,0.0834825411438942,0.4357260763645172,3.075122833251953,0.04497891291975975
922,17.85541868209839,0.4869083762168884,0.15630923211574554,0.303022563457489,0.44317707419395447,0.10514657199382782,0.4850742518901825,3.0697357654571533,0.03926660120487213
923,17.882922172546387,0.4869083762168884,0.15630923211574554,0.303022563457489,0.4605378806591034,0.12456370890140533,0.5314306020736694,3.0689659118652344,0.03411120921373367
924,17.89273738861084,0.4869083762168884,0.15630923211574554,0.303022563457489,0.47922441363334656,0.1477140486240387,0.5526574850082397,3.072664499282837,0.02851112186908722
925,17.91918182373047,0.4869083762168884,0.15630923211574554,0.303022563457489,0.4968903362751007,0.17769162356853485,0.5531008839607239,3.078965902328491,0.021658658981323242
926,17.928674459457397,0.4869083762168884,0.15630923211574554,0.303022563457489,0.5136427283287048,0.20946472883224487,0.5601011514663696,3.085862636566162,0.013466330245137215
927,17.955382823944092,0.4869083762168884,0.15630923211574554,0.303022563457489,0.5299355983734131,0.23390337824821472,0.5936989784240723,3.093104124069214,0.004869967233389616
928,17.96681261062622,0.4869083762168884,0.15630923211574554,0.303022563457489,0.5458800196647644,0.25155919790267944,0.6336458325386047,3.101285696029663,-0.00208399654366076
929,17.993043422698975,0.4869083762168884,0.15630923211574554,0.303022563457489,0.5633851885795593,0.274260014295578,0.6528565883636475,3.1085736751556396,-0.0050105438567698
930,18.003512859344482,0.4869083762168884,0.15630923211574554,0.303022563457489,0.554561197757721,0.3052924573421478,0.6937655210494995,3.1091699600219727,-0.005913314875215292
931,18.029276132583618,0.4869083762168884,0.15630923211574554,0.303022563457489,0.5232618451118469,0.2752647399902344,0.6366928815841675,3.1106979846954346,-0.010112959891557693
932,18.039017915725708,0.4869083762168884,0.15630923211574554,0.303022563457489,0.48303747177124023,0.2267007678747177,0.492188423871994,3.1094257831573486,-0.0010097677586600184
933,18.065075159072876,0.4869083762168884,0.15630923211574554,0.303022563457489,0.4595963954925537,0.17313429713249207,0.3200690746307373,3.11136531829834,0.0068399314768612385
934,18.075148344039917,0.4869083762168884,0.15630923211574554,0.303022563457489,0.44615963101387024,0.13668689131736755,0.27151986956596375,3.1170883178710938,0.0066071366891264915
935,18.103185892105103,0.4869083762168884,0.15630923211574554,0.303022563457489,0.4349961578845978,0.11555861681699753,0.28012463450431824,3.1238722801208496,0.0029814925510436296
936,18.113566398620605,0.4869083762168884,0.15630923211574554,0.303022563457489,0.42670461535453796,0.10062167793512344,0.2809904217720032,3.128385543823242,5.610006337519735e-05
937,18.139960289001465,0.4869083762168884,0.15630923211574554,0.303022563457489,0.42105305194854736,0.08621284365653992,0.2897263467311859,3.1293299198150635,-0.0013225936563685536
938,18.14943265914917,0.4869083762168884,0.15630923211574554,0.303022563457489,0.41731664538383484,0.06954782456159592,0.3080209195613861,3.127673625946045,-0.0014727833913639188
939,18.175097465515137,0.4869083762168884,0.15630923211574554,0.303022563457489,0.4161049425601959,0.04977152869105339,0.31815847754478455,3.1249918937683105,-0.0011521173873916268
940,18.185128211975098,0.4869083762168884,0.15630923211574554,0.303022563457489,0.41755473613739014,0.027857044711709023,0.31778421998023987,3.1219093799591064,-0.0010228499304503202
941,18.211997270584106,0.4869083762168884,0.15630923211574554,0.303022563457489,0.42100274562835693,0.006262558046728373,0.3340275287628174,3.117692470550537,-0.0006470353691838682
942,18.22214698791504,0.4869083762168884,0.15630923211574554,0.303022563457489,0.4270094633102417,-0.013690019026398659,0.3682241141796112,3.1110994815826416,0.000908438116312027
943,18.248536586761475,0.4869083762168884,0.15630923211574554,0.303022563457489,0.4369391202926636,-0.0323200523853302,0.4216359257698059,3.1017906665802,0.004264131188392639
944,18.259435415267944,0.4869083762168884,0.15630923211574554,0.303022563457489,0.4500686824321747,-0.0534626841545105,0.4907267987728119,3.0923566818237305,0.010123073123395443
945,18.28829526901245,0.4869083762168884,0.15630923211574554,0.303022563457489,0.4672531485557556,-0.08033222705125809,0.5312240719795227,3.0877976417541504,0.01807897724211216
946,18.29796576499939,0.4869083762168884,0.15630923211574554,0.303022563457489,0.49101772904396057,-0.1077004000544548,0.46209919452667236,3.0917179584503174,0.02745147794485092
947,18.324469566345215,0.4869083762168884,0.15630923211574554,0.303022563457489,0.5077987909317017,-0.12026223540306091,0.26752912998199463,3.1014580726623535,0.031025411561131477
948,18.33401346206665,0.4869083762168884,0.15630923211574554,0.303022563457489,0.5053389668464661,-0.11951225250959396,0.19816537201404572,3.1165738105773926,0.03415645658969879
949,18.360522747039795,0.4869083762168884,0.15630923211574554,0.303022563457489,0.49076712131500244,-0.08909614384174347,0.191076397895813,3.1288275718688965,0.039929457008838654
950,18.370049238204956,0.4869083762168884,0.15630923211574554,0.303022563457489,0.45990774035453796,-0.03526420146226883,0.32206934690475464,3.1273343563079834,0.044800765812397
951,18.396117448806763,0.4869083762168884,0.15630923211574554,0.303022563457489,0.42831361293792725,0.009763948619365692,0.3594193160533905,3.1154818534851074,0.04705928638577461
952,18.40551447868347,0.4869083762168884,0.15630923211574554,0.303022563457489,0.4077606797218323,0.04611927270889282,0.3744026720523834,3.101250410079956,0.04749203100800514
953,18.432923316955566,0.4869083762168884,0.15630923211574554,0.303022563457489,0.3985511362552643,0.07791636139154434,0.39759814739227295,3.0885965824127197,0.04627612233161926
954,18.44259262084961,0.4869083762168884,0.15630923211574554,0.303022563457489,0.3972279131412506,0.10589353740215302,0.4261019825935364,3.0789527893066406,0.043610166758298874
955,18.469491004943848,0.4869083762168884,0.15630923211574554,0.303022563457489,0.4009760320186615,0.13015663623809814,0.4622882008552551,3.0726823806762695,0.04065787419676781
956,18.47912883758545,0.4869083762168884,0.15630923211574554,0.303022563457489,0.4087466895580292,0.15081150829792023,0.4999655485153198,3.0700321197509766,0.038177091628313065
957,18.5054030418396,0.4869083762168884,0.15630923211574554,0.303022563457489,0.4185575842857361,0.17203925549983978,0.5241221785545349,3.07110333442688,0.03559423238039017
958,18.515082359313965,0.4869083762168884,0.15630923211574554,0.303022563457489,0.4287528395652771,0.19906438887119293,0.5269455313682556,3.075045108795166,0.03168145939707756
959,18.541274547576904,0.4869083762168884,0.15630923211574554,0.303022563457489,0.43751731514930725,0.23176409304141998,0.5177606344223022,3.0802857875823975,0.025959543883800507
960,18.551544427871704,0.4869083762168884,0.15630923211574554,0.303022563457489,0.4452640116214752,0.26420387625694275,0.514711320400238,3.0859649181365967,0.019291412085294724
961,18.577399253845215,0.4869083762168884,0.15630923211574554,0.303022563457489,0.45225051045417786,0.29280179738998413,0.5182504057884216,3.091714859008789,0.013811553828418255
962,18.58723783493042,0.4869083762168884,0.15630923211574554,0.303022563457489,0.45881006121635437,0.3239317834377289,0.5143165588378906,3.0959670543670654,0.012125944718718529
963,18.614879608154297,0.4869083762168884,0.15630923211574554,0.303022563457489,0.4590131342411041,0.34360748529434204,0.6716030836105347,3.0983939170837402,0.012754712253808975
964,18.626391649246216,0.4869083762168884,0.15630923211574554,0.303022563457489,0.4423675537109375,0.34844771027565,0.5598511099815369,3.1075358390808105,0.018161555752158165
965,18.651966094970703,0.4869083762168884,0.15630923211574554,0.303022563457489,0.4484015703201294,0.3525867164134979,0.383700966835022,3.1145999431610107,0.028405699878931046
966,18.661574840545654,0.4869083762168884,0.15630923211574554,0.303022563457489,0.45914551615715027,0.3531056046485901,0.2606494724750519,3.1129839420318604,0.03470868617296219
967,18.68760585784912,0.4869083762168884,0.15630923211574554,0.303022563457489,0.45076829195022583,0.31522995233535767,0.27614498138427734,3.108489513397217,0.029878592118620872
968,18.69744563102722,0.4869083762168884,0.15630923211574554,0.303022563457489,0.4299737215042114,0.27501922845840454,0.2668747007846832,3.1084771156311035,0.01934860087931156
969,18.723265647888184,0.4869083762168884,0.15630923211574554,0.303022563457489,0.4093749225139618,0.24421179294586182,0.26353710889816284,3.1131434440612793,0.009079618379473686
970,18.733178853988647,0.4869083762168884,0.15630923211574554,0.303022563457489,0.39348018169403076,0.21772167086601257,0.22703072428703308,3.120619058609009,0.0013244942529127002
971,18.758988857269287,0.4869083762168884,0.15630923211574554,0.303022563457489,0.3838670551776886,0.1920706033706665,0.1795971691608429,3.12823748588562,-0.004435259383171797
972,18.76837396621704,0.4869083762168884,0.15630923211574554,0.303022563457489,0.375318706035614,0.16937439143657684,0.17970217764377594,3.134406805038452,-0.007984310388565063
973,18.79510498046875,0.4869083762168884,0.15630923211574554,0.303022563457489,0.3699788749217987,0.14803120493888855,0.1932665854692459,3.138794183731079,-0.009862310253083706
974,18.80472207069397,0.4869083762168884,0.15630923211574554,0.303022563457489,0.3681055009365082,0.12625104188919067,0.1929168552160263,3.141094207763672,-0.011415630578994751
975,18.83035445213318,0.4869083762168884,0.15630923211574554,0.303022563457489,0.36860063672065735,0.10523001104593277,0.19189581274986267,3.1411538124084473,-0.01338896993547678
976,18.839763879776,0.4869083762168884,0.15630923211574554,0.303022563457489,0.37037113308906555,0.08372882753610611,0.1970764547586441,3.1389505863189697,-0.01544794999063015
977,18.868290424346924,0.4869083762168884,0.15630923211574554,0.303022563457489,0.374088317155838,0.06113025173544884,0.2161371111869812,3.1348788738250732,-0.017100250348448753
978,18.88094735145569,0.4869083762168884,0.15630923211574554,0.303022563457489,0.3808020353317261,0.03752920404076576,0.2489403486251831,3.1295583248138428,-0.01819142885506153
979,18.9092538356781,0.4869083762168884,0.15630923211574554,0.303022563457489,0.3903661072254181,0.012671695090830326,0.2923279404640198,3.1234753131866455,-0.018769683316349983
980,18.918782949447632,0.4869083762168884,0.15630923211574554,0.303022563457489,0.4040733873844147,-0.015684686601161957,0.33874988555908203,3.11721134185791,-0.018682021647691727
981,18.944490671157837,0.4869083762168884,0.15630923211574554,0.303022563457489,0.4211087226867676,-0.04764971509575844,0.38038045167922974,3.112978935241699,-0.016806593164801598
982,18.953977346420288,0.4869083762168884,0.15630923211574554,0.303022563457489,0.43966802954673767,-0.07940743863582611,0.4060159921646118,3.1147265434265137,-0.01142149604856968
983,18.979738235473633,0.4869083762168884,0.15630923211574554,0.303022563457489,0.4555893838405609,-0.08426462858915329,0.061354152858257294,3.1199004650115967,-0.00864408165216446
984,18.98923110961914,0.4869083762168884,0.15630923211574554,0.303022563457489,0.42919865250587463,-0.054814234375953674,0.18915972113609314,3.120979070663452,-0.0036499304696917534
985,19.015117645263672,0.4869083762168884,0.15630923211574554,0.303022563457489,0.38980743288993835,-0.005662820301949978,0.4109281301498413,3.111877679824829,0.006932591553777456
986,19.02548098564148,0.4869083762168884,0.15630923211574554,0.303022563457489,0.3672705292701721,0.03023562952876091,0.4267228841781616,3.0992841720581055,0.015138310380280018
987,19.052027463912964,0.4869083762168884,0.15630923211574554,0.303022563457489,0.3574746549129486,0.06120354309678078,0.4300961494445801,3.0879952907562256,0.018852664157748222
988,19.061810731887817,0.4869083762168884,0.15630923211574554,0.303022563457489,0.3547671437263489,0.08821442723274231,0.43880653381347656,3.079474449157715,0.019342418760061264
989,19.088886260986328,0.4869083762168884,0.15630923211574554,0.303022563457489,0.3565292954444885,0.11092791706323624,0.45200473070144653,3.0746607780456543,0.018867192789912224
990,19.09990692138672,0.4869083762168884,0.15630923211574554,0.303022563457489,0.3624999523162842,0.13171856105327606,0.47460633516311646,3.0733604431152344,0.01868612878024578
991,19.12746238708496,0.4869083762168884,0.15630923211574554,0.303022563457489,0.37097373604774475,0.15468116104602814,0.4827232360839844,3.0746068954467773,0.018237659707665443
992,19.141883611679077,0.4869083762168884,0.15630923211574554,0.303022563457489,0.37996742129325867,0.18324080109596252,0.4774877429008484,3.0770323276519775,0.016281692311167717
993,19.173572540283203,0.4869083762168884,0.15630923211574554,0.303022563457489,0.3865748941898346,0.21726325154304504,0.47181129455566406,3.079496383666992,0.012259559705853462
994,19.18377923965454,0.4869083762168884,0.15630923211574554,0.303022563457489,0.39031195640563965,0.250624418258667,0.4631583094596863,3.0822927951812744,0.008848484605550766
995,19.209877252578735,0.4869083762168884,0.15630923211574554,0.303022563457489,0.3942471742630005,0.2842746376991272,0.46041133999824524,3.0847206115722656,0.00791927706450224
996,19.220020055770874,0.4869083762168884,0.15630923211574554,0.303022563457489,0.39729025959968567,0.3202632963657379,0.45337367057800293,3.084601879119873,0.011666161939501762
997,19.246809005737305,0.4869083762168884,0.15630923211574554,0.303022563457489,0.3890262246131897,0.3461538255214691,0.718218207359314,3.0803470611572266,0.010398246347904205
998,19.25686478614807,0.4869083762168884,0.15630923211574554,0.303022563457489,0.3702150285243988,0.3143206536769867,0.8655039668083191,3.088329792022705,0.00903041660785675
999,19.285756826400757,0.4869083762168884,0.15630923211574554,0.303022563457489,0.3652193248271942,0.26641663908958435,0.6861019134521484,3.0998644828796387,0.019657664000988007
1000,19.296640872955322,0.4869083762168884,0.15630923211574554,0.303022563457489,0.37112709879875183,0.2161390632390976,0.42868366837501526,3.108703851699829,0.02476753108203411
1001,19.32960557937622,0.4869083762168884,0.15630923211574554,0.303022563457489,0.3714350759983063,0.17945031821727753,0.36318039894104004,3.112726926803589,0.022117979824543
1002,19.341591596603394,0.4869083762168884,0.15630923211574554,0.303022563457489,0.36803171038627625,0.15246957540512085,0.38819795846939087,3.1137185096740723,0.018565014004707336
1003,19.368215799331665,0.4869083762168884,0.15630923211574554,0.303022563457489,0.36652326583862305,0.1294778287410736,0.43285882472991943,3.1130177974700928,0.017125116661190987
1004,19.37812066078186,0.4869083762168884,0.15630923211574554,0.303022563457489,0.3686354458332062,0.106664277613163,0.4668913781642914,3.111252546310425,0.017364513128995895
1005,19.405903339385986,0.4869083762168884,0.15630923211574554,0.303022563457489,0.37283584475517273,0.08264286071062088,0.47475194931030273,3.109078884124756,0.01864445209503174
1006,19.415549278259277,0.4869083762168884,0.15630923211574554,0.303022563457489,0.3800407946109772,0.05848861113190651,0.4938371777534485,3.1066787242889404,0.020963286980986595
1007,19.443297147750854,0.4869083762168884,0.15630923211574554,0.303022563457489,0.3898579180240631,0.035455889999866486,0.5301392078399658,3.103318214416504,0.024440476670861244
1008,19.45319128036499,0.4869083762168884,0.15630923211574554,0.303022563457489,0.4047487676143646,0.013459320180118084,0.5908992886543274,3.0981850624084473,0.02909281849861145
1009,19.480682611465454,0.4869083762168884,0.15630923211574554,0.303022563457489,0.4226498007774353,-0.009776193648576736,0.653252124786377,3.0925745964050293,0.03465292230248451
1010,19.49141001701355,0.4869083762168884,0.15630923211574554,0.303022563457489,0.4419655501842499,-0.03738342598080635,0.6901088953018188,3.0895795822143555,0.040701974183321
1011,19.51736283302307,0.4869083762168884,0.15630923211574554,0.303022563457489,0.4624084532260895,-0.0685701072216034,0.6777149438858032,3.0920188426971436,0.046455759555101395
1012,19.527491331100464,0.4869083762168884,0.15630923211574554,0.303022563457489,0.48516690731048584,-0.09794685989618301,0.5919005274772644,3.1007649898529053,0.05241778865456581
1013,19.553951501846313,0.4869083762168884,0.15630923211574554,0.303022563457489,0.4969426393508911,-0.11445141583681107,0.298672080039978,3.113132953643799,0.05323770269751549
1014,19.564035654067993,0.4869083762168884,0.15630923211574554,0.303022563457489,0.4826012849807739,-0.1051020547747612,0.19396844506263733,3.1267733573913574,0.054215673357248306
1015,19.59010672569275,0.4869083762168884,0.15630923211574554,0.303022563457489,0.4519476592540741,-0.06496740132570267,0.1923416554927826,3.1336753368377686,0.05745164304971695
1016,19.59987235069275,0.4869083762168884,0.15630923211574554,0.303022563457489,0.40836581587791443,-0.013035980984568596,0.30708232522010803,3.127629280090332,0.0604594424366951
1017,19.625980854034424,0.4869083762168884,0.15630923211574554,0.303022563457489,0.37362682819366455,0.024988483637571335,0.335294246673584,3.1154282093048096,0.06138818711042404
1018,19.635591745376587,0.4869083762168884,0.15630923211574554,0.303022563457489,0.34958329796791077,0.05737829953432083,0.33635708689689636,3.1036288738250732,0.060047488659620285
1019,19.66221809387207,0.4869083762168884,0.15630923211574554,0.303022563457489,0.33235448598861694,0.08957083523273468,0.31523966789245605,3.094409942626953,0.05615776404738426
1020,19.67223048210144,0.4869083762168884,0.15630923211574554,0.303022563457489,0.31871435046195984,0.12406256794929504,0.35489732027053833,3.087437629699707,0.04986642673611641
1021,19.698375463485718,0.4869083762168884,0.15630923211574554,0.303022563457489,0.30862727761268616,0.15802878141403198,0.4047445058822632,3.082322120666504,0.04281327500939369
1022,19.708958864212036,0.4869083762168884,0.15630923211574554,0.303022563457489,0.30469635128974915,0.1881018877029419,0.4225326478481293,3.0794670581817627,0.03720790147781372
1023,19.737050533294678,0.4869083762168884,0.15630923211574554,0.303022563457489,0.3093648850917816,0.21269716322422028,0.43471965193748474,3.079329013824463,0.033581409603357315
1024,19.755223274230957,0.4869083762168884,0.15630923211574554,0.303022563457489,0.3195533752441406,0.2365371137857437,0.425019234418869,3.081437826156616,0.03072664700448513
1025,19.79551386833191,0.4869083762168884,0.15630923211574554,0.303022563457489,0.33425459265708923,0.2607634663581848,0.4433214068412781,3.084735155105591,0.026628335937857628
1026,19.80773639678955,0.4869083762168884,0.15630923211574554,0.303022563457489,0.34916988015174866,0.2894008159637451,0.4509391188621521,3.089171886444092,0.01972581073641777
1027,19.833611249923706,0.4869083762168884,0.15630923211574554,0.303022563457489,0.35880419611930847,0.3216665983200073,0.48002928495407104,3.094646453857422,0.010451857931911945
1028,19.843394994735718,0.4869083762168884,0.15630923211574554,0.303022563457489,0.36238232254981995,0.3572354316711426,0.48272889852523804,3.100393772125244,0.0017069869209080935
1029,19.8699893951416,0.4869083762168884,0.15630923211574554,0.303022563457489,0.283822625875473,0.4353892505168915,0.765610933303833,3.1018941402435303,-0.0036078111734241247
1030,19.879467248916626,0.4869083762168884,0.15630923211574554,0.303022563457489,0.3182446360588074,0.38741636276245117,0.7249899506568909,3.1011481285095215,-0.00857619196176529
1031,19.9068660736084,0.4869083762168884,0.15630923211574554,0.303022563457489,0.3495334982872009,0.33627989888191223,0.7409482598304749,3.1115622520446777,0.00022964642266742885
1032,19.91682243347168,0.4869083762168884,0.15630923211574554,0.303022563457489,0.3936500549316406,0.27369970083236694,0.6046816110610962,3.126570463180542,0.011614865623414516
1033,19.943063020706177,0.4869083762168884,0.15630923211574554,0.303022563457489,0.4315531253814697,0.21377840638160706,0.4119342565536499,3.1406443119049072,0.01286920066922903
1034,19.952742338180542,0.4869083762168884,0.15630923211574554,0.303022563457489,0.4561223089694977,0.1755273938179016,0.3635053038597107,-3.1342036724090576,0.005835018120706081
1035,19.982149124145508,0.4869083762168884,0.15630923211574554,0.303022563457489,0.47521018981933594,0.1474037617444992,0.37235119938850403,-3.1310973167419434,-0.0024706576950848103
1036,19.999803066253662,0.4869083762168884,0.15630923211574554,0.303022563457489,0.49799981713294983,0.11733152717351913,0.3880535364151001,-3.131533145904541,-0.00992763414978981
1037,20.026862859725952,0.4869083762168884,0.15630923211574554,0.303022563457489,0.5197612643241882,0.09097661823034286,0.4199478030204773,-3.13576340675354,-0.015375703573226929
1038,20.036664724349976,0.4869083762168884,0.15630923211574554,0.303022563457489,0.5372116565704346,0.06974539160728455,0.45113131403923035,3.1385977268218994,-0.01635301671922207
1039,20.06277585029602,0.4869083762168884,0.15630923211574554,0.303022563457489,0.5603854656219482,0.04979868605732918,0.4460715651512146,3.1267054080963135,-0.012944214977324009
1040,20.072368383407593,0.4869083762168884,0.15630923211574554,0.303022563457489,0.5912215709686279,0.028564315289258957,0.46232306957244873,3.1159088611602783,-0.007038436364382505
1041,20.09898805618286,0.4869083762168884,0.15630923211574554,0.303022563457489,0.6259250044822693,0.0025541384238749743,0.4988907277584076,3.1098880767822266,-0.00018522511527407914
1042,20.108418464660645,0.4869083762168884,0.15630923211574554,0.303022563457489,0.6583871245384216,-0.02565693110227585,0.5110074281692505,3.1100339889526367,0.006805189419537783
1043,20.136727809906006,0.4869083762168884,0.15630923211574554,0.303022563457489,0.6724478602409363,-0.05455147102475166,0.4458134174346924,3.117851495742798,0.015263554640114307
1044,20.14673089981079,0.4869083762168884,0.15630923211574554,0.303022563457489,0.6728886365890503,-0.0788535326719284,0.12665021419525146,3.1322438716888428,0.026776466518640518
1045,20.174589157104492,0.4869083762168884,0.15630923211574554,0.303022563457489,0.6309806704521179,-0.06913426518440247,0.03772027790546417,-3.1384639739990234,0.03581751137971878
1046,20.18551516532898,0.4869083762168884,0.15630923211574554,0.303022563457489,0.5901439189910889,-0.04696767032146454,0.04050377756357193,-3.131507635116577,0.04412449151277542
1047,20.211656093597412,0.4869083762168884,0.15630923211574554,0.303022563457489,0.5369428992271423,-0.01577160879969597,0.17338955402374268,-3.1298999786376953,0.053189005702733994
1048,20.222530603408813,0.4869083762168884,0.15630923211574554,0.303022563457489,0.48035627603530884,0.011608554050326347,0.26316580176353455,-3.1322360038757324,0.06205384060740471
1049,20.24906587600708,0.4869083762168884,0.15630923211574554,0.303022563457489,0.44044166803359985,0.03221088647842407,0.26210200786590576,-3.13712739944458,0.06905823945999146
1050,20.260919332504272,0.4869083762168884,0.15630923211574554,0.303022563457489,0.4099406599998474,0.05207465589046478,0.26202699542045593,3.1386678218841553,0.07329905778169632
1051,20.29363465309143,0.4869083762168884,0.15630923211574554,0.303022563457489,0.38019859790802,0.07315052300691605,0.28630688786506653,3.129546642303467,0.07468601316213608
1052,20.306108713150024,0.4869083762168884,0.15630923211574554,0.303022563457489,0.3518851101398468,0.0944375991821289,0.32073819637298584,3.120314121246338,0.07314610481262207
1053,20.333582878112793,0.4869083762168884,0.15630923211574554,0.303022563457489,0.32762545347213745,0.1154075637459755,0.3572689890861511,3.112440586090088,0.06861106306314468
1054,20.343923807144165,0.4869083762168884,0.15630923211574554,0.303022563457489,0.30773794651031494,0.136210635304451,0.4010688066482544,3.1065938472747803,0.061918895691633224
1055,20.370513200759888,0.4869083762168884,0.15630923211574554,0.303022563457489,0.2921127378940582,0.15479640662670135,0.435894250869751,3.1031785011291504,0.05517889931797981
1056,20.38109564781189,0.4869083762168884,0.15630923211574554,0.303022563457489,0.28211861848831177,0.16808508336544037,0.43483656644821167,3.103058338165283,0.0504060722887516
1057,20.406785249710083,0.4869083762168884,0.15630923211574554,0.303022563457489,0.2780994474887848,0.176987886428833,0.41554468870162964,3.1064293384552,0.047823335975408554
1058,20.416491508483887,0.4869083762168884,0.15630923211574554,0.303022563457489,0.27671974897384644,0.18721221387386322,0.38397353887557983,3.111654758453369,0.04634274169802666
1059,20.443538427352905,0.4869083762168884,0.15630923211574554,0.303022563457489,0.2767505645751953,0.20347242057323456,0.3477173447608948,3.1164608001708984,0.044460494071245193
1060,20.453455448150635,0.4869083762168884,0.15630923211574554,0.303022563457489,0.2767425775527954,0.22690735757350922,0.32023024559020996,3.119741201400757,0.04107247292995453
1061,20.480320692062378,0.4869083762168884,0.15630923211574554,0.303022563457489,0.2714897096157074,0.2571018636226654,0.28128838539123535,3.1216726303100586,0.037241432815790176
1062,20.49044919013977,0.4869083762168884,0.15630923211574554,0.303022563457489,0.2624829411506653,0.2914654612541199,0.26958900690078735,3.1221065521240234,0.03566759452223778
1063,20.51670503616333,0.4869083762168884,0.15630923211574554,0.303022563457489,0.20898915827274323,0.35580775141716003,0.5383492708206177,3.1191790103912354,0.036371491849422455
1064,20.526707410812378,0.4869083762168884,0.15630923211574554,0.303022563457489,0.2415848821401596,0.3286522626876831,0.4073227345943451,3.1155829429626465,0.03583784028887749
1065,20.552573919296265,0.4869083762168884,0.15630923211574554,0.303022563457489,0.2699437737464905,0.3102351427078247,0.3874812424182892,3.116676092147827,0.03783147409558296
1066,20.562562227249146,0.4869083762168884,0.15630923211574554,0.303022563457489,0.30268436670303345,0.2922913432121277,0.3660319149494171,3.1201319694519043,0.034873027354478836
1067,20.590629816055298,0.4869083762168884,0.15630923211574554,0.303022563457489,0.3195599913597107,0.2572228014469147,0.4013875424861908,3.125441312789917,0.028768571093678474
1068,20.600456714630127,0.4869083762168884,0.15630923211574554,0.303022563457489,0.3332982659339905,0.2144625186920166,0.3343929648399353,3.1342408657073975,0.021632598713040352
1069,20.62628746032715,0.4869083762168884,0.15630923211574554,0.303022563457489,0.3465813398361206,0.1813228577375412,0.27094075083732605,3.140796184539795,0.01240366417914629
1070,20.6360502243042,0.4869083762168884,0.15630923211574554,0.303022563457489,0.36165761947631836,0.15049314498901367,0.2247449904680252,-3.1397697925567627,0.0038754951674491167
1071,20.661712169647217,0.4869083762168884,0.15630923211574554,0.303022563457489,0.38212376832962036,0.11741305887699127,0.2105378657579422,-3.1399002075195312,-0.002946853870525956
1072,20.671725034713745,0.4869083762168884,0.15630923211574554,0.303022563457489,0.4078632593154907,0.0841560810804367,0.2055172175168991,3.1407454013824463,-0.008918635547161102
1073,20.69797706604004,0.4869083762168884,0.15630923211574554,0.303022563457489,0.43476733565330505,0.05578753352165222,0.22415341436862946,3.1346378326416016,-0.0138247674331069
1074,20.708364725112915,0.4869083762168884,0.15630923211574554,0.303022563457489,0.4632706046104431,0.03276841342449188,0.2458258718252182,3.1247682571411133,-0.017026109620928764
1075,20.734228134155273,0.4869083762168884,0.15630923211574554,0.303022563457489,0.49451106786727905,0.010855596512556076,0.2662375271320343,3.1134471893310547,-0.018728315830230713
1076,20.743642807006836,0.4869083762168884,0.15630923211574554,0.303022563457489,0.526466429233551,-0.012999450787901878,0.2775651216506958,3.104055166244507,-0.019440509378910065
1077,20.7720365524292,0.4869083762168884,0.15630923211574554,0.303022563457489,0.5551202893257141,-0.03701650723814964,0.2657974660396576,3.0996885299682617,-0.01896754838526249
1078,20.784735202789307,0.4869083762168884,0.15630923211574554,0.303022563457489,0.5711513161659241,-0.06096369028091431,0.21349628269672394,3.1037588119506836,-0.014003325253725052
1079,20.811002492904663,0.4869083762168884,0.15630923211574554,0.303022563457489,0.5886927843093872,-0.0774419903755188,-0.015193978324532509,3.1107850074768066,-0.014914300292730331
1080,20.82093596458435,0.4869083762168884,0.15630923211574554,0.303022563457489,0.5497168302536011,-0.07320837676525116,0.03796665742993355,3.1171727180480957,-0.014589126221835613
1081,20.848276376724243,0.4869083762168884,0.15630923211574554,0.303022563457489,0.5087795853614807,-0.04728369787335396,0.22401125729084015,3.1198246479034424,-0.003760784398764372
1082,20.85827875137329,0.4869083762168884,0.15630923211574554,0.303022563457489,0.4649200737476349,-0.014888293109834194,0.34527817368507385,3.1153488159179688,0.008440627716481686
1083,20.885170459747314,0.4869083762168884,0.15630923211574554,0.303022563457489,0.43571731448173523,0.006300445646047592,0.33745241165161133,3.106546640396118,0.016531948000192642
1084,20.897401809692383,0.4869083762168884,0.15630923211574554,0.303022563457489,0.4145675301551819,0.02231474593281746,0.3201492428779602,3.0962769985198975,0.020959554240107536
1085,20.926229238510132,0.4869083762168884,0.15630923211574554,0.303022563457489,0.3976367115974426,0.03784695640206337,0.33570200204849243,3.0866758823394775,0.022870156913995743
1086,20.936225652694702,0.4869083762168884,0.15630923211574554,0.303022563457489,0.3865754008293152,0.05320550501346588,0.3727246820926666,3.0790576934814453,0.022050760686397552
1087,20.962572813034058,0.4869083762168884,0.15630923211574554,0.303022563457489,0.38082355260849,0.06766333431005478,0.4148285686969757,3.073878288269043,0.018770793452858925
1088,20.972689151763916,0.4869083762168884,0.15630923211574554,0.303022563457489,0.3798482120037079,0.07988043874502182,0.44949641823768616,3.0710654258728027,0.014721893705427647
1089,20.99902629852295,0.4869083762168884,0.15630923211574554,0.303022563457489,0.3853713870048523,0.08799364417791367,0.47853797674179077,3.0703043937683105,0.011779669672250748
1090,21.01477837562561,0.4869083762168884,0.15630923211574554,0.303022563457489,0.3952278792858124,0.09280504286289215,0.5172926187515259,3.071032762527466,0.010921848937869072
1091,21.046530961990356,0.4869083762168884,0.15630923211574554,0.303022563457489,0.40716734528541565,0.09702399373054504,0.5678418278694153,3.0727741718292236,0.011720323003828526
1092,21.05673336982727,0.4869083762168884,0.15630923211574554,0.303022563457489,0.4205252528190613,0.10407139360904694,0.6130319237709045,3.075591802597046,0.012473334558308125
1093,21.08316922187805,0.4869083762168884,0.15630923211574554,0.303022563457489,0.4347774386405945,0.11809473484754562,0.6176909804344177,3.0792129039764404,0.011520310305058956
1094,21.09317183494568,0.4869083762168884,0.15630923211574554,0.303022563457489,0.4494835138320923,0.13817138969898224,0.5827784538269043,3.0832061767578125,0.008430946618318558
1095,21.11993384361267,0.4869083762168884,0.15630923211574554,0.303022563457489,0.4637257754802704,0.15942475199699402,0.5306103229522705,3.0881967544555664,0.004108346067368984
1096,21.13127112388611,0.4869083762168884,0.15630923211574554,0.303022563457489,0.47515445947647095,0.17782147228717804,0.5074535012245178,3.095078468322754,5.403624163591303e-05
1097,21.158608436584473,0.4869083762168884,0.15630923211574554,0.303022563457489,0.48739293217658997,0.19819200038909912,0.44894471764564514,3.1023123264312744,-0.001996580744162202
1098,21.16871929168701,0.4869083762168884,0.15630923211574554,0.303022563457489,0.5045036673545837,0.222263902425766,0.4176623523235321,3.105377197265625,-0.0008480387041345239
1099,21.195037841796875,0.4869083762168884,0.15630923211574554,0.303022563457489,0.47263580560684204,0.28243765234947205,0.4804992973804474,3.098736047744751,0.006653171963989735
1100,21.205353260040283,0.4869083762168884,0.15630923211574554,0.303022563457489,0.496806263923645,0.24957427382469177,0.43765753507614136,3.0842034816741943,0.010740280151367188
1101,21.231253623962402,0.4869083762168884,0.15630923211574554,0.303022563457489,0.47995004057884216,0.21507680416107178,0.3028849959373474,3.0781021118164062,0.015570826828479767
1102,21.24106502532959,0.4869083762168884,0.15630923211574554,0.303022563457489,0.4691639542579651,0.18214178085327148,0.24900668859481812,3.0854640007019043,0.013817165978252888
1103,21.269046783447266,0.4869083762168884,0.15630923211574554,0.303022563457489,0.4618183970451355,0.16648872196674347,0.25160446763038635,3.0987789630889893,0.004822091665118933
1104,21.27969741821289,0.4869083762168884,0.15630923211574554,0.303022563457489,0.45422565937042236,0.15685509145259857,0.23641693592071533,3.110506772994995,-0.004435932729393244
1105,21.309863328933716,0.4869083762168884,0.15630923211574554,0.303022563457489,0.4492702782154083,0.1449497938156128,0.23044663667678833,3.117701530456543,-0.011105436831712723
1106,21.31989049911499,0.4869083762168884,0.15630923211574554,0.303022563457489,0.4464471936225891,0.12833668291568756,0.23870328068733215,3.1212732791900635,-0.015397307462990284
1107,21.346557140350342,0.4869083762168884,0.15630923211574554,0.303022563457489,0.4473538398742676,0.10786808282136917,0.24286586046218872,3.1226139068603516,-0.018651964142918587
1108,21.35629177093506,0.4869083762168884,0.15630923211574554,0.303022563457489,0.4516998529434204,0.08692898601293564,0.2480878233909607,3.12168025970459,-0.021813714876770973
1109,21.382102489471436,0.4869083762168884,0.15630923211574554,0.303022563457489,0.45834389328956604,0.06638121604919434,0.2757837176322937,3.118117570877075,-0.024336060509085655
1110,21.39214539527893,0.4869083762168884,0.15630923211574554,0.303022563457489,0.4685634970664978,0.047266118228435516,0.31426507234573364,3.111804723739624,-0.02558356337249279
1111,21.418589115142822,0.4869083762168884,0.15630923211574554,0.303022563457489,0.48294758796691895,0.029775414615869522,0.3517231345176697,3.1029129028320312,-0.025199394673109055
1112,21.428668975830078,0.4869083762168884,0.15630923211574554,0.303022563457489,0.5021013021469116,0.010167068801820278,0.40644755959510803,3.0939905643463135,-0.022522075101733208
1113,21.458542823791504,0.4869083762168884,0.15630923211574554,0.303022563457489,0.5259915590286255,-0.01328581478446722,0.44623899459838867,3.0899720191955566,-0.01749614253640175
1114,21.46962022781372,0.4869083762168884,0.15630923211574554,0.303022563457489,0.5461772084236145,-0.03743630275130272,0.4412316679954529,3.0959229469299316,-0.008803430013358593
1115,21.497019290924072,0.4869083762168884,0.15630923211574554,0.303022563457489,0.5607020854949951,-0.0405377559363842,0.04809578135609627,3.10719895362854,-0.003934288397431374
1116,21.507387161254883,0.4869083762168884,0.15630923211574554,0.303022563457489,0.5216268301010132,-0.00990338809788227,0.17352856695652008,3.1143312454223633,0.002589781768620014
1117,21.533860445022583,0.4869083762168884,0.15630923211574554,0.303022563457489,0.4744566082954407,0.040008094161748886,0.35894066095352173,3.1099841594696045,0.013362064957618713
1118,21.54363250732422,0.4869083762168884,0.15630923211574554,0.303022563457489,0.4410681128501892,0.07862261682748795,0.3789437711238861,3.0980653762817383,0.021169543266296387
1119,21.569883108139038,0.4869083762168884,0.15630923211574554,0.303022563457489,0.42020702362060547,0.10960119962692261,0.38697344064712524,3.0846776962280273,0.024895889684557915
1120,21.579801559448242,0.4869083762168884,0.15630923211574554,0.303022563457489,0.40811771154403687,0.13601899147033691,0.4037187993526459,3.0732436180114746,0.025696761906147003
1121,21.606913805007935,0.4869083762168884,0.15630923211574554,0.303022563457489,0.40146538615226746,0.15823371708393097,0.4242824912071228,3.0655133724212646,0.025357762351632118
1122,21.620455265045166,0.4869083762168884,0.15630923211574554,0.303022563457489,0.40034210681915283,0.17592301964759827,0.441150963306427,3.0618953704833984,0.025478338822722435
1123,21.657205820083618,0.4869083762168884,0.15630923211574554,0.303022563457489,0.40377214550971985,0.19011318683624268,0.44932129979133606,3.062161684036255,0.026249879971146584
1124,21.67044711112976,0.4869083762168884,0.15630923211574554,0.303022563457489,0.40856799483299255,0.20604851841926575,0.4399365484714508,3.0656211376190186,0.02663305029273033
1125,21.696414947509766,0.4869083762168884,0.15630923211574554,0.303022563457489,0.4136956036090851,0.22867991030216217,0.41733458638191223,3.071012496948242,0.02525515854358673
1126,21.707669019699097,0.4869083762168884,0.15630923211574554,0.303022563457489,0.41754841804504395,0.25866666436195374,0.3985373377799988,3.077056407928467,0.02152474783360958
1127,21.7333767414093,0.4869083762168884,0.15630923211574554,0.303022563457489,0.41839712858200073,0.2915521264076233,0.3842226266860962,3.0829684734344482,0.017096366733312607
1128,21.742895126342773,0.4869083762168884,0.15630923211574554,0.303022563457489,0.4180904030799866,0.3260163962841034,0.3829556703567505,3.087141275405884,0.014873095788061619
1129,21.769829988479614,0.4869083762168884,0.15630923211574554,0.303022563457489,0.3729248642921448,0.3928702473640442,0.5150450468063354,3.086045980453491,0.017173951491713524
1130,21.780059099197388,0.4869083762168884,0.15630923211574554,0.303022563457489,0.38386982679367065,0.3525465428829193,0.34418877959251404,3.083237409591675,0.01933949813246727
1131,21.806107997894287,0.4869083762168884,0.15630923211574554,0.303022563457489,0.387673556804657,0.3267350494861603,0.4271003305912018,3.0843758583068848,0.02735084481537342
1132,21.81606936454773,0.4869083762168884,0.15630923211574554,0.303022563457489,0.4001557528972626,0.2971442639827728,0.42497915029525757,3.0872652530670166,0.0336051806807518
1133,21.841821670532227,0.4869083762168884,0.15630923211574554,0.303022563457489,0.4035559594631195,0.2601695954799652,0.33306795358657837,3.091953992843628,0.03388309106230736
1134,21.851898670196533,0.4869083762168884,0.15630923211574554,0.303022563457489,0.4002705514431,0.22820687294006348,0.2898688316345215,3.0980892181396484,0.029332756996154785
1135,21.878397941589355,0.4869083762168884,0.15630923211574554,0.303022563457489,0.3977645933628082,0.20360973477363586,0.2846923768520355,3.104374885559082,0.023269247263669968
1136,21.887797832489014,0.4869083762168884,0.15630923211574554,0.303022563457489,0.3980054259300232,0.18133427202701569,0.2620226740837097,3.1107683181762695,0.018252721056342125
1137,21.914381742477417,0.4869083762168884,0.15630923211574554,0.303022563457489,0.4028312563896179,0.15966378152370453,0.2576180696487427,3.116499900817871,0.01459897868335247
1138,21.924346685409546,0.4869083762168884,0.15630923211574554,0.303022563457489,0.4114946722984314,0.13807103037834167,0.26785150170326233,3.120765447616577,0.011838934384286404
1139,21.95163106918335,0.4869083762168884,0.15630923211574554,0.303022563457489,0.4233478903770447,0.11587538570165634,0.2615337371826172,3.123128890991211,0.009084696881473064
1140,21.96156358718872,0.4869083762168884,0.15630923211574554,0.303022563457489,0.4370306134223938,0.09310752898454666,0.26741844415664673,3.1231586933135986,0.006194005720317364
1141,21.988094568252563,0.4869083762168884,0.15630923211574554,0.303022563457489,0.4520634710788727,0.07301166653633118,0.29604318737983704,3.120046377182007,0.00420309929177165
1142,21.997750282287598,0.4869083762168884,0.15630923211574554,0.303022563457489,0.47056227922439575,0.05659094825387001,0.32244208455085754,3.112889051437378,0.00346182007342577
1143,22.02416491508484,0.4869083762168884,0.15630923211574554,0.303022563457489,0.49381592869758606,0.041863687336444855,0.3489314615726471,3.10269832611084,0.0037070235703140497
1144,22.033872842788696,0.4869083762168884,0.15630923211574554,0.303022563457489,0.5212700963020325,0.02448413334786892,0.3809658885002136,3.092902183532715,0.004933614283800125
1145,22.063643217086792,0.4869083762168884,0.15630923211574554,0.303022563457489,0.5509701371192932,0.0014370919670909643,0.38439226150512695,3.0884170532226562,0.007071969099342823
1146,22.073440074920654,0.4869083762168884,0.15630923211574554,0.303022563457489,0.5780251622200012,-0.023791130632162094,0.34638696908950806,3.0930700302124023,0.010847412049770355
1147,22.10044574737549,0.4869083762168884,0.15630923211574554,0.303022563457489,0.5920720100402832,-0.04635818675160408,0.23402012884616852,3.108942747116089,0.020512407645583153
1148,22.111071586608887,0.4869083762168884,0.15630923211574554,0.303022563457489,0.5924883484840393,-0.05350767821073532,0.09181930124759674,3.1269869804382324,0.03123919852077961
1149,22.137851238250732,0.4869083762168884,0.15630923211574554,0.303022563457489,0.5564241409301758,-0.018557995557785034,0.2211456149816513,3.1341352462768555,0.04031684994697571
1150,22.148974895477295,0.4869083762168884,0.15630923211574554,0.303022563457489,0.508758008480072,0.016537707298994064,0.32584190368652344,3.126887798309326,0.04788287356495857
1151,22.176994800567627,0.4869083762168884,0.15630923211574554,0.303022563457489,0.475044310092926,0.038103483617305756,0.3164263665676117,3.1139888763427734,0.052940234541893005
1152,22.188064336776733,0.4869083762168884,0.15630923211574554,0.303022563457489,0.45296576619148254,0.05379476025700569,0.3007895350456238,3.1013224124908447,0.055490270256996155
1153,22.214738607406616,0.4869083762168884,0.15630923211574554,0.303022563457489,0.43912413716316223,0.06670095771551132,0.30120402574539185,3.091477394104004,0.055260807275772095
1154,22.227455139160156,0.4869083762168884,0.15630923211574554,0.303022563457489,0.4291017949581146,0.0782170295715332,0.3185170590877533,3.085432767868042,0.052927933633327484
1155,22.25342345237732,0.4869083762168884,0.15630923211574554,0.303022563457489,0.42290419340133667,0.08694645017385483,0.3337412178516388,3.0833253860473633,0.05025054141879082
1156,22.263835191726685,0.4869083762168884,0.15630923211574554,0.303022563457489,0.42154425382614136,0.09261215478181839,0.34780558943748474,3.084552526473999,0.048569172620773315
1157,22.29283881187439,0.4869083762168884,0.15630923211574554,0.303022563457489,0.423433780670166,0.09753814339637756,0.3664014935493469,3.0879921913146973,0.04805450886487961
1158,22.30347466468811,0.4869083762168884,0.15630923211574554,0.303022563457489,0.426975280046463,0.10526169836521149,0.3789864778518677,3.0925586223602295,0.04785657301545143
1159,22.329700469970703,0.4869083762168884,0.15630923211574554,0.303022563457489,0.43260300159454346,0.11944792419672012,0.3746926486492157,3.097368001937866,0.04644906893372536
1160,22.339672565460205,0.4869083762168884,0.15630923211574554,0.303022563457489,0.439975380897522,0.14197945594787598,0.3624820113182068,3.1012063026428223,0.04264112189412117
1161,22.371201276779175,0.4869083762168884,0.15630923211574554,0.303022563457489,0.447049081325531,0.16771522164344788,0.34738966822624207,3.1036293506622314,0.03706931695342064
1162,22.38145351409912,0.4869083762168884,0.15630923211574554,0.303022563457489,0.4529741108417511,0.19172583520412445,0.3343035578727722,3.1058192253112793,0.032050345093011856
1163,22.40898871421814,0.4869083762168884,0.15630923211574554,0.303022563457489,0.45545729994773865,0.21524785459041595,0.3499945104122162,3.1083433628082275,0.029057659208774567
1164,22.41993021965027,0.4869083762168884,0.15630923211574554,0.303022563457489,0.4610379636287689,0.2498502880334854,0.23460564017295837,3.1072838306427,0.030578134581446648
1165,22.447059392929077,0.4869083762168884,0.15630923211574554,0.303022563457489,0.45826736092567444,0.2710709869861603,0.5467166900634766,3.1003386974334717,0.0224147979170084
1166,22.457199573516846,0.4869083762168884,0.15630923211574554,0.303022563457489,0.43977171182632446,0.272053062915802,0.4812910854816437,3.096151828765869,0.01602417416870594
1167,22.487431287765503,0.4869083762168884,0.15630923211574554,0.303022563457489,0.4286400377750397,0.26291370391845703,0.43796876072883606,3.0899572372436523,0.020859386771917343
1168,22.497556447982788,0.4869083762168884,0.15630923211574554,0.303022563457489,0.419270396232605,0.23906615376472473,0.31637609004974365,3.08827805519104,0.025278128683567047
1169,22.523407459259033,0.4869083762168884,0.15630923211574554,0.303022563457489,0.40864798426628113,0.21547101438045502,0.28967177867889404,3.0928971767425537,0.022832181304693222
1170,22.533055782318115,0.4869083762168884,0.15630923211574554,0.303022563457489,0.39759600162506104,0.19982269406318665,0.3049580156803131,3.0998997688293457,0.01580260694026947
1171,22.559474229812622,0.4869083762168884,0.15630923211574554,0.303022563457489,0.38625568151474,0.18556134402751923,0.29856055974960327,3.1064858436584473,0.00906405970454216
1172,22.56905746459961,0.4869083762168884,0.15630923211574554,0.303022563457489,0.3769443929195404,0.16996923089027405,0.3001074194908142,3.1112539768218994,0.004661263898015022
1173,22.59524941444397,0.4869083762168884,0.15630923211574554,0.303022563457489,0.3701838552951813,0.15287253260612488,0.3108561038970947,3.1142709255218506,0.0026164837181568146
1174,22.605162143707275,0.4869083762168884,0.15630923211574554,0.303022563457489,0.36832284927368164,0.13375774025917053,0.31470736861228943,3.1161861419677734,0.0016176743665710092
1175,22.63113760948181,0.4869083762168884,0.15630923211574554,0.303022563457489,0.36816921830177307,0.11478051543235779,0.3191989064216614,3.1168785095214844,0.0011852830648422241
1176,22.64056944847107,0.4869083762168884,0.15630923211574554,0.303022563457489,0.37144139409065247,0.09505266696214676,0.3253806233406067,3.1161563396453857,0.0014794842572882771
1177,22.667694568634033,0.4869083762168884,0.15630923211574554,0.303022563457489,0.378297358751297,0.07430676370859146,0.34601616859436035,3.114330530166626,0.0025224138516932726
1178,22.677590131759644,0.4869083762168884,0.15630923211574554,0.303022563457489,0.3904968798160553,0.05365688353776932,0.38508492708206177,3.1115562915802,0.004125939682126045
1179,22.703896045684814,0.4869083762168884,0.15630923211574554,0.303022563457489,0.4066099226474762,0.03387890011072159,0.439239501953125,3.1080706119537354,0.006470188498497009
1180,22.713366508483887,0.4869083762168884,0.15630923211574554,0.303022563457489,0.42741069197654724,0.011304203420877457,0.47626563906669617,3.1059041023254395,0.009645119309425354
1181,22.73986577987671,0.4869083762168884,0.15630923211574554,0.303022563457489,0.4540116488933563,-0.0128453578799963,0.5053088068962097,3.108222484588623,0.013292144052684307
1182,22.749760150909424,0.4869083762168884,0.15630923211574554,0.303022563457489,0.47612863779067993,-0.03264199197292328,0.497256875038147,3.11808180809021,0.018438803032040596
1183,22.775858163833618,0.4869083762168884,0.15630923211574554,0.303022563457489,0.48172032833099365,-0.04236912354826927,0.3380005657672882,3.137613534927368,0.030072372406721115
1184,22.785911083221436,0.4869083762168884,0.15630923211574554,0.303022563457489,0.45828136801719666,-0.007311088033020496,0.3371180295944214,-3.134028911590576,0.04053151607513428
1185,22.812784671783447,0.4869083762168884,0.15630923211574554,0.303022563457489,0.41709694266319275,0.03596707433462143,0.3909342586994171,-3.1403098106384277,0.04538819193840027
1186,22.822712659835815,0.4869083762168884,0.15630923211574554,0.303022563457489,0.38455772399902344,0.06584444642066956,0.40026307106018066,3.1292672157287598,0.04658857360482216
1187,22.848628044128418,0.4869083762168884,0.15630923211574554,0.303022563457489,0.36265939474105835,0.09078923612833023,0.41403865814208984,3.1169111728668213,0.04587813466787338
1188,22.858293056488037,0.4869083762168884,0.15630923211574554,0.303022563457489,0.3492029309272766,0.11115803569555283,0.40108606219291687,3.109004259109497,0.04392014443874359
1189,22.884380102157593,0.4869083762168884,0.15630923211574554,0.303022563457489,0.3408621847629547,0.13021157681941986,0.39590632915496826,3.10516619682312,0.041722510010004044
1190,22.89386010169983,0.4869083762168884,0.15630923211574554,0.303022563457489,0.33719006180763245,0.14734075963497162,0.40767180919647217,3.104051113128662,0.04004332050681114
1191,22.924893617630005,0.4869083762168884,0.15630923211574554,0.303022563457489,0.3352171778678894,0.16587890684604645,0.39141422510147095,3.104667901992798,0.038895152509212494
1192,22.936380863189697,0.4869083762168884,0.15630923211574554,0.303022563457489,0.3354725241661072,0.18671493232250214,0.37040582299232483,3.10626482963562,0.03739552199840546
1193,22.9626145362854,0.4869083762168884,0.15630923211574554,0.303022563457489,0.33415937423706055,0.21400947868824005,0.3549357056617737,3.1081607341766357,0.03481317311525345
1194,22.972230672836304,0.4869083762168884,0.15630923211574554,0.303022563457489,0.32640352845191956,0.2490905225276947,0.2995491325855255,3.1098904609680176,0.03280904144048691
1195,22.998430252075195,0.4869083762168884,0.15630923211574554,0.303022563457489,0.3163643777370453,0.28735992312431335,0.3087761402130127,3.10966420173645,0.03418802097439766
1196,23.008359909057617,0.4869083762168884,0.15630923211574554,0.303022563457489,0.2501513361930847,0.36142006516456604,0.48792633414268494,3.1055171489715576,0.03895098716020584
1197,23.03500485420227,0.4869083762168884,0.15630923211574554,0.303022563457489,0.28607627749443054,0.33522385358810425,0.5387362241744995,3.1000118255615234,0.03956441953778267
1198,23.044694900512695,0.7288123369216919,-0.017029214650392532,0.3481900691986084,0.3124780058860779,0.3136550188064575,0.5554887652397156,3.102196216583252,0.04514724016189575
1199,23.071021556854248,0.7288123369216919,-0.017029214650392532,0.3481900691986084,0.3460664451122284,0.2887750566005707,0.47929689288139343,3.104511260986328,0.04777386784553528
1200,23.081416368484497,0.7288123369216919,-0.017029214650392532,0.3481900691986084,0.36472538113594055,0.2434711903333664,0.5151358842849731,3.105916738510132,0.043749190866947174
1201,23.10844588279724,0.7288123369216919,-0.017029214650392532,0.3481900691986084,0.37264713644981384,0.19955433905124664,0.4750017821788788,3.1109821796417236,0.03715919703245163
1202,23.11813974380493,0.7288123369216919,-0.017029214650392532,0.3481900691986084,0.38191598653793335,0.16375039517879486,0.42399436235427856,3.1179380416870117,0.031137853860855103
1203,23.144405841827393,0.7288123369216919,-0.017029214650392532,0.3481900691986084,0.39608034491539,0.1309860497713089,0.3952896296977997,3.123782157897949,0.02683541551232338
1204,23.154868602752686,0.7288123369216919,-0.017029214650392532,0.3481900691986084,0.4160611033439636,0.09777399897575378,0.3916202187538147,3.1273353099823,0.023694362491369247
1205,23.180665493011475,0.7288123369216919,-0.017029214650392532,0.3481900691986084,0.4402416944503784,0.06329610198736191,0.3647623360157013,3.128864049911499,0.021002089604735374
1206,23.191300630569458,0.7288123369216919,-0.017029214650392532,0.3481900691986084,0.4671808183193207,0.029226474463939667,0.37488850951194763,3.1285359859466553,0.01849205046892166
1207,23.217271327972412,0.7288123369216919,-0.017029214650392532,0.3481900691986084,0.4965534210205078,-0.0026736618019640446,0.3694743514060974,3.126049757003784,0.016478098928928375
1208,23.227951765060425,0.7288123369216919,-0.017029214650392532,0.3481900691986084,0.5286924242973328,-0.03321585804224014,0.3890528082847595,3.120760440826416,0.014648688957095146
1209,23.254394054412842,0.7288123369216919,-0.017029214650392532,0.3481900691986084,0.5620144009590149,-0.06266654282808304,0.4119150936603546,3.1129825115203857,0.012389869429171085
1210,23.26457405090332,0.7288123369216919,-0.017029214650392532,0.3481900691986084,0.5962904691696167,-0.09166257828474045,0.41911032795906067,3.104588508605957,0.010242129676043987
1211,23.29135823249817,0.7288123369216919,-0.017029214650392532,0.3481900691986084,0.6293615698814392,-0.12156902998685837,0.40209436416625977,3.0987298488616943,0.00864673126488924
1212,23.301260232925415,0.7288123369216919,-0.017029214650392532,0.3481900691986084,0.6619473099708557,-0.15475386381149292,0.38109248876571655,3.097658157348633,0.007295445539057255
1213,23.328032970428467,0.7288123369216919,-0.017029214650392532,0.3481900691986084,0.6861807703971863,-0.18775489926338196,0.30680856108665466,3.103337049484253,0.009199717082083225
1214,23.338449239730835,0.7288123369216919,-0.017029214650392532,0.3481900691986084,0.7100681066513062,-0.21716700494289398,0.2390192300081253,3.117563009262085,0.01823653280735016
1215,23.368319034576416,0.7288123369216919,-0.017029214650392532,0.3481900691986084,0.713566243648529,-0.18992066383361816,0.17502498626708984,3.1264662742614746,0.02073581889271736
1216,23.380504846572876,0.7288123369216919,-0.017029214650392532,0.3481900691986084,0.6819671988487244,-0.13090825080871582,0.35039710998535156,3.1202099323272705,0.017415128648281097
1217,23.40726661682129,0.7288123369216919,-0.017029214650392532,0.3481900691986084,0.6516970992088318,-0.08882126212120056,0.40786147117614746,3.103882312774658,0.012223692610859871
1218,23.41789984703064,0.7288123369216919,-0.017029214650392532,0.3481900691986084,0.6381593942642212,-0.06131218001246452,0.4376705288887024,3.0848779678344727,0.008563959039747715
1219,23.44364047050476,0.7288123369216919,-0.017029214650392532,0.3481900691986084,0.6428658962249756,-0.041523922234773636,0.48657482862472534,3.0663602352142334,0.005764419678598642
1220,23.45352816581726,0.7288123369216919,-0.017029214650392532,0.3481900691986084,0.6587691903114319,-0.02706117555499077,0.5452725887298584,3.050084114074707,0.0017467158613726497
1221,23.480334043502808,0.7288123369216919,-0.017029214650392532,0.3481900691986084,0.6787115335464478,-0.018148871138691902,0.6049838066101074,3.0376126766204834,-0.0029957974329590797
1222,23.489993572235107,0.7288123369216919,-0.017029214650392532,0.3481900691986084,0.70115065574646,-0.01671210490167141,0.6739649772644043,3.0307085514068604,-0.006304652895778418
1223,23.517521381378174,0.7288123369216919,-0.017029214650392532,0.3481900691986084,0.727654218673706,-0.021482907235622406,0.7550148963928223,3.031294107437134,-0.007392880506813526
1224,23.52736258506775,0.7288123369216919,-0.017029214650392532,0.3481900691986084,0.7605798840522766,-0.024821339175105095,0.8031913042068481,3.0399656295776367,-0.008375410921871662
1225,23.55532717704773,0.7288123369216919,-0.017029214650392532,0.3481900691986084,0.7951417565345764,-0.01754148304462433,0.7279006838798523,3.0555672645568848,-0.011697106994688511
1226,23.566195249557495,0.7288123369216919,-0.017029214650392532,0.3481900691986084,0.8241281509399414,0.006900845095515251,0.5803518295288086,3.073751449584961,-0.017716001719236374
1227,23.592879056930542,0.7288123369216919,-0.017029214650392532,0.3481900691986084,0.8478969931602478,0.029485033825039864,0.5497968196868896,3.0893125534057617,-0.024996407330036163
1228,23.602899312973022,0.7288123369216919,-0.017029214650392532,0.3481900691986084,0.8711816668510437,0.03460276126861572,0.6459603905677795,3.0996041297912598,-0.030993318185210228
1229,23.631881713867188,0.7288123369216919,-0.017029214650392532,0.3481900691986084,0.890722930431366,0.03346440941095352,0.7696120142936707,3.1007609367370605,-0.030103767290711403
1230,23.64435887336731,0.7288123369216919,-0.017029214650392532,0.3481900691986084,0.9013504385948181,0.037429019808769226,0.8810368180274963,3.0872018337249756,-0.016337450593709946
1231,23.670047998428345,0.7288123369216919,-0.017029214650392532,0.3481900691986084,0.8498896360397339,0.037952862679958344,0.802595317363739,3.06876540184021,-0.010104382410645485
1232,23.67951512336731,0.7288123369216919,-0.017029214650392532,0.3481900691986084,0.771174967288971,0.009164480492472649,0.4612329304218292,3.07124400138855,-0.017106682062149048
1233,23.70515251159668,0.7288123369216919,-0.017029214650392532,0.3481900691986084,0.6896238327026367,-0.010502953082323074,0.40058767795562744,3.0838825702667236,-0.014735097996890545
1234,23.715346336364746,0.7288123369216919,-0.017029214650392532,0.3481900691986084,0.6428720355033875,-0.01792304590344429,0.39936769008636475,3.098813056945801,-0.005473396275192499
1235,23.741745233535767,0.7288123369216919,-0.017029214650392532,0.3481900691986084,0.6287875175476074,-0.015752576291561127,0.3407798111438751,3.110402822494507,0.0008665265049785376
1236,23.75150156021118,0.7288123369216919,-0.017029214650392532,0.3481900691986084,0.6272323727607727,-0.009760403074324131,0.26155534386634827,3.1172945499420166,0.00011657549475785345
1237,23.777573585510254,0.7288123369216919,-0.017029214650392532,0.3481900691986084,0.6221599578857422,-0.005079930182546377,0.24558579921722412,3.120607852935791,-0.0046728746965527534
1238,23.78725004196167,0.7288123369216919,-0.017029214650392532,0.3481900691986084,0.613120973110199,-0.004274079576134682,0.3020244836807251,3.1217586994171143,-0.008671131916344166
1239,23.814160585403442,0.7288123369216919,-0.017029214650392532,0.3481900691986084,0.6054582595825195,-0.0083603635430336,0.34342312812805176,3.12239408493042,-0.01021979097276926
1240,23.823827743530273,0.7288123369216919,-0.017029214650392532,0.3481900691986084,0.6022476553916931,-0.01615270785987377,0.34862810373306274,3.1233136653900146,-0.010188772343099117
1241,23.85007357597351,0.7288123369216919,-0.017029214650392532,0.3481900691986084,0.6047824025154114,-0.02531256712973118,0.3547494113445282,3.1236753463745117,-0.009677785448729992
1242,23.859830617904663,0.7288123369216919,-0.017029214650392532,0.3481900691986084,0.6128343939781189,-0.0341988168656826,0.37952786684036255,3.122196674346924,-0.009070945903658867
1243,23.886312007904053,0.7288123369216919,-0.017029214650392532,0.3481900691986084,0.6258494257926941,-0.043705541640520096,0.4103702902793884,3.1181228160858154,-0.008169906213879585
1244,23.896158456802368,0.7288123369216919,-0.017029214650392532,0.3481900691986084,0.6442921757698059,-0.05660664290189743,0.428941011428833,3.112051248550415,-0.006937837693840265
1245,23.922343969345093,0.7288123369216919,-0.017029214650392532,0.3481900691986084,0.6698210835456848,-0.06980714201927185,0.46424955129623413,3.1044349670410156,-0.005586111918091774
1246,23.931824445724487,0.7288123369216919,-0.017029214650392532,0.3481900691986084,0.7036660313606262,-0.0820372998714447,0.5250320434570312,3.0949203968048096,-0.004276220686733723
1247,23.958070278167725,0.7288123369216919,-0.017029214650392532,0.3481900691986084,0.7441001534461975,-0.09754937887191772,0.5693766474723816,3.086991548538208,-0.0022745805326849222
1248,23.96796989440918,0.7288123369216919,-0.017029214650392532,0.3481900691986084,0.7833272814750671,-0.11742746084928513,0.5381462574005127,3.088897943496704,0.0017859735526144505
1249,23.994423389434814,0.7288123369216919,-0.017029214650392532,0.3481900691986084,0.8098911046981812,-0.12021828442811966,0.035223111510276794,3.1049692630767822,0.0080909738317132
1250,24.004072904586792,0.7288123369216919,-0.017029214650392532,0.3481900691986084,0.7515048384666443,-0.07253416627645493,0.34544557332992554,3.1100518703460693,0.01368985790759325
1251,24.02993083000183,0.7288123369216919,-0.017029214650392532,0.3481900691986084,0.6939473748207092,-0.031228039413690567,0.4882323145866394,3.1011507511138916,0.024422818794846535
1252,24.039700508117676,0.7288123369216919,-0.017029214650392532,0.3481900691986084,0.6674708127975464,-0.0009475761326029897,0.4813663363456726,3.087003469467163,0.03326772525906563
1253,24.066083669662476,0.7288123369216919,-0.017029214650392532,0.3481900691986084,0.6607919335365295,0.023386938497424126,0.47775834798812866,3.0724287033081055,0.036220651119947433
1254,24.077513933181763,0.7288123369216919,-0.017029214650392532,0.3481900691986084,0.6624988913536072,0.040399618446826935,0.49136802554130554,3.0606207847595215,0.034561242908239365
1255,24.105336666107178,0.7288123369216919,-0.017029214650392532,0.3481900691986084,0.6659919023513794,0.05035187676548958,0.5221891403198242,3.0537705421447754,0.0323103629052639
1256,24.1163010597229,0.7288123369216919,-0.017029214650392532,0.3481900691986084,0.6724200248718262,0.05509898439049721,0.5647711753845215,3.052741765975952,0.031777672469615936
1257,24.14272427558899,0.7288123369216919,-0.017029214650392532,0.3481900691986084,0.6815651655197144,0.06054620072245598,0.5938830375671387,3.057689666748047,0.03175063803792
1258,24.154037952423096,0.7288123369216919,-0.017029214650392532,0.3481900691986084,0.691561758518219,0.07566177845001221,0.5557310581207275,3.0673317909240723,0.03003336489200592
1259,24.180469512939453,0.7288123369216919,-0.017029214650392532,0.3481900691986084,0.70156329870224,0.1036437377333641,0.47580137848854065,3.0781121253967285,0.025643102824687958
1260,24.191583156585693,0.7288123369216919,-0.017029214650392532,0.3481900691986084,0.7126253247261047,0.13667282462120056,0.4428952932357788,3.0857934951782227,0.019121648743748665
1261,24.218181371688843,0.7288123369216919,-0.017029214650392532,0.3481900691986084,0.7232620716094971,0.16399353742599487,0.46101534366607666,3.0882465839385986,0.013271177187561989
1262,24.22839331626892,0.7288123369216919,-0.017029214650392532,0.3481900691986084,0.7349278330802917,0.18600311875343323,0.4609442949295044,3.0855863094329834,0.011896803975105286
1263,24.257042407989502,0.7288123369216919,-0.017029214650392532,0.3481900691986084,0.7424127459526062,0.2099906951189041,0.4430481791496277,3.076413631439209,0.020431172102689743
1264,24.266432523727417,0.7288123369216919,-0.017029214650392532,0.3481900691986084,0.7306305766105652,0.22037376463413239,0.6012290120124817,3.057770013809204,0.028589952737092972
1265,24.292996644973755,0.7288123369216919,-0.017029214650392532,0.3481900691986084,0.673038125038147,0.16719408333301544,0.874549388885498,3.0541388988494873,0.024791741743683815
1266,24.302335500717163,0.7288123369216919,-0.017029214650392532,0.3481900691986084,0.6061716079711914,0.09631233662366867,0.6179487705230713,3.066472291946411,0.027913358062505722
1267,24.328798055648804,0.7288123369216919,-0.017029214650392532,0.3481900691986084,0.5669544339179993,0.04662603139877319,0.4183248281478882,3.081033229827881,0.03474443405866623
1268,24.338589429855347,0.7288123369216919,-0.017029214650392532,0.3481900691986084,0.556877076625824,0.017410045489668846,0.3103562891483307,3.0905001163482666,0.0382995679974556
1269,24.365352153778076,0.7288123369216919,-0.017029214650392532,0.3481900691986084,0.5542542338371277,0.0004637881647795439,0.3308262228965759,3.0950913429260254,0.03681669384241104
1270,24.375347137451172,0.7288123369216919,-0.017029214650392532,0.3481900691986084,0.5456082224845886,-0.01198465097695589,0.4191656708717346,3.0958058834075928,0.03471177816390991
1271,24.401042222976685,0.7288123369216919,-0.017029214650392532,0.3481900691986084,0.5354228019714355,-0.029365001246333122,0.4580078721046448,3.094071865081787,0.034206751734018326
1272,24.410592794418335,0.7288123369216919,-0.017029214650392532,0.3481900691986084,0.528316080570221,-0.053667232394218445,0.4691169857978821,3.0921132564544678,0.03409554809331894
1273,24.4372341632843,0.7288123369216919,-0.017029214650392532,0.3481900691986084,0.5246934294700623,-0.08100225031375885,0.4818568229675293,3.090833902359009,0.03332183510065079
1274,24.447023630142212,0.7288123369216919,-0.017029214650392532,0.3481900691986084,0.5235466957092285,-0.1082616075873375,0.4994194209575653,3.089367389678955,0.031945373862981796
1275,24.473002433776855,0.7288123369216919,-0.017029214650392532,0.3481900691986084,0.524228036403656,-0.1333295851945877,0.5242971181869507,3.086355447769165,0.030925022438168526
1276,24.483275413513184,0.7288123369216919,-0.017029214650392532,0.3481900691986084,0.5279444456100464,-0.1569843292236328,0.5520225763320923,3.081350803375244,0.031122250482439995
1277,24.5093514919281,0.7288123369216919,-0.017029214650392532,0.3481900691986084,0.5341028571128845,-0.1822553426027298,0.5965896844863892,3.0751795768737793,0.03331476077437401
1278,24.52071714401245,0.7288123369216919,-0.017029214650392532,0.3481900691986084,0.5405152440071106,-0.21176216006278992,0.6563518047332764,3.0703675746917725,0.0389283187687397
1279,24.547456741333008,0.7288123369216919,-0.017029214650392532,0.3481900691986084,0.5486552119255066,-0.24875444173812866,0.6775990128517151,3.0707030296325684,0.048322644084692
1280,24.557658910751343,0.7288123369216919,-0.017029214650392532,0.3481900691986084,0.5878328084945679,-0.26255860924720764,0.2952975630760193,3.0722076892852783,0.048000235110521317
1281,24.58515739440918,0.7288123369216919,-0.017029214650392532,0.3481900691986084,0.6002798676490784,-0.27545663714408875,0.22725415229797363,3.0767760276794434,0.041593436151742935
1282,24.595197916030884,0.7288123369216919,-0.017029214650392532,0.3481900691986084,0.5943703055381775,-0.26415741443634033,0.019646894186735153,3.084456443786621,0.03980386629700661
1283,24.62096667289734,0.7288123369216919,-0.017029214650392532,0.3481900691986084,0.5735769271850586,-0.20201312005519867,0.24010276794433594,3.0830283164978027,0.040533795952796936
1284,24.631123781204224,0.7288123369216919,-0.017029214650392532,0.3481900691986084,0.5578649640083313,-0.14867162704467773,0.37315160036087036,3.073857069015503,0.03861295059323311
1285,24.657050132751465,0.7288123369216919,-0.017029214650392532,0.3481900691986084,0.5560234189033508,-0.11285582929849625,0.36727166175842285,3.0647733211517334,0.03331354260444641
1286,24.666905403137207,0.7288123369216919,-0.017029214650392532,0.3481900691986084,0.5635767579078674,-0.08603238314390182,0.3652508556842804,3.058199644088745,0.027553588151931763
1287,24.69361686706543,0.7288123369216919,-0.017029214650392532,0.3481900691986084,0.5768023729324341,-0.06264118105173111,0.3883592486381531,3.0547139644622803,0.022736910730600357
1288,24.70366621017456,0.7288123369216919,-0.017029214650392532,0.3481900691986084,0.5944796800613403,-0.0403936542570591,0.41766247153282166,3.054716110229492,0.018758047372102737
1289,24.729961156845093,0.7288123369216919,-0.017029214650392532,0.3481900691986084,0.616116464138031,-0.01762286014854908,0.4280189871788025,3.058431386947632,0.01474612858146429
1290,24.741642951965332,0.7288123369216919,-0.017029214650392532,0.3481900691986084,0.6402983069419861,0.00900343805551529,0.4212602972984314,3.064926862716675,0.009981607086956501
1291,24.769500970840454,0.7288123369216919,-0.017029214650392532,0.3481900691986084,0.6648716926574707,0.04061369597911835,0.41599076986312866,3.072374105453491,0.0046311370097100735
1292,24.778996229171753,0.7288123369216919,-0.017029214650392532,0.3481900691986084,0.6900385618209839,0.07199408859014511,0.43658724427223206,3.078899383544922,-0.0006502699689008296
1293,24.80504536628723,0.7288123369216919,-0.017029214650392532,0.3481900691986084,0.7164244055747986,0.09691865742206573,0.4733445644378662,3.084174394607544,-0.005207947455346584
1294,24.81476640701294,0.7288123369216919,-0.017029214650392532,0.3481900691986084,0.7442375421524048,0.11697327345609665,0.5043830871582031,3.088606119155884,-0.007843743078410625
1295,24.842113971710205,0.7288123369216919,-0.017029214650392532,0.3481900691986084,0.7752893567085266,0.13859939575195312,0.5164634585380554,3.090650796890259,-0.00701576191931963
1296,24.852231740951538,0.7288123369216919,-0.017029214650392532,0.3481900691986084,0.8024872541427612,0.16299784183502197,0.5738211274147034,3.0855190753936768,0.00011881254613399506
1297,24.878167629241943,0.7288123369216919,-0.017029214650392532,0.3481900691986084,0.7938521504402161,0.17359481751918793,0.8738138675689697,3.072042942047119,-0.004236467648297548
1298,24.88769507408142,0.7288123369216919,-0.017029214650392532,0.3481900691986084,0.7301804423332214,0.13342446088790894,0.6266356706619263,3.0664901733398438,-0.012217610143125057
1299,24.914466857910156,0.7288123369216919,-0.017029214650392532,0.3481900691986084,0.6616390943527222,0.08347340673208237,0.4512498378753662,3.0678467750549316,-0.009411217644810677
1300,24.924449682235718,0.7288123369216919,-0.017029214650392532,0.3481900691986084,0.6189980506896973,0.046371690928936005,0.4003761410713196,3.0753281116485596,-0.004687572363764048
1301,24.95070242881775,0.7288123369216919,-0.017029214650392532,0.3481900691986084,0.6002442836761475,0.02361275814473629,0.3505948781967163,3.0858724117279053,-0.002707368228584528
1302,24.960652828216553,0.7288123369216919,-0.017029214650392532,0.3481900691986084,0.5950206518173218,0.013582303188741207,0.30711305141448975,3.0953304767608643,-0.0050111147575080395
1303,24.987912893295288,0.7288123369216919,-0.017029214650392532,0.3481900691986084,0.5906831622123718,0.00791978556662798,0.32359564304351807,3.1008551120758057,-0.009115132503211498
1304,24.997618913650513,0.7288123369216919,-0.017029214650392532,0.3481900691986084,0.5843161344528198,-0.00022395064297597855,0.36494800448417664,3.1024303436279297,-0.011891432106494904
1305,25.023386001586914,0.7288123369216919,-0.017029214650392532,0.3481900691986084,0.5795263648033142,-0.014515162445604801,0.3912412226200104,3.1020753383636475,-0.012815426103770733
1306,25.033653736114502,0.7288123369216919,-0.017029214650392532,0.3481900691986084,0.5790567398071289,-0.034310225397348404,0.4061080813407898,3.101500988006592,-0.013221441768109798
1307,25.059860229492188,0.7288123369216919,-0.017029214650392532,0.3481900691986084,0.5827762484550476,-0.05672047287225723,0.4163961708545685,3.100532293319702,-0.01424158550798893
1308,25.06951904296875,0.7288123369216919,-0.017029214650392532,0.3481900691986084,0.589610755443573,-0.07925882935523987,0.42927783727645874,3.0980653762817383,-0.015752771869301796
1309,25.096893787384033,0.7288123369216919,-0.017029214650392532,0.3481900691986084,0.599153995513916,-0.1017705649137497,0.45073822140693665,3.093425750732422,-0.0166796762496233
1310,25.106711387634277,0.7288123369216919,-0.017029214650392532,0.3481900691986084,0.6137343645095825,-0.12296545505523682,0.4851161241531372,3.0862014293670654,-0.016432031989097595
1311,25.13448190689087,0.7288123369216919,-0.017029214650392532,0.3481900691986084,0.633415937423706,-0.1437259018421173,0.5326110124588013,3.0769667625427246,-0.014725803397595882
1312,25.14508581161499,0.7288123369216919,-0.017029214650392532,0.3481900691986084,0.6565858125686646,-0.16845153272151947,0.5911774635314941,3.0692362785339355,-0.010340197943150997
1313,25.171342849731445,0.7288123369216919,-0.017029214650392532,0.3481900691986084,0.6834750175476074,-0.20023539662361145,0.6090489029884338,3.0688681602478027,-0.0024635889567434788
1314,25.18213176727295,0.7288123369216919,-0.017029214650392532,0.3481900691986084,0.703376054763794,-0.234282985329628,0.561116635799408,3.080873489379883,0.011006179265677929
1315,25.207267999649048,0.7288123369216919,-0.017029214650392532,0.3481900691986084,0.7267642021179199,-0.24563191831111908,0.23430593311786652,3.103753089904785,0.028704417869448662
1316,25.218045234680176,0.7288123369216919,-0.017029214650392532,0.3481900691986084,0.7063562870025635,-0.1916511505842209,0.2150902897119522,3.1149213314056396,0.0327407643198967
1317,25.24457550048828,0.7288123369216919,-0.017029214650392532,0.3481900691986084,0.6708869338035583,-0.1298854500055313,0.3636986017227173,3.1084156036376953,0.02937360294163227
1318,25.254318237304688,0.7288123369216919,-0.017029214650392532,0.3481900691986084,0.6439874172210693,-0.08626502007246017,0.4199866056442261,3.0941343307495117,0.023565756157040596
1319,25.28011965751648,0.7288123369216919,-0.017029214650392532,0.3481900691986084,0.6313437819480896,-0.054020509123802185,0.4544549286365509,3.0794520378112793,0.018233750015497208
1320,25.290506601333618,0.7288123369216919,-0.017029214650392532,0.3481900691986084,0.6309917569160461,-0.02896839752793312,0.4753020703792572,3.0668718814849854,0.013554830104112625
1321,25.3165123462677,0.7288123369216919,-0.017029214650392532,0.3481900691986084,0.6363745331764221,-0.009040838107466698,0.5063216686248779,3.057431697845459,0.009439938701689243
1322,25.326557159423828,0.7288123369216919,-0.017029214650392532,0.3481900691986084,0.6445544362068176,0.006344029679894447,0.5434820652008057,3.052277088165283,0.006406141445040703
1323,25.353161334991455,0.7288123369216919,-0.017029214650392532,0.3481900691986084,0.65586256980896,0.019963281229138374,0.5758476853370667,3.052889823913574,0.0040128459222614765
1324,25.36323070526123,0.7288123369216919,-0.017029214650392532,0.3481900691986084,0.6700671911239624,0.03824053332209587,0.563629686832428,3.059495210647583,0.0007361285388469696
1325,25.389731645584106,0.7288123369216919,-0.017029214650392532,0.3481900691986084,0.6856465935707092,0.06580556184053421,0.5167120695114136,3.0693979263305664,-0.00459942314773798
1326,25.399455308914185,0.7288123369216919,-0.017029214650392532,0.3481900691986084,0.7022526264190674,0.09715674817562103,0.49658703804016113,3.078464984893799,-0.011903269216418266
1327,25.42580533027649,0.7288123369216919,-0.017029214650392532,0.3481900691986084,0.7194854021072388,0.1220824271440506,0.5214335322380066,3.084655284881592,-0.019374968484044075
1328,25.43562340736389,0.7288123369216919,-0.017029214650392532,0.3481900691986084,0.7380627989768982,0.1401277333498001,0.5531859397888184,3.0881125926971436,-0.024445829913020134
1329,25.461426258087158,0.7288123369216919,-0.017029214650392532,0.3481900691986084,0.7578598856925964,0.16056044399738312,0.5654215812683105,3.0870628356933594,-0.023926064372062683
1330,25.470937490463257,0.7288123369216919,-0.017029214650392532,0.3481900691986084,0.7471300363540649,0.17372646927833557,0.9231418371200562,3.078507661819458,-0.0375831238925457
1331,25.49795889854431,0.7288123369216919,-0.017029214650392532,0.3481900691986084,0.6887310743331909,0.13616971671581268,0.6715519428253174,3.074099540710449,-0.04830996319651604
1332,25.508378267288208,0.7288123369216919,-0.017029214650392532,0.3481900691986084,0.631392240524292,0.09134354442358017,0.42817211151123047,3.0698280334472656,-0.040304090827703476
1333,25.53570246696472,0.7288123369216919,-0.017029214650392532,0.3481900691986084,0.5938916802406311,0.04819781333208084,0.34719085693359375,3.0724895000457764,-0.030602803453803062
1334,25.545515060424805,0.7288123369216919,-0.017029214650392532,0.3481900691986084,0.5751789808273315,0.017090652137994766,0.33789175748825073,3.0818772315979004,-0.02832673490047455
1335,25.572718620300293,0.7288123369216919,-0.017029214650392532,0.3481900691986084,0.5633785128593445,-0.0036675622686743736,0.31554701924324036,3.0933709144592285,-0.030871426686644554
1336,25.582564115524292,0.7288123369216919,-0.017029214650392532,0.3481900691986084,0.5551305413246155,-0.020132070407271385,0.30453920364379883,3.102235794067383,-0.03391541540622711
1337,25.608596324920654,0.7288123369216919,-0.017029214650392532,0.3481900691986084,0.550044596195221,-0.03757992386817932,0.30625927448272705,3.1070330142974854,-0.03589374199509621
1338,25.617997407913208,0.7288123369216919,-0.017029214650392532,0.3481900691986084,0.5472896695137024,-0.05844724550843239,0.326993852853775,3.1086864471435547,-0.03686987981200218
1339,25.64426302909851,0.7288123369216919,-0.017029214650392532,0.3481900691986084,0.5480156540870667,-0.0835009515285492,0.34888511896133423,3.1086466312408447,-0.03753034397959709
1340,25.656630516052246,0.7288123369216919,-0.017029214650392532,0.3481900691986084,0.5524699091911316,-0.11196283996105194,0.3582881689071655,3.107602834701538,-0.03849068656563759
1341,25.68535280227661,0.7288123369216919,-0.017029214650392532,0.3481900691986084,0.5596190690994263,-0.14137503504753113,0.365580677986145,3.105243444442749,-0.03918278589844704
1342,25.69501566886902,0.7288123369216919,-0.017029214650392532,0.3481900691986084,0.570061445236206,-0.1689460575580597,0.3804487884044647,3.1007204055786133,-0.03838646411895752
1343,25.721693992614746,0.7288123369216919,-0.017029214650392532,0.3481900691986084,0.5835669040679932,-0.19483375549316406,0.40868085622787476,3.094184160232544,-0.03485061600804329
1344,25.731239080429077,0.7288123369216919,-0.017029214650392532,0.3481900691986084,0.5993647575378418,-0.22138673067092896,0.4733608663082123,3.0880701541900635,-0.026953283697366714
1345,25.75744318962097,0.7288123369216919,-0.017029214650392532,0.3481900691986084,0.6179944276809692,-0.2521492540836334,0.5271381139755249,3.086596965789795,-0.014480513520538807
1346,25.767110586166382,0.7288123369216919,-0.017029214650392532,0.3481900691986084,0.6556721925735474,-0.26540321111679077,0.1636609435081482,3.087040424346924,-0.011108082719147205
1347,25.792476177215576,0.7288123369216919,-0.017029214650392532,0.3481900691986084,0.6556167602539062,-0.2764054238796234,0.22715511918067932,3.093764305114746,-0.010311346501111984
1348,25.801628589630127,0.7288123369216919,-0.017029214650392532,0.3481900691986084,0.6567302942276001,-0.2646673023700714,0.2506319582462311,3.106382131576538,-0.0023641434963792562
1349,25.827077627182007,0.7288123369216919,-0.017029214650392532,0.3481900691986084,0.6456086039543152,-0.21556153893470764,0.29341834783554077,3.112698793411255,0.006235992535948753
1350,25.83658218383789,0.7288123369216919,-0.017029214650392532,0.3481900691986084,0.6216307282447815,-0.15873414278030396,0.4168246388435364,3.1075401306152344,0.010487952269613743
1351,25.86298966407776,0.7288123369216919,-0.017029214650392532,0.3481900691986084,0.6098947525024414,-0.11807290464639664,0.4418177008628845,3.0960514545440674,0.010522030293941498
1352,25.872693300247192,0.7288123369216919,-0.017029214650392532,0.3481900691986084,0.6129171252250671,-0.08956778794527054,0.45897769927978516,3.082956314086914,0.009035556577146053
1353,25.89987063407898,0.7288123369216919,-0.017029214650392532,0.3481900691986084,0.6266234517097473,-0.06895541399717331,0.490509033203125,3.0713517665863037,0.00714012049138546
1354,25.909472227096558,0.7288123369216919,-0.017029214650392532,0.3481900691986084,0.646190881729126,-0.05321364477276802,0.5373920202255249,3.063225269317627,0.005438464228063822
1355,25.93553066253662,0.7288123369216919,-0.017029214650392532,0.3481900691986084,0.6702101826667786,-0.040920451283454895,0.5940802693367004,3.060187578201294,0.00429726904258132
1356,25.94513440132141,0.7288123369216919,-0.017029214650392532,0.3481900691986084,0.6995478868484497,-0.028671519830822945,0.6290491223335266,3.063103437423706,0.002904623979702592
1357,25.97132706642151,0.7288123369216919,-0.017029214650392532,0.3481900691986084,0.7301262617111206,-0.01088997907936573,0.5994616746902466,3.0715622901916504,8.564810559619218e-05
1358,25.980690956115723,0.7288123369216919,-0.017029214650392532,0.3481900691986084,0.7571550011634827,0.016589026898145676,0.5452958345413208,3.0831942558288574,-0.0043900394812226295
1359,26.006850242614746,0.7288123369216919,-0.017029214650392532,0.3481900691986084,0.7795522212982178,0.042889852076768875,0.5675758719444275,3.0945136547088623,-0.009267508052289486
1360,26.01614761352539,0.7288123369216919,-0.017029214650392532,0.3481900691986084,0.8012838363647461,0.055952105671167374,0.6492272615432739,3.1037473678588867,-0.012553004547953606
1361,26.041780948638916,0.7288123369216919,-0.017029214650392532,0.3481900691986084,0.8233723044395447,0.05827336758375168,0.7097206115722656,3.1107728481292725,-0.011702079325914383
1362,26.051378965377808,0.7288123369216919,-0.017029214650392532,0.3481900691986084,0.8451917171478271,0.06496763229370117,0.7597149610519409,3.1104607582092285,-0.0024341498501598835
1363,26.07858180999756,0.7288123369216919,-0.017029214650392532,0.3481900691986084,0.8283752799034119,0.08922095596790314,0.6726293563842773,3.095150947570801,0.011604203842580318
1364,26.088270902633667,0.7288123369216919,-0.017029214650392532,0.3481900691986084,0.768576443195343,0.057751432061195374,0.5961896181106567,3.0844838619232178,0.006546207703649998
1365,26.114086627960205,0.7288123369216919,-0.017029214650392532,0.3481900691986084,0.6741407513618469,0.01704719103872776,0.43109649419784546,3.084275722503662,0.00973890908062458
1366,26.123839378356934,0.7288123369216919,-0.017029214650392532,0.3481900691986084,0.610390305519104,-0.010280957445502281,0.42501893639564514,3.0931200981140137,0.018938345834612846
1367,26.150585651397705,0.7288123369216919,-0.017029214650392532,0.3481900691986084,0.5815353989601135,-0.02350032702088356,0.38601091504096985,3.104316234588623,0.02739073894917965
1368,26.160572052001953,0.7288123369216919,-0.017029214650392532,0.3481900691986084,0.5732789635658264,-0.025916794314980507,0.32819849252700806,3.1131622791290283,0.030097514390945435
1369,26.18735408782959,0.7288123369216919,-0.017029214650392532,0.3481900691986084,0.5677381157875061,-0.024329325184226036,0.28877097368240356,3.1184892654418945,0.02771400474011898
1370,26.197325229644775,0.7288123369216919,-0.017029214650392532,0.3481900691986084,0.5579733848571777,-0.024966971948742867,0.30108642578125,3.120574951171875,0.024107076227664948
1371,26.232641458511353,0.7288123369216919,-0.017029214650392532,0.3481900691986084,0.5463764667510986,-0.03149561583995819,0.33429837226867676,3.1206858158111572,0.021976802498102188
1372,26.245588064193726,0.7288123369216919,-0.017029214650392532,0.3481900691986084,0.53685462474823,-0.043482664972543716,0.3562982678413391,3.1205036640167236,0.021291891112923622
1373,26.271626949310303,0.7288123369216919,-0.017029214650392532,0.3481900691986084,0.5313853025436401,-0.058687519282102585,0.3725833296775818,3.1206727027893066,0.020974842831492424
1374,26.28101086616516,0.7288123369216919,-0.017029214650392532,0.3481900691986084,0.5304989814758301,-0.07539791613817215,0.391490638256073,3.1202876567840576,0.02002408728003502
1375,26.307068824768066,0.7288123369216919,-0.017029214650392532,0.3481900691986084,0.5331203937530518,-0.09193188697099686,0.4141150712966919,3.118072986602783,0.018232030794024467
1376,26.316649436950684,0.7288123369216919,-0.017029214650392532,0.3481900691986084,0.5379030704498291,-0.10826428979635239,0.44171249866485596,3.113598346710205,0.016515709459781647
1377,26.34283971786499,0.7288123369216919,-0.017029214650392532,0.3481900691986084,0.5461416244506836,-0.1262129694223404,0.4680632948875427,3.107412815093994,0.015756405889987946
1378,26.353429079055786,0.7288123369216919,-0.017029214650392532,0.3481900691986084,0.5603787899017334,-0.14534080028533936,0.499303936958313,3.1003541946411133,0.015937820076942444
1379,26.38016176223755,0.7288123369216919,-0.017029214650392532,0.3481900691986084,0.5802943706512451,-0.1669033169746399,0.5585333704948425,3.093332290649414,0.01743856631219387
1380,26.38992214202881,0.7288123369216919,-0.017029214650392532,0.3481900691986084,0.6041396856307983,-0.19424784183502197,0.6100949048995972,3.0893070697784424,0.021383272483944893
1381,26.417229890823364,0.7288123369216919,-0.017029214650392532,0.3481900691986084,0.6287898421287537,-0.22541038691997528,0.6100503206253052,3.0928525924682617,0.028884533792734146
1382,26.428117036819458,0.7288123369216919,-0.017029214650392532,0.3481900691986084,0.6490746736526489,-0.24858535826206207,0.4826107919216156,3.1072113513946533,0.04266803711652756
1383,26.456923723220825,0.7288123369216919,-0.017029214650392532,0.3481900691986084,0.6687735319137573,-0.23814964294433594,0.21465863287448883,3.1225545406341553,0.05258191376924515
1384,26.4663143157959,0.7288123369216919,-0.017029214650392532,0.3481900691986084,0.6475919485092163,-0.17849229276180267,0.35291561484336853,3.1239736080169678,0.05474880710244179
1385,26.49261736869812,0.7288123369216919,-0.017029214650392532,0.3481900691986084,0.6200674772262573,-0.1304968148469925,0.4313634932041168,3.111839532852173,0.051196932792663574
1386,26.50273323059082,0.7288123369216919,-0.017029214650392532,0.3481900691986084,0.6067264676094055,-0.09756872802972794,0.449344277381897,3.09659743309021,0.045433420687913895
1387,26.529256343841553,0.7288123369216919,-0.017029214650392532,0.3481900691986084,0.6086493134498596,-0.07209361344575882,0.47335246205329895,3.082932949066162,0.03942790627479553
1388,26.53912377357483,0.7288123369216919,-0.017029214650392532,0.3481900691986084,0.6197471618652344,-0.05154932290315628,0.5048725605010986,3.072219133377075,0.03361360728740692
1389,26.566267728805542,0.7288123369216919,-0.017029214650392532,0.3481900691986084,0.6350367665290833,-0.03463437035679817,0.5560115575790405,3.065319776535034,0.02853030525147915
1390,26.576247215270996,0.7288123369216919,-0.017029214650392532,0.3481900691986084,0.6542522311210632,-0.02019476890563965,0.6079556941986084,3.0633907318115234,0.02401592582464218
1391,26.60385227203369,0.7288123369216919,-0.017029214650392532,0.3481900691986084,0.675994873046875,-0.003552948124706745,0.6205120086669922,3.0669658184051514,0.01911044865846634
1392,26.613741636276245,0.7288123369216919,-0.017029214650392532,0.3481900691986084,0.6978031992912292,0.02049378678202629,0.5849474668502808,3.0748679637908936,0.013183637522161007
1393,26.640064001083374,0.7288123369216919,-0.017029214650392532,0.3481900691986084,0.7191597819328308,0.050792235881090164,0.5561968684196472,3.083930253982544,0.006079726852476597
1394,26.649298906326294,0.7288123369216919,-0.017029214650392532,0.3481900691986084,0.7401562333106995,0.07563378661870956,0.5842651724815369,3.0913939476013184,-0.0014949316391721368
1395,26.675758600234985,0.7288123369216919,-0.017029214650392532,0.3481900691986084,0.7614027857780457,0.09051573276519775,0.624580979347229,3.096654176712036,-0.007127587217837572
1396,26.68518590927124,0.7288123369216919,-0.017029214650392532,0.3481900691986084,0.7839988470077515,0.10441778600215912,0.6619210839271545,3.0974414348602295,-0.007257263641804457
1397,26.711994409561157,0.7288123369216919,-0.017029214650392532,0.3481900691986084,0.8024470806121826,0.12442471086978912,0.7398543357849121,3.088341236114502,0.0027800179086625576
1398,26.722259044647217,0.7288123369216919,-0.017029214650392532,0.3481900691986084,0.7843275666236877,0.14059406518936157,0.6738743185997009,3.067896842956543,0.019054587930440903
1399,26.748916387557983,0.7288123369216919,-0.017029214650392532,0.3481900691986084,0.7384238839149475,0.09187887609004974,0.6728601455688477,3.061251401901245,0.017168836668133736
1400,26.75881290435791,0.7288123369216919,-0.017029214650392532,0.3481900691986084,0.6836461424827576,0.04618847370147705,0.49447792768478394,3.068554639816284,0.014381770975887775
1401,26.784685134887695,0.7288123369216919,-0.017029214650392532,0.3481900691986084,0.6464465856552124,0.01856655813753605,0.3862353265285492,3.0806190967559814,0.011635537259280682
1402,26.79416584968567,0.7288123369216919,-0.017029214650392532,0.3481900691986084,0.6289647221565247,0.0027823802083730698,0.34040507674217224,3.0904653072357178,0.007093862164765596
1403,26.82005739212036,0.7288123369216919,-0.017029214650392532,0.3481900691986084,0.6169774532318115,-0.00630772951990366,0.3485320210456848,3.095329761505127,0.00148215820081532
1404,26.829723358154297,0.7288123369216919,-0.017029214650392532,0.3481900691986084,0.605871856212616,-0.014574342407286167,0.404754102230072,3.0950253009796143,-0.0027873225044459105
1405,26.855748891830444,0.7288123369216919,-0.017029214650392532,0.3481900691986084,0.5962369441986084,-0.026750247925519943,0.44948136806488037,3.091796636581421,-0.00524506438523531
1406,26.865813493728638,0.7288123369216919,-0.017029214650392532,0.3481900691986084,0.5903609395027161,-0.044922612607479095,0.46689608693122864,3.088092088699341,-0.007474419195204973
1407,26.892165899276733,0.7288123369216919,-0.017029214650392532,0.3481900691986084,0.5875394344329834,-0.0670737624168396,0.48343026638031006,3.0844309329986572,-0.010478518903255463
1408,26.90338110923767,0.7288123369216919,-0.017029214650392532,0.3481900691986084,0.5867941975593567,-0.09010105580091476,0.49750837683677673,3.080115795135498,-0.01345287449657917
1409,26.929566383361816,0.7288123369216919,-0.017029214650392532,0.3481900691986084,0.5883814692497253,-0.11246374994516373,0.529181718826294,3.0743603706359863,-0.01470200065523386
1410,26.9397714138031,0.7288123369216919,-0.017029214650392532,0.3481900691986084,0.5944915413856506,-0.13399986922740936,0.5817776322364807,3.0664315223693848,-0.013261369429528713
1411,26.96984577178955,0.7288123369216919,-0.017029214650392532,0.3481900691986084,0.6047171354293823,-0.15927912294864655,0.6573877334594727,3.0576157569885254,-0.008234018459916115
1412,26.98266053199768,0.7288123369216919,-0.017029214650392532,0.3481900691986084,0.618502140045166,-0.19091442227363586,0.7134072184562683,3.0526316165924072,0.0008845998090691864
1413,27.00910186767578,0.7288123369216919,-0.017029214650392532,0.3481900691986084,0.6574364900588989,-0.20971901714801788,0.37190261483192444,3.0525963306427,0.007202727720141411
1414,27.01938772201538,0.7288123369216919,-0.017029214650392532,0.3481900691986084,0.6754260659217834,-0.2349231094121933,0.23688682913780212,3.0583019256591797,0.004694831557571888
1415,27.04610323905945,0.7288123369216919,-0.017029214650392532,0.3481900691986084,0.6842386722564697,-0.24095410108566284,0.24602557718753815,3.0732784271240234,0.006150536239147186
1416,27.056051015853882,0.7288123369216919,-0.017029214650392532,0.3481900691986084,0.684448778629303,-0.2125220149755478,0.23286834359169006,3.0871527194976807,0.011942721903324127
1417,27.083763599395752,0.7288123369216919,-0.017029214650392532,0.3481900691986084,0.6651373505592346,-0.14772765338420868,0.3938717246055603,3.0867972373962402,0.01583721861243248
1418,27.094250440597534,0.7288123369216919,-0.017029214650392532,0.3481900691986084,0.6477031707763672,-0.09322968125343323,0.45516249537467957,3.074436902999878,0.014309910126030445
1419,27.12022876739502,0.7288123369216919,-0.017029214650392532,0.3481900691986084,0.6443724036216736,-0.05380309000611305,0.4917260706424713,3.058950185775757,0.010137256234884262
1420,27.13089680671692,0.7288123369216919,-0.017029214650392532,0.3481900691986084,0.6562998294830322,-0.022470349445939064,0.5516364574432373,3.044889450073242,0.0056929877027869225
1421,27.157495975494385,0.7288123369216919,-0.017029214650392532,0.3481900691986084,0.678972601890564,0.0022926307283341885,0.6313542723655701,3.034702777862549,0.0010008271783590317
1422,27.16986656188965,0.7288123369216919,-0.017029214650392532,0.3481900691986084,0.7063292860984802,0.021478772163391113,0.7142844200134277,3.030999183654785,-0.004186571110039949
1423,27.19979476928711,0.7288123369216919,-0.017029214650392532,0.3481900691986084,0.7334985733032227,0.038861412554979324,0.7432329654693604,3.0356831550598145,-0.01019628532230854
1424,27.211097955703735,0.7288123369216919,-0.017029214650392532,0.3481900691986084,0.7534012198448181,0.06174355000257492,0.7286869287490845,3.0476760864257812,-0.01677626185119152
1425,27.247456073760986,0.7288123369216919,-0.017029214650392532,0.3481900691986084,0.7685242295265198,0.08811084926128387,0.7510117888450623,3.062342882156372,-0.022911982610821724
1426,27.26355266571045,0.7288123369216919,-0.017029214650392532,0.3481900691986084,0.7868732810020447,0.10481448471546173,0.8013626933097839,3.0749878883361816,-0.02800264023244381
1427,27.293671369552612,0.7288123369216919,-0.017029214650392532,0.3481900691986084,0.8074595332145691,0.11245371401309967,0.8178481459617615,3.083777904510498,-0.03064718097448349
1428,27.303462982177734,0.7288123369216919,-0.017029214650392532,0.3481900691986084,0.8265125155448914,0.12490034103393555,0.8128368854522705,3.0868890285491943,-0.027179520577192307
1429,27.329623699188232,0.7288123369216919,-0.017029214650392532,0.3481900691986084,0.8171307444572449,0.1340034157037735,0.6447374224662781,3.0836730003356934,-0.019321054220199585
1430,27.340017318725586,0.7288123369216919,-0.017029214650392532,0.3481900691986084,0.7856671214103699,0.12423352897167206,0.7255963683128357,3.07456374168396,-0.012934723868966103
1431,27.372041702270508,0.7288123369216919,-0.017029214650392532,0.3481900691986084,0.7308672666549683,0.07853531837463379,0.5546123385429382,3.067172050476074,-0.011127232573926449
1432,27.382142066955566,0.7288123369216919,-0.017029214650392532,0.3481900691986084,0.669114887714386,0.0365527905523777,0.3462158441543579,3.0657882690429688,-0.007710679899901152
1433,27.410030603408813,0.7288123369216919,-0.017029214650392532,0.3481900691986084,0.6294835209846497,0.01303582452237606,0.30950242280960083,3.0700860023498535,-0.008867687545716763
1434,27.41994881629944,0.7288123369216919,-0.017029214650392532,0.3481900691986084,0.6063523888587952,0.0019582253880798817,0.30574002861976624,3.077552556991577,-0.01469968818128109
1435,27.445836305618286,0.7288123369216919,-0.017029214650392532,0.3481900691986084,0.5898150205612183,-0.0036317864432930946,0.2574344873428345,3.085391044616699,-0.022643696516752243
1436,27.455124378204346,0.7288123369216919,-0.017029214650392532,0.3481900691986084,0.575537919998169,-0.0089720468968153,0.23663419485092163,3.0914599895477295,-0.031101476401090622
1437,27.481091260910034,0.7288123369216919,-0.017029214650392532,0.3481900691986084,0.5602627992630005,-0.018208809196949005,0.2530049681663513,3.0955312252044678,-0.03882024064660072
1438,27.490308046340942,0.7288123369216919,-0.017029214650392532,0.3481900691986084,0.5444331169128418,-0.03209442272782326,0.2858884930610657,3.0983645915985107,-0.0447906032204628
1439,27.51660990715027,0.7288123369216919,-0.017029214650392532,0.3481900691986084,0.5306486487388611,-0.04933880269527435,0.3143303096294403,3.1006577014923096,-0.04907746613025665
1440,27.526040077209473,0.7288123369216919,-0.017029214650392532,0.3481900691986084,0.5207789540290833,-0.06866303831338882,0.32655099034309387,3.1022071838378906,-0.05272641405463219
1441,27.551605224609375,0.7288123369216919,-0.017029214650392532,0.3481900691986084,0.514930009841919,-0.0891401544213295,0.33675092458724976,3.1020267009735107,-0.05662218853831291
1442,27.561367750167847,0.7288123369216919,-0.017029214650392532,0.3481900691986084,0.5116451978683472,-0.10945231467485428,0.3541003167629242,3.0995147228240967,-0.06039736419916153
1443,27.59032678604126,0.7288123369216919,-0.017029214650392532,0.3481900691986084,0.5103164911270142,-0.1307673454284668,0.36989840865135193,3.09499454498291,-0.0628359466791153
1444,27.602370500564575,0.7288123369216919,-0.017029214650392532,0.3481900691986084,0.5121140480041504,-0.1539759784936905,0.41456592082977295,3.0891504287719727,-0.06292976438999176
1445,27.62989854812622,0.7288123369216919,-0.017029214650392532,0.3481900691986084,0.5171236991882324,-0.1802464872598648,0.45340555906295776,3.0830914974212646,-0.05996633693575859
1446,27.639811038970947,0.7288123369216919,-0.017029214650392532,0.3481900691986084,0.5338045358657837,-0.20694507658481598,0.2724963128566742,3.0782222747802734,-0.054202884435653687
1447,27.666961431503296,0.7288123369216919,-0.017029214650392532,0.3481900691986084,0.5577231049537659,-0.23203931748867035,0.24530833959579468,3.0766265392303467,-0.05671147629618645
1448,27.676724910736084,0.7288123369216919,-0.017029214650392532,0.3481900691986084,0.5722860097885132,-0.2503238320350647,0.2710859775543213,3.0812947750091553,-0.061326269060373306
1449,27.70702362060547,0.7288123369216919,-0.017029214650392532,0.3481900691986084,0.5734893679618835,-0.26261669397354126,0.2942083775997162,3.094913959503174,-0.056370384991168976
1450,27.718559741973877,0.7288123369216919,-0.017029214650392532,0.3481900691986084,0.5877875685691833,-0.2395828515291214,0.2964459955692291,3.1081809997558594,-0.04586595296859741
1451,27.74453592300415,0.7288123369216919,-0.017029214650392532,0.3481900691986084,0.5883720517158508,-0.18062104284763336,0.36669376492500305,3.108215808868408,-0.03583776205778122
1452,27.754383325576782,0.7288123369216919,-0.017029214650392532,0.3481900691986084,0.5797361731529236,-0.12134188413619995,0.4475877583026886,3.0957250595092773,-0.030025260522961617
1453,27.780545949935913,0.7288123369216919,-0.017029214650392532,0.3481900691986084,0.5904120802879333,-0.08392879366874695,0.46258544921875,3.081676959991455,-0.028209641575813293
1454,27.790055990219116,0.7288123369216919,-0.017029214650392532,0.3481900691986084,0.6181508898735046,-0.05589418113231659,0.4989485442638397,3.071362018585205,-0.028544267639517784
1455,27.815877676010132,0.7288123369216919,-0.017029214650392532,0.3481900691986084,0.6549410820007324,-0.030026808381080627,0.5490787625312805,3.0665788650512695,-0.031207701191306114
1456,27.825647115707397,0.7288123369216919,-0.017029214650392532,0.3481900691986084,0.6936883330345154,-0.0035172761417925358,0.5749301314353943,3.0680196285247803,-0.03630613163113594
1457,27.852219581604004,0.7288123369216919,-0.017029214650392532,0.3481900691986084,0.7276128530502319,0.026932133361697197,0.5844611525535583,3.074936866760254,-0.04278917983174324
1458,27.863997220993042,0.7288123369216919,-0.017029214650392532,0.3481900691986084,0.7523247599601746,0.057377900928258896,0.651655912399292,3.0858354568481445,-0.04850642755627632
1459,27.891530990600586,0.7288123369216919,-0.017029214650392532,0.3481900691986084,0.7743807435035706,0.07914276421070099,0.7782227993011475,3.0986924171447754,-0.05199331417679787
1460,27.901199102401733,0.7288123369216919,-0.017029214650392532,0.3481900691986084,0.7978572249412537,0.08866149932146072,0.8681958317756653,3.1108407974243164,-0.05208805203437805
1461,27.927570581436157,0.7288123369216919,-0.017029214650392532,0.3481900691986084,0.8207952380180359,0.09330971539020538,0.873040497303009,3.1185379028320312,-0.04578950256109238
1462,27.93777585029602,0.7288123369216919,-0.017029214650392532,0.3481900691986084,0.7918197512626648,0.13279345631599426,0.717719554901123,3.116025924682617,-0.028575994074344635
1463,27.96582794189453,0.7288123369216919,-0.017029214650392532,0.3481900691986084,0.8012920618057251,0.11927451193332672,0.5040181279182434,3.1025710105895996,-0.018878336995840073
1464,27.975746154785156,0.7288123369216919,-0.017029214650392532,0.3481900691986084,0.790100634098053,0.10133371502161026,0.6193985342979431,3.0859508514404297,-0.013101624324917793
1465,28.002065658569336,0.7288123369216919,-0.017029214650392532,0.3481900691986084,0.7497742772102356,0.06112220883369446,0.4403783082962036,3.076568365097046,-0.010286174714565277
1466,28.011690139770508,0.7288123369216919,-0.017029214650392532,0.3481900691986084,0.7203899025917053,0.03580326959490776,0.3454912006855011,3.078085422515869,-0.010976758785545826
1467,28.03821039199829,0.7288123369216919,-0.017029214650392532,0.3481900691986084,0.7090122699737549,0.029610518366098404,0.34322524070739746,3.086130142211914,-0.013571655377745628
1468,28.050195455551147,0.7288123369216919,-0.017029214650392532,0.3481900691986084,0.7037860751152039,0.027060598134994507,0.34678104519844055,3.0960912704467773,-0.015576842240989208
1469,28.078245162963867,0.7288123369216919,-0.017029214650392532,0.3481900691986084,0.7039437294006348,0.021564655005931854,0.31836774945259094,3.1048083305358887,-0.017743363976478577
1470,28.089680910110474,0.7288123369216919,-0.017029214650392532,0.3481900691986084,0.7083145380020142,0.012504051439464092,0.29223883152008057,3.1107380390167236,-0.02113381028175354
1471,28.119149208068848,0.7288123369216919,-0.017029214650392532,0.3481900691986084,0.7120108604431152,-0.0016204931307584047,0.30114680528640747,3.114107608795166,-0.02450067177414894
1472,28.130293607711792,0.7288123369216919,-0.017029214650392532,0.3481900691986084,0.71869957447052,-0.02139086276292801,0.33149608969688416,3.115598201751709,-0.027283675968647003
1473,28.15689754486084,0.7288123369216919,-0.017029214650392532,0.3481900691986084,0.7307528257369995,-0.0442872978746891,0.3753420412540436,3.114849805831909,-0.030556006357073784
1474,28.167643547058105,0.7288123369216919,-0.017029214650392532,0.3481900691986084,0.745854914188385,-0.06636197865009308,0.4085801839828491,3.1112959384918213,-0.03442555293440819
1475,28.19541049003601,0.7288123369216919,-0.017029214650392532,0.3481900691986084,0.7620794773101807,-0.08283190429210663,0.42997652292251587,3.1033575534820557,-0.03726663067936897
1476,28.205238103866577,0.7288123369216919,-0.017029214650392532,0.3481900691986084,0.7819985747337341,-0.09461159259080887,0.43835756182670593,3.0903220176696777,-0.037440381944179535
1477,28.231409311294556,0.7288123369216919,-0.017029214650392532,0.3481900691986084,0.8068861961364746,-0.10756302624940872,0.46228569746017456,3.0762109756469727,-0.033439889550209045
1478,28.24092960357666,0.7288123369216919,-0.017029214650392532,0.3481900691986084,0.8357378840446472,-0.12893468141555786,0.473141610622406,3.0694258213043213,-0.024652186781167984
1479,28.2673180103302,0.7288123369216919,-0.017029214650392532,0.3481900691986084,0.8728222250938416,-0.15155290067195892,0.22302977740764618,3.07580304145813,-0.014425475150346756
1480,28.277374744415283,0.7288123369216919,-0.017029214650392532,0.3481900691986084,0.8484954833984375,-0.15315094590187073,-0.008119742386043072,3.0870766639709473,-0.010454815812408924
1481,28.304925680160522,0.7288123369216919,-0.017029214650392532,0.3481900691986084,0.7872238755226135,-0.10903806239366531,0.24835726618766785,3.0941123962402344,0.0005685063661076128
1482,28.31496238708496,0.7288123369216919,-0.017029214650392532,0.3481900691986084,0.7266781330108643,-0.06364184617996216,0.4143233299255371,3.091277599334717,0.014342952519655228
1483,28.34236192703247,0.7288123369216919,-0.017029214650392532,0.3481900691986084,0.6922186017036438,-0.03403940424323082,0.40186387300491333,3.083176612854004,0.023537011817097664
1484,28.35187602043152,0.7288123369216919,-0.017029214650392532,0.3481900691986084,0.6728984713554382,-0.010199766606092453,0.396566778421402,3.0724053382873535,0.027541622519493103
1485,28.37837815284729,0.7288123369216919,-0.017029214650392532,0.3481900691986084,0.6607832908630371,0.011051420122385025,0.4268200397491455,3.061206579208374,0.02764752320945263
1486,28.388121366500854,0.7288123369216919,-0.017029214650392532,0.3481900691986084,0.6540557742118835,0.02905576303601265,0.47409409284591675,3.051865577697754,0.02535080537199974
1487,28.414414167404175,0.7288123369216919,-0.017029214650392532,0.3481900691986084,0.6514902114868164,0.04231128841638565,0.5125146508216858,3.0459165573120117,0.02297605760395527
1488,28.423651933670044,0.7288123369216919,-0.017029214650392532,0.3481900691986084,0.6540462374687195,0.0502903088927269,0.5473805069923401,3.0439293384552,0.022709624841809273
1489,28.44950819015503,0.7288123369216919,-0.017029214650392532,0.3481900691986084,0.6625882387161255,0.05359576642513275,0.5874768495559692,3.0466692447662354,0.024807656183838844
1490,28.45892643928528,0.7288123369216919,-0.017029214650392532,0.3481900691986084,0.6777205467224121,0.0590144544839859,0.61502605676651,3.054776668548584,0.026848867535591125
1491,28.48479461669922,0.7288123369216919,-0.017029214650392532,0.3481900691986084,0.6960193514823914,0.07426168024539948,0.5738767981529236,3.067004919052124,0.026173781603574753
1492,28.495052576065063,0.7288123369216919,-0.017029214650392532,0.3481900691986084,0.7141602635383606,0.10094860941171646,0.4926602244377136,3.07967209815979,0.022142890840768814
1493,28.522088766098022,0.7288123369216919,-0.017029214650392532,0.3481900691986084,0.7307971715927124,0.1288570612668991,0.4649968445301056,3.0885894298553467,0.016280900686979294
1494,28.531864643096924,0.7288123369216919,-0.017029214650392532,0.3481900691986084,0.7463470697402954,0.14666098356246948,0.4905652701854706,3.0926120281219482,0.011558634229004383
1495,28.558595418930054,0.7288123369216919,-0.017029214650392532,0.3481900691986084,0.7629930973052979,0.15770895779132843,0.4937671720981598,3.0922296047210693,0.011419563554227352
1496,28.56812572479248,0.7288123369216919,-0.017029214650392532,0.3481900691986084,0.7779846787452698,0.17310531437397003,0.48198944330215454,3.085259199142456,0.020348750054836273
1497,28.594839811325073,0.7288123369216919,-0.017029214650392532,0.3481900691986084,0.7608317136764526,0.18431542813777924,0.7198743224143982,3.0714550018310547,0.021513788029551506
1498,28.604633569717407,0.7288123369216919,-0.017029214650392532,0.3481900691986084,0.711367666721344,0.1505908966064453,0.6307619214057922,3.06318998336792,0.019315458834171295
1499,28.631881952285767,0.7288123369216919,-0.017029214650392532,0.3481900691986084,0.6572957634925842,0.1111958846449852,0.4381840229034424,3.0612056255340576,0.025073295459151268
1500,28.641716241836548,0.7288123369216919,-0.017029214650392532,0.3481900691986084,0.6170811057090759,0.0795382708311081,0.3726215362548828,3.0671398639678955,0.02876751311123371
1501,28.67694401741028,0.7288123369216919,-0.017029214650392532,0.3481900691986084,0.5933884382247925,0.06009967252612114,0.35718706250190735,3.076801061630249,0.0270133875310421
1502,28.686795473098755,0.7288123369216919,-0.017029214650392532,0.3481900691986084,0.5767848491668701,0.04865589737892151,0.33387941122055054,3.086066484451294,0.02193574234843254
1503,28.71284794807434,0.7288123369216919,-0.017029214650392532,0.3481900691986084,0.5624460577964783,0.037954919040203094,0.3348175287246704,3.09266996383667,0.016367804259061813
1504,28.722533702850342,0.7288123369216919,-0.017029214650392532,0.3481900691986084,0.5494605302810669,0.0245259590446949,0.3504945635795593,3.0966460704803467,0.01194347720593214
1505,28.754992723464966,0.7288123369216919,-0.017029214650392532,0.3481900691986084,0.5380953550338745,0.007831808179616928,0.37594684958457947,3.0990495681762695,0.009281877428293228
1506,28.765178680419922,0.7288123369216919,-0.017029214650392532,0.3481900691986084,0.5302067399024963,-0.011576877906918526,0.398383766412735,3.10086727142334,0.007993283681571484
1507,28.79331398010254,0.7288123369216919,-0.017029214650392532,0.3481900691986084,0.5268316268920898,-0.03312790021300316,0.40840598940849304,3.102102756500244,0.006935711484402418
1508,28.80312418937683,0.7288123369216919,-0.017029214650392532,0.3481900691986084,0.5269518494606018,-0.055172115564346313,0.41556790471076965,3.101970672607422,0.005599407013505697
1509,28.82884693145752,0.7288123369216919,-0.017029214650392532,0.3481900691986084,0.5295169949531555,-0.07714907079935074,0.43033427000045776,3.0999176502227783,0.0047853561118245125
1510,28.838502645492554,0.7288123369216919,-0.017029214650392532,0.3481900691986084,0.5354925990104675,-0.1000906229019165,0.4596419036388397,3.096104860305786,0.005543731153011322
1511,28.864564418792725,0.7288123369216919,-0.017029214650392532,0.3481900691986084,0.5471301078796387,-0.12413101643323898,0.4945703148841858,3.09131121635437,0.007912874221801758
1512,28.8742036819458,0.7288123369216919,-0.017029214650392532,0.3481900691986084,0.5638073682785034,-0.15121600031852722,0.5420281887054443,3.0867252349853516,0.01202079001814127
1513,28.9003689289093,0.7288123369216919,-0.017029214650392532,0.3481900691986084,0.5847885012626648,-0.18250608444213867,0.5844545364379883,3.0846941471099854,0.018642395734786987
1514,28.910013437271118,0.7288123369216919,-0.017029214650392532,0.3481900691986084,0.6084892153739929,-0.21635869145393372,0.6012418866157532,3.088775634765625,0.028527984395623207
1515,28.93642783164978,0.7288123369216919,-0.017029214650392532,0.3481900691986084,0.6240651607513428,-0.24835734069347382,0.5653018355369568,3.102083683013916,0.043895311653614044
1516,28.952494144439697,0.7288123369216919,-0.017029214650392532,0.3481900691986084,0.6488959193229675,-0.2397998869419098,0.10238642990589142,3.1182212829589844,0.05541915446519852
1517,28.98198103904724,0.7288123369216919,-0.017029214650392532,0.3481900691986084,0.6282236576080322,-0.17748883366584778,0.23797564208507538,3.120680809020996,0.05543201044201851
1518,28.992159605026245,0.7288123369216919,-0.017029214650392532,0.3481900691986084,0.6017932891845703,-0.1265384554862976,0.35879871249198914,3.1114985942840576,0.04948332533240318
1519,29.02086615562439,0.7288123369216919,-0.017029214650392532,0.3481900691986084,0.5862060189247131,-0.0913839042186737,0.4018130600452423,3.100788116455078,0.041705455631017685
1520,29.032315969467163,0.7288123369216919,-0.017029214650392532,0.3481900691986084,0.584181010723114,-0.0649009421467781,0.42194417119026184,3.09233021736145,0.03466590493917465
1521,29.059623956680298,0.7288123369216919,-0.017029214650392532,0.3481900691986084,0.590370774269104,-0.042190972715616226,0.4401729702949524,3.086481809616089,0.02876712754368782
1522,29.06929588317871,0.7288123369216919,-0.017029214650392532,0.3481900691986084,0.5999182462692261,-0.020781466737389565,0.4704057276248932,3.0833542346954346,0.02387354150414467
1523,29.0961332321167,0.7288123369216919,-0.017029214650392532,0.3481900691986084,0.6127750873565674,0.0007310037035495043,0.4931414723396301,3.0836775302886963,0.019278205931186676
1524,29.106969594955444,0.7288123369216919,-0.017029214650392532,0.3481900691986084,0.6281519532203674,0.02620493434369564,0.4925960898399353,3.0875258445739746,0.013917287811636925
1525,29.132890224456787,0.7288123369216919,-0.017029214650392532,0.3481900691986084,0.6443262100219727,0.05745599418878555,0.4798440635204315,3.093268871307373,0.007332611829042435
1526,29.144118785858154,0.7288123369216919,-0.017029214650392532,0.3481900691986084,0.6609536409378052,0.08934338390827179,0.4903404116630554,3.098482847213745,3.6819833439949434e-06
1527,29.169147729873657,0.7288123369216919,-0.017029214650392532,0.3481900691986084,0.6782476902008057,0.11500528454780579,0.5259180068969727,3.102268934249878,-0.006639900151640177
1528,29.180150747299194,0.7288123369216919,-0.017029214650392532,0.3481900691986084,0.6977619528770447,0.13577628135681152,0.5504059195518494,3.104729175567627,-0.010779652744531631
1529,29.209453105926514,0.7288123369216919,-0.017029214650392532,0.3481900691986084,0.7205330729484558,0.16008412837982178,0.5484453439712524,3.10398530960083,-0.010452372953295708
1530,29.220407724380493,0.7288123369216919,-0.017029214650392532,0.3481900691986084,0.6992634534835815,0.21289721131324768,0.42295897006988525,3.094827651977539,-0.0025388277135789394
1531,29.25037670135498,0.7288123369216919,-0.017029214650392532,0.3481900691986084,0.6974483728408813,0.17436306178569794,0.48555654287338257,3.0787088871002197,0.002232791855931282
1532,29.263907432556152,0.7288123369216919,-0.017029214650392532,0.3481900691986084,0.6670610904693604,0.12627887725830078,0.5472493767738342,3.067858934402466,0.009825408458709717
1533,29.29133439064026,0.7288123369216919,-0.017029214650392532,0.3481900691986084,0.6448491811752319,0.08062680065631866,0.3923830986022949,3.0700340270996094,0.01232902891933918
1534,29.301494121551514,0.7288123369216919,-0.017029214650392532,0.3481900691986084,0.6296148300170898,0.05380241572856903,0.3265620768070221,3.0802953243255615,0.006268697325140238
1535,29.32731556892395,0.7288123369216919,-0.017029214650392532,0.3481900691986084,0.6172540783882141,0.038896504789590836,0.3020203113555908,3.092071294784546,-0.0027789187151938677
1536,29.337289333343506,0.7288123369216919,-0.017029214650392532,0.3481900691986084,0.6085513830184937,0.024818267673254013,0.28763240575790405,3.1017391681671143,-0.010676957666873932
1537,29.363842964172363,0.7288123369216919,-0.017029214650392532,0.3481900691986084,0.6055794954299927,0.007939326576888561,0.2664816379547119,3.1082661151885986,-0.017410103231668472
1538,29.373884439468384,0.7288123369216919,-0.017029214650392532,0.3481900691986084,0.6052559018135071,-0.012268152087926865,0.27301347255706787,3.1120946407318115,-0.0233518797904253
1539,29.400310516357422,0.7288123369216919,-0.017029214650392532,0.3481900691986084,0.6076502799987793,-0.03615735471248627,0.3006722927093506,3.1139719486236572,-0.02856675162911415
1540,29.410374402999878,0.7288123369216919,-0.017029214650392532,0.3481900691986084,0.6140820980072021,-0.0627429261803627,0.31711462140083313,3.1139206886291504,-0.033847250044345856
1541,29.436564922332764,0.7288123369216919,-0.017029214650392532,0.3481900691986084,0.6235029697418213,-0.09013568609952927,0.3279232680797577,3.111492872238159,-0.03937763720750809
1542,29.44620943069458,0.7288123369216919,-0.017029214650392532,0.3481900691986084,0.6357051730155945,-0.11584202945232391,0.33941078186035156,3.1059927940368652,-0.04425288736820221
1543,29.472830772399902,0.7288123369216919,-0.017029214650392532,0.3481900691986084,0.6508830785751343,-0.13856442272663116,0.34966498613357544,3.0968053340911865,-0.04722711071372032
1544,29.482558250427246,0.7288123369216919,-0.017029214650392532,0.3481900691986084,0.6687535643577576,-0.16022136807441711,0.38777458667755127,3.085742473602295,-0.04656541347503662
1545,29.50876021385193,0.7288123369216919,-0.017029214650392532,0.3481900691986084,0.689810037612915,-0.18499939143657684,0.4331415891647339,3.077927589416504,-0.041357800364494324
1546,29.519363164901733,0.7288123369216919,-0.017029214650392532,0.3481900691986084,0.712324857711792,-0.21221891045570374,0.3108876943588257,3.0781209468841553,-0.032464005053043365
1547,29.545761346817017,0.7288123369216919,-0.017029214650392532,0.3481900691986084,0.7333196401596069,-0.2414359748363495,0.250011146068573,3.0836117267608643,-0.02345666103065014
1548,29.555416107177734,0.7288123369216919,-0.017029214650392532,0.3481900691986084,0.7284258008003235,-0.2523512542247772,0.16606871783733368,3.09602689743042,-0.015540027990937233
1549,29.581197261810303,0.7288123369216919,-0.017029214650392532,0.3481900691986084,0.7014586329460144,-0.21860167384147644,0.23349037766456604,3.106462001800537,-0.006951486691832542
1550,29.590808153152466,0.7288123369216919,-0.017029214650392532,0.3481900691986084,0.6581298112869263,-0.16655565798282623,0.4061480462551117,3.1046462059020996,-0.0009136219741776586
1551,29.61659860610962,0.7288123369216919,-0.017029214650392532,0.3481900691986084,0.6270283460617065,-0.13290101289749146,0.4201658368110657,3.0953619480133057,0.0013104942627251148
1552,29.62636947631836,0.7288123369216919,-0.017029214650392532,0.3481900691986084,0.6089808940887451,-0.10793095827102661,0.42626598477363586,3.0840060710906982,0.001347706071101129
1553,29.65381956100464,0.7288123369216919,-0.017029214650392532,0.3481900691986084,0.5998092293739319,-0.08676240593194962,0.4532155394554138,3.07344651222229,9.311359463026747e-06
1554,29.66391658782959,0.7288123369216919,-0.017029214650392532,0.3481900691986084,0.5955754518508911,-0.06785067170858383,0.48916271328926086,3.0651867389678955,-0.002081747865304351
1555,29.690127849578857,0.7288123369216919,-0.017029214650392532,0.3481900691986084,0.5954983830451965,-0.052001964300870895,0.5232171416282654,3.0598089694976807,-0.0035544829443097115
1556,29.700077056884766,0.7288123369216919,-0.017029214650392532,0.3481900691986084,0.6006401181221008,-0.03988553583621979,0.5596282482147217,3.05721378326416,-0.0030936433468014
1557,29.72657012939453,0.7288123369216919,-0.017029214650392532,0.3481900691986084,0.612143337726593,-0.031811993569135666,0.6149585247039795,3.057713747024536,-0.0007356666610576212
1558,29.738389253616333,0.7288123369216919,-0.017029214650392532,0.3481900691986084,0.6309632658958435,-0.023608742281794548,0.6729245781898499,3.0618162155151367,0.0015324283158406615
1559,29.76412796974182,0.7288123369216919,-0.017029214650392532,0.3481900691986084,0.6547503471374512,-0.00943741574883461,0.6752298474311829,3.0687923431396484,0.0015774781350046396
1560,29.77370548248291,0.7288123369216919,-0.017029214650392532,0.3481900691986084,0.6788931488990784,0.011179394088685513,0.5927165746688843,3.0776617527008057,-0.0005980338319204748
1561,29.79931092262268,0.7288123369216919,-0.017029214650392532,0.3481900691986084,0.702967643737793,0.03666696697473526,0.5005598664283752,3.0872178077697754,-0.004025559406727552
1562,29.80918312072754,0.7288123369216919,-0.017029214650392532,0.3481900691986084,0.7276239395141602,0.061367154121398926,0.46412014961242676,3.096111536026001,-0.007763571105897427
1563,29.83522915840149,0.7288123369216919,-0.017029214650392532,0.3481900691986084,0.7559660077095032,0.07672230899333954,0.5088498592376709,3.101101875305176,-0.009780151769518852
1564,29.844956874847412,0.7288123369216919,-0.017029214650392532,0.3481900691986084,0.785706639289856,0.09019458293914795,0.5716952681541443,3.0948684215545654,-0.005004159174859524
1565,29.872110843658447,0.7288123369216919,-0.017029214650392532,0.3481900691986084,0.8085559606552124,0.10332665592432022,0.6251856088638306,3.0732827186584473,0.01132969930768013
1566,29.881661653518677,0.7288123369216919,-0.017029214650392532,0.3481900691986084,0.7855291962623596,0.10159364342689514,0.6157680749893188,3.0460755825042725,0.025149011984467506
1567,29.90757727622986,0.7288123369216919,-0.017029214650392532,0.3481900691986084,0.739883303642273,0.05835416167974472,0.5342528820037842,3.0458693504333496,0.019796449691057205
1568,29.917203903198242,0.7288123369216919,-0.017029214650392532,0.3481900691986084,0.695388913154602,0.02951553277671337,0.5021486282348633,3.0627870559692383,0.014625309966504574
1569,29.94297456741333,0.7288123369216919,-0.017029214650392532,0.3481900691986084,0.671983540058136,0.015278203412890434,0.43941256403923035,3.082777976989746,0.01331713330000639
1570,29.952863454818726,0.7288123369216919,-0.017029214650392532,0.3481900691986084,0.6691958904266357,0.007334230002015829,0.33193251490592957,3.0982635021209717,0.011529595591127872
1571,29.980178356170654,0.7288123369216919,-0.017029214650392532,0.3481900691986084,0.6735277771949768,0.0020021593663841486,0.2530975341796875,3.10764741897583,0.006890877615660429
1572,29.990214347839355,0.7288123369216919,-0.017029214650392532,0.3481900691986084,0.6728807091712952,-0.004184092860668898,0.3012174069881439,3.112337112426758,0.002671235240995884
1573,30.01776933670044,0.7288123369216919,-0.017029214650392532,0.3481900691986084,0.674079418182373,-0.014999499544501305,0.3558499217033386,3.114095449447632,0.00043517249287106097
1574,30.027241706848145,0.7288123369216919,-0.017029214650392532,0.3481900691986084,0.679695188999176,-0.031591616570949554,0.3777690827846527,3.1134824752807617,-0.001614890992641449
1575,30.054624319076538,0.7288123369216919,-0.017029214650392532,0.3481900691986084,0.6894062757492065,-0.05120844393968582,0.41855180263519287,3.1102638244628906,-0.004295934457331896
1576,30.064089059829712,0.7288123369216919,-0.017029214650392532,0.3481900691986084,0.7003471255302429,-0.0712067186832428,0.47407957911491394,3.104731321334839,-0.006506126374006271
1577,30.09041428565979,0.7288123369216919,-0.017029214650392532,0.3481900691986084,0.7161161303520203,-0.08882596343755722,0.5187298059463501,3.0967013835906982,-0.007745072245597839
1578,30.100045680999756,0.7288123369216919,-0.017029214650392532,0.3481900691986084,0.7378170490264893,-0.10200443863868713,0.555553674697876,3.0854053497314453,-0.008070667274296284
1579,30.127365589141846,0.7288123369216919,-0.017029214650392532,0.3481900691986084,0.7647442817687988,-0.11863967776298523,0.5994534492492676,3.074812412261963,-0.005730924196541309
1580,30.137340784072876,0.7288123369216919,-0.017029214650392532,0.3481900691986084,0.7956954836845398,-0.14567236602306366,0.5906122922897339,3.0744240283966064,0.0009381824056617916
1581,30.163175106048584,0.7288123369216919,-0.017029214650392532,0.3481900691986084,0.827531099319458,-0.16904479265213013,0.3464573919773102,3.0909152030944824,0.01351375225931406
1582,30.17467975616455,0.7288123369216919,-0.017029214650392532,0.3481900691986084,0.7989037036895752,-0.14630846679210663,0.18983282148838043,3.105142116546631,0.02259000577032566
1583,30.200195789337158,0.7288123369216919,-0.017029214650392532,0.3481900691986084,0.7410462498664856,-0.0902852937579155,0.41640931367874146,3.101140260696411,0.030602693557739258
1584,30.212716817855835,0.7288123369216919,-0.017029214650392532,0.3481900691986084,0.6982998251914978,-0.05477183684706688,0.4499284625053406,3.0854997634887695,0.03641987219452858
1585,30.239457607269287,0.7288123369216919,-0.017029214650392532,0.3481900691986084,0.6744349598884583,-0.029195431619882584,0.45443418622016907,3.068148612976074,0.039387334138154984
1586,30.249253034591675,0.7288123369216919,-0.017029214650392532,0.3481900691986084,0.6643977165222168,-0.007616928778588772,0.474637895822525,3.052551507949829,0.038849614560604095
1587,30.27603793144226,0.7288123369216919,-0.017029214650392532,0.3481900691986084,0.6623639464378357,0.01039628405123949,0.5121883153915405,3.040067672729492,0.035044968128204346
1588,30.28556203842163,0.7288123369216919,-0.017029214650392532,0.3481900691986084,0.6635564565658569,0.02295982651412487,0.5507588386535645,3.0318636894226074,0.03043321520090103
1589,30.31324601173401,0.7288123369216919,-0.017029214650392532,0.3481900691986084,0.668630838394165,0.02960752695798874,0.5897307395935059,3.0285420417785645,0.027657393366098404
1590,30.32487726211548,0.7288123369216919,-0.017029214650392532,0.3481900691986084,0.6782929301261902,0.032264888286590576,0.6341913342475891,3.030578374862671,0.027019374072551727
1591,30.35181474685669,0.7288123369216919,-0.017029214650392532,0.3481900691986084,0.6925345659255981,0.038540784269571304,0.6577035784721375,3.037989854812622,0.026286758482456207
1592,30.36162042617798,0.7288123369216919,-0.017029214650392532,0.3481900691986084,0.7097247838973999,0.0550992377102375,0.6109631061553955,3.0491292476654053,0.02320675365626812
1593,30.388939380645752,0.7288123369216919,-0.017029214650392532,0.3481900691986084,0.7279273271560669,0.08257796615362167,0.519890546798706,3.0608322620391846,0.017206551507115364
1594,30.398707151412964,0.7288123369216919,-0.017029214650392532,0.3481900691986084,0.7462488412857056,0.11209128051996231,0.473335325717926,3.069901704788208,0.009177333675324917
1595,30.42454767227173,0.7288123369216919,-0.017029214650392532,0.3481900691986084,0.7638071775436401,0.13338683545589447,0.48322930932044983,3.075265645980835,0.0017638897988945246
1596,30.434020280838013,0.7288123369216919,-0.017029214650392532,0.3481900691986084,0.7840645909309387,0.14804327487945557,0.49315524101257324,3.075971841812134,-0.0014851574087515473
1597,30.459993839263916,0.7288123369216919,-0.017029214650392532,0.3481900691986084,0.802564799785614,0.16837087273597717,0.5134505033493042,3.067474365234375,0.004853083286434412
1598,30.469839811325073,0.7288123369216919,-0.017029214650392532,0.3481900691986084,0.782842755317688,0.18470416963100433,0.7106481790542603,3.0493197441101074,0.006491128355264664
1599,30.500305891036987,0.7288123369216919,-0.017029214650392532,0.3481900691986084,0.733654260635376,0.1558147519826889,0.5683211088180542,3.039071798324585,0.0038763557095080614
1600,30.51522183418274,0.7288123369216919,-0.017029214650392532,0.3481900691986084,0.6750951409339905,0.11681689321994781,0.4375693202018738,3.041440486907959,0.00691383657976985
1601,30.54168438911438,0.7288123369216919,-0.017029214650392532,0.3481900691986084,0.6369915008544922,0.08992858976125717,0.4162923991680145,3.054558038711548,0.008276586420834064
1602,30.551808834075928,0.7288123369216919,-0.017029214650392532,0.3481900691986084,0.6147676110267639,0.07634149491786957,0.38910365104675293,3.071625232696533,0.007782640866935253
1603,30.577917098999023,0.7288123369216919,-0.017029214650392532,0.3481900691986084,0.6038737893104553,0.07125698775053024,0.35017630457878113,3.085813522338867,0.005840778350830078
1604,30.58846926689148,0.7288123369216919,-0.017029214650392532,0.3481900691986084,0.5972462892532349,0.06835293769836426,0.34436073899269104,3.0945351123809814,0.00323837180621922
1605,30.61483335494995,0.7288123369216919,-0.017029214650392532,0.3481900691986084,0.5904538035392761,0.06353112310171127,0.3759576380252838,3.099189281463623,0.0017581585561856627
1606,30.625239849090576,0.7288123369216919,-0.017029214650392532,0.3481900691986084,0.5853016972541809,0.05489892512559891,0.4069485068321228,3.1023356914520264,0.0023084557615220547
1607,30.652926683425903,0.7288123369216919,-0.017029214650392532,0.3481900691986084,0.5846723914146423,0.04260021448135376,0.4158207178115845,3.105311870574951,0.0040959822945296764
1608,30.663684368133545,0.7288123369216919,-0.017029214650392532,0.3481900691986084,0.5891852378845215,0.028178386390209198,0.4136066138744354,3.1077113151550293,0.00598919065669179
1609,30.691974401474,0.7288123369216919,-0.017029214650392532,0.3481900691986084,0.5983211994171143,0.013164093717932701,0.42100873589515686,3.1082944869995117,0.007779640145599842
1610,30.7022807598114,0.7288123369216919,-0.017029214650392532,0.3481900691986084,0.6125234961509705,-0.0035788242239505053,0.43909168243408203,3.106663942337036,0.009725619107484818
1611,30.72866201400757,0.7288123369216919,-0.017029214650392532,0.3481900691986084,0.6327803730964661,-0.021853795275092125,0.4658546447753906,3.1036875247955322,0.011937158182263374
1612,30.73920512199402,0.7288123369216919,-0.017029214650392532,0.3481900691986084,0.6610330939292908,-0.03849949687719345,0.5169827342033386,3.0991506576538086,0.01395029854029417
1613,30.766706943511963,0.7288123369216919,-0.017029214650392532,0.3481900691986084,0.6984352469444275,-0.05567408353090286,0.5714586973190308,3.0936999320983887,0.015238489024341106
1614,30.776990175247192,0.7288123369216919,-0.017029214650392532,0.3481900691986084,0.7396265268325806,-0.07644914090633392,0.5901867747306824,3.092111349105835,0.01670476607978344
1615,30.802821159362793,0.7288123369216919,-0.017029214650392532,0.3481900691986084,0.7745357155799866,-0.09759346395730972,0.538541316986084,3.1008951663970947,0.020430466160178185
1616,30.817820072174072,0.7288123369216919,-0.017029214650392532,0.3481900691986084,0.7772318124771118,-0.11061040312051773,0.46455174684524536,3.1240153312683105,0.031670134514570236
1617,30.854613542556763,0.7288123369216919,-0.017029214650392532,0.3481900691986084,0.7546652555465698,-0.09194014221429825,0.667485237121582,-3.134232521057129,0.05232010409235954
1618,30.865792989730835,0.7288123369216919,-0.017029214650392532,0.3481900691986084,0.7265898585319519,-0.05650046840310097,0.6107653975486755,-3.1317567825317383,0.05774939805269241
1619,30.892043352127075,0.7288123369216919,-0.017029214650392532,0.3481900691986084,0.6925185918807983,-0.03339517116546631,0.5667945146560669,3.1364176273345947,0.051943421363830566
1620,30.902394771575928,0.7288123369216919,-0.017029214650392532,0.3481900691986084,0.6648357510566711,-0.019387897104024887,0.5702937841415405,3.1157193183898926,0.045765746384859085
1621,30.935299396514893,0.7288123369216919,-0.017029214650392532,0.3481900691986084,0.6504654288291931,-0.012193005532026291,0.5745862722396851,3.0966098308563232,0.041320495307445526
1622,30.95091414451599,0.7288123369216919,-0.017029214650392532,0.3481900691986084,0.6440647840499878,-0.011641434393823147,0.5805741548538208,3.082226276397705,0.038390204310417175
1623,30.977123260498047,0.7288123369216919,-0.017029214650392532,0.3481900691986084,0.6426733136177063,-0.016844023019075394,0.5981578230857849,3.073573589324951,0.037357814610004425
1624,30.987204551696777,0.7288123369216919,-0.017029214650392532,0.3481900691986084,0.6437358856201172,-0.025312958285212517,0.6262422800064087,3.0707054138183594,0.038280654698610306
1625,31.013410806655884,0.7288123369216919,-0.017029214650392532,0.3481900691986084,0.6464908123016357,-0.03177822008728981,0.6526696681976318,3.0733892917633057,0.0399448461830616
1626,31.02372908592224,0.7288123369216919,-0.017029214650392532,0.3481900691986084,0.6527196764945984,-0.02972923219203949,0.6523587703704834,3.079698085784912,0.040372997522354126
1627,31.05037212371826,0.7288123369216919,-0.017029214650392532,0.3481900691986084,0.6642122864723206,-0.019442688673734665,0.6230185031890869,3.0867209434509277,0.03834717348217964
1628,31.060430765151978,0.6949047446250916,0.15946505963802338,-0.36205893754959106,0.6806228160858154,-0.005239630583673716,0.5608446002006531,3.09334659576416,0.03410304710268974
1629,31.08822274208069,0.6949047446250916,0.15946505963802338,-0.36205893754959106,0.6938214898109436,0.015597300603985786,0.37375253438949585,3.1041088104248047,0.03061460703611374
1630,31.100189685821533,0.6949047446250916,0.15946505963802338,-0.36205893754959106,0.7162107825279236,0.034040823578834534,0.24511301517486572,3.118225574493408,0.027842137962579727
1631,31.128333568572998,0.6949047446250916,0.15946505963802338,-0.36205893754959106,0.7455204725265503,0.04215198755264282,0.2628290057182312,3.130763053894043,0.023765552788972855
1632,31.140105485916138,0.6949047446250916,0.15946505963802338,-0.36205893754959106,0.7749593257904053,0.04287486523389816,0.30768296122550964,3.134054660797119,0.0226630587130785
1633,31.166020393371582,0.6949047446250916,0.15946505963802338,-0.36205893754959106,0.7812126874923706,0.035714805126190186,0.2871290445327759,3.1245157718658447,0.03294844552874565
1634,31.177348613739014,0.6949047446250916,0.15946505963802338,-0.36205893754959106,0.7008203864097595,0.05320405215024948,-0.4016834795475006,3.1148645877838135,0.05837187170982361
1635,31.20398712158203,0.6949047446250916,0.15946505963802338,-0.36205893754959106,0.6887331008911133,0.038134653121232986,-0.47693395614624023,3.113654851913452,0.06693488359451294
1636,31.214346647262573,0.6949047446250916,0.15946505963802338,-0.36205893754959106,0.6581355333328247,0.030321240425109863,-0.5085980892181396,3.1239817142486572,0.06121651828289032
1637,31.240601778030396,0.6949047446250916,0.15946505963802338,-0.36205893754959106,0.6383637189865112,0.03944937884807587,-0.4692515432834625,3.135050058364868,0.04952109232544899
1638,31.25127124786377,0.6949047446250916,0.15946505963802338,-0.36205893754959106,0.6228010058403015,0.05442703887820244,-0.4467419385910034,3.138198137283325,0.039386287331581116
1639,31.277936697006226,0.6949047446250916,0.15946505963802338,-0.36205893754959106,0.6082717180252075,0.06705838441848755,-0.4169157147407532,3.132993698120117,0.03324988856911659
1640,31.288277864456177,0.6949047446250916,0.15946505963802338,-0.36205893754959106,0.5962373614311218,0.07244600355625153,-0.3491963744163513,3.124448776245117,0.029944274574518204
1641,31.315260648727417,0.6949047446250916,0.15946505963802338,-0.36205893754959106,0.5891009569168091,0.07144156098365784,-0.3038189113140106,3.1163861751556396,0.02692096121609211
1642,31.325511932373047,0.6949047446250916,0.15946505963802338,-0.36205893754959106,0.5852238535881042,0.06824824959039688,-0.25609609484672546,3.109565496444702,0.02390282414853573
1643,31.35169291496277,0.6949047446250916,0.15946505963802338,-0.36205893754959106,0.5844801664352417,0.06382276862859726,-0.23384571075439453,3.103518486022949,0.022055579349398613
1644,31.361467123031616,0.6949047446250916,0.15946505963802338,-0.36205893754959106,0.5891855955123901,0.05789730325341225,-0.22657227516174316,3.0980889797210693,0.022042812779545784
1645,31.388267278671265,0.6949047446250916,0.15946505963802338,-0.36205893754959106,0.6038323044776917,0.05139121785759926,-0.18054288625717163,3.0932512283325195,0.023612769320607185
1646,31.398980855941772,0.6949047446250916,0.15946505963802338,-0.36205893754959106,0.6306048631668091,0.043621230870485306,-0.10694482922554016,3.089555025100708,0.025905782356858253
1647,31.425739526748657,0.6949047446250916,0.15946505963802338,-0.36205893754959106,0.6671225428581238,0.03404207527637482,-0.0723700225353241,3.0895087718963623,0.027865152806043625
1648,31.435718774795532,0.6949047446250916,0.15946505963802338,-0.36205893754959106,0.7075977921485901,0.02520534209907055,-0.10491405427455902,3.0972771644592285,0.028903530910611153
1649,31.461681365966797,0.6949047446250916,0.15946505963802338,-0.36205893754959106,0.7371276021003723,0.02368876524269581,-0.19523870944976807,3.116438865661621,0.029756104573607445
1650,31.472907781600952,0.6949047446250916,0.15946505963802338,-0.36205893754959106,0.7190332412719727,0.03520062938332558,-0.1774004101753235,-3.1383917331695557,0.03819316253066063
1651,31.49950337409973,0.6949047446250916,0.15946505963802338,-0.36205893754959106,0.6979455351829529,0.08576962351799011,-0.130038321018219,-3.1250479221343994,0.04813329130411148
1652,31.511457443237305,0.6949047446250916,0.15946505963802338,-0.36205893754959106,0.633063554763794,0.12184975296258926,-0.015744276344776154,-3.137812614440918,0.049717552959918976
1653,31.538804054260254,0.6949047446250916,0.15946505963802338,-0.36205893754959106,0.5869448781013489,0.1448250710964203,0.010379243642091751,3.124748706817627,0.052463941276073456
1654,31.54942536354065,0.6949047446250916,0.15946505963802338,-0.36205893754959106,0.5628880262374878,0.16453346610069275,0.02610325627028942,3.1050167083740234,0.054766491055488586
1655,31.57609248161316,0.6949047446250916,0.15946505963802338,-0.36205893754959106,0.5570730566978455,0.18011008203029633,0.05751391500234604,3.08868408203125,0.0542888306081295
1656,31.586610555648804,0.6949047446250916,0.15946505963802338,-0.36205893754959106,0.5610987544059753,0.18725837767124176,0.11360347270965576,3.07735013961792,0.05251132696866989
1657,31.612794637680054,0.6949047446250916,0.15946505963802338,-0.36205893754959106,0.5678561925888062,0.18295429646968842,0.17652614414691925,3.072619676589966,0.052556466311216354
1658,31.62290334701538,0.6949047446250916,0.15946505963802338,-0.36205893754959106,0.5736455321311951,0.17391924560070038,0.2404700219631195,3.0744800567626953,0.05479489639401436
1659,31.649020671844482,0.6949047446250916,0.15946505963802338,-0.36205893754959106,0.575050413608551,0.17319628596305847,0.23448649048805237,3.080850124359131,0.057126447558403015
1660,31.65893006324768,0.6949047446250916,0.15946505963802338,-0.36205893754959106,0.5805516839027405,0.19195719063282013,0.12277485430240631,3.088176727294922,0.05692058056592941
1661,31.685054063796997,0.6949047446250916,0.15946505963802338,-0.36205893754959106,0.592732310295105,0.22020681202411652,-0.0011164830066263676,3.092421054840088,0.047957103699445724
1662,31.69626021385193,0.6949047446250916,0.15946505963802338,-0.36205893754959106,0.5925821661949158,0.2511529326438904,-0.01938880793750286,3.0945115089416504,0.034118205308914185
1663,31.724353551864624,0.6949047446250916,0.15946505963802338,-0.36205893754959106,0.5946347713470459,0.26877540349960327,0.02526446059346199,3.098585844039917,0.023114411160349846
1664,31.735625505447388,0.6949047446250916,0.15946505963802338,-0.36205893754959106,0.5945999622344971,0.2816479504108429,-0.00940309651196003,3.102966547012329,0.018899807706475258
1665,31.762494325637817,0.6949047446250916,0.15946505963802338,-0.36205893754959106,0.5880591869354248,0.30480024218559265,-0.1711633801460266,3.101802110671997,0.028291378170251846
1666,31.774412155151367,0.6949047446250916,0.15946505963802338,-0.36205893754959106,0.5705849528312683,0.3108675181865692,0.13020451366901398,3.095301866531372,0.028763627633452415
1667,31.80087399482727,0.6949047446250916,0.15946505963802338,-0.36205893754959106,0.5314283967018127,0.2762995660305023,-0.08170841634273529,3.096052408218384,0.02445012889802456
1668,31.811352014541626,0.6949047446250916,0.15946505963802338,-0.36205893754959106,0.4972640872001648,0.2394987940788269,-0.39527058601379395,3.098656415939331,0.023994989693164825
1669,31.83729648590088,0.6949047446250916,0.15946505963802338,-0.36205893754959106,0.4718749225139618,0.21172364056110382,-0.41595232486724854,3.102349281311035,0.020429551601409912
1670,31.84761691093445,0.6949047446250916,0.15946505963802338,-0.36205893754959106,0.45271244645118713,0.1942376345396042,-0.34982770681381226,3.105358600616455,0.01514978427439928
1671,31.87390971183777,0.6949047446250916,0.15946505963802338,-0.36205893754959106,0.4351126551628113,0.17913998663425446,-0.3042054772377014,3.106574296951294,0.011358583346009254
1672,31.884127140045166,0.6949047446250916,0.15946505963802338,-0.36205893754959106,0.42026248574256897,0.16254952549934387,-0.27895215153694153,3.1059730052948,0.00982458796352148
1673,31.910213947296143,0.6949047446250916,0.15946505963802338,-0.36205893754959106,0.40876254439353943,0.143028125166893,-0.24988186359405518,3.104576349258423,0.009826160967350006
1674,31.92021346092224,0.6949047446250916,0.15946505963802338,-0.36205893754959106,0.40077754855155945,0.12150680273771286,-0.2209588587284088,3.1032986640930176,0.010657704435288906
1675,31.94631004333496,0.6949047446250916,0.15946505963802338,-0.36205893754959106,0.3958399295806885,0.09910937398672104,-0.20332148671150208,3.1023032665252686,0.012260508723556995
1676,31.956709384918213,0.6949047446250916,0.15946505963802338,-0.36205893754959106,0.39409682154655457,0.07562077790498734,-0.19093678891658783,3.101644277572632,0.014937111176550388
1677,31.983257293701172,0.6949047446250916,0.15946505963802338,-0.36205893754959106,0.39647209644317627,0.05093406140804291,-0.17592087388038635,3.1015655994415283,0.018848352134227753
1678,31.993940830230713,0.6949047446250916,0.15946505963802338,-0.36205893754959106,0.4041070342063904,0.024873457849025726,-0.15192915499210358,3.102285623550415,0.023835036903619766
1679,32.02015399932861,0.6949047446250916,0.15946505963802338,-0.36205893754959106,0.41842401027679443,-0.003520556725561619,-0.12232715636491776,3.1044058799743652,0.029292136430740356
1680,32.03090739250183,0.6949047446250916,0.15946505963802338,-0.36205893754959106,0.4400373101234436,-0.03465203940868378,-0.10701817274093628,3.1091089248657227,0.03429574891924858
1681,32.057382345199585,0.6949047446250916,0.15946505963802338,-0.36205893754959106,0.4669763147830963,-0.06590492278337479,-0.10693353414535522,3.117614507675171,0.03860188648104668
1682,32.06748843193054,0.6949047446250916,0.15946505963802338,-0.36205893754959106,0.4969072639942169,-0.09277798235416412,-0.11530300229787827,3.1308040618896484,0.04281080514192581
1683,32.09420847892761,0.6949047446250916,0.15946505963802338,-0.36205893754959106,0.5246824026107788,-0.11197987198829651,-0.14152926206588745,-3.1336705684661865,0.048088714480400085
1684,32.10553336143494,0.6949047446250916,0.15946505963802338,-0.36205893754959106,0.5316622853279114,-0.11836723983287811,-0.19547706842422485,-3.110327959060669,0.057603999972343445
1685,32.13202953338623,0.6949047446250916,0.15946505963802338,-0.36205893754959106,0.5237380266189575,-0.07505489885807037,-0.2627905607223511,-3.0971896648406982,0.06808295100927353
1686,32.143625020980835,0.6949047446250916,0.15946505963802338,-0.36205893754959106,0.5056827068328857,-0.02086791582405567,-0.2927500009536743,-3.1069021224975586,0.06698345392942429
1687,32.17095637321472,0.6949047446250916,0.15946505963802338,-0.36205893754959106,0.4855259656906128,0.012410969473421574,-0.2791447043418884,-3.1239099502563477,0.0594618059694767
1688,32.18291783332825,0.6949047446250916,0.15946505963802338,-0.36205893754959106,0.4794599413871765,0.04406024515628815,-0.19977568089962006,-3.1379568576812744,0.052256714552640915
1689,32.21201467514038,0.6949047446250916,0.15946505963802338,-0.36205893754959106,0.489021360874176,0.07423020899295807,-0.12490969896316528,3.1349315643310547,0.04561043903231621
1690,32.222599267959595,0.6949047446250916,0.15946505963802338,-0.36205893754959106,0.504875659942627,0.10178999602794647,-0.04929351061582565,3.1272637844085693,0.03937769681215286
1691,32.24928569793701,0.6949047446250916,0.15946505963802338,-0.36205893754959106,0.5218585729598999,0.12848494946956635,0.02277008630335331,3.1222035884857178,0.03340182825922966
1692,32.2600884437561,0.6949047446250916,0.15946505963802338,-0.36205893754959106,0.5371889472007751,0.15718777477741241,0.06075458601117134,3.1205272674560547,0.02718632109463215
1693,32.286160707473755,0.6949047446250916,0.15946505963802338,-0.36205893754959106,0.5500316023826599,0.19147464632987976,0.0621359683573246,3.1219828128814697,0.020404230803251266
1694,32.29640507698059,0.6949047446250916,0.15946505963802338,-0.36205893754959106,0.5620604753494263,0.2275671362876892,0.05608782172203064,3.125227212905884,0.012975335121154785
1695,32.322275161743164,0.6949047446250916,0.15946505963802338,-0.36205893754959106,0.5723510384559631,0.25769785046577454,0.03657492995262146,3.1289029121398926,0.006601130589842796
1696,32.33232307434082,0.6949047446250916,0.15946505963802338,-0.36205893754959106,0.5829302668571472,0.2861163020133972,-0.03189685195684433,3.131530523300171,0.003745443420484662
1697,32.35804462432861,0.6949047446250916,0.15946505963802338,-0.36205893754959106,0.5892763137817383,0.3193395137786865,-0.0982770323753357,3.130946159362793,0.0077967350371181965
1698,32.36838173866272,0.6949047446250916,0.15946505963802338,-0.36205893754959106,0.5941330790519714,0.31848084926605225,0.2625078856945038,3.130930185317993,-0.001153522520326078
1699,32.39394021034241,0.6949047446250916,0.15946505963802338,-0.36205893754959106,0.5617744326591492,0.2815198600292206,0.09363579005002975,3.1384217739105225,-0.010524138808250427
1700,32.40420317649841,0.6949047446250916,0.15946505963802338,-0.36205893754959106,0.5376198291778564,0.23026634752750397,-0.24787142872810364,-3.140751838684082,-0.009715567342936993
1701,32.43056797981262,0.6949047446250916,0.15946505963802338,-0.36205893754959106,0.5272707939147949,0.18671736121177673,-0.37222105264663696,-3.1399452686309814,-0.009456459432840347
1702,32.44183421134949,0.6949047446250916,0.15946505963802338,-0.36205893754959106,0.5252207517623901,0.15675786137580872,-0.3449561595916748,-3.140791654586792,-0.011935117654502392
1703,32.46869111061096,0.6949047446250916,0.15946505963802338,-0.36205893754959106,0.5250881314277649,0.13463546335697174,-0.31825965642929077,3.140533208847046,-0.014737891033291817
1704,32.47912096977234,0.6949047446250916,0.15946505963802338,-0.36205893754959106,0.5279319286346436,0.11427535116672516,-0.2960948944091797,3.1373131275177,-0.01655741035938263
1705,32.50759673118591,0.6949047446250916,0.15946505963802338,-0.36205893754959106,0.5344263911247253,0.09166347980499268,-0.28325212001800537,3.1329333782196045,-0.017393426969647408
1706,32.51914119720459,0.6949047446250916,0.15946505963802338,-0.36205893754959106,0.544861376285553,0.06609073281288147,-0.2797755002975464,3.1281659603118896,-0.01712731644511223
1707,32.54483675956726,0.6949047446250916,0.15946505963802338,-0.36205893754959106,0.5605159401893616,0.04071542248129845,-0.2677956521511078,3.1227962970733643,-0.015333998017013073
1708,32.554853200912476,0.6949047446250916,0.15946505963802338,-0.36205893754959106,0.5827478170394897,0.018307922407984734,-0.231239914894104,3.1155951023101807,-0.01176681462675333
1709,32.58115220069885,0.6949047446250916,0.15946505963802338,-0.36205893754959106,0.6118489503860474,-0.002216158201918006,-0.17097586393356323,3.1071884632110596,-0.006545781623572111
1710,32.593244314193726,0.6949047446250916,0.15946505963802338,-0.36205893754959106,0.6463785171508789,-0.02583872526884079,-0.126050665974617,3.1011312007904053,-0.0004329830117058009
1711,32.621110677719116,0.6949047446250916,0.15946505963802338,-0.36205893754959106,0.6848726868629456,-0.054128676652908325,-0.1451728641986847,3.1017608642578125,0.005179197993129492
1712,32.63154697418213,0.6949047446250916,0.15946505963802338,-0.36205893754959106,0.7195395231246948,-0.08348468691110611,-0.23257794976234436,3.1119697093963623,0.011350635439157486
1713,32.657748222351074,0.6949047446250916,0.15946505963802338,-0.36205893754959106,0.7392435073852539,-0.10876289010047913,-0.3412301540374756,3.1333494186401367,0.02312479540705681
1714,32.66838550567627,0.6949047446250916,0.15946505963802338,-0.36205893754959106,0.7569220066070557,-0.1044490709900856,-0.7029172778129578,-3.1267411708831787,0.031146297231316566
1715,32.69413375854492,0.6949047446250916,0.15946505963802338,-0.36205893754959106,0.7025967240333557,-0.04855473339557648,-0.4970720708370209,-3.12032413482666,0.034317195415496826
1716,32.7043571472168,0.6949047446250916,0.15946505963802338,-0.36205893754959106,0.6468631625175476,-0.0003198389895260334,-0.35534796118736267,-3.1303176879882812,0.039564553648233414
1717,32.731940269470215,0.6949047446250916,0.15946505963802338,-0.36205893754959106,0.6149812340736389,0.030282411724328995,-0.36494654417037964,3.137578010559082,0.043468162417411804
1718,32.742217779159546,0.6949047446250916,0.15946505963802338,-0.36205893754959106,0.5978302955627441,0.054038867354393005,-0.37979912757873535,3.122133493423462,0.044265877455472946
1719,32.76810932159424,0.6949047446250916,0.15946505963802338,-0.36205893754959106,0.5897921919822693,0.07422994822263718,-0.3688637614250183,3.108429193496704,0.04158526659011841
1720,32.779175758361816,0.6949047446250916,0.15946505963802338,-0.36205893754959106,0.586027204990387,0.09206809848546982,-0.3288697898387909,3.0976040363311768,0.0363500714302063
1721,32.80545449256897,0.6949047446250916,0.15946505963802338,-0.36205893754959106,0.5847997069358826,0.10586380958557129,-0.29121753573417664,3.0904176235198975,0.03098888508975506
1722,32.81561851501465,0.6949047446250916,0.15946505963802338,-0.36205893754959106,0.5880299210548401,0.11524296551942825,-0.2519722282886505,3.0868210792541504,0.027651162818074226
1723,32.844762325286865,0.6949047446250916,0.15946505963802338,-0.36205893754959106,0.5955118536949158,0.12154518067836761,-0.19824975728988647,3.086437702178955,0.026516688987612724
1724,32.855841875076294,0.6949047446250916,0.15946505963802338,-0.36205893754959106,0.6051433086395264,0.13006548583507538,-0.14658433198928833,3.088984251022339,0.02599480375647545
1725,32.88264441490173,0.6949047446250916,0.15946505963802338,-0.36205893754959106,0.6173771023750305,0.14705128967761993,-0.13572895526885986,3.0938498973846436,0.02367798611521721
1726,32.892635107040405,0.6949047446250916,0.15946505963802338,-0.36205893754959106,0.6324094533920288,0.1737383008003235,-0.1886429637670517,3.099781036376953,0.01791468635201454
1727,32.91842603683472,0.6949047446250916,0.15946505963802338,-0.36205893754959106,0.6476238965988159,0.2069154679775238,-0.2639128863811493,3.1049883365631104,0.009104096330702305
1728,32.92852187156677,0.6949047446250916,0.15946505963802338,-0.36205893754959106,0.6615810394287109,0.23787438869476318,-0.2894669771194458,3.1085586547851562,-0.0005032828776165843
1729,32.95439386367798,0.6949047446250916,0.15946505963802338,-0.36205893754959106,0.6729753613471985,0.26266226172447205,-0.2834141254425049,3.111218214035034,-0.0071759652346372604
1730,32.96432328224182,0.6949047446250916,0.15946505963802338,-0.36205893754959106,0.6866570115089417,0.2907481789588928,-0.3061615526676178,3.112368583679199,-0.0077493442222476006
1731,32.99064636230469,0.6949047446250916,0.15946505963802338,-0.36205893754959106,0.6722092628479004,0.3490106463432312,-0.29417097568511963,3.1070148944854736,0.0003573428257368505
1732,33.001692056655884,0.6949047446250916,0.15946505963802338,-0.36205893754959106,0.6828161478042603,0.3439216911792755,-0.45684710144996643,3.0951919555664062,0.008793141692876816
1733,33.02856731414795,0.6949047446250916,0.15946505963802338,-0.36205893754959106,0.6739275455474854,0.3308253884315491,-0.25971823930740356,3.0826759338378906,0.016421865671873093
1734,33.039087772369385,0.6949047446250916,0.15946505963802338,-0.36205893754959106,0.6544981002807617,0.29522112011909485,-0.3169785737991333,3.0784239768981934,0.0192169900983572
1735,33.0753915309906,0.6949047446250916,0.15946505963802338,-0.36205893754959106,0.6376758813858032,0.26553672552108765,-0.34807342290878296,3.084419012069702,0.013226236216723919
1736,33.08736252784729,0.6949047446250916,0.15946505963802338,-0.36205893754959106,0.6226092576980591,0.24860645830631256,-0.36175763607025146,3.0953609943389893,0.003282420337200165
1737,33.11462664604187,0.6949047446250916,0.15946505963802338,-0.36205893754959106,0.6110217571258545,0.23710981011390686,-0.38311296701431274,3.1061301231384277,-0.004966036416590214
1738,33.1253137588501,0.6949047446250916,0.15946505963802338,-0.36205893754959106,0.6051146388053894,0.22692395746707916,-0.3998723030090332,3.1141209602355957,-0.00995562318712473
1739,33.15168285369873,0.6949047446250916,0.15946505963802338,-0.36205893754959106,0.6039435863494873,0.21571655571460724,-0.37624919414520264,3.119210720062256,-0.011841063387691975
1740,33.16257905960083,0.6949047446250916,0.15946505963802338,-0.36205893754959106,0.6080872416496277,0.20202863216400146,-0.3561843931674957,3.1223599910736084,-0.011811826378107071
1741,33.18953466415405,0.6949047446250916,0.15946505963802338,-0.36205893754959106,0.6175337433815002,0.1869681477546692,-0.3415629267692566,3.123786687850952,-0.011040295474231243
1742,33.20041036605835,0.6949047446250916,0.15946505963802338,-0.36205893754959106,0.6317831873893738,0.17176683247089386,-0.32380110025405884,3.123504638671875,-0.009585568681359291
1743,33.22668433189392,0.6949047446250916,0.15946505963802338,-0.36205893754959106,0.6512717008590698,0.15706485509872437,-0.2939920425415039,3.1222422122955322,-0.006640602834522724
1744,33.23674821853638,0.6949047446250916,0.15946505963802338,-0.36205893754959106,0.6790560483932495,0.14565293490886688,-0.24849939346313477,3.1198458671569824,-0.002069600857794285
1745,33.263734579086304,0.6949047446250916,0.15946505963802338,-0.36205893754959106,0.7195751667022705,0.13702641427516937,-0.23507492244243622,3.116809606552124,0.002166716381907463
1746,33.274397134780884,0.6949047446250916,0.15946505963802338,-0.36205893754959106,0.7693055868148804,0.13161416351795197,-0.25618475675582886,3.115875720977783,0.004344911314547062
1747,33.300286054611206,0.6949047446250916,0.15946505963802338,-0.36205893754959106,0.814620316028595,0.12839935719966888,-0.3373979330062866,3.122368097305298,0.004601573571562767
1748,33.310221433639526,0.6949047446250916,0.15946505963802338,-0.36205893754959106,0.8263961672782898,0.13007238507270813,-0.429391086101532,3.1406049728393555,0.007590539753437042
1749,33.336557149887085,0.6949047446250916,0.15946505963802338,-0.36205893754959106,0.7894983291625977,0.15000198781490326,-0.0967458114027977,-3.122110366821289,0.023961342871189117
1750,33.34660863876343,0.6949047446250916,0.15946505963802338,-0.36205893754959106,0.760040819644928,0.17550238966941833,-0.08372985571622849,-3.119903564453125,0.03272280842065811
1751,33.37401366233826,0.6949047446250916,0.15946505963802338,-0.36205893754959106,0.6768165826797485,0.18729622662067413,0.003863658756017685,-3.1346614360809326,0.0335254929959774
1752,33.38480567932129,0.6949047446250916,0.15946505963802338,-0.36205893754959106,0.6205422282218933,0.188490629196167,-0.011876851320266724,3.129704713821411,0.040137097239494324
1753,33.41117787361145,0.6949047446250916,0.15946505963802338,-0.36205893754959106,0.5909141302108765,0.18688331544399261,-0.038368016481399536,3.113025426864624,0.04741125553846359
1754,33.42152404785156,0.6949047446250916,0.15946505963802338,-0.36205893754959106,0.5822847485542297,0.18476971983909607,-0.037793051451444626,3.100377082824707,0.050789058208465576
1755,33.44813680648804,0.6949047446250916,0.15946505963802338,-0.36205893754959106,0.5862452387809753,0.18055835366249084,-0.008785512298345566,3.0925345420837402,0.05041135102510452
1756,33.45872688293457,0.6949047446250916,0.15946505963802338,-0.36205893754959106,0.5942684412002563,0.16935329139232635,0.012568727135658264,3.0901222229003906,0.04983585700392723
1757,33.484668254852295,0.6949047446250916,0.15946505963802338,-0.36205893754959106,0.6015499234199524,0.1496202051639557,0.05168449133634567,3.0930285453796387,0.05204879492521286
1758,33.494688987731934,0.6949047446250916,0.15946505963802338,-0.36205893754959106,0.6056621074676514,0.12836551666259766,0.11437381058931351,3.0998144149780273,0.05689263716340065
1759,33.521042346954346,0.6949047446250916,0.15946505963802338,-0.36205893754959106,0.6071534156799316,0.11499497294425964,0.1527547836303711,3.107800245285034,0.06222560256719589
1760,33.5310332775116,0.6949047446250916,0.15946505963802338,-0.36205893754959106,0.6112581491470337,0.11315318197011948,0.15036870539188385,3.1143903732299805,0.06563783437013626
1761,33.55678391456604,0.6949047446250916,0.15946505963802338,-0.36205893754959106,0.622904360294342,0.1202513724565506,0.12118032574653625,3.118499755859375,0.06551364809274673
1762,33.56696915626526,0.6949047446250916,0.15946505963802338,-0.36205893754959106,0.6412620544433594,0.13225305080413818,0.05595701187849045,3.121232271194458,0.0618770457804203
1763,33.5931670665741,0.6949047446250916,0.15946505963802338,-0.36205893754959106,0.6636657118797302,0.14478659629821777,-0.06520120799541473,3.1253271102905273,0.05588668957352638
1764,33.603726863861084,0.6949047446250916,0.15946505963802338,-0.36205893754959106,0.6861904859542847,0.15321142971515656,-0.19064605236053467,3.1326613426208496,0.04868912696838379
1765,33.63128089904785,0.6949047446250916,0.15946505963802338,-0.36205893754959106,0.7064985036849976,0.15922953188419342,-0.2657867968082428,3.1408629417419434,0.04269560053944588
1766,33.64479923248291,0.6949047446250916,0.15946505963802338,-0.36205893754959106,0.7266992926597595,0.17450426518917084,-0.2992016673088074,3.140340805053711,0.04331890866160393
1767,33.673644065856934,0.6949047446250916,0.15946505963802338,-0.36205893754959106,0.7350562810897827,0.19055160880088806,-0.28114286065101624,3.123262882232666,0.05614148825407028
1768,33.68552112579346,0.6949047446250916,0.15946505963802338,-0.36205893754959106,0.6975627541542053,0.19298285245895386,-0.49901190400123596,3.1002390384674072,0.07544753700494766
1769,33.712424755096436,0.6949047446250916,0.15946505963802338,-0.36205893754959106,0.6776008009910583,0.15968762338161469,-0.31974542140960693,3.0946929454803467,0.07602594047784805
1770,33.722516775131226,0.6949047446250916,0.15946505963802338,-0.36205893754959106,0.6556990742683411,0.13413795828819275,-0.32007986307144165,3.104421377182007,0.0617363341152668
1771,33.74921751022339,0.6949047446250916,0.15946505963802338,-0.36205893754959106,0.6321614384651184,0.12122955173254013,-0.38472309708595276,3.1180455684661865,0.04496116191148758
1772,33.760578870773315,0.6949047446250916,0.15946505963802338,-0.36205893754959106,0.6144691109657288,0.1139061450958252,-0.4318785071372986,3.1274235248565674,0.03143236041069031
1773,33.78685164451599,0.6949047446250916,0.15946505963802338,-0.36205893754959106,0.600652813911438,0.10589369386434555,-0.4217875897884369,3.130713939666748,0.022412078455090523
1774,33.797799825668335,0.6949047446250916,0.15946505963802338,-0.36205893754959106,0.5917246341705322,0.09295901656150818,-0.39502543210983276,3.129243850708008,0.01630496047437191
1775,33.82546591758728,0.6949047446250916,0.15946505963802338,-0.36205893754959106,0.5880534052848816,0.0759795606136322,-0.3762876093387604,3.124643325805664,0.010991903021931648
1776,33.835631370544434,0.6949047446250916,0.15946505963802338,-0.36205893754959106,0.5866549611091614,0.05712273344397545,-0.34411701560020447,3.1180624961853027,0.0068127247504889965
1777,33.86185908317566,0.6949047446250916,0.15946505963802338,-0.36205893754959106,0.5895618796348572,0.0354263074696064,-0.3193053901195526,3.110527276992798,0.004834090359508991
1778,33.87230920791626,0.6949047446250916,0.15946505963802338,-0.36205893754959106,0.6009454131126404,0.011239757761359215,-0.2906751036643982,3.1026618480682373,0.004751905798912048
1779,33.898528814315796,0.6949047446250916,0.15946505963802338,-0.36205893754959106,0.6207186579704285,-0.01366434432566166,-0.22500517964363098,3.094473123550415,0.0062094032764434814
1780,33.9085328578949,0.6949047446250916,0.15946505963802338,-0.36205893754959106,0.6471682190895081,-0.04126680642366409,-0.18568885326385498,3.0888304710388184,0.009489820338785648
1781,33.934548139572144,0.6949047446250916,0.15946505963802338,-0.36205893754959106,0.6777756214141846,-0.06967481970787048,-0.19926121830940247,3.092067241668701,0.014963864348828793
1782,33.94461512565613,0.6949047446250916,0.15946505963802338,-0.36205893754959106,0.707865297794342,-0.07940925657749176,-0.6095314025878906,3.1078872680664062,0.02269597165286541
1783,33.9709632396698,0.6949047446250916,0.15946505963802338,-0.36205893754959106,0.6779471039772034,-0.04165076091885567,-0.6282402276992798,3.1188576221466064,0.02840885892510414
1784,33.98114585876465,0.6949047446250916,0.15946505963802338,-0.36205893754959106,0.619195282459259,0.022491557523608208,-0.3150279223918915,3.111541986465454,0.038202494382858276
1785,34.00750494003296,0.6949047446250916,0.15946505963802338,-0.36205893754959106,0.5794281363487244,0.06762874871492386,-0.24236233532428741,3.0950398445129395,0.046571847051382065
1786,34.01761269569397,0.6949047446250916,0.15946505963802338,-0.36205893754959106,0.5573397278785706,0.10369126498699188,-0.2318394035100937,3.07914662361145,0.05046118050813675
1787,34.04389476776123,0.6949047446250916,0.15946505963802338,-0.36205893754959106,0.5463353395462036,0.13665397465229034,-0.20609895884990692,3.066230535507202,0.04962145909667015
1788,34.05432152748108,0.6949047446250916,0.15946505963802338,-0.36205893754959106,0.5432607531547546,0.16494856774806976,-0.14982600510120392,3.056743860244751,0.04588380455970764
1789,34.0806987285614,0.6949047446250916,0.15946505963802338,-0.36205893754959106,0.5454601645469666,0.18650387227535248,-0.0699579194188118,3.0511348247528076,0.042462389916181564
1790,34.09113311767578,0.6949047446250916,0.15946505963802338,-0.36205893754959106,0.5536329746246338,0.20136216282844543,0.018924489617347717,3.0498287677764893,0.040570393204689026
1791,34.11850094795227,0.6949047446250916,0.15946505963802338,-0.36205893754959106,0.5614975690841675,0.21644355356693268,0.08210860937833786,3.0530471801757812,0.03873774781823158
1792,34.13004446029663,0.6949047446250916,0.15946505963802338,-0.36205893754959106,0.5651830434799194,0.24007590115070343,0.062059495598077774,3.060007095336914,0.035550378262996674
1793,34.15629434585571,0.6949047446250916,0.15946505963802338,-0.36205893754959106,0.5662283301353455,0.27393838763237,-0.011690306477248669,3.067819118499756,0.030606264248490334
1794,34.16732406616211,0.6949047446250916,0.15946505963802338,-0.36205893754959106,0.5650593638420105,0.3093925416469574,-0.10067569464445114,3.072849750518799,0.025758586823940277
1795,34.19379210472107,0.6949047446250916,0.15946505963802338,-0.36205893754959106,0.5632140040397644,0.343290239572525,-0.18172505497932434,3.073345422744751,0.024273669347167015
1796,34.20523381233215,0.6949047446250916,0.15946505963802338,-0.36205893754959106,0.49938130378723145,0.41710370779037476,-0.2585739493370056,3.0690460205078125,0.02949780784547329
1797,34.2325382232666,0.6949047446250916,0.15946505963802338,-0.36205893754959106,0.5091658234596252,0.3251141905784607,-0.19265291094779968,3.0636749267578125,0.0337824821472168
1798,34.24286651611328,0.6949047446250916,0.15946505963802338,-0.36205893754959106,0.5142740607261658,0.2665809690952301,-0.16251236200332642,3.0662732124328613,0.045102763921022415
1799,34.26929330825806,0.6949047446250916,0.15946505963802338,-0.36205893754959106,0.5193694233894348,0.22168420255184174,-0.22283148765563965,3.0746347904205322,0.05158066004514694
1800,34.27961325645447,0.6949047446250916,0.15946505963802338,-0.36205893754959106,0.5197860598564148,0.1957755833864212,-0.3510952591896057,3.083094358444214,0.048824772238731384
1801,34.30640411376953,0.6949047446250916,0.15946505963802338,-0.36205893754959106,0.5145202279090881,0.18213118612766266,-0.3451198637485504,3.0873634815216064,0.040110994130373
1802,34.3176531791687,0.6949047446250916,0.15946505963802338,-0.36205893754959106,0.5095393061637878,0.1685885339975357,-0.32332924008369446,3.089121103286743,0.03190096095204353
1803,34.34369134902954,0.6949047446250916,0.15946505963802338,-0.36205893754959106,0.5109061002731323,0.14904820919036865,-0.31163647770881653,3.0907607078552246,0.02592461183667183
1804,34.35540246963501,0.6949047446250916,0.15946505963802338,-0.36205893754959106,0.5194343328475952,0.1253613382577896,-0.3034031093120575,3.0928499698638916,0.021064167842268944
1805,34.3824245929718,0.6949047446250916,0.15946505963802338,-0.36205893754959106,0.5333086848258972,0.0988282859325409,-0.31306031346321106,3.0945942401885986,0.016661914065480232
1806,34.392592668533325,0.6949047446250916,0.15946505963802338,-0.36205893754959106,0.5523785352706909,0.07085859030485153,-0.34280505776405334,3.0949525833129883,0.013045313768088818
1807,34.419299602508545,0.6949047446250916,0.15946505963802338,-0.36205893754959106,0.5755329728126526,0.04860560595989227,-0.3332436680793762,3.092369318008423,0.010844005271792412
1808,34.42983269691467,0.6949047446250916,0.15946505963802338,-0.36205893754959106,0.6050750017166138,0.0323762446641922,-0.29736328125,3.0860302448272705,0.010093502700328827
1809,34.456369161605835,0.6949047446250916,0.15946505963802338,-0.36205893754959106,0.639022707939148,0.01791267655789852,-0.2630937695503235,3.077831983566284,0.01060539111495018
1810,34.46647644042969,0.6949047446250916,0.15946505963802338,-0.36205893754959106,0.6761345267295837,0.0017407226841896772,-0.24882161617279053,3.0717904567718506,0.011519367806613445
1811,34.492581844329834,0.6949047446250916,0.15946505963802338,-0.36205893754959106,0.7148116827011108,-0.018488913774490356,-0.29121726751327515,3.0723657608032227,0.011943415738642216
1812,34.50352144241333,0.6949047446250916,0.15946505963802338,-0.36205893754959106,0.7506316304206848,-0.03957627713680267,-0.39044860005378723,3.082825183868408,0.013073541224002838
1813,34.52995300292969,0.6949047446250916,0.15946505963802338,-0.36205893754959106,0.7741305828094482,-0.05536957457661629,-0.5011773109436035,3.1044933795928955,0.01900484599173069
1814,34.54040241241455,0.6949047446250916,0.15946505963802338,-0.36205893754959106,0.7793492078781128,-0.05366141349077225,-0.621586799621582,3.1326584815979004,0.030497293919324875
1815,34.566561698913574,0.6949047446250916,0.15946505963802338,-0.36205893754959106,0.7232513427734375,-0.004230554681271315,-0.4468146860599518,-3.1408207416534424,0.03476167842745781
1816,34.57695031166077,0.6949047446250916,0.15946505963802338,-0.36205893754959106,0.658679723739624,0.03486523777246475,-0.34626927971839905,3.1335244178771973,0.038017887622117996
1817,34.60382080078125,0.6949047446250916,0.15946505963802338,-0.36205893754959106,0.6131850481033325,0.05830208212137222,-0.346595823764801,3.118866443634033,0.04203172028064728
1818,34.614105463027954,0.6949047446250916,0.15946505963802338,-0.36205893754959106,0.5838907957077026,0.07583769410848618,-0.3403019905090332,3.104808807373047,0.04512927308678627
1819,34.64087724685669,0.6949047446250916,0.15946505963802338,-0.36205893754959106,0.571768045425415,0.08950779587030411,-0.365975946187973,3.093721866607666,0.04469320923089981
1820,34.6516489982605,0.6949047446250916,0.15946505963802338,-0.36205893754959106,0.5646281242370605,0.10418354719877243,-0.3092102110385895,3.0856142044067383,0.03986336663365364
1821,34.67839026451111,0.6949047446250916,0.15946505963802338,-0.36205893754959106,0.560684859752655,0.11745882779359818,-0.2665317952632904,3.0801262855529785,0.0329398475587368
1822,34.6891028881073,0.6949047446250916,0.15946505963802338,-0.36205893754959106,0.5609486103057861,0.12602005898952484,-0.2485877275466919,3.0772647857666016,0.027192018926143646
1823,34.715293884277344,0.6949047446250916,0.15946505963802338,-0.36205893754959106,0.5664609670639038,0.12939921021461487,-0.20363585650920868,3.076850175857544,0.02438501827418804
1824,34.72587442398071,0.6949047446250916,0.15946505963802338,-0.36205893754959106,0.5757060647010803,0.13003183901309967,-0.12696431577205658,3.078587293624878,0.024143509566783905
1825,34.75381684303284,0.6949047446250916,0.15946505963802338,-0.36205893754959106,0.5864231586456299,0.13297338783740997,-0.057334333658218384,3.082406759262085,0.02445097826421261
1826,34.76495146751404,0.6949047446250916,0.15946505963802338,-0.36205893754959106,0.599612295627594,0.14477576315402985,-0.038202252238988876,3.087789535522461,0.022558724507689476
1827,34.79071378707886,0.6949047446250916,0.15946505963802338,-0.36205893754959106,0.6151458024978638,0.16658328473567963,-0.11474822461605072,3.093724012374878,0.01710100658237934
1828,34.80075740814209,0.6949047446250916,0.15946505963802338,-0.36205893754959106,0.6315312385559082,0.19438017904758453,-0.2184278815984726,3.099296808242798,0.008671477437019348
1829,34.82733988761902,0.6949047446250916,0.15946505963802338,-0.36205893754959106,0.6465137004852295,0.22257979214191437,-0.27832499146461487,3.104276657104492,-0.0008641249150969088
1830,34.83744025230408,0.6949047446250916,0.15946505963802338,-0.36205893754959106,0.6599990129470825,0.24675749242305756,-0.31440961360931396,3.1074941158294678,-0.007408668287098408
1831,34.8635458946228,0.6949047446250916,0.15946505963802338,-0.36205893754959106,0.6805049180984497,0.27863720059394836,-0.40314459800720215,3.1071550846099854,-0.007856123149394989
1832,34.873732566833496,0.6949047446250916,0.15946505963802338,-0.36205893754959106,0.6750619411468506,0.31339624524116516,-0.10123581439256668,3.0955052375793457,-0.01021859236061573
1833,34.9004271030426,0.6949047446250916,0.15946505963802338,-0.36205893754959106,0.647612452507019,0.29925984144210815,-0.22666198015213013,3.086733818054199,-0.014678729698061943
1834,34.910913944244385,0.6949047446250916,0.15946505963802338,-0.36205893754959106,0.6027944684028625,0.2587626874446869,-0.32099226117134094,3.0854697227478027,-0.008225216530263424
1835,34.93758010864258,0.6949047446250916,0.15946505963802338,-0.36205893754959106,0.5789248943328857,0.22473491728305817,-0.3367750644683838,3.094597816467285,-0.004890089388936758
1836,34.94818186759949,0.6949047446250916,0.15946505963802338,-0.36205893754959106,0.565000593662262,0.20425507426261902,-0.37146586179733276,3.109684944152832,-0.006186720449477434
1837,34.97451210021973,0.6949047446250916,0.15946505963802338,-0.36205893754959106,0.5590060353279114,0.19614814221858978,-0.39204880595207214,3.1232352256774902,-0.008387831971049309
1838,34.984888315200806,0.6949047446250916,0.15946505963802338,-0.36205893754959106,0.5566763877868652,0.19263915717601776,-0.3848515748977661,3.131321668624878,-0.008952665142714977
1839,35.011186361312866,0.6949047446250916,0.15946505963802338,-0.36205893754959106,0.5560867190361023,0.1871306300163269,-0.3592635691165924,3.1344687938690186,-0.0071891010738909245
1840,35.02084398269653,0.6949047446250916,0.15946505963802338,-0.36205893754959106,0.5591660737991333,0.17635032534599304,-0.3392171561717987,3.135148763656616,-0.004030548967421055
1841,35.047160625457764,0.6949047446250916,0.15946505963802338,-0.36205893754959106,0.5672999620437622,0.16196629405021667,-0.32532647252082825,3.13486909866333,-0.000529416895005852
1842,35.05695295333862,0.6949047446250916,0.15946505963802338,-0.36205893754959106,0.5808987021446228,0.14661945402622223,-0.31008046865463257,3.133840799331665,0.003094736486673355
1843,35.08328104019165,0.6949047446250916,0.15946505963802338,-0.36205893754959106,0.6004014015197754,0.13091610372066498,-0.2930772006511688,3.1326487064361572,0.007109655998647213
1844,35.09365940093994,0.6949047446250916,0.15946505963802338,-0.36205893754959106,0.626840353012085,0.11643367260694504,-0.2582976520061493,3.1319591999053955,0.011891694739460945
1845,35.12109088897705,0.6949047446250916,0.15946505963802338,-0.36205893754959106,0.664237916469574,0.10617382824420929,-0.21863187849521637,3.1311497688293457,0.016297558322548866
1846,35.13197112083435,0.6949047446250916,0.15946505963802338,-0.36205893754959106,0.7135987281799316,0.10038772970438004,-0.20082013309001923,3.1303112506866455,0.018249738961458206
1847,35.15897798538208,0.6949047446250916,0.15946505963802338,-0.36205893754959106,0.7651330232620239,0.09755761921405792,-0.22955143451690674,3.1325843334198,0.017278078943490982
1848,35.17085576057434,0.6949047446250916,0.15946505963802338,-0.36205893754959106,0.7981564402580261,0.09610405564308167,-0.3366478979587555,-3.1396536827087402,0.0158208180218935
1849,35.196595191955566,0.6949047446250916,0.15946505963802338,-0.36205893754959106,0.7816720604896545,0.10508211702108383,-0.2814130485057831,-3.120877504348755,0.0233825221657753
1850,35.21025609970093,0.6949047446250916,0.15946505963802338,-0.36205893754959106,0.7397730946540833,0.12838223576545715,0.13196606934070587,-3.1079070568084717,0.04574855789542198
1851,35.23814606666565,0.6949047446250916,0.15946505963802338,-0.36205893754959106,0.7065074443817139,0.14390364289283752,0.1158294752240181,-3.111889123916626,0.06299722194671631
1852,35.24825167655945,0.6949047446250916,0.15946505963802338,-0.36205893754959106,0.6719136834144592,0.1550978720188141,0.09059005230665207,-3.1283817291259766,0.06615246087312698
1853,35.27409863471985,0.6949047446250916,0.15946505963802338,-0.36205893754959106,0.636879026889801,0.1596686989068985,0.0950816422700882,3.1347603797912598,0.06480210274457932
1854,35.28445315361023,0.6949047446250916,0.15946505963802338,-0.36205893754959106,0.6184279322624207,0.16234146058559418,0.10009683668613434,3.1165575981140137,0.063176229596138
1855,35.31155061721802,0.6949047446250916,0.15946505963802338,-0.36205893754959106,0.6166456937789917,0.16350914537906647,0.12419162690639496,3.102459192276001,0.06062202900648117
1856,35.32269620895386,0.6949047446250916,0.15946505963802338,-0.36205893754959106,0.6258403658866882,0.15849383175373077,0.16533204913139343,3.093667507171631,0.05795938894152641
1857,35.34859347343445,0.6949047446250916,0.15946505963802338,-0.36205893754959106,0.6358399987220764,0.13976021111011505,0.20806653797626495,3.0911622047424316,0.05837840959429741
1858,35.35953760147095,0.6949047446250916,0.15946505963802338,-0.36205893754959106,0.6423466801643372,0.115107960999012,0.2773553431034088,3.0946714878082275,0.06262505054473877
1859,35.38579058647156,0.6949047446250916,0.15946505963802338,-0.36205893754959106,0.6469358801841736,0.09883873164653778,0.3235883116722107,3.101973056793213,0.06783244013786316
1860,35.39650893211365,0.6949047446250916,0.15946505963802338,-0.36205893754959106,0.654747486114502,0.09713006019592285,0.3029702603816986,3.1096322536468506,0.07086902856826782
1861,35.42662572860718,0.6949047446250916,0.15946505963802338,-0.36205893754959106,0.6705038547515869,0.10716436058282852,0.24339739978313446,3.115530014038086,0.06988009810447693
1862,35.43782186508179,0.6949047446250916,0.15946505963802338,-0.36205893754959106,0.6914640069007874,0.12370672821998596,0.13077668845653534,3.1204988956451416,0.06481244415044785
1863,35.46787166595459,0.6949047446250916,0.15946505963802338,-0.36205893754959106,0.7141011953353882,0.13726596534252167,-0.010635558515787125,3.1264383792877197,0.05684518814086914
1864,35.481160163879395,0.6949047446250916,0.15946505963802338,-0.36205893754959106,0.7335918545722961,0.14074617624282837,-0.09646226465702057,3.133577585220337,0.048140980303287506
1865,35.50707769393921,0.6949047446250916,0.15946505963802338,-0.36205893754959106,0.7501064538955688,0.14245985448360443,-0.1312352567911148,3.1385746002197266,0.04297780990600586
1866,35.517781496047974,0.6949047446250916,0.15946505963802338,-0.36205893754959106,0.7555937170982361,0.15387244522571564,-0.11218881607055664,3.132553815841675,0.049792028963565826
1867,35.54402565956116,0.6949047446250916,0.15946505963802338,-0.36205893754959106,0.7139167189598083,0.16542886197566986,-0.11186964809894562,3.114082098007202,0.06606273353099823
1868,35.55419898033142,0.6949047446250916,0.15946505963802338,-0.36205893754959106,0.6876940131187439,0.11837493628263474,-0.2305581420660019,3.1130781173706055,0.060904309153556824
1869,35.57989835739136,0.6949047446250916,0.15946505963802338,-0.36205893754959106,0.6391828060150146,0.08495470881462097,-0.367657870054245,3.1281661987304688,0.05268346518278122
1870,35.59133958816528,0.6949047446250916,0.15946505963802338,-0.36205893754959106,0.6112010478973389,0.0709453597664833,-0.4170825481414795,-3.139519453048706,0.04620686173439026
1871,35.61802268028259,0.6949047446250916,0.15946505963802338,-0.36205893754959106,0.596398115158081,0.06600724160671234,-0.4416717290878296,-3.132556915283203,0.04029868543148041
1872,35.62869358062744,0.6949047446250916,0.15946505963802338,-0.36205893754959106,0.5822363495826721,0.05990753322839737,-0.386303186416626,-3.1347005367279053,0.03615550696849823
1873,35.65457224845886,0.6949047446250916,0.15946505963802338,-0.36205893754959106,0.570379376411438,0.04814017564058304,-0.3023934066295624,3.141284227371216,0.034220416098833084
1874,35.665250301361084,0.6949047446250916,0.15946505963802338,-0.36205893754959106,0.5633110404014587,0.029481245204806328,-0.27519431710243225,3.13289737701416,0.03257742524147034
1875,35.69714093208313,0.6949047446250916,0.15946505963802338,-0.36205893754959106,0.5590740442276001,0.00617494061589241,-0.25272971391677856,3.1250407695770264,0.03104626014828682
1876,35.709940671920776,0.6949047446250916,0.15946505963802338,-0.36205893754959106,0.5584403276443481,-0.018592320382595062,-0.21268311142921448,3.1177215576171875,0.03126458078622818
1877,35.737329959869385,0.6949047446250916,0.15946505963802338,-0.36205893754959106,0.5643576383590698,-0.04409747198224068,-0.15358774363994598,3.1101996898651123,0.03415929898619652
1878,35.74859833717346,0.6949047446250916,0.15946505963802338,-0.36205893754959106,0.5776546001434326,-0.07221594452857971,-0.08275896310806274,3.103304862976074,0.03980147838592529
1879,35.776875257492065,0.6949047446250916,0.15946505963802338,-0.36205893754959106,0.5979122519493103,-0.10506745427846909,-0.04569516330957413,3.100858449935913,0.047621775418519974
1880,35.78718137741089,0.6949047446250916,0.15946505963802338,-0.36205893754959106,0.623426079750061,-0.13998369872570038,-0.06115413457155228,3.1070778369903564,0.056951843202114105
1881,35.81315994262695,0.6949047446250916,0.15946505963802338,-0.36205893754959106,0.6394950151443481,-0.17079466581344604,-0.1386471688747406,3.1247458457946777,0.07016807794570923
1882,35.82348418235779,0.6949047446250916,0.15946505963802338,-0.36205893754959106,0.6589016914367676,-0.16517993807792664,-0.5933607816696167,-3.134547472000122,0.08215460181236267
1883,35.84993004798889,0.6949047446250916,0.15946505963802338,-0.36205893754959106,0.6281957626342773,-0.10198695957660675,-0.48137784004211426,-3.126542091369629,0.08316375315189362
1884,35.86087346076965,0.6949047446250916,0.15946505963802338,-0.36205893754959106,0.5861777067184448,-0.046538062393665314,-0.369236558675766,-3.1358320713043213,0.07975909858942032
1885,35.89020252227783,0.6949047446250916,0.15946505963802338,-0.36205893754959106,0.5564192533493042,-0.00747744832187891,-0.3497002124786377,3.1332716941833496,0.07467520236968994
1886,35.90063428878784,0.6949047446250916,0.15946505963802338,-0.36205893754959106,0.5412455201148987,0.024997171014547348,-0.33130544424057007,3.1205978393554688,0.06841225922107697
1887,35.926719665527344,0.6949047446250916,0.15946505963802338,-0.36205893754959106,0.5362186431884766,0.05271832272410393,-0.3121750056743622,3.110569953918457,0.06072056666016579
1888,35.937511682510376,0.6949047446250916,0.15946505963802338,-0.36205893754959106,0.5342684388160706,0.07745703309774399,-0.2835579514503479,3.1030988693237305,0.052861738950014114
1889,35.96345543861389,0.6949047446250916,0.15946505963802338,-0.36205893754959106,0.5346841216087341,0.09905777126550674,-0.2423999309539795,3.0981390476226807,0.04635921120643616
1890,35.97373938560486,0.6949047446250916,0.15946505963802338,-0.36205893754959106,0.5371869802474976,0.11923720687627792,-0.20165656507015228,3.095839023590088,0.04137968644499779
1891,35.9996292591095,0.6949047446250916,0.15946505963802338,-0.36205893754959106,0.5406961441040039,0.14265426993370056,-0.1837603896856308,3.0963470935821533,0.036729224026203156
1892,36.010050773620605,0.6949047446250916,0.15946505963802338,-0.36205893754959106,0.5449368953704834,0.17370760440826416,-0.2061787247657776,3.0989952087402344,0.030849413946270943
1893,36.03755068778992,0.6949047446250916,0.15946505963802338,-0.36205893754959106,0.548916220664978,0.21070082485675812,-0.24604564905166626,3.102119207382202,0.023379921913146973
1894,36.0475115776062,0.6949047446250916,0.15946505963802338,-0.36205893754959106,0.551483154296875,0.24814343452453613,-0.2759721279144287,3.104670286178589,0.016166891902685165
1895,36.073752641677856,0.6949047446250916,0.15946505963802338,-0.36205893754959106,0.5537850260734558,0.2837919592857361,-0.2928308844566345,3.1061360836029053,0.011971240863204002
1896,36.08423829078674,0.6949047446250916,0.15946505963802338,-0.36205893754959106,0.499904602766037,0.35690492391586304,-0.24843516945838928,3.103801965713501,0.011816001497209072
1897,36.112399101257324,0.6949047446250916,0.15946505963802338,-0.36205893754959106,0.5119398832321167,0.31528156995773315,-0.14527609944343567,3.099933385848999,0.009410793893039227
1898,36.12391972541809,0.6949047446250916,0.15946505963802338,-0.36205893754959106,0.5089545845985413,0.29306983947753906,-0.1672455221414566,3.102137804031372,0.018270887434482574
1899,36.14973974227905,0.6949047446250916,0.15946505963802338,-0.36205893754959106,0.5266520380973816,0.2720615863800049,-0.1799950748682022,3.1054656505584717,0.02636299841105938
1900,36.162006855010986,0.6949047446250916,0.15946505963802338,-0.36205893754959106,0.5313794016838074,0.23604942858219147,-0.2758506238460541,3.11096453666687,0.025412442162632942
1901,36.189552307128906,0.6949047446250916,0.15946505963802338,-0.36205893754959106,0.5258986949920654,0.2022543102502823,-0.3603271245956421,3.118610143661499,0.01818126067519188
1902,36.20095252990723,0.6949047446250916,0.15946505963802338,-0.36205893754959106,0.5244898200035095,0.17966966331005096,-0.3836827278137207,3.1251211166381836,0.00924028642475605
1903,36.22841501235962,0.6949047446250916,0.15946505963802338,-0.36205893754959106,0.528921365737915,0.15947934985160828,-0.38163307309150696,3.1294286251068115,0.001338805304840207
1904,36.239553689956665,0.6949047446250916,0.15946505963802338,-0.36205893754959106,0.5390470027923584,0.1379203498363495,-0.3650643527507782,3.131669521331787,-0.005411847960203886
1905,36.26517391204834,0.6949047446250916,0.15946505963802338,-0.36205893754959106,0.5539997816085815,0.11459361761808395,-0.3567540943622589,3.131838083267212,-0.01162298396229744
1906,36.275766134262085,0.6949047446250916,0.15946505963802338,-0.36205893754959106,0.5725327730178833,0.0908149927854538,-0.359165221452713,3.1298584938049316,-0.01713828183710575
1907,36.30180478096008,0.6949047446250916,0.15946505963802338,-0.36205893754959106,0.5949234366416931,0.0709180235862732,-0.3278644382953644,3.124704599380493,-0.020492350682616234
1908,36.31276559829712,0.6949047446250916,0.15946505963802338,-0.36205893754959106,0.6234992742538452,0.054449182003736496,-0.3109385669231415,3.116147994995117,-0.020954420790076256
1909,36.33932590484619,0.6949047446250916,0.15946505963802338,-0.36205893754959106,0.6598957777023315,0.03838486969470978,-0.2902173101902008,3.106513261795044,-0.01933971792459488
1910,36.34979295730591,0.6949047446250916,0.15946505963802338,-0.36205893754959106,0.7022038102149963,0.01997377723455429,-0.28132832050323486,3.0995702743530273,-0.01718257926404476
1911,36.381553649902344,0.6949047446250916,0.15946505963802338,-0.36205893754959106,0.7458184361457825,-0.0017408787971362472,-0.3205525875091553,3.0994558334350586,-0.015270949341356754
1912,36.40005683898926,0.6949047446250916,0.15946505963802338,-0.36205893754959106,0.7809082865715027,-0.022602083161473274,-0.4294528663158417,3.109741687774658,-0.0112195098772645
1913,36.42846465110779,0.6949047446250916,0.15946505963802338,-0.36205893754959106,0.79715895652771,-0.036969754844903946,-0.5326821208000183,3.1321864128112793,8.094993972918019e-05
1914,36.43873929977417,0.6949047446250916,0.15946505963802338,-0.36205893754959106,0.794295072555542,-0.02185179479420185,-0.7033882737159729,-3.127115249633789,0.012834178283810616
1915,36.464760541915894,0.6949047446250916,0.15946505963802338,-0.36205893754959106,0.7101863622665405,0.042225878685712814,-0.3687635064125061,-3.126845598220825,0.01841249316930771
1916,36.475102186203,0.6949047446250916,0.15946505963802338,-0.36205893754959106,0.645317554473877,0.07506852596998215,-0.33925798535346985,-3.141116142272949,0.02631857618689537
1917,36.50121998786926,0.6949047446250916,0.15946505963802338,-0.36205893754959106,0.6071151494979858,0.09570872038602829,-0.34614646434783936,3.1260507106781006,0.03493040055036545
1918,36.51159882545471,0.6949047446250916,0.15946505963802338,-0.36205893754959106,0.5888928771018982,0.11239852756261826,-0.3468990921974182,3.112086296081543,0.04069960117340088
1919,36.538535594940186,0.6949047446250916,0.15946505963802338,-0.36205893754959106,0.5829906463623047,0.12841352820396423,-0.32754412293434143,3.1008408069610596,0.04132205620408058
1920,36.549086570739746,0.6949047446250916,0.15946505963802338,-0.36205893754959106,0.583770215511322,0.14484509825706482,-0.2795603275299072,3.092395067214966,0.03718923032283783
1921,36.57530212402344,0.6949047446250916,0.15946505963802338,-0.36205893754959106,0.5891668796539307,0.1576879918575287,-0.22447989881038666,3.0871922969818115,0.03128237649798393
1922,36.586040019989014,0.6949047446250916,0.15946505963802338,-0.36205893754959106,0.5981048345565796,0.16101396083831787,-0.1712607741355896,3.08605694770813,0.027546878904104233
1923,36.612536907196045,0.6949047446250916,0.15946505963802338,-0.36205893754959106,0.6095986366271973,0.15662480890750885,-0.08039522171020508,3.088940382003784,0.027232805266976357
1924,36.62250208854675,0.6949047446250916,0.15946505963802338,-0.36205893754959106,0.6201696395874023,0.15382185578346252,0.021440904587507248,3.0947160720825195,0.028423119336366653
1925,36.64870357513428,0.6949047446250916,0.15946505963802338,-0.36205893754959106,0.6310997605323792,0.1617768257856369,0.06939316540956497,3.1019904613494873,0.028089258819818497
1926,36.65903067588806,0.6949047446250916,0.15946505963802338,-0.36205893754959106,0.644965410232544,0.18208400905132294,0.01566135324537754,3.1098785400390625,0.024162940680980682
1927,36.68517589569092,0.6949047446250916,0.15946505963802338,-0.36205893754959106,0.6610901355743408,0.21304358541965485,-0.10878609120845795,3.117375612258911,0.016259510070085526
1928,36.696409940719604,0.6949047446250916,0.15946505963802338,-0.36205893754959106,0.6761860251426697,0.24336302280426025,-0.18217673897743225,3.123016119003296,0.005702367052435875
1929,36.72314190864563,0.6949047446250916,0.15946505963802338,-0.36205893754959106,0.687096893787384,0.26221153140068054,-0.1823480725288391,3.126408338546753,-0.00384504534304142
1930,36.734436988830566,0.6949047446250916,0.15946505963802338,-0.36205893754959106,0.6956612467765808,0.2782057225704193,-0.204198956489563,3.127829074859619,-0.007390689104795456
1931,36.76095199584961,0.6949047446250916,0.15946505963802338,-0.36205893754959106,0.6577990651130676,0.3193816840648651,-0.12531065940856934,3.12089467048645,-0.0052183400839567184
1932,36.77112174034119,0.6949047446250916,0.15946505963802338,-0.36205893754959106,0.6280454993247986,0.2794557809829712,0.18605248630046844,3.119290351867676,-0.007680701557546854
1933,36.798245429992676,0.6949047446250916,0.15946505963802338,-0.36205893754959106,0.5894328951835632,0.2122754007577896,-0.21713794767856598,3.129835367202759,0.0031557809561491013
1934,36.80865502357483,0.6949047446250916,0.15946505963802338,-0.36205893754959106,0.5751702785491943,0.16686517000198364,-0.470174640417099,-3.1399452686309814,0.0090476730838418
1935,36.83434271812439,0.6949047446250916,0.15946505963802338,-0.36205893754959106,0.571816086769104,0.1424843668937683,-0.4652453064918518,-3.1321301460266113,0.004807569086551666
1936,36.844529151916504,0.6949047446250916,0.15946505963802338,-0.36205893754959106,0.5648219585418701,0.1252283900976181,-0.4094528257846832,-3.1303601264953613,-0.0016483271028846502
1937,36.870914936065674,0.6949047446250916,0.15946505963802338,-0.36205893754959106,0.5574647784233093,0.10587875545024872,-0.3413085341453552,-3.133253574371338,-0.005112999118864536
1938,36.88163900375366,0.6949047446250916,0.15946505963802338,-0.36205893754959106,0.5537747740745544,0.07973020523786545,-0.3001498878002167,-3.138014793395996,-0.005546134896576405
1939,36.90752124786377,0.6949047446250916,0.15946505963802338,-0.36205893754959106,0.5553290843963623,0.049540117383003235,-0.29273346066474915,3.1406750679016113,-0.0044150883331894875
1940,36.91759967803955,0.6949047446250916,0.15946505963802338,-0.36205893754959106,0.5621213912963867,0.019728055223822594,-0.2888129651546478,3.135795831680298,-0.0016700881533324718
1941,36.94391393661499,0.6949047446250916,0.15946505963802338,-0.36205893754959106,0.5809421539306641,-0.010343082249164581,-0.1817104071378708,3.1289851665496826,0.0030045402236282825
1942,36.95425224304199,0.6949047446250916,0.15946505963802338,-0.36205893754959106,0.592621922492981,-0.03363834321498871,-0.2202368825674057,3.1241190433502197,0.009402730502188206
1943,36.97999405860901,0.6949047446250916,0.15946505963802338,-0.36205893754959106,0.6028700470924377,-0.04741084203124046,-0.24612388014793396,3.1244800090789795,0.016967376694083214
1944,36.990646839141846,0.6949047446250916,0.15946505963802338,-0.36205893754959106,0.6104474067687988,-0.06007544323801994,-0.23885731399059296,3.131779193878174,0.027914687991142273
1945,37.01657509803772,0.6949047446250916,0.15946505963802338,-0.36205893754959106,0.6121820211410522,-0.07096768170595169,-0.394463449716568,-3.139946222305298,0.03861575573682785
1946,37.02763271331787,-0.1963636726140976,-0.14146332442760468,0.2174074500799179,0.616912841796875,-0.07622832804918289,-0.5682557821273804,-3.126370906829834,0.0474189855158329
1947,37.05484747886658,-0.1963636726140976,-0.14146332442760468,0.2174074500799179,0.5546587705612183,-0.006995406933128834,-0.36565059423446655,-3.1221015453338623,0.055943381041288376
1948,37.06488251686096,-0.1963636726140976,-0.14146332442760468,0.2174074500799179,0.47722557187080383,0.06476593762636185,-0.008884042501449585,-3.132925510406494,0.069611556828022
1949,37.09083700180054,-0.1963636726140976,-0.14146332442760468,0.2174074500799179,0.44404539465904236,0.10316464304924011,0.0929909199476242,3.13297700881958,0.08553899079561234
1950,37.10157108306885,-0.1963636726140976,-0.14146332442760468,0.2174074500799179,0.44086307287216187,0.11924924701452255,0.08540961146354675,3.1151325702667236,0.09521359205245972
1951,37.12973880767822,-0.1963636726140976,-0.14146332442760468,0.2174074500799179,0.442705363035202,0.1226038932800293,0.057682838290929794,3.099252223968506,0.09604071825742722
1952,37.14020299911499,-0.1963636726140976,-0.14146332442760468,0.2174074500799179,0.4355470836162567,0.1229638084769249,0.08937569707632065,3.0883872509002686,0.09140096604824066
1953,37.16597080230713,-0.1963636726140976,-0.14146332442760468,0.2174074500799179,0.41897404193878174,0.12494952231645584,0.13508620858192444,3.0856211185455322,0.08646710962057114
1954,37.17747473716736,-0.1963636726140976,-0.14146332442760468,0.2174074500799179,0.39438825845718384,0.13185259699821472,0.12842965126037598,3.091262102127075,0.08468994498252869
1955,37.20382261276245,-0.1963636726140976,-0.14146332442760468,0.2174074500799179,0.3645963668823242,0.14476406574249268,0.0836995393037796,3.1028730869293213,0.08660776913166046
1956,37.21555209159851,-0.1963636726140976,-0.14146332442760468,0.2174074500799179,0.33356931805610657,0.15997128188610077,0.04504844546318054,3.115346908569336,0.09266574680805206
1957,37.24172759056091,-0.1963636726140976,-0.14146332442760468,0.2174074500799179,0.3052041828632355,0.1740146428346634,-0.0385182648897171,3.123420238494873,0.10450536012649536
1958,37.25195550918579,-0.1963636726140976,-0.14146332442760468,0.2174074500799179,0.281526654958725,0.1930704116821289,-0.14822624623775482,3.1242458820343018,0.12171144038438797
1959,37.27866244316101,-0.1963636726140976,-0.14146332442760468,0.2174074500799179,0.2594468295574188,0.21959857642650604,-0.233323872089386,3.118345260620117,0.14186380803585052
1960,37.28919434547424,-0.1963636726140976,-0.14146332442760468,0.2174074500799179,0.22561892867088318,0.2173471450805664,0.08252938091754913,3.1140127182006836,0.14454440772533417
1961,37.31494164466858,-0.1963636726140976,-0.14146332442760468,0.2174074500799179,0.14911533892154694,0.15811285376548767,0.22977137565612793,3.1277248859405518,0.13625191152095795
1962,37.32527804374695,-0.1963636726140976,-0.14146332442760468,0.2174074500799179,0.08925436437129974,0.11878672987222672,0.11051718890666962,-3.137115716934204,0.13009585440158844
1963,37.35105323791504,-0.1963636726140976,-0.14146332442760468,0.2174074500799179,0.04463697969913483,0.09951465576887131,-0.0010158270597457886,-3.123934507369995,0.11909130960702896
1964,37.36229658126831,-0.1963636726140976,-0.14146332442760468,0.2174074500799179,0.00048644281923770905,0.08512084931135178,-0.02844628319144249,-3.1156930923461914,0.10139331221580505
1965,37.38867664337158,-0.1963636726140976,-0.14146332442760468,0.2174074500799179,-0.05142979323863983,0.06647536158561707,-0.028931118547916412,-3.1095337867736816,0.08127645403146744
1966,37.39909291267395,-0.1963636726140976,-0.14146332442760468,0.2174074500799179,-0.11066514998674393,0.03846012428402901,0.03192160278558731,-3.1050057411193848,0.06528148055076599
1967,37.424808740615845,-0.1963636726140976,-0.14146332442760468,0.2174074500799179,-0.17265276610851288,0.00827997736632824,0.13117803633213043,-3.1044323444366455,0.057123053818941116
1968,37.43529963493347,-0.1963636726140976,-0.14146332442760468,0.2174074500799179,-0.2373466193675995,-0.020379651337862015,0.23664996027946472,-3.1086690425872803,0.057863060384988785
1969,37.46086287498474,-0.1963636726140976,-0.14146332442760468,0.2174074500799179,-0.30227333307266235,-0.047415971755981445,0.2672916054725647,-3.1148324012756348,0.06572453677654266
1970,37.470956325531006,-0.1963636726140976,-0.14146332442760468,0.2174074500799179,-0.3640819787979126,-0.07265838980674744,0.28465473651885986,-3.120213747024536,0.07628317922353745
1971,37.49864983558655,-0.1963636726140976,-0.14146332442760468,0.2174074500799179,-0.42230531573295593,-0.0951482281088829,0.29549217224121094,-3.123746156692505,0.08604635298252106
1972,37.50975751876831,-0.1963636726140976,-0.14146332442760468,0.2174074500799179,-0.4752000868320465,-0.11349619179964066,0.30050140619277954,-3.124959707260132,0.09387673437595367
1973,37.539416790008545,-0.1963636726140976,-0.14146332442760468,0.2174074500799179,-0.5195953249931335,-0.12540088593959808,0.269670695066452,-3.1239583492279053,0.10098259896039963
1974,37.55004286766052,-0.1963636726140976,-0.14146332442760468,0.2174074500799179,-0.5573742389678955,-0.13209035992622375,0.2040223479270935,-3.120339870452881,0.1104564517736435
1975,37.57567286491394,-0.1963636726140976,-0.14146332442760468,0.2174074500799179,-0.5733597278594971,-0.14594516158103943,0.17569486796855927,-3.1110708713531494,0.12404714524745941
1976,37.58569645881653,-0.1963636726140976,-0.14146332442760468,0.2174074500799179,-0.5007560849189758,-0.1235591471195221,0.5058155655860901,-3.105401039123535,0.12902438640594482
1977,37.61154913902283,-0.1963636726140976,-0.14146332442760468,0.2174074500799179,-0.42692139744758606,-0.10203634947538376,0.5546709895133972,-3.105534315109253,0.12706191837787628
1978,37.62160062789917,-0.1963636726140976,-0.14146332442760468,0.2174074500799179,-0.3567848205566406,-0.08441010862588882,0.5150840878486633,-3.1097190380096436,0.11822512745857239
1979,37.647770404815674,-0.1963636726140976,-0.14146332442760468,0.2174074500799179,-0.31122270226478577,-0.07376100867986679,0.5187089443206787,-3.118072748184204,0.10209047049283981
1980,37.65807914733887,-0.1963636726140976,-0.14146332442760468,0.2174074500799179,-0.2889648377895355,-0.0732245147228241,0.45313820242881775,-3.1274971961975098,0.08232463151216507
1981,37.683971881866455,-0.1963636726140976,-0.14146332442760468,0.2174074500799179,-0.28272074460983276,-0.07556373625993729,0.3935287594795227,-3.135404348373413,0.06269336491823196
1982,37.694226026535034,-0.1963636726140976,-0.14146332442760468,0.2174074500799179,-0.2823907732963562,-0.07724869251251221,0.336883544921875,3.141321897506714,0.046391092240810394
1983,37.71998620033264,-0.1963636726140976,-0.14146332442760468,0.2174074500799179,-0.28031402826309204,-0.07656137645244598,0.3029753863811493,3.1348342895507812,0.03420991078019142
1984,37.73094463348389,-0.1963636726140976,-0.14146332442760468,0.2174074500799179,-0.2749004662036896,-0.07343049347400665,0.26743897795677185,3.126985788345337,0.025488441810011864
1985,37.75773549079895,-0.1963636726140976,-0.14146332442760468,0.2174074500799179,-0.27124911546707153,-0.07192672789096832,0.25473445653915405,3.118166923522949,0.01999201811850071
1986,37.767701864242554,-0.1963636726140976,-0.14146332442760468,0.2174074500799179,-0.272207111120224,-0.07453053444623947,0.257398784160614,3.109273910522461,0.01888972334563732
1987,37.79330062866211,-0.1963636726140976,-0.14146332442760468,0.2174074500799179,-0.2772570550441742,-0.08083191514015198,0.2761758267879486,3.1012446880340576,0.022641897201538086
1988,37.802966356277466,-0.1963636726140976,-0.14146332442760468,0.2174074500799179,-0.28291696310043335,-0.08799568563699722,0.2562655210494995,3.095323324203491,0.03011656180024147
1989,37.829397678375244,-0.1963636726140976,-0.14146332442760468,0.2174074500799179,-0.289365291595459,-0.0975860133767128,0.20317818224430084,3.0927908420562744,0.03899753466248512
1990,37.839234352111816,-0.1963636726140976,-0.14146332442760468,0.2174074500799179,-0.2955605983734131,-0.10918165743350983,0.11468210816383362,3.0941503047943115,0.04702942073345184
1991,37.866106271743774,-0.1963636726140976,-0.14146332442760468,0.2174074500799179,-0.30185115337371826,-0.12154783308506012,-0.021784253418445587,3.100217580795288,0.05321355164051056
1992,37.876224517822266,-0.1963636726140976,-0.14146332442760468,0.2174074500799179,-0.3101568818092346,-0.13337978720664978,-0.1725548803806305,3.111402988433838,0.057488854974508286
1993,37.90254211425781,-0.1963636726140976,-0.14146332442760468,0.2174074500799179,-0.320123553276062,-0.14302068948745728,-0.29866260290145874,3.1263322830200195,0.05961782857775688
1994,37.91280817985535,-0.1963636726140976,-0.14146332442760468,0.2174074500799179,-0.3328736126422882,-0.15267838537693024,-0.3711617887020111,-3.140162467956543,0.0595925971865654
1995,37.9392671585083,-0.1963636726140976,-0.14146332442760468,0.2174074500799179,-0.34756189584732056,-0.163206085562706,-0.37940678000450134,-3.12424898147583,0.057787973433732986
1996,37.94941806793213,-0.1963636726140976,-0.14146332442760468,0.2174074500799179,-0.35978013277053833,-0.17582722008228302,-0.3365282714366913,-3.112147569656372,0.05422481521964073
1997,37.975831270217896,-0.1963636726140976,-0.14146332442760468,0.2174074500799179,-0.365266889333725,-0.19257956743240356,-0.27133816480636597,-3.1069037914276123,0.047731805592775345
1998,37.98611831665039,-0.1963636726140976,-0.14146332442760468,0.2174074500799179,-0.3673684895038605,-0.208579882979393,-0.21585194766521454,-3.1121649742126465,0.03602370619773865
1999,38.012351751327515,-0.1963636726140976,-0.14146332442760468,0.2174074500799179,-0.3750584125518799,-0.22694264352321625,-0.17255769670009613,-3.1291544437408447,0.018993651494383812
2000,38.02258014678955,-0.1963636726140976,-0.14146332442760468,0.2174074500799179,-0.3904370367527008,-0.24708586931228638,-0.0200935248285532,3.131505250930786,0.004030541051179171
2001,38.06106495857239,-0.1963636726140976,-0.14146332442760468,0.2174074500799179,-0.3444851338863373,-0.3091656565666199,0.5694988369941711,3.1239826679229736,-0.01221854705363512
2002,38.07174110412598,-0.1963636726140976,-0.14146332442760468,0.2174074500799179,-0.31619998812675476,-0.3277582824230194,0.8746135830879211,3.1343157291412354,-0.02374788001179695
2003,38.097867250442505,-0.1963636726140976,-0.14146332442760468,0.2174074500799179,-0.32867300510406494,-0.35838714241981506,0.7519276142120361,-3.140170097351074,-0.02331853285431862
2004,38.108996868133545,-0.1963636726140976,-0.14146332442760468,0.2174074500799179,-0.34110763669013977,-0.39500680565834045,0.46022385358810425,-3.129007339477539,-0.014423558488488197
2005,38.13576626777649,-0.1963636726140976,-0.14146332442760468,0.2174074500799179,-0.3389506936073303,-0.4300631582736969,0.24787335097789764,-3.1188321113586426,-0.008843312039971352
2006,38.14736843109131,-0.1963636726140976,-0.14146332442760468,0.2174074500799179,-0.33041900396347046,-0.4496058225631714,0.23430794477462769,-3.112452268600464,-0.006572602782398462
2007,38.17395544052124,-0.1963636726140976,-0.14146332442760468,0.2174074500799179,-0.3213651180267334,-0.45151740312576294,0.2968250811100006,-3.107753038406372,-0.005977331195026636
2008,38.184643507003784,-0.1963636726140976,-0.14146332442760468,0.2174074500799179,-0.308383047580719,-0.4787811040878296,0.08376653492450714,-3.096304178237915,-0.014498317614197731
2009,38.21107268333435,-0.1963636726140976,-0.14146332442760468,0.2174074500799179,-0.2467193454504013,-0.4683314263820648,-0.3338630199432373,-3.0813684463500977,-0.038435809314250946
2010,38.22185039520264,-0.1963636726140976,-0.14146332442760468,0.2174074500799179,-0.2207460254430771,-0.38636553287506104,0.257839173078537,-3.0843443870544434,-0.07130003720521927
2011,38.24807381629944,-0.1963636726140976,-0.14146332442760468,0.2174074500799179,-0.23711943626403809,-0.31076183915138245,0.34145861864089966,-3.098233699798584,-0.08084756135940552
2012,38.26209759712219,-0.1963636726140976,-0.14146332442760468,0.2174074500799179,-0.2358437478542328,-0.26977553963661194,0.21976697444915771,-3.1168339252471924,-0.0721421092748642
2013,38.29302382469177,-0.1963636726140976,-0.14146332442760468,0.2174074500799179,-0.2121577262878418,-0.292942076921463,0.41824325919151306,-3.1329457759857178,-0.06452777236700058
2014,38.30342102050781,-0.1963636726140976,-0.14146332442760468,0.2174074500799179,-0.19677262008190155,-0.31447091698646545,0.4243495464324951,3.140371799468994,-0.0634903609752655
2015,38.33112144470215,-0.1963636726140976,-0.14146332442760468,0.2174074500799179,-0.18517261743545532,-0.32223647832870483,0.4233699142932892,3.1363632678985596,-0.06632620096206665
2016,38.34162735939026,-0.1963636726140976,-0.14146332442760468,0.2174074500799179,-0.17145265638828278,-0.3013559877872467,0.34644201397895813,3.1368250846862793,-0.07201259583234787
2017,38.36747145652771,-0.1963636726140976,-0.14146332442760468,0.2174074500799179,-0.15792211890220642,-0.2591194808483124,0.17608261108398438,3.1375389099121094,-0.0795532837510109
2018,38.37825965881348,-0.1963636726140976,-0.14146332442760468,0.2174074500799179,-0.14887000620365143,-0.21793349087238312,0.07290764153003693,3.1344962120056152,-0.08592391759157181
2019,38.40459084510803,-0.1963636726140976,-0.14146332442760468,0.2174074500799179,-0.1412411481142044,-0.1813279688358307,0.03937993943691254,3.1270854473114014,-0.08793947100639343
2020,38.41535043716431,-0.1963636726140976,-0.14146332442760468,0.2174074500799179,-0.13469074666500092,-0.15028999745845795,0.08301222324371338,3.1173131465911865,-0.08470408618450165
2021,38.44214940071106,-0.1963636726140976,-0.14146332442760468,0.2174074500799179,-0.12889660894870758,-0.12680977582931519,0.12719827890396118,3.107203483581543,-0.07679060101509094
2022,38.45303726196289,-0.1963636726140976,-0.14146332442760468,0.2174074500799179,-0.12182600796222687,-0.10629326105117798,0.05601833015680313,3.0967931747436523,-0.0653332993388176
2023,38.48094296455383,-0.1963636726140976,-0.14146332442760468,0.2174074500799179,-0.11344195902347565,-0.09118020534515381,0.047502659261226654,3.086129903793335,-0.05275527760386467
2024,38.493699073791504,-0.1963636726140976,-0.14146332442760468,0.2174074500799179,-0.10229596495628357,-0.07372812181711197,-0.008200660347938538,3.077282190322876,-0.04113326594233513
2025,38.51983618736267,-0.1963636726140976,-0.14146332442760468,0.2174074500799179,-0.08993635326623917,-0.05949542298913002,-0.026598572731018066,3.0734806060791016,-0.031979337334632874
2026,38.53068518638611,-0.1963636726140976,-0.14146332442760468,0.2174074500799179,-0.07172800600528717,-0.04121921956539154,0.01763075217604637,3.075589656829834,-0.027465559542179108
2027,38.556442975997925,-0.1963636726140976,-0.14146332442760468,0.2174074500799179,-0.05340059474110603,-0.018427373841404915,0.1307142823934555,3.081995725631714,-0.028545884415507317
2028,38.566856384277344,-0.1963636726140976,-0.14146332442760468,0.2174074500799179,-0.040604908019304276,0.006404058542102575,0.2250124216079712,3.09049916267395,-0.03281669318675995
2029,38.59291672706604,-0.1963636726140976,-0.14146332442760468,0.2174074500799179,-0.03568452596664429,0.025827854871749878,0.249620720744133,3.0992133617401123,-0.03561968356370926
2030,38.60338568687439,-0.1963636726140976,-0.14146332442760468,0.2174074500799179,-0.0299063790589571,0.04655902832746506,0.2076750546693802,3.1060428619384766,-0.03519829735159874
2031,38.630064249038696,-0.1963636726140976,-0.14146332442760468,0.2174074500799179,-0.020773831754922867,0.06455110758543015,0.14176863431930542,3.1085712909698486,-0.03345045447349548
2032,38.640969038009644,-0.1963636726140976,-0.14146332442760468,0.2174074500799179,-0.035801343619823456,0.10728342086076736,0.2193460613489151,3.1057701110839844,-0.03384726122021675
2033,38.66716170310974,-0.1963636726140976,-0.14146332442760468,0.2174074500799179,-0.02433168515563011,0.053092263638973236,0.2651655077934265,3.1039319038391113,-0.042472921311855316
2034,38.67775368690491,-0.1963636726140976,-0.14146332442760468,0.2174074500799179,-0.03486975282430649,0.014573641121387482,0.1958446055650711,3.1055400371551514,-0.050876740366220474
2035,38.7061870098114,-0.1963636726140976,-0.14146332442760468,0.2174074500799179,-0.05247700586915016,-0.02802746742963791,0.19581405818462372,3.110055685043335,-0.05564146488904953
2036,38.71670699119568,-0.1963636726140976,-0.14146332442760468,0.2174074500799179,-0.0709320604801178,-0.0689685270190239,0.17185305058956146,3.117259979248047,-0.05503466725349426
2037,38.743786334991455,-0.1963636726140976,-0.14146332442760468,0.2174074500799179,-0.08445299416780472,-0.10885495692491531,0.15655654668807983,3.12654447555542,-0.05174253135919571
2038,38.754138231277466,-0.1963636726140976,-0.14146332442760468,0.2174074500799179,-0.09518763422966003,-0.14685499668121338,0.13448768854141235,3.1357686519622803,-0.04856254160404205
2039,38.78000521659851,-0.1963636726140976,-0.14146332442760468,0.2174074500799179,-0.10474608838558197,-0.1809500753879547,0.12466421723365784,3.141435384750366,-0.045732852071523666
2040,38.79107618331909,-0.1963636726140976,-0.14146332442760468,0.2174074500799179,-0.11259221285581589,-0.21124128997325897,0.12706829607486725,-3.1411612033843994,-0.0429592989385128
2041,38.817755699157715,-0.1963636726140976,-0.14146332442760468,0.2174074500799179,-0.12068859487771988,-0.24068908393383026,0.15473920106887817,3.139192819595337,-0.04025225341320038
2042,38.82791066169739,-0.1963636726140976,-0.14146332442760468,0.2174074500799179,-0.12950685620307922,-0.26686182618141174,0.17727071046829224,3.1362662315368652,-0.037336498498916626
2043,38.855132818222046,-0.1963636726140976,-0.14146332442760468,0.2174074500799179,-0.14038999378681183,-0.2894769012928009,0.19411568343639374,3.1370368003845215,-0.03316821902990341
2044,38.86529803276062,-0.1963636726140976,-0.14146332442760468,0.2174074500799179,-0.12240546941757202,-0.28682848811149597,0.09781345725059509,3.1367015838623047,-0.03672265633940697
2045,38.894124031066895,-0.1963636726140976,-0.14146332442760468,0.2174074500799179,-0.13551849126815796,-0.2725778818130493,0.28894808888435364,3.132765769958496,-0.0444515086710453
2046,38.90430164337158,-0.1963636726140976,-0.14146332442760468,0.2174074500799179,-0.15278711915016174,-0.25687548518180847,0.4075533151626587,3.1297340393066406,-0.04574776440858841
2047,38.930585861206055,-0.1963636726140976,-0.14146332442760468,0.2174074500799179,-0.1604338139295578,-0.23960314691066742,0.49991241097450256,3.1275734901428223,-0.044523075222969055
2048,38.94108247756958,-0.1963636726140976,-0.14146332442760468,0.2174074500799179,-0.16184470057487488,-0.21634702384471893,0.5559137463569641,3.126349925994873,-0.044866736978292465
2049,38.9671585559845,-0.1963636726140976,-0.14146332442760468,0.2174074500799179,-0.1633402407169342,-0.18280324339866638,0.37641477584838867,3.125032424926758,-0.046374570578336716
2050,38.977545976638794,-0.1963636726140976,-0.14146332442760468,0.2174074500799179,-0.1669175922870636,-0.1517738550901413,0.24793796241283417,3.1199398040771484,-0.04759417474269867
2051,39.00513768196106,-0.1963636726140976,-0.14146332442760468,0.2174074500799179,-0.17212989926338196,-0.1262216717004776,0.19367246329784393,3.111485004425049,-0.046712346374988556
2052,39.015376329422,-0.1963636726140976,-0.14146332442760468,0.2174074500799179,-0.17904049158096313,-0.1050977110862732,0.1823849231004715,3.103245973587036,-0.043133318424224854
2053,39.04241466522217,-0.1963636726140976,-0.14146332442760468,0.2174074500799179,-0.18723739683628082,-0.08618129789829254,0.15631619095802307,3.096724510192871,-0.03717149421572685
2054,39.053093671798706,-0.1963636726140976,-0.14146332442760468,0.2174074500799179,-0.19686107337474823,-0.06902766227722168,0.09497470408678055,3.0913052558898926,-0.029395265504717827
2055,39.080724000930786,-0.1963636726140976,-0.14146332442760468,0.2174074500799179,-0.20798981189727783,-0.05708065256476402,0.08305028080940247,3.0873823165893555,-0.02063034288585186
2056,39.091313123703,-0.1963636726140976,-0.14146332442760468,0.2174074500799179,-0.21966899931430817,-0.0477537102997303,0.06751801818609238,3.0868754386901855,-0.011787685565650463
2057,39.118220806121826,-0.1963636726140976,-0.14146332442760468,0.2174074500799179,-0.22931155562400818,-0.0381934717297554,0.007877450436353683,3.090925693511963,-0.004129124339669943
2058,39.13012170791626,-0.1963636726140976,-0.14146332442760468,0.2174074500799179,-0.23939532041549683,-0.028567546978592873,-0.09961830824613571,3.099407911300659,0.0016735412646085024
2059,39.15632748603821,-0.1963636726140976,-0.14146332442760468,0.2174074500799179,-0.250517874956131,-0.01787712238729,-0.19473089277744293,3.1103477478027344,0.00562023650854826
2060,39.168274879455566,-0.1963636726140976,-0.14146332442760468,0.2174074500799179,-0.26362112164497375,-0.006010066252201796,-0.24704906344413757,3.121032953262329,0.008434598334133625
2061,39.19555044174194,-0.1963636726140976,-0.14146332442760468,0.2174074500799179,-0.27865514159202576,0.005626977421343327,-0.25294631719589233,3.129812479019165,0.011710463091731071
2062,39.20696139335632,-0.1963636726140976,-0.14146332442760468,0.2174074500799179,-0.2901298403739929,0.017787547782063484,-0.21115738153457642,3.1355416774749756,0.015704255551099777
2063,39.239514112472534,-0.1963636726140976,-0.14146332442760468,0.2174074500799179,-0.30353155732154846,0.036179859191179276,0.09003328531980515,3.1377336978912354,0.017500929534435272
2064,39.24992847442627,-0.1963636726140976,-0.14146332442760468,0.2174074500799179,-0.29601263999938965,0.02336937189102173,-0.05387376621365547,3.1404876708984375,0.013111196458339691
2065,39.27714729309082,-0.1963636726140976,-0.14146332442760468,0.2174074500799179,-0.2822688817977905,0.0028701736591756344,-0.1265275925397873,3.1348578929901123,-0.002151475055143237
2066,39.29363989830017,-0.1963636726140976,-0.14146332442760468,0.2174074500799179,-0.2765083909034729,-0.02551005221903324,-0.07258647680282593,3.1192216873168945,-0.029065126553177834
2067,39.324379682540894,-0.1963636726140976,-0.14146332442760468,0.2174074500799179,-0.27512645721435547,-0.06917470693588257,0.1611146628856659,3.1005945205688477,-0.051263585686683655
2068,39.3355770111084,-0.1963636726140976,-0.14146332442760468,0.2174074500799179,-0.2770838141441345,-0.11349794268608093,0.3025299906730652,3.09086012840271,-0.05832513049244881
2069,39.362448930740356,-0.1963636726140976,-0.14146332442760468,0.2174074500799179,-0.2796323299407959,-0.15449108183383942,0.2525075674057007,3.09255313873291,-0.055444832891225815
2070,39.37315106391907,-0.1963636726140976,-0.14146332442760468,0.2174074500799179,-0.2800339460372925,-0.19490478932857513,0.13409072160720825,3.101832628250122,-0.050222575664520264
2071,39.40032196044922,-0.1963636726140976,-0.14146332442760468,0.2174074500799179,-0.276276171207428,-0.23431496322155,0.06302346289157867,3.1128199100494385,-0.04651942849159241
2072,39.410401821136475,-0.1963636726140976,-0.14146332442760468,0.2174074500799179,-0.2732424736022949,-0.2656945586204529,0.08259119838476181,3.120069742202759,-0.043092165142297745
2073,39.436912059783936,-0.1963636726140976,-0.14146332442760468,0.2174074500799179,-0.2681673467159271,-0.29307928681373596,0.13049252331256866,3.1231935024261475,-0.039562858641147614
2074,39.44713544845581,-0.1963636726140976,-0.14146332442760468,0.2174074500799179,-0.26380300521850586,-0.3169752359390259,0.14172181487083435,3.127509355545044,-0.03772667050361633
2075,39.47327208518982,-0.1963636726140976,-0.14146332442760468,0.2174074500799179,-0.2554146647453308,-0.3379443883895874,0.12263675034046173,3.137195348739624,-0.03999079763889313
2076,39.48342561721802,-0.1963636726140976,-0.14146332442760468,0.2174074500799179,-0.23630069196224213,-0.30391326546669006,0.22535698115825653,-3.1399943828582764,-0.046755868941545486
2077,39.50973391532898,-0.1963636726140976,-0.14146332442760468,0.2174074500799179,-0.22438283264636993,-0.26864704489707947,0.4226691424846649,-3.140174627304077,-0.05206167325377464
2078,39.520787477493286,-0.1963636726140976,-0.14146332442760468,0.2174074500799179,-0.21663375198841095,-0.2313496172428131,0.4947057366371155,3.1385414600372314,-0.054062195122241974
2079,39.54944467544556,-0.1963636726140976,-0.14146332442760468,0.2174074500799179,-0.20888377726078033,-0.2058223932981491,0.5717709064483643,3.132854700088501,-0.05442722886800766
2080,39.55973434448242,-0.1963636726140976,-0.14146332442760468,0.2174074500799179,-0.20255619287490845,-0.1812821477651596,0.5556111931800842,3.1288013458251953,-0.054285965859889984
2081,39.58571171760559,-0.1963636726140976,-0.14146332442760468,0.2174074500799179,-0.1940164864063263,-0.15497690439224243,0.45350390672683716,3.128032922744751,-0.055038489401340485
2082,39.59567093849182,-0.1963636726140976,-0.14146332442760468,0.2174074500799179,-0.1872093677520752,-0.12996026873588562,0.3171885013580322,3.1275575160980225,-0.05700658634305
2083,39.621366024017334,-0.1963636726140976,-0.14146332442760468,0.2174074500799179,-0.18397261202335358,-0.10980769246816635,0.2507145404815674,3.123735189437866,-0.05751151219010353
2084,39.631256341934204,-0.1963636726140976,-0.14146332442760468,0.2174074500799179,-0.18085013329982758,-0.09029307216405869,0.21637123823165894,3.117424726486206,-0.055094048380851746
2085,39.6571261882782,-0.1963636726140976,-0.14146332442760468,0.2174074500799179,-0.17813338339328766,-0.06846632808446884,0.1678275763988495,3.1101458072662354,-0.05067853257060051
2086,39.66702604293823,-0.1963636726140976,-0.14146332442760468,0.2174074500799179,-0.17648880183696747,-0.04574507474899292,0.09970962256193161,3.102243661880493,-0.04509563371539116
2087,39.69387245178223,-0.1963636726140976,-0.14146332442760468,0.2174074500799179,-0.1774975061416626,-0.024815138429403305,-0.002547362819314003,3.0939340591430664,-0.038251955062150955
2088,39.70410966873169,-0.1963636726140976,-0.14146332442760468,0.2174074500799179,-0.18521198630332947,-0.00804371852427721,-0.22553189098834991,3.086524724960327,-0.02817143127322197
2089,39.729918479919434,-0.1963636726140976,-0.14146332442760468,0.2174074500799179,-0.20472724735736847,0.0016670282930135727,-0.49634861946105957,3.079439878463745,-0.011604415252804756
2090,39.74015951156616,-0.1963636726140976,-0.14146332442760468,0.2174074500799179,-0.20051024854183197,0.011315735056996346,-0.5876791477203369,3.070833444595337,0.005087658297270536
2091,39.76619029045105,-0.1963636726140976,-0.14146332442760468,0.2174074500799179,-0.19274397194385529,0.028341788798570633,-0.3263469636440277,3.0656299591064453,0.014429859817028046
2092,39.77647113800049,-0.1963636726140976,-0.14146332442760468,0.2174074500799179,-0.22844725847244263,0.08178162574768066,0.3464442193508148,3.0689821243286133,0.019856898114085197
2093,39.80291128158569,-0.1963636726140976,-0.14146332442760468,0.2174074500799179,-0.20208442211151123,-0.007766297087073326,0.3152577877044678,3.080595016479492,0.024574309587478638
2094,39.8133327960968,-0.1963636726140976,-0.14146332442760468,0.2174074500799179,-0.17306646704673767,-0.07326563447713852,0.2621905505657196,3.097710371017456,0.026589807122945786
2095,39.84049153327942,-0.1963636726140976,-0.14146332442760468,0.2174074500799179,-0.15665528178215027,-0.08196473866701126,0.1263473629951477,3.10893177986145,0.01347020361572504
2096,39.850605726242065,-0.1963636726140976,-0.14146332442760468,0.2174074500799179,-0.17471061646938324,-0.06874065101146698,-0.003208313137292862,3.1083929538726807,-0.005562394391745329
2097,39.88004755973816,-0.1963636726140976,-0.14146332442760468,0.2174074500799179,-0.20167438685894012,-0.05727679654955864,-0.05004847049713135,3.1027791500091553,-0.02041124738752842
2098,39.890445947647095,-0.1963636726140976,-0.14146332442760468,0.2174074500799179,-0.22173573076725006,-0.04911484941840172,-0.019985083490610123,3.0983805656433105,-0.03265885263681412
2099,39.91659116744995,-0.1963636726140976,-0.14146332442760468,0.2174074500799179,-0.23868319392204285,-0.04680582880973816,-0.025782659649848938,3.0944159030914307,-0.047162801027297974
2100,39.92678713798523,-0.1963636726140976,-0.14146332442760468,0.2174074500799179,-0.25596076250076294,-0.06080012768507004,-0.033294156193733215,3.0876803398132324,-0.06300361454486847
2101,39.95277118682861,-0.1963636726140976,-0.14146332442760468,0.2174074500799179,-0.2669318616390228,-0.10189342498779297,0.15690243244171143,3.079566240310669,-0.07248227298259735
2102,39.96298003196716,-0.1963636726140976,-0.14146332442760468,0.2174074500799179,-0.27604159712791443,-0.14508751034736633,0.3832704722881317,3.0741636753082275,-0.06925902515649796
2103,39.98867678642273,-0.1963636726140976,-0.14146332442760468,0.2174074500799179,-0.29010942578315735,-0.18327702581882477,0.4691658318042755,3.0735790729522705,-0.056853294372558594
2104,39.999143838882446,-0.1963636726140976,-0.14146332442760468,0.2174074500799179,-0.30591195821762085,-0.21745173633098602,0.3932594656944275,3.078216552734375,-0.039884503930807114
2105,40.02571153640747,-0.1963636726140976,-0.14146332442760468,0.2174074500799179,-0.31896618008613586,-0.25243639945983887,0.28301480412483215,3.0858848094940186,-0.023434646427631378
2106,40.03575420379639,-0.1963636726140976,-0.14146332442760468,0.2174074500799179,-0.32926514744758606,-0.28148168325424194,0.23865289986133575,3.0932505130767822,-0.009479185566306114
2107,40.06342577934265,-0.1963636726140976,-0.14146332442760468,0.2174074500799179,-0.3381146788597107,-0.3003593385219574,0.2516092360019684,3.099705457687378,0.00264887697994709
2108,40.07435131072998,-0.1963636726140976,-0.14146332442760468,0.2174074500799179,-0.3483501672744751,-0.31618595123291016,0.2518237233161926,3.1100964546203613,0.013171249069273472
2109,40.10130715370178,-0.1963636726140976,-0.14146332442760468,0.2174074500799179,-0.2975364625453949,-0.2969016134738922,0.1894635558128357,3.1232995986938477,0.012511160224676132
2110,40.11224055290222,-0.1963636726140976,-0.14146332442760468,0.2174074500799179,-0.26853427290916443,-0.2519373297691345,0.42521220445632935,3.1271982192993164,-0.0033214951399713755
2111,40.138898849487305,-0.1963636726140976,-0.14146332442760468,0.2174074500799179,-0.2607845067977905,-0.21523715555667877,0.5552605390548706,3.1274726390838623,-0.015127066522836685
2112,40.14996910095215,-0.1963636726140976,-0.14146332442760468,0.2174074500799179,-0.25581929087638855,-0.18539610505104065,0.5386993885040283,3.1272857189178467,-0.020634811371564865
2113,40.17595601081848,-0.1963636726140976,-0.14146332442760468,0.2174074500799179,-0.25009337067604065,-0.164983868598938,0.5706425905227661,3.129274606704712,-0.02416088990867138
2114,40.187565088272095,-0.1963636726140976,-0.14146332442760468,0.2174074500799179,-0.24411065876483917,-0.14247572422027588,0.5713784694671631,3.1338300704956055,-0.02871841937303543
2115,40.21544623374939,-0.1963636726140976,-0.14146332442760468,0.2174074500799179,-0.23700638115406036,-0.11620618402957916,0.5454257726669312,3.140054225921631,-0.033880751579999924
2116,40.22822451591492,-0.1963636726140976,-0.14146332442760468,0.2174074500799179,-0.22808101773262024,-0.08637744933366776,0.3836773633956909,-3.1376302242279053,-0.039299074560403824
2117,40.255234479904175,-0.1963636726140976,-0.14146332442760468,0.2174074500799179,-0.2208322137594223,-0.05899224057793617,0.2487821877002716,-3.1369287967681885,-0.0434551015496254
2118,40.265469551086426,-0.1963636726140976,-0.14146332442760468,0.2174074500799179,-0.2173541933298111,-0.03235065937042236,0.18411219120025635,3.1414413452148438,-0.04386734217405319
2119,40.291563272476196,-0.1963636726140976,-0.14146332442760468,0.2174074500799179,-0.21492987871170044,-0.0034898100420832634,0.1504744440317154,3.133115291595459,-0.03963211923837662
2120,40.302093267440796,-0.1963636726140976,-0.14146332442760468,0.2174074500799179,-0.2136629819869995,0.028020551428198814,0.10025609284639359,3.1222753524780273,-0.03148901090025902
2121,40.32825326919556,-0.1963636726140976,-0.14146332442760468,0.2174074500799179,-0.21455265581607819,0.05784831941127777,0.04642532020807266,3.1091978549957275,-0.020619750022888184
2122,40.33924841880798,-0.1963636726140976,-0.14146332442760468,0.2174074500799179,-0.2181728035211563,0.08263852447271347,0.01963769644498825,3.095775604248047,-0.008288403041660786
2123,40.365283250808716,-0.1963636726140976,-0.14146332442760468,0.2174074500799179,-0.22240130603313446,0.10316934436559677,0.02216413989663124,3.085731267929077,0.003840100485831499
2124,40.376012563705444,-0.1963636726140976,-0.14146332442760468,0.2174074500799179,-0.2252778708934784,0.11894384771585464,0.0189933180809021,3.083228349685669,0.014839080162346363
2125,40.402915954589844,-0.1963636726140976,-0.14146332442760468,0.2174074500799179,-0.2237517535686493,0.1336924433708191,-0.006940705701708794,3.088772773742676,0.02445017173886299
2126,40.413273334503174,-0.1963636726140976,-0.14146332442760468,0.2174074500799179,-0.21858161687850952,0.15209780633449554,-0.028345651924610138,3.0983238220214844,0.03201877698302269
2127,40.43982529640198,-0.1963636726140976,-0.14146332442760468,0.2174074500799179,-0.2151302695274353,0.1757616400718689,-0.03517470136284828,3.1067075729370117,0.037261731922626495
2128,40.45010232925415,-0.1963636726140976,-0.14146332442760468,0.2174074500799179,-0.2097301185131073,0.20369865000247955,0.03874199092388153,3.1096444129943848,0.03968236967921257
2129,40.47949695587158,-0.1963636726140976,-0.14146332442760468,0.2174074500799179,-0.20875169336795807,0.2154075652360916,0.5163953900337219,3.112417697906494,0.03217747062444687
2130,40.49009418487549,-0.1963636726140976,-0.14146332442760468,0.2174074500799179,-0.20324350893497467,0.1869812160730362,0.24239793419837952,3.116198778152466,0.021876376122236252
2131,40.51578974723816,-0.1963636726140976,-0.14146332442760468,0.2174074500799179,-0.191105917096138,0.1531367152929306,0.08639386296272278,3.117157220840454,0.008178574033081532
2132,40.526296854019165,-0.1963636726140976,-0.14146332442760468,0.2174074500799179,-0.18680110573768616,0.10995017737150192,0.02293442003428936,3.116565227508545,-0.015148657374083996
2133,40.55276322364807,-0.1963636726140976,-0.14146332442760468,0.2174074500799179,-0.20235389471054077,0.05988754704594612,0.19443348050117493,3.114264726638794,-0.03443993255496025
2134,40.56324076652527,-0.1963636726140976,-0.14146332442760468,0.2174074500799179,-0.22020792961120605,0.02176497131586075,0.2741463780403137,3.1120362281799316,-0.04147500917315483
2135,40.58894872665405,-0.1963636726140976,-0.14146332442760468,0.2174074500799179,-0.233750581741333,-0.011744018644094467,0.2606163024902344,3.1118180751800537,-0.038156818598508835
2136,40.599711656570435,-0.1963636726140976,-0.14146332442760468,0.2174074500799179,-0.2432466596364975,-0.046997107565402985,0.22485284507274628,3.1142117977142334,-0.02980630099773407
2137,40.62747550010681,-0.1963636726140976,-0.14146332442760468,0.2174074500799179,-0.250813364982605,-0.0840575322508812,0.20198021829128265,3.118198871612549,-0.021052414551377296
2138,40.63823461532593,-0.1963636726140976,-0.14146332442760468,0.2174074500799179,-0.25826770067214966,-0.11861736327409744,0.20157307386398315,3.121532678604126,-0.0135645167902112
2139,40.66482162475586,-0.1963636726140976,-0.14146332442760468,0.2174074500799179,-0.26642605662345886,-0.14845086634159088,0.22378355264663696,3.121988296508789,-0.006926994305104017
2140,40.675692081451416,-0.1963636726140976,-0.14146332442760468,0.2174074500799179,-0.27405256032943726,-0.17340132594108582,0.23320536315441132,3.1194534301757812,-0.0012739116791635752
2141,40.70152759552002,-0.1963636726140976,-0.14146332442760468,0.2174074500799179,-0.2828131914138794,-0.19562791287899017,0.2295750379562378,3.1160454750061035,0.0027403919957578182
2142,40.71139979362488,-0.1963636726140976,-0.14146332442760468,0.2174074500799179,-0.2949480414390564,-0.21603697538375854,0.21659842133522034,3.1147146224975586,0.00554754538461566
2143,40.73740792274475,-0.1963636726140976,-0.14146332442760468,0.2174074500799179,-0.3050485849380493,-0.2334287464618683,0.16604183614253998,3.118229389190674,0.008284872397780418
2144,40.74747085571289,-0.1963636726140976,-0.14146332442760468,0.2174074500799179,-0.2807638347148895,-0.20771905779838562,0.2428138256072998,3.1218960285186768,0.004455306101590395
2145,40.77332592010498,-0.1963636726140976,-0.14146332442760468,0.2174074500799179,-0.26589393615722656,-0.18404074013233185,0.37721702456474304,3.1237850189208984,-0.004248411860316992
2146,40.78370666503906,-0.1963636726140976,-0.14146332442760468,0.2174074500799179,-0.2627461552619934,-0.16730058193206787,0.442541241645813,3.1252787113189697,-0.014320606365799904
2147,40.81012320518494,-0.1963636726140976,-0.14146332442760468,0.2174074500799179,-0.26865509152412415,-0.15923099219799042,0.46819108724594116,3.128105401992798,-0.02396523952484131
2148,40.8203227519989,-0.1963636726140976,-0.14146332442760468,0.2174074500799179,-0.27801430225372314,-0.15429270267486572,0.5124243497848511,3.133467197418213,-0.03311886265873909
2149,40.84623098373413,-0.1963636726140976,-0.14146332442760468,0.2174074500799179,-0.28255146741867065,-0.14041294157505035,0.5435130596160889,3.1411988735198975,-0.041948799043893814
2150,40.85633444786072,-0.1963636726140976,-0.14146332442760468,0.2174074500799179,-0.2743648886680603,-0.10446218401193619,0.3122326135635376,-3.134336471557617,-0.050440602004528046
2151,40.883026123046875,-0.1963636726140976,-0.14146332442760468,0.2174074500799179,-0.26944199204444885,-0.06407254934310913,0.11253565549850464,-3.133111000061035,-0.056222811341285706
2152,40.893341302871704,-0.1963636726140976,-0.14146332442760468,0.2174074500799179,-0.2674306333065033,-0.029353322461247444,0.024676531553268433,-3.138274908065796,-0.05725625902414322
2153,40.923051834106445,-0.1963636726140976,-0.14146332442760468,0.2174074500799179,-0.2702542245388031,0.00032660667784512043,-0.033178944140672684,3.1366000175476074,-0.05224578455090523
2154,40.933502197265625,-0.1963636726140976,-0.14146332442760468,0.2174074500799179,-0.27693912386894226,0.025286244228482246,-0.11589665710926056,3.126574993133545,-0.04112454503774643
2155,40.959508419036865,-0.1963636726140976,-0.14146332442760468,0.2174074500799179,-0.28609171509742737,0.04812989383935928,-0.22115109860897064,3.116231918334961,-0.02615681104362011
2156,40.96976828575134,-0.1963636726140976,-0.14146332442760468,0.2174074500799179,-0.29974034428596497,0.06971687823534012,-0.33029788732528687,3.109086751937866,-0.010760308243334293
2157,40.9961097240448,-0.1963636726140976,-0.14146332442760468,0.2174074500799179,-0.31121721863746643,0.0891387015581131,-0.41129836440086365,3.109487295150757,0.002161017619073391
2158,41.007126569747925,-0.1963636726140976,-0.14146332442760468,0.2174074500799179,-0.3171100318431854,0.1063675805926323,-0.4409060776233673,3.118807315826416,0.011887431144714355
2159,41.03315758705139,-0.1963636726140976,-0.14146332442760468,0.2174074500799179,-0.31883329153060913,0.12447322905063629,-0.4241843819618225,3.133010149002075,0.018922392278909683
2160,41.04375433921814,-0.1963636726140976,-0.14146332442760468,0.2174074500799179,-0.3184945583343506,0.14235174655914307,-0.37246009707450867,-3.1368775367736816,0.024255795404314995
2161,41.069902420043945,-0.1963636726140976,-0.14146332442760468,0.2174074500799179,-0.3108007609844208,0.1616993248462677,-0.2870939373970032,-3.1293013095855713,0.02796817570924759
2162,41.0806040763855,-0.1963636726140976,-0.14146332442760468,0.2174074500799179,-0.29147934913635254,0.18418167531490326,-0.15531378984451294,-3.1308412551879883,0.028483087196946144
2163,41.107966899871826,-0.1963636726140976,-0.14146332442760468,0.2174074500799179,-0.3356892764568329,0.24325993657112122,0.34367096424102783,3.140354871749878,0.023531077429652214
2164,41.11889433860779,-0.1963636726140976,-0.14146332442760468,0.2174074500799179,-0.2719618082046509,0.18672293424606323,0.11340130865573883,3.130587100982666,0.011795109137892723
2165,41.14640164375305,-0.1963636726140976,-0.14146332442760468,0.2174074500799179,-0.2409563958644867,0.15220366418361664,0.01731959730386734,3.1275007724761963,0.002301582833752036
2166,41.15758037567139,-0.1963636726140976,-0.14146332442760468,0.2174074500799179,-0.20151306688785553,0.1190267950296402,0.15635254979133606,3.122274160385132,-0.011511528864502907
2167,41.18311166763306,-0.1963636726140976,-0.14146332442760468,0.2174074500799179,-0.17893952131271362,0.0824648067355156,0.3385162651538849,3.1151013374328613,-0.02158019132912159
2168,41.19602560997009,-0.1963636726140976,-0.14146332442760468,0.2174074500799179,-0.1601468026638031,0.048363491892814636,0.35723868012428284,3.111919641494751,-0.02582932822406292
2169,41.22355079650879,-0.1963636726140976,-0.14146332442760468,0.2174074500799179,-0.1381327211856842,0.015345320105552673,0.3526758551597595,3.1144678592681885,-0.02792164497077465
2170,41.23365044593811,-0.1963636726140976,-0.14146332442760468,0.2174074500799179,-0.11908267438411713,-0.015159934759140015,0.31306156516075134,3.1206042766571045,-0.028795745223760605
2171,41.26180934906006,-0.1963636726140976,-0.14146332442760468,0.2174074500799179,-0.10012179613113403,-0.04720696434378624,0.2460988163948059,3.1275665760040283,-0.029173443093895912
2172,41.28270745277405,-0.1963636726140976,-0.14146332442760468,0.2174074500799179,-0.08225572854280472,-0.07826230674982071,0.1780024915933609,3.133104085922241,-0.029873521998524666
2173,41.310293197631836,-0.1963636726140976,-0.14146332442760468,0.2174074500799179,-0.06304000318050385,-0.10850534588098526,0.16989263892173767,3.134967803955078,-0.031113537028431892
2174,41.320316314697266,-0.1963636726140976,-0.14146332442760468,0.2174074500799179,-0.04561774805188179,-0.13517601788043976,0.15035662055015564,3.1321187019348145,-0.032496511936187744
2175,41.34700345993042,-0.1963636726140976,-0.14146332442760468,0.2174074500799179,-0.027901077643036842,-0.16304220259189606,0.13714228570461273,3.124772548675537,-0.03441774100065231
2176,41.35736799240112,-0.1963636726140976,-0.14146332442760468,0.2174074500799179,-0.01435890793800354,-0.18686899542808533,0.11423444002866745,3.1145567893981934,-0.03610863909125328
2177,41.38404679298401,-0.1963636726140976,-0.14146332442760468,0.2174074500799179,-0.001876619178801775,-0.20807170867919922,0.12019354104995728,3.104245662689209,-0.03643039986491203
2178,41.39460062980652,-0.1963636726140976,-0.14146332442760468,0.2174074500799179,0.011707760393619537,-0.22642770409584045,0.16057926416397095,3.0967607498168945,-0.03653186187148094
2179,41.42055106163025,-0.1963636726140976,-0.14146332442760468,0.2174074500799179,0.0028386933263391256,-0.22970689833164215,0.2570692300796509,3.0898752212524414,-0.04025860130786896
2180,41.431265115737915,-0.1963636726140976,-0.14146332442760468,0.2174074500799179,-0.019238512963056564,-0.23091243207454681,0.2962685823440552,3.0845420360565186,-0.039335038512945175
2181,41.45785355567932,-0.1963636726140976,-0.14146332442760468,0.2174074500799179,-0.03358905762434006,-0.22940966486930847,0.3413027226924896,3.080303430557251,-0.03626258298754692
2182,41.468186378479004,-0.1963636726140976,-0.14146332442760468,0.2174074500799179,-0.048889029771089554,-0.21579642593860626,0.36394140124320984,3.076458215713501,-0.03532980754971504
2183,41.494378328323364,-0.1963636726140976,-0.14146332442760468,0.2174074500799179,-0.07673650979995728,-0.1871003657579422,0.309268057346344,3.0717995166778564,-0.034864429384469986
2184,41.50456190109253,-0.1963636726140976,-0.14146332442760468,0.2174074500799179,-0.10963759571313858,-0.1578706055879593,0.22851258516311646,3.066908121109009,-0.032858289778232574
2185,41.530712842941284,-0.1963636726140976,-0.14146332442760468,0.2174074500799179,-0.13981561362743378,-0.1349325180053711,0.18147628009319305,3.0636744499206543,-0.029666507616639137
2186,41.54132914543152,-0.1963636726140976,-0.14146332442760468,0.2174074500799179,-0.1678849160671234,-0.1189635619521141,0.13983117043972015,3.0640082359313965,-0.026047104969620705
2187,41.56757855415344,-0.1963636726140976,-0.14146332442760468,0.2174074500799179,-0.19663479924201965,-0.10442046821117401,0.12213464081287384,3.0686209201812744,-0.02222597785294056
2188,41.57751798629761,-0.1963636726140976,-0.14146332442760468,0.2174074500799179,-0.22680696845054626,-0.0923440158367157,0.09258364886045456,3.0778110027313232,-0.01777462475001812
2189,41.60373783111572,-0.1963636726140976,-0.14146332442760468,0.2174074500799179,-0.2569434940814972,-0.08097265660762787,0.07834125310182571,3.0906357765197754,-0.012709216214716434
2190,41.61384057998657,-0.1963636726140976,-0.14146332442760468,0.2174074500799179,-0.28732627630233765,-0.07048560678958893,0.0571727454662323,3.105262041091919,-0.007209528237581253
2191,41.64011836051941,-0.1963636726140976,-0.14146332442760468,0.2174074500799179,-0.3182266354560852,-0.061695314943790436,0.018027177080512047,3.1197690963745117,-0.0012111954856663942
2192,41.65058350563049,-0.1963636726140976,-0.14146332442760468,0.2174074500799179,-0.34937629103660583,-0.054394129663705826,-0.03313504159450531,3.1324100494384766,0.005617926828563213
2193,41.68155598640442,-0.1963636726140976,-0.14146332442760468,0.2174074500799179,-0.3794124722480774,-0.047991178929805756,-0.0930308997631073,-3.1414899826049805,0.01363119762390852
2194,41.70184063911438,-0.1963636726140976,-0.14146332442760468,0.2174074500799179,-0.4057113528251648,-0.0420658253133297,-0.1648291051387787,-3.136777877807617,0.023115359246730804
2195,41.73219323158264,-0.1963636726140976,-0.14146332442760468,0.2174074500799179,-0.4274653196334839,-0.03511367738246918,-0.253412127494812,-3.137833833694458,0.034267593175172806
2196,41.74260854721069,-0.1963636726140976,-0.14146332442760468,0.2174074500799179,-0.4455804228782654,-0.027113521471619606,-0.3526657223701477,3.137303352355957,0.046405039727687836
2197,41.76969122886658,-0.1963636726140976,-0.14146332442760468,0.2174074500799179,-0.44669127464294434,-0.0323433056473732,-0.3568548262119293,3.126256227493286,0.048462435603141785
2198,41.779967069625854,-0.1963636726140976,-0.14146332442760468,0.2174074500799179,-0.4021921455860138,-0.05842192843556404,-0.4197927415370941,3.12351655960083,0.03271467611193657
2199,41.80595660209656,-0.1963636726140976,-0.14146332442760468,0.2174074500799179,-0.3408738374710083,-0.0688294842839241,-0.07330414652824402,3.1169443130493164,0.01372141670435667
2200,41.81621551513672,-0.1963636726140976,-0.14146332442760468,0.2174074500799179,-0.2946717441082001,-0.0772624984383583,0.26823025941848755,3.107508897781372,0.0012578355381265283
2201,41.842692613601685,-0.1963636726140976,-0.14146332442760468,0.2174074500799179,-0.2659628391265869,-0.10904405266046524,0.21148455142974854,3.1072914600372314,-0.0036472345236688852
2202,41.85301423072815,-0.1963636726140976,-0.14146332442760468,0.2174074500799179,-0.24335981905460358,-0.14438998699188232,0.00019057991448789835,3.1191110610961914,-0.006603776477277279
2203,41.881757974624634,-0.1963636726140976,-0.14146332442760468,0.2174074500799179,-0.22201688587665558,-0.16746051609516144,-0.1030389666557312,3.134129524230957,-0.011658160015940666
2204,41.89245653152466,-0.1963636726140976,-0.14146332442760468,0.2174074500799179,-0.20311599969863892,-0.17921413481235504,-0.08819537609815598,-3.139620304107666,-0.018536366522312164
2205,41.91983652114868,-0.1963636726140976,-0.14146332442760468,0.2174074500799179,-0.18547897040843964,-0.19001518189907074,-0.03370611369609833,-3.1379575729370117,-0.02560056932270527
2206,41.93044900894165,-0.1963636726140976,-0.14146332442760468,0.2174074500799179,-0.16687917709350586,-0.20574869215488434,-0.02133943885564804,-3.1413862705230713,-0.033202677965164185
2207,41.95742106437683,-0.1963636726140976,-0.14146332442760468,0.2174074500799179,-0.14662057161331177,-0.22670355439186096,-0.055792927742004395,3.136009454727173,-0.042867571115493774
2208,41.967493295669556,-0.1963636726140976,-0.14146332442760468,0.2174074500799179,-0.1253606677055359,-0.24837252497673035,-0.09497728198766708,3.128584146499634,-0.05518264323472977
2209,41.99370455741882,-0.1963636726140976,-0.14146332442760468,0.2174074500799179,-0.10550732165575027,-0.26821985840797424,-0.11469372361898422,3.119525909423828,-0.06853483617305756
2210,42.004748821258545,-0.1963636726140976,-0.14146332442760468,0.2174074500799179,-0.08631179481744766,-0.2873118221759796,-0.12032277882099152,3.1100103855133057,-0.08085819333791733
2211,42.03093910217285,-0.1963636726140976,-0.14146332442760468,0.2174074500799179,-0.06603887677192688,-0.3058898150920868,-0.10018998384475708,3.1023995876312256,-0.09125099331140518
2212,42.041606426239014,-0.1963636726140976,-0.14146332442760468,0.2174074500799179,-0.04900387302041054,-0.32238295674324036,-0.04532555490732193,3.0987133979797363,-0.09809539467096329
2213,42.06858491897583,-0.1963636726140976,-0.14146332442760468,0.2174074500799179,-0.03269672393798828,-0.31899893283843994,-0.10482161492109299,3.093106269836426,-0.10690832883119583
2214,42.078877449035645,-0.1963636726140976,-0.14146332442760468,0.2174074500799179,-0.04095868021249771,-0.30825698375701904,0.1489192247390747,3.0849955081939697,-0.11199382692575455
2215,42.106001138687134,-0.1963636726140976,-0.14146332442760468,0.2174074500799179,-0.0516309030354023,-0.29353344440460205,0.25528934597969055,3.077932119369507,-0.10759096592664719
2216,42.116742849349976,-0.1963636726140976,-0.14146332442760468,0.2174074500799179,-0.04802083224058151,-0.26072847843170166,0.2928130030632019,3.068230390548706,-0.1016303077340126
2217,42.14253306388855,-0.1963636726140976,-0.14146332442760468,0.2174074500799179,-0.05673717334866524,-0.21570101380348206,0.2899226248264313,3.053880214691162,-0.09650930017232895
2218,42.15439558029175,-0.1963636726140976,-0.14146332442760468,0.2174074500799179,-0.06345488131046295,-0.18257230520248413,0.2634994387626648,3.039881706237793,-0.09059283882379532
2219,42.17975831031799,-0.1963636726140976,-0.14146332442760468,0.2174074500799179,-0.06349547952413559,-0.15905097126960754,0.280254602432251,3.0301482677459717,-0.08392921835184097
2220,42.190929651260376,-0.1963636726140976,-0.14146332442760468,0.2174074500799179,-0.05996754765510559,-0.13826385140419006,0.2982633709907532,3.024340867996216,-0.07668297737836838
2221,42.21707105636597,-0.1963636726140976,-0.14146332442760468,0.2174074500799179,-0.054087962955236435,-0.12001191079616547,0.3269975185394287,3.021094799041748,-0.06887692213058472
2222,42.22829294204712,-0.1963636726140976,-0.14146332442760468,0.2174074500799179,-0.04707504063844681,-0.10542834550142288,0.3718309700489044,3.0200557708740234,-0.06070576608181
2223,42.256338596343994,-0.1963636726140976,-0.14146332442760468,0.2174074500799179,-0.04035287722945213,-0.09208597987890244,0.39671871066093445,3.020822763442993,-0.0522904209792614
2224,42.26791524887085,-0.1963636726140976,-0.14146332442760468,0.2174074500799179,-0.03439410403370857,-0.07968984544277191,0.42105308175086975,3.0227718353271484,-0.04387090727686882
2225,42.29452419281006,-0.1963636726140976,-0.14146332442760468,0.2174074500799179,-0.0290797371417284,-0.0673249140381813,0.4360577464103699,3.025737762451172,-0.0358850322663784
2226,42.3051381111145,-0.1963636726140976,-0.14146332442760468,0.2174074500799179,-0.023821495473384857,-0.05322941765189171,0.4439427852630615,3.029564619064331,-0.0290095005184412
2227,42.33122658729553,-0.1963636726140976,-0.14146332442760468,0.2174074500799179,-0.02006436325609684,-0.0389142744243145,0.4611207842826843,3.0341265201568604,-0.023332130163908005
2228,42.342918395996094,-0.1963636726140976,-0.14146332442760468,0.2174074500799179,-0.018895622342824936,-0.022908102720975876,0.4651804566383362,3.039780855178833,-0.017940467223525047
2229,42.37041163444519,-0.1963636726140976,-0.14146332442760468,0.2174074500799179,-0.019052978605031967,-0.006013581994920969,0.4578894078731537,3.0467171669006348,-0.011919255368411541
2230,42.3813042640686,-0.1963636726140976,-0.14146332442760468,0.2174074500799179,-0.017888443544507027,0.01020189467817545,0.4309587776660919,3.0542027950286865,-0.005349583458155394
2231,42.411086082458496,-0.1963636726140976,-0.14146332442760468,0.2174074500799179,-0.013375960290431976,0.02364909090101719,0.38232818245887756,3.06030011177063,0.000414076930610463
2232,42.42246437072754,-0.1963636726140976,-0.14146332442760468,0.2174074500799179,-0.032318685203790665,0.05818614363670349,0.3714675307273865,3.0626304149627686,0.00309387338347733
2233,42.448800802230835,-0.1963636726140976,-0.14146332442760468,0.2174074500799179,-0.026566436514258385,0.008064007386565208,0.24609652161598206,3.059335947036743,-0.0037632999010384083
2234,42.45946717262268,-0.1963636726140976,-0.14146332442760468,0.2174074500799179,-0.04729381203651428,-0.033161334693431854,0.2605654001235962,3.0567142963409424,-0.013242162764072418
2235,42.48566818237305,-0.1963636726140976,-0.14146332442760468,0.2174074500799179,-0.07907780259847641,-0.07215810567140579,0.20590883493423462,3.061269998550415,-0.021039023995399475
2236,42.495646715164185,-0.1963636726140976,-0.14146332442760468,0.2174074500799179,-0.11925645917654037,-0.1118222028017044,0.233877032995224,3.070748805999756,-0.018884364515542984
2237,42.52232503890991,-0.1963636726140976,-0.14146332442760468,0.2174074500799179,-0.15112249553203583,-0.14672411978244781,0.21154172718524933,3.080674171447754,-0.00970531441271305
2238,42.53323006629944,-0.1963636726140976,-0.14146332442760468,0.2174074500799179,-0.17538926005363464,-0.17963869869709015,0.2118512988090515,3.0895605087280273,0.000719699717592448
2239,42.56037354469299,-0.1963636726140976,-0.14146332442760468,0.2174074500799179,-0.19735600054264069,-0.20911091566085815,0.2166929692029953,3.0950045585632324,0.010016939602792263
2240,42.57060503959656,-0.1963636726140976,-0.14146332442760468,0.2174074500799179,-0.21810553967952728,-0.23289138078689575,0.24474970996379852,3.096236228942871,0.01869422011077404
2241,42.596933126449585,-0.1963636726140976,-0.14146332442760468,0.2174074500799179,-0.2404276728630066,-0.25079426169395447,0.26844167709350586,3.096714735031128,0.027818962931632996
2242,42.60772228240967,-0.1963636726140976,-0.14146332442760468,0.2174074500799179,-0.26476261019706726,-0.26714009046554565,0.26668667793273926,3.1019628047943115,0.03764087334275246
2243,42.636414527893066,-0.1963636726140976,-0.14146332442760468,0.2174074500799179,-0.26537036895751953,-0.2759207785129547,0.25152528285980225,3.1144633293151855,0.04613851383328438
2244,42.64663362503052,-0.1963636726140976,-0.14146332442760468,0.2174074500799179,-0.23771725594997406,-0.25028857588768005,0.32606256008148193,3.122800350189209,0.04025042802095413
2245,42.67287588119507,-0.1963636726140976,-0.14146332442760468,0.2174074500799179,-0.23071058094501495,-0.2272598296403885,0.4366000294685364,3.1272099018096924,0.028764693066477776
2246,42.6845178604126,-0.1963636726140976,-0.14146332442760468,0.2174074500799179,-0.23413792252540588,-0.20869918167591095,0.4792841374874115,3.1306469440460205,0.01905374974012375
2247,42.70999193191528,-0.1963636726140976,-0.14146332442760468,0.2174074500799179,-0.23932062089443207,-0.19194957613945007,0.5392625331878662,3.135465621948242,0.011458391323685646
2248,42.72001910209656,-0.1963636726140976,-0.14146332442760468,0.2174074500799179,-0.24009568989276886,-0.1672857403755188,0.5334411859512329,-3.14068603515625,0.004798803478479385
2249,42.74665546417236,-0.1963636726140976,-0.14146332442760468,0.2174074500799179,-0.23634463548660278,-0.13522693514823914,0.3200874924659729,-3.133960247039795,-0.0009691895102150738
2250,42.75725960731506,-0.1963636726140976,-0.14146332442760468,0.2174074500799179,-0.2334144115447998,-0.1054549291729927,0.19674035906791687,-3.1321909427642822,-0.005173425655812025
2251,42.78303861618042,-0.1963636726140976,-0.14146332442760468,0.2174074500799179,-0.23047015070915222,-0.07696768641471863,0.13169988989830017,-3.13580322265625,-0.0069346618838608265
2252,42.79348111152649,-0.1963636726140976,-0.14146332442760468,0.2174074500799179,-0.230437770485878,-0.05002598091959953,0.08817251771688461,3.1402366161346436,-0.005422018468379974
2253,42.81927037239075,-0.1963636726140976,-0.14146332442760468,0.2174074500799179,-0.2338954508304596,-0.02597053162753582,0.01803256943821907,3.1304731369018555,0.0004986182320863008
2254,42.83065438270569,-0.1963636726140976,-0.14146332442760468,0.2174074500799179,-0.2380056083202362,-0.005525505170226097,-0.08565512299537659,3.118360757827759,0.010391167365014553
2255,42.85960936546326,-0.1963636726140976,-0.14146332442760468,0.2174074500799179,-0.24412307143211365,0.009548194706439972,-0.16626471281051636,3.1055445671081543,0.02186625450849533
2256,42.87014436721802,-0.1963636726140976,-0.14146332442760468,0.2174074500799179,-0.25378748774528503,0.021622447296977043,-0.2374318242073059,3.0960919857025146,0.03239969536662102
2257,42.89642596244812,-0.1963636726140976,-0.14146332442760468,0.2174074500799179,-0.26501137018203735,0.030584819614887238,-0.3340916335582733,3.0949349403381348,0.04056628793478012
2258,42.90757417678833,-0.1963636726140976,-0.14146332442760468,0.2174074500799179,-0.2732146680355072,0.038143377751111984,-0.4333925247192383,3.1036274433135986,0.04625176638364792
2259,42.93473243713379,-0.1963636726140976,-0.14146332442760468,0.2174074500799179,-0.27792584896087646,0.04896003007888794,-0.47192099690437317,3.118306875228882,0.049771033227443695
2260,42.94505834579468,-0.1963636726140976,-0.14146332442760468,0.2174074500799179,-0.2819046378135681,0.06299620866775513,-0.44481492042541504,3.133287191390991,0.05169587582349777
2261,42.97216725349426,-0.1963636726140976,-0.14146332442760468,0.2174074500799179,-0.28819480538368225,0.0816052258014679,-0.3652589023113251,-3.1385297775268555,0.053274545818567276
2262,42.98222756385803,-0.1963636726140976,-0.14146332442760468,0.2174074500799179,-0.28801754117012024,0.1011090874671936,-0.2554147243499756,-3.1334028244018555,0.0542728528380394
2263,43.00850820541382,-0.1963636726140976,-0.14146332442760468,0.2174074500799179,-0.3191066086292267,0.14327238500118256,0.1753597855567932,-3.136829376220703,0.05133271962404251
2264,43.02054262161255,-0.1963636726140976,-0.14146332442760468,0.2174074500799179,-0.27535074949264526,0.11103999614715576,0.13313394784927368,3.137324810028076,0.04085424542427063
2265,43.04735469818115,-0.1963636726140976,-0.14146332442760468,0.2174074500799179,-0.24304379522800446,0.07161983102560043,0.08411818742752075,3.1266098022460938,0.022184668108820915
2266,43.05737566947937,-0.1963636726140976,-0.14146332442760468,0.2174074500799179,-0.2267579585313797,0.01794334501028061,0.2083870768547058,3.117220401763916,-0.003004986559972167
2267,43.08333897590637,-0.1963636726140976,-0.14146332442760468,0.2174074500799179,-0.22729100286960602,-0.029782406985759735,0.3664012551307678,3.111884355545044,-0.01953192986547947
2268,43.09322643280029,-0.1963636726140976,-0.14146332442760468,0.2174074500799179,-0.22863180935382843,-0.06667574495077133,0.4075254797935486,3.1108877658843994,-0.026116177439689636
2269,43.11984896659851,-0.1963636726140976,-0.14146332442760468,0.2174074500799179,-0.23182286322116852,-0.09825572371482849,0.3736029863357544,3.113736867904663,-0.025372840464115143
2270,43.13038921356201,-0.1963636726140976,-0.14146332442760468,0.2174074500799179,-0.23350125551223755,-0.12958203256130219,0.3100876808166504,3.1184089183807373,-0.020282797515392303
2271,43.15766429901123,-0.1963636726140976,-0.14146332442760468,0.2174074500799179,-0.23286724090576172,-0.1633158177137375,0.26967620849609375,3.122518539428711,-0.014357458800077438
2272,43.1687273979187,-0.1963636726140976,-0.14146332442760468,0.2174074500799179,-0.23181428015232086,-0.1961374133825302,0.25988075137138367,3.124356985092163,-0.009301258251070976
2273,43.19464087486267,-0.1963636726140976,-0.14146332442760468,0.2174074500799179,-0.23109588027000427,-0.22524069249629974,0.28197166323661804,3.1232047080993652,-0.005189492832869291
2274,43.20640182495117,-0.1963636726140976,-0.14146332442760468,0.2174074500799179,-0.2323615998029709,-0.25270774960517883,0.29629993438720703,3.1200082302093506,-0.0018585034413263202
2275,43.23271656036377,-0.1963636726140976,-0.14146332442760468,0.2174074500799179,-0.23562631011009216,-0.27867239713668823,0.28240883350372314,3.117084503173828,7.364618068095297e-05
2276,43.24334478378296,-0.1963636726140976,-0.14146332442760468,0.2174074500799179,-0.24129055440425873,-0.301819771528244,0.2559504508972168,3.117586851119995,0.0006653712480328977
2277,43.27186584472656,-0.1963636726140976,-0.14146332442760468,0.2174074500799179,-0.2235596626996994,-0.3120049238204956,0.2120826095342636,3.1229567527770996,-0.0010084626264870167
2278,43.28214955329895,-0.1963636726140976,-0.14146332442760468,0.2174074500799179,-0.1923559308052063,-0.28524619340896606,0.31638073921203613,3.122760057449341,-0.012026280164718628
2279,43.30778789520264,-0.1963636726140976,-0.14146332442760468,0.2174074500799179,-0.17623336613178253,-0.26227134466171265,0.4086558222770691,3.1184804439544678,-0.022440968081355095
2280,43.31806969642639,-0.1963636726140976,-0.14146332442760468,0.2174074500799179,-0.16506241261959076,-0.24946628510951996,0.475164532661438,3.114029884338379,-0.02929205447435379
2281,43.34462213516235,-0.019519425928592682,-0.08286740630865097,0.10338934510946274,-0.15464916825294495,-0.24117764830589294,0.4999542236328125,3.1115145683288574,-0.03462386876344681
2282,43.35488414764404,-0.019519425928592682,-0.08286740630865097,0.10338934510946274,-0.14328797161579132,-0.21562951803207397,0.3598829507827759,3.1120545864105225,-0.03883304446935654
2283,43.38080096244812,-0.019519425928592682,-0.08286740630865097,0.10338934510946274,-0.13133381307125092,-0.18008723855018616,0.17118774354457855,3.1118905544281006,-0.04213351756334305
2284,43.39066123962402,-0.019519425928592682,-0.08286740630865097,0.10338934510946274,-0.11986738443374634,-0.1502908170223236,0.08298739790916443,3.1082451343536377,-0.04449401795864105
2285,43.41644740104675,-0.019519425928592682,-0.08286740630865097,0.10338934510946274,-0.10952738672494888,-0.12438046187162399,0.07139380276203156,3.101975202560425,-0.04460281878709793
2286,43.426735639572144,-0.019519425928592682,-0.08286740630865097,0.10338934510946274,-0.0991571843624115,-0.09952367097139359,0.10511631518602371,3.09472393989563,-0.041949208825826645
2287,43.45329213142395,-0.019519425928592682,-0.08286740630865097,0.10338934510946274,-0.08842264115810394,-0.07661270350217819,0.1337447315454483,3.0876688957214355,-0.03695659339427948
2288,43.4638397693634,-0.019519425928592682,-0.08286740630865097,0.10338934510946274,-0.0767248272895813,-0.057892534881830215,0.14673443138599396,3.081472635269165,-0.030546095222234726
2289,43.48983573913574,-0.019519425928592682,-0.08286740630865097,0.10338934510946274,-0.0638185441493988,-0.04322422668337822,0.15040439367294312,3.0767874717712402,-0.023749496787786484
2290,43.499927043914795,-0.019519425928592682,-0.08286740630865097,0.10338934510946274,-0.04860517382621765,-0.030062129721045494,0.155183345079422,3.074345350265503,-0.01788538508117199
2291,43.52552103996277,-0.019519425928592682,-0.08286740630865097,0.10338934510946274,-0.03138035163283348,-0.015820689499378204,0.1744929403066635,3.0745322704315186,-0.014124301262199879
2292,43.53536677360535,-0.019519425928592682,-0.08286740630865097,0.10338934510946274,-0.013551665470004082,0.001969843404367566,0.21735922992229462,3.076749086380005,-0.012868208810687065
2293,43.561583518981934,-0.019519425928592682,-0.08286740630865097,0.10338934510946274,0.0029432126320898533,0.022852418944239616,0.2787490487098694,3.079801082611084,-0.01347341388463974
2294,43.571778535842896,-0.019519425928592682,-0.08286740630865097,0.10338934510946274,0.017173275351524353,0.04322538524866104,0.3434094488620758,3.0832600593566895,-0.014340654946863651
2295,43.59833788871765,-0.019519425928592682,-0.08286740630865097,0.10338934510946274,0.029726125299930573,0.05904564633965492,0.402966171503067,3.0878660678863525,-0.013641406781971455
2296,43.60836982727051,-0.019519425928592682,-0.08286740630865097,0.10338934510946274,0.04251335933804512,0.07272052019834518,0.44278040528297424,3.0947153568267822,-0.01074671745300293
2297,43.63501334190369,-0.019519425928592682,-0.08286740630865097,0.10338934510946274,0.058052908629179,0.08803171664476395,0.42304980754852295,3.1030454635620117,-0.006874984595924616
2298,43.64556264877319,-0.019519425928592682,-0.08286740630865097,0.10338934510946274,0.07891709357500076,0.10455258190631866,0.3282433748245239,3.109874725341797,-0.004697713069617748
2299,43.67205834388733,-0.019519425928592682,-0.08286740630865097,0.10338934510946274,0.08002787083387375,0.12474644184112549,0.4760802388191223,3.111680269241333,-0.007440967485308647
2300,43.68215012550354,-0.019519425928592682,-0.08286740630865097,0.10338934510946274,0.08302929252386093,0.09613320231437683,0.31501635909080505,3.1144649982452393,-0.016058385372161865
2301,43.708699226379395,-0.019519425928592682,-0.08286740630865097,0.10338934510946274,0.07424500584602356,0.06414930522441864,0.14862264692783356,3.113748788833618,-0.01986236497759819
2302,43.71894550323486,-0.019519425928592682,-0.08286740630865097,0.10338934510946274,0.058153409510850906,0.023977603763341904,0.10388883948326111,3.113959550857544,-0.0212537981569767
2303,43.745118141174316,-0.019519425928592682,-0.08286740630865097,0.10338934510946274,0.04305683448910713,-0.015142406336963177,0.11103406548500061,3.118122100830078,-0.021145610138773918
2304,43.75500822067261,-0.019519425928592682,-0.08286740630865097,0.10338934510946274,0.029843268916010857,-0.04768668860197067,0.07921598851680756,3.12399959564209,-0.02007213607430458
2305,43.78061318397522,-0.019519425928592682,-0.08286740630865097,0.10338934510946274,0.01873880624771118,-0.08008487522602081,0.07762880623340607,3.128171443939209,-0.018032535910606384
2306,43.791040658950806,-0.019519425928592682,-0.08286740630865097,0.10338934510946274,0.008124218322336674,-0.11367066204547882,0.11926564574241638,3.128582715988159,-0.014761588536202908
2307,43.816890716552734,-0.019519425928592682,-0.08286740630865097,0.10338934510946274,-0.002337099751457572,-0.14405116438865662,0.13693676888942719,3.1253509521484375,-0.010192508809268475
2308,43.82711458206177,-0.019519425928592682,-0.08286740630865097,0.10338934510946274,-0.011331658810377121,-0.17413762211799622,0.15843161940574646,3.1204164028167725,-0.005279590375721455
2309,43.853322982788086,-0.019519425928592682,-0.08286740630865097,0.10338934510946274,-0.024280011653900146,-0.2014743834733963,0.17698681354522705,3.115891456604004,0.0005874481284990907
2310,43.863715410232544,-0.019519425928592682,-0.08286740630865097,0.10338934510946274,-0.040143027901649475,-0.2274703085422516,0.1740317940711975,3.1142475605010986,0.008635904639959335
2311,43.89008450508118,-0.019519425928592682,-0.08286740630865097,0.10338934510946274,-0.024808216840028763,-0.23779764771461487,0.12548674643039703,3.1141650676727295,0.013168664649128914
2312,43.90073823928833,-0.019519425928592682,-0.08286740630865097,0.10338934510946274,-0.020566008985042572,-0.23479418456554413,0.1787726879119873,3.1114354133605957,0.010033347643911839
2313,43.92746639251709,-0.019519425928592682,-0.08286740630865097,0.10338934510946274,-0.019960880279541016,-0.22932098805904388,0.2371135950088501,3.1094205379486084,0.007931344211101532
2314,43.93770956993103,-0.019519425928592682,-0.08286740630865097,0.10338934510946274,-0.016222115606069565,-0.22249825298786163,0.28570282459259033,3.1080124378204346,0.007045078091323376
2315,43.96479344367981,-0.019519425928592682,-0.08286740630865097,0.10338934510946274,-0.008554541505873203,-0.2068215310573578,0.2937445044517517,3.1064977645874023,0.005389127414673567
2316,43.97538232803345,-0.019519425928592682,-0.08286740630865097,0.10338934510946274,-0.004352109506726265,-0.17912033200263977,0.19776761531829834,3.103318452835083,0.003692526137456298
2317,44.002063035964966,-0.019519425928592682,-0.08286740630865097,0.10338934510946274,-0.0029211731161922216,-0.1486416757106781,0.13034462928771973,3.097205638885498,0.003432568395510316
2318,44.0127272605896,-0.019519425928592682,-0.08286740630865097,0.10338934510946274,0.0020009949803352356,-0.12211150676012039,0.12538571655750275,3.089726209640503,0.004267493262887001
2319,44.04284143447876,-0.019519425928592682,-0.08286740630865097,0.10338934510946274,0.007957182824611664,-0.09922777116298676,0.15881001949310303,3.0826308727264404,0.005806283093988895
2320,44.05441927909851,-0.019519425928592682,-0.08286740630865097,0.10338934510946274,0.013895821757614613,-0.08022832870483398,0.19466254115104675,3.0768449306488037,0.008660461753606796
2321,44.08162307739258,-0.019519425928592682,-0.08286740630865097,0.10338934510946274,0.021134687587618828,-0.06484410911798477,0.2200947254896164,3.072511672973633,0.013031228445470333
2322,44.09335112571716,-0.019519425928592682,-0.08286740630865097,0.10338934510946274,0.02996804192662239,-0.05317908897995949,0.23252058029174805,3.0695302486419678,0.018353508785367012
2323,44.1198205947876,-0.019519425928592682,-0.08286740630865097,0.10338934510946274,0.04063938185572624,-0.04299761727452278,0.24955064058303833,3.0680289268493652,0.023413335904479027
2324,44.13080859184265,-0.019519425928592682,-0.08286740630865097,0.10338934510946274,0.052818961441516876,-0.03169148415327072,0.27658307552337646,3.0681676864624023,0.027241887524724007
2325,44.15773105621338,-0.019519425928592682,-0.08286740630865097,0.10338934510946274,0.0652042031288147,-0.0180280152708292,0.3055519461631775,3.069669246673584,0.029539328068494797
2326,44.168514013290405,-0.019519425928592682,-0.08286740630865097,0.10338934510946274,0.07715288549661636,-0.0034017714206129313,0.3335619568824768,3.0721359252929688,0.03076827898621559
2327,44.19506549835205,-0.019519425928592682,-0.08286740630865097,0.10338934510946274,0.08663207292556763,0.009701164439320564,0.3628033995628357,3.076356887817383,0.03135762736201286
2328,44.2055127620697,-0.019519425928592682,-0.08286740630865097,0.10338934510946274,0.0904882401227951,0.019561853259801865,0.365466833114624,3.083723545074463,0.032543160021305084
2329,44.23959493637085,-0.019519425928592682,-0.08286740630865097,0.10338934510946274,0.09216093271970749,0.027283230796456337,0.33899185061454773,3.0940887928009033,0.035501137375831604
2330,44.251304149627686,-0.019519425928592682,-0.08286740630865097,0.10338934510946274,0.09633015841245651,0.03627704828977585,0.26615047454833984,3.1044228076934814,0.040120773017406464
2331,44.27782893180847,-0.019519425928592682,-0.08286740630865097,0.10338934510946274,0.10709076374769211,0.048494093120098114,0.19429990649223328,3.109927177429199,0.04418906196951866
2332,44.288490772247314,-0.019519425928592682,-0.08286740630865097,0.10338934510946274,0.11143013834953308,0.056316640228033066,0.3009723722934723,3.107698440551758,0.04075116291642189
2333,44.31476712226868,-0.019519425928592682,-0.08286740630865097,0.10338934510946274,0.10155683755874634,0.04387238249182701,0.17030376195907593,3.1025359630584717,0.03016769513487816
2334,44.325042486190796,-0.019519425928592682,-0.08286740630865097,0.10338934510946274,0.08515729010105133,0.024292128160595894,0.1093863993883133,3.0928611755371094,0.020197449252009392
2335,44.35137629508972,-0.019519425928592682,-0.08286740630865097,0.10338934510946274,0.05398756265640259,-0.0038446448743343353,0.137922465801239,3.0855395793914795,0.011640362441539764
2336,44.36162042617798,-0.019519425928592682,-0.08286740630865097,0.10338934510946274,0.01365753822028637,-0.03221897408366203,0.12014538049697876,3.0867111682891846,0.009419014677405357
2337,44.387062072753906,-0.019519425928592682,-0.08286740630865097,0.10338934510946274,-0.026131071150302887,-0.05989519879221916,0.09531007707118988,3.0930113792419434,0.013323484919965267
2338,44.39792513847351,-0.019519425928592682,-0.08286740630865097,0.10338934510946274,-0.0592401921749115,-0.08640512824058533,0.0783873051404953,3.1002817153930664,0.019726412370800972
2339,44.42376160621643,-0.019519425928592682,-0.08286740630865097,0.10338934510946274,-0.08620692044496536,-0.11056264489889145,0.06702515482902527,3.1055119037628174,0.02561047300696373
2340,44.434298038482666,-0.019519425928592682,-0.08286740630865097,0.10338934510946274,-0.11308281123638153,-0.13258889317512512,0.08491974323987961,3.107004404067993,0.03150319680571556
2341,44.46243333816528,-0.019519425928592682,-0.08286740630865097,0.10338934510946274,-0.14102239906787872,-0.1526890993118286,0.12291787564754486,3.10583233833313,0.03867751732468605
2342,44.47259473800659,-0.019519425928592682,-0.08286740630865097,0.10338934510946274,-0.17169024050235748,-0.1723642647266388,0.141065776348114,3.106165885925293,0.04751623421907425
2343,44.49896430969238,-0.019519425928592682,-0.08286740630865097,0.10338934510946274,-0.17964285612106323,-0.18442660570144653,0.13878284394741058,3.1113383769989014,0.05617038905620575
2344,44.51059031486511,-0.019519425928592682,-0.08286740630865097,0.10338934510946274,-0.16069364547729492,-0.17465408146381378,0.2020300030708313,3.11521315574646,0.05337890610098839
2345,44.53706955909729,-0.019519425928592682,-0.08286740630865097,0.10338934510946274,-0.15228751301765442,-0.16442230343818665,0.2566346824169159,3.118817090988159,0.045361049473285675
2346,44.54817533493042,-0.019519425928592682,-0.08286740630865097,0.10338934510946274,-0.15059036016464233,-0.15522360801696777,0.3017849326133728,3.1231229305267334,0.03712509945034981
2347,44.57408928871155,-0.019519425928592682,-0.08286740630865097,0.10338934510946274,-0.15071730315685272,-0.14495901763439178,0.3329795002937317,3.1286299228668213,0.029520228505134583
2348,44.5841498374939,-0.019519425928592682,-0.08286740630865097,0.10338934510946274,-0.147523894906044,-0.12912175059318542,0.37441274523735046,3.1352529525756836,0.02191627025604248
2349,44.61036825180054,-0.019519425928592682,-0.08286740630865097,0.10338934510946274,-0.1394403725862503,-0.10410237312316895,0.26288777589797974,3.1412880420684814,0.015373595058918
2350,44.62022304534912,-0.019519425928592682,-0.08286740630865097,0.10338934510946274,-0.13092602789402008,-0.07657554000616074,0.14173685014247894,-3.1408286094665527,0.011503754183650017
2351,44.64645576477051,-0.019519425928592682,-0.08286740630865097,0.10338934510946274,-0.12185007333755493,-0.051914434880018234,0.10025404393672943,3.137995481491089,0.01008666306734085
2352,44.65666460990906,-0.019519425928592682,-0.08286740630865097,0.10338934510946274,-0.11405128240585327,-0.029484396800398827,0.09129295498132706,3.1307318210601807,0.011304710060358047
2353,44.68256998062134,-0.019519425928592682,-0.08286740630865097,0.10338934510946274,-0.10759810358285904,-0.008730866014957428,0.07592249661684036,3.1225290298461914,0.015821779146790504
2354,44.69317674636841,-0.019519425928592682,-0.08286740630865097,0.10338934510946274,-0.10133037716150284,0.009755502454936504,0.055083103477954865,3.114084243774414,0.023394696414470673
2355,44.72021746635437,-0.019519425928592682,-0.08286740630865097,0.10338934510946274,-0.09535413980484009,0.026802780106663704,0.02854008972644806,3.1057727336883545,0.0331389345228672
2356,44.73115348815918,-0.019519425928592682,-0.08286740630865097,0.10338934510946274,-0.08848489820957184,0.0436674989759922,-0.01652592606842518,3.098501205444336,0.04378947988152504
2357,44.75732731819153,-0.019519425928592682,-0.08286740630865097,0.10338934510946274,-0.07996971905231476,0.05984005331993103,-0.06230074539780617,3.0936927795410156,0.05373520404100418
2358,44.7678337097168,-0.019519425928592682,-0.08286740630865097,0.10338934510946274,-0.06957146525382996,0.07627301663160324,-0.0945059284567833,3.092589855194092,0.061742089688777924
2359,44.79417133331299,-0.019519425928592682,-0.08286740630865097,0.10338934510946274,-0.05969935283064842,0.09401774406433105,-0.11592204868793488,3.0951426029205322,0.06756217777729034
2360,44.8042950630188,-0.019519425928592682,-0.08286740630865097,0.10338934510946274,-0.05097917094826698,0.11381357908248901,-0.1089319959282875,3.0996830463409424,0.07129018008708954
2361,44.83021354675293,-0.019519425928592682,-0.08286740630865097,0.10338934510946274,-0.04401015490293503,0.13619917631149292,-0.0726950615644455,3.1043789386749268,0.07335326075553894
2362,44.84048390388489,-0.019519425928592682,-0.08286740630865097,0.10338934510946274,-0.03899693489074707,0.15178969502449036,0.18882396817207336,3.109635829925537,0.07366852462291718
2363,44.866575956344604,-0.019519425928592682,-0.08286740630865097,0.10338934510946274,-0.03767959773540497,0.15943895280361176,0.1946103572845459,3.117278575897217,0.07376374304294586
2364,44.87680506706238,-0.019519425928592682,-0.08286740630865097,0.10338934510946274,-0.026571720838546753,0.16021305322647095,0.15071037411689758,3.121213674545288,0.07060524076223373
2365,44.903109312057495,-0.019519425928592682,-0.08286740630865097,0.10338934510946274,-0.017692014575004578,0.1520489752292633,0.08918002992868423,3.120335102081299,0.060562826693058014
2366,44.91348195075989,-0.019519425928592682,-0.08286740630865097,0.10338934510946274,-0.02000465802848339,0.13264554738998413,0.04463868960738182,3.117880344390869,0.04311678931117058
2367,44.93926477432251,-0.019519425928592682,-0.08286740630865097,0.10338934510946274,-0.03808601200580597,0.10001546889543533,0.02183850295841694,3.116924524307251,0.021640317514538765
2368,44.94935631752014,-0.019519425928592682,-0.08286740630865097,0.10338934510946274,-0.0699569508433342,0.05876340717077255,0.056659165769815445,3.117687702178955,0.004739996511489153
2369,44.976685762405396,-0.019519425928592682,-0.08286740630865097,0.10338934510946274,-0.1042681559920311,0.020246854051947594,0.08621380478143692,3.1169161796569824,-0.0009984008502215147
2370,44.98687767982483,-0.019519425928592682,-0.08286740630865097,0.10338934510946274,-0.13238948583602905,-0.017447417601943016,0.081334188580513,3.1144115924835205,0.0025771690998226404
2371,45.013587951660156,-0.019519425928592682,-0.08286740630865097,0.10338934510946274,-0.15555965900421143,-0.057814303785562515,0.08318901062011719,3.1126041412353516,0.009633159264922142
2372,45.02386498451233,-0.019519425928592682,-0.08286740630865097,0.10338934510946274,-0.17675544321537018,-0.09777196496725082,0.0958838164806366,3.1119067668914795,0.0168142206966877
2373,45.0505805015564,-0.019519425928592682,-0.08286740630865097,0.10338934510946274,-0.19632433354854584,-0.13209234178066254,0.1173141598701477,3.1112163066864014,0.023559482768177986
2374,45.060991525650024,-0.019519425928592682,-0.08286740630865097,0.10338934510946274,-0.21421796083450317,-0.15991903841495514,0.13330078125,3.111994981765747,0.029430005699396133
2375,45.08796834945679,-0.019519425928592682,-0.08286740630865097,0.10338934510946274,-0.2327912151813507,-0.18435075879096985,0.11652663350105286,3.118161201477051,0.03417849540710449
2376,45.0981719493866,-0.019519425928592682,-0.08286740630865097,0.10338934510946274,-0.22005975246429443,-0.1999342143535614,0.0843156948685646,3.1293277740478516,0.03268381953239441
2377,45.12505841255188,-0.019519425928592682,-0.08286740630865097,0.10338934510946274,-0.20444105565547943,-0.19281259179115295,0.18428955972194672,3.1363842487335205,0.021473193541169167
2378,45.136860847473145,-0.019519425928592682,-0.08286740630865097,0.10338934510946274,-0.19522611796855927,-0.17981697618961334,0.2693982422351837,3.1401519775390625,0.010603688657283783
2379,45.16319227218628,-0.019519425928592682,-0.08286740630865097,0.10338934510946274,-0.1904752254486084,-0.16963189840316772,0.35173898935317993,-3.1410369873046875,0.0014880918897688389
2380,45.17510533332825,-0.019519425928592682,-0.08286740630865097,0.10338934510946274,-0.18767766654491425,-0.15980343520641327,0.4007441997528076,-3.138683795928955,-0.006668411660939455
2381,45.20192790031433,-0.019519425928592682,-0.08286740630865097,0.10338934510946274,-0.1824687272310257,-0.1427421122789383,0.30570095777511597,-3.1352477073669434,-0.014128993265330791
2382,45.21334981918335,-0.019519425928592682,-0.08286740630865097,0.10338934510946274,-0.17502370476722717,-0.11908978968858719,0.1966792643070221,-3.1334574222564697,-0.021130938082933426
2383,45.23939037322998,-0.019519425928592682,-0.08286740630865097,0.10338934510946274,-0.16819964349269867,-0.09544050693511963,0.09753721952438354,-3.1359643936157227,-0.02688717283308506
2384,45.249589920043945,-0.019519425928592682,-0.08286740630865097,0.10338934510946274,-0.16525687277317047,-0.07902791351079941,-0.002582188230007887,3.140270471572876,-0.029199156910181046
2385,45.27558636665344,-0.019519425928592682,-0.08286740630865097,0.10338934510946274,-0.16317498683929443,-0.07022923976182938,0.010974389500916004,3.1318235397338867,-0.02674281783401966
2386,45.285754680633545,-0.019519425928592682,-0.08286740630865097,0.10338934510946274,-0.1555207073688507,-0.06639210879802704,0.17079293727874756,3.1236562728881836,-0.02192489244043827
2387,45.311864376068115,-0.019519425928592682,-0.08286740630865097,0.10338934510946274,-0.15460430085659027,-0.05024174600839615,0.10234616696834564,3.1141786575317383,-0.012203244492411613
2388,45.32211422920227,-0.019519425928592682,-0.08286740630865097,0.10338934510946274,-0.1544031947851181,-0.012147610075771809,-0.1620543897151947,3.1025702953338623,0.003441180568188429
2389,45.34823250770569,-0.019519425928592682,-0.08286740630865097,0.10338934510946274,-0.15525242686271667,-0.00138696632348001,-0.22646048665046692,3.0949347019195557,0.02125503681600094
2390,45.35868048667908,-0.019519425928592682,-0.08286740630865097,0.10338934510946274,-0.13518397510051727,0.015184125863015652,-0.31727081537246704,3.0912246704101562,0.039797522127628326
2391,45.384512424468994,-0.019519425928592682,-0.08286740630865097,0.10338934510946274,-0.11739951372146606,0.04707196354866028,-0.5605570077896118,3.085493803024292,0.059314578771591187
2392,45.39472579956055,-0.019519425928592682,-0.08286740630865097,0.10338934510946274,-0.09822145849466324,0.0751165822148323,-0.8456137180328369,3.07513427734375,0.07895725965499878
2393,45.42180013656616,-0.019519425928592682,-0.08286740630865097,0.10338934510946274,-0.082401804625988,0.08993574976921082,-1.1148278713226318,3.064487934112549,0.09895237535238266
2394,45.43223261833191,-0.019519425928592682,-0.08286740630865097,0.10338934510946274,-0.07299307733774185,0.09219933301210403,-1.3189030885696411,3.0569324493408203,0.12069977819919586
2395,45.45871829986572,-0.019519425928592682,-0.08286740630865097,0.10338934510946274,-0.06000339612364769,0.07477513700723648,-1.2401481866836548,3.056589126586914,0.13836072385311127
2396,45.469109296798706,-0.019519425928592682,-0.08286740630865097,0.10338934510946274,-0.03726796433329582,0.05020683631300926,-0.8050222396850586,3.067708969116211,0.14045432209968567
2397,45.49602222442627,-0.019519425928592682,-0.08286740630865097,0.10338934510946274,-0.023579191416502,0.05049221217632294,-0.37895506620407104,3.084385871887207,0.12305484712123871
2398,45.50664567947388,-0.019519425928592682,-0.08286740630865097,0.10338934510946274,-0.03564825654029846,0.07025684416294098,-0.1806032955646515,3.095486879348755,0.09481462836265564
2399,45.53287959098816,-0.019519425928592682,-0.08286740630865097,0.10338934510946274,-0.06282144784927368,0.08651186525821686,-0.1355256736278534,3.0977470874786377,0.06666819751262665
2400,45.543381452560425,-0.019519425928592682,-0.08286740630865097,0.10338934510946274,-0.09550382941961288,0.0819035992026329,-0.08431552350521088,3.097604990005493,0.044236619025468826
2401,45.57030248641968,-0.019519425928592682,-0.08286740630865097,0.10338934510946274,-0.12656666338443756,0.06147637218236923,0.01702246442437172,3.1000211238861084,0.02950107678771019
2402,45.581242084503174,-0.019519425928592682,-0.08286740630865097,0.10338934510946274,-0.16273647546768188,0.03347018361091614,0.13802199065685272,3.101947069168091,0.023585204035043716
2403,45.60948133468628,-0.019519425928592682,-0.08286740630865097,0.10338934510946274,-0.20228853821754456,0.0029747062362730503,0.14699994027614594,3.101364850997925,0.026888830587267876
2404,45.62568473815918,-0.019519425928592682,-0.08286740630865097,0.10338934510946274,-0.2369670420885086,-0.031210104003548622,0.11238335072994232,3.1002883911132812,0.034999314695596695
2405,45.65796780586243,-0.019519425928592682,-0.08286740630865097,0.10338934510946274,-0.2676667869091034,-0.06602849811315536,0.12651261687278748,3.1003522872924805,0.0431794635951519
2406,45.66877317428589,-0.019519425928592682,-0.08286740630865097,0.10338934510946274,-0.29715240001678467,-0.09530927985906601,0.17073297500610352,3.1017067432403564,0.050856877118349075
2407,45.69458556175232,-0.019519425928592682,-0.08286740630865097,0.10338934510946274,-0.3232596218585968,-0.11667993664741516,0.16270776093006134,3.1061599254608154,0.058187998831272125
2408,45.70478630065918,-0.019519425928592682,-0.08286740630865097,0.10338934510946274,-0.34802713990211487,-0.13517020642757416,0.07114231586456299,3.116745948791504,0.06438606977462769
2409,45.73139953613281,-0.019519425928592682,-0.08286740630865097,0.10338934510946274,-0.3388306796550751,-0.14363141357898712,0.009957533329725266,3.133880376815796,0.06814296543598175
2410,45.74178194999695,-0.019519425928592682,-0.08286740630865097,0.10338934510946274,-0.29015079140663147,-0.11820488423109055,0.1425778567790985,-3.1382710933685303,0.05978772044181824
2411,45.768155097961426,-0.019519425928592682,-0.08286740630865097,0.10338934510946274,-0.25947871804237366,-0.09471029788255692,0.26754310727119446,-3.1338186264038086,0.04785839468240738
2412,45.77839422225952,-0.019519425928592682,-0.08286740630865097,0.10338934510946274,-0.2412305772304535,-0.0775916799902916,0.3097955584526062,-3.1318488121032715,0.03791108727455139
2413,45.8047251701355,-0.019519425928592682,-0.08286740630865097,0.10338934510946274,-0.22702153027057648,-0.06296069175004959,0.3267505168914795,-3.1284332275390625,0.03002799302339554
2414,45.81480264663696,-0.019519425928592682,-0.08286740630865097,0.10338934510946274,-0.2119842767715454,-0.04491080343723297,0.3627465069293976,-3.121760845184326,0.023248543962836266
2415,45.84072732925415,-0.019519425928592682,-0.08286740630865097,0.10338934510946274,-0.1951787769794464,-0.021028874441981316,0.17507414519786835,-3.114755868911743,0.018553948029875755
2416,45.85122299194336,-0.019519425928592682,-0.08286740630865097,0.10338934510946274,-0.17752155661582947,0.0012158515164628625,0.05436534434556961,-3.1132302284240723,0.014985945075750351
2417,45.8774676322937,-0.019519425928592682,-0.08286740630865097,0.10338934510946274,-0.1619693487882614,0.020912598818540573,0.013202245347201824,-3.1186747550964355,0.012163451872766018
2418,45.88792061805725,-0.019519425928592682,-0.08286740630865097,0.10338934510946274,-0.1482657641172409,0.03942112997174263,-0.003906401339918375,-3.1292476654052734,0.010945484042167664
2419,45.91415762901306,-0.019519425928592682,-0.08286740630865097,0.10338934510946274,-0.13631156086921692,0.057372771203517914,-0.03353804349899292,3.140810012817383,0.012443440966308117
2420,45.92427897453308,-0.019519425928592682,-0.08286740630865097,0.10338934510946274,-0.12702512741088867,0.0739004835486412,-0.06750943511724472,3.1271867752075195,0.017796998843550682
2421,45.95025324821472,-0.019519425928592682,-0.08286740630865097,0.10338934510946274,-0.11779338866472244,0.08998750895261765,-0.09232933819293976,3.1143813133239746,0.02667066641151905
2422,45.960697650909424,-0.019519425928592682,-0.08286740630865097,0.10338934510946274,-0.10808993130922318,0.10659778118133545,-0.12153393030166626,3.1033763885498047,0.0374109223484993
2423,45.988635301589966,-0.019519425928592682,-0.08286740630865097,0.10338934510946274,-0.0968068316578865,0.12203630805015564,-0.16183322668075562,3.0959649085998535,0.04792340099811554
2424,45.999000787734985,-0.019519425928592682,-0.08286740630865097,0.10338934510946274,-0.0829903781414032,0.13650675117969513,-0.20552080869674683,3.093881368637085,0.056601233780384064
2425,46.02899217605591,-0.019519425928592682,-0.08286740630865097,0.10338934510946274,-0.06764169782400131,0.15232771635055542,-0.21482565999031067,3.0970382690429688,0.062477461993694305
2426,46.04176449775696,-0.019519425928592682,-0.08286740630865097,0.10338934510946274,-0.051953792572021484,0.1706995815038681,-0.16937419772148132,3.1037752628326416,0.06474998593330383
2427,46.06921052932739,-0.019519425928592682,-0.08286740630865097,0.10338934510946274,-0.0392364077270031,0.19071973860263824,-0.08771611750125885,3.111898183822632,0.06355535238981247
2428,46.08032464981079,-0.019519425928592682,-0.08286740630865097,0.10338934510946274,-0.04337865114212036,0.21565216779708862,0.23941174149513245,3.118940591812134,0.05942942574620247
2429,46.10597586631775,-0.019519425928592682,-0.08286740630865097,0.10338934510946274,-0.033051151782274246,0.20661504566669464,0.25615066289901733,3.1286816596984863,0.053021449595689774
2430,46.11706352233887,-0.019519425928592682,-0.08286740630865097,0.10338934510946274,-0.022896405309438705,0.19936947524547577,0.1737716645002365,3.1360344886779785,0.048517338931560516
2431,46.142996072769165,-0.019519425928592682,-0.08286740630865097,0.10338934510946274,-0.00991351529955864,0.1882885992527008,0.08587513864040375,3.1393346786499023,0.0395389162003994
2432,46.15421748161316,-0.019519425928592682,-0.08286740630865097,0.10338934510946274,-0.003880505682900548,0.16954070329666138,0.0303959958255291,3.140044927597046,0.023595958948135376
2433,46.180378675460815,-0.019519425928592682,-0.08286740630865097,0.10338934510946274,-0.011471851728856564,0.13926225900650024,-0.0009686251869425178,3.140381336212158,0.002807578770443797
2434,46.19171404838562,-0.019519425928592682,-0.08286740630865097,0.10338934510946274,-0.03567679971456528,0.09704693406820297,0.03187697008252144,3.1414358615875244,-0.01461487915366888
2435,46.22761297225952,-0.019519425928592682,-0.08286740630865097,0.10338934510946274,-0.06173676997423172,0.05617046356201172,0.0589907206594944,-3.1414425373077393,-0.022390510886907578
2436,46.24211072921753,-0.019519425928592682,-0.08286740630865097,0.10338934510946274,-0.08139832317829132,0.015389380976557732,0.04861064627766609,3.141141653060913,-0.022574644535779953
2437,46.26827621459961,-0.019519425928592682,-0.08286740630865097,0.10338934510946274,-0.09651342779397964,-0.027416078373789787,0.03804987296462059,3.141406774520874,-0.01998424530029297
2438,46.27868294715881,-0.019519425928592682,-0.08286740630865097,0.10338934510946274,-0.10987571626901627,-0.07006139308214188,0.04997798800468445,-3.1407012939453125,-0.01726973056793213
2439,46.30482578277588,-0.019519425928592682,-0.08286740630865097,0.10338934510946274,-0.12259425222873688,-0.10818198323249817,0.057279594242572784,-3.1407198905944824,-0.014569656923413277
2440,46.31550168991089,-0.019519425928592682,-0.08286740630865097,0.10338934510946274,-0.13431169092655182,-0.14124800264835358,0.053467050194740295,3.1402833461761475,-0.011604100465774536
2441,46.3425989151001,-0.019519425928592682,-0.08286740630865097,0.10338934510946274,-0.144614577293396,-0.172481507062912,0.06499932706356049,3.1376774311065674,-0.009201685898005962
2442,46.353352546691895,-0.019519425928592682,-0.08286740630865097,0.10338934510946274,-0.15575456619262695,-0.20034106075763702,0.0649547204375267,3.1380207538604736,-0.007546531967818737
2443,46.37948226928711,-0.019519425928592682,-0.08286740630865097,0.10338934510946274,-0.1643705517053604,-0.2272125482559204,0.04867713153362274,-3.1385953426361084,-0.005639213602989912
2444,46.390138149261475,-0.019519425928592682,-0.08286740630865097,0.10338934510946274,-0.14480119943618774,-0.2133653461933136,0.15338701009750366,-3.132720470428467,-0.007690383121371269
2445,46.41687798500061,-0.019519425928592682,-0.08286740630865097,0.10338934510946274,-0.1287650167942047,-0.1949598640203476,0.24067141115665436,-3.1320972442626953,-0.012449455447494984
2446,46.427408933639526,-0.019519425928592682,-0.08286740630865097,0.10338934510946274,-0.11735279113054276,-0.1812218874692917,0.3174140453338623,-3.1344945430755615,-0.017796248197555542
2447,46.45376706123352,-0.019519425928592682,-0.08286740630865097,0.10338934510946274,-0.10983259975910187,-0.1725350320339203,0.3570556640625,-3.1370151042938232,-0.02318776398897171
2448,46.46410298347473,-0.019519425928592682,-0.08286740630865097,0.10338934510946274,-0.10245014727115631,-0.16236822307109833,0.3793018162250519,-3.137747049331665,-0.028495222330093384
2449,46.49029183387756,-0.019519425928592682,-0.08286740630865097,0.10338934510946274,-0.09325509518384933,-0.14251382648944855,0.27952781319618225,-3.1369543075561523,-0.03275080397725105
2450,46.50222086906433,-0.019519425928592682,-0.08286740630865097,0.10338934510946274,-0.08504180610179901,-0.1177029013633728,0.1623069792985916,-3.138606309890747,-0.03469165787100792
2451,46.528438091278076,-0.019519425928592682,-0.08286740630865097,0.10338934510946274,-0.07546461373567581,-0.09554176032543182,0.11366693675518036,3.139075517654419,-0.034309856593608856
2452,46.538933515548706,-0.019519425928592682,-0.08286740630865097,0.10338934510946274,-0.06497415155172348,-0.07540977001190186,0.11326151341199875,3.1313133239746094,-0.031923942267894745
2453,46.564805030822754,-0.019519425928592682,-0.08286740630865097,0.10338934510946274,-0.05479568615555763,-0.056366924196481705,0.13038016855716705,3.1229145526885986,-0.02755802869796753
2454,46.574819564819336,-0.019519425928592682,-0.08286740630865097,0.10338934510946274,-0.04446731135249138,-0.03929312154650688,0.14495345950126648,3.1146016120910645,-0.021308179944753647
2455,46.60045528411865,-0.019519425928592682,-0.08286740630865097,0.10338934510946274,-0.03325918689370155,-0.02549908310174942,0.14873850345611572,3.1069138050079346,-0.013822317123413086
2456,46.61064171791077,-0.019519425928592682,-0.08286740630865097,0.10338934510946274,-0.020381979644298553,-0.014393053948879242,0.14632852375507355,3.1006252765655518,-0.006266018841415644
2457,46.637616872787476,-0.019519425928592682,-0.08286740630865097,0.10338934510946274,-0.005156494211405516,-0.004097738303244114,0.15035519003868103,3.096405267715454,-2.6950599931296892e-05
2458,46.6479389667511,-0.019519425928592682,-0.08286740630865097,0.10338934510946274,0.012114773504436016,0.00756964972242713,0.17376640439033508,3.094426393508911,0.0038107228465378284
2459,46.68200421333313,-0.019519425928592682,-0.08286740630865097,0.10338934510946274,0.029598629102110863,0.021544480696320534,0.21956326067447662,3.0946052074432373,0.005154753569513559
2460,46.703431606292725,-0.019519425928592682,-0.08286740630865097,0.10338934510946274,0.045470573008060455,0.036908023059368134,0.27317532896995544,3.09690260887146,0.005065572913736105
2461,46.729029178619385,-0.019519425928592682,-0.08286740630865097,0.10338934510946274,0.05969594791531563,0.05159244313836098,0.325278639793396,3.101405143737793,0.005035492591559887
2462,46.73912715911865,-0.019519425928592682,-0.08286740630865097,0.10338934510946274,0.07288114726543427,0.06452775746583939,0.36353015899658203,3.1081597805023193,0.0063009848818182945
2463,46.76471209526062,-0.019519425928592682,-0.08286740630865097,0.10338934510946274,0.08691669255495071,0.07655058801174164,0.36006101965904236,3.116511344909668,0.0092312041670084
2464,46.774996757507324,-0.019519425928592682,-0.08286740630865097,0.10338934510946274,0.10564102232456207,0.08853885531425476,0.3014357089996338,3.1241841316223145,0.012409696355462074
2465,46.80127954483032,-0.019519425928592682,-0.08286740630865097,0.10338934510946274,0.11665564775466919,0.09715134650468826,0.546765148639679,3.1288509368896484,0.009801970794796944
2466,46.812068939208984,-0.019519425928592682,-0.08286740630865097,0.10338934510946274,0.11146555840969086,0.08669883757829666,0.3781362473964691,3.1363072395324707,0.003120033536106348
2467,46.8381564617157,-0.019519425928592682,-0.08286740630865097,0.10338934510946274,0.11043673753738403,0.07067965716123581,0.17668020725250244,3.134366273880005,-0.0021081946324557066
2468,46.848530530929565,-0.019519425928592682,-0.08286740630865097,0.10338934510946274,0.08837615698575974,0.03612923249602318,0.13337261974811554,3.1271586418151855,-0.00778431911021471
2469,46.875277042388916,-0.019519425928592682,-0.08286740630865097,0.10338934510946274,0.05743170529603958,-0.000611619558185339,0.10035519301891327,3.1256823539733887,-0.009245209395885468
2470,46.88612151145935,-0.019519425928592682,-0.08286740630865097,0.10338934510946274,0.02903497964143753,-0.03276248648762703,0.0921541228890419,3.1292591094970703,-0.0068107177503407
2471,46.91287684440613,-0.019519425928592682,-0.08286740630865097,0.10338934510946274,0.006711235269904137,-0.06281760334968567,0.08362632989883423,3.134706497192383,-0.002637291792780161
2472,46.93127965927124,-0.019519425928592682,-0.08286740630865097,0.10338934510946274,-0.011750268749892712,-0.09291679412126541,0.061902884393930435,3.139058828353882,0.0011691153049468994
2473,46.96433401107788,-0.019519425928592682,-0.08286740630865097,0.10338934510946274,-0.03176441043615341,-0.12213659286499023,0.07357057929039001,3.1394994258880615,0.005323245655745268
2474,46.97459411621094,-0.019519425928592682,-0.08286740630865097,0.10338934510946274,-0.05288537219166756,-0.1519155651330948,0.11699225008487701,3.1353912353515625,0.011052457615733147
2475,47.00174927711487,-0.019519425928592682,-0.08286740630865097,0.10338934510946274,-0.07417360693216324,-0.1820010095834732,0.16337642073631287,3.1291918754577637,0.017731759697198868
2476,47.012890100479126,-0.019519425928592682,-0.08286740630865097,0.10338934510946274,-0.09733691066503525,-0.20819152891635895,0.18537060916423798,3.124765396118164,0.02548108622431755
2477,47.03908061981201,-0.019519425928592682,-0.08286740630865097,0.10338934510946274,-0.10674504190683365,-0.22267693281173706,0.14288680255413055,3.125248432159424,0.033924102783203125
2478,47.05006814002991,-0.019519425928592682,-0.08286740630865097,0.10338934510946274,-0.09765895456075668,-0.21333123743534088,0.17328479886054993,3.126441717147827,0.03394989296793938
2479,47.077041149139404,-0.019519425928592682,-0.08286740630865097,0.10338934510946274,-0.0923103392124176,-0.19868598878383636,0.24467015266418457,3.1281394958496094,0.02927805855870247
2480,47.08712601661682,-0.019519425928592682,-0.08286740630865097,0.10338934510946274,-0.08992662280797958,-0.18200424313545227,0.29184988141059875,3.1300106048583984,0.022851640358567238
2481,47.11413931846619,-0.019519425928592682,-0.08286740630865097,0.10338934510946274,-0.09274698048830032,-0.16845625638961792,0.35124921798706055,3.1323037147521973,0.01622096449136734
2482,47.126057624816895,-0.019519425928592682,-0.08286740630865097,0.10338934510946274,-0.09196247905492783,-0.14814572036266327,0.35482606291770935,3.135125160217285,0.010181955993175507
2483,47.15188550949097,-0.019519425928592682,-0.08286740630865097,0.10338934510946274,-0.09195562452077866,-0.11877307295799255,0.22102141380310059,3.1367623805999756,0.006330270320177078
2484,47.16368103027344,-0.019519425928592682,-0.08286740630865097,0.10338934510946274,-0.08989086002111435,-0.08808712661266327,0.11051030457019806,3.1345913410186768,0.00478203734382987
2485,47.19136071205139,-0.019519425928592682,-0.08286740630865097,0.10338934510946274,-0.08753450214862823,-0.06134370341897011,0.08315359055995941,3.1294238567352295,0.005095374770462513
2486,47.20273685455322,-0.019519425928592682,-0.08286740630865097,0.10338934510946274,-0.08514517545700073,-0.03518496826291084,0.07556376606225967,3.122990608215332,0.007509841118007898
2487,47.228944063186646,-0.019519425928592682,-0.08286740630865097,0.10338934510946274,-0.08417081087827682,-0.011140160262584686,0.07662753015756607,3.116276264190674,0.012352485209703445
2488,47.239275217056274,-0.019519425928592682,-0.08286740630865097,0.10338934510946274,-0.08300293236970901,0.010188724845647812,0.06516992300748825,3.1099331378936768,0.019196562469005585
2489,47.26555919647217,-0.019519425928592682,-0.08286740630865097,0.10338934510946274,-0.08103878051042557,0.02900807373225689,0.019642535597085953,3.105140209197998,0.026980845257639885
2490,47.276169776916504,-0.019519425928592682,-0.08286740630865097,0.10338934510946274,-0.07869403809309006,0.04574302211403847,-0.03256804868578911,3.102900981903076,0.034776799380779266
2491,47.302469968795776,-0.019519425928592682,-0.08286740630865097,0.10338934510946274,-0.07370389252901077,0.06275569647550583,-0.05059170722961426,3.103707790374756,0.04176774621009827
2492,47.312416076660156,-0.019519425928592682,-0.08286740630865097,0.10338934510946274,-0.06613357365131378,0.08324515074491501,-0.017266258597373962,3.1073191165924072,0.04666135087609291
2493,47.33831858634949,-0.019519425928592682,-0.08286740630865097,0.10338934510946274,-0.06042912229895592,0.10818444937467575,0.005192425101995468,3.1123414039611816,0.049199994653463364
2494,47.34868025779724,-0.019519425928592682,-0.08286740630865097,0.10338934510946274,-0.06069795787334442,0.13193872570991516,-0.007502923719584942,3.1164422035217285,0.05142907053232193
2495,47.375908613204956,-0.019519425928592682,-0.08286740630865097,0.10338934510946274,-0.06300514936447144,0.14730124175548553,0.1707860231399536,3.121734380722046,0.05369942635297775
2496,47.38612413406372,-0.019519425928592682,-0.08286740630865097,0.10338934510946274,-0.0649624913930893,0.15136368572711945,0.19223636388778687,3.1295337677001953,0.056484781205654144
2497,47.41177225112915,-0.019519425928592682,-0.08286740630865097,0.10338934510946274,-0.05720898509025574,0.15380175411701202,0.1460711807012558,3.1337790489196777,0.057015832513570786
2498,47.42154240608215,-0.019519425928592682,-0.08286740630865097,0.10338934510946274,-0.04665815457701683,0.15002447366714478,0.04201648756861687,3.1321983337402344,0.049524132162332535
2499,47.4469633102417,-0.019519425928592682,-0.08286740630865097,0.10338934510946274,-0.04802444204688072,0.13505466282367706,-0.009177743457257748,3.128295660018921,0.03336289897561073
2500,47.457621335983276,-0.019519425928592682,-0.08286740630865097,0.10338934510946274,-0.06330040097236633,0.10654157400131226,-0.020971395075321198,3.1258599758148193,0.012534582987427711
2501,47.49875855445862,-0.019519425928592682,-0.08286740630865097,0.10338934510946274,-0.08948088437318802,0.06648758798837662,0.006796383298933506,3.125272750854492,-0.0050767106004059315
2502,47.508755683898926,-0.019519425928592682,-0.08286740630865097,0.10338934510946274,-0.11996373534202576,0.02798103727400303,0.05985056236386299,3.124192714691162,-0.011041262187063694
2503,47.537198543548584,-0.019519425928592682,-0.08286740630865097,0.10338934510946274,-0.143859401345253,-0.009611416608095169,0.06529394537210464,3.1221883296966553,-0.006679801736027002
2504,47.54794454574585,-0.019519425928592682,-0.08286740630865097,0.10338934510946274,-0.1626313179731369,-0.049161992967128754,0.06039605289697647,3.1214449405670166,0.0017652795650064945
2505,47.575432777404785,-0.019519425928592682,-0.08286740630865097,0.10338934510946274,-0.17873135209083557,-0.08826123178005219,0.07117844372987747,3.1219398975372314,0.010029868222773075
2506,47.585954666137695,-0.019519425928592682,-0.08286740630865097,0.10338934510946274,-0.19461773335933685,-0.12241815775632858,0.09155765920877457,3.1216554641723633,0.017825903370976448
2507,47.617061376571655,-0.019519425928592682,-0.08286740630865097,0.10338934510946274,-0.20859089493751526,-0.1514098197221756,0.1074850857257843,3.121105909347534,0.02482585608959198
2508,47.62837600708008,-0.019519425928592682,-0.08286740630865097,0.10338934510946274,-0.22349871695041656,-0.1766914427280426,0.10358293354511261,3.124155282974243,0.030409574508666992
2509,47.65526103973389,-0.019519425928592682,-0.08286740630865097,0.10338934510946274,-0.23566369712352753,-0.20049655437469482,0.06097771227359772,3.134730815887451,0.03440532088279724
2510,47.66537880897522,-0.019519425928592682,-0.08286740630865097,0.10338934510946274,-0.20314954221248627,-0.17619511485099792,0.1288796067237854,-3.138017416000366,0.030574843287467957
2511,47.69191336631775,-0.019519425928592682,-0.08286740630865097,0.10338934510946274,-0.1812005639076233,-0.15095248818397522,0.25379860401153564,-3.1325151920318604,0.02109713666141033
2512,47.70252561569214,-0.019519425928592682,-0.08286740630865097,0.10338934510946274,-0.17155909538269043,-0.1335071623325348,0.320879727602005,-3.1296262741088867,0.011008896864950657
2513,47.72853899002075,-0.019519425928592682,-0.08286740630865097,0.10338934510946274,-0.17139895260334015,-0.12601709365844727,0.33069902658462524,-3.1266510486602783,0.0022238553501665592
2514,47.738757371902466,-0.019519425928592682,-0.08286740630865097,0.10338934510946274,-0.1738966703414917,-0.12230254709720612,0.3571094870567322,-3.121077537536621,-0.005639285780489445
2515,47.76565217971802,-0.019519425928592682,-0.08286740630865097,0.10338934510946274,-0.17319558560848236,-0.11198637634515762,0.37269604206085205,-3.1127126216888428,-0.013166449032723904
2516,47.77581477165222,-0.019519425928592682,-0.08286740630865097,0.10338934510946274,-0.1653214395046234,-0.08744429051876068,0.19224229454994202,-3.104661226272583,-0.0200094785541296
2517,47.801928758621216,-0.019519425928592682,-0.08286740630865097,0.10338934510946274,-0.15850520133972168,-0.05913519114255905,0.06592946499586105,-3.103074789047241,-0.02487199753522873
2518,47.811896324157715,-0.019519425928592682,-0.08286740630865097,0.10338934510946274,-0.1523219645023346,-0.033768314868211746,0.022441182285547256,-3.1083126068115234,-0.02670895680785179
2519,47.8379693031311,-0.019519425928592682,-0.08286740630865097,0.10338934510946274,-0.14831185340881348,-0.010724897496402264,0.020449725911021233,-3.1169214248657227,-0.02478274516761303
2520,47.84796953201294,-0.019519425928592682,-0.08286740630865097,0.10338934510946274,-0.1459464132785797,0.011469429358839989,-0.02321688085794449,-3.127133846282959,-0.018664753064513206
2521,47.87484073638916,-0.019519425928592682,-0.08286740630865097,0.10338934510946274,-0.14445051550865173,0.03076248988509178,-0.06982599198818207,-3.1384127140045166,-0.009227218106389046
2522,47.88524794578552,-0.019519425928592682,-0.08286740630865097,0.10338934510946274,-0.14371541142463684,0.048600152134895325,-0.11724276095628738,3.133760452270508,0.0020479047670960426
2523,47.910855531692505,-0.019519425928592682,-0.08286740630865097,0.10338934510946274,-0.14298991858959198,0.0647989884018898,-0.1875588595867157,3.1257574558258057,0.013537020422518253
2524,47.92101454734802,-0.019519425928592682,-0.08286740630865097,0.10338934510946274,-0.14001142978668213,0.07897249609231949,-0.2516635060310364,3.1230568885803223,0.023878533393144608
2525,47.947245836257935,-0.019519425928592682,-0.08286740630865097,0.10338934510946274,-0.13355021178722382,0.09384514391422272,-0.28970110416412354,3.1256582736968994,0.032083213329315186
2526,47.960668087005615,-0.019519425928592682,-0.08286740630865097,0.10338934510946274,-0.12519623339176178,0.11126450449228287,-0.27775949239730835,3.1312789916992188,0.03744657337665558
2527,47.98918294906616,-0.019519425928592682,-0.08286740630865097,0.10338934510946274,-0.11757942289113998,0.12916800379753113,-0.20355132222175598,3.137409210205078,0.04011436551809311
2528,47.999571800231934,-0.019519425928592682,-0.08286740630865097,0.10338934510946274,-0.11311178654432297,0.1497524231672287,-0.1275612711906433,-3.141110897064209,0.041216231882572174
2529,48.02667760848999,-0.019519425928592682,-0.08286740630865097,0.10338934510946274,-0.10833857953548431,0.17453987896442413,-0.043965987861156464,-3.1399242877960205,0.04100799933075905
2530,48.03718137741089,-0.019519425928592682,-0.08286740630865097,0.10338934510946274,-0.10124856978654861,0.1964818686246872,0.008734841831028461,3.1404309272766113,0.039732955396175385
2531,48.0641713142395,-0.019519425928592682,-0.08286740630865097,0.10338934510946274,-0.08019954711198807,0.18507970869541168,0.33215591311454773,3.1401219367980957,0.02732080966234207
2532,48.07475662231445,-0.019519425928592682,-0.08286740630865097,0.10338934510946274,-0.0731886625289917,0.16103385388851166,0.19352155923843384,-3.137873411178589,0.008565085940063
2533,48.10272169113159,-0.019519425928592682,-0.08286740630865097,0.10338934510946274,-0.06553560495376587,0.12705546617507935,0.11260227859020233,-3.1362624168395996,-0.010339964181184769
2534,48.11479830741882,-0.019519425928592682,-0.08286740630865097,0.10338934510946274,-0.0657041072845459,0.08067656308412552,0.13431553542613983,-3.13666033744812,-0.025296911597251892
2535,48.141127586364746,-0.019519425928592682,-0.08286740630865097,0.10338934510946274,-0.06980810314416885,0.035636939108371735,0.16269218921661377,-3.1370253562927246,-0.03196069970726967
2536,48.15391159057617,-0.019519425928592682,-0.08286740630865097,0.10338934510946274,-0.06986308842897415,-0.0073075382970273495,0.129734605550766,-3.1362380981445312,-0.03211333602666855
2537,48.18051505088806,-0.019519425928592682,-0.08286740630865097,0.10338934510946274,-0.06551793217658997,-0.04915497824549675,0.11022712290287018,-3.1348354816436768,-0.029864810407161713
2538,48.19103026390076,-0.019519425928592682,-0.08286740630865097,0.10338934510946274,-0.05972691625356674,-0.08850986510515213,0.11048320680856705,-3.1346323490142822,-0.02735990658402443
2539,48.2170135974884,-0.019519425928592682,-0.08286740630865097,0.10338934510946274,-0.05408911779522896,-0.1239500641822815,0.1358422338962555,-3.1370351314544678,-0.024792693555355072
2540,48.22718596458435,-0.019519425928592682,-0.08286740630865097,0.10338934510946274,-0.04815365746617317,-0.15604959428310394,0.144389808177948,3.141357183456421,-0.022647669538855553
2541,48.259235858917236,-0.019519425928592682,-0.08286740630865097,0.10338934510946274,-0.04347866773605347,-0.18640658259391785,0.153375506401062,3.1353061199188232,-0.021335095167160034
2542,48.27333998680115,-0.019519425928592682,-0.08286740630865097,0.10338934510946274,-0.04068070650100708,-0.21332035958766937,0.15210863947868347,3.1293978691101074,-0.020726831629872322
2543,48.30048131942749,-0.019519425928592682,-0.08286740630865097,0.10338934510946274,-0.028596632182598114,-0.2308395355939865,0.08706322312355042,3.124318838119507,-0.022654930129647255
2544,48.31098818778992,-0.019519425928592682,-0.08286740630865097,0.10338934510946274,-0.0273649413138628,-0.22357219457626343,0.12293019145727158,3.117762804031372,-0.029199017211794853
2545,48.3368501663208,-0.019519425928592682,-0.08286740630865097,0.10338934510946274,-0.0314265601336956,-0.20956210792064667,0.1993265450000763,3.112151622772217,-0.03174706548452377
2546,48.347912311553955,-0.019519425928592682,-0.08286740630865097,0.10338934510946274,-0.030202649533748627,-0.19874344766139984,0.2660456597805023,3.1067168712615967,-0.03174877166748047
2547,48.3744261264801,-0.019519425928592682,-0.08286740630865097,0.10338934510946274,-0.026411738246679306,-0.19488756358623505,0.3178541660308838,3.1014435291290283,-0.0327589213848114
2548,48.38491892814636,-0.019519425928592682,-0.08286740630865097,0.10338934510946274,-0.02406621351838112,-0.19116829335689545,0.3252304196357727,3.097508668899536,-0.03571988642215729
2549,48.41063976287842,-0.019519425928592682,-0.08286740630865097,0.10338934510946274,-0.025035914033651352,-0.1758429855108261,0.29049786925315857,3.0950725078582764,-0.03911444917321205
2550,48.42139673233032,-0.019519425928592682,-0.08286740630865097,0.10338934510946274,-0.032616887241601944,-0.14273211359977722,0.1676056981086731,3.0918362140655518,-0.03999791294336319
2551,48.447752714157104,-0.019519425928592682,-0.08286740630865097,0.10338934510946274,-0.03824085742235184,-0.10510814934968948,0.08432497084140778,3.085547924041748,-0.03840929642319679
2552,48.45803141593933,-0.019519425928592682,-0.08286740630865097,0.10338934510946274,-0.03938904032111168,-0.07185062021017075,0.10669084638357162,3.0773262977600098,-0.03584969416260719
2553,48.48489785194397,-0.019519425928592682,-0.08286740630865097,0.10338934510946274,-0.040250714868307114,-0.04358760267496109,0.13189730048179626,3.070098876953125,-0.03220012038946152
2554,48.495107650756836,-0.019519425928592682,-0.08286740630865097,0.10338934510946274,-0.040056467056274414,-0.02034723199903965,0.14387664198875427,3.0654611587524414,-0.027060380205512047
2555,48.52082586288452,-0.019519425928592682,-0.08286740630865097,0.10338934510946274,-0.03798334300518036,-0.0013823476620018482,0.15426084399223328,3.0632243156433105,-0.0206842590123415
2556,48.53066682815552,-0.019519425928592682,-0.08286740630865097,0.10338934510946274,-0.035133346915245056,0.014528205618262291,0.1455775797367096,3.0632784366607666,-0.013678723014891148
2557,48.556785345077515,-0.019519425928592682,-0.08286740630865097,0.10338934510946274,-0.030538426712155342,0.030162600800395012,0.10725194960832596,3.065563201904297,-0.007147469557821751
2558,48.56689977645874,-0.019519425928592682,-0.08286740630865097,0.10338934510946274,-0.02389732375741005,0.0469374842941761,0.10188356041908264,3.069614887237549,-0.002368161454796791
2559,48.593053102493286,-0.019519425928592682,-0.08286740630865097,0.10338934510946274,-0.01823684200644493,0.06890686601400375,0.10178589820861816,3.074599027633667,0.0005950927734375
2560,48.60330557823181,-0.019519425928592682,-0.08286740630865097,0.10338934510946274,-0.01512918435037136,0.09453809261322021,0.11142916232347488,3.0795738697052,0.002667495282366872
2561,48.62985301017761,-0.019519425928592682,-0.08286740630865097,0.10338934510946274,-0.01416831649839878,0.12182796746492386,0.11196477711200714,3.0839202404022217,0.005241089034825563
2562,48.639861822128296,-0.019519425928592682,-0.08286740630865097,0.10338934510946274,-0.013587449677288532,0.1478274166584015,0.11496661603450775,3.087120771408081,0.009449475444853306
2563,48.66649508476257,-0.019519425928592682,-0.08286740630865097,0.10338934510946274,-0.011651309207081795,0.17334319651126862,0.09964679181575775,3.088022232055664,0.01570890098810196
2564,48.676952600479126,-0.019519425928592682,-0.08286740630865097,0.10338934510946274,-0.006747256964445114,0.182929128408432,0.35193076729774475,3.0883679389953613,0.016991233453154564
2565,48.70336437225342,-0.019519425928592682,-0.08286740630865097,0.10338934510946274,-0.0019946931861341,0.1596507728099823,0.21979659795761108,3.095374822616577,0.012816756032407284
2566,48.71400237083435,-0.019519425928592682,-0.08286740630865097,0.10338934510946274,0.013589279726147652,0.1338730901479721,0.13454674184322357,3.10103178024292,0.0049322848208248615
2567,48.740631341934204,-0.019519425928592682,-0.08286740630865097,0.10338934510946274,0.014107964932918549,0.0979955866932869,0.11048457771539688,3.104707717895508,-0.008364702574908733
2568,48.75099992752075,-0.019519425928592682,-0.08286740630865097,0.10338934510946274,0.0025330509524792433,0.0602872371673584,0.11308739334344864,3.109315872192383,-0.016919489949941635
2569,48.77726674079895,-0.019519425928592682,-0.08286740630865097,0.10338934510946274,-0.005091340746730566,0.026318885385990143,0.09133551269769669,3.1149938106536865,-0.018743189051747322
2570,48.787304639816284,-0.019519425928592682,-0.08286740630865097,0.10338934510946274,-0.007893172092735767,-0.0059089576825499535,0.06746670603752136,3.1209118366241455,-0.017504477873444557
2571,48.81291151046753,-0.019519425928592682,-0.08286740630865097,0.10338934510946274,-0.007670738268643618,-0.03920494765043259,0.04761037230491638,3.1259820461273193,-0.01597823016345501
2572,48.82289958000183,-0.019519425928592682,-0.08286740630865097,0.10338934510946274,-0.00636998051777482,-0.07328145951032639,0.06005400791764259,3.1290745735168457,-0.014850174076855183
2573,48.848910331726074,-0.019519425928592682,-0.08286740630865097,0.10338934510946274,-0.005307470448315144,-0.10469832271337509,0.07676257938146591,3.1294732093811035,-0.013948089443147182
2574,48.85930609703064,-0.019519425928592682,-0.08286740630865097,0.10338934510946274,-0.003161596367135644,-0.13362720608711243,0.06908179819583893,3.127368927001953,-0.013837878592312336
2575,48.88555192947388,-0.019519425928592682,-0.08286740630865097,0.10338934510946274,-0.001829648739658296,-0.16404399275779724,0.0621841698884964,3.1233880519866943,-0.01496836543083191
2576,48.896060943603516,-0.019519425928592682,-0.08286740630865097,0.10338934510946274,-0.002235329244285822,-0.19348382949829102,0.058615341782569885,3.1188998222351074,-0.016443148255348206
2577,48.921961307525635,-0.019519425928592682,-0.08286740630865097,0.10338934510946274,-0.005966223776340485,-0.21891699731349945,0.0744757205247879,3.1155710220336914,-0.01584123633801937
2578,48.93216609954834,-0.019519425928592682,-0.08286740630865097,0.10338934510946274,0.0031250123865902424,-0.22983960807323456,-0.011069227010011673,3.111027717590332,-0.019298065453767776
2579,48.9574875831604,-0.019519425928592682,-0.08286740630865097,0.10338934510946274,-0.008906346745789051,-0.2323465198278427,0.10699764639139175,3.106482744216919,-0.02369857393205166
2580,48.96743679046631,-0.019519425928592682,-0.08286740630865097,0.10338934510946274,-0.021400200203061104,-0.22973114252090454,0.20242497324943542,3.1044793128967285,-0.023207655176520348
2581,48.99373269081116,-0.019519425928592682,-0.08286740630865097,0.10338934510946274,-0.02589690312743187,-0.2211279720067978,0.27041763067245483,3.1022775173187256,-0.021951576694846153
2582,49.00448298454285,-0.019519425928592682,-0.08286740630865097,0.10338934510946274,-0.029782777652144432,-0.2014501839876175,0.2975432276725769,3.0983755588531494,-0.02284115180373192
2583,49.0325231552124,-0.019519425928592682,-0.08286740630865097,0.10338934510946274,-0.04246378317475319,-0.16795167326927185,0.214914470911026,3.0924007892608643,-0.023476656526327133
2584,49.04254508018494,-0.019519425928592682,-0.08286740630865097,0.10338934510946274,-0.05736880004405975,-0.13607247173786163,0.11608871072530746,3.0850436687469482,-0.021826623007655144
2585,49.069982290267944,-0.019519425928592682,-0.08286740630865097,0.10338934510946274,-0.06693553179502487,-0.11045132577419281,0.08180485665798187,3.0781402587890625,-0.018865730613470078
2586,49.08272933959961,-0.019519425928592682,-0.08286740630865097,0.10338934510946274,-0.07544352114200592,-0.08896541595458984,0.08560630679130554,3.073530912399292,-0.015429784543812275
2587,49.11091732978821,-0.019519425928592682,-0.08286740630865097,0.10338934510946274,-0.0848013311624527,-0.0699366107583046,0.0837114006280899,3.0719428062438965,-0.011135213077068329
2588,49.122379302978516,-0.019519425928592682,-0.08286740630865097,0.10338934510946274,-0.09430360049009323,-0.054038941860198975,0.06967328488826752,3.0731630325317383,-0.005618095397949219
2589,49.148104190826416,-0.019519425928592682,-0.08286740630865097,0.10338934510946274,-0.10314545035362244,-0.04073420912027359,0.03491048887372017,3.076862096786499,0.0007703303708694875
2590,49.16678738594055,-0.019519425928592682,-0.08286740630865097,0.10338934510946274,-0.11110788583755493,-0.02856331132352352,-0.016545558348298073,3.082796335220337,0.007095918990671635
2591,49.19378662109375,-0.019519425928592682,-0.08286740630865097,0.10338934510946274,-0.11885243654251099,-0.014889909885823727,-0.07304245978593826,3.090299129486084,0.012537145987153053
2592,49.2113835811615,-0.019519425928592682,-0.08286740630865097,0.10338934510946274,-0.12777850031852722,0.0018012596992775798,-0.12258156388998032,3.098114490509033,0.01696840487420559
2593,49.23995232582092,-0.019519425928592682,-0.08286740630865097,0.10338934510946274,-0.13841082155704498,0.019703194499015808,-0.1413162350654602,3.104917049407959,0.021123725920915604
2594,49.25032639503479,-0.019519425928592682,-0.08286740630865097,0.10338934510946274,-0.15001574158668518,0.03847576305270195,-0.13411098718643188,3.1096465587615967,0.026112759485840797
2595,49.27627182006836,-0.019519425928592682,-0.08286740630865097,0.10338934510946274,-0.16209428012371063,0.057865776121616364,-0.12563949823379517,3.1120383739471436,0.032742004841566086
2596,49.28653383255005,-0.019519425928592682,-0.08286740630865097,0.10338934510946274,-0.17032192647457123,0.07665091753005981,-0.10347354412078857,3.11191463470459,0.040181729942560196
2597,49.312577962875366,-0.019519425928592682,-0.08286740630865097,0.10338934510946274,-0.17281939089298248,0.09641609340906143,-0.08129609376192093,3.108349084854126,0.04577770084142685
2598,49.32325196266174,-0.019519425928592682,-0.08286740630865097,0.10338934510946274,-0.16673097014427185,0.09947442263364792,0.1557055115699768,3.103130340576172,0.041151292622089386
2599,49.350454330444336,-0.019519425928592682,-0.08286740630865097,0.10338934510946274,-0.15627016127109528,0.08502930402755737,0.12832145392894745,3.1006205081939697,0.02395888790488243
2600,49.36073279380798,-0.019519425928592682,-0.08286740630865097,0.10338934510946274,-0.14922687411308289,0.06286481022834778,0.07195375859737396,3.092616319656372,0.0004127509018871933
2601,49.38710808753967,-0.019519425928592682,-0.08286740630865097,0.10338934510946274,-0.14557579159736633,0.024931151419878006,0.17446886003017426,3.082484483718872,-0.02036358043551445
2602,49.39747619628906,-0.019519425928592682,-0.08286740630865097,0.10338934510946274,-0.14810709655284882,-0.01500742044299841,0.24323540925979614,3.079038143157959,-0.029416412115097046
2603,49.42695212364197,-0.019519425928592682,-0.08286740630865097,0.10338934510946274,-0.14649800956249237,-0.04620030149817467,0.22118864953517914,3.0838072299957275,-0.0294200349599123
2604,49.43856191635132,-0.019519425928592682,-0.08286740630865097,0.10338934510946274,-0.14157262444496155,-0.07299420237541199,0.1476631909608841,3.0919666290283203,-0.026270899921655655
2605,49.46419382095337,-0.019519425928592682,-0.08286740630865097,0.10338934510946274,-0.13468819856643677,-0.10095974057912827,0.10002914071083069,3.0985610485076904,-0.023052005097270012
2606,49.474506855010986,-0.019519425928592682,-0.08286740630865097,0.10338934510946274,-0.12744902074337006,-0.12850962579250336,0.11246650665998459,3.100850820541382,-0.020029224455356598
2607,49.501304388046265,-0.019519425928592682,-0.08286740630865097,0.10338934510946274,-0.11883716285228729,-0.15518240630626678,0.14487990736961365,3.099177837371826,-0.01752414181828499
2608,49.51322078704834,-0.019519425928592682,-0.08286740630865097,0.10338934510946274,-0.11158014833927155,-0.1825556755065918,0.15819072723388672,3.095569610595703,-0.01636216789484024
2609,49.53878378868103,-0.019519425928592682,-0.08286740630865097,0.10338934510946274,-0.10641968250274658,-0.20780542492866516,0.15085028111934662,3.092012643814087,-0.01685836911201477
2610,49.54906725883484,-0.019519425928592682,-0.08286740630865097,0.10338934510946274,-0.1032119169831276,-0.23219455778598785,0.13240087032318115,3.0905609130859375,-0.01834476925432682
2611,49.57515859603882,-0.019519425928592682,-0.08286740630865097,0.10338934510946274,-0.09782460331916809,-0.2604856789112091,0.10335011780261993,3.0943479537963867,-0.01914086937904358
2612,49.58582019805908,-0.019519425928592682,-0.08286740630865097,0.10338934510946274,-0.06672655045986176,-0.250817209482193,0.19891880452632904,3.0968027114868164,-0.023281767964363098
2613,49.612486362457275,-0.019519425928592682,-0.08286740630865097,0.10338934510946274,-0.04448126256465912,-0.2387944459915161,0.22302280366420746,3.094351291656494,-0.02786293998360634
2614,49.623053312301636,0.6267477869987488,0.025724101811647415,-0.3055851459503174,-0.02166747860610485,-0.23057591915130615,0.2464238405227661,3.0894463062286377,-0.030879473313689232
2615,49.64959454536438,0.6267477869987488,0.025724101811647415,-0.3055851459503174,-0.007665443699806929,-0.21368256211280823,0.07880184054374695,3.0887985229492188,-0.030908910557627678
2616,49.65975570678711,0.6267477869987488,0.025724101811647415,-0.3055851459503174,0.009546277113258839,-0.17752252519130707,-0.12117981165647507,3.091045379638672,-0.030131392180919647
2617,49.68640971183777,0.6267477869987488,0.025724101811647415,-0.3055851459503174,0.02817380614578724,-0.1417706161737442,-0.2328348159790039,3.0901737213134766,-0.031710900366306305
2618,49.696630239486694,0.6267477869987488,0.025724101811647415,-0.3055851459503174,0.04330277815461159,-0.11148001998662949,-0.2771376371383667,3.086381435394287,-0.03391815349459648
2619,49.722655057907104,0.6267477869987488,0.025724101811647415,-0.3055851459503174,0.05658598989248276,-0.08403600752353668,-0.23129409551620483,3.0827555656433105,-0.03454304859042168
2620,49.73290395736694,0.6267477869987488,0.025724101811647415,-0.3055851459503174,0.07208339124917984,-0.05969434231519699,-0.16821697354316711,3.081761598587036,-0.03337528929114342
2621,49.75949192047119,0.6267477869987488,0.025724101811647415,-0.3055851459503174,0.09226629883050919,-0.0373208224773407,-0.1251819133758545,3.083527088165283,-0.031382638961076736
2622,49.76989817619324,0.6267477869987488,0.025724101811647415,-0.3055851459503174,0.1162484660744667,-0.018210401758551598,-0.09141543507575989,3.08705472946167,-0.029113277792930603
2623,49.796403646469116,0.6267477869987488,0.025724101811647415,-0.3055851459503174,0.14419153332710266,-0.0001589988823980093,-0.05233648419380188,3.0911505222320557,-0.027072936296463013
2624,49.80659103393555,0.6267477869987488,0.025724101811647415,-0.3055851459503174,0.17550873756408691,0.018784279003739357,0.007799291051924229,3.09458589553833,-0.025846173986792564
2625,49.83290386199951,0.6267477869987488,0.025724101811647415,-0.3055851459503174,0.2088722586631775,0.03949463739991188,0.09667208045721054,3.0967657566070557,-0.025637824088335037
2626,49.842793703079224,0.6267477869987488,0.025724101811647415,-0.3055851459503174,0.24368995428085327,0.0620783232152462,0.20430228114128113,3.098320722579956,-0.026365719735622406
2627,49.86924743652344,0.6267477869987488,0.025724101811647415,-0.3055851459503174,0.2788117527961731,0.08506926149129868,0.30662649869918823,3.100942611694336,-0.027262482792139053
2628,49.880298137664795,0.6267477869987488,0.025724101811647415,-0.3055851459503174,0.3141026794910431,0.10581943392753601,0.37326595187187195,3.1065921783447266,-0.027064744383096695
2629,49.90651607513428,0.6267477869987488,0.025724101811647415,-0.3055851459503174,0.35060015320777893,0.12468961626291275,0.3898877203464508,3.116443157196045,-0.025399357080459595
2630,49.91690683364868,0.6267477869987488,0.025724101811647415,-0.3055851459503174,0.38974064588546753,0.14575181901454926,0.33404672145843506,3.1298091411590576,-0.02325892075896263
2631,49.94367337226868,0.6267477869987488,0.025724101811647415,-0.3055851459503174,0.4351115822792053,0.17175859212875366,0.19745057821273804,-3.1398539543151855,-0.02256743423640728
2632,49.95435857772827,0.6267477869987488,0.025724101811647415,-0.3055851459503174,0.4826766550540924,0.19697119295597076,0.026165878400206566,-3.130472183227539,-0.024061044678092003
2633,49.98716902732849,0.6267477869987488,0.025724101811647415,-0.3055851459503174,0.5155049562454224,0.2123529314994812,-0.02222832292318344,-3.128087043762207,-0.022730732336640358
2634,50.003339529037476,0.6267477869987488,0.025724101811647415,-0.3055851459503174,0.5216950178146362,0.18761132657527924,0.1822645366191864,-3.126154661178589,-0.024682506918907166
2635,50.02903366088867,0.6267477869987488,0.025724101811647415,-0.3055851459503174,0.5094777941703796,0.12053157389163971,-0.06687810271978378,-3.108795166015625,-0.03356917202472687
2636,50.03912687301636,0.6267477869987488,0.025724101811647415,-0.3055851459503174,0.5050455331802368,0.07121830433607101,-0.2694622874259949,-3.093376398086548,-0.035184841603040695
2637,50.06804060935974,0.6267477869987488,0.025724101811647415,-0.3055851459503174,0.5252149105072021,0.03526157885789871,-0.42211443185806274,-3.0852437019348145,-0.03377905115485191
2638,50.07838821411133,0.6267477869987488,0.025724101811647415,-0.3055851459503174,0.5561718940734863,0.008499212563037872,-0.42191600799560547,-3.083954095840454,-0.03422943130135536
2639,50.106093406677246,0.6267477869987488,0.025724101811647415,-0.3055851459503174,0.5853065252304077,-0.015612012706696987,-0.3241109251976013,-3.088099241256714,-0.036894723773002625
2640,50.11741495132446,0.6267477869987488,0.025724101811647415,-0.3055851459503174,0.6112802028656006,-0.039035264402627945,-0.26438331604003906,-3.096510648727417,-0.04068208485841751
2641,50.142611503601074,0.6267477869987488,0.025724101811647415,-0.3055851459503174,0.6353679299354553,-0.058839716017246246,-0.24519722163677216,-3.109280824661255,-0.04340149462223053
2642,50.15454053878784,0.6267477869987488,0.025724101811647415,-0.3055851459503174,0.6623879671096802,-0.07538062334060669,-0.2773270308971405,-3.125441789627075,-0.04398955777287483
2643,50.18286967277527,0.6267477869987488,0.025724101811647415,-0.3055851459503174,0.6931504607200623,-0.09319215267896652,-0.3016878366470337,-3.140876293182373,-0.04163523390889168
2644,50.19438362121582,0.6267477869987488,0.025724101811647415,-0.3055851459503174,0.7257339358329773,-0.11485488712787628,-0.3097933232784271,3.1339097023010254,-0.0351744145154953
2645,50.22136211395264,0.6267477869987488,0.025724101811647415,-0.3055851459503174,0.7527943849563599,-0.14197085797786713,-0.36962735652923584,3.1381235122680664,-0.02326098270714283
2646,50.23152208328247,0.6267477869987488,0.025724101811647415,-0.3055851459503174,0.7741672396659851,-0.16007493436336517,-0.5190421342849731,-3.128570318222046,-0.007953930646181107
2647,50.25786018371582,0.6267477869987488,0.025724101811647415,-0.3055851459503174,0.7342627644538879,-0.12482316046953201,-0.5657147169113159,-3.120227813720703,-0.0007679070113226771
2648,50.268473863601685,0.6267477869987488,0.025724101811647415,-0.3055851459503174,0.6667024493217468,-0.06968040764331818,-0.31564268469810486,-3.127958059310913,0.008533036336302757
2649,50.295047998428345,0.6267477869987488,0.025724101811647415,-0.3055851459503174,0.6225878000259399,-0.038767315447330475,-0.27723196148872375,3.139754056930542,0.018715040758252144
2650,50.30548048019409,0.6267477869987488,0.025724101811647415,-0.3055851459503174,0.5979004502296448,-0.018658321350812912,-0.28861379623413086,3.1235601902008057,0.026755869388580322
2651,50.33170771598816,0.6267477869987488,0.025724101811647415,-0.3055851459503174,0.583732008934021,-0.0016405937494710088,-0.28341129422187805,3.1085567474365234,0.031212259083986282
2652,50.34161019325256,0.6267477869987488,0.025724101811647415,-0.3055851459503174,0.5768594741821289,0.014774820767343044,-0.2519303560256958,3.095363140106201,0.03150520101189613
2653,50.3684766292572,0.6267477869987488,0.025724101811647415,-0.3055851459503174,0.5751271843910217,0.03128774091601372,-0.18855571746826172,3.084242582321167,0.02804262563586235
2654,50.37893772125244,0.6267477869987488,0.025724101811647415,-0.3055851459503174,0.5780037641525269,0.044917359948158264,-0.12083683162927628,3.0755763053894043,0.023035213351249695
2655,50.40503120422363,0.6267477869987488,0.025724101811647415,-0.3055851459503174,0.580833911895752,0.046962670981884,-0.048874203115701675,3.070098638534546,0.019766101613640785
2656,50.415409564971924,0.6267477869987488,0.025724101811647415,-0.3055851459503174,0.5852617621421814,0.04221415892243385,0.01137624867260456,3.067871332168579,0.020697971805930138
2657,50.44146990776062,0.6267477869987488,0.025724101811647415,-0.3055851459503174,0.5927460193634033,0.027445338666439056,0.13532236218452454,3.070124626159668,0.02569831721484661
2658,50.45220875740051,0.6267477869987488,0.025724101811647415,-0.3055851459503174,0.6050934195518494,0.016602588817477226,0.22704844176769257,3.0776424407958984,0.03160971403121948
2659,50.478299140930176,0.6267477869987488,0.025724101811647415,-0.3055851459503174,0.6202201247215271,0.013133309781551361,0.22726625204086304,3.0894813537597656,0.03415100276470184
2660,50.48854684829712,0.6267477869987488,0.025724101811647415,-0.3055851459503174,0.6363836526870728,0.026963340118527412,0.0566992424428463,3.1030986309051514,0.03178423270583153
2661,50.514718532562256,0.6267477869987488,0.025724101811647415,-0.3055851459503174,0.6512627005577087,0.053808312863111496,-0.17090140283107758,3.1147663593292236,0.025703828781843185
2662,50.52527165412903,0.6267477869987488,0.025724101811647415,-0.3055851459503174,0.6625309586524963,0.07286819070577621,-0.21189019083976746,3.122976541519165,0.01707662269473076
2663,50.55108880996704,0.6267477869987488,0.025724101811647415,-0.3055851459503174,0.6565958857536316,0.0721190944314003,-0.09030399471521378,3.1244139671325684,0.011587989516556263
2664,50.56209850311279,0.6267477869987488,0.025724101811647415,-0.3055851459503174,0.6276773810386658,0.07282344251871109,-0.04645174741744995,3.111877679824829,0.025421638041734695
2665,50.58925127983093,0.6267477869987488,0.025724101811647415,-0.3055851459503174,0.5437828898429871,0.0669444277882576,0.1757473349571228,3.092604398727417,0.03541022539138794
2666,50.599366426467896,0.6267477869987488,0.025724101811647415,-0.3055851459503174,0.4548560678958893,0.022298531606793404,-0.11487928777933121,3.093900442123413,0.03449005261063576
2667,50.625765562057495,0.6267477869987488,0.025724101811647415,-0.3055851459503174,0.3767091929912567,-0.011369483545422554,-0.2752992808818817,3.100778341293335,0.04040677845478058
2668,50.635746002197266,0.6267477869987488,0.025724101811647415,-0.3055851459503174,0.3326970636844635,-0.02956382930278778,-0.3116137683391571,3.1038734912872314,0.047387294471263885
2669,50.66146373748779,0.6267477869987488,0.025724101811647415,-0.3055851459503174,0.3064239025115967,-0.038300588726997375,-0.28507593274116516,3.101186752319336,0.051405977457761765
2670,50.67155408859253,0.6267477869987488,0.025724101811647415,-0.3055851459503174,0.2809202969074249,-0.0442989282310009,-0.23331299424171448,3.0931477546691895,0.05406111851334572
2671,50.697468519210815,0.6267477869987488,0.025724101811647415,-0.3055851459503174,0.25029346346855164,-0.053989868611097336,-0.13509881496429443,3.0809781551361084,0.05753258988261223
2672,50.70804166793823,0.6267477869987488,0.025724101811647415,-0.3055851459503174,0.21861812472343445,-0.06905096769332886,-0.02186112105846405,3.0672264099121094,0.06185615435242653
2673,50.734156370162964,0.6267477869987488,0.025724101811647415,-0.3055851459503174,0.18596044182777405,-0.0885559692978859,0.11817020177841187,3.054725170135498,0.06649374961853027
2674,50.74441623687744,0.6267477869987488,0.025724101811647415,-0.3055851459503174,0.15354976058006287,-0.11162969470024109,0.202356219291687,3.0450563430786133,0.0715511217713356
2675,50.77086329460144,0.6267477869987488,0.025724101811647415,-0.3055851459503174,0.12348434329032898,-0.13053277134895325,0.1390126794576645,3.0377190113067627,0.0781845822930336
2676,50.78136682510376,0.6267477869987488,0.025724101811647415,-0.3055851459503174,0.11698473989963531,-0.1362791359424591,0.002922169864177704,3.0295286178588867,0.08111913502216339
2677,50.8071563243866,0.6267477869987488,0.025724101811647415,-0.3055851459503174,0.10912637412548065,-0.14608855545520782,-0.16966401040554047,3.025102376937866,0.08372238278388977
2678,50.8171169757843,0.6267477869987488,0.025724101811647415,-0.3055851459503174,0.10428620129823685,-0.15468037128448486,-0.2951223850250244,3.0293407440185547,0.08947539329528809
2679,50.84324884414673,0.6267477869987488,0.025724101811647415,-0.3055851459503174,0.10860107839107513,-0.15483024716377258,-0.3040679693222046,3.0409622192382812,0.09736303985118866
2680,50.85352110862732,0.6267477869987488,0.025724101811647415,-0.3055851459503174,0.12116286158561707,-0.14837613701820374,-0.281063973903656,3.0558133125305176,0.10410784184932709
2681,50.87994861602783,0.6267477869987488,0.025724101811647415,-0.3055851459503174,0.1341865211725235,-0.1360912024974823,-0.26157087087631226,3.0711281299591064,0.10808517783880234
2682,50.89165139198303,0.6267477869987488,0.025724101811647415,-0.3055851459503174,0.14329680800437927,-0.11854247003793716,-0.241862490773201,3.085636854171753,0.10992516577243805
2683,50.91776490211487,0.6267477869987488,0.025724101811647415,-0.3055851459503174,0.15164843201637268,-0.09168393909931183,-0.23308178782463074,3.098126173019409,0.10983212292194366
2684,50.92823243141174,0.6267477869987488,0.025724101811647415,-0.3055851459503174,0.15871992707252502,-0.04634854570031166,-0.2679208815097809,3.1053619384765625,0.10733851045370102
2685,50.9541540145874,0.6267477869987488,0.025724101811647415,-0.3055851459503174,0.15735067427158356,0.006358147598803043,-0.3062366843223572,3.104994058609009,0.10417968779802322
2686,50.96408295631409,0.6267477869987488,0.025724101811647415,-0.3055851459503174,0.1629938781261444,0.05323047563433647,-0.3240264058113098,3.100536346435547,0.10175332427024841
2687,50.9899787902832,0.6267477869987488,0.025724101811647415,-0.3055851459503174,0.1769431084394455,0.09339026361703873,-0.3342669904232025,3.0957224369049072,0.1003972589969635
2688,51.00024175643921,0.6267477869987488,0.025724101811647415,-0.3055851459503174,0.1941479742527008,0.12708577513694763,-0.3492489457130432,3.0935442447662354,0.09989800304174423
2689,51.02601194381714,0.6267477869987488,0.025724101811647415,-0.3055851459503174,0.21008199453353882,0.15719637274742126,-0.35044777393341064,3.0953574180603027,0.1008547693490982
2690,51.03591275215149,0.6267477869987488,0.025724101811647415,-0.3055851459503174,0.22702454030513763,0.1859349012374878,-0.3402906060218811,3.1001009941101074,0.10364185273647308
2691,51.062135457992554,0.6267477869987488,0.025724101811647415,-0.3055851459503174,0.24719004333019257,0.21712514758110046,-0.31346815824508667,3.10603666305542,0.10754623264074326
2692,51.072426557540894,0.6267477869987488,0.025724101811647415,-0.3055851459503174,0.2711127698421478,0.254123717546463,-0.28579431772232056,3.111863374710083,0.11041226238012314
2693,51.09961295127869,0.6267477869987488,0.025724101811647415,-0.3055851459503174,0.2941826283931732,0.29518061876296997,-0.2928650677204132,3.115748643875122,0.11010434478521347
2694,51.10996961593628,0.6267477869987488,0.025724101811647415,-0.3055851459503174,0.32663848996162415,0.30101144313812256,0.09974512457847595,3.120875835418701,0.09423605352640152
2695,51.13586473464966,0.6267477869987488,0.025724101811647415,-0.3055851459503174,0.3348965048789978,0.2817164361476898,-0.025967998430132866,3.135836362838745,0.07873218506574631
2696,51.146143198013306,0.6267477869987488,0.025724101811647415,-0.3055851459503174,0.35439497232437134,0.27462688088417053,-0.11342737823724747,-3.133012056350708,0.07589881867170334
2697,51.17425060272217,0.6267477869987488,0.025724101811647415,-0.3055851459503174,0.3911072313785553,0.27139201760292053,-0.15401002764701843,-3.1255929470062256,0.07699314504861832
2698,51.1880362033844,0.6267477869987488,0.025724101811647415,-0.3055851459503174,0.4222727119922638,0.2508997917175293,-0.18207229673862457,-3.124234199523926,0.0747017040848732
2699,51.21384954452515,0.6267477869987488,0.025724101811647415,-0.3055851459503174,0.43068233132362366,0.19521769881248474,-0.1873968094587326,-3.123094081878662,0.06899339705705643
2700,51.22453546524048,0.6267477869987488,0.025724101811647415,-0.3055851459503174,0.43234187364578247,0.13559547066688538,-0.2472096085548401,-3.118333339691162,0.06251948326826096
2701,51.25087022781372,0.6267477869987488,0.025724101811647415,-0.3055851459503174,0.4391399621963501,0.0898972898721695,-0.28978490829467773,-3.111896276473999,0.05742296949028969
2702,51.261090993881226,0.6267477869987488,0.025724101811647415,-0.3055851459503174,0.4553561210632324,0.0545666441321373,-0.3463524580001831,-3.1060383319854736,0.05346433445811272
2703,51.28759717941284,0.6267477869987488,0.025724101811647415,-0.3055851459503174,0.47854891419410706,0.026303086429834366,-0.3616546392440796,-3.102773666381836,0.04805348068475723
2704,51.29804754257202,0.6267477869987488,0.025724101811647415,-0.3055851459503174,0.5036405324935913,0.0023968350142240524,-0.3286289572715759,-3.1032795906066895,0.04060312360525131
2705,51.32503342628479,0.6267477869987488,0.025724101811647415,-0.3055851459503174,0.5289455652236938,-0.02309992164373398,-0.313916951417923,-3.107156753540039,0.03232864290475845
2706,51.33555316925049,0.6267477869987488,0.025724101811647415,-0.3055851459503174,0.5542897582054138,-0.05099782720208168,-0.31855976581573486,-3.1134588718414307,0.025104260072112083
2707,51.36151385307312,0.6267477869987488,0.025724101811647415,-0.3055851459503174,0.5804505348205566,-0.0753525048494339,-0.30789634585380554,-3.1228365898132324,0.02064499817788601
2708,51.37158441543579,0.6267477869987488,0.025724101811647415,-0.3055851459503174,0.6105337738990784,-0.09453047066926956,-0.32097771763801575,-3.1351711750030518,0.018487142398953438
2709,51.39760971069336,0.6267477869987488,0.025724101811647415,-0.3055851459503174,0.6449009776115417,-0.11389729380607605,-0.3334282338619232,3.135646104812622,0.01751803420484066
2710,51.407559871673584,0.6267477869987488,0.025724101811647415,-0.3055851459503174,0.6788049340248108,-0.13560602068901062,-0.34081780910491943,3.12703275680542,0.01767376810312271
2711,51.434064865112305,0.6267477869987488,0.025724101811647415,-0.3055851459503174,0.7089174389839172,-0.15904870629310608,-0.38578569889068604,3.1252365112304688,0.02001357451081276
2712,51.44464945793152,0.6267477869987488,0.025724101811647415,-0.3055851459503174,0.7273961305618286,-0.18366682529449463,-0.4952520430088043,3.1335136890411377,0.02763347327709198
2713,51.472424268722534,0.6267477869987488,0.025724101811647415,-0.3055851459503174,0.7370410561561584,-0.19509118795394897,-0.5314797759056091,-3.1320319175720215,0.04233260080218315
2714,51.48300123214722,0.6267477869987488,0.025724101811647415,-0.3055851459503174,0.7218762636184692,-0.14417366683483124,-0.49164965748786926,-3.1275830268859863,0.044464774429798126
2715,51.50928568840027,0.6267477869987488,0.025724101811647415,-0.3055851459503174,0.6734771728515625,-0.09174796938896179,-0.33633625507354736,-3.138749599456787,0.040931157767772675
2716,51.51945471763611,0.6267477869987488,0.025724101811647415,-0.3055851459503174,0.6344740390777588,-0.059304919093847275,-0.3024201989173889,3.1271867752075195,0.038388993591070175
2717,51.54524207115173,0.6267477869987488,0.025724101811647415,-0.3055851459503174,0.6129741668701172,-0.036489568650722504,-0.30507612228393555,3.1092560291290283,0.03760713338851929
2718,51.556660413742065,0.6267477869987488,0.025724101811647415,-0.3055851459503174,0.6050906181335449,-0.016910266131162643,-0.28813987970352173,3.0921003818511963,0.036115266382694244
2719,51.58289361000061,0.6267477869987488,0.025724101811647415,-0.3055851459503174,0.6054824590682983,0.0009290485177189112,-0.24683943390846252,3.0765888690948486,0.03191528096795082
2720,51.5933620929718,0.6267477869987488,0.025724101811647415,-0.3055851459503174,0.6094803214073181,0.016795719042420387,-0.18421590328216553,3.0636470317840576,0.02553478255867958
2721,51.619470834732056,0.6267477869987488,0.025724101811647415,-0.3055851459503174,0.6161686182022095,0.02853173203766346,-0.12237686663866043,3.0539934635162354,0.01978437602519989
2722,51.63003444671631,0.6267477869987488,0.025724101811647415,-0.3055851459503174,0.6272282600402832,0.03226235508918762,-0.038884326815605164,3.0484631061553955,0.01750662364065647
2723,51.65998411178589,0.6267477869987488,0.025724101811647415,-0.3055851459503174,0.643280029296875,0.028290148824453354,0.07484522461891174,3.04864764213562,0.018927618861198425
2724,51.67018747329712,0.6267477869987488,0.025724101811647415,-0.3055851459503174,0.6640027761459351,0.0257047638297081,0.175104558467865,3.0556349754333496,0.021025579422712326
2725,51.69856524467468,0.6267477869987488,0.025724101811647415,-0.3055851459503174,0.6843571662902832,0.0328788161277771,0.16063357889652252,3.0686583518981934,0.02029043808579445
2726,51.709044218063354,0.6267477869987488,0.025724101811647415,-0.3055851459503174,0.702612042427063,0.05766012519598007,-0.019656937569379807,3.0845141410827637,0.015400280244648457
2727,51.734949827194214,0.6267477869987488,0.025724101811647415,-0.3055851459503174,0.7167288064956665,0.08540011197328568,-0.11979655921459198,3.0977344512939453,0.006800985429435968
2728,51.74513554573059,0.6267477869987488,0.025724101811647415,-0.3055851459503174,0.7273735404014587,0.10038170218467712,-0.13486827909946442,3.1049649715423584,-0.0013720920542255044
2729,51.77166438102722,0.6267477869987488,0.025724101811647415,-0.3055851459503174,0.7372879385948181,0.10730727761983871,-0.16823610663414001,3.1058027744293213,-0.0037421132437884808
2730,51.78177046775818,0.6267477869987488,0.025724101811647415,-0.3055851459503174,0.7039370536804199,0.15248003602027893,-0.28949230909347534,3.0970396995544434,0.0043138302862644196
2731,51.807687520980835,0.6267477869987488,0.025724101811647415,-0.3055851459503174,0.7007557153701782,0.12040560692548752,-0.3018847703933716,3.081695079803467,0.00904040690511465
2732,51.817547082901,0.6267477869987488,0.025724101811647415,-0.3055851459503174,0.6733837723731995,0.09586761891841888,-0.19285552203655243,3.0679543018341064,0.017615903168916702
2733,51.84359288215637,0.6267477869987488,0.025724101811647415,-0.3055851459503174,0.6408985257148743,0.0643627792596817,-0.26114654541015625,3.064506769180298,0.024328773841261864
2734,51.85362768173218,0.6267477869987488,0.025724101811647415,-0.3055851459503174,0.6116328835487366,0.04262369126081467,-0.29700276255607605,3.0733981132507324,0.023837022483348846
2735,51.87977337837219,0.6267477869987488,0.025724101811647415,-0.3055851459503174,0.5899208188056946,0.03265056386590004,-0.3179050087928772,3.0886662006378174,0.019306644797325134
2736,51.88960409164429,0.6267477869987488,0.025724101811647415,-0.3055851459503174,0.5765431523323059,0.02805410325527191,-0.3505125045776367,3.104111909866333,0.013908963650465012
2737,51.91507601737976,0.6267477869987488,0.025724101811647415,-0.3055851459503174,0.5706067085266113,0.02372104860842228,-0.3854556977748871,3.1155283451080322,0.007684988901019096
2738,51.92538094520569,0.6267477869987488,0.025724101811647415,-0.3055851459503174,0.5656339526176453,0.01665203459560871,-0.3848536014556885,3.1218743324279785,0.0015274466713890433
2739,51.95102381706238,0.6267477869987488,0.025724101811647415,-0.3055851459503174,0.5603148937225342,0.004714156500995159,-0.3504372835159302,3.124418020248413,-0.0028997568879276514
2740,51.96173644065857,0.6267477869987488,0.025724101811647415,-0.3055851459503174,0.559143602848053,-0.01264001615345478,-0.3306880295276642,3.124605178833008,-0.006232843268662691
2741,51.9882926940918,0.6267477869987488,0.025724101811647415,-0.3055851459503174,0.5622467398643494,-0.03265764191746712,-0.319548100233078,3.1227052211761475,-0.009583684615790844
2742,51.99834656715393,0.6267477869987488,0.025724101811647415,-0.3055851459503174,0.568649411201477,-0.053658802062273026,-0.2954053282737732,3.118709087371826,-0.012410472147166729
2743,52.02435374259949,0.6267477869987488,0.025724101811647415,-0.3055851459503174,0.5799623727798462,-0.07463346421718597,-0.26504939794540405,3.112821102142334,-0.013965453952550888
2744,52.03452467918396,0.6267477869987488,0.025724101811647415,-0.3055851459503174,0.5978004336357117,-0.09308978170156479,-0.23357610404491425,3.104689359664917,-0.014231390319764614
2745,52.06132173538208,0.6267477869987488,0.025724101811647415,-0.3055851459503174,0.6217014193534851,-0.11229125410318375,-0.19311180710792542,3.0958452224731445,-0.012743638828396797
2746,52.071181297302246,0.6267477869987488,0.025724101811647415,-0.3055851459503174,0.6510026454925537,-0.1357164978981018,-0.17353588342666626,3.0913896560668945,-0.008988484740257263
2747,52.097169637680054,0.6267477869987488,0.025724101811647415,-0.3055851459503174,0.6808561086654663,-0.15986548364162445,-0.1964733749628067,3.0967743396759033,-0.0022570465225726366
2748,52.10739278793335,0.6267477869987488,0.025724101811647415,-0.3055851459503174,0.6944342851638794,-0.17987138032913208,-0.2805168032646179,3.1161270141601562,0.011389948427677155
2749,52.135780334472656,0.6267477869987488,0.025724101811647415,-0.3055851459503174,0.6984010934829712,-0.16155557334423065,-0.5682947635650635,3.1403074264526367,0.025624973699450493
2750,52.15074706077576,0.6267477869987488,0.025724101811647415,-0.3055851459503174,0.6507129073143005,-0.09652212262153625,-0.3138679265975952,-3.140061616897583,0.030385348945856094
2751,52.18022394180298,0.6267477869987488,0.025724101811647415,-0.3055851459503174,0.607720673084259,-0.05277324840426445,-0.24030934274196625,3.1297574043273926,0.03344401344656944
2752,52.192147970199585,0.6267477869987488,0.025724101811647415,-0.3055851459503174,0.5830798745155334,-0.02262001484632492,-0.22281771898269653,3.1127359867095947,0.03530843183398247
2753,52.2187614440918,0.6267477869987488,0.025724101811647415,-0.3055851459503174,0.5724438428878784,-0.0007095583132468164,-0.1941847801208496,3.096956729888916,0.035586968064308167
2754,52.229225397109985,0.6267477869987488,0.025724101811647415,-0.3055851459503174,0.5688455700874329,0.01505749300122261,-0.14433923363685608,3.084373712539673,0.03495065122842789
2755,52.2564492225647,0.6267477869987488,0.025724101811647415,-0.3055851459503174,0.5686705112457275,0.02528880536556244,-0.08122248202562332,3.0758249759674072,0.035046473145484924
2756,52.267234802246094,0.6267477869987488,0.025724101811647415,-0.3055851459503174,0.5709776878356934,0.02945021726191044,-0.01015295460820198,3.07198429107666,0.037009887397289276
2757,52.29428958892822,0.6267477869987488,0.025724101811647415,-0.3055851459503174,0.5746371746063232,0.031167292967438698,0.041977569460868835,3.0736777782440186,0.04017054662108421
2758,52.30515933036804,0.6267477869987488,0.025724101811647415,-0.3055851459503174,0.5791673064231873,0.039330486208200455,0.03733550012111664,3.080338478088379,0.042520273476839066
2759,52.331480264663696,0.6267477869987488,0.025724101811647415,-0.3055851459503174,0.5866574645042419,0.058090854436159134,-0.026674186810851097,3.0896780490875244,0.04209647327661514
2760,52.34225058555603,0.6267477869987488,0.025724101811647415,-0.3055851459503174,0.5972240567207336,0.08553635329008102,-0.11384117603302002,3.098658800125122,0.03817734494805336
2761,52.368414640426636,0.6267477869987488,0.025724101811647415,-0.3055851459503174,0.6087850332260132,0.11199220269918442,-0.1653965264558792,3.1055049896240234,0.03177490830421448
2762,52.379045486450195,0.6267477869987488,0.025724101811647415,-0.3055851459503174,0.6178902983665466,0.13241155445575714,-0.19077083468437195,3.1104347705841064,0.025872226804494858
2763,52.406193256378174,0.6267477869987488,0.025724101811647415,-0.3055851459503174,0.6265943646430969,0.1513553410768509,-0.2426886409521103,3.1129469871520996,0.024110767990350723
2764,52.4162335395813,0.6267477869987488,0.025724101811647415,-0.3055851459503174,0.5956387519836426,0.19701933860778809,-0.41665253043174744,3.108654260635376,0.03100541979074478
2765,52.44217371940613,0.6267477869987488,0.025724101811647415,-0.3055851459503174,0.591022789478302,0.15568116307258606,-0.22062166035175323,3.09692120552063,0.037032272666692734
2766,52.45213603973389,0.6267477869987488,0.025724101811647415,-0.3055851459503174,0.5647248029708862,0.11182069033384323,-0.1598193645477295,3.0883007049560547,0.04549621045589447
2767,52.47820854187012,0.6267477869987488,0.025724101811647415,-0.3055851459503174,0.5430309772491455,0.06620069593191147,-0.26997101306915283,3.089139461517334,0.05100822076201439
2768,52.49477171897888,0.6267477869987488,0.025724101811647415,-0.3055851459503174,0.5253556966781616,0.0325128436088562,-0.3298462927341461,3.0967698097229004,0.0480104461312294
2769,52.521137952804565,0.6267477869987488,0.025724101811647415,-0.3055851459503174,0.5105589032173157,0.00908704474568367,-0.34528863430023193,3.1052355766296387,0.039745986461639404
2770,52.53133845329285,0.6267477869987488,0.025724101811647415,-0.3055851459503174,0.498079389333725,-0.01315147802233696,-0.367885023355484,3.111441135406494,0.030838916078209877
2771,52.55841112136841,0.6267477869987488,0.025724101811647415,-0.3055851459503174,0.4889103174209595,-0.03863130882382393,-0.35611236095428467,3.114328145980835,0.02325553260743618
2772,52.56871509552002,0.6267477869987488,0.025724101811647415,-0.3055851459503174,0.4824674427509308,-0.06803355365991592,-0.32664304971694946,3.1143016815185547,0.0173532422631979
2773,52.59593105316162,0.6267477869987488,0.025724101811647415,-0.3055851459503174,0.48015734553337097,-0.10012045502662659,-0.314042329788208,3.1123147010803223,0.012459656223654747
2774,52.60749292373657,0.6267477869987488,0.025724101811647415,-0.3055851459503174,0.48108774423599243,-0.13172490894794464,-0.3072969913482666,3.108656406402588,0.00845776405185461
2775,52.63279867172241,0.6267477869987488,0.025724101811647415,-0.3055851459503174,0.4841866195201874,-0.16017748415470123,-0.2999117970466614,3.1031181812286377,0.00644998112693429
2776,52.64292883872986,0.6267477869987488,0.025724101811647415,-0.3055851459503174,0.4886164367198944,-0.18665246665477753,-0.27379077672958374,3.0966556072235107,0.007892949506640434
2777,52.668622970581055,0.6267477869987488,0.025724101811647415,-0.3055851459503174,0.49517005681991577,-0.21296775341033936,-0.23651884496212006,3.0918359756469727,0.013177173212170601
2778,52.67879629135132,0.6267477869987488,0.025724101811647415,-0.3055851459503174,0.5080098509788513,-0.24215789139270782,-0.19463136792182922,3.092075824737549,0.02147596701979637
2779,52.706523180007935,0.6267477869987488,0.025724101811647415,-0.3055851459503174,0.5270568132400513,-0.25392624735832214,-0.2994157373905182,3.0964455604553223,0.023996777832508087
2780,52.71702194213867,0.6267477869987488,0.025724101811647415,-0.3055851459503174,0.5291598439216614,-0.26214399933815,-0.39954477548599243,3.1050302982330322,0.024545561522245407
2781,52.74388790130615,0.6267477869987488,0.025724101811647415,-0.3055851459503174,0.5321668982505798,-0.25481924414634705,-0.46150535345077515,3.115346908569336,0.028343336656689644
2782,52.7540168762207,0.6267477869987488,0.025724101811647415,-0.3055851459503174,0.5285083651542664,-0.21620622277259827,-0.43182528018951416,3.120635986328125,0.03254914656281471
2783,52.78044056892395,0.6267477869987488,0.025724101811647415,-0.3055851459503174,0.5098317265510559,-0.15727907419204712,-0.283939003944397,3.11506986618042,0.033758535981178284
2784,52.79061412811279,0.6267477869987488,0.025724101811647415,-0.3055851459503174,0.4934738874435425,-0.11029475927352905,-0.23513387143611908,3.102429151535034,0.03214305639266968
2785,52.81707954406738,0.6267477869987488,0.025724101811647415,-0.3055851459503174,0.4880954325199127,-0.0750502422451973,-0.19872330129146576,3.0880095958709717,0.02981875278055668
2786,52.82730531692505,0.6267477869987488,0.025724101811647415,-0.3055851459503174,0.493132621049881,-0.046712711453437805,-0.14079707860946655,3.0748038291931152,0.02721533551812172
2787,52.85426592826843,0.6267477869987488,0.025724101811647415,-0.3055851459503174,0.5040204524993896,-0.02278558537364006,-0.06654766947031021,3.0642261505126953,0.024466954171657562
2788,52.8664915561676,0.6267477869987488,0.025724101811647415,-0.3055851459503174,0.5186944007873535,-0.0034225648269057274,0.0197070874273777,3.057157039642334,0.022523872554302216
2789,52.89370942115784,0.6267477869987488,0.025724101811647415,-0.3055851459503174,0.5366865396499634,0.010650893673300743,0.10820123553276062,3.0551440715789795,0.021916011348366737
2790,52.903692960739136,0.6267477869987488,0.025724101811647415,-0.3055851459503174,0.5575233101844788,0.024032481014728546,0.17132355272769928,3.0596084594726562,0.021578360348939896
2791,52.92953848838806,0.6267477869987488,0.025724101811647415,-0.3055851459503174,0.5786880254745483,0.04394666850566864,0.16290822625160217,3.070197343826294,0.019972478970885277
2792,52.93983435630798,0.6267477869987488,0.025724101811647415,-0.3055851459503174,0.5986883044242859,0.074333555996418,0.11082124710083008,3.0832877159118652,0.01627209410071373
2793,52.965856313705444,0.6267477869987488,0.025724101811647415,-0.3055851459503174,0.6175971627235413,0.10435556620359421,0.08930984139442444,3.094364643096924,0.010886329226195812
2794,52.97632884979248,0.6267477869987488,0.025724101811647415,-0.3055851459503174,0.6353253126144409,0.12265519797801971,0.08036087453365326,3.1024999618530273,0.005456000100821257
2795,53.00197768211365,0.6267477869987488,0.025724101811647415,-0.3055851459503174,0.6518008708953857,0.13433733582496643,0.044373542070388794,3.1089210510253906,0.0026951725594699383
2796,53.01209354400635,0.6267477869987488,0.025724101811647415,-0.3055851459503174,0.665840744972229,0.1523246467113495,0.0027882130816578865,3.1126534938812256,0.0065872943960130215
2797,53.03888702392578,0.6267477869987488,0.025724101811647415,-0.3055851459503174,0.6494905352592468,0.16028127074241638,0.1883675456047058,3.1127963066101074,0.0031783459708094597
2798,53.049540758132935,0.6267477869987488,0.025724101811647415,-0.3055851459503174,0.6081393361091614,0.1310783177614212,-0.03018251620233059,3.1129586696624756,-0.0007028932450339198
2799,53.07693099975586,0.6267477869987488,0.025724101811647415,-0.3055851459503174,0.5583397150039673,0.0891340896487236,-0.24392828345298767,3.108494281768799,0.00653849309310317
2800,53.086894035339355,0.6267477869987488,0.025724101811647415,-0.3055851459503174,0.5223718285560608,0.0457906536757946,-0.3473919630050659,3.107781171798706,0.012948444113135338
2801,53.11473989486694,0.6267477869987488,0.025724101811647415,-0.3055851459503174,0.5025937557220459,0.015369687229394913,-0.3578668534755707,3.1127138137817383,0.011921297758817673
2802,53.12513470649719,0.6267477869987488,0.025724101811647415,-0.3055851459503174,0.48962852358818054,-0.0025741674471646547,-0.37771469354629517,3.120018482208252,0.0065223523415625095
2803,53.15178155899048,0.6267477869987488,0.025724101811647415,-0.3055851459503174,0.4793752133846283,-0.01609441079199314,-0.3832113444805145,3.1252331733703613,0.0008685779175721109
2804,53.16335868835449,0.6267477869987488,0.025724101811647415,-0.3055851459503174,0.47017520666122437,-0.03185385838150978,-0.3619033694267273,3.1266322135925293,-0.0030326596461236477
2805,53.190454959869385,0.6267477869987488,0.025724101811647415,-0.3055851459503174,0.46302518248558044,-0.05240645259618759,-0.3340820074081421,3.1249711513519287,-0.005203936714679003
2806,53.20140743255615,0.6267477869987488,0.025724101811647415,-0.3055851459503174,0.4598105251789093,-0.07724004238843918,-0.31663352251052856,3.1217267513275146,-0.006836967077106237
2807,53.22780442237854,0.6267477869987488,0.025724101811647415,-0.3055851459503174,0.4598451554775238,-0.10441753268241882,-0.304191529750824,3.1178226470947266,-0.008494582027196884
2808,53.238609075546265,0.6267477869987488,0.025724101811647415,-0.3055851459503174,0.46227723360061646,-0.13110396265983582,-0.2851136326789856,3.1131961345672607,-0.009260865859687328
2809,53.26543354988098,0.6267477869987488,0.025724101811647415,-0.3055851459503174,0.46778497099876404,-0.15642282366752625,-0.2668951749801636,3.107553482055664,-0.007967592217028141
2810,53.27596688270569,0.6267477869987488,0.025724101811647415,-0.3055851459503174,0.4762868583202362,-0.18219180405139923,-0.23367664217948914,3.101588487625122,-0.0036661610938608646
2811,53.30544972419739,0.6267477869987488,0.025724101811647415,-0.3055851459503174,0.48895514011383057,-0.21054106950759888,-0.19668999314308167,3.0973877906799316,0.003814543131738901
2812,53.31670570373535,0.6267477869987488,0.025724101811647415,-0.3055851459503174,0.5053257346153259,-0.24231453239917755,-0.1703650951385498,3.0980162620544434,0.014134959317743778
2813,53.343143463134766,0.6267477869987488,0.025724101811647415,-0.3055851459503174,0.5374799370765686,-0.2593502402305603,-0.43400686979293823,3.099154472351074,0.01794205605983734
2814,53.35347938537598,0.6267477869987488,0.025724101811647415,-0.3055851459503174,0.5481002926826477,-0.28300195932388306,-0.44465750455856323,3.105294942855835,0.019983017817139626
2815,53.37948036193848,0.6267477869987488,0.025724101811647415,-0.3055851459503174,0.5597265958786011,-0.2885879576206207,-0.45641037821769714,3.1180107593536377,0.026334062218666077
2816,53.389809370040894,0.6267477869987488,0.025724101811647415,-0.3055851459503174,0.5555879473686218,-0.24983474612236023,-0.4554954171180725,3.1254513263702393,0.03264963626861572
2817,53.4158833026886,0.6267477869987488,0.025724101811647415,-0.3055851459503174,0.5314747095108032,-0.19132980704307556,-0.286515474319458,3.118534564971924,0.035373955965042114
2818,53.42627453804016,0.6267477869987488,0.025724101811647415,-0.3055851459503174,0.5158254504203796,-0.15220774710178375,-0.26803308725357056,3.1041994094848633,0.0344725139439106
2819,53.45190787315369,0.6267477869987488,0.025724101811647415,-0.3055851459503174,0.5115330219268799,-0.12386689335107803,-0.23217518627643585,3.0893585681915283,0.032304100692272186
2820,53.46239638328552,0.6267477869987488,0.025724101811647415,-0.3055851459503174,0.5200923681259155,-0.0949760377407074,-0.1552782505750656,3.0767769813537598,0.02941877953708172
2821,53.48914909362793,0.6267477869987488,0.025724101811647415,-0.3055851459503174,0.5345442295074463,-0.06798660010099411,-0.08019090443849564,3.067232131958008,0.026241101324558258
2822,53.499433517456055,0.6267477869987488,0.025724101811647415,-0.3055851459503174,0.5518479943275452,-0.044714998453855515,0.0026026247069239616,3.0610413551330566,0.02386629395186901
2823,53.52557945251465,0.6267477869987488,0.025724101811647415,-0.3055851459503174,0.5720582008361816,-0.02608535811305046,0.0960194319486618,3.059438943862915,0.022356510162353516
2824,53.53631615638733,0.6267477869987488,0.025724101811647415,-0.3055851459503174,0.5940585732460022,-0.007453384809195995,0.1675145924091339,3.063516616821289,0.020429018884897232
2825,53.56242799758911,0.6267477869987488,0.025724101811647415,-0.3055851459503174,0.6142663359642029,0.0164125245064497,0.18793123960494995,3.0729050636291504,0.01708885282278061
2826,53.57412767410278,0.6267477869987488,0.025724101811647415,-0.3055851459503174,0.6313057541847229,0.045428186655044556,0.1690666675567627,3.0845887660980225,0.012385094538331032
2827,53.600996255874634,0.6267477869987488,0.025724101811647415,-0.3055851459503174,0.6490102410316467,0.067894347012043,0.1807803064584732,3.0947165489196777,0.0069234720431268215
2828,53.61285972595215,0.6267477869987488,0.025724101811647415,-0.3055851459503174,0.6635748744010925,0.07358521968126297,0.2158825695514679,3.1030712127685547,0.0011932789348065853
2829,53.63968825340271,0.6267477869987488,0.025724101811647415,-0.3055851459503174,0.6631460785865784,0.06864292919635773,0.2459789663553238,3.1081228256225586,0.0013482077047228813
2830,53.65071511268616,0.6267477869987488,0.025724101811647415,-0.3055851459503174,0.5882381796836853,0.10676983743906021,-0.2081395536661148,3.1069931983947754,0.016148766502738
2831,53.6766722202301,0.6267477869987488,0.025724101811647415,-0.3055851459503174,0.5604130625724792,0.03792588785290718,-0.11778271943330765,3.0987186431884766,0.023432264104485512
2832,53.68786907196045,0.6267477869987488,0.025724101811647415,-0.3055851459503174,0.5096541047096252,-0.020696986466646194,-0.17434152960777283,3.0963034629821777,0.031980808824300766
2833,53.71481728553772,0.6267477869987488,0.025724101811647415,-0.3055851459503174,0.47245973348617554,-0.05769641697406769,-0.3728829026222229,3.1016390323638916,0.03565440699458122
2834,53.72746276855469,0.6267477869987488,0.025724101811647415,-0.3055851459503174,0.44936975836753845,-0.07480397820472717,-0.4284808039665222,3.1088666915893555,0.031204555183649063
2835,53.75406241416931,0.6267477869987488,0.025724101811647415,-0.3055851459503174,0.43203526735305786,-0.08073993772268295,-0.44027233123779297,3.115237236022949,0.023427652195096016
2836,53.764158964157104,0.6267477869987488,0.025724101811647415,-0.3055851459503174,0.4161953330039978,-0.08786725252866745,-0.4329648017883301,3.119528293609619,0.01686996966600418
2837,53.79083037376404,0.6267477869987488,0.025724101811647415,-0.3055851459503174,0.40233010053634644,-0.10107478499412537,-0.4158463478088379,3.1212377548217773,0.011633369140326977
2838,53.80107855796814,0.6267477869987488,0.025724101811647415,-0.3055851459503174,0.3889588713645935,-0.12025109678506851,-0.37929412722587585,3.120206832885742,0.007025369442999363
2839,53.82728385925293,0.6267477869987488,0.025724101811647415,-0.3055851459503174,0.37665820121765137,-0.14336316287517548,-0.34172841906547546,3.116847276687622,0.0030339458025991917
2840,53.83716893196106,0.6267477869987488,0.025724101811647415,-0.3055851459503174,0.36743876338005066,-0.16908903419971466,-0.31278473138809204,3.1120975017547607,-0.0005082615534774959
2841,53.863563537597656,0.6267477869987488,0.025724101811647415,-0.3055851459503174,0.3594297170639038,-0.19521205127239227,-0.28467875719070435,3.106837272644043,-0.003005001228302717
2842,53.87385582923889,0.6267477869987488,0.025724101811647415,-0.3055851459503174,0.35179775953292847,-0.2206527292728424,-0.25504475831985474,3.10209321975708,-0.0030119195580482483
2843,53.90057730674744,0.6267477869987488,0.025724101811647415,-0.3055851459503174,0.35008925199508667,-0.24366603791713715,-0.2907705008983612,3.099094867706299,8.25542738311924e-05
2844,53.91120982170105,0.6267477869987488,0.025724101811647415,-0.3055851459503174,0.3567332923412323,-0.2567514479160309,-0.28256213665008545,3.098454475402832,-0.004402643535286188
2845,53.938241720199585,0.6267477869987488,0.025724101811647415,-0.3055851459503174,0.34419772028923035,-0.26420658826828003,-0.21565474569797516,3.10313081741333,-0.007573265116661787
2846,53.948710680007935,0.6267477869987488,0.025724101811647415,-0.3055851459503174,0.33824294805526733,-0.26415425539016724,-0.20170167088508606,3.1103920936584473,-0.004937291145324707
2847,53.97540736198425,0.6267477869987488,0.025724101811647415,-0.3055851459503174,0.3429577648639679,-0.2606014013290405,-0.22405651211738586,3.1170592308044434,-0.0004186740843579173
2848,53.985854387283325,0.6267477869987488,0.025724101811647415,-0.3055851459503174,0.3502657413482666,-0.25314393639564514,-0.25646650791168213,3.1231510639190674,0.0037760701961815357
2849,54.0112509727478,0.6267477869987488,0.025724101811647415,-0.3055851459503174,0.3538742661476135,-0.23053066432476044,-0.2948780655860901,3.128127098083496,0.007656515575945377
2850,54.021740436553955,0.6267477869987488,0.025724101811647415,-0.3055851459503174,0.345149964094162,-0.18549998104572296,-0.299824059009552,3.127385139465332,0.011202963069081306
2851,54.04825830459595,0.6267477869987488,0.025724101811647415,-0.3055851459503174,0.34003254771232605,-0.141740083694458,-0.2718949317932129,3.1206674575805664,0.01272490993142128
2852,54.058414697647095,0.6267477869987488,0.025724101811647415,-0.3055851459503174,0.34447968006134033,-0.10990854352712631,-0.23997937142848969,3.112483263015747,0.012374727986752987
2853,54.08514952659607,0.6267477869987488,0.025724101811647415,-0.3055851459503174,0.35610899329185486,-0.08475920557975769,-0.2060433030128479,3.1060707569122314,0.011644864454865456
2854,54.09594368934631,0.6267477869987488,0.025724101811647415,-0.3055851459503174,0.3729909062385559,-0.0617605522274971,-0.16267551481723785,3.1020359992980957,0.011406741105020046
2855,54.12239456176758,0.6267477869987488,0.025724101811647415,-0.3055851459503174,0.3942209482192993,-0.03986043855547905,-0.11003997921943665,3.1000516414642334,0.011792276985943317
2856,54.13309669494629,0.6267477869987488,0.025724101811647415,-0.3055851459503174,0.4201081395149231,-0.01758071407675743,-0.07632312178611755,3.1002910137176514,0.011904798448085785
2857,54.1601345539093,0.6267477869987488,0.025724101811647415,-0.3055851459503174,0.4488259553909302,0.006241295021027327,-0.054095298051834106,3.1026060581207275,0.010619092732667923
2858,54.17091655731201,0.6267477869987488,0.025724101811647415,-0.3055851459503174,0.4777171313762665,0.032506078481674194,-0.043738409876823425,3.1065707206726074,0.007763588335365057
2859,54.197030544281006,0.6267477869987488,0.025724101811647415,-0.3055851459503174,0.5056880712509155,0.061674635857343674,-0.044027820229530334,3.1119682788848877,0.0038466807454824448
2860,54.20839023590088,0.6267477869987488,0.025724101811647415,-0.3055851459503174,0.5331896543502808,0.09016251564025879,-0.03403684124350548,3.1183652877807617,-0.0003756936639547348
2861,54.23485469818115,0.6267477869987488,0.025724101811647415,-0.3055851459503174,0.5608739256858826,0.11445493996143341,-0.021878231316804886,3.12556791305542,-0.004007399082183838
2862,54.24517869949341,0.6267477869987488,0.025724101811647415,-0.3055851459503174,0.5906512141227722,0.13666382431983948,-0.038459744304418564,3.13313627243042,-0.006002544891089201
2863,54.27148914337158,0.6267477869987488,0.025724101811647415,-0.3055851459503174,0.6236337423324585,0.16238059103488922,-0.0806892067193985,3.1387202739715576,-0.004918952006846666
2864,54.281545639038086,0.6267477869987488,0.025724101811647415,-0.3055851459503174,0.5977662205696106,0.21819035708904266,-0.0806787759065628,3.136070966720581,0.002263088012114167
2865,54.30724906921387,0.6267477869987488,0.025724101811647415,-0.3055851459503174,0.6245598793029785,0.18939118087291718,-0.27055323123931885,3.122264862060547,0.004372806288301945
2866,54.31745362281799,0.6267477869987488,0.025724101811647415,-0.3055851459503174,0.6102425456047058,0.14334870874881744,-0.21903900802135468,3.1101090908050537,0.011171967722475529
2867,54.34335017204285,0.6267477869987488,0.025724101811647415,-0.3055851459503174,0.5655226707458496,0.10033576190471649,-0.22424715757369995,3.1186699867248535,0.012718762271106243
2868,54.35391974449158,0.6267477869987488,0.025724101811647415,-0.3055851459503174,0.5419619679450989,0.08251658827066422,-0.29348284006118774,3.1406381130218506,0.008778481744229794
2869,54.381569147109985,0.6267477869987488,0.025724101811647415,-0.3055851459503174,0.5323790311813354,0.07561782002449036,-0.3875639736652374,-3.1240642070770264,0.009102006442844868
2870,54.393521308898926,0.6267477869987488,0.025724101811647415,-0.3055851459503174,0.5367937088012695,0.07052599638700485,-0.46499112248420715,-3.1123127937316895,0.010110867209732533
2871,54.4217255115509,0.6267477869987488,0.025724101811647415,-0.3055851459503174,0.5436574220657349,0.06669111549854279,-0.4631763696670532,-3.1069555282592773,0.0098417354747653
2872,54.432820558547974,0.6267477869987488,0.025724101811647415,-0.3055851459503174,0.5485820770263672,0.05744423344731331,-0.401128351688385,-3.1064364910125732,0.009618550539016724
2873,54.459142446517944,0.6267477869987488,0.025724101811647415,-0.3055851459503174,0.5560532212257385,0.04108469933271408,-0.35880035161972046,-3.108459949493408,0.009416532702744007
2874,54.46920347213745,0.6267477869987488,0.025724101811647415,-0.3055851459503174,0.5679388642311096,0.020949268713593483,-0.3350995182991028,-3.1117773056030273,0.008337465114891529
2875,54.49542188644409,0.6267477869987488,0.025724101811647415,-0.3055851459503174,0.5837463140487671,0.0015471653314307332,-0.31161773204803467,-3.11627459526062,0.006344639230519533
2876,54.50542664527893,0.6267477869987488,0.025724101811647415,-0.3055851459503174,0.6026448607444763,-0.015168369747698307,-0.27771133184432983,-3.122554063796997,0.004373714327812195
2877,54.53109693527222,0.6267477869987488,0.025724101811647415,-0.3055851459503174,0.6260815858840942,-0.02681884542107582,-0.24614940583705902,-3.1320486068725586,0.003053744090721011
2878,54.54107618331909,0.6267477869987488,0.025724101811647415,-0.3055851459503174,0.656072199344635,-0.036975737661123276,-0.2396639734506607,3.1395113468170166,0.0025432712864130735
2879,54.567012310028076,0.6267477869987488,0.025724101811647415,-0.3055851459503174,0.690186619758606,-0.05227220058441162,-0.26717549562454224,3.131375312805176,0.0035716998390853405
2880,54.57745671272278,0.6267477869987488,0.025724101811647415,-0.3055851459503174,0.7221695780754089,-0.07065967470407486,-0.3457713723182678,3.1336982250213623,0.007226638495922089
2881,54.604389905929565,0.6267477869987488,0.025724101811647415,-0.3055851459503174,0.7331670522689819,-0.08403328061103821,-0.43219077587127686,-3.1331241130828857,0.017413556575775146
2882,54.61524939537048,0.6267477869987488,0.025724101811647415,-0.3055851459503174,0.710961639881134,-0.07403531670570374,-0.23684759438037872,-3.1109726428985596,0.03875046968460083
2883,54.64258146286011,0.6267477869987488,0.025724101811647415,-0.3055851459503174,0.6713700294494629,-0.022339021787047386,-0.19048602879047394,-3.1083388328552246,0.04955330491065979
2884,54.65383195877075,0.6267477869987488,0.025724101811647415,-0.3055851459503174,0.6248533129692078,0.01343531347811222,-0.2453475296497345,-3.1234350204467773,0.04886429011821747
2885,54.68020224571228,0.6267477869987488,0.025724101811647415,-0.3055851459503174,0.5807617902755737,0.04030907526612282,-0.21806292235851288,3.1383979320526123,0.04724063724279404
2886,54.690573930740356,0.6267477869987488,0.025724101811647415,-0.3055851459503174,0.5531015396118164,0.056944213807582855,-0.2096455842256546,3.1180057525634766,0.047253236174583435
2887,54.71932101249695,0.6267477869987488,0.025724101811647415,-0.3055851459503174,0.5413684248924255,0.06595277041196823,-0.17717969417572021,3.1020615100860596,0.0469462126493454
2888,54.730085611343384,0.6267477869987488,0.025724101811647415,-0.3055851459503174,0.5369699001312256,0.06944698840379715,-0.14128459990024567,3.092236280441284,0.04562832787632942
2889,54.7573459148407,0.6267477869987488,0.025724101811647415,-0.3055851459503174,0.5356977581977844,0.0693105086684227,-0.10306676477193832,3.0886456966400146,0.04444826766848564
2890,54.76751112937927,0.6267477869987488,0.025724101811647415,-0.3055851459503174,0.5350932478904724,0.06729751080274582,-0.06093842163681984,3.090271234512329,0.044266074895858765
2891,54.793376207351685,0.6267477869987488,0.025724101811647415,-0.3055851459503174,0.5343303084373474,0.06627824902534485,-0.009960119612514973,3.095670223236084,0.04475197196006775
2892,54.80513858795166,0.6267477869987488,0.025724101811647415,-0.3055851459503174,0.5344245433807373,0.07073581218719482,0.010541284456849098,3.1033072471618652,0.04466638341546059
2893,54.83176565170288,0.6267477869987488,0.025724101811647415,-0.3055851459503174,0.5394017100334167,0.08269130438566208,-0.02511781081557274,3.111355781555176,0.04257381707429886
2894,54.842188358306885,0.6267477869987488,0.025724101811647415,-0.3055851459503174,0.5517280697822571,0.10274361819028854,-0.052739474922418594,3.118540048599243,0.036814216524362564
2895,54.86988687515259,0.6267477869987488,0.025724101811647415,-0.3055851459503174,0.5652261972427368,0.1315426230430603,-0.09068170189857483,3.1247003078460693,0.027088219299912453
2896,54.88075399398804,0.6267477869987488,0.025724101811647415,-0.3055851459503174,0.5765978097915649,0.15724334120750427,-0.16649426519870758,3.129486322402954,0.016594961285591125
2897,54.907191038131714,0.6267477869987488,0.025724101811647415,-0.3055851459503174,0.5838236212730408,0.17033718526363373,-0.1852775514125824,3.1321053504943848,0.00932320673018694
2898,54.91780090332031,0.6267477869987488,0.025724101811647415,-0.3055851459503174,0.5857765674591064,0.18374642729759216,-0.26165980100631714,3.1290578842163086,0.011357085779309273
2899,54.944674491882324,0.6267477869987488,0.025724101811647415,-0.3055851459503174,0.5543798804283142,0.20997656881809235,-0.08994060754776001,3.1139841079711914,0.023796437308192253
2900,54.95489239692688,0.6267477869987488,0.025724101811647415,-0.3055851459503174,0.5178677439689636,0.16973336040973663,-0.12407699227333069,3.1064789295196533,0.031786296516656876
2901,54.98101043701172,0.6267477869987488,0.025724101811647415,-0.3055851459503174,0.4905470311641693,0.12829239666461945,-0.2881194055080414,3.1087379455566406,0.0406927764415741
2902,54.99132990837097,0.6267477869987488,0.025724101811647415,-0.3055851459503174,0.47144997119903564,0.09953579306602478,-0.3335099518299103,3.115891218185425,0.03917119652032852
2903,55.017093658447266,0.6267477869987488,0.025724101811647415,-0.3055851459503174,0.4526781737804413,0.08133357018232346,-0.3172127604484558,3.122253179550171,0.03180837631225586
2904,55.02791166305542,0.6267477869987488,0.025724101811647415,-0.3055851459503174,0.43533897399902344,0.06600050628185272,-0.2989082336425781,3.12514591217041,0.024800246581435204
2905,55.05475401878357,0.6267477869987488,0.025724101811647415,-0.3055851459503174,0.4194281995296478,0.048565320670604706,-0.2577604353427887,3.1241536140441895,0.020618082955479622
2906,55.06525444984436,0.6267477869987488,0.025724101811647415,-0.3055851459503174,0.40607380867004395,0.026955945417284966,-0.21269944310188293,3.1204910278320312,0.0188454482704401
2907,55.09228324890137,0.6267477869987488,0.025724101811647415,-0.3055851459503174,0.3977978825569153,0.00010902370559051633,-0.18662159144878387,3.1159720420837402,0.017608731985092163
2908,55.103548765182495,0.6267477869987488,0.025724101811647415,-0.3055851459503174,0.39136528968811035,-0.029671426862478256,-0.15404890477657318,3.1114110946655273,0.01659799925982952
2909,55.13082838058472,0.6267477869987488,0.025724101811647415,-0.3055851459503174,0.3853887617588043,-0.06032930314540863,-0.12225223332643509,3.10675311088562,0.017073385417461395
2910,55.141833782196045,0.6267477869987488,0.025724101811647415,-0.3055851459503174,0.3834097385406494,-0.09349026530981064,-0.12654057145118713,3.102426290512085,0.019093098118901253
2911,55.1700382232666,0.6267477869987488,0.025724101811647415,-0.3055851459503174,0.3847426474094391,-0.12939074635505676,-0.10886074602603912,3.0987396240234375,0.02256052754819393
2912,55.183143854141235,0.6267477869987488,0.025724101811647415,-0.3055851459503174,0.3908367455005646,-0.16952316462993622,-0.08939149975776672,3.096529722213745,0.027694541960954666
2913,55.20927619934082,0.6267477869987488,0.025724101811647415,-0.3055851459503174,0.39862480759620667,-0.2123091220855713,-0.05024561285972595,3.0975241661071777,0.035927969962358475
2914,55.22030162811279,0.6267477869987488,0.025724101811647415,-0.3055851459503174,0.41091424226760864,-0.2555513381958008,-0.06769619882106781,3.104139566421509,0.046940334141254425
2915,55.24644136428833,0.6267477869987488,0.025724101811647415,-0.3055851459503174,0.43642160296440125,-0.2852935791015625,-0.20580533146858215,3.116816997528076,0.05935421213507652
2916,55.257473945617676,0.6267477869987488,0.025724101811647415,-0.3055851459503174,0.4620366096496582,-0.29529863595962524,-0.409860759973526,3.129631280899048,0.06382329761981964
2917,55.28337073326111,0.6267477869987488,0.025724101811647415,-0.3055851459503174,0.4642481505870819,-0.2609773278236389,-0.4754600524902344,3.1363232135772705,0.06303775310516357
2918,55.293946981430054,0.6267477869987488,0.025724101811647415,-0.3055851459503174,0.4480167627334595,-0.20569701492786407,-0.3164369761943817,3.1301321983337402,0.05747966840863228
2919,55.32034134864807,0.6267477869987488,0.025724101811647415,-0.3055851459503174,0.4386623203754425,-0.17214204370975494,-0.27596569061279297,3.119345188140869,0.04874207079410553
2920,55.33116793632507,0.6267477869987488,0.025724101811647415,-0.3055851459503174,0.44000759720802307,-0.14995823800563812,-0.25286757946014404,3.1105339527130127,0.04068763926625252
2921,55.35733509063721,0.6267477869987488,0.025724101811647415,-0.3055851459503174,0.45063516497612,-0.1316850334405899,-0.21771110594272614,3.104527711868286,0.034402962774038315
2922,55.36727571487427,0.6267477869987488,0.025724101811647415,-0.3055851459503174,0.46633100509643555,-0.11408364027738571,-0.1720321923494339,3.100524425506592,0.029652895405888557
2923,55.39397215843201,0.6267477869987488,0.025724101811647415,-0.3055851459503174,0.48595553636550903,-0.09689124673604965,-0.11859676986932755,3.098215103149414,0.025833161547780037
2924,55.406086683273315,0.6267477869987488,0.025724101811647415,-0.3055851459503174,0.5095801949501038,-0.07964350283145905,-0.07403220981359482,3.0980515480041504,0.021805040538311005
2925,55.43145251274109,0.6267477869987488,0.025724101811647415,-0.3055851459503174,0.5351449847221375,-0.05952099710702896,-0.05194959416985512,3.1000452041625977,0.016844838857650757
2926,55.44141960144043,0.6267477869987488,0.025724101811647415,-0.3055851459503174,0.5614742040634155,-0.03613306209445,-0.05869279429316521,3.1039562225341797,0.011015527881681919
2927,55.46711802482605,0.6267477869987488,0.025724101811647415,-0.3055851459503174,0.5876213908195496,-0.011481430381536484,-0.07707465440034866,3.1094377040863037,0.004650958348065615
2928,55.477232456207275,0.6267477869987488,0.025724101811647415,-0.3055851459503174,0.6127955317497253,0.009165878407657146,-0.07679498940706253,3.1161770820617676,-0.0015556736616417766
2929,55.50321698188782,0.6267477869987488,0.025724101811647415,-0.3055851459503174,0.6369084715843201,0.02366592548787594,-0.0718436911702156,3.1237919330596924,-0.005783569999039173
2930,55.51362323760986,0.6267477869987488,0.025724101811647415,-0.3055851459503174,0.6637120842933655,0.03811676800251007,-0.07892993092536926,3.129474639892578,-0.005975818727165461
2931,55.5400447845459,0.6267477869987488,0.025724101811647415,-0.3055851459503174,0.6855828166007996,0.05927281826734543,-0.04883667826652527,3.126253128051758,0.00229526381008327
2932,55.55044341087341,0.6267477869987488,0.025724101811647415,-0.3055851459503174,0.6534619927406311,0.09941905736923218,-0.32961881160736084,3.1102890968322754,0.021284932270646095
2933,55.576789140701294,0.6267477869987488,0.025724101811647415,-0.3055851459503174,0.633804440498352,0.0415491983294487,-0.19134627282619476,3.094025135040283,0.031158380210399628
2934,55.58705282211304,0.6267477869987488,0.025724101811647415,-0.3055851459503174,0.5977370738983154,-0.010092268697917461,-0.26708438992500305,3.094896078109741,0.03251388669013977
2935,55.613269567489624,0.6267477869987488,0.025724101811647415,-0.3055851459503174,0.5726046562194824,-0.03278803080320358,-0.2996119260787964,3.1055827140808105,0.02565031498670578
2936,55.62399077415466,0.6267477869987488,0.025724101811647415,-0.3055851459503174,0.5594075918197632,-0.0360235758125782,-0.33823585510253906,3.1145236492156982,0.015713565051555634
2937,55.651387453079224,0.6267477869987488,0.025724101811647415,-0.3055851459503174,0.5505684018135071,-0.035389840602874756,-0.35239431262016296,3.117708921432495,0.006520130671560764
2938,55.661571741104126,0.6267477869987488,0.025724101811647415,-0.3055851459503174,0.5430523157119751,-0.03972117602825165,-0.32454821467399597,3.1159989833831787,-0.0004021437489427626
2939,55.69196796417236,0.6267477869987488,0.025724101811647415,-0.3055851459503174,0.5372912883758545,-0.05296749621629715,-0.28570011258125305,3.1118111610412598,-0.0057380832731723785
2940,55.70526695251465,0.6267477869987488,0.025724101811647415,-0.3055851459503174,0.535858690738678,-0.07333726435899734,-0.27215248346328735,3.1065900325775146,-0.01139788143336773
2941,55.730279207229614,0.6267477869987488,0.025724101811647415,-0.3055851459503174,0.5363590121269226,-0.09659188985824585,-0.25329750776290894,3.1004269123077393,-0.01743192784488201
2942,55.74132943153381,0.6267477869987488,0.025724101811647415,-0.3055851459503174,0.537935197353363,-0.12035892903804779,-0.2369348257780075,3.0930335521698,-0.022105608135461807
2943,55.768911838531494,0.6267477869987488,0.025724101811647415,-0.3055851459503174,0.5425507426261902,-0.1424495130777359,-0.20434299111366272,3.0836377143859863,-0.02440185472369194
2944,55.779536724090576,0.6267477869987488,0.025724101811647415,-0.3055851459503174,0.5471125245094299,-0.16450923681259155,-0.1594722718000412,3.073072671890259,-0.02281222864985466
2945,55.80496573448181,0.6267477869987488,0.025724101811647415,-0.3055851459503174,0.5580816864967346,-0.19074761867523193,-0.11822807043790817,3.065491199493408,-0.01686752587556839
2946,55.815621852874756,0.6267477869987488,0.025724101811647415,-0.3055851459503174,0.571302056312561,-0.22090715169906616,-0.08980301767587662,3.0664188861846924,-0.006501070689409971
2947,55.843953132629395,0.6267477869987488,0.025724101811647415,-0.3055851459503174,0.5968628525733948,-0.235413059592247,-0.419295996427536,3.073674201965332,-0.00029002499650232494
2948,55.85460829734802,0.6267477869987488,0.025724101811647415,-0.3055851459503174,0.5903019905090332,-0.24213801324367523,-0.4927588701248169,3.087202310562134,0.002525491639971733
2949,55.88092875480652,0.6267477869987488,0.025724101811647415,-0.3055851459503174,0.5740258693695068,-0.21035316586494446,-0.5064730644226074,3.1008169651031494,0.009170173667371273
2950,55.8910858631134,0.6267477869987488,0.025724101811647415,-0.3055851459503174,0.5486630201339722,-0.1465654969215393,-0.33324530720710754,3.100559949874878,0.013901077210903168
2951,55.92024254798889,0.6267477869987488,0.025724101811647415,-0.3055851459503174,0.5230628252029419,-0.09543649107217789,-0.27259379625320435,3.089303970336914,0.014085057191550732
2952,55.93175768852234,0.6267477869987488,0.025724101811647415,-0.3055851459503174,0.5070509314537048,-0.057324688881635666,-0.24789725244045258,3.0757651329040527,0.012065359391272068
2953,55.95795965194702,0.6267477869987488,0.025724101811647415,-0.3055851459503174,0.5002512335777283,-0.025731747969985008,-0.21179190278053284,3.0640761852264404,0.009359623305499554
2954,55.96804356575012,0.6267477869987488,0.025724101811647415,-0.3055851459503174,0.4986301362514496,0.001985149458050728,-0.16940779983997345,3.0555107593536377,0.006650768220424652
2955,55.99418663978577,0.6267477869987488,0.025724101811647415,-0.3055851459503174,0.5010257959365845,0.026262914761900902,-0.11781299114227295,3.0502591133117676,0.0047722612507641315
2956,56.00472402572632,0.6267477869987488,0.025724101811647415,-0.3055851459503174,0.507441520690918,0.04641541838645935,-0.06337335705757141,3.048764944076538,0.003856662893667817
2957,56.03162169456482,0.6267477869987488,0.025724101811647415,-0.3055851459503174,0.51634681224823,0.06561169028282166,-0.03011081926524639,3.051772117614746,0.0028450030367821455
2958,56.04151201248169,0.6267477869987488,0.025724101811647415,-0.3055851459503174,0.5254330635070801,0.09027464687824249,-0.04253701865673065,3.05869722366333,0.0003833266964647919
2959,56.06983757019043,0.6267477869987488,0.025724101811647415,-0.3055851459503174,0.5333257913589478,0.12133494764566422,-0.08818737417459488,3.0671167373657227,-0.0038212549407035112
2960,56.080732583999634,0.6267477869987488,0.025724101811647415,-0.3055851459503174,0.5410884022712708,0.15365605056285858,-0.12526370584964752,3.0743932723999023,-0.008726389147341251
2961,56.106364250183105,0.6267477869987488,0.025724101811647415,-0.3055851459503174,0.5490017533302307,0.1831631362438202,-0.1601448655128479,3.0792694091796875,-0.012320230714976788
2962,56.11726212501526,0.6267477869987488,0.025724101811647415,-0.3055851459503174,0.5308563113212585,0.23027403652668,-0.205703467130661,3.080111265182495,-0.012419243343174458
2963,56.143099308013916,0.6267477869987488,0.025724101811647415,-0.3055851459503174,0.5116331577301025,0.2016422301530838,-0.28619322180747986,3.0780136585235596,-0.010597930289804935
2964,56.15506100654602,0.6267477869987488,0.025724101811647415,-0.3055851459503174,0.4958743453025818,0.17450030148029327,-0.22135527431964874,3.0777242183685303,-0.002950903493911028
2965,56.18667984008789,0.6267477869987488,0.025724101811647415,-0.3055851459503174,0.4964004158973694,0.1490856409072876,-0.20809870958328247,3.076467752456665,0.00856900867074728
2966,56.19989347457886,0.6267477869987488,0.025724101811647415,-0.3055851459503174,0.49419307708740234,0.11219295114278793,-0.21391521394252777,3.0762064456939697,0.017346465960144997
2967,56.22924613952637,0.6267477869987488,0.025724101811647415,-0.3055851459503174,0.48721998929977417,0.07366731762886047,-0.32806092500686646,3.082092046737671,0.01909857615828514
2968,56.23921513557434,0.6267477869987488,0.025724101811647415,-0.3055851459503174,0.4817764461040497,0.04471895098686218,-0.38356447219848633,3.0916855335235596,0.014280900359153748
2969,56.26582622528076,0.6267477869987488,0.025724101811647415,-0.3055851459503174,0.4793680012226105,0.02251371741294861,-0.405824214220047,3.101947546005249,0.008036875165998936
2970,56.27625775337219,0.6267477869987488,0.025724101811647415,-0.3055851459503174,0.4831228256225586,0.0021649941336363554,-0.4213983416557312,3.1102640628814697,0.002161596203222871
2971,56.302417516708374,0.6267477869987488,0.025724101811647415,-0.3055851459503174,0.4906451106071472,-0.01910274475812912,-0.40246063470840454,3.1153900623321533,-0.003331433515995741
2972,56.312697887420654,0.6267477869987488,0.025724101811647415,-0.3055851459503174,0.5012746453285217,-0.04342758283019066,-0.38585805892944336,3.1174285411834717,-0.00846787728369236
2973,56.33908772468567,0.6267477869987488,0.025724101811647415,-0.3055851459503174,0.5148427486419678,-0.069842129945755,-0.3775367736816406,3.1170077323913574,-0.013536909595131874
2974,56.349586725234985,0.6267477869987488,0.025724101811647415,-0.3055851459503174,0.5320537686347961,-0.09606163948774338,-0.3813427686691284,3.1141200065612793,-0.018352335318922997
2975,56.375553607940674,0.6267477869987488,0.025724101811647415,-0.3055851459503174,0.5526368021965027,-0.1187872588634491,-0.3846096396446228,3.1079983711242676,-0.022126225754618645
2976,56.38627099990845,0.6267477869987488,0.025724101811647415,-0.3055851459503174,0.5768698453903198,-0.13748854398727417,-0.38020625710487366,3.0991437435150146,-0.024080660194158554
2977,56.41244077682495,0.6267477869987488,0.025724101811647415,-0.3055851459503174,0.6042014360427856,-0.15565022826194763,-0.35585740208625793,3.0906851291656494,-0.023634737357497215
2978,56.42281794548035,0.6267477869987488,0.025724101811647415,-0.3055851459503174,0.6329898238182068,-0.17575480043888092,-0.3510144054889679,3.087055206298828,-0.020798051729798317
2979,56.44863438606262,0.6267477869987488,0.025724101811647415,-0.3055851459503174,0.665489912033081,-0.19129812717437744,-0.5904890894889832,3.0896968841552734,-0.020054886117577553
2980,56.45971155166626,0.6267477869987488,0.025724101811647415,-0.3055851459503174,0.6515013575553894,-0.19589179754257202,-0.5603397488594055,3.099330186843872,-0.02007129043340683
2981,56.48870396614075,0.6267477869987488,0.025724101811647415,-0.3055851459503174,0.6249803900718689,-0.16984350979328156,-0.4589814245700836,3.113436222076416,-0.00865906197577715
2982,56.500301361083984,0.6267477869987488,0.025724101811647415,-0.3055851459503174,0.5853644013404846,-0.11254414170980453,-0.3054605722427368,3.118016242980957,0.006278123240917921
2983,56.52622652053833,0.6267477869987488,0.025724101811647415,-0.3055851459503174,0.5495891571044922,-0.06276039779186249,-0.2652013897895813,3.1109089851379395,0.016887636855244637
2984,56.53675293922424,0.6267477869987488,0.025724101811647415,-0.3055851459503174,0.5254867076873779,-0.02555892802774906,-0.25883617997169495,3.0984370708465576,0.02284289337694645
2985,56.56263589859009,0.6267477869987488,0.025724101811647415,-0.3055851459503174,0.5109333395957947,0.005683323368430138,-0.22920961678028107,3.0856423377990723,0.025804782286286354
2986,56.57270908355713,0.6267477869987488,0.025724101811647415,-0.3055851459503174,0.5053130388259888,0.03307883068919182,-0.16531647741794586,3.0753672122955322,0.026055993512272835
2987,56.599529504776,0.6267477869987488,0.025724101811647415,-0.3055851459503174,0.5059756636619568,0.05598842725157738,-0.09831612557172775,3.068765640258789,0.025005780160427094
2988,56.60993814468384,0.6267477869987488,0.025724101811647415,-0.3055851459503174,0.5134990811347961,0.07208802551031113,-0.026643900200724602,3.066033363342285,0.02509738691151142
2989,56.63765525817871,0.6267477869987488,0.025724101811647415,-0.3055851459503174,0.525629997253418,0.08164363354444504,0.04495784267783165,3.0673203468322754,0.02750721387565136
2990,56.64934825897217,0.6267477869987488,0.025724101811647415,-0.3055851459503174,0.5407783389091492,0.08889634907245636,0.1228802353143692,3.0728697776794434,0.030693115666508675
2991,56.68196153640747,0.6267477869987488,0.025724101811647415,-0.3055851459503174,0.5551824569702148,0.10677830874919891,0.11644692718982697,3.082036256790161,0.03215324878692627
2992,56.69234848022461,0.6267477869987488,0.025724101811647415,-0.3055851459503174,0.5707361102104187,0.13106143474578857,0.09240814298391342,3.093031883239746,0.03004765883088112
2993,56.7212700843811,0.6267477869987488,0.025724101811647415,-0.3055851459503174,0.5806339979171753,0.16327089071273804,0.0052610477432608604,3.10294246673584,0.025711698457598686
2994,56.73120307922363,0.6267477869987488,0.025724101811647415,-0.3055851459503174,0.5897459387779236,0.18945357203483582,-0.05502273514866829,3.108931064605713,0.021815387532114983
2995,56.756699562072754,0.6267477869987488,0.025724101811647415,-0.3055851459503174,0.5997732281684875,0.2124321609735489,-0.15901301801204681,3.111764669418335,0.02100200764834881
2996,56.76719355583191,0.6267477869987488,0.025724101811647415,-0.3055851459503174,0.6079558730125427,0.2405281513929367,-0.27330654859542847,3.111083745956421,0.02712058089673519
2997,56.79342031478882,0.6267477869987488,0.025724101811647415,-0.3055851459503174,0.6083437204360962,0.24185848236083984,0.19785065948963165,3.1096901893615723,0.02065666951239109
2998,56.80387234687805,0.6267477869987488,0.025724101811647415,-0.3055851459503174,0.5794540047645569,0.20633964240550995,-0.025499049574136734,3.1153955459594727,0.015368517488241196
2999,56.82998180389404,0.6267477869987488,0.025724101811647415,-0.3055851459503174,0.5536130666732788,0.1562371850013733,-0.16374056041240692,3.1181511878967285,0.02256367914378643
3000,56.84003448486328,0.6267477869987488,0.025724101811647415,-0.3055851459503174,0.5376255512237549,0.10538756102323532,-0.33442315459251404,3.123040199279785,0.02822777070105076
3001,56.883769273757935,0.6267477869987488,0.025724101811647415,-0.3055851459503174,0.532265841960907,0.06803200393915176,-0.37603676319122314,3.1298539638519287,0.02522704191505909
3002,56.899080991744995,0.6267477869987488,0.025724101811647415,-0.3055851459503174,0.5263932347297668,0.03965925797820091,-0.3779875934123993,3.13729190826416,0.018411865457892418
3003,56.927780866622925,0.6267477869987488,0.025724101811647415,-0.3055851459503174,0.5238239169120789,0.015042769722640514,-0.3858514130115509,-3.1391091346740723,0.012289661914110184
3004,56.93797278404236,0.6267477869987488,0.025724101811647415,-0.3055851459503174,0.5263345241546631,-0.008260495960712433,-0.370911568403244,-3.1344072818756104,0.007447139825671911
3005,56.963736057281494,0.6267477869987488,0.025724101811647415,-0.3055851459503174,0.5318769812583923,-0.032792214304208755,-0.3379126489162445,-3.1326067447662354,0.0034594042226672173
3006,56.973578453063965,0.6267477869987488,0.025724101811647415,-0.3055851459503174,0.5410363078117371,-0.05982840806245804,-0.3244433104991913,-3.1336042881011963,-0.00046790135093033314
3007,57.001944065093994,0.6267477869987488,0.025724101811647415,-0.3055851459503174,0.5530773997306824,-0.08713147789239883,-0.3162919580936432,-3.1371912956237793,-0.004249361343681812
3008,57.012086629867554,0.6267477869987488,0.025724101811647415,-0.3055851459503174,0.5679723024368286,-0.11174822598695755,-0.3153429329395294,3.13942289352417,-0.006855949759483337
3009,57.03809356689453,0.6267477869987488,0.025724101811647415,-0.3055851459503174,0.5878169536590576,-0.13360713422298431,-0.309258371591568,3.129913806915283,-0.00783925037831068
3010,57.048752307891846,0.6267477869987488,0.025724101811647415,-0.3055851459503174,0.6118645071983337,-0.15629339218139648,-0.2892268896102905,3.1198201179504395,-0.007159261032938957
3011,57.081440448760986,0.6267477869987488,0.025724101811647415,-0.3055851459503174,0.6381163001060486,-0.18130871653556824,-0.2806149125099182,3.1134912967681885,-0.004967390093952417
3012,57.094536781311035,0.6267477869987488,0.025724101811647415,-0.3055851459503174,0.6608173251152039,-0.20870910584926605,-0.31419724225997925,3.1147451400756836,0.0001399346365360543
3013,57.12587237358093,0.6267477869987488,0.025724101811647415,-0.3055851459503174,0.6813341975212097,-0.23673701286315918,-0.3706710934638977,3.1267387866973877,0.01184473093599081
3014,57.14120006561279,0.6267477869987488,0.025724101811647415,-0.3055851459503174,0.6728509068489075,-0.22730374336242676,-0.5028567314147949,-3.140509605407715,0.020230576395988464
3015,57.17136025428772,0.6267477869987488,0.025724101811647415,-0.3055851459503174,0.6360122561454773,-0.17227844893932343,-0.4306180775165558,-3.134432315826416,0.025395648553967476
3016,57.18321466445923,0.6267477869987488,0.025724101811647415,-0.3055851459503174,0.5944233536720276,-0.11691734194755554,-0.3231814503669739,3.1411490440368652,0.027432503178715706
3017,57.210952281951904,0.6267477869987488,0.025724101811647415,-0.3055851459503174,0.5626215934753418,-0.07651460915803909,-0.2508118748664856,3.126502752304077,0.02731306105852127
3018,57.221595287323,0.6267477869987488,0.025724101811647415,-0.3055851459503174,0.5409472584724426,-0.04664246737957001,-0.194242462515831,3.109346866607666,0.027025556191802025
3019,57.255834341049194,0.6267477869987488,0.025724101811647415,-0.3055851459503174,0.5345175266265869,-0.02878180705010891,-0.19947507977485657,3.094036340713501,0.02645326592028141
3020,57.26813101768494,0.6267477869987488,0.025724101811647415,-0.3055851459503174,0.5338186621665955,-0.014327114447951317,-0.1621582806110382,3.083340644836426,0.024785539135336876
3021,57.29434895515442,0.6267477869987488,0.025724101811647415,-0.3055851459503174,0.5348032116889954,-0.0014651125529780984,-0.11571656167507172,3.0775489807128906,0.022946994751691818
3022,57.304543018341064,0.6267477869987488,0.025724101811647415,-0.3055851459503174,0.5386737585067749,0.007692880462855101,-0.05996963009238243,3.07611083984375,0.02255839854478836
3023,57.33072304725647,0.6267477869987488,0.025724101811647415,-0.3055851459503174,0.545850396156311,0.012747344560921192,0.017845813184976578,3.0790374279022217,0.02383900247514248
3024,57.34053635597229,0.6267477869987488,0.025724101811647415,-0.3055851459503174,0.5541548728942871,0.022494863718748093,0.04247124865651131,3.086137294769287,0.025461729615926743
3025,57.366355895996094,0.6267477869987488,0.025724101811647415,-0.3055851459503174,0.566518247127533,0.03947964310646057,0.009010272100567818,3.0958304405212402,0.025387367233633995
3026,57.3769154548645,0.6267477869987488,0.025724101811647415,-0.3055851459503174,0.5830202698707581,0.06491842120885849,-0.0597989521920681,3.1055498123168945,0.022274725139141083
3027,57.4027533531189,0.6267477869987488,0.025724101811647415,-0.3055851459503174,0.6015101671218872,0.09628793597221375,-0.14965331554412842,3.1134979724884033,0.016164133325219154
3028,57.413092374801636,0.6267477869987488,0.025724101811647415,-0.3055851459503174,0.620254397392273,0.11803973466157913,-0.14085571467876434,3.118619680404663,0.008902114816009998
3029,57.43865776062012,0.6267477869987488,0.025724101811647415,-0.3055851459503174,0.636053204536438,0.13565872609615326,-0.14758427441120148,3.1233553886413574,0.003120048437267542
3030,57.44856286048889,0.6267477869987488,0.025724101811647415,-0.3055851459503174,0.6517459750175476,0.1554972231388092,-0.22543774545192719,3.126326322555542,0.002598689403384924
3031,57.47461771965027,0.6267477869987488,0.025724101811647415,-0.3055851459503174,0.6460267305374146,0.17291013896465302,0.15303954482078552,3.123237133026123,0.003046478610485792
3032,57.48498892784119,0.6267477869987488,0.025724101811647415,-0.3055851459503174,0.6184813380241394,0.15733695030212402,0.06402856856584549,3.126948595046997,0.006341955624520779
3033,57.511252880096436,0.6267477869987488,0.025724101811647415,-0.3055851459503174,0.604850709438324,0.13123351335525513,-0.08178289979696274,3.1293623447418213,0.01781296171247959
3034,57.52151799201965,0.6267477869987488,0.025724101811647415,-0.3055851459503174,0.5826249122619629,0.09421993046998978,-0.30007100105285645,3.135894536972046,0.02403869479894638
3035,57.547900676727295,0.6267477869987488,0.025724101811647415,-0.3055851459503174,0.5674976706504822,0.06617698073387146,-0.4323804974555969,-3.1343677043914795,0.019480327144265175
3036,57.55822706222534,0.6267477869987488,0.025724101811647415,-0.3055851459503174,0.5586218237876892,0.04713965579867363,-0.4619293510913849,-3.121464490890503,0.008474735543131828
3037,57.58497357368469,0.6267477869987488,0.025724101811647415,-0.3055851459503174,0.5476199984550476,0.0283571295440197,-0.4392051696777344,-3.1140787601470947,-0.0009519819286651909
3038,57.595709800720215,0.6267477869987488,0.025724101811647415,-0.3055851459503174,0.535338819026947,0.007622717414051294,-0.49585631489753723,-3.1129367351531982,-0.0057271746918559074
3039,57.621933937072754,0.6267477869987488,0.025724101811647415,-0.3055851459503174,0.5326727628707886,-0.017823096364736557,-0.4301859736442566,-3.1193063259124756,-0.008865278214216232
3040,57.63197183609009,0.6267477869987488,0.025724101811647415,-0.3055851459503174,0.5321722626686096,-0.04998825490474701,-0.35473179817199707,-3.1297032833099365,-0.011356178671121597
3041,57.657432317733765,0.6267477869987488,0.025724101811647415,-0.3055851459503174,0.5283326506614685,-0.07827673852443695,-0.4069886803627014,-3.1379470825195312,-0.011580889113247395
3042,57.6673846244812,0.6267477869987488,0.025724101811647415,-0.3055851459503174,0.5309440493583679,-0.09905493259429932,-0.5119463801383972,3.140723466873169,-0.009832789190113544
3043,57.69362425804138,0.6267477869987488,0.025724101811647415,-0.3055851459503174,0.5352454781532288,-0.09356114268302917,-0.39691880345344543,3.1330971717834473,-0.014017381705343723
3044,57.70388841629028,0.6267477869987488,0.025724101811647415,-0.3055851459503174,0.5061556100845337,-0.09135624766349792,-0.2758294641971588,3.1257920265197754,-0.016159534454345703
3045,57.73199772834778,0.6267477869987488,0.025724101811647415,-0.3055851459503174,0.49031949043273926,-0.10078191012144089,-0.24115565419197083,3.1230173110961914,-0.007894854061305523
3046,57.742799043655396,0.6267477869987488,0.025724101811647415,-0.3055851459503174,0.5051240921020508,-0.12079260498285294,-0.2857499420642853,3.1240928173065186,0.003126707160845399
3047,57.77173638343811,0.6267477869987488,0.025724101811647415,-0.3055851459503174,0.5362824201583862,-0.1481822282075882,-0.3249703049659729,3.129248857498169,0.010536905378103256
3048,57.78747296333313,0.6267477869987488,0.025724101811647415,-0.3055851459503174,0.5648195147514343,-0.17318764328956604,-0.3703031539916992,3.1392993927001953,0.015276571735739708
3049,57.8131799697876,0.6267477869987488,0.025724101811647415,-0.3055851459503174,0.5809239149093628,-0.1779976636171341,-0.41765373945236206,-3.13138747215271,0.02043204940855503
3050,57.823407888412476,0.6267477869987488,0.025724101811647415,-0.3055851459503174,0.5698525905609131,-0.13674810528755188,-0.34357985854148865,-3.125994920730591,0.025073137134313583
3051,57.84921169281006,0.6267477869987488,0.025724101811647415,-0.3055851459503174,0.5501185059547424,-0.08640897274017334,-0.2353501319885254,-3.133615255355835,0.02640814147889614
3052,57.85956358909607,0.6267477869987488,0.025724101811647415,-0.3055851459503174,0.5502884984016418,-0.05764099210500717,-0.20284368097782135,3.1342763900756836,0.024795327335596085
3053,57.88603091239929,0.6267477869987488,0.025724101811647415,-0.3055851459503174,0.5647413730621338,-0.039784375578165054,-0.16529226303100586,3.11706805229187,0.022243469953536987
3054,57.89651870727539,0.6267477869987488,0.025724101811647415,-0.3055851459503174,0.5877866148948669,-0.026127971708774567,-0.10252580791711807,3.1011643409729004,0.019497549161314964
3055,57.922929763793945,0.6267477869987488,0.025724101811647415,-0.3055851459503174,0.6159207820892334,-0.015605966560542583,-0.018266215920448303,3.088942289352417,0.016973024234175682
3056,57.93385934829712,0.6267477869987488,0.025724101811647415,-0.3055851459503174,0.6493258476257324,-0.008245212025940418,0.06667788326740265,3.082679033279419,0.014645791612565517
3057,57.961400747299194,0.6267477869987488,0.025724101811647415,-0.3055851459503174,0.6858935356140137,-0.00019760476425290108,0.09210825711488724,3.0842063426971436,0.011531848460435867
3058,57.971564292907715,0.6267477869987488,0.025724101811647415,-0.3055851459503174,0.7157991528511047,0.018395762890577316,0.021458640694618225,3.0935261249542236,0.006942161824554205
3059,57.99824905395508,0.6267477869987488,0.025724101811647415,-0.3055851459503174,0.7349870204925537,0.04684407263994217,-0.029767468571662903,3.106882095336914,0.0017717209411785007
3060,58.00977182388306,0.6267477869987488,0.025724101811647415,-0.3055851459503174,0.7496641874313354,0.06557805836200714,0.03421681374311447,3.1195154190063477,-0.0021355359349399805
3061,58.03578329086304,0.6267477869987488,0.025724101811647415,-0.3055851459503174,0.7617949843406677,0.06800780445337296,0.10435380786657333,3.129269599914551,-0.001738178078085184
3062,58.046795129776,0.6267477869987488,0.025724101811647415,-0.3055851459503174,0.7718174457550049,0.07146602123975754,0.11909380555152893,3.1314544677734375,0.00805316586047411
3063,58.073638677597046,0.6267477869987488,0.025724101811647415,-0.3055851459503174,0.7763668894767761,0.08675020188093185,0.13929477334022522,3.1214303970336914,0.030818896368145943
3064,58.083640336990356,0.6267477869987488,0.025724101811647415,-0.3055851459503174,0.7532123923301697,0.08917615562677383,0.23049141466617584,3.1066136360168457,0.047425754368305206
3065,58.10948610305786,0.6267477869987488,0.025724101811647415,-0.3055851459503174,0.6869953870773315,0.05699237808585167,-0.06031769514083862,3.1090688705444336,0.03950470685958862
3066,58.11974239349365,0.6267477869987488,0.025724101811647415,-0.3055851459503174,0.6194507479667664,0.0312330462038517,-0.2854107618331909,3.1121251583099365,0.036169279366731644
3067,58.147625207901,0.6267477869987488,0.025724101811647415,-0.3055851459503174,0.5802618265151978,0.016201717779040337,-0.3239785134792328,3.1140806674957275,0.033914558589458466
3068,58.16084146499634,0.6267477869987488,0.025724101811647415,-0.3055851459503174,0.5602929592132568,0.009932213462889194,-0.34116116166114807,3.1164069175720215,0.028747105970978737
3069,58.18949294090271,0.6267477869987488,0.025724101811647415,-0.3055851459503174,0.545720100402832,0.010014479979872704,-0.3403337299823761,3.117568254470825,0.021396484225988388
3070,58.200395345687866,0.6267477869987488,0.025724101811647415,-0.3055851459503174,0.5278017520904541,0.008741841651499271,-0.28733327984809875,3.1154255867004395,0.015518926084041595
3071,58.22875189781189,0.6267477869987488,0.025724101811647415,-0.3055851459503174,0.5098153948783875,0.0012352855410426855,-0.23836542665958405,3.110456943511963,0.012365102767944336
3072,58.23914885520935,0.6267477869987488,0.025724101811647415,-0.3055851459503174,0.49515074491500854,-0.012617383152246475,-0.20355479419231415,3.1048991680145264,0.010462440550327301
3073,58.26467156410217,0.6267477869987488,0.025724101811647415,-0.3055851459503174,0.4842562973499298,-0.029168864712119102,-0.1742039918899536,3.1000094413757324,0.008660389110445976
3074,58.27481651306152,0.6267477869987488,0.025724101811647415,-0.3055851459503174,0.4764678478240967,-0.04602627083659172,-0.154559925198555,3.095229148864746,0.00695365434512496
3075,58.30051922798157,0.6267477869987488,0.025724101811647415,-0.3055851459503174,0.4711538255214691,-0.062469642609357834,-0.13851673901081085,3.08972430229187,0.006130422465503216
3076,58.31041955947876,0.6267477869987488,0.025724101811647415,-0.3055851459503174,0.468847393989563,-0.07980243116617203,-0.11448453366756439,3.083524465560913,0.0071885064244270325
3077,58.33707809448242,0.6267477869987488,0.025724101811647415,-0.3055851459503174,0.47143611311912537,-0.09958979487419128,-0.07724263519048691,3.077094554901123,0.010522367432713509
3078,58.34770631790161,0.6267477869987488,0.025724101811647415,-0.3055851459503174,0.48031681776046753,-0.12362393736839294,-0.03055741637945175,3.070997714996338,0.015870461240410805
3079,58.374327421188354,0.6267477869987488,0.025724101811647415,-0.3055851459503174,0.4957757890224457,-0.15361805260181427,0.006449081003665924,3.0668559074401855,0.022715896368026733
3080,58.385396003723145,0.6267477869987488,0.025724101811647415,-0.3055851459503174,0.5174652934074402,-0.1879112720489502,0.02563786506652832,3.0673606395721436,0.03086661361157894
3081,58.41162061691284,0.6267477869987488,0.025724101811647415,-0.3055851459503174,0.5428740978240967,-0.22146841883659363,0.018435180187225342,3.075671434402466,0.04056571051478386
3082,58.42162322998047,0.6267477869987488,0.025724101811647415,-0.3055851459503174,0.5687637329101562,-0.24385440349578857,-0.1785663366317749,3.09464430809021,0.05339178070425987
3083,58.44764471054077,0.6267477869987488,0.025724101811647415,-0.3055851459503174,0.5871455669403076,-0.23999276757240295,-0.46134045720100403,3.116220712661743,0.06188977137207985
3084,58.458988666534424,0.6267477869987488,0.025724101811647415,-0.3055851459503174,0.568392276763916,-0.18312081694602966,-0.3746725022792816,3.1239593029022217,0.0624774768948555
3085,58.48566126823425,0.6267477869987488,0.025724101811647415,-0.3055851459503174,0.5394502878189087,-0.1297050416469574,-0.26770928502082825,3.1151392459869385,0.05753383785486221
3086,58.49586892127991,0.6267477869987488,0.025724101811647415,-0.3055851459503174,0.5208041667938232,-0.0929199606180191,-0.2328435182571411,3.101285934448242,0.05067155882716179
3087,58.52214550971985,0.6267477869987488,0.025724101811647415,-0.3055851459503174,0.5143954753875732,-0.06371916085481644,-0.2051955908536911,3.089010715484619,0.043980587273836136
3088,58.53226351737976,0.6267477869987488,0.025724101811647415,-0.3055851459503174,0.5153279304504395,-0.038773708045482635,-0.18386362493038177,3.07979679107666,0.03784416615962982
3089,58.558823108673096,0.6267477869987488,0.025724101811647415,-0.3055851459503174,0.5196437835693359,-0.015647366642951965,-0.14560358226299286,3.073498249053955,0.03263773396611214
3090,58.569355964660645,0.6267477869987488,0.025724101811647415,-0.3055851459503174,0.5268808603286743,0.005685017444193363,-0.09826324135065079,3.070307731628418,0.028249524533748627
3091,58.59958076477051,0.6267477869987488,0.025724101811647415,-0.3055851459503174,0.5362647175788879,0.027607552707195282,-0.07021880894899368,3.070873498916626,0.02376691997051239
3092,58.61532998085022,0.6267477869987488,0.025724101811647415,-0.3055851459503174,0.5462625622749329,0.05487355962395668,-0.07740768790245056,3.0747292041778564,0.018208066001534462
3093,58.641804695129395,0.6267477869987488,0.025724101811647415,-0.3055851459503174,0.5559399724006653,0.08710526674985886,-0.10494028031826019,3.0800347328186035,0.011470234952867031
3094,58.65484309196472,0.6267477869987488,0.025724101811647415,-0.3055851459503174,0.5658926367759705,0.11885121464729309,-0.11982975900173187,3.085205078125,0.004409068264067173
3095,58.68058109283447,0.6267477869987488,0.025724101811647415,-0.3055851459503174,0.5749240517616272,0.14635005593299866,-0.12991966307163239,3.0895297527313232,-0.0009025733452290297
3096,58.691267251968384,0.6267477869987488,0.025724101811647415,-0.3055851459503174,0.5415606498718262,0.20206989347934723,-0.09401054680347443,3.0905978679656982,-0.002896529622375965
3097,58.71759581565857,0.6267477869987488,0.025724101811647415,-0.3055851459503174,0.5404234528541565,0.1793329417705536,-0.2739573121070862,3.0851457118988037,-0.003676257561892271
3098,58.7286651134491,0.6267477869987488,0.025724101811647415,-0.3055851459503174,0.5230684876441956,0.1652757078409195,-0.20478500425815582,3.0790886878967285,0.005413576029241085
3099,58.757397413253784,0.6141456365585327,-0.048156607896089554,0.37024563550949097,0.5199315547943115,0.14381462335586548,-0.17454421520233154,3.0748496055603027,0.01662903092801571
3100,58.76816534996033,0.6141456365585327,-0.048156607896089554,0.37024563550949097,0.5171769857406616,0.10696244239807129,0.13502861559391022,3.0814101696014404,0.02012881636619568
3101,58.79441738128662,0.6141456365585327,-0.048156607896089554,0.37024563550949097,0.505051851272583,0.07014881819486618,0.20929919183254242,3.099900484085083,0.014755639247596264
3102,58.80477523803711,0.6141456365585327,-0.048156607896089554,0.37024563550949097,0.48539480566978455,0.039103321731090546,0.15489570796489716,3.1216182708740234,0.008247542195022106
3103,58.83115792274475,0.6141456365585327,-0.048156607896089554,0.37024563550949097,0.47032564878463745,0.010595439001917839,0.007463613525032997,-3.1407694816589355,0.005859841126948595
3104,58.8413827419281,0.6141456365585327,-0.048156607896089554,0.37024563550949097,0.46837037801742554,-0.011251803487539291,-0.21505102515220642,-3.1225783824920654,0.0056649306789040565
3105,58.866750955581665,0.6141456365585327,-0.048156607896089554,0.37024563550949097,0.4761066138744354,-0.026962602511048317,-0.42763853073120117,-3.1076509952545166,0.004797337111085653
3106,58.876891136169434,0.6141456365585327,-0.048156607896089554,0.37024563550949097,0.48229894042015076,-0.04395956173539162,-0.5192571878433228,-3.096723794937134,0.003982510417699814
3107,58.902286529541016,0.6141456365585327,-0.048156607896089554,0.37024563550949097,0.4927642345428467,-0.060168538242578506,-0.42561081051826477,-3.092539072036743,0.004531025420874357
3108,58.91261124610901,0.6141456365585327,-0.048156607896089554,0.37024563550949097,0.5060880780220032,-0.08748366683721542,-0.29131820797920227,-3.0956971645355225,0.005131482612341642
3109,58.9390606880188,0.6141456365585327,-0.048156607896089554,0.37024563550949097,0.5274673104286194,-0.1077093780040741,-0.15396752953529358,-3.1055800914764404,0.00394096365198493
3110,58.94945240020752,0.6141456365585327,-0.048156607896089554,0.37024563550949097,0.5534725785255432,-0.11689598113298416,-0.08109302073717117,-3.1219918727874756,0.0003948612429667264
3111,58.975876331329346,0.6141456365585327,-0.048156607896089554,0.37024563550949097,0.5815105438232422,-0.13521023094654083,-0.0668913871049881,-3.1409177780151367,-0.005523971281945705
3112,58.98631739616394,0.6141456365585327,-0.048156607896089554,0.37024563550949097,0.609175443649292,-0.16017532348632812,-0.07875248789787292,3.1262238025665283,-0.01293559093028307
3113,59.012855052948,0.6141456365585327,-0.048156607896089554,0.37024563550949097,0.6327497363090515,-0.18241317570209503,-0.1074792668223381,3.1160976886749268,-0.01928429864346981
3114,59.02302360534668,0.6141456365585327,-0.048156607896089554,0.37024563550949097,0.6437245607376099,-0.19580349326133728,-0.1275027096271515,3.113696336746216,-0.018929224461317062
3115,59.05213236808777,0.6141456365585327,-0.048156607896089554,0.37024563550949097,0.6326212882995605,-0.1969035565853119,-0.10496439784765244,3.1192915439605713,-0.006071730982512236
3116,59.06401872634888,0.6141456365585327,-0.048156607896089554,0.37024563550949097,0.6374008655548096,-0.1443978250026703,-0.10602663457393646,3.1109681129455566,-0.005839579738676548
3117,59.09165096282959,0.6141456365585327,-0.048156607896089554,0.37024563550949097,0.5869602560997009,-0.09703268110752106,0.21525700390338898,3.0869650840759277,-0.013750229962170124
3118,59.10286045074463,0.6141456365585327,-0.048156607896089554,0.37024563550949097,0.5515335202217102,-0.07230565696954727,0.44207867980003357,3.0676307678222656,-0.008965744636952877
3119,59.12889361381531,0.6141456365585327,-0.048156607896089554,0.37024563550949097,0.5495929718017578,-0.06425362080335617,0.5054402351379395,3.0578863620758057,-0.00021583918714895844
3120,59.14047169685364,0.6141456365585327,-0.048156607896089554,0.37024563550949097,0.5625870823860168,-0.06311437487602234,0.49244844913482666,3.0542263984680176,0.005783589091151953
3121,59.16583585739136,0.6141456365585327,-0.048156607896089554,0.37024563550949097,0.5738994479179382,-0.06229369342327118,0.4683277904987335,3.0537869930267334,0.008965759538114071
3122,59.17792057991028,0.6141456365585327,-0.048156607896089554,0.37024563550949097,0.5815770030021667,-0.06014521047472954,0.472659707069397,3.05603289604187,0.011489077471196651
3123,59.20356845855713,0.6141456365585327,-0.048156607896089554,0.37024563550949097,0.5904593467712402,-0.05635840818285942,0.5088220834732056,3.0617008209228516,0.014166966080665588
3124,59.21436381340027,0.6141456365585327,-0.048156607896089554,0.37024563550949097,0.604836642742157,-0.04845346882939339,0.5359480977058411,3.0707883834838867,0.01576373726129532
3125,59.241618156433105,0.6141456365585327,-0.048156607896089554,0.37024563550949097,0.6235011219978333,-0.03444969281554222,0.5072208642959595,3.081918716430664,0.015015657059848309
3126,59.252291440963745,0.6141456365585327,-0.048156607896089554,0.37024563550949097,0.6442139744758606,-0.01431804709136486,0.43811482191085815,3.0929782390594482,0.011944932863116264
3127,59.278746128082275,0.6141456365585327,-0.048156607896089554,0.37024563550949097,0.6651266813278198,0.0056769452057778835,0.4068514406681061,3.1014537811279297,0.007632307708263397
3128,59.28904986381531,0.6141456365585327,-0.048156607896089554,0.37024563550949097,0.6852322220802307,0.017594313248991966,0.4227989912033081,3.1060123443603516,0.004819028079509735
3129,59.317193269729614,0.6141456365585327,-0.048156607896089554,0.37024563550949097,0.7097201347351074,0.023279603570699692,0.42312920093536377,3.10573410987854,0.006316908169537783
3130,59.328994035720825,0.6141456365585327,-0.048156607896089554,0.37024563550949097,0.7336317896842957,0.03369737043976784,0.4419088661670685,3.0942773818969727,0.016294065862894058
3131,59.35463047027588,0.6141456365585327,-0.048156607896089554,0.37024563550949097,0.7152311205863953,0.0665057823061943,0.417774498462677,3.06719708442688,0.03667907789349556
3132,59.364819288253784,0.6141456365585327,-0.048156607896089554,0.37024563550949097,0.7018271088600159,0.02514825202524662,0.511449933052063,3.040247917175293,0.049101460725069046
3133,59.39081883430481,0.6141456365585327,-0.048156607896089554,0.37024563550949097,0.6601212024688721,-0.008217206224799156,0.41554999351501465,3.0336506366729736,0.05246654525399208
3134,59.40100383758545,0.6141456365585327,-0.048156607896089554,0.37024563550949097,0.6177055835723877,-0.027519218623638153,0.3475075662136078,3.044236421585083,0.04887421801686287
3135,59.42703032493591,0.6141456365585327,-0.048156607896089554,0.37024563550949097,0.5882263779640198,-0.03337806463241577,0.34914958477020264,3.060412883758545,0.04152531549334526
3136,59.43751788139343,0.6141456365585327,-0.048156607896089554,0.37024563550949097,0.5672245025634766,-0.033148013055324554,0.33281898498535156,3.0746688842773438,0.03302141651511192
3137,59.46340870857239,0.6141456365585327,-0.048156607896089554,0.37024563550949097,0.5516180992126465,-0.0341864749789238,0.310600608587265,3.0842745304107666,0.02396797575056553
3138,59.47343730926514,0.6141456365585327,-0.048156607896089554,0.37024563550949097,0.5370305180549622,-0.03939862921833992,0.3025183379650116,3.090179681777954,0.014987661503255367
3139,59.499189615249634,0.6141456365585327,-0.048156607896089554,0.37024563550949097,0.521698534488678,-0.04920371621847153,0.3277103006839752,3.0941202640533447,0.007528917398303747
3140,59.50936698913574,0.6141456365585327,-0.048156607896089554,0.37024563550949097,0.5084101557731628,-0.06243957206606865,0.3582606911659241,3.0970499515533447,0.0018183032516390085
3141,59.53626894950867,0.6141456365585327,-0.048156607896089554,0.37024563550949097,0.4990463852882385,-0.07821287214756012,0.3708685040473938,3.0984721183776855,-0.0033707302063703537
3142,59.54628324508667,0.6141456365585327,-0.048156607896089554,0.37024563550949097,0.492587149143219,-0.09478528052568436,0.3842758238315582,3.097386121749878,-0.008537870831787586
3143,59.572253942489624,0.6141456365585327,-0.048156607896089554,0.37024563550949097,0.4878694415092468,-0.11199498176574707,0.39981600642204285,3.0936005115509033,-0.01277889870107174
3144,59.58275508880615,0.6141456365585327,-0.048156607896089554,0.37024563550949097,0.4857441186904907,-0.1310519427061081,0.42005544900894165,3.0877842903137207,-0.01497866865247488
3145,59.61182641983032,0.6141456365585327,-0.048156607896089554,0.37024563550949097,0.4882201850414276,-0.15268352627754211,0.45387086272239685,3.080759048461914,-0.014816399663686752
3146,59.62266135215759,0.6141456365585327,-0.048156607896089554,0.37024563550949097,0.49599528312683105,-0.17903253436088562,0.5028812885284424,3.0733354091644287,-0.012297024950385094
3147,59.64843463897705,0.6141456365585327,-0.048156607896089554,0.37024563550949097,0.50771164894104,-0.20900759100914001,0.559436559677124,3.0680911540985107,-0.006584257818758488
3148,59.65839457511902,0.6141456365585327,-0.048156607896089554,0.37024563550949097,0.5231092572212219,-0.24072173237800598,0.6052250862121582,3.06941294670105,0.0031887562945485115
3149,59.684682846069336,0.6141456365585327,-0.048156607896089554,0.37024563550949097,0.5432487726211548,-0.26594945788383484,0.4757238030433655,3.0810134410858154,0.01773654855787754
3150,59.695406436920166,0.6141456365585327,-0.048156607896089554,0.37024563550949097,0.5537782311439514,-0.2686176300048828,0.257548987865448,3.0974197387695312,0.027873193845152855
3151,59.72140836715698,0.6141456365585327,-0.048156607896089554,0.37024563550949097,0.5369219183921814,-0.2197185903787613,0.3030325174331665,3.105013847351074,0.0309505145996809
3152,59.731611490249634,0.6141456365585327,-0.048156607896089554,0.37024563550949097,0.5122553706169128,-0.1699436753988266,0.40348654985427856,3.0997071266174316,0.027430986985564232
3153,59.75896596908569,0.6141456365585327,-0.048156607896089554,0.37024563550949097,0.49429595470428467,-0.13541950285434723,0.4292667508125305,3.0909857749938965,0.020587647333741188
3154,59.769373178482056,0.6141456365585327,-0.048156607896089554,0.37024563550949097,0.48400506377220154,-0.10915525257587433,0.436146080493927,3.08463454246521,0.014493865892291069
3155,59.7960569858551,0.6141456365585327,-0.048156607896089554,0.37024563550949097,0.480228453874588,-0.08590342849493027,0.43706202507019043,3.0819616317749023,0.010260931216180325
3156,59.80598735809326,0.6141456365585327,-0.048156607896089554,0.37024563550949097,0.48001596331596375,-0.0631091445684433,0.43024420738220215,3.0823957920074463,0.00774996867403388
3157,59.83304452896118,0.6141456365585327,-0.048156607896089554,0.37024563550949097,0.48320716619491577,-0.03937483951449394,0.42391952872276306,3.0849287509918213,0.0063681709580123425
3158,59.844135999679565,0.6141456365585327,-0.048156607896089554,0.37024563550949097,0.4906793534755707,-0.009606706909835339,0.39806267619132996,3.0884220600128174,0.004664738662540913
3159,59.87201189994812,0.6141456365585327,-0.048156607896089554,0.37024563550949097,0.5024273991584778,0.023047825321555138,0.384183406829834,3.091968536376953,0.0017111441120505333
3160,59.88292694091797,0.6141456365585327,-0.048156607896089554,0.37024563550949097,0.5163490772247314,0.055014126002788544,0.43187808990478516,3.0953495502471924,-0.0026054554618895054
3161,59.90872764587402,0.6141456365585327,-0.048156607896089554,0.37024563550949097,0.529609739780426,0.09130032360553741,0.42346563935279846,3.0990467071533203,-0.0071549261920154095
3162,59.91868805885315,0.6141456365585327,-0.048156607896089554,0.37024563550949097,0.5461137294769287,0.12868352234363556,0.38109907507896423,3.1011905670166016,-0.010213911533355713
3163,59.94571900367737,0.6141456365585327,-0.048156607896089554,0.37024563550949097,0.5669348835945129,0.16419924795627594,0.38276225328445435,3.0995612144470215,-0.011210513301193714
3164,59.95585775375366,0.6141456365585327,-0.048156607896089554,0.37024563550949097,0.5411534905433655,0.22227182984352112,0.47789356112480164,3.0905258655548096,-0.00693109817802906
3165,59.981953144073486,0.6141456365585327,-0.048156607896089554,0.37024563550949097,0.5601829886436462,0.18497265875339508,0.46246546506881714,3.0784170627593994,-0.0029454161413013935
3166,59.992192029953,0.6141456365585327,-0.048156607896089554,0.37024563550949097,0.5552984476089478,0.14378640055656433,0.5356858372688293,3.071190118789673,0.007226794958114624
3167,60.01898241043091,0.6141456365585327,-0.048156607896089554,0.37024563550949097,0.5536097288131714,0.09125465154647827,0.410030335187912,3.0771398544311523,0.0115670720115304
3168,60.02950406074524,0.6141456365585327,-0.048156607896089554,0.37024563550949097,0.5516356229782104,0.05699175223708153,0.34409886598587036,3.0922629833221436,0.005995860323309898
3169,60.05683517456055,0.6141456365585327,-0.048156607896089554,0.37024563550949097,0.5477650761604309,0.03614427521824837,0.31796887516975403,3.1085615158081055,-0.0016449351096525788
3170,60.067147970199585,0.6141456365585327,-0.048156607896089554,0.37024563550949097,0.5506802201271057,0.01807805895805359,0.28018128871917725,3.1212804317474365,-0.007709134370088577
3171,60.09383535385132,0.6141456365585327,-0.048156607896089554,0.37024563550949097,0.5605812668800354,-0.00025518221082165837,0.2677726149559021,3.129011631011963,-0.013226545415818691
3172,60.10456442832947,0.6141456365585327,-0.048156607896089554,0.37024563550949097,0.5709279775619507,-0.02159752883017063,0.30691227316856384,3.132544994354248,-0.01836482249200344
3173,60.131373167037964,0.6141456365585327,-0.048156607896089554,0.37024563550949097,0.5844502449035645,-0.0471210703253746,0.3357318937778473,3.1329236030578613,-0.023794757202267647
3174,60.143553495407104,0.6141456365585327,-0.048156607896089554,0.37024563550949097,0.5999888777732849,-0.07255156338214874,0.35275232791900635,3.1301639080047607,-0.030008254572749138
3175,60.17028188705444,0.6141456365585327,-0.048156607896089554,0.37024563550949097,0.6123363375663757,-0.09174638986587524,0.3341851234436035,3.1228370666503906,-0.03553539514541626
3176,60.18211126327515,0.6141456365585327,-0.048156607896089554,0.37024563550949097,0.6293749213218689,-0.10970059782266617,0.3320003151893616,3.1103861331939697,-0.03882304206490517
3177,60.20987367630005,0.6141456365585327,-0.048156607896089554,0.37024563550949097,0.650693416595459,-0.13008740544319153,0.35318127274513245,3.0961644649505615,-0.03878658637404442
3178,60.22056484222412,0.6141456365585327,-0.048156607896089554,0.37024563550949097,0.6727632284164429,-0.15379421412944794,0.3611716628074646,3.0873351097106934,-0.03481653705239296
3179,60.24896216392517,0.6141456365585327,-0.048156607896089554,0.37024563550949097,0.6906474232673645,-0.18013469874858856,0.3486561179161072,3.0897536277770996,-0.0260970126837492
3180,60.26102638244629,0.6141456365585327,-0.048156607896089554,0.37024563550949097,0.7092590928077698,-0.2014203816652298,0.14867009222507477,3.1012210845947266,-0.019660960882902145
3181,60.28798794746399,0.6141456365585327,-0.048156607896089554,0.37024563550949097,0.6587910652160645,-0.18714438378810883,0.18358515202999115,3.1103010177612305,-0.016979144886136055
3182,60.29861521720886,0.6141456365585327,-0.048156607896089554,0.37024563550949097,0.5998110175132751,-0.1488584578037262,0.3947323262691498,3.1111598014831543,-0.006983501836657524
3183,60.32422614097595,0.6141456365585327,-0.048156607896089554,0.37024563550949097,0.5571755766868591,-0.12370771914720535,0.42165669798851013,3.1056296825408936,0.002159678377211094
3184,60.334335803985596,0.6141456365585327,-0.048156607896089554,0.37024563550949097,0.5304707288742065,-0.10865269601345062,0.39586788415908813,3.097996950149536,0.0071271792985498905
3185,60.36068630218506,0.6141456365585327,-0.048156607896089554,0.37024563550949097,0.5110812783241272,-0.09723895788192749,0.395927757024765,3.090792179107666,0.008941053412854671
3186,60.371593713760376,0.6141456365585327,-0.048156607896089554,0.37024563550949097,0.4957208037376404,-0.08744683116674423,0.41514450311660767,3.085886240005493,0.00893586315214634
3187,60.39843153953552,0.6141456365585327,-0.048156607896089554,0.37024563550949097,0.48348045349121094,-0.07829934358596802,0.4431138038635254,3.08393931388855,0.00834035687148571
3188,60.40852069854736,0.6141456365585327,-0.048156607896089554,0.37024563550949097,0.4751737415790558,-0.0711120218038559,0.46927013993263245,3.0847504138946533,0.00850596185773611
3189,60.43430304527283,0.6141456365585327,-0.048156607896089554,0.37024563550949097,0.4713297486305237,-0.06730782240629196,0.49100854992866516,3.0877842903137207,0.010650034993886948
3190,60.444684743881226,0.6141456365585327,-0.048156607896089554,0.37024563550949097,0.47142043709754944,-0.06668655574321747,0.5108075141906738,3.0924272537231445,0.01544245332479477
3191,60.47064805030823,0.6141456365585327,-0.048156607896089554,0.37024563550949097,0.4762708842754364,-0.06763629615306854,0.5395174026489258,3.0982248783111572,0.022280825302004814
3192,60.48079323768616,0.6141456365585327,-0.048156607896089554,0.37024563550949097,0.48688188195228577,-0.06697217375040054,0.5829969644546509,3.104926347732544,0.02913499064743519
3193,60.50661277770996,0.6141456365585327,-0.048156607896089554,0.37024563550949097,0.5033544301986694,-0.06154889240860939,0.6251703500747681,3.111565113067627,0.033839136362075806
3194,60.51658606529236,0.6141456365585327,-0.048156607896089554,0.37024563550949097,0.5235612392425537,-0.05225085839629173,0.642580509185791,3.117063522338867,0.03607817739248276
3195,60.542821168899536,0.6141456365585327,-0.048156607896089554,0.37024563550949097,0.54640793800354,-0.04356475546956062,0.6203939914703369,3.1222803592681885,0.037146516144275665
3196,60.55318355560303,0.6141456365585327,-0.048156607896089554,0.37024563550949097,0.5709682703018188,-0.03615851327776909,0.5438475608825684,3.129972457885742,0.03762497380375862
3197,60.579140424728394,0.6141456365585327,-0.048156607896089554,0.37024563550949097,0.5977643132209778,-0.027195479720830917,0.4549983739852905,3.1407430171966553,0.036885816603899
3198,60.59036612510681,0.6141456365585327,-0.048156607896089554,0.37024563550949097,0.6357959508895874,-0.015007944777607918,0.45031073689460754,-3.136702537536621,0.03493259474635124
3199,60.61867713928223,0.6141456365585327,-0.048156607896089554,0.37024563550949097,0.6798447370529175,-0.006707192398607731,0.5049595832824707,3.1352200508117676,0.03367725387215614
3200,60.62821412086487,0.6141456365585327,-0.048156607896089554,0.37024563550949097,0.6919112205505371,-0.014137785881757736,0.5425808429718018,3.105752944946289,0.0397157147526741
3201,60.653727769851685,0.6141456365585327,-0.048156607896089554,0.37024563550949097,0.6479051113128662,-0.02332618273794651,0.4089147746562958,3.0794777870178223,0.04586036503314972
3202,60.663146018981934,0.6141456365585327,-0.048156607896089554,0.37024563550949097,0.593404233455658,-0.054984696209430695,0.3849467635154724,3.08787202835083,0.04051237553358078
3203,60.689451694488525,0.6141456365585327,-0.048156607896089554,0.37024563550949097,0.5524553060531616,-0.06720873713493347,0.4636465311050415,3.110936164855957,0.04044727236032486
3204,60.69863677024841,0.6141456365585327,-0.048156607896089554,0.37024563550949097,0.5368630886077881,-0.0684845969080925,0.39145833253860474,3.1285107135772705,0.0417352095246315
3205,60.72455453872681,0.6141456365585327,-0.048156607896089554,0.37024563550949097,0.5319097638130188,-0.06935135275125504,0.30358460545539856,3.1348841190338135,0.0403137244284153
3206,60.734076738357544,0.6141456365585327,-0.048156607896089554,0.37024563550949097,0.5228898525238037,-0.07407818734645844,0.33734095096588135,3.1336588859558105,0.03809536620974541
3207,60.76043915748596,0.6141456365585327,-0.048156607896089554,0.37024563550949097,0.5127704739570618,-0.08386212587356567,0.4222725033760071,3.1292357444763184,0.03662916645407677
3208,60.76973080635071,0.6141456365585327,-0.048156607896089554,0.37024563550949097,0.5064885020256042,-0.09979090839624405,0.442259281873703,3.123936653137207,0.03396026790142059
3209,60.79584789276123,0.6141456365585327,-0.048156607896089554,0.37024563550949097,0.5019250512123108,-0.11874880641698837,0.4489325284957886,3.1177124977111816,0.0293132197111845
3210,60.804980516433716,0.6141456365585327,-0.048156607896089554,0.37024563550949097,0.4977724254131317,-0.13839824497699738,0.4753517806529999,3.109959602355957,0.024745959788560867
3211,60.83063578605652,0.6141456365585327,-0.048156607896089554,0.37024563550949097,0.49629372358322144,-0.1592400223016739,0.5109652280807495,3.1010305881500244,0.02229580096900463
3212,60.84013843536377,0.6141456365585327,-0.048156607896089554,0.37024563550949097,0.4998401701450348,-0.18372416496276855,0.5601353645324707,3.091851234436035,0.02268691174685955
3213,60.8652765750885,0.6141456365585327,-0.048156607896089554,0.37024563550949097,0.5069978833198547,-0.21329885721206665,0.625159740447998,3.08439040184021,0.027028286829590797
3214,60.87458348274231,0.6141456365585327,-0.048156607896089554,0.37024563550949097,0.5175864696502686,-0.24652408063411713,0.6887640357017517,3.0826072692871094,0.03649017587304115
3215,60.8999183177948,0.6141456365585327,-0.048156607896089554,0.37024563550949097,0.5471604466438293,-0.2657625675201416,0.5154244303703308,3.0879862308502197,0.04820629581809044
3216,60.909117221832275,0.6141456365585327,-0.048156607896089554,0.37024563550949097,0.563747227191925,-0.27855801582336426,0.2926749885082245,3.096412420272827,0.05085420608520508
3217,60.9346125125885,0.6141456365585327,-0.048156607896089554,0.37024563550949097,0.554595947265625,-0.2532903850078583,0.24892503023147583,3.1042070388793945,0.0532052107155323
3218,60.94426655769348,0.6141456365585327,-0.048156607896089554,0.37024563550949097,0.5306974649429321,-0.19662903249263763,0.41235241293907166,3.0999412536621094,0.05351382866501808
3219,60.97006011009216,0.6141456365585327,-0.048156607896089554,0.37024563550949097,0.512717604637146,-0.1551865041255951,0.44651442766189575,3.0880792140960693,0.04878006502985954
3220,60.97980356216431,0.6141456365585327,-0.048156607896089554,0.37024563550949097,0.5067728161811829,-0.12610967457294464,0.4572933614253998,3.076505661010742,0.04190085828304291
3221,61.005340576171875,0.6141456365585327,-0.048156607896089554,0.37024563550949097,0.5097843408584595,-0.10218090564012527,0.48205944895744324,3.0678203105926514,0.03549325466156006
3222,61.01527261734009,0.6141456365585327,-0.048156607896089554,0.37024563550949097,0.5193442106246948,-0.08089946955442429,0.5195565223693848,3.0627291202545166,0.03007688745856285
3223,61.04133105278015,0.6141456365585327,-0.048156607896089554,0.37024563550949097,0.5337343811988831,-0.06102173775434494,0.5586497783660889,3.061758279800415,0.025014061480760574
3224,61.051146030426025,0.6141456365585327,-0.048156607896089554,0.37024563550949097,0.5507962107658386,-0.0394902303814888,0.5713341236114502,3.064821720123291,0.01959545537829399
3225,61.07761883735657,0.6141456365585327,-0.048156607896089554,0.37024563550949097,0.5682125091552734,-0.013407899998128414,0.5625104904174805,3.070692777633667,0.013624994084239006
3226,61.09355568885803,0.6141456365585327,-0.048156607896089554,0.37024563550949097,0.5854644775390625,0.016345873475074768,0.5563373565673828,3.077280282974243,0.00729600852355361
3227,61.127076387405396,0.6141456365585327,-0.048156607896089554,0.37024563550949097,0.6032522320747375,0.04329004883766174,0.5769296884536743,3.08302640914917,0.001222597318701446
3228,61.14008045196533,0.6141456365585327,-0.048156607896089554,0.37024563550949097,0.6222400665283203,0.06362808495759964,0.598755955696106,3.087759017944336,-0.0032161949202418327
3229,61.1890504360199,0.6141456365585327,-0.048156607896089554,0.37024563550949097,0.6459084749221802,0.08353657275438309,0.598084568977356,3.0903682708740234,-0.004828051198273897
3230,61.203978300094604,0.6141456365585327,-0.048156607896089554,0.37024563550949097,0.6672978401184082,0.10700106620788574,0.6226391792297363,3.0870370864868164,-0.0005472786142490804
3231,61.232139110565186,0.6141456365585327,-0.048156607896089554,0.37024563550949097,0.6339157819747925,0.15665538609027863,0.5229389071464539,3.0738043785095215,0.013324063271284103
3232,61.242340326309204,0.6141456365585327,-0.048156607896089554,0.37024563550949097,0.6265221834182739,0.09278702735900879,0.5375746488571167,3.05794095993042,0.021682268008589745
3233,61.27398657798767,0.6141456365585327,-0.048156607896089554,0.37024563550949097,0.5993863940238953,0.03630759194493294,0.40196362137794495,3.0578925609588623,0.025428282096982002
3234,61.283732652664185,0.6141456365585327,-0.048156607896089554,0.37024563550949097,0.5798190832138062,0.00570684764534235,0.3205108642578125,3.0704476833343506,0.01998198963701725
3235,61.30966353416443,0.6141456365585327,-0.048156607896089554,0.37024563550949097,0.5667431354522705,-0.003175908699631691,0.2919187545776367,3.0842347145080566,0.009428807534277439
3236,61.31941628456116,0.6141456365585327,-0.048156607896089554,0.37024563550949097,0.555902898311615,-0.006909347139298916,0.2880287170410156,3.0936026573181152,-0.0004421603516675532
3237,61.34562683105469,0.6141456365585327,-0.048156607896089554,0.37024563550949097,0.5495254993438721,-0.014944911003112793,0.29468420147895813,3.0981829166412354,-0.008327084593474865
3238,61.355385065078735,0.6141456365585327,-0.048156607896089554,0.37024563550949097,0.5455248355865479,-0.02957688458263874,0.3082868456840515,3.100152015686035,-0.015066886320710182
3239,61.38121676445007,0.6141456365585327,-0.048156607896089554,0.37024563550949097,0.5441359877586365,-0.04946034029126167,0.3294682204723358,3.1011462211608887,-0.021421577781438828
3240,61.391175270080566,0.6141456365585327,-0.048156607896089554,0.37024563550949097,0.5462849140167236,-0.07187160104513168,0.3409302234649658,3.1010005474090576,-0.028276389464735985
3241,61.417202949523926,0.6141456365585327,-0.048156607896089554,0.37024563550949097,0.5506884455680847,-0.09460434317588806,0.35102635622024536,3.0986785888671875,-0.03562101349234581
3242,61.4267578125,0.6141456365585327,-0.048156607896089554,0.37024563550949097,0.5570260286331177,-0.11586124449968338,0.3615303933620453,3.0933449268341064,-0.04241396486759186
3243,61.45283055305481,0.6141456365585327,-0.048156607896089554,0.37024563550949097,0.5663761496543884,-0.13445459306240082,0.36916884779930115,3.0842864513397217,-0.047716978937387466
3244,61.46305799484253,0.6141456365585327,-0.048156607896089554,0.37024563550949097,0.577801525592804,-0.15249072015285492,0.3993973731994629,3.0726261138916016,-0.04995333030819893
3245,61.48887228965759,0.6141456365585327,-0.048156607896089554,0.37024563550949097,0.5917831063270569,-0.17336197197437286,0.442281037569046,3.063079833984375,-0.047686442732810974
3246,61.49876809120178,0.6141456365585327,-0.048156607896089554,0.37024563550949097,0.6074452996253967,-0.20086468756198883,0.47321638464927673,3.061629295349121,-0.04047436639666557
3247,61.52432918548584,0.6141456365585327,-0.048156607896089554,0.37024563550949097,0.6324920654296875,-0.21626855432987213,0.18287023901939392,3.0660970211029053,-0.03743582218885422
3248,61.53395915031433,0.6141456365585327,-0.048156607896089554,0.37024563550949097,0.6140474081039429,-0.220533087849617,0.2025662660598755,3.076249122619629,-0.03590553253889084
3249,61.55973243713379,0.6141456365585327,-0.048156607896089554,0.37024563550949097,0.5892806649208069,-0.18738047778606415,0.2681722342967987,3.085646152496338,-0.02748672105371952
3250,61.569231033325195,0.6141456365585327,-0.048156607896089554,0.37024563550949097,0.5612622499465942,-0.1309208869934082,0.44327840209007263,3.0824027061462402,-0.0201861709356308
3251,61.59906315803528,0.6141456365585327,-0.048156607896089554,0.37024563550949097,0.5379029512405396,-0.08859837055206299,0.47351935505867004,3.070101737976074,-0.01725308783352375
3252,61.61113095283508,0.6141456365585327,-0.048156607896089554,0.37024563550949097,0.5248377323150635,-0.05752168223261833,0.5018996000289917,3.0554049015045166,-0.01631135866045952
3253,61.63960361480713,0.6141456365585327,-0.048156607896089554,0.37024563550949097,0.5211257934570312,-0.03338930010795593,0.5454175472259521,3.0421628952026367,-0.01567671075463295
3254,61.649962425231934,0.6141456365585327,-0.048156607896089554,0.37024563550949097,0.5239549875259399,-0.014101252891123295,0.5983925461769104,3.0323081016540527,-0.014672485180199146
3255,61.67574095726013,0.6141456365585327,-0.048156607896089554,0.37024563550949097,0.532279372215271,-0.00011264218483120203,0.6572661995887756,3.0268874168395996,-0.012668504379689693
3256,61.685288429260254,0.6141456365585327,-0.048156607896089554,0.37024563550949097,0.5455396175384521,0.008571702986955643,0.7127567529678345,3.027256965637207,-0.00971363577991724
3257,61.71116042137146,0.6141456365585327,-0.048156607896089554,0.37024563550949097,0.5627152919769287,0.017375055700540543,0.7397180795669556,3.0339972972869873,-0.006940979976207018
3258,61.72046685218811,0.6141456365585327,-0.048156607896089554,0.37024563550949097,0.582047700881958,0.03323383256793022,0.7066842317581177,3.0457217693328857,-0.00578330410644412
3259,61.746665954589844,0.6141456365585327,-0.048156607896089554,0.37024563550949097,0.6022725105285645,0.0588197223842144,0.6388667821884155,3.058971881866455,-0.007116424385458231
3260,61.75588846206665,0.6141456365585327,-0.048156607896089554,0.37024563550949097,0.6255923509597778,0.08982957154512405,0.5811009407043457,3.0698065757751465,-0.011058785021305084
3261,61.7822105884552,0.6141456365585327,-0.048156607896089554,0.37024563550949097,0.6483123898506165,0.10138963907957077,0.5625098943710327,3.0771324634552,-0.018164001405239105
3262,61.791346073150635,0.6141456365585327,-0.048156607896089554,0.37024563550949097,0.6598444581031799,0.11304567009210587,0.5707342028617859,3.078571319580078,-0.0215813796967268
3263,61.817407846450806,0.6141456365585327,-0.048156607896089554,0.37024563550949097,0.6702645421028137,0.12599484622478485,0.6534204483032227,3.0739495754241943,-0.014325227588415146
3264,61.82762837409973,0.6141456365585327,-0.048156607896089554,0.37024563550949097,0.6424915194511414,0.14379292726516724,0.7791087031364441,3.0617570877075195,0.00011961530253756791
3265,61.85348081588745,0.6141456365585327,-0.048156607896089554,0.37024563550949097,0.5911886692047119,0.0860329270362854,0.6371762752532959,3.060730218887329,0.0038934629410505295
3266,61.863083600997925,0.6141456365585327,-0.048156607896089554,0.37024563550949097,0.5358870625495911,0.030610278248786926,0.4658275246620178,3.070472478866577,0.011175327003002167
3267,61.88933753967285,0.6141456365585327,-0.048156607896089554,0.37024563550949097,0.5040835738182068,-0.006105856038630009,0.3853171169757843,3.0839438438415527,0.014650761149823666
3268,61.89865517616272,0.6141456365585327,-0.048156607896089554,0.37024563550949097,0.490373432636261,-0.026472056284546852,0.3375357389450073,3.0950143337249756,0.012639787048101425
3269,61.9249050617218,0.6141456365585327,-0.048156607896089554,0.37024563550949097,0.4813411831855774,-0.03841244801878929,0.33362284302711487,3.101592779159546,0.0077046845108270645
3270,61.93464469909668,0.6141456365585327,-0.048156607896089554,0.37024563550949097,0.4704340994358063,-0.050121009349823,0.374953031539917,3.103651523590088,0.0038057507481426
3271,61.96060085296631,0.6141456365585327,-0.048156607896089554,0.37024563550949097,0.4599040150642395,-0.06596671789884567,0.41043126583099365,3.1028153896331787,0.002148640574887395
3272,61.97010850906372,0.6141456365585327,-0.048156607896089554,0.37024563550949097,0.45236116647720337,-0.08678638935089111,0.4301987886428833,3.1011571884155273,0.0013923384249210358
3273,61.99599361419678,0.6141456365585327,-0.048156607896089554,0.37024563550949097,0.44802767038345337,-0.1105569526553154,0.4445382058620453,3.099473714828491,0.00014332865248434246
3274,62.00930213928223,0.6141456365585327,-0.048156607896089554,0.37024563550949097,0.4458354413509369,-0.13507254421710968,0.45919477939605713,3.09700870513916,-0.0018636949826031923
3275,62.04422354698181,0.6141456365585327,-0.048156607896089554,0.37024563550949097,0.4448314309120178,-0.15836560726165771,0.4813350439071655,3.0927891731262207,-0.003638060297816992
3276,62.05473494529724,0.6141456365585327,-0.048156607896089554,0.37024563550949097,0.4454401433467865,-0.18062296509742737,0.5059279203414917,3.0867578983306885,-0.003909345716238022
3277,62.08337688446045,0.6141456365585327,-0.048156607896089554,0.37024563550949097,0.44739314913749695,-0.20430432260036469,0.5356189608573914,3.079808235168457,-0.0016267792088910937
3278,62.093713998794556,0.6141456365585327,-0.048156607896089554,0.37024563550949097,0.44998249411582947,-0.23095236718654633,0.5863415002822876,3.0737662315368652,0.004565575625747442
3279,62.119078397750854,0.6141456365585327,-0.048156607896089554,0.37024563550949097,0.45418205857276917,-0.26258087158203125,0.6317148208618164,3.0716137886047363,0.015326231718063354
3280,62.13023233413696,0.6141456365585327,-0.048156607896089554,0.37024563550949097,0.48724913597106934,-0.2756170332431793,0.36856913566589355,3.0700936317443848,0.019491055980324745
3281,62.156270265579224,0.6141456365585327,-0.048156607896089554,0.37024563550949097,0.4959068298339844,-0.29424285888671875,0.33914777636528015,3.072202682495117,0.016756031662225723
3282,62.165995359420776,0.6141456365585327,-0.048156607896089554,0.37024563550949097,0.5020197629928589,-0.2986910045146942,0.29906708002090454,3.080824613571167,0.01661713235080242
3283,62.19222354888916,0.6141456365585327,-0.048156607896089554,0.37024563550949097,0.5007506608963013,-0.27261587977409363,0.2680940628051758,3.088331937789917,0.018133893609046936
3284,62.20213317871094,0.6141456365585327,-0.048156607896089554,0.37024563550949097,0.48780587315559387,-0.21593515574932098,0.39278388023376465,3.0865485668182373,0.01682639680802822
3285,62.228283643722534,0.6141456365585327,-0.048156607896089554,0.37024563550949097,0.47696202993392944,-0.1707165390253067,0.4312252402305603,3.078256130218506,0.011603075079619884
3286,62.23798942565918,0.6141456365585327,-0.048156607896089554,0.37024563550949097,0.4769003689289093,-0.1393066942691803,0.4514586329460144,3.0693018436431885,0.005855075083673
3287,62.264397859573364,0.6141456365585327,-0.048156607896089554,0.37024563550949097,0.48586300015449524,-0.11508932709693909,0.48599985241889954,3.062380313873291,0.0016605822602286935
3288,62.274332761764526,0.6141456365585327,-0.048156607896089554,0.37024563550949097,0.5018594264984131,-0.09404381364583969,0.5308189392089844,3.0585107803344727,-0.0012504570186138153
3289,62.30166554450989,0.6141456365585327,-0.048156607896089554,0.37024563550949097,0.5234085321426392,-0.07456530630588531,0.5721668601036072,3.0583295822143555,-0.004187469370663166
3290,62.31155848503113,0.6141456365585327,-0.048156607896089554,0.37024563550949097,0.5476612448692322,-0.0552600659430027,0.5848969221115112,3.062049627304077,-0.007959391921758652
3291,62.337576389312744,0.6141456365585327,-0.048156607896089554,0.37024563550949097,0.5727282166481018,-0.03261987119913101,0.5669482946395874,3.069185972213745,-0.012529699131846428
3292,62.34705400466919,0.6141456365585327,-0.048156607896089554,0.37024563550949097,0.5971538424491882,-0.005713212303817272,0.559799313545227,3.0778262615203857,-0.01774965226650238
3293,62.37359070777893,0.6141456365585327,-0.048156607896089554,0.37024563550949097,0.6204413771629333,0.01835993304848671,0.5973529815673828,3.08581805229187,-0.022852879017591476
3294,62.38345456123352,0.6141456365585327,-0.048156607896089554,0.37024563550949097,0.6435702443122864,0.033686619251966476,0.6344419717788696,3.093078851699829,-0.026494745165109634
3295,62.411651611328125,0.6141456365585327,-0.048156607896089554,0.37024563550949097,0.6687689423561096,0.04435797408223152,0.6552839279174805,3.0994150638580322,-0.02694920264184475
3296,62.42937636375427,0.6141456365585327,-0.048156607896089554,0.37024563550949097,0.6929203867912292,0.05828380584716797,0.6904561519622803,3.1001131534576416,-0.020985504612326622
3297,62.45623421669006,0.6141456365585327,-0.048156607896089554,0.37024563550949097,0.680229663848877,0.08432113379240036,0.7056844830513,3.088261842727661,-0.009632982313632965
3298,62.47049164772034,0.6141456365585327,-0.048156607896089554,0.37024563550949097,0.6414152979850769,0.05311122164130211,0.603599488735199,3.077756881713867,-0.007930108346045017
3299,62.50360035896301,0.6141456365585327,-0.048156607896089554,0.37024563550949097,0.5841145515441895,0.008981263265013695,0.46709397435188293,3.077662467956543,-0.0022263636346906424
3300,62.52038073539734,0.6141456365585327,-0.048156607896089554,0.37024563550949097,0.5426367521286011,-0.025477033108472824,0.41926199197769165,3.088691234588623,0.0015591371338814497
3301,62.54633116722107,0.6141456365585327,-0.048156607896089554,0.37024563550949097,0.5216842889785767,-0.04472445324063301,0.36854690313339233,3.103640079498291,0.0022682410199195147
3302,62.55600666999817,0.6141456365585327,-0.048156607896089554,0.37024563550949097,0.513909101486206,-0.05305935814976692,0.301883727312088,3.116429328918457,-0.00019542961672414094
3303,62.581695318222046,0.6141456365585327,-0.048156607896089554,0.37024563550949097,0.5096465349197388,-0.057842690497636795,0.27985280752182007,3.1240084171295166,-0.004259470850229263
3304,62.59782314300537,0.6141456365585327,-0.048156607896089554,0.37024563550949097,0.5029159188270569,-0.06534610688686371,0.3082316219806671,3.1265976428985596,-0.00720625277608633
3305,62.630897521972656,0.6141456365585327,-0.048156607896089554,0.37024563550949097,0.49665629863739014,-0.07869566231966019,0.3423919677734375,3.126486301422119,-0.008276212029159069
3306,62.64276170730591,0.6141456365585327,-0.048156607896089554,0.37024563550949097,0.49380406737327576,-0.09764464199542999,0.3590228259563446,3.1256368160247803,-0.008902810513973236
3307,62.66892671585083,0.6141456365585327,-0.048156607896089554,0.37024563550949097,0.4946470856666565,-0.11961795389652252,0.36960867047309875,3.123892307281494,-0.010494571179151535
3308,62.67791247367859,0.6141456365585327,-0.048156607896089554,0.37024563550949097,0.4981023371219635,-0.14151403307914734,0.3904864490032196,3.1200063228607178,-0.013092027977108955
3309,62.70331001281738,0.6141456365585327,-0.048156607896089554,0.37024563550949097,0.5028520226478577,-0.16232554614543915,0.42256075143814087,3.113487482070923,-0.015398228541016579
3310,62.713574171066284,0.6141456365585327,-0.048156607896089554,0.37024563550949097,0.5102958679199219,-0.1821950525045395,0.443808376789093,3.104762554168701,-0.016405439004302025
3311,62.740713119506836,0.6141456365585327,-0.048156607896089554,0.37024563550949097,0.5204637050628662,-0.2031000554561615,0.477656751871109,3.094757080078125,-0.015203176997601986
3312,62.75037741661072,0.6141456365585327,-0.048156607896089554,0.37024563550949097,0.5327398180961609,-0.2277156412601471,0.5349987149238586,3.0862209796905518,-0.010119992308318615
3313,62.776135206222534,0.6141456365585327,-0.048156607896089554,0.37024563550949097,0.5466861128807068,-0.2576901614665985,0.5847211480140686,3.083845615386963,-2.0846722691203468e-05
3314,62.78549265861511,0.6141456365585327,-0.048156607896089554,0.37024563550949097,0.5768964290618896,-0.27512139081954956,0.3562327027320862,3.087322473526001,0.008860545232892036
3315,62.811370849609375,0.6141456365585327,-0.048156607896089554,0.37024563550949097,0.5821784734725952,-0.28550606966018677,0.25848180055618286,3.095151424407959,0.011161242611706257
3316,62.82062125205994,0.6141456365585327,-0.048156607896089554,0.37024563550949097,0.5721598267555237,-0.26023295521736145,0.24378202855587006,3.103804349899292,0.01594282127916813
3317,62.84662938117981,0.6141456365585327,-0.048156607896089554,0.37024563550949097,0.5497475862503052,-0.20353184640407562,0.3986392915248871,3.1014621257781982,0.019032562151551247
3318,62.856565713882446,0.6141456365585327,-0.048156607896089554,0.37024563550949097,0.5294248461723328,-0.1588873416185379,0.436196506023407,3.090400218963623,0.01770142652094364
3319,62.88260626792908,0.6141456365585327,-0.048156607896089554,0.37024563550949097,0.5205215215682983,-0.12726542353630066,0.4498778283596039,3.077592372894287,0.01441467460244894
3320,62.892131328582764,0.6141456365585327,-0.048156607896089554,0.37024563550949097,0.5216700434684753,-0.10318142175674438,0.4761408567428589,3.066549777984619,0.011216975748538971
3321,62.9182505607605,0.6141456365585327,-0.048156607896089554,0.37024563550949097,0.5293514132499695,-0.0833929106593132,0.514304518699646,3.0586462020874023,0.00874059833586216
3322,62.92755079269409,0.6141456365585327,-0.048156607896089554,0.37024563550949097,0.5418880581855774,-0.06719658523797989,0.5614657402038574,3.0546672344207764,0.007074808701872826
3323,62.95356893539429,0.6141456365585327,-0.048156607896089554,0.37024563550949097,0.5589542388916016,-0.053284239023923874,0.6033912897109985,3.0554771423339844,0.005600680597126484
3324,62.96628761291504,0.6141456365585327,-0.048156607896089554,0.37024563550949097,0.5786978006362915,-0.03736091032624245,0.6101347208023071,3.061009168624878,0.003345614532008767
3325,63.00571846961975,0.6141456365585327,-0.048156607896089554,0.37024563550949097,0.5981916189193726,-0.01570690982043743,0.5714896321296692,3.070028066635132,-4.336981874075718e-05
3326,63.01641392707825,0.6141456365585327,-0.048156607896089554,0.37024563550949097,0.6171103119850159,0.01158907264471054,0.5338077545166016,3.0799930095672607,-0.004441012162715197
3327,63.04234194755554,0.6141456365585327,-0.048156607896089554,0.37024563550949097,0.6358439326286316,0.03536224365234375,0.5529986023902893,3.088283061981201,-0.009015092626214027
3328,63.05161261558533,0.6141456365585327,-0.048156607896089554,0.37024563550949097,0.6553071141242981,0.049856998026371,0.5899888277053833,3.0942349433898926,-0.01171859074383974
3329,63.07896065711975,0.6141456365585327,-0.048156607896089554,0.37024563550949097,0.6784147024154663,0.062493372708559036,0.6049447655677795,3.096336841583252,-0.01025362592190504
3330,63.08894181251526,0.6141456365585327,-0.048156607896089554,0.37024563550949097,0.6971834897994995,0.08022575080394745,0.6466756463050842,3.089465379714966,-0.0003476143174339086
3331,63.11539149284363,0.6141456365585327,-0.048156607896089554,0.37024563550949097,0.6868943572044373,0.09484319388866425,0.8358482122421265,3.0719711780548096,0.007911956869065762
3332,63.12551546096802,0.6141456365585327,-0.048156607896089554,0.37024563550949097,0.6331910490989685,0.060126032680273056,0.6404684782028198,3.065685987472534,0.0059204865247011185
3333,63.15461468696594,0.6141456365585327,-0.048156607896089554,0.37024563550949097,0.5739966034889221,0.016815727576613426,0.4774073362350464,3.06976318359375,0.009327776730060577
3334,63.167481660842896,0.6141456365585327,-0.048156607896089554,0.37024563550949097,0.5382487773895264,-0.0138314887881279,0.4297374486923218,3.0803399085998535,0.010914338752627373
3335,63.19415831565857,0.6141456365585327,-0.048156607896089554,0.37024563550949097,0.520068347454071,-0.03179289400577545,0.38098961114883423,3.092395782470703,0.009171316400170326
3336,63.20436143875122,0.6141456365585327,-0.048156607896089554,0.37024563550949097,0.5110428333282471,-0.04078511521220207,0.35198259353637695,3.1011219024658203,0.005093161016702652
3337,63.23034715652466,0.6141456365585327,-0.048156607896089554,0.37024563550949097,0.501526415348053,-0.04880382493138313,0.37337926030158997,3.104557991027832,0.001301127951592207
3338,63.24026608467102,0.6141456365585327,-0.048156607896089554,0.37024563550949097,0.49116650223731995,-0.06028146669268608,0.41631197929382324,3.103969097137451,-0.0005041061667725444
3339,63.26854419708252,0.6141456365585327,-0.048156607896089554,0.37024563550949097,0.4834282398223877,-0.07731267809867859,0.4422208368778229,3.101902484893799,-0.0011672223918139935
3340,63.280783891677856,0.6141456365585327,-0.048156607896089554,0.37024563550949097,0.47913214564323425,-0.09864218533039093,0.4533054232597351,3.0996692180633545,-0.002244440605863929
3341,63.30738687515259,0.6141456365585327,-0.048156607896089554,0.37024563550949097,0.4771902561187744,-0.12136999517679214,0.46346768736839294,3.096729278564453,-0.004032762721180916
3342,63.316264390945435,0.6141456365585327,-0.048156607896089554,0.37024563550949097,0.4766521751880646,-0.14348959922790527,0.4857552945613861,3.092132091522217,-0.0052908919751644135
3343,63.33992385864258,0.6141456365585327,-0.048156607896089554,0.37024563550949097,0.4783362150192261,-0.1652648150920868,0.5186850428581238,3.085705518722534,-0.004614037927240133
3344,63.348987340927124,0.6141456365585327,-0.048156607896089554,0.37024563550949097,0.48308083415031433,-0.18838170170783997,0.5549106597900391,3.0781288146972656,-0.0012618487235158682
3345,63.37366199493408,0.6141456365585327,-0.048156607896089554,0.37024563550949097,0.49016836285591125,-0.21554453670978546,0.6107096076011658,3.071479320526123,0.0058825137093663216
3346,63.38285827636719,0.6141456365585327,-0.048156607896089554,0.37024563550949097,0.5000633597373962,-0.24744287133216858,0.6638899445533752,3.0695207118988037,0.017599361017346382
3347,63.40838861465454,0.6141456365585327,-0.048156607896089554,0.37024563550949097,0.5343040823936462,-0.2620864510536194,0.3778417110443115,3.0697989463806152,0.02414163574576378
3348,63.41964769363403,0.6141456365585327,-0.048156607896089554,0.37024563550949097,0.5463591814041138,-0.28152650594711304,0.3126997947692871,3.074772357940674,0.023875446990132332
3349,63.44937014579773,0.6141456365585327,-0.048156607896089554,0.37024563550949097,0.5523330569267273,-0.281909316778183,0.2731176018714905,3.0862722396850586,0.02603825554251671
3350,63.4617874622345,0.6141456365585327,-0.048156607896089554,0.37024563550949097,0.5441311597824097,-0.24301248788833618,0.2753618657588959,3.09333872795105,0.029417552053928375
3351,63.486318588256836,0.6141456365585327,-0.048156607896089554,0.37024563550949097,0.5219845175743103,-0.18269915878772736,0.43616801500320435,3.0875749588012695,0.029295383021235466
3352,63.4952826499939,0.6141456365585327,-0.048156607896089554,0.37024563550949097,0.5084829926490784,-0.14087186753749847,0.46336305141448975,3.075669050216675,0.024843854829669
3353,63.519365072250366,0.6141456365585327,-0.048156607896089554,0.37024563550949097,0.5072252154350281,-0.11042112857103348,0.485832154750824,3.064115524291992,0.01941441372036934
3354,63.529550075531006,0.6141456365585327,-0.048156607896089554,0.37024563550949097,0.5152789354324341,-0.0851593092083931,0.526391327381134,3.055103063583374,0.01467775460332632
3355,63.55583691596985,0.6141456365585327,-0.048156607896089554,0.37024563550949097,0.5299234986305237,-0.063295878469944,0.5801278352737427,3.049644708633423,0.010661933571100235
3356,63.56535983085632,0.6141456365585327,-0.048156607896089554,0.37024563550949097,0.5496615767478943,-0.044094838201999664,0.6309596300125122,3.0488266944885254,0.006710773799568415
3357,63.596338510513306,0.6141456365585327,-0.048156607896089554,0.37024563550949097,0.5716784000396729,-0.025048863142728806,0.6456179618835449,3.053196907043457,0.0021891528740525246
3358,63.61038899421692,0.6141456365585327,-0.048156607896089554,0.37024563550949097,0.592278242111206,-0.0013710171915590763,0.6206514835357666,3.0619099140167236,-0.002976026153191924
3359,63.64002990722656,0.6141456365585327,-0.048156607896089554,0.37024563550949097,0.6110260486602783,0.027086181566119194,0.6049283146858215,3.072309970855713,-0.00850148405879736
3360,63.64903116226196,0.6141456365585327,-0.048156607896089554,0.37024563550949097,0.6299855709075928,0.05122135579586029,0.6403363347053528,3.0816564559936523,-0.013823303394019604
3361,63.673879623413086,0.6141456365585327,-0.048156607896089554,0.37024563550949097,0.6498135328292847,0.06600124388933182,0.681419849395752,3.089153528213501,-0.017392225563526154
3362,63.6830997467041,0.6141456365585327,-0.048156607896089554,0.37024563550949097,0.6727432608604431,0.07990936189889908,0.6973863244056702,3.0934786796569824,-0.017168784514069557
3363,63.70789074897766,0.6141456365585327,-0.048156607896089554,0.37024563550949097,0.6907344460487366,0.0976620614528656,0.7362484335899353,3.090590238571167,-0.009187369607388973
3364,63.71713995933533,0.6141456365585327,-0.048156607896089554,0.37024563550949097,0.6758727431297302,0.10697132349014282,0.9533854722976685,3.0809125900268555,-0.011336279101669788
3365,63.741448402404785,0.6141456365585327,-0.048156607896089554,0.37024563550949097,0.616326630115509,0.06840801984071732,0.6734024286270142,3.080073595046997,-0.016653483733534813
3366,63.75070381164551,0.6141456365585327,-0.048156607896089554,0.37024563550949097,0.5550492405891418,0.021838318556547165,0.46353060007095337,3.083986759185791,-0.011615513823926449
3367,63.77572822570801,0.6141456365585327,-0.048156607896089554,0.37024563550949097,0.5211524963378906,-0.01225267443805933,0.40072476863861084,3.0916762351989746,-0.006754523608833551
3368,63.78475642204285,0.6141456365585327,-0.048156607896089554,0.37024563550949097,0.5066642761230469,-0.03358785808086395,0.3627743124961853,3.101198196411133,-0.0059003024362027645
3369,63.810097455978394,0.6141456365585327,-0.048156607896089554,0.37024563550949097,0.5008850693702698,-0.04437777400016785,0.3532300591468811,3.1084423065185547,-0.008106326684355736
3370,63.82044553756714,0.6141456365585327,-0.048156607896089554,0.37024563550949097,0.4943986237049103,-0.0533221997320652,0.38480517268180847,3.1109890937805176,-0.010220356285572052
3371,63.84536933898926,0.6141456365585327,-0.048156607896089554,0.37024563550949097,0.4872663915157318,-0.06582693010568619,0.42129313945770264,3.109776020050049,-0.010633892379701138
3372,63.854392290115356,0.6141456365585327,-0.048156607896089554,0.37024563550949097,0.48264554142951965,-0.08418549597263336,0.4421283006668091,3.1072041988372803,-0.010230500251054764
3373,63.87902855873108,0.6141456365585327,-0.048156607896089554,0.37024563550949097,0.4813287556171417,-0.10669196397066116,0.45245182514190674,3.1046266555786133,-0.01038071233779192
3374,63.888718605041504,0.6141456365585327,-0.048156607896089554,0.37024563550949097,0.4822850823402405,-0.1307598501443863,0.4630340337753296,3.1016035079956055,-0.011230358853936195
3375,63.91417574882507,0.6141456365585327,-0.048156607896089554,0.37024563550949097,0.4845467507839203,-0.1538681983947754,0.4866214990615845,3.097029447555542,-0.01155920047312975
3376,63.92369627952576,0.6141456365585327,-0.048156607896089554,0.37024563550949097,0.4892922043800354,-0.17554894089698792,0.5128471851348877,3.0903608798980713,-0.010190348140895367
3377,63.94798803329468,0.6141456365585327,-0.048156607896089554,0.37024563550949097,0.49669864773750305,-0.1981954574584961,0.5527909398078918,3.0821609497070312,-0.006236248183995485
3378,63.957289934158325,0.6141456365585327,-0.048156607896089554,0.37024563550949097,0.505820095539093,-0.22465729713439941,0.6185770034790039,3.0750672817230225,0.0017106819432228804
3379,63.981035470962524,0.6141456365585327,-0.048156607896089554,0.37024563550949097,0.5175374150276184,-0.2572201192378998,0.6666213274002075,3.073415517807007,0.014088076539337635
3380,63.99028205871582,0.6141456365585327,-0.048156607896089554,0.37024563550949097,0.5537858009338379,-0.2711012065410614,0.35437822341918945,3.0732791423797607,0.018427075818181038
3381,64.01442766189575,0.6141456365585327,-0.048156607896089554,0.37024563550949097,0.5606765151023865,-0.2903822064399719,0.30828380584716797,3.078714609146118,0.017546290531754494
3382,64.02365064620972,0.6141456365585327,-0.048156607896089554,0.37024563550949097,0.5642951726913452,-0.2883848547935486,0.2699070870876312,3.0905699729919434,0.02042696438729763
3383,64.04771018028259,0.6141456365585327,-0.048156607896089554,0.37024563550949097,0.5537074208259583,-0.24662841856479645,0.2811036705970764,3.097180128097534,0.024036135524511337
3384,64.05723857879639,0.6141456365585327,-0.048156607896089554,0.37024563550949097,0.5280698537826538,-0.18710628151893616,0.4356977939605713,3.0911402702331543,0.024173244833946228
3385,64.08144450187683,0.6141456365585327,-0.048156607896089554,0.37024563550949097,0.5126169919967651,-0.14625920355319977,0.4605826139450073,3.079035520553589,0.020673807710409164
3386,64.09069013595581,0.6141456365585327,-0.048156607896089554,0.37024563550949097,0.5098196864128113,-0.11666099727153778,0.48378467559814453,3.066744089126587,0.016405094414949417
3387,64.11488771438599,0.6141456365585327,-0.048156607896089554,0.37024563550949097,0.5164340734481812,-0.09287286549806595,0.5211409330368042,3.056668281555176,0.012556368485093117
3388,64.1244478225708,0.6141456365585327,-0.048156607896089554,0.37024563550949097,0.5290639996528625,-0.07266408950090408,0.5709882378578186,3.0498244762420654,0.009350335225462914
3389,64.14922642707825,0.6141456365585327,-0.048156607896089554,0.37024563550949097,0.5465521812438965,-0.05588029697537422,0.6266724467277527,3.047152042388916,0.0067179822362959385
3390,64.15875840187073,0.6141456365585327,-0.048156607896089554,0.37024563550949097,0.568612813949585,-0.04068465530872345,0.6682475209236145,3.0493946075439453,0.003997027408331633
3391,64.18414568901062,0.6141456365585327,-0.048156607896089554,0.37024563550949097,0.5922703146934509,-0.022794390097260475,0.6626922488212585,3.0563600063323975,0.0005258136079646647
3392,64.19327592849731,0.6141456365585327,-0.048156607896089554,0.37024563550949097,0.614863395690918,0.001711960299871862,0.6132887005805969,3.066746950149536,-0.0039083524607121944
3393,64.21792459487915,0.6141456365585327,-0.048156607896089554,0.37024563550949097,0.6356345415115356,0.02997472509741783,0.5883045792579651,3.077873706817627,-0.00899495929479599
3394,64.22841429710388,0.6141456365585327,-0.048156607896089554,0.37024563550949097,0.6561437845230103,0.05094388872385025,0.6319657564163208,3.087407350540161,-0.013618857599794865
3395,64.25360131263733,0.6141456365585327,-0.048156607896089554,0.37024563550949097,0.6791718602180481,0.06261079013347626,0.6725069284439087,3.0950262546539307,-0.01592029072344303
3396,64.26329207420349,-0.052423469722270966,-0.1778138130903244,-0.3848505914211273,0.7037642002105713,0.07551665604114532,0.706805408000946,3.097428321838379,-0.012717323377728462
3397,64.28914046287537,-0.052423469722270966,-0.1778138130903244,-0.3848505914211273,0.6313733458518982,0.09489262104034424,0.08092544972896576,3.0948100090026855,-0.007370279636234045
3398,64.29830622673035,-0.052423469722270966,-0.1778138130903244,-0.3848505914211273,0.5121025443077087,0.016592124477028847,0.1033109575510025,3.09022855758667,1.29304808069719e-05
3399,64.32395434379578,-0.052423469722270966,-0.1778138130903244,-0.3848505914211273,0.4076559841632843,-0.04653004929423332,0.10525545477867126,3.099865198135376,0.024371318519115448
3400,64.33291125297546,-0.052423469722270966,-0.1778138130903244,-0.3848505914211273,0.3837665021419525,-0.0687204897403717,0.034768689423799515,3.1121740341186523,0.0465511791408062
3401,64.35744762420654,-0.052423469722270966,-0.1778138130903244,-0.3848505914211273,0.3886834979057312,-0.06781991571187973,0.007098244037479162,3.1139473915100098,0.058286070823669434
3402,64.36700439453125,-0.052423469722270966,-0.1778138130903244,-0.3848505914211273,0.38205334544181824,-0.06233016029000282,0.08275721967220306,3.1072866916656494,0.06749227643013
3403,64.39120244979858,-0.052423469722270966,-0.1778138130903244,-0.3848505914211273,0.3687583804130554,-0.06220622733235359,0.1804899126291275,3.098386526107788,0.0800604447722435
3404,64.40081596374512,-0.052423469722270966,-0.1778138130903244,-0.3848505914211273,0.3566877245903015,-0.07099379599094391,0.25831833481788635,3.090805768966675,0.09387580305337906
3405,64.4263424873352,-0.052423469722270966,-0.1778138130903244,-0.3848505914211273,0.34549206495285034,-0.08564159274101257,0.314430296421051,3.086766481399536,0.1062028706073761
3406,64.43620991706848,-0.052423469722270966,-0.1778138130903244,-0.3848505914211273,0.3344922661781311,-0.10058803111314774,0.3638574779033661,3.0864195823669434,0.11631203442811966
3407,64.461261510849,-0.052423469722270966,-0.1778138130903244,-0.3848505914211273,0.32315826416015625,-0.11357211321592331,0.4012717604637146,3.087862014770508,0.12446919828653336
3408,64.4702582359314,-0.052423469722270966,-0.1778138130903244,-0.3848505914211273,0.3113662898540497,-0.12530764937400818,0.424344539642334,3.088409185409546,0.13126012682914734
3409,64.49543809890747,-0.052423469722270966,-0.1778138130903244,-0.3848505914211273,0.3009321689605713,-0.13870374858379364,0.441150426864624,3.08654522895813,0.13721178472042084
3410,64.50474977493286,-0.052423469722270966,-0.1778138130903244,-0.3848505914211273,0.29324913024902344,-0.1552177369594574,0.45534512400627136,3.082608938217163,0.14300623536109924
3411,64.53135776519775,-0.052423469722270966,-0.1778138130903244,-0.3848505914211273,0.28882676362991333,-0.17645670473575592,0.46557435393333435,3.078465461730957,0.14991793036460876
3412,64.54088401794434,-0.052423469722270966,-0.1778138130903244,-0.3848505914211273,0.2887710630893707,-0.20485632121562958,0.4749457538127899,3.077202558517456,0.15931494534015656
3413,64.5661199092865,-0.052423469722270966,-0.1778138130903244,-0.3848505914211273,0.29295867681503296,-0.2383660525083542,0.46155846118927,3.082078695297241,0.17159192264080048
3414,64.57941961288452,-0.052423469722270966,-0.1778138130903244,-0.3848505914211273,0.2944810688495636,-0.2687303423881531,0.4309968650341034,3.0948305130004883,0.1866750866174698
3415,64.60644745826721,-0.052423469722270966,-0.1778138130903244,-0.3848505914211273,0.2821447551250458,-0.29083478450775146,0.35488736629486084,3.1162941455841064,0.20403222739696503
3416,64.61727356910706,-0.052423469722270966,-0.1778138130903244,-0.3848505914211273,0.2831838130950928,-0.272039532661438,0.17156170308589935,3.1406123638153076,0.21825675666332245
3417,64.64339518547058,-0.052423469722270966,-0.1778138130903244,-0.3848505914211273,0.25465652346611023,-0.2151259034872055,0.012942921370267868,-3.140204668045044,0.20942318439483643
3418,64.65270519256592,-0.052423469722270966,-0.1778138130903244,-0.3848505914211273,0.19890789687633514,-0.172441765666008,-0.04279790073633194,3.1274821758270264,0.1909073144197464
3419,64.67800235748291,-0.052423469722270966,-0.1778138130903244,-0.3848505914211273,0.13690052926540375,-0.14029748737812042,-0.01132291927933693,3.105724811553955,0.17666803300380707
3420,64.68750095367432,-0.052423469722270966,-0.1778138130903244,-0.3848505914211273,0.08940234780311584,-0.1157151311635971,0.05951840803027153,3.0852959156036377,0.1672869175672531
3421,64.71326875686646,-0.052423469722270966,-0.1778138130903244,-0.3848505914211273,0.0517183281481266,-0.09524499624967575,0.12379343062639236,3.0690743923187256,0.1592748910188675
3422,64.72274827957153,-0.052423469722270966,-0.1778138130903244,-0.3848505914211273,0.014727460220456123,-0.07740075141191483,0.15268076956272125,3.057436466217041,0.15241195261478424
3423,64.74967789649963,-0.052423469722270966,-0.1778138130903244,-0.3848505914211273,-0.022069081664085388,-0.06433285027742386,0.13221296668052673,3.050776958465576,0.14801637828350067
3424,64.75977826118469,-0.052423469722270966,-0.1778138130903244,-0.3848505914211273,-0.05635714530944824,-0.05434693396091461,0.07151620835065842,3.0486702919006348,0.1460501104593277
3425,64.78620266914368,-0.052423469722270966,-0.1778138130903244,-0.3848505914211273,-0.08800026774406433,-0.045903172343969345,-0.02052525244653225,3.0495786666870117,0.14539183676242828
3426,64.79715895652771,-0.052423469722270966,-0.1778138130903244,-0.3848505914211273,-0.11765577644109726,-0.03746391087770462,-0.1357937902212143,3.051894187927246,0.14473716914653778
3427,64.82190179824829,-0.052423469722270966,-0.1778138130903244,-0.3848505914211273,-0.14827832579612732,-0.028025055304169655,-0.28719791769981384,3.054532527923584,0.1435493528842926
3428,64.83189034461975,-0.052423469722270966,-0.1778138130903244,-0.3848505914211273,-0.1797846406698227,-0.016686884686350822,-0.4333887994289398,3.056478261947632,0.14222286641597748
3429,64.85691952705383,-0.052423469722270966,-0.1778138130903244,-0.3848505914211273,-0.20462146401405334,-0.001693220343440771,-0.5285758972167969,3.055691957473755,0.13919544219970703
3430,64.8668954372406,-0.052423469722270966,-0.1778138130903244,-0.3848505914211273,-0.22495685517787933,0.016332365572452545,-0.5799533128738403,3.0499818325042725,0.1315975934267044
3431,64.89174365997314,-0.052423469722270966,-0.1778138130903244,-0.3848505914211273,-0.231134295463562,0.011633742600679398,-0.4038828909397125,3.039003372192383,0.1127849891781807
3432,64.90124797821045,-0.052423469722270966,-0.1778138130903244,-0.3848505914211273,-0.21560880541801453,-0.026605432853102684,-0.4182523787021637,3.0405960083007812,0.07744552195072174
3433,64.92631554603577,-0.052423469722270966,-0.1778138130903244,-0.3848505914211273,-0.2080375850200653,-0.05482804402709007,-0.37513256072998047,3.044172525405884,0.05282733216881752
3434,64.9359142780304,-0.052423469722270966,-0.1778138130903244,-0.3848505914211273,-0.17413297295570374,-0.079277902841568,-0.11060134321451187,3.0465667247772217,0.04143795743584633
3435,64.96063947677612,-0.052423469722270966,-0.1778138130903244,-0.3848505914211273,-0.13788282871246338,-0.10649403929710388,0.08570772409439087,3.0498909950256348,0.03640690818428993
3436,64.97009134292603,-0.052423469722270966,-0.1778138130903244,-0.3848505914211273,-0.11944771558046341,-0.13772770762443542,0.07285444438457489,3.0591139793395996,0.03405623510479927
3437,64.99432253837585,-0.052423469722270966,-0.1778138130903244,-0.3848505914211273,-0.11445094645023346,-0.16420243680477142,-0.06228024512529373,3.0732719898223877,0.0348539724946022
3438,65.00330972671509,-0.052423469722270966,-0.1778138130903244,-0.3848505914211273,-0.11070185154676437,-0.1807570606470108,-0.17916998267173767,3.086256742477417,0.03785737603902817
3439,65.02820682525635,-0.052423469722270966,-0.1778138130903244,-0.3848505914211273,-0.10423381626605988,-0.19231615960597992,-0.20919747650623322,3.0929527282714844,0.041961878538131714
3440,65.0383677482605,-0.052423469722270966,-0.1778138130903244,-0.3848505914211273,-0.0948583111166954,-0.20739063620567322,-0.19758950173854828,3.0935146808624268,0.04663221538066864
3441,65.06334471702576,-0.052423469722270966,-0.1778138130903244,-0.3848505914211273,-0.08189719170331955,-0.22879207134246826,-0.1847352385520935,3.090712547302246,0.05030312016606331
3442,65.0729968547821,-0.052423469722270966,-0.1778138130903244,-0.3848505914211273,-0.06756290793418884,-0.25387102365493774,-0.19052964448928833,3.0858113765716553,0.05130334571003914
3443,65.09722352027893,-0.052423469722270966,-0.1778138130903244,-0.3848505914211273,-0.05534525215625763,-0.27960145473480225,-0.20673076808452606,3.078847885131836,0.04978747293353081
3444,65.10656905174255,-0.052423469722270966,-0.1778138130903244,-0.3848505914211273,-0.04530002549290657,-0.3058384954929352,-0.22742681205272675,3.0709195137023926,0.04754498228430748
3445,65.13198471069336,-0.052423469722270966,-0.1778138130903244,-0.3848505914211273,-0.03551112115383148,-0.33444470167160034,-0.2517445683479309,3.0645716190338135,0.04603004828095436
3446,65.14102101325989,-0.052423469722270966,-0.1778138130903244,-0.3848505914211273,-0.02682662382721901,-0.36433106660842896,-0.28783196210861206,3.062293291091919,0.04579181596636772
3447,65.16507506370544,-0.052423469722270966,-0.1778138130903244,-0.3848505914211273,-0.00256775738671422,-0.380748987197876,-0.39207932353019714,3.0634257793426514,0.04539576545357704
3448,65.1747784614563,-0.052423469722270966,-0.1778138130903244,-0.3848505914211273,0.020469140261411667,-0.3785223662853241,-0.4183048605918884,3.0608084201812744,0.03588702902197838
3449,65.19939875602722,-0.052423469722270966,-0.1778138130903244,-0.3848505914211273,0.027574600651860237,-0.3639340102672577,-0.44511649012565613,3.056680679321289,0.025438113138079643
3450,65.20966100692749,-0.052423469722270966,-0.1778138130903244,-0.3848505914211273,0.024893663823604584,-0.32032719254493713,-0.40366238355636597,3.0491440296173096,0.016310354694724083
3451,65.23450040817261,-0.052423469722270966,-0.1778138130903244,-0.3848505914211273,0.01141650415956974,-0.2717434763908386,-0.38943636417388916,3.0385305881500244,0.009233446791768074
3452,65.24544668197632,-0.052423469722270966,-0.1778138130903244,-0.3848505914211273,0.0013860142789781094,-0.23577731847763062,-0.39570850133895874,3.0289371013641357,0.005057954229414463
3453,65.27288842201233,-0.052423469722270966,-0.1778138130903244,-0.3848505914211273,-0.003241246100515127,-0.20943321287631989,-0.3950732350349426,3.0223841667175293,0.0037964635994285345
3454,65.28430151939392,-0.052423469722270966,-0.1778138130903244,-0.3848505914211273,-0.004417473915964365,-0.18843993544578552,-0.3831034302711487,3.019113302230835,0.004705974832177162
3455,65.30869793891907,-0.052423469722270966,-0.1778138130903244,-0.3848505914211273,-0.004245971329510212,-0.1713220328092575,-0.36693328619003296,3.018740177154541,0.00718148797750473
3456,65.31787109375,-0.052423469722270966,-0.1778138130903244,-0.3848505914211273,-0.003755839541554451,-0.15655769407749176,-0.36009302735328674,3.0207746028900146,0.01074372697621584
3457,65.34293150901794,-0.052423469722270966,-0.1778138130903244,-0.3848505914211273,-0.002879011444747448,-0.14250804483890533,-0.3680779039859772,3.0249722003936768,0.01461524236947298
3458,65.35181403160095,-0.052423469722270966,-0.1778138130903244,-0.3848505914211273,-0.0015772772021591663,-0.12846404314041138,-0.38377517461776733,3.031433582305908,0.017702793702483177
3459,65.37560439109802,-0.052423469722270966,-0.1778138130903244,-0.3848505914211273,7.998896762728691e-06,-0.11217527836561203,-0.39939144253730774,3.0394866466522217,0.019012045115232468
3460,65.38444519042969,-0.052423469722270966,-0.1778138130903244,-0.3848505914211273,0.00046586128883063793,-0.09300702810287476,-0.40671247243881226,3.0476601123809814,0.01836482435464859
3461,65.4080548286438,-0.052423469722270966,-0.1778138130903244,-0.3848505914211273,-0.0013104393146932125,-0.07311662286520004,-0.4088110327720642,3.0549848079681396,0.016699867323040962
3462,65.41670489311218,-0.052423469722270966,-0.1778138130903244,-0.3848505914211273,-0.005453717429190874,-0.05432147905230522,-0.41589227318763733,3.0615439414978027,0.015488219447433949
3463,65.4414165019989,-0.052423469722270966,-0.1778138130903244,-0.3848505914211273,-0.010679574683308601,-0.0357971228659153,-0.4359326958656311,3.0673398971557617,0.0156099246814847
3464,65.45063853263855,-0.052423469722270966,-0.1778138130903244,-0.3848505914211273,-0.015143335796892643,-0.015787605196237564,-0.46775275468826294,3.07098126411438,0.016733648255467415
3465,65.4748260974884,-0.052423469722270966,-0.1778138130903244,-0.3848505914211273,-0.01632249355316162,0.003878476098179817,-0.5158133506774902,3.0708351135253906,0.017169054597616196
3466,65.4837498664856,-0.052423469722270966,-0.1778138130903244,-0.3848505914211273,-0.014618202112615108,0.0020074574276804924,-0.22623911499977112,3.0688271522521973,0.008052513003349304
3467,65.50818657875061,-0.052423469722270966,-0.1778138130903244,-0.3848505914211273,-0.02453235536813736,-0.010405441746115685,-0.31508302688598633,3.06890606880188,-0.010641518980264664
3468,65.51771235466003,-0.052423469722270966,-0.1778138130903244,-0.3848505914211273,-0.0342424251139164,-0.028602957725524902,-0.4080238342285156,3.063896656036377,-0.02866656333208084
3469,65.54282402992249,-0.052423469722270966,-0.1778138130903244,-0.3848505914211273,-0.04419327527284622,-0.060313332825899124,-0.42586690187454224,3.060930013656616,-0.043058235198259354
3470,65.55194520950317,-0.052423469722270966,-0.1778138130903244,-0.3848505914211273,-0.06020687520503998,-0.09953277558088303,-0.35569509863853455,3.0648324489593506,-0.04717216640710831
3471,65.57617425918579,-0.052423469722270966,-0.1778138130903244,-0.3848505914211273,-0.07361156493425369,-0.1375747174024582,-0.3992587924003601,3.0737433433532715,-0.04242764785885811
3472,65.58539748191833,-0.052423469722270966,-0.1778138130903244,-0.3848505914211273,-0.07740523666143417,-0.1746375858783722,-0.43796679377555847,3.0836658477783203,-0.03558206558227539
3473,65.61220192909241,-0.052423469722270966,-0.1778138130903244,-0.3848505914211273,-0.07860494405031204,-0.2103271335363388,-0.44736725091934204,3.09065318107605,-0.03029176965355873
3474,65.62135553359985,-0.052423469722270966,-0.1778138130903244,-0.3848505914211273,-0.08005086332559586,-0.24431146681308746,-0.42843863368034363,3.0931739807128906,-0.025960586965084076
3475,65.64549374580383,-0.052423469722270966,-0.1778138130903244,-0.3848505914211273,-0.08069300651550293,-0.27490100264549255,-0.40283215045928955,3.093130350112915,-0.022260500118136406
3476,65.65455341339111,-0.052423469722270966,-0.1778138130903244,-0.3848505914211273,-0.08258066326379776,-0.3007699251174927,-0.4100566506385803,3.0945632457733154,-0.01897791400551796
3477,65.67904424667358,-0.052423469722270966,-0.1778138130903244,-0.3848505914211273,-0.06325268000364304,-0.3153991103172302,-0.44107818603515625,3.099215030670166,-0.018626714125275612
3478,65.68816137313843,-0.052423469722270966,-0.1778138130903244,-0.3848505914211273,-0.05694706737995148,-0.3027915954589844,-0.3698931932449341,3.099606990814209,-0.025337236002087593
3479,65.71206736564636,-0.052423469722270966,-0.1778138130903244,-0.3848505914211273,-0.05764463171362877,-0.29022395610809326,-0.2894834280014038,3.098325490951538,-0.027460355311632156
3480,65.72128486633301,-0.052423469722270966,-0.1778138130903244,-0.3848505914211273,-0.053536247462034225,-0.28075945377349854,-0.22754836082458496,3.096379041671753,-0.025978082790970802
3481,65.74617028236389,-0.052423469722270966,-0.1778138130903244,-0.3848505914211273,-0.0450565479695797,-0.27002042531967163,-0.19125381112098694,3.0940709114074707,-0.024707211181521416
3482,65.76024174690247,-0.052423469722270966,-0.1778138130903244,-0.3848505914211273,-0.03600461781024933,-0.24608713388442993,-0.2316855788230896,3.0919058322906494,-0.02489238977432251
3483,65.79139924049377,-0.052423469722270966,-0.1778138130903244,-0.3848505914211273,-0.03203856945037842,-0.21006862819194794,-0.36658790707588196,3.0884017944335938,-0.025440776720643044
3484,65.80031156539917,-0.052423469722270966,-0.1778138130903244,-0.3848505914211273,-0.028044799342751503,-0.1764512062072754,-0.3985477685928345,3.082077980041504,-0.025682685896754265
3485,65.8240258693695,-0.052423469722270966,-0.1778138130903244,-0.3848505914211273,-0.02410239540040493,-0.14859162271022797,-0.3764040470123291,3.07435941696167,-0.02468131296336651
3486,65.83278369903564,-0.052423469722270966,-0.1778138130903244,-0.3848505914211273,-0.01980152167379856,-0.12622198462486267,-0.34490180015563965,3.0673725605010986,-0.021787220612168312
3487,65.85767865180969,-0.052423469722270966,-0.1778138130903244,-0.3848505914211273,-0.015175559557974339,-0.10891776531934738,-0.31763893365859985,3.061838388442993,-0.0167935099452734
3488,65.86742615699768,-0.052423469722270966,-0.1778138130903244,-0.3848505914211273,-0.009783163666725159,-0.09586445987224579,-0.28975144028663635,3.057847023010254,-0.01001438032835722
3489,65.892893075943,-0.052423469722270966,-0.1778138130903244,-0.3848505914211273,-0.0034576754551380873,-0.08515282720327377,-0.2680782377719879,3.0558316707611084,-0.0024077470880001783
3490,65.90260720252991,-0.052423469722270966,-0.1778138130903244,-0.3848505914211273,0.0042936792597174644,-0.07481338828802109,-0.2580203413963318,3.056135416030884,0.004558253102004528
3491,65.93040752410889,-0.052423469722270966,-0.1778138130903244,-0.3848505914211273,0.01356470212340355,-0.06216373294591904,-0.253938227891922,3.058199882507324,0.009569115936756134
3492,65.93994736671448,-0.052423469722270966,-0.1778138130903244,-0.3848505914211273,0.02311623841524124,-0.04669243469834328,-0.23942020535469055,3.0610992908477783,0.012158647179603577
3493,65.96583080291748,-0.052423469722270966,-0.1778138130903244,-0.3848505914211273,0.03135696426033974,-0.02959522046148777,-0.21413302421569824,3.064518928527832,0.012999861501157284
3494,65.97557067871094,-0.052423469722270966,-0.1778138130903244,-0.3848505914211273,0.03754222393035889,-0.013105022720992565,-0.18558931350708008,3.068965435028076,0.01355192344635725
3495,66.00030732154846,-0.052423469722270966,-0.1778138130903244,-0.3848505914211273,0.04199860990047455,0.001623205840587616,-0.1650865077972412,3.075100898742676,0.015284387394785881
3496,66.00930333137512,-0.052423469722270966,-0.1778138130903244,-0.3848505914211273,0.046531613916158676,0.015510158613324165,-0.17369472980499268,3.082695245742798,0.018843546509742737
3497,66.03541398048401,-0.052423469722270966,-0.1778138130903244,-0.3848505914211273,0.053451988846063614,0.02995283342897892,-0.2316385805606842,3.089860677719116,0.023607222363352776
3498,66.04504299163818,-0.052423469722270966,-0.1778138130903244,-0.3848505914211273,0.06475242227315903,0.044829655438661575,-0.34412363171577454,3.0937488079071045,0.027857832610607147
3499,66.06941938400269,-0.052423469722270966,-0.1778138130903244,-0.3848505914211273,0.06947905570268631,0.045545171946287155,-0.18043991923332214,3.0938332080841064,0.024633297696709633
3500,66.07831072807312,-0.052423469722270966,-0.1778138130903244,-0.3848505914211273,0.05305466428399086,0.022147195413708687,-0.23069564998149872,3.097834825515747,0.015230848453938961
