t_step,wall_time_s,cmd_vx,cmd_vy,cmd_wz,act_vx,act_vy,act_wz,roll,pitch
0,0.030080556869506836,0.5667065382003784,0.0,0.0,-0.059673696756362915,0.018824409693479538,0.2870475947856903,-3.137068033218384,-0.0030381004326045513
1,0.2581009864807129,0.5667065382003784,0.0,0.0,-0.05375422164797783,0.013164089061319828,0.11016161739826202,-3.1260480880737305,-0.022428330034017563
2,0.2928450107574463,0.5667065382003784,0.0,0.0,-0.05251684784889221,0.0076215541921556,0.027935417369008064,-3.11429762840271,-0.0442078560590744
3,0.3377368450164795,0.5667065382003784,0.0,0.0,-0.045295365154743195,0.0024978399742394686,0.08522071689367294,-3.106045722961426,-0.06222696974873543
4,0.3537712097167969,0.5667065382003784,0.0,0.0,-0.0330500453710556,-0.0012026075273752213,0.2199370563030243,-3.101416826248169,-0.07604479789733887
5,0.40028882026672363,0.5667065382003784,0.0,0.0,-0.010152297094464302,-0.006241712719202042,0.36661088466644287,-3.0993549823760986,-0.08729079365730286
6,0.4148733615875244,0.5667065382003784,0.0,0.0,0.00789037998765707,-0.00730995275080204,0.4860079288482666,-3.1014788150787354,-0.09597528725862503
7,0.5377233028411865,0.5667065382003784,0.0,0.0,0.018203558400273323,-0.005519937723875046,0.550140380859375,-3.106248617172241,-0.09627386182546616
8,0.5501120090484619,0.5667065382003784,0.0,0.0,0.011511897668242455,0.0001310240477323532,0.4823232591152191,-3.114093065261841,-0.0827680379152298
9,0.5854978561401367,0.5667065382003784,0.0,0.0,-0.056588903069496155,0.009430142119526863,0.4426131546497345,-3.123075485229492,-0.046503566205501556
10,0.6018803119659424,0.5667065382003784,0.0,0.0,0.007759586442261934,-0.13273806869983673,-0.10090626031160355,-3.1034436225891113,-0.004734555725008249
11,0.6355528831481934,0.5667065382003784,0.0,0.0,-0.019607029855251312,-0.07326348125934601,-0.09660009294748306,-3.0628108978271484,-0.0038963635452091694
12,0.6545343399047852,0.5667065382003784,0.0,0.0,-0.038695402443408966,-0.00041281606536358595,-0.04264432564377785,-3.0511133670806885,-0.0029672689270228148
13,0.684819221496582,0.5667065382003784,0.0,0.0,-0.04543686658143997,0.0393429733812809,-0.014252807945013046,-3.045508861541748,-0.006622543558478355
14,0.6978452205657959,0.5667065382003784,0.0,0.0,-0.05679403990507126,0.06359274685382843,-0.16482681035995483,-3.0379858016967773,-0.013320834375917912
15,0.7343356609344482,0.5667065382003784,0.0,0.0,-0.07323873043060303,0.06545610725879669,-0.3697012662887573,-3.0261056423187256,-0.018558762967586517
16,0.7473955154418945,0.5667065382003784,0.0,0.0,-0.09328097850084305,0.05818348005414009,-0.47599276900291443,-3.0103890895843506,-0.01726129651069641
17,0.7780237197875977,0.5667065382003784,0.0,0.0,-0.10260440409183502,0.04730992019176483,-0.5973174571990967,-2.994140148162842,-0.0099732531234622
18,0.7922039031982422,0.5667065382003784,0.0,0.0,-0.08043985068798065,0.03021637350320816,-0.5336270332336426,-2.979818344116211,-0.00299523351714015
19,0.8227865695953369,0.5667065382003784,0.0,0.0,-0.01953323557972908,0.015882156789302826,-0.092440165579319,-2.9721484184265137,-0.0014543726574629545
20,0.8378515243530273,0.5667065382003784,0.0,0.0,0.04117327556014061,-0.0008677557343617082,0.2566626965999603,-2.9758453369140625,-0.009236933663487434
21,0.8668496608734131,0.5667065382003784,0.0,0.0,0.07527784258127213,-0.02446291223168373,0.19324630498886108,-2.985836982727051,-0.02514926716685295
22,0.8792638778686523,0.5667065382003784,0.0,0.0,0.09834446012973785,-0.05372893065214157,-0.030514221638441086,-2.9930710792541504,-0.044485632330179214
23,0.907508373260498,0.5667065382003784,0.0,0.0,0.10986809432506561,-0.0763598382472992,-0.16002599895000458,-2.993985891342163,-0.06203668564558029
24,0.9203004837036133,0.5667065382003784,0.0,0.0,0.13683448731899261,-0.0758090689778328,-0.12675347924232483,-2.995734930038452,-0.07502875477075577
25,0.9492921829223633,0.5667065382003784,0.0,0.0,0.16537193953990936,-0.07279271632432938,-0.0722820982336998,-3.000918388366699,-0.08741385489702225
26,0.9657399654388428,0.5667065382003784,0.0,0.0,0.18828803300857544,-0.0722489207983017,-0.005517152603715658,-3.0081310272216797,-0.09860017150640488
27,0.9992058277130127,0.5667065382003784,0.0,0.0,0.2154625952243805,-0.07651983201503754,0.011865734122693539,-3.0126500129699707,-0.10813991725444794
28,1.0116360187530518,0.5667065382003784,0.0,0.0,0.24170301854610443,-0.0789204090833664,0.02366137132048607,-3.0128443241119385,-0.11838176846504211
29,1.0399904251098633,0.5667065382003784,0.0,0.0,0.267311155796051,-0.07395201921463013,0.03993963822722435,-3.0118162631988525,-0.127244770526886
30,1.0583040714263916,0.5667065382003784,0.0,0.0,0.2973644733428955,-0.06776022911071777,0.03539372980594635,-3.01155948638916,-0.13471873104572296
31,1.0911521911621094,0.5667065382003784,0.0,0.0,0.32882601022720337,-0.05743594095110893,-0.013855795376002789,-3.0124588012695312,-0.14204661548137665
32,1.1020548343658447,0.5667065382003784,0.0,0.0,0.3571735620498657,-0.03653779253363609,-0.030431583523750305,-3.0161237716674805,-0.1478893756866455
33,1.1341001987457275,0.5667065382003784,0.0,0.0,0.39338418841362,-0.0029027853161096573,0.07957439124584198,-3.0232110023498535,-0.15401260554790497
34,1.1463308334350586,0.5667065382003784,0.0,0.0,0.44158971309661865,0.025258075445890427,0.22990143299102783,-3.029585599899292,-0.16688986122608185
35,1.1746540069580078,0.5667065382003784,0.0,0.0,0.48963412642478943,0.042038463056087494,0.469432532787323,-3.0334725379943848,-0.1828496903181076
36,1.1856284141540527,0.5667065382003784,0.0,0.0,0.5251984000205994,0.052956804633140564,0.7135471105575562,-3.0356414318084717,-0.19411878287792206
37,1.2188587188720703,0.5667065382003784,0.0,0.0,0.5555885434150696,0.05015309154987335,0.9341405630111694,-3.034937620162964,-0.19654032588005066
38,1.232572078704834,0.5667065382003784,0.0,0.0,0.5807861685752869,0.0375482551753521,1.036531686782837,-3.0351457595825195,-0.18858060240745544
39,1.2685952186584473,0.5667065382003784,0.0,0.0,0.5857844948768616,0.0329509861767292,0.6163844466209412,-3.044574499130249,-0.1754881739616394
40,1.28745698928833,0.5667065382003784,0.0,0.0,0.5713772177696228,0.006775255315005779,0.40288224816322327,-3.050950765609741,-0.17429693043231964
41,1.3219921588897705,0.5667065382003784,0.0,0.0,0.5220959186553955,-0.036385759711265564,-0.053117163479328156,-3.054466485977173,-0.16746236383914948
42,1.3328115940093994,0.5667065382003784,0.0,0.0,0.4670585095882416,-0.07271668314933777,-0.1670556366443634,-3.054788112640381,-0.15176835656166077
43,1.367957592010498,0.5667065382003784,0.0,0.0,0.44114890694618225,-0.09675059467554092,-0.10880997031927109,-3.0516231060028076,-0.12824776768684387
44,1.381077766418457,0.5667065382003784,0.0,0.0,0.44206568598747253,-0.11077465116977692,-0.08311770856380463,-3.0471107959747314,-0.10476469248533249
45,1.4133782386779785,0.5667065382003784,0.0,0.0,0.45159536600112915,-0.12226564437150955,0.054810330271720886,-3.0447709560394287,-0.08354464173316956
46,1.4275667667388916,0.5667065382003784,0.0,0.0,0.4778147339820862,-0.12873710691928864,-0.03271960839629173,-3.0462169647216797,-0.06645316630601883
47,1.4579482078552246,0.5667065382003784,0.0,0.0,0.47599557042121887,-0.11663179099559784,-0.0875902771949768,-3.0542423725128174,-0.06204468384385109
48,1.468726396560669,0.5667065382003784,0.0,0.0,0.46751171350479126,-0.09140882641077042,0.0743916779756546,-3.061154842376709,-0.05108646675944328
49,1.4991085529327393,0.5667065382003784,0.0,0.0,0.4833582043647766,-0.06497860699892044,0.22465656697750092,-3.0647952556610107,-0.03958681970834732
50,1.5132505893707275,0.5667065382003784,0.0,0.0,0.5074269771575928,-0.03941243886947632,0.19377745687961578,-3.064375162124634,-0.0386786088347435
51,1.543332576751709,0.5667065382003784,0.0,0.0,0.5234501361846924,-0.010926994495093822,0.18312153220176697,-3.0648205280303955,-0.0445847250521183
52,1.5554890632629395,0.5667065382003784,0.0,0.0,0.5366367101669312,0.015210149809718132,0.22435469925403595,-3.0679843425750732,-0.04865480586886406
53,1.5865232944488525,0.5667065382003784,0.0,0.0,0.5465768575668335,0.03577837720513344,0.28520268201828003,-3.0730624198913574,-0.04929252713918686
54,1.5973191261291504,0.5667065382003784,0.0,0.0,0.5548272132873535,0.04965126886963844,0.3127405643463135,-3.0810835361480713,-0.04487426578998566
55,1.6610963344573975,0.5667065382003784,0.0,0.0,0.5425767302513123,0.06061964109539986,0.2953277826309204,-3.093348264694214,-0.035188715904951096
56,1.6729614734649658,0.5667065382003784,0.0,0.0,0.5310028195381165,0.059475935995578766,0.2493239790201187,-3.103430986404419,-0.031493574380874634
57,1.7014164924621582,0.5667065382003784,0.0,0.0,0.5001514554023743,0.04326688125729561,0.17475564777851105,-3.109928846359253,-0.0241337139159441
58,1.7138047218322754,0.5667065382003784,0.0,0.0,0.4656529724597931,0.019309690222144127,-0.01504485122859478,-3.1085622310638428,-0.013977882452309132
59,1.7467281818389893,0.5667065382003784,0.0,0.0,0.44279080629348755,0.005595442373305559,-0.09744718670845032,-3.103593349456787,-0.0038870414718985558
60,1.759880781173706,0.5667065382003784,0.0,0.0,0.42927640676498413,-0.0013954469468444586,-0.12043459713459015,-3.100477695465088,0.006326016504317522
61,1.7872567176818848,0.5667065382003784,0.0,0.0,0.42178553342819214,-0.005970374681055546,-0.12023456394672394,-3.100681781768799,0.016330718994140625
62,1.7987220287322998,0.5667065382003784,0.0,0.0,0.41603368520736694,-0.014161000028252602,-0.04591412469744682,-3.1032605171203613,0.026113469153642654
63,1.8308947086334229,0.5667065382003784,0.0,0.0,0.4146064519882202,-0.026749219745397568,-0.05156359821557999,-3.105541467666626,0.03497445955872536
64,1.8440964221954346,0.5667065382003784,0.0,0.0,0.41606730222702026,-0.03886134922504425,-0.02719966135919094,-3.1070847511291504,0.042116738855838776
65,1.8727998733520508,0.5667065382003784,0.0,0.0,0.4265562891960144,-0.04863497614860535,0.03680054098367691,-3.106902599334717,0.04895535111427307
66,1.884101390838623,0.5667065382003784,0.0,0.0,0.44091030955314636,-0.057999853044748306,0.009620759636163712,-3.105438709259033,0.04997992515563965
67,1.914992332458496,0.5667065382003784,0.0,0.0,0.45020896196365356,-0.07152079790830612,-0.05649722367525101,-3.1010074615478516,0.05019265413284302
68,1.929802656173706,0.5667065382003784,0.0,0.0,0.4564240276813507,-0.080276258289814,-0.1875716745853424,-3.096771478652954,0.052929025143384933
69,1.959573745727539,0.5667065382003784,0.0,0.0,0.45950597524642944,-0.07553282380104065,-0.29308727383613586,-3.0971484184265137,0.05881219729781151
70,1.9720606803894043,0.5667065382003784,0.0,0.0,0.45489445328712463,-0.05356677621603012,-0.22556254267692566,-3.1012682914733887,0.06802946329116821
71,2.0022592544555664,0.5667065382003784,0.0,0.0,0.45389267802238464,-0.015850134193897247,-0.0002225153148174286,-3.107745885848999,0.07786276936531067
72,2.0144970417022705,0.5667065382003784,0.0,0.0,0.4678119122982025,0.012993849813938141,0.16407206654548645,-3.11446213722229,0.08017219603061676
73,2.0467116832733154,0.5667065382003784,0.0,0.0,0.48288872838020325,0.03008788637816906,0.15149125456809998,-3.116612672805786,0.0757255032658577
74,2.059114933013916,0.5667065382003784,0.0,0.0,0.4903560280799866,0.04612268507480621,0.10418261587619781,-3.1146535873413086,0.06887336075305939
75,2.0879437923431396,0.5667065382003784,0.0,0.0,0.4871668815612793,0.06361695379018784,0.05291581526398659,-3.1127092838287354,0.06457697600126266
76,2.099430799484253,0.5667065382003784,0.0,0.0,0.43149828910827637,0.10162171721458435,0.07658550888299942,-3.115309238433838,0.06673292070627213
77,2.1315817832946777,0.5667065382003784,0.0,0.0,0.46636268496513367,0.08354531228542328,0.11801004409790039,-3.1172027587890625,0.06278200447559357
78,2.143979549407959,0.5667065382003784,0.0,0.0,0.463448166847229,0.055628273636102676,0.1391131728887558,-3.110166549682617,0.06127937510609627
79,2.1802077293395996,0.5667065382003784,0.0,0.0,0.4621536135673523,0.020882105454802513,-0.029945388436317444,-3.099116563796997,0.060253772884607315
80,2.1957340240478516,0.5667065382003784,0.0,0.0,0.45879504084587097,-0.005907123908400536,-0.10353784263134003,-3.091799259185791,0.05728161707520485
81,2.2234249114990234,0.5667065382003784,0.0,0.0,0.46130943298339844,-0.026123931631445885,-0.10134853422641754,-3.0909693241119385,0.05577575042843819
82,2.2394840717315674,0.5667065382003784,0.0,0.0,0.4710880517959595,-0.036262329667806625,-0.11209113150835037,-3.093855381011963,0.05413151904940605
83,2.2684326171875,0.5667065382003784,0.0,0.0,0.4773674011230469,-0.049985021352767944,-0.06440851092338562,-3.098043918609619,0.05280357226729393
84,2.2863810062408447,0.5667065382003784,0.0,0.0,0.48401567339897156,-0.06867222487926483,-0.04562525823712349,-3.100144624710083,0.05387287586927414
85,2.3160407543182373,0.5667065382003784,0.0,0.0,0.5067267417907715,-0.08379193395376205,-0.12875433266162872,-3.0995731353759766,0.053253211081027985
86,2.3282277584075928,0.5667065382003784,0.0,0.0,0.5057976245880127,-0.08010085672140121,-0.11940230429172516,-3.098339796066284,0.04912896826863289
87,2.357050657272339,0.5667065382003784,0.0,0.0,0.4967552721500397,-0.056661494076251984,0.02909405156970024,-3.0958333015441895,0.053161341696977615
88,2.3710227012634277,0.5667065382003784,0.0,0.0,0.5033237934112549,-0.023724107071757317,0.18659289181232452,-3.096609115600586,0.05683690682053566
89,2.40122127532959,0.5667065382003784,0.0,0.0,0.5220514535903931,0.0028482722118496895,0.25197461247444153,-3.0991342067718506,0.0498574897646904
90,2.4153220653533936,0.5667065382003784,0.0,0.0,0.5375813245773315,0.02188952825963497,0.23050713539123535,-3.10133695602417,0.03825164586305618
91,2.4457316398620605,0.5667065382003784,0.0,0.0,0.5481864809989929,0.04279424995183945,0.22542254626750946,-3.102900743484497,0.028317289426922798
92,2.46136736869812,0.5667065382003784,0.0,0.0,0.5584073066711426,0.06326249986886978,0.23603467643260956,-3.1038501262664795,0.020796189084649086
93,2.489470958709717,0.5667065382003784,0.0,0.0,0.5659973621368408,0.08213745802640915,0.2174704521894455,-3.104883909225464,0.015461274422705173
94,2.5053062438964844,0.5667065382003784,0.0,0.0,0.567021369934082,0.09215567260980606,0.26345527172088623,-3.110968828201294,0.015486840158700943
95,2.533799409866333,0.5667065382003784,0.0,0.0,0.5518298745155334,0.09722239524126053,-0.04128703847527504,-3.1252734661102295,0.020062290132045746
96,2.5490667819976807,0.5667065382003784,0.0,0.0,0.5338999032974243,0.09249180555343628,0.15053343772888184,-3.13175892829895,0.019329199567437172
97,2.578113555908203,0.5667065382003784,0.0,0.0,0.5079860091209412,0.06732924282550812,0.1495257318019867,-3.1268470287323,0.023337434977293015
98,2.5901434421539307,0.5667065382003784,0.0,0.0,0.48948171734809875,0.04362725093960762,0.004436854273080826,-3.1164345741271973,0.02788522280752659
99,2.6247029304504395,0.5667065382003784,0.0,0.0,0.4780236780643463,0.028582122176885605,-0.08345191925764084,-3.1095352172851562,0.030145766213536263
100,2.6400015354156494,0.5667065382003784,0.0,0.0,0.4676174223423004,0.014113251119852066,-0.0934484452009201,-3.108168601989746,0.032782334834337234
101,2.671367645263672,0.5667065382003784,0.0,0.0,0.4639712870121002,0.0018312601605430245,-0.11662475764751434,-3.10882306098938,0.03713303059339523
102,2.690762519836426,0.5667065382003784,0.0,0.0,0.4667153060436249,-0.010729842819273472,-0.041270747780799866,-3.1101763248443604,0.04172623157501221
103,2.718841314315796,0.5667065382003784,0.0,0.0,0.4730163514614105,-0.027482105419039726,-0.003218993777409196,-3.1116061210632324,0.04547009617090225
104,2.7295851707458496,0.5667065382003784,0.0,0.0,0.48059311509132385,-0.041088152676820755,-0.003905035788193345,-3.113057851791382,0.048440806567668915
105,2.755953788757324,0.5667065382003784,0.0,0.0,0.4880411624908447,-0.05325287953019142,0.04487161338329315,-3.114016056060791,0.05267854407429695
106,2.767054319381714,0.5667065382003784,0.0,0.0,0.5068089962005615,-0.056764330714941025,-0.0659509152173996,-3.1135427951812744,0.05461074784398079
107,2.799039602279663,0.5667065382003784,0.0,0.0,0.503779947757721,-0.056766021996736526,-0.0974283441901207,-3.109816074371338,0.05453578755259514
108,2.812565565109253,0.5667065382003784,0.0,0.0,0.49487829208374023,-0.04265501722693443,-0.06185534596443176,-3.1030118465423584,0.06148471310734749
109,2.840728759765625,0.5667065382003784,0.0,0.0,0.4877462089061737,-0.0141498614102602,-0.021608082577586174,-3.1007983684539795,0.06971822679042816
110,2.8538296222686768,0.5667065382003784,0.0,0.0,0.49289950728416443,0.01914522610604763,0.04149715229868889,-3.1053669452667236,0.06958958506584167
111,2.8829681873321533,0.5667065382003784,0.0,0.0,0.5009417533874512,0.04316483065485954,0.0831386148929596,-3.112727165222168,0.05937875434756279
112,2.8975090980529785,0.5667065382003784,0.0,0.0,0.498431533575058,0.06465955823659897,0.21735839545726776,-3.1205241680145264,0.04893672838807106
113,2.9342739582061768,0.5667065382003784,0.0,0.0,0.49569734930992126,0.08014098554849625,0.32569772005081177,-3.1272716522216797,0.04233649745583534
114,2.953565835952759,0.5667065382003784,0.0,0.0,0.49349528551101685,0.09479518234729767,0.32219117879867554,-3.1297502517700195,0.037686631083488464
115,2.989899158477783,0.5667065382003784,0.0,0.0,0.48731350898742676,0.1110592857003212,0.27385932207107544,-3.1300363540649414,0.03622199222445488
116,3.004966974258423,0.5667065382003784,0.0,0.0,0.4639354348182678,0.13414113223552704,0.13713669776916504,-3.1342461109161377,0.03920823708176613
117,3.042086362838745,0.5667065382003784,0.0,0.0,0.45860806107521057,0.1340026557445526,0.16462695598602295,-3.136132001876831,0.03730179741978645
118,3.0567097663879395,0.5667065382003784,0.0,0.0,0.4474167823791504,0.12378693372011185,0.14891549944877625,-3.1357920169830322,0.039627429097890854
119,3.0879318714141846,0.5667065382003784,0.0,0.0,0.433860182762146,0.10029781609773636,0.09684433043003082,-3.1330406665802,0.04552900418639183
120,3.1015195846557617,0.5667065382003784,0.0,0.0,0.4248162806034088,0.07119154930114746,-0.010330263525247574,-3.1272289752960205,0.050189245492219925
121,3.1380064487457275,0.5667065382003784,0.0,0.0,0.41593247652053833,0.047970257699489594,-0.08613515645265579,-3.121427536010742,0.04999654367566109
122,3.149233102798462,0.5667065382003784,0.0,0.0,0.40910980105400085,0.0315195694565773,-0.11240975558757782,-3.1183862686157227,0.048791591078042984
123,3.189275026321411,0.5667065382003784,0.0,0.0,0.40460413694381714,0.016404254361987114,-0.11712241917848587,-3.1175756454467773,0.04859456047415733
124,3.222550392150879,0.5667065382003784,0.0,0.0,0.4043937027454376,0.0019281941931694746,-0.09985607862472534,-3.1175484657287598,0.049881331622600555
125,3.265146255493164,0.5667065382003784,0.0,0.0,0.4106467664241791,-0.014630471356213093,-0.05612308531999588,-3.117412567138672,0.05186976119875908
126,3.2774295806884766,0.5667065382003784,0.0,0.0,0.42076680064201355,-0.03183618187904358,-0.01705712452530861,-3.1161582469940186,0.05298411101102829
127,3.3059961795806885,0.5667065382003784,0.0,0.0,0.43079105019569397,-0.051346324384212494,-0.04341961815953255,-3.114142894744873,0.05337440222501755
128,3.317420482635498,0.5667065382003784,0.0,0.0,0.44330477714538574,-0.07235313206911087,-0.05169392004609108,-3.111518383026123,0.05419516935944557
129,3.347606897354126,0.5667065382003784,0.0,0.0,0.46585196256637573,-0.09489276260137558,-0.033537499606609344,-3.108078956604004,0.054986827075481415
130,3.3617937564849854,0.5667065382003784,0.0,0.0,0.495525985956192,-0.10817644745111465,-0.08030138164758682,-3.1048691272735596,0.05101925507187843
131,3.3907501697540283,0.5667065382003784,0.0,0.0,0.49790841341018677,-0.11456556618213654,-0.05783610790967941,-3.101710081100464,0.0464310459792614
132,3.4049081802368164,0.5667065382003784,0.0,0.0,0.4889642894268036,-0.11377692222595215,-0.07383885979652405,-3.096010684967041,0.051729533821344376
133,3.434344530105591,0.5667065382003784,0.0,0.0,0.4866466224193573,-0.0964287519454956,-0.07880883663892746,-3.0895373821258545,0.06186738237738609
134,3.446887969970703,0.5667065382003784,0.0,0.0,0.4886385500431061,-0.06591819226741791,0.013440143316984177,-3.089585065841675,0.06444734334945679
135,3.479102373123169,0.5667065382003784,0.0,0.0,0.49579405784606934,-0.040465936064720154,0.034443650394678116,-3.0951690673828125,0.056004397571086884
136,3.500455379486084,0.5667065382003784,0.0,0.0,0.5046221613883972,-0.01927017606794834,0.06751246005296707,-3.102058172225952,0.04263895004987717
137,3.530512809753418,0.5667065382003784,0.0,0.0,0.5153809785842896,0.0011103339493274689,0.1117980033159256,-3.107872724533081,0.031379442662000656
138,3.5431101322174072,0.5667065382003784,0.0,0.0,0.527783989906311,0.02076815627515316,0.17552554607391357,-3.112229347229004,0.023417357355356216
139,3.5749781131744385,0.5667065382003784,0.0,0.0,0.5391591787338257,0.037249304354190826,0.24829664826393127,-3.1135170459747314,0.017584145069122314
140,3.5899500846862793,0.5667065382003784,0.0,0.0,0.5460633635520935,0.053017981350421906,0.29683154821395874,-3.112022638320923,0.013835415244102478
141,3.6197681427001953,0.5667065382003784,0.0,0.0,0.5479256510734558,0.06344473361968994,0.3383951485157013,-3.112062692642212,0.01379896979779005
142,3.6309714317321777,0.5667065382003784,0.0,0.0,0.5446605682373047,0.0672173798084259,0.2948184013366699,-3.1172754764556885,0.021219071000814438
143,3.6603057384490967,0.5667065382003784,0.0,0.0,0.5250660181045532,0.08365427702665329,0.07179155200719833,-3.1258316040039062,0.027763042598962784
144,3.672598123550415,0.5667065382003784,0.0,0.0,0.526771068572998,0.07370109856128693,0.18061602115631104,-3.126021385192871,0.026689155027270317
145,3.70149827003479,0.5667065382003784,0.0,0.0,0.507420003414154,0.05665392056107521,0.19175665080547333,-3.1215403079986572,0.031490251421928406
146,3.713858127593994,0.5667065382003784,0.0,0.0,0.4871595799922943,0.03129803389310837,0.0865890383720398,-3.113732099533081,0.03708481788635254
147,3.74290132522583,0.5667065382003784,0.0,0.0,0.46994078159332275,0.010891886427998543,-0.05391903221607208,-3.104743719100952,0.038876473903656006
148,3.755099058151245,0.5667065382003784,0.0,0.0,0.456089586019516,-0.0033254711888730526,-0.12772202491760254,-3.0994160175323486,0.03906494006514549
149,3.7846498489379883,0.5667065382003784,0.0,0.0,0.44426149129867554,-0.019147969782352448,-0.07862460613250732,-3.0973289012908936,0.04026608541607857
150,3.796865940093994,0.5667065382003784,0.0,0.0,0.4390079975128174,-0.03579920530319214,-0.018562017008662224,-3.09488582611084,0.04232592135667801
151,3.826969623565674,0.5667065382003784,0.0,0.0,0.4363812506198883,-0.05324937403202057,-0.03003985993564129,-3.0909059047698975,0.04367605596780777
152,3.8412399291992188,0.5667065382003784,0.0,0.0,0.4350656270980835,-0.07178738713264465,-0.005356821231544018,-3.0864222049713135,0.045293260365724564
153,3.866852283477783,0.5667065382003784,0.0,0.0,0.4386340379714966,-0.09160152077674866,0.027915090322494507,-3.0827033519744873,0.04812692105770111
154,3.88382625579834,0.5667065382003784,0.0,0.0,0.4510449767112732,-0.09267853945493698,-0.020970294252038002,-3.080970525741577,0.04918726161122322
155,3.915419340133667,0.5667065382003784,0.0,0.0,0.4457741677761078,-0.0843777284026146,0.0044478075578808784,-3.080226182937622,0.05230678990483284
156,3.928762674331665,0.5667065382003784,0.0,0.0,0.44179433584213257,-0.0607173889875412,0.015522679314017296,-3.0798556804656982,0.06311552971601486
157,3.9580512046813965,0.5667065382003784,0.0,0.0,0.4532633125782013,-0.027278529480099678,0.06545266509056091,-3.08437442779541,0.0713517889380455
158,3.9712393283843994,0.5667065382003784,0.0,0.0,0.47358939051628113,-0.0005108360783196986,0.09248760342597961,-3.0909159183502197,0.06735426932573318
159,4.003614187240601,0.5667065382003784,0.0,0.0,0.48981645703315735,0.02054033800959587,0.09339962154626846,-3.09547758102417,0.05557503551244736
160,4.01828145980835,0.5667065382003784,0.0,0.0,0.49829548597335815,0.0429622121155262,0.1278754025697708,-3.098686456680298,0.04426911845803261
161,4.056102275848389,0.5667065382003784,0.0,0.0,0.5078932046890259,0.06383485347032547,0.16755978763103485,-3.1015849113464355,0.03674224391579628
162,4.070995569229126,0.5667065382003784,0.0,0.0,0.5168609619140625,0.08419670909643173,0.1904076784849167,-3.1049907207489014,0.031746070832014084
163,4.103843450546265,0.5667065382003784,0.0,0.0,0.5192329287528992,0.09843306243419647,0.23464477062225342,-3.1123311519622803,0.03050718642771244
164,4.117189884185791,0.5667065382003784,0.0,0.0,0.49581408500671387,0.11116594076156616,-0.037376467138528824,-3.1251637935638428,0.03520852327346802
165,4.146533966064453,0.5667065382003784,0.0,0.0,0.49298223853111267,0.10811469703912735,0.10082638263702393,-3.1324567794799805,0.03352269530296326
166,4.158812999725342,0.5667065382003784,0.0,0.0,0.4758036136627197,0.09053919464349747,0.1485036164522171,-3.1301238536834717,0.03622574731707573
167,4.18742561340332,0.5667065382003784,0.0,0.0,0.4584680199623108,0.0668272152543068,0.03157283365726471,-3.120910406112671,0.0388251394033432
168,4.198238372802734,0.5667065382003784,0.0,0.0,0.4456683397293091,0.05094191059470177,-0.07884029299020767,-3.111628532409668,0.03896037116646767
169,4.2296364307403564,0.9855608940124512,0.0,0.0,0.4364239573478699,0.041112542152404785,-0.13964848220348358,-3.107818603515625,0.03878632187843323
170,4.243000745773315,0.9855608940124512,0.0,0.0,0.4268566071987152,0.03522936999797821,-0.07903529703617096,-3.1093428134918213,0.04228316619992256
171,4.275196075439453,0.9855608940124512,0.0,0.0,0.4254991412162781,0.029078003019094467,0.004445125348865986,-3.113741636276245,0.050297580659389496
172,4.299392223358154,0.9855608940124512,0.0,0.0,0.42948445677757263,0.01928764395415783,0.07314241677522659,-3.1174259185791016,0.05752074345946312
173,4.331639528274536,0.9855608940124512,0.0,0.0,0.43535277247428894,0.010112041607499123,0.12212064862251282,-3.1183855533599854,0.062158796936273575
174,4.34470009803772,0.9855608940124512,0.0,0.0,0.45217013359069824,0.0007331313099712133,0.07683757692575455,-3.1168196201324463,0.06391877681016922
175,4.375229835510254,0.9855608940124512,0.0,0.0,0.46488600969314575,-0.0017685815691947937,0.1008046343922615,-3.114563465118408,0.06401313096284866
176,4.389571189880371,0.9855608940124512,0.0,0.0,0.4830830991268158,-0.006638708058744669,0.1103883609175682,-3.1114087104797363,0.06972399353981018
177,4.420488357543945,0.9855608940124512,0.0,0.0,0.5107549428939819,-0.012508674524724483,0.09180665761232376,-3.108228921890259,0.07742684334516525
178,4.4439990520477295,0.9855608940124512,0.0,0.0,0.5423598885536194,-0.02336200699210167,0.004030157811939716,-3.1052799224853516,0.082393117249012
179,4.472631216049194,0.9855608940124512,0.0,0.0,0.570673406124115,-0.03730727732181549,-0.07194345444440842,-3.103577136993408,0.08294424414634705
180,4.484622478485107,0.9855608940124512,0.0,0.0,0.6007087230682373,-0.052178461104631424,-0.130615696310997,-3.1060903072357178,0.0804559737443924
181,4.518043041229248,0.9855608940124512,0.0,0.0,0.6388842463493347,-0.06438866257667542,-0.17209498584270477,-3.1126954555511475,0.07735256850719452
182,4.530529260635376,0.9855608940124512,0.0,0.0,0.6889311075210571,-0.0754856988787651,-0.2010284662246704,-3.1217000484466553,0.07425735145807266
183,4.560384750366211,0.9855608940124512,0.0,0.0,0.7468633055686951,-0.07852928340435028,-0.18520507216453552,-3.131650924682617,0.07104334235191345
184,4.573255300521851,0.9855608940124512,0.0,0.0,0.8009718656539917,-0.07960430532693863,-0.07837971299886703,3.140435218811035,0.0681992918252945
185,4.604925155639648,0.9855608940124512,0.0,0.0,0.8489161729812622,-0.09031755477190018,0.00035823823418468237,3.1302881240844727,0.0666535422205925
186,4.624516248703003,0.9855608940124512,0.0,0.0,0.8934754729270935,-0.1141909807920456,-0.07851612567901611,3.124145030975342,0.06406992673873901
187,4.654550790786743,0.9855608940124512,0.0,0.0,0.9306950569152832,-0.11068738996982574,-0.2941819131374359,3.121480941772461,0.05664126202464104
188,4.668642044067383,0.9855608940124512,0.0,0.0,0.9150652885437012,-0.07136057317256927,-0.11275587975978851,3.1148757934570312,0.046431392431259155
189,4.703219652175903,0.9855608940124512,0.0,0.0,0.9054825305938721,-0.026080550625920296,0.22167177498340607,3.103055238723755,0.036879848688840866
190,4.714605331420898,0.9855608940124512,0.0,0.0,0.9301372766494751,-0.00926805566996336,0.2889558672904968,3.0928564071655273,0.026298249140381813
191,4.744968414306641,0.9855608940124512,0.0,0.0,0.9776574969291687,0.00190502661280334,0.25954002141952515,3.0901947021484375,0.017053311690688133
192,4.757744789123535,0.9855608940124512,0.0,0.0,1.0278749465942383,0.01872812584042549,0.18421171605587006,3.0924861431121826,0.008652599528431892
193,4.788224458694458,0.9855608940124512,0.0,0.0,1.0657323598861694,0.03708403930068016,0.1853780299425125,3.0970029830932617,-0.0006134090363048017
194,4.798961400985718,0.9855608940124512,0.0,0.0,1.0868138074874878,0.05083930492401123,0.27526170015335083,3.1042263507843018,-0.011229402385652065
195,4.828958034515381,0.9855608940124512,0.0,0.0,1.0927382707595825,0.06080703064799309,0.3973064422607422,3.1127781867980957,-0.02029171958565712
196,4.843825101852417,0.9855608940124512,0.0,0.0,1.0844473838806152,0.0630749762058258,0.41822391748428345,3.117399215698242,-0.01847081258893013
197,4.872667074203491,0.9855608940124512,0.0,0.0,1.035260796546936,0.06287059932947159,0.26534825563430786,3.11397385597229,-0.011753536760807037
198,4.888267278671265,0.9855608940124512,0.0,0.0,0.986456036567688,0.03222840279340744,0.14139139652252197,3.12125825881958,-0.018377602100372314
199,4.933403730392456,0.9855608940124512,0.0,0.0,0.928633987903595,0.00816483423113823,-0.015325954183936119,3.133162260055542,-0.023069007322192192
200,4.948060989379883,0.9855608940124512,0.0,0.0,0.892118513584137,-0.003756431397050619,-0.07488882541656494,3.1397323608398438,-0.01852431893348694
201,5.027837753295898,0.9855608940124512,0.0,0.0,0.8771930932998657,-0.01141577772796154,-0.08566569536924362,3.1411397457122803,-0.01016421802341938
202,5.041094541549683,0.9855608940124512,0.0,0.0,0.8768582344055176,-0.01771129108965397,-0.0417511947453022,3.1410152912139893,-0.0034148322883993387
203,5.068729400634766,0.9855608940124512,0.0,0.0,0.8824107646942139,-0.02040727250277996,-0.024996235966682434,3.1395769119262695,-0.0008629966177977622
204,5.080977439880371,0.9855608940124512,0.0,0.0,0.8908767700195312,-0.024213461205363274,0.016206029802560806,3.134568214416504,-0.001206567627377808
205,5.1094725131988525,0.9855608940124512,0.0,0.0,0.9067593812942505,-0.03261621668934822,0.07454044371843338,3.1271719932556152,-0.0029684286564588547
206,5.125173330307007,0.9855608940124512,0.0,0.0,0.9292541146278381,-0.045801978558301926,0.09157714992761612,3.121378183364868,-0.005522927735000849
207,5.1574506759643555,0.6455734372138977,0.0,0.0,0.9521719217300415,-0.05701320618391037,0.09967394918203354,3.120800018310547,-0.0070500741712749004
208,5.1687912940979,0.6455734372138977,0.0,0.0,0.9517024755477905,-0.06366747617721558,-0.11313371360301971,3.1262264251708984,-0.0057974038645625114
209,5.201742649078369,0.6455734372138977,0.0,0.0,0.9103198051452637,-0.04178816080093384,-0.15651677548885345,3.1312496662139893,-0.00201256456784904
210,5.213873386383057,0.6455734372138977,0.0,0.0,0.8756717443466187,-0.0052024684846401215,-0.0653221607208252,3.127467632293701,-0.0034375041723251343
211,5.245989084243774,0.6455734372138977,0.0,0.0,0.8587548732757568,0.020926443859934807,-0.0298309288918972,3.1179628372192383,-0.009471883065998554
212,5.2582786083221436,0.6455734372138977,0.0,0.0,0.8435329794883728,0.0405484139919281,-0.0017729373648762703,3.107879638671875,-0.013540106825530529
213,5.294724225997925,0.6455734372138977,0.0,0.0,0.8377724885940552,0.051474299281835556,0.04642709344625473,3.099560499191284,-0.013285196386277676
214,5.307706356048584,0.6455734372138977,0.0,0.0,0.8348000049591064,0.05561200529336929,0.16103589534759521,3.096459150314331,-0.011186439543962479
215,5.336493015289307,0.6455734372138977,0.0,0.0,0.8241161108016968,0.06536953896284103,0.2832144796848297,3.0994150638580322,-0.00979229249060154
216,5.350977420806885,0.6455734372138977,0.0,0.0,0.8100069165229797,0.08035439252853394,0.38586997985839844,3.105625867843628,-0.009651871398091316
217,5.383400201797485,0.6455734372138977,0.0,0.0,0.7940948605537415,0.09211757779121399,0.42494887113571167,3.113424062728882,-0.007173512130975723
218,5.398223400115967,0.6455734372138977,0.0,0.0,0.7753998041152954,0.09534197300672531,0.3947829306125641,3.1168158054351807,0.0036691920831799507
219,5.428590536117554,0.6455734372138977,0.0,0.0,0.7530906200408936,0.0959857776761055,0.27898553013801575,3.1098098754882812,0.02728254348039627
220,5.446340560913086,0.6455734372138977,0.0,0.0,0.7134060263633728,0.10181067883968353,0.05693396180868149,3.096567392349243,0.0556359589099884
221,5.475139141082764,0.6455734372138977,0.0,0.0,0.6660003662109375,0.08402594923973083,0.24394935369491577,3.090350389480591,0.07319376617670059
222,5.49300217628479,0.6455734372138977,0.0,0.0,0.6221039891242981,0.06399077922105789,0.37631937861442566,3.090609073638916,0.08342062681913376
223,5.521293878555298,0.6455734372138977,0.0,0.0,0.6304927468299866,0.054709672927856445,0.5970026850700378,3.0938992500305176,0.07799989730119705
224,5.532444715499878,0.6455734372138977,0.0,0.0,0.6796718239784241,0.054868172854185104,0.5318881869316101,3.1025338172912598,0.052204057574272156
225,5.560811519622803,0.6455734372138977,0.0,0.0,0.7286895513534546,0.061201997101306915,-0.10619428008794785,3.1085610389709473,0.028430763632059097
226,5.572929859161377,0.6455734372138977,0.0,0.0,0.7552778720855713,0.07346659898757935,-0.3527543544769287,3.1072752475738525,0.01587602123618126
227,5.604607105255127,0.6455734372138977,0.0,0.0,0.7603292465209961,0.09368493407964706,-0.32439833879470825,3.107710838317871,0.012053970247507095
228,5.615729570388794,0.6455734372138977,0.0,0.0,0.7474381923675537,0.10067421197891235,0.009591929614543915,3.1087570190429688,0.016110112890601158
229,5.648405075073242,0.6455734372138977,0.0,0.0,0.7264675498008728,0.07673671096563339,0.27319297194480896,3.1146326065063477,0.015737811103463173
230,5.661196708679199,0.6455734372138977,0.0,0.0,0.7104716897010803,0.05187474563717842,0.16497544944286346,3.1267290115356445,0.004552687052637339
231,5.690885305404663,0.6455734372138977,0.0,0.0,0.6913704872131348,0.03465649485588074,-0.032160528004169464,3.136977195739746,-0.010937466286122799
232,5.70206093788147,0.6455734372138977,0.0,0.0,0.6704442501068115,0.01987118273973465,-0.12751072645187378,-3.1409151554107666,-0.02350015752017498
233,5.733796834945679,0.6455734372138977,0.0,0.0,0.6490500569343567,-0.0022501787170767784,-0.04795008525252342,-3.136110305786133,-0.03121994063258171
234,5.746111154556274,0.6455734372138977,0.0,0.0,0.6332668662071228,-0.02717076614499092,0.03832240030169487,-3.127816915512085,-0.035047393292188644
235,5.779151678085327,0.6455734372138977,0.0,0.0,0.6237128973007202,-0.0470150001347065,-0.0034861178137362003,-3.1189801692962646,-0.03646460548043251
236,5.791074991226196,0.6455734372138977,0.0,0.0,0.6178169846534729,-0.06524229794740677,-0.09744702279567719,-3.113875150680542,-0.03630528971552849
237,5.820692539215088,0.6455734372138977,0.0,0.0,0.6167823672294617,-0.07991096377372742,-0.17782488465309143,-3.1123197078704834,-0.03480270877480507
238,5.831459283828735,0.6455734372138977,0.0,0.0,0.6158357858657837,-0.09302563965320587,-0.18292059004306793,-3.1125974655151367,-0.029863381758332253
239,5.86121678352356,0.6455734372138977,0.0,0.0,0.62242591381073,-0.11569486558437347,-0.09345461428165436,-3.1120059490203857,-0.019019383937120438
240,5.8732781410217285,0.6455734372138977,0.0,0.0,0.6360071897506714,-0.13891226053237915,0.020718304440379143,-3.1067087650299072,-0.0042996956035494804
241,5.9074320793151855,0.6455734372138977,0.0,0.0,0.6470626592636108,-0.15401270985603333,0.10372763127088547,-3.096536636352539,0.01353912428021431
242,5.9226226806640625,0.6455734372138977,0.0,0.0,0.6448655128479004,-0.14387281239032745,-0.0628868043422699,-3.087785482406616,0.027291681617498398
243,5.953359603881836,0.6455734372138977,0.0,0.0,0.6348682045936584,-0.1184505745768547,-0.20200598239898682,-3.083639621734619,0.03312474861741066
244,5.9669365882873535,0.6455734372138977,0.0,0.0,0.615606963634491,-0.08549677580595016,-0.08751221746206284,-3.0842621326446533,0.030756331980228424
245,5.99811053276062,0.6455734372138977,0.0,0.0,0.5909362435340881,-0.05476711690425873,0.038847554475069046,-3.088921546936035,0.02479424513876438
246,6.014455080032349,0.6455734372138977,0.0,0.0,0.573134183883667,-0.031851667910814285,0.0066011762246489525,-3.095520257949829,0.017711980268359184
247,6.046265363693237,0.6455734372138977,0.0,0.0,0.5571326613426208,-0.00892807636409998,0.02160252444446087,-3.103550672531128,0.011194051243364811
248,6.062887668609619,0.6455734372138977,0.0,0.0,0.5382740497589111,0.012995071709156036,0.02901415526866913,-3.1130104064941406,0.0067013404332101345
249,6.0899739265441895,0.6455734372138977,0.0,0.0,0.5235861539840698,0.03394646197557449,0.043212294578552246,-3.122866153717041,0.0038363314233720303
250,6.1004955768585205,0.6455734372138977,0.0,0.0,0.5151768922805786,0.05014415830373764,0.06929074972867966,-3.131807804107666,0.001295211841352284
251,6.132462978363037,0.6455734372138977,0.0,0.0,0.5068364143371582,0.07236778736114502,0.12223490327596664,-3.139354944229126,-0.0017791682621464133
252,6.145063638687134,0.6455734372138977,0.0,0.0,0.5032428503036499,0.09267974644899368,0.1538655310869217,3.137956142425537,-0.006220376119017601
253,6.1743083000183105,0.6455734372138977,0.0,0.0,0.4919227957725525,0.10879439860582352,0.18315356969833374,3.133910894393921,-0.008663040585815907
254,6.188089847564697,0.6455734372138977,0.0,0.0,0.4808286428451538,0.12440939247608185,0.14593181014060974,3.1306707859039307,-0.007898879237473011
255,6.216743469238281,0.6455734372138977,0.0,0.0,0.466686874628067,0.12058443576097488,0.21239246428012848,3.1314985752105713,-0.012569370679557323
256,6.2305614948272705,0.6455734372138977,0.0,0.0,0.4527360498905182,0.09888726472854614,0.2859199345111847,3.135817527770996,-0.020370982587337494
257,6.258983373641968,0.6455734372138977,0.0,0.0,0.4426754415035248,0.07917535305023193,0.19031494855880737,3.141019344329834,-0.02433084324002266
258,6.272602319717407,0.6455734372138977,0.0,0.0,0.43535223603248596,0.05540833994746208,0.023523051291704178,-3.1405882835388184,-0.02744198590517044
259,6.3042638301849365,0.6455734372138977,0.0,0.0,0.4267505705356598,0.026852192357182503,-0.07751760631799698,-3.1386730670928955,-0.029515966773033142
260,6.31658411026001,0.6455734372138977,0.0,0.0,0.4196682572364807,-0.007169014774262905,-0.07659699022769928,-3.1337928771972656,-0.029845289885997772
261,6.345931053161621,0.6455734372138977,0.0,0.0,0.4193795323371887,-0.033401183784008026,-0.09753652662038803,-3.126851797103882,-0.029649589210748672
262,6.359333038330078,0.6455734372138977,0.0,0.0,0.42400336265563965,-0.04918861761689186,-0.1264098435640335,-3.121342420578003,-0.029708774760365486
263,6.387733459472656,0.6455734372138977,0.0,0.0,0.4278881847858429,-0.059558089822530746,-0.17795264720916748,-3.1180737018585205,-0.028588343411684036
264,6.399193525314331,0.6455734372138977,0.0,0.0,0.43181005120277405,-0.073125459253788,-0.16784459352493286,-3.1157596111297607,-0.024031246080994606
265,6.432936429977417,0.6455734372138977,0.0,0.0,0.4563200771808624,-0.08494877815246582,-0.08200709521770477,-3.113342046737671,-0.01971706748008728
266,6.445099592208862,0.6455734372138977,0.0,0.0,0.4654739499092102,-0.08572880178689957,-0.07703090459108353,-3.1122002601623535,-0.02284008078277111
267,6.47320294380188,0.6455734372138977,0.0,0.0,0.46104440093040466,-0.07460690289735794,-0.03195979446172714,-3.1092426776885986,-0.020476123318076134
268,6.4889678955078125,0.6455734372138977,0.0,0.0,0.46528616547584534,-0.04902636632323265,0.013908101245760918,-3.109013080596924,-0.014485976658761501
269,6.5199689865112305,0.6455734372138977,0.0,0.0,0.48659294843673706,-0.020217066630721092,0.08834341168403625,-3.1125495433807373,-0.015782661736011505
270,6.5331950187683105,0.6455734372138977,0.0,0.0,0.510850727558136,0.004524365067481995,0.15299084782600403,-3.1160950660705566,-0.027946969494223595
271,6.571372032165527,0.6455734372138977,0.0,0.0,0.5280435085296631,0.027669182047247887,0.2263210266828537,-3.1194849014282227,-0.042200975120067596
272,6.582221269607544,0.6455734372138977,0.0,0.0,0.5458289384841919,0.044915832579135895,0.3419029116630554,-3.12284255027771,-0.0532090961933136
273,6.6178367137908936,0.6455734372138977,0.0,0.0,0.559492290019989,0.05872221291065216,0.4241701364517212,-3.1254236698150635,-0.061464574187994
274,6.632467985153198,0.6455734372138977,0.0,0.0,0.5741315484046936,0.06957600265741348,0.47418373823165894,-3.125124454498291,-0.06793166697025299
275,6.665551662445068,0.6455734372138977,0.0,0.0,0.5888073444366455,0.07901466637849808,0.47403523325920105,-3.1239423751831055,-0.07143368571996689
276,6.677831172943115,0.6455734372138977,0.0,0.0,0.6044391989707947,0.08925221115350723,0.4278702139854431,-3.1249642372131348,-0.0697711780667305
277,6.706437110900879,0.6455734372138977,0.0,0.0,0.6104982495307922,0.09473396837711334,0.285182386636734,-3.1277568340301514,-0.06675748527050018
278,6.717759370803833,0.6455734372138977,0.0,0.0,0.6113037467002869,0.08551206439733505,0.29196804761886597,-3.12688946723938,-0.07233962416648865
279,6.74731183052063,0.6455734372138977,0.0,0.0,0.592511773109436,0.06521640717983246,0.19663964211940765,-3.1250247955322266,-0.0785893127322197
280,6.759557247161865,0.6455734372138977,0.0,0.0,0.5640563368797302,0.034337226301431656,-0.04604555666446686,-3.12335467338562,-0.08069222420454025
281,6.787298679351807,0.6455734372138977,0.0,0.0,0.5370659828186035,0.004031416494399309,-0.14755095541477203,-3.1194851398468018,-0.07999881356954575
282,6.798173904418945,0.6455734372138977,0.0,0.0,0.5212114453315735,-0.019644565880298615,-0.09860767424106598,-3.113194704055786,-0.07642366737127304
283,6.829208135604858,0.6455734372138977,0.0,0.0,0.5152080059051514,-0.0373949371278286,-0.04025239869952202,-3.106311321258545,-0.07130223512649536
284,6.841698169708252,0.6455734372138977,0.0,0.0,0.517741322517395,-0.04714865982532501,-0.06238601729273796,-3.1018574237823486,-0.06622015684843063
285,6.8744730949401855,0.6455734372138977,0.0,0.0,0.5219024419784546,-0.055342450737953186,-0.1303199678659439,-3.101935386657715,-0.061705365777015686
286,6.888643503189087,0.6455734372138977,0.0,0.0,0.5260122418403625,-0.07080896943807602,-0.12270904332399368,-3.1030056476593018,-0.05585988983511925
287,6.923337936401367,0.6455734372138977,0.0,0.0,0.536941647529602,-0.09956855326890945,-0.11575859785079956,-3.1015379428863525,-0.04938263073563576
288,6.938295602798462,0.6455734372138977,0.0,0.0,0.5558100938796997,-0.13331377506256104,-0.1539343148469925,-3.098344087600708,-0.04561804234981537
289,6.971967458724976,0.6455734372138977,0.0,0.0,0.5736467838287354,-0.15913300216197968,-0.1312253177165985,-3.0937607288360596,-0.04294171556830406
290,6.988079309463501,0.6455734372138977,0.0,0.0,0.5948575735092163,-0.16645662486553192,-0.13528834283351898,-3.0896682739257812,-0.03774963691830635
291,7.019682884216309,0.6455734372138977,0.0,0.0,0.5947597026824951,-0.1582469344139099,-0.09188318997621536,-3.0900044441223145,-0.0315987654030323
292,7.031872034072876,0.6455734372138977,0.0,0.0,0.5708914399147034,-0.13659891486167908,-0.03770202770829201,-3.0912868976593018,-0.021615376695990562
293,7.065127372741699,0.6455734372138977,0.0,0.0,0.5632727146148682,-0.11040624231100082,0.04197145625948906,-3.092804193496704,-0.012253101915121078
294,7.079031467437744,0.6455734372138977,0.0,0.0,0.5634621381759644,-0.08680041134357452,0.05268222093582153,-3.0944862365722656,-0.013166388496756554
295,7.113112211227417,0.6455734372138977,0.0,0.0,0.5596944689750671,-0.062711700797081,0.034764960408210754,-3.098684549331665,-0.01968238689005375
296,7.129817008972168,0.6455734372138977,0.0,0.0,0.5575146675109863,-0.036619290709495544,0.05983966216444969,-3.1070644855499268,-0.0268089696764946
297,7.162374973297119,0.6455734372138977,0.0,0.0,0.5522890686988831,-0.015646105632185936,0.11927179247140884,-3.1169583797454834,-0.03296511620283127
298,7.175954818725586,0.6455734372138977,0.0,0.0,0.5519258379936218,0.004795011132955551,0.15311656892299652,-3.124472141265869,-0.03793436661362648
299,7.207483768463135,0.6455734372138977,0.0,0.0,0.5526807904243469,0.025586161762475967,0.18476931750774384,-3.129517078399658,-0.044336698949337006
300,7.218261003494263,0.6455734372138977,0.0,0.0,0.5532323122024536,0.047054484486579895,0.20917458832263947,-3.1315324306488037,-0.050458844751119614
301,7.272747278213501,0.6455734372138977,0.0,0.0,0.5568606853485107,0.0683717429637909,0.2391444891691208,-3.1337532997131348,-0.05494590476155281
302,7.284636497497559,0.6455734372138977,0.0,0.0,0.5610357522964478,0.08572686463594437,0.2332400679588318,-3.1393094062805176,-0.056219682097435
303,7.314717054367065,0.6455734372138977,0.0,0.0,0.563309907913208,0.10036984831094742,0.17483027279376984,3.136890172958374,-0.05097575858235359
304,7.328549861907959,0.6455734372138977,0.0,0.0,0.5562716722488403,0.11390672624111176,0.031119143590331078,3.130037546157837,-0.0387282632291317
305,7.359079122543335,0.6455734372138977,0.0,0.0,0.5394821763038635,0.10328463464975357,0.07872720807790756,3.1299619674682617,-0.02987845055758953
306,7.371847152709961,0.6455734372138977,0.0,0.0,0.5258097052574158,0.08674471080303192,0.11497753113508224,3.136322259902954,-0.025949839502573013
307,7.3993611335754395,0.6455734372138977,0.0,0.0,0.5181010961532593,0.07374092936515808,0.15770164132118225,-3.1395442485809326,-0.02637026272714138
308,7.417512655258179,0.6455734372138977,0.0,0.0,0.500605583190918,0.05254547297954559,0.10902097821235657,-3.132873058319092,-0.03026743233203888
309,7.446436405181885,0.6455734372138977,0.0,0.0,0.4814442992210388,0.03120633214712143,-0.09529720991849899,-3.127852201461792,-0.033577680587768555
310,7.458250522613525,0.6455734372138977,0.0,0.0,0.46528640389442444,0.013591619208455086,-0.1879122257232666,-3.125962495803833,-0.035783205181360245
311,7.502104043960571,0.6455734372138977,0.0,0.0,0.4546968936920166,-0.004225080367177725,-0.10552266240119934,-3.1227712631225586,-0.035732150077819824
312,7.513827085494995,0.6455734372138977,0.0,0.0,0.4520423710346222,-0.017250103875994682,-0.029479654505848885,-3.117950439453125,-0.035172585397958755
313,7.5459184646606445,0.6455734372138977,0.0,0.0,0.44903087615966797,-0.033981483429670334,-0.07286984473466873,-3.1137218475341797,-0.03467898443341255
314,7.56160569190979,0.6455734372138977,0.0,0.0,0.446433961391449,-0.053579479455947876,-0.130814328789711,-3.110142469406128,-0.033301904797554016
315,7.595032215118408,0.6455734372138977,0.0,0.0,0.4489596486091614,-0.07854088395833969,-0.13765116035938263,-3.1066136360168457,-0.031218266114592552
316,7.609634637832642,0.6455734372138977,0.0,0.0,0.4579928517341614,-0.10427713394165039,-0.11442043632268906,-3.102510452270508,-0.030076663941144943
317,7.638002634048462,0.6455734372138977,0.0,0.0,0.4713701903820038,-0.11802832782268524,-0.10982991009950638,-3.098262071609497,-0.029137415811419487
318,7.6490395069122314,0.6455734372138977,0.0,0.0,0.4838484525680542,-0.12140578776597977,-0.060348302125930786,-3.096804618835449,-0.028486397117376328
319,7.6798810958862305,0.6455734372138977,0.0,0.0,0.4791848063468933,-0.11629580706357956,-0.038028620183467865,-3.096109628677368,-0.025669990107417107
320,7.694716453552246,0.6455734372138977,0.0,0.0,0.47627076506614685,-0.10370746999979019,-0.044290099292993546,-3.0949621200561523,-0.01636224053800106
321,7.7234578132629395,0.6455734372138977,0.0,0.0,0.48097923398017883,-0.08340288698673248,-0.07576566934585571,-3.095550060272217,-0.007461054716259241
322,7.734498023986816,0.6455734372138977,0.0,0.0,0.49388423562049866,-0.05797033756971359,-0.03358474373817444,-3.098893404006958,-0.006226957775652409
323,7.765197515487671,0.6455734372138977,0.0,0.0,0.5130114555358887,-0.031269993633031845,0.06574894487857819,-3.103153705596924,-0.015054579824209213
324,7.781015872955322,0.6455734372138977,0.0,0.0,0.5286039113998413,-0.005696696229279041,0.14916108548641205,-3.1072118282318115,-0.029175028204917908
325,7.817965269088745,0.6455734372138977,0.0,0.0,0.5423316359519958,0.02206386625766754,0.27116498351097107,-3.1116783618927,-0.04164677858352661
326,7.830072641372681,0.6455734372138977,0.0,0.0,0.5583568215370178,0.04246901348233223,0.36480894684791565,-3.116302490234375,-0.05223837122321129
327,7.861460208892822,0.6455734372138977,0.0,0.0,0.5669543147087097,0.05829273909330368,0.4148365259170532,-3.1206843852996826,-0.061379916965961456
328,7.874880790710449,0.6455734372138977,0.0,0.0,0.5761222243309021,0.07207711040973663,0.4054165780544281,-3.1262197494506836,-0.06630472838878632
329,7.902313232421875,0.6455734372138977,0.0,0.0,0.5839126110076904,0.08182970434427261,0.3091951906681061,-3.132969379425049,-0.06483381241559982
330,7.914698362350464,0.6455734372138977,0.0,0.0,0.5759350657463074,0.09370744973421097,0.09349539130926132,-3.1383676528930664,-0.06437909603118896
331,7.94466233253479,0.6455734372138977,0.0,0.0,0.5707356929779053,0.0761357769370079,0.23403224349021912,-3.1332366466522217,-0.07120171934366226
332,7.957799196243286,0.6455734372138977,0.0,0.0,0.5522487163543701,0.05491209402680397,0.19960904121398926,-3.1256914138793945,-0.0710289254784584
333,7.988796710968018,0.6455734372138977,0.0,0.0,0.535560667514801,0.022356487810611725,-0.03567497059702873,-3.1207566261291504,-0.06906770169734955
334,8.000365495681763,0.6455734372138977,0.0,0.0,0.5215657949447632,-0.007538529112935066,-0.13182230293750763,-3.1164984703063965,-0.0687231495976448
335,8.033945322036743,0.6455734372138977,0.0,0.0,0.5132788419723511,-0.030881492421030998,-0.12713949382305145,-3.110584259033203,-0.0671088770031929
336,8.047221660614014,0.6455734372138977,0.0,0.0,0.5110527276992798,-0.04481688514351845,-0.16667889058589935,-3.1051840782165527,-0.06341807544231415
337,8.088163614273071,0.6455734372138977,0.0,0.0,0.517353892326355,-0.05480947345495224,-0.1417287141084671,-3.1036994457244873,-0.05795365944504738
338,8.103594064712524,0.6455734372138977,0.0,0.0,0.5267832279205322,-0.06908496469259262,-0.11554176360368729,-3.10385799407959,-0.05184777081012726
339,8.134352922439575,0.6455734372138977,0.0,0.0,0.538071870803833,-0.08751478046178818,-0.08616016805171967,-3.103130578994751,-0.04524877294898033
340,8.14675521850586,0.6455734372138977,0.0,0.0,0.5545470714569092,-0.1058109849691391,-0.10220733284950256,-3.1006667613983154,-0.03913277015089989
341,8.180527925491333,0.6455734372138977,0.0,0.0,0.5673079490661621,-0.11043214052915573,-0.12492138892412186,-3.0979785919189453,-0.03542783856391907
342,8.198377132415771,0.6455734372138977,0.0,0.0,0.564656674861908,-0.10316961258649826,-0.17059187591075897,-3.093385934829712,-0.03136574476957321
343,8.234062194824219,0.6455734372138977,0.0,0.0,0.5563763380050659,-0.07601132243871689,-0.06891779601573944,-3.0894131660461426,-0.02365748956799507
344,8.248187780380249,0.6455734372138977,0.0,0.0,0.5649453997612,-0.041236188262701035,0.05866933614015579,-3.0909225940704346,-0.019353732466697693
345,8.278582096099854,0.6455734372138977,0.0,0.0,0.5867937207221985,-0.016232896596193314,0.0831894502043724,-3.0954196453094482,-0.026059994474053383
346,8.291199922561646,0.6455734372138977,0.0,0.0,0.5952054262161255,0.005868872627615929,0.10807976871728897,-3.1003060340881348,-0.037937842309474945
347,8.32326054573059,0.6455734372138977,0.0,0.0,0.5948721170425415,0.02645660564303398,0.15711909532546997,-3.1056511402130127,-0.04661380127072334
348,8.334097862243652,0.6455734372138977,0.0,0.0,0.5989975929260254,0.04669464752078056,0.1436918079853058,-3.110973358154297,-0.05104181170463562
349,8.394792556762695,0.6455734372138977,0.0,0.0,0.6064336895942688,0.0684518963098526,0.11955888569355011,-3.1161837577819824,-0.054287318140268326
350,8.41609525680542,0.6455734372138977,0.0,0.0,0.6204644441604614,0.09390956908464432,0.14816315472126007,-3.1215710639953613,-0.05670411139726639
351,8.44971251487732,0.6455734372138977,0.0,0.0,0.6351674795150757,0.1099938303232193,0.23318597674369812,-3.128247022628784,-0.0587194487452507
352,8.46384596824646,0.6455734372138977,0.0,0.0,0.6399701833724976,0.11441285163164139,0.23894089460372925,-3.138939142227173,-0.05519473925232887
353,8.492963552474976,0.6455734372138977,0.0,0.0,0.6228257417678833,0.1280323565006256,-0.12271139025688171,3.1286942958831787,-0.03948216885328293
354,8.508099794387817,0.6455734372138977,0.0,0.0,0.601142942905426,0.12001772224903107,0.0939149558544159,3.120434284210205,-0.025307241827249527
355,8.53640866279602,0.6455734372138977,0.0,0.0,0.577727198600769,0.09994161874055862,0.3248477578163147,3.1285300254821777,-0.02224116213619709
356,8.548151731491089,0.6455734372138977,0.0,0.0,0.5461843609809875,0.07690197974443436,0.19031047821044922,3.14021897315979,-0.024719133973121643
357,8.581252813339233,0.6455734372138977,0.0,0.0,0.5150802135467529,0.05973304063081741,-0.11717589199542999,-3.138472318649292,-0.028546931222081184
358,8.597806215286255,0.6455734372138977,0.0,0.0,0.4884699583053589,0.04735812917351723,-0.19693705439567566,3.1411890983581543,-0.031073657795786858
359,8.627831935882568,0.6455734372138977,0.0,0.0,0.4711320698261261,0.036425016820430756,-0.05406811833381653,3.1376492977142334,-0.03129906579852104
360,8.639965295791626,0.6455734372138977,0.0,0.0,0.4602412283420563,0.026228899136185646,0.018661098554730415,3.1376681327819824,-0.031440895050764084
361,8.678338289260864,0.6455734372138977,0.0,0.0,0.4501228630542755,0.015061943791806698,-0.018966514617204666,3.138366937637329,-0.032641373574733734
362,8.690712213516235,0.6455734372138977,0.0,0.0,0.4360814392566681,-0.0004896934260614216,-0.04604550451040268,3.138174057006836,-0.032905157655477524
363,8.719691514968872,0.6455734372138977,0.0,0.0,0.4262707233428955,-0.017049379646778107,-0.024804014712572098,3.1380653381347656,-0.03131941333413124
364,8.73374605178833,0.6455734372138977,0.0,0.0,0.4187923073768616,-0.03928804770112038,-0.03102305717766285,3.1398980617523193,-0.028713049367070198
365,8.767180919647217,0.6455734372138977,0.0,0.0,0.41671502590179443,-0.05991342291235924,-0.02498858980834484,-3.1399621963500977,-0.025576967746019363
366,8.781040906906128,0.6455734372138977,0.0,0.0,0.4210425317287445,-0.0797009989619255,-0.03366806358098984,-3.135777711868286,-0.023006023839116096
367,8.811771392822266,0.6455734372138977,0.0,0.0,0.4277321398258209,-0.09266316145658493,-0.006820944137871265,-3.13206148147583,-0.020576344802975655
368,8.82494068145752,0.6455734372138977,0.0,0.0,0.43663138151168823,-0.1006954163312912,-0.004706164821982384,-3.130434274673462,-0.017948180437088013
369,8.856320142745972,0.6455734372138977,0.0,0.0,0.4481123089790344,-0.10398464649915695,0.01602468453347683,-3.1302638053894043,-0.016484512016177177
370,8.870187997817993,0.6455734372138977,0.0,0.0,0.44585469365119934,-0.10134083777666092,0.06692153960466385,-3.1297218799591064,-0.01424956601113081
371,8.900835752487183,0.6455734372138977,0.0,0.0,0.44019559025764465,-0.09102962911128998,0.05308308079838753,-3.1289443969726562,-0.005657801404595375
372,8.912866353988647,0.6455734372138977,0.0,0.0,0.44285503029823303,-0.07283055037260056,0.005796846002340317,-3.1287474632263184,0.00512239383533597
373,8.941426753997803,0.6455734372138977,0.0,0.0,0.45123541355133057,-0.04490942135453224,0.02913833037018776,-3.1301279067993164,0.010911425575613976
374,8.958802700042725,0.6455734372138977,0.0,0.0,0.46674859523773193,-0.014473848976194859,0.07720975577831268,-3.1339895725250244,0.008015979081392288
375,8.989079713821411,0.6455734372138977,0.0,0.0,0.4852334260940552,0.013819616287946701,0.17271503806114197,-3.1387836933135986,-0.004262075759470463
376,9.008021354675293,0.6455734372138977,0.0,0.0,0.4962329566478729,0.04156927391886711,0.24510571360588074,3.138535976409912,-0.01890631765127182
377,9.035710334777832,0.6455734372138977,0.0,0.0,0.5040693879127502,0.06633585691452026,0.24785950779914856,3.1322381496429443,-0.030746448785066605
378,9.04796576499939,0.6455734372138977,0.0,0.0,0.5123302340507507,0.0925339087843895,0.2648409903049469,3.125232696533203,-0.03836226090788841
379,9.0836021900177,0.6455734372138977,0.0,0.0,0.5089220404624939,0.11740873008966446,0.24745352566242218,3.114901304244995,-0.04289621114730835
380,9.100722312927246,0.6455734372138977,0.0,0.0,0.5074263215065002,0.10626839101314545,0.31866297125816345,3.1098785400390625,-0.052349139004945755
381,9.129956722259521,0.6455734372138977,0.0,0.0,0.49803611636161804,0.07098955661058426,0.23319953680038452,3.1156747341156006,-0.057227689772844315
382,9.142518520355225,0.6455734372138977,0.0,0.0,0.49447840452194214,0.03284696862101555,0.017511960119009018,3.125065565109253,-0.056481797248125076
383,9.18843412399292,0.6455734372138977,0.0,0.0,0.49979114532470703,0.00440068868920207,-0.10982561856508255,3.1295764446258545,-0.05558765307068825
384,9.20433497428894,0.6455734372138977,0.0,0.0,0.5123470425605774,-0.01660717837512493,-0.08430393040180206,3.1301186084747314,-0.05411788076162338
385,9.233579158782959,0.6455734372138977,0.0,0.0,0.5329321026802063,-0.027273396030068398,0.0204238872975111,3.128725528717041,-0.05210272967815399
386,9.246670484542847,0.6455734372138977,0.0,0.0,0.5569807291030884,-0.038453374058008194,0.0767737478017807,3.1266367435455322,-0.05029002204537392
387,9.276983499526978,0.6455734372138977,0.0,0.0,0.5810933709144592,-0.0539659708738327,0.07523668557405472,3.126657009124756,-0.04963340610265732
388,9.292346954345703,0.6455734372138977,0.0,0.0,0.6015893220901489,-0.0720854103565216,0.019081782549619675,3.1307568550109863,-0.04949032887816429
389,9.337554454803467,0.6455734372138977,0.0,0.0,0.6168597936630249,-0.08751635998487473,-0.029036030173301697,3.1391513347625732,-0.046506043523550034
390,9.348640203475952,0.6455734372138977,0.0,0.0,0.6360973119735718,-0.0955798476934433,-0.08987041562795639,-3.133510112762451,-0.039056867361068726
391,9.379807233810425,0.6455734372138977,0.0,0.0,0.6547618508338928,-0.09112899005413055,-0.22935226559638977,-3.125782012939453,-0.034663937985897064
392,9.394325971603394,0.6455734372138977,0.0,0.0,0.6426349878311157,-0.06817130744457245,-0.12472505867481232,-3.121967315673828,-0.03412614017724991
393,9.427240371704102,0.6455734372138977,0.0,0.0,0.6229100823402405,-0.03572552278637886,0.037090033292770386,-3.1237778663635254,-0.0336252823472023
394,9.437958478927612,0.6455734372138977,0.0,0.0,0.6196110844612122,-0.015368514694273472,0.04905039444565773,-3.1290671825408936,-0.037255942821502686
395,9.46556305885315,0.6455734372138977,0.0,0.0,0.6202408075332642,0.0021842028945684433,0.05143149942159653,-3.135071039199829,-0.04295741021633148
396,9.479490280151367,0.6455734372138977,0.0,0.0,0.6181795001029968,0.01695280149579048,0.0985119640827179,-3.1413326263427734,-0.04862026125192642
397,9.512267589569092,0.6455734372138977,0.0,0.0,0.6155415177345276,0.030563563108444214,0.20513616502285004,3.137498140335083,-0.053542349487543106
398,9.525792837142944,0.6455734372138977,0.0,0.0,0.6109656691551208,0.042806170880794525,0.24341444671154022,3.1363251209259033,-0.05772934481501579
399,9.5624840259552,0.6455734372138977,0.0,0.0,0.6094080209732056,0.05769283324480057,0.2236950695514679,3.138442039489746,-0.06166980788111687
400,9.574395418167114,0.6455734372138977,0.0,0.0,0.6089416146278381,0.07526800036430359,0.2018975168466568,3.140471935272217,-0.06428224593400955
401,9.604365348815918,0.6455734372138977,0.0,0.0,0.6128712892532349,0.0935438796877861,0.13487426936626434,3.1396307945251465,-0.06301632523536682
402,9.620789766311646,0.6455734372138977,0.0,0.0,0.6152185797691345,0.10720320045948029,0.03326374664902687,3.1348655223846436,-0.055684395134449005
403,9.651988744735718,0.6455734372138977,0.0,0.0,0.6033164858818054,0.11630198359489441,-0.05159581080079079,3.1252052783966064,-0.04115694388747215
404,9.663896083831787,0.6455734372138977,0.0,0.0,0.5817286372184753,0.10006877034902573,0.11865706741809845,3.122326135635376,-0.03149079531431198
405,9.696739435195923,0.6455734372138977,0.0,0.0,0.562940239906311,0.07600681483745575,0.33509397506713867,3.131366014480591,-0.02761714905500412
406,9.709349870681763,0.6455734372138977,0.0,0.0,0.541871190071106,0.0505460649728775,0.2027074098587036,-3.140031576156616,-0.026681525632739067
407,9.739046335220337,0.6455734372138977,0.0,0.0,0.5175893306732178,0.026240091770887375,-0.0744522288441658,-3.134042739868164,-0.026999514549970627
408,9.749929189682007,0.6455734372138977,0.0,0.0,0.4975668489933014,0.0056746359914541245,-0.15780755877494812,-3.132988691329956,-0.027769478037953377
409,9.78154969215393,0.6455734372138977,0.0,0.0,0.4805952310562134,-0.015017548575997353,-0.08122628182172775,-3.131004810333252,-0.02707044966518879
410,9.793840169906616,0.6455734372138977,0.0,0.0,0.4693748950958252,-0.034704405814409256,-0.03482767939567566,-3.1270525455474854,-0.024753455072641373
411,9.824550867080688,0.6455734372138977,0.0,0.0,0.46288949251174927,-0.05083409696817398,-0.053623199462890625,-3.123222827911377,-0.022056633606553078
412,9.837202072143555,0.6455734372138977,0.0,0.0,0.456004798412323,-0.07032634317874908,-0.041379883885383606,-3.1192033290863037,-0.01816660910844803
413,9.868475675582886,0.6455734372138977,0.0,0.0,0.4708685576915741,-0.07560399919748306,-0.00562270637601614,-3.116265296936035,-0.01619107462465763
414,9.882136344909668,0.6455734372138977,0.0,0.0,0.4634743332862854,-0.06777878850698471,-0.012638544663786888,-3.1165711879730225,-0.019021237269043922
415,9.9120614528656,0.6455734372138977,0.0,0.0,0.45121362805366516,-0.05354703590273857,0.030152475461363792,-3.1161224842071533,-0.012770360335707664
416,9.926355361938477,0.6455734372138977,0.0,0.0,0.45658424496650696,-0.026753850281238556,0.046686552464962006,-3.115457057952881,-0.0020319391041994095
417,9.959649562835693,0.6455734372138977,0.0,0.0,0.47751742601394653,0.0052815512754023075,0.06361294537782669,-3.1184113025665283,0.001387482276186347
418,9.97238278388977,0.6455734372138977,0.0,0.0,0.5039442181587219,0.03292079269886017,0.09694452583789825,-3.122504949569702,-0.008376767858862877
419,10.001980066299438,0.6455734372138977,0.0,0.0,0.524173378944397,0.054158736020326614,0.17415590584278107,-3.1264495849609375,-0.024610325694084167
420,10.013875961303711,0.6455734372138977,0.0,0.0,0.5350557565689087,0.06789267808198929,0.30240440368652344,-3.1302947998046875,-0.03772442787885666
421,10.043083429336548,0.6455734372138977,0.0,0.0,0.5427558422088623,0.07995867729187012,0.35316309332847595,-3.134232759475708,-0.043852437287569046
422,10.066917181015015,0.6455734372138977,0.0,0.0,0.5333458185195923,0.103873111307621,0.2697650194168091,-3.1381044387817383,-0.04501169174909592
423,10.097675323486328,0.6455734372138977,0.0,0.0,0.5456060767173767,0.09213279187679291,0.25699663162231445,-3.140707492828369,-0.050015974789857864
424,10.112179279327393,0.6455734372138977,0.0,0.0,0.5447723269462585,0.07221713662147522,0.2061314731836319,-3.139720916748047,-0.054660771042108536
425,10.150279998779297,0.6455734372138977,0.0,0.0,0.5366610288619995,0.03987511619925499,0.026115594431757927,-3.134408712387085,-0.05818743631243706
426,10.162970542907715,0.6455734372138977,0.0,0.0,0.5266658067703247,0.007468810770660639,-0.1027495488524437,-3.1268231868743896,-0.05971146747469902
427,10.191859483718872,0.6455734372138977,0.0,0.0,0.5258740186691284,-0.014371488243341446,-0.15618659555912018,-3.120394706726074,-0.05790846422314644
428,10.203431367874146,0.6455734372138977,0.0,0.0,0.5356577634811401,-0.023196501657366753,-0.1483321338891983,-3.117918014526367,-0.05424628034234047
429,10.233593940734863,0.5993486642837524,0.0,0.0,0.5498901009559631,-0.030262025073170662,-0.11190810054540634,-3.1205568313598633,-0.04945934936404228
430,10.246153354644775,0.5993486642837524,0.0,0.0,0.5698797702789307,-0.04082460328936577,-0.053766097873449326,-3.125324010848999,-0.043601397424936295
431,10.274383783340454,0.5993486642837524,0.0,0.0,0.5944823622703552,-0.059977371245622635,-0.030760381370782852,-3.1274003982543945,-0.03879792243242264
432,10.285213232040405,0.5993486642837524,0.0,0.0,0.6207273602485657,-0.08570491522550583,-0.08584969490766525,-3.1227145195007324,-0.03625734522938728
433,10.314752340316772,0.5993486642837524,0.0,0.0,0.6410180330276489,-0.10063744336366653,-0.053305674344301224,-3.1128427982330322,-0.033564817160367966
434,10.328634262084961,0.5993486642837524,0.0,0.0,0.6493067741394043,-0.10189706087112427,0.04584573954343796,-3.1026511192321777,-0.025339210405945778
435,10.357741832733154,0.5993486642837524,0.0,0.0,0.6327084898948669,-0.09097965061664581,-0.05923011526465416,-3.097783088684082,-0.01936527155339718
436,10.3746657371521,0.5993486642837524,0.0,0.0,0.6098774075508118,-0.06627973169088364,-0.07327630370855331,-3.0984625816345215,-0.01816396787762642
437,10.406469345092773,0.5993486642837524,0.0,0.0,0.59597247838974,-0.04093435779213905,0.015845052897930145,-3.1050963401794434,-0.023952195420861244
438,10.417412519454956,0.5993486642837524,0.0,0.0,0.5848371386528015,-0.020422883331775665,0.08761852234601974,-3.1150636672973633,-0.031574007123708725
439,10.456201553344727,0.5993486642837524,0.0,0.0,0.5783159136772156,-0.009905868209898472,0.1510230004787445,-3.1257712841033936,-0.03703053295612335
440,10.467995643615723,0.5993486642837524,0.0,0.0,0.5709947347640991,-0.005411062389612198,0.18001042306423187,-3.133467435836792,-0.04036146029829979
441,10.498754262924194,0.5993486642837524,0.0,0.0,0.5645549297332764,0.00023217845591716468,0.18648698925971985,-3.1377005577087402,-0.04380487650632858
442,10.514954328536987,0.5993486642837524,0.0,0.0,0.5565468668937683,0.007827040739357471,0.15479795634746552,-3.139822244644165,-0.04743334650993347
443,10.551112174987793,0.5993486642837524,0.0,0.0,0.5509629845619202,0.01799178682267666,0.13627365231513977,-3.1404733657836914,-0.04945540428161621
444,10.561825513839722,0.5993486642837524,0.0,0.0,0.5496935248374939,0.029352804645895958,0.11335822194814682,-3.139702320098877,-0.049287375062704086
445,10.593143463134766,0.5993486642837524,0.0,0.0,0.5564827919006348,0.04156568646430969,0.11948131769895554,-3.138890027999878,-0.04823080450296402
446,10.60390591621399,0.5993486642837524,0.0,0.0,0.5659897923469543,0.05115370824933052,0.14394651353359222,-3.141554832458496,-0.046780798584222794
447,10.64458441734314,0.5993486642837524,0.0,0.0,0.5697479248046875,0.057961296290159225,0.08967915177345276,3.1354193687438965,-0.04087764024734497
448,10.657269716262817,0.5993486642837524,0.0,0.0,0.5777621865272522,0.06900103390216827,0.009688709862530231,3.129262924194336,-0.02732311189174652
449,10.689696788787842,0.5993486642837524,0.0,0.0,0.5867848992347717,0.0758000910282135,0.045198917388916016,3.1266231536865234,-0.013806489296257496
450,10.705189943313599,0.5993486642837524,0.0,0.0,0.5978599190711975,0.0716446116566658,0.18513375520706177,3.1304545402526855,-0.011788761243224144
451,10.734379529953003,0.5993486642837524,0.0,0.0,0.5961471796035767,0.06353006511926651,0.2050631195306778,3.132899045944214,-0.014548191800713539
452,10.74641752243042,0.5993486642837524,0.0,0.0,0.5835456252098083,0.047195009887218475,0.15970449149608612,3.133513927459717,-0.01495396252721548
453,10.774930477142334,0.5993486642837524,0.0,0.0,0.5607067346572876,0.019886117428541183,0.05699193477630615,3.1377146244049072,-0.015779344365000725
454,10.787031173706055,0.5993486642837524,0.0,0.0,0.5435073375701904,-0.0042646499350667,0.004634622018784285,-3.1352970600128174,-0.0195856261998415
455,10.821200370788574,0.5993486642837524,0.0,0.0,0.5278648734092712,-0.024670664221048355,-0.012892436236143112,-3.123251438140869,-0.02468971721827984
456,10.832067489624023,0.5993486642837524,0.0,0.0,0.5156749486923218,-0.03856716677546501,-0.10322274267673492,-3.1136868000030518,-0.027657799422740936
457,10.865280628204346,0.5993486642837524,0.0,0.0,0.502592921257019,-0.053959913551807404,-0.22425857186317444,-3.108504056930542,-0.027564547955989838
458,10.88402247428894,0.5993486642837524,0.0,0.0,0.49248743057250977,-0.07471572607755661,-0.22458940744400024,-3.1042518615722656,-0.023944510146975517
459,10.913509130477905,0.5993486642837524,0.0,0.0,0.4929432272911072,-0.0961504578590393,-0.1104830950498581,-3.1004161834716797,-0.018608272075653076
460,10.92841362953186,0.5993486642837524,0.0,0.0,0.4991191625595093,-0.11796066164970398,-0.0044996836222708225,-3.096428155899048,-0.013495718128979206
461,10.956552982330322,0.5993486642837524,0.0,0.0,0.5166710615158081,-0.13184985518455505,0.022115059196949005,-3.0926671028137207,-0.009988109581172466
462,10.974708557128906,0.5993486642837524,0.0,0.0,0.5169509649276733,-0.12935449182987213,-0.024530157446861267,-3.092327833175659,-0.012608062475919724
463,11.00511360168457,0.5993486642837524,0.0,0.0,0.49425140023231506,-0.11548881232738495,-0.016189251095056534,-3.0919852256774902,-0.007980995811522007
464,11.015830516815186,0.5993486642837524,0.0,0.0,0.48484644293785095,-0.08667809516191483,-0.017026493325829506,-3.093461036682129,0.0031646210700273514
465,11.046486616134644,0.5993486642837524,0.0,0.0,0.5010801553726196,-0.05825866013765335,0.047204699367284775,-3.097661256790161,0.005077156703919172
466,11.058429718017578,0.5993486642837524,0.0,0.0,0.5148048996925354,-0.0372709296643734,0.11352095752954483,-3.1013596057891846,-0.00468504847958684
467,11.087045669555664,0.5993486642837524,0.0,0.0,0.5165608525276184,-0.01819908805191517,0.14638663828372955,-3.104379415512085,-0.016079982742667198
468,11.103286027908325,0.5993486642837524,0.0,0.0,0.520726203918457,0.004089350812137127,0.1678857058286667,-3.107787609100342,-0.024963602423667908
469,11.137714624404907,0.5993486642837524,0.0,0.0,0.5304142832756042,0.023965798318386078,0.18176105618476868,-3.111417770385742,-0.033494822680950165
470,11.151968240737915,0.5993486642837524,0.0,0.0,0.5389047265052795,0.04537980258464813,0.17962588369846344,-3.1142659187316895,-0.04167637601494789
471,11.181223392486572,0.5993486642837524,0.0,0.0,0.5505672097206116,0.06798841804265976,0.20984305441379547,-3.1185104846954346,-0.048717599362134933
472,11.19392991065979,0.5993486642837524,0.0,0.0,0.5594133138656616,0.08378037810325623,0.2526387870311737,-3.1252684593200684,-0.05292659252882004
473,11.222969055175781,0.5993486642837524,0.0,0.0,0.5505422353744507,0.10719460248947144,0.12111387401819229,-3.133180618286133,-0.050226036459207535
474,11.241803884506226,0.5993486642837524,0.0,0.0,0.5510953664779663,0.10154801607131958,0.12702986598014832,-3.1384670734405518,-0.048721618950366974
475,11.274064302444458,0.5993486642837524,0.0,0.0,0.5380898118019104,0.09376124292612076,0.21277906000614166,-3.1382758617401123,-0.0476050078868866
476,11.29180908203125,0.5993486642837524,0.0,0.0,0.5267519354820251,0.07940901815891266,0.19412490725517273,-3.1350228786468506,-0.04412245377898216
477,11.321389198303223,0.5993486642837524,0.0,0.0,0.5136266946792603,0.056664902716875076,-0.015888355672359467,-3.131646156311035,-0.04300094395875931
478,11.335751056671143,0.5993486642837524,0.0,0.0,0.49947190284729004,0.034950125962495804,-0.0730842724442482,-3.1278066635131836,-0.043871618807315826
479,11.367507934570312,0.5993486642837524,0.0,0.0,0.4951501488685608,0.0203095655888319,-0.02148854173719883,-3.123826742172241,-0.04489719495177269
480,11.380221843719482,0.5993486642837524,0.0,0.0,0.4927010238170624,0.007833680137991905,-0.04955878481268883,-3.1208438873291016,-0.04593712463974953
481,11.410157203674316,0.5993486642837524,0.0,0.0,0.49001702666282654,-0.007628212217241526,-0.05487164482474327,-3.1193087100982666,-0.045245274901390076
482,11.423492431640625,0.5993486642837524,0.0,0.0,0.49424296617507935,-0.022231988608837128,-0.039525583386421204,-3.118453025817871,-0.042814549058675766
483,11.456383228302002,0.5993486642837524,0.0,0.0,0.5053701400756836,-0.034287307411432266,-0.012926431372761726,-3.117960214614868,-0.040233250707387924
484,11.467811822891235,0.5993486642837524,0.0,0.0,0.5218654274940491,-0.053673744201660156,0.03874262794852257,-3.1163222789764404,-0.03796231746673584
485,11.500380039215088,0.5993486642837524,0.0,0.0,0.542951226234436,-0.07508277893066406,0.02779747173190117,-3.112881898880005,-0.03756152465939522
486,11.514634370803833,0.5993486642837524,0.0,0.0,0.5582261681556702,-0.09155923128128052,-0.012881886214017868,-3.1089718341827393,-0.03787987306714058
487,11.544265031814575,0.5993486642837524,0.0,0.0,0.5637370347976685,-0.10786351561546326,-0.025971999391913414,-3.104095458984375,-0.032237812876701355
488,11.560511350631714,0.5993486642837524,0.0,0.0,0.5764274597167969,-0.11518169194459915,-0.04168082773685455,-3.098034381866455,-0.019213275983929634
489,11.594098567962646,0.5993486642837524,0.0,0.0,0.5902042388916016,-0.11039076745510101,-0.15605221688747406,-3.0932068824768066,-0.009458954446017742
490,11.606182336807251,0.5993486642837524,0.0,0.0,0.5804910659790039,-0.09298545122146606,-0.1492242068052292,-3.089264154434204,-0.0031439121812582016
491,11.639342069625854,0.5993486642837524,0.0,0.0,0.5702967643737793,-0.06102147325873375,0.008378286845982075,-3.090808629989624,0.00024051457876339555
492,11.650408506393433,0.5993486642837524,0.0,0.0,0.5675125122070312,-0.034600503742694855,0.13490994274616241,-3.0968141555786133,-0.0037163158413022757
493,11.681771755218506,0.5993486642837524,0.0,0.0,0.5648683905601501,-0.019466830417513847,0.19293691217899323,-3.1025028228759766,-0.010231084190309048
494,11.692893505096436,0.5993486642837524,0.0,0.0,0.5580183863639832,-0.0073156640864908695,0.1740252822637558,-3.1068410873413086,-0.014968865551054478
495,11.763508796691895,0.5993486642837524,0.0,0.0,0.5471638441085815,0.006825319491326809,0.17183907330036163,-3.1114509105682373,-0.01828695833683014
496,11.77611231803894,0.5993486642837524,0.0,0.0,0.5379674434661865,0.021440688520669937,0.1655890792608261,-3.1163785457611084,-0.019392244517803192
497,11.806657791137695,0.5993486642837524,0.0,0.0,0.5331528782844543,0.03708562254905701,0.1508074551820755,-3.121432065963745,-0.01891659013926983
498,11.821353673934937,0.5993486642837524,0.0,0.0,0.526846170425415,0.051993478089571,0.13467247784137726,-3.127406597137451,-0.016468927264213562
499,11.849785327911377,0.5993486642837524,0.0,0.0,0.5243414640426636,0.07316276431083679,0.12243785709142685,-3.134321451187134,-0.00945220421999693
500,11.863358736038208,0.5993486642837524,0.0,0.0,0.5265326499938965,0.08780784904956818,0.14803467690944672,-3.1400249004364014,-0.008221047930419445
501,11.89694094657898,0.5993486642837524,0.0,0.0,0.5168715715408325,0.08117964118719101,0.1936921775341034,-3.138753652572632,-0.014225314371287823
502,11.908764123916626,0.5993486642837524,0.0,0.0,0.4944975972175598,0.06377533078193665,0.21372945606708527,-3.1365115642547607,-0.01068837195634842
503,11.938508749008179,0.5993486642837524,0.0,0.0,0.47501257061958313,0.029645198956131935,0.12915979325771332,-3.132051706314087,0.0004334167460910976
504,11.9508376121521,0.5993486642837524,0.0,0.0,0.4659796357154846,-0.005826563108712435,-0.08290502429008484,-3.123110771179199,0.010105684399604797
505,11.982106685638428,0.5993486642837524,0.0,0.0,0.46706512570381165,-0.02523641474545002,-0.14718548953533173,-3.116102457046509,0.012782515957951546
506,11.994054317474365,0.5993486642837524,0.0,0.0,0.46510207653045654,-0.04122177138924599,-0.09387705475091934,-3.1121151447296143,0.013536563143134117
507,12.029065132141113,0.5993486642837524,0.0,0.0,0.4669302999973297,-0.05875993147492409,0.05413396656513214,-3.1088829040527344,0.017555270344018936
508,12.045228242874146,0.5993486642837524,0.0,0.0,0.4840938448905945,-0.07802845537662506,0.14092405140399933,-3.1042277812957764,0.02177802287042141
509,12.073540210723877,0.5993486642837524,0.0,0.0,0.48866650462150574,-0.08939307928085327,0.1032278761267662,-3.0995569229125977,0.019048765301704407
510,12.087946891784668,0.5993486642837524,0.0,0.0,0.4771084189414978,-0.09331349283456802,0.041137903928756714,-3.094144344329834,0.022892320528626442
511,12.11607575416565,0.5993486642837524,0.0,0.0,0.47854170203208923,-0.08750440180301666,-0.04275858774781227,-3.088653087615967,0.03502976894378662
512,12.134950637817383,0.5993486642837524,0.0,0.0,0.4887429475784302,-0.06462033838033676,-0.08516747504472733,-3.086198568344116,0.044831532984972
513,12.16806674003601,0.5993486642837524,0.0,0.0,0.5024365782737732,-0.03487350791692734,0.008532315492630005,-3.09078049659729,0.045372165739536285
514,12.181040525436401,0.5993486642837524,0.0,0.0,0.5166295766830444,-0.013367163948714733,0.10217376053333282,-3.0967495441436768,0.035657744854688644
515,12.213241577148438,0.5993486642837524,0.0,0.0,0.530105710029602,0.006325867958366871,0.17963020503520966,-3.100097417831421,0.02303619310259819
516,12.228004693984985,0.5993486642837524,0.0,0.0,0.5490936636924744,0.0212850458920002,0.16884592175483704,-3.1015727519989014,0.01272971834987402
517,12.256584167480469,0.5993486642837524,0.0,0.0,0.5665507912635803,0.03753950819373131,0.17573243379592896,-3.1011221408843994,0.003722025081515312
518,12.271102905273438,0.5993486642837524,0.0,0.0,0.5800647139549255,0.05065429210662842,0.21588104963302612,-3.1017932891845703,-0.0032357715535908937
519,12.303083658218384,0.5993486642837524,0.0,0.0,0.5872424840927124,0.05787225067615509,0.2556054890155792,-3.1049792766571045,-0.005360855720937252
520,12.318454027175903,0.5993486642837524,0.0,0.0,0.5671794414520264,0.06613842397928238,0.0708218514919281,-3.111009359359741,-0.0019075621385127306
521,12.35716962814331,0.5993486642837524,0.0,0.0,0.5756562948226929,0.05735582858324051,0.21899867057800293,-3.1120200157165527,-0.007452067919075489
522,12.368231058120728,0.5993486642837524,0.0,0.0,0.5511681437492371,0.027797779068350792,0.22017472982406616,-3.1062469482421875,-0.006896098144352436
523,12.398343801498413,0.5993486642837524,0.0,0.0,0.5349067449569702,-0.0035281814634799957,-0.0015392210334539413,-3.096619129180908,-0.002413561102002859
524,12.412338972091675,0.5993486642837524,0.0,0.0,0.527163028717041,-0.027065031230449677,-0.10785985738039017,-3.089930295944214,0.00020324841898400337
525,12.44656229019165,0.5993486642837524,0.0,0.0,0.5233395099639893,-0.04659966751933098,-0.12330451607704163,-3.0867972373962402,0.0032650588545948267
526,12.458991527557373,0.5993486642837524,0.0,0.0,0.5254542231559753,-0.06738176196813583,-0.08291497826576233,-3.085022211074829,0.008783474564552307
527,12.488417387008667,0.5993486642837524,0.0,0.0,0.5386437773704529,-0.08218864351511002,-0.003521709470078349,-3.083207130432129,0.014354146085679531
528,12.501917600631714,0.5993486642837524,0.0,0.0,0.5506036877632141,-0.0963141992688179,0.05905523896217346,-3.0826492309570312,0.019267644733190536
529,12.53274154663086,0.5993486642837524,0.0,0.0,0.5730958580970764,-0.11260172724723816,-0.0062533169984817505,-3.082186460494995,0.023109523579478264
530,12.545221328735352,0.5993486642837524,0.0,0.0,0.5651940107345581,-0.11025313287973404,-0.09235069155693054,-3.0817134380340576,0.02197323925793171
531,12.572582006454468,0.5993486642837524,0.0,0.0,0.5498762726783752,-0.09031949192285538,-0.04616044461727142,-3.0809552669525146,0.029706835746765137
532,12.587338924407959,0.5993486642837524,0.0,0.0,0.5506715178489685,-0.05657265707850456,0.11394207924604416,-3.083876848220825,0.03627125546336174
533,12.61907410621643,0.5993486642837524,0.0,0.0,0.5641971826553345,-0.03360815718770027,0.17612962424755096,-3.089076280593872,0.03272806107997894
534,12.631166696548462,0.5993486642837524,0.0,0.0,0.5806808471679688,-0.017594728618860245,0.16425447165966034,-3.0921313762664795,0.023900147527456284
535,12.665611028671265,0.5993486642837524,0.0,0.0,0.5917489528656006,0.0023465449921786785,0.18388566374778748,-3.0935325622558594,0.014982827939093113
536,12.680798530578613,0.5993486642837524,0.0,0.0,0.6029442548751831,0.02162226475775242,0.1882977932691574,-3.0947234630584717,0.008293727412819862
537,12.712990760803223,0.5993486642837524,0.0,0.0,0.6124992966651917,0.03894509747624397,0.21715952455997467,-3.0961861610412598,0.0029444678220897913
538,12.724998712539673,0.5993486642837524,0.0,0.0,0.620361328125,0.05563591793179512,0.21593765914440155,-3.0978243350982666,-5.4823402024339885e-05
539,12.753921031951904,0.5993486642837524,0.0,0.0,0.6297277212142944,0.06785701960325241,0.24890907108783722,-3.1014044284820557,0.001044909586198628
540,12.765615701675415,0.5993486642837524,0.0,0.0,0.6168946027755737,0.07716883718967438,0.17097464203834534,-3.1107585430145264,0.007310060318559408
541,12.7962806224823,0.5993486642837524,0.0,0.0,0.6013473868370056,0.07626011222600937,0.22210384905338287,-3.1186716556549072,0.009570730850100517
542,12.810618877410889,0.5993486642837524,0.0,0.0,0.5680086612701416,0.06043495610356331,0.10541006177663803,-3.121528148651123,0.014102197252213955
543,12.839895963668823,0.5993486642837524,0.0,0.0,0.5324726700782776,0.040404096245765686,0.045802146196365356,-3.117293357849121,0.020151328295469284
544,12.85032606124878,0.6872173547744751,0.0,0.0,0.5119509696960449,0.03011837601661682,-0.04438864067196846,-3.1115498542785645,0.025226568803191185
545,12.882901430130005,0.6872173547744751,0.0,0.0,0.4950409233570099,0.024542540311813354,-0.08047271519899368,-3.111341714859009,0.02977893128991127
546,12.901598930358887,0.6872173547744751,0.0,0.0,0.4829618036746979,0.018523819744586945,-0.06337876617908478,-3.1156392097473145,0.03575648367404938
547,12.935586929321289,0.6872173547744751,0.0,0.0,0.47705531120300293,0.013361134566366673,-0.018729453906416893,-3.1206552982330322,0.04241661727428436
548,12.95497441291809,0.6872173547744751,0.0,0.0,0.4723118841648102,-0.001122708199545741,0.029951244592666626,-3.123727321624756,0.04951552301645279
549,12.983577728271484,0.6872173547744751,0.0,0.0,0.476023405790329,-0.013481151312589645,0.06491173803806305,-3.1241419315338135,0.05568809434771538
550,12.9988534450531,0.6872173547744751,0.0,0.0,0.49514567852020264,-0.020223824307322502,-0.036432623863220215,-3.1245460510253906,0.0566600039601326
551,13.03458285331726,0.6872173547744751,0.0,0.0,0.5033408403396606,-0.03201240673661232,-0.07823144644498825,-3.1261420249938965,0.05267652869224548
552,13.047549962997437,0.6872173547744751,0.0,0.0,0.5118632316589355,-0.04806651175022125,-0.06749391555786133,-3.1273155212402344,0.051822125911712646
553,13.076348781585693,0.6872173547744751,0.0,0.0,0.529990553855896,-0.061562102288007736,-0.07595513761043549,-3.128751754760742,0.052789974957704544
554,13.089003562927246,0.6872173547744751,0.0,0.0,0.5551594495773315,-0.06978678703308105,-0.05992915853857994,-3.1320548057556152,0.05289220064878464
555,13.12133240699768,0.6872173547744751,0.0,0.0,0.5818090438842773,-0.07573813945055008,-0.060695573687553406,-3.1367766857147217,0.05063069239258766
556,13.132187366485596,0.6872173547744751,0.0,0.0,0.6034427285194397,-0.08244893699884415,-0.05349431559443474,-3.140690803527832,0.047785237431526184
557,13.16075849533081,0.6872173547744751,0.0,0.0,0.6168220043182373,-0.09101683646440506,-0.08511900156736374,3.141200304031372,0.04825761169195175
558,13.172869443893433,0.6872173547744751,0.0,0.0,0.6191644072532654,-0.08509241789579391,-0.13510175049304962,-3.140744686126709,0.05128408223390579
559,13.201375722885132,0.6872173547744751,0.0,0.0,0.6104859113693237,-0.05814900994300842,-0.03963835909962654,-3.1387734413146973,0.056739598512649536
560,13.217162609100342,0.48240599036216736,0.0,0.0,0.6083048582077026,-0.0229848250746727,0.10522876679897308,3.1409003734588623,0.05707903951406479
561,13.24764633178711,0.48240599036216736,0.0,0.0,0.6211397051811218,0.0021197889000177383,0.11057224869728088,3.134836435317993,0.04748658463358879
562,13.259872436523438,0.48240599036216736,0.0,0.0,0.6345652937889099,0.025553835555911064,0.12994202971458435,3.1301934719085693,0.03319714590907097
563,13.288126707077026,0.48240599036216736,0.0,0.0,0.6491945385932922,0.045546602457761765,0.1323409229516983,3.127469539642334,0.020771605893969536
564,13.302285194396973,0.48240599036216736,0.0,0.0,0.6582068800926208,0.06749516725540161,0.20029188692569733,3.1274056434631348,0.010423125699162483
565,13.336562156677246,0.48240599036216736,0.0,0.0,0.6634106040000916,0.08208246529102325,0.3660917282104492,3.1291277408599854,0.0020804167725145817
566,13.350460052490234,0.48240599036216736,0.0,0.0,0.6508575081825256,0.08472589403390884,0.5255720615386963,3.131679058074951,-0.00037857494316995144
567,13.385144472122192,0.48240599036216736,0.0,0.0,0.5863239169120789,0.09979134798049927,0.15250979363918304,3.1319711208343506,0.01168879121541977
568,13.399752855300903,0.48240599036216736,0.0,0.0,0.5614238977432251,0.06955797970294952,0.18578116595745087,3.1303868293762207,0.022672776132822037
569,13.431682825088501,0.48240599036216736,0.0,0.0,0.5110486149787903,0.032927677035331726,0.11502940207719803,3.1377360820770264,0.03032534010708332
570,13.446211576461792,0.48240599036216736,0.0,0.0,0.46701377630233765,-0.00029873449238948524,-0.013854154385626316,-3.1330337524414062,0.035028573125600815
571,13.474019527435303,0.48240599036216736,0.0,0.0,0.42986923456192017,-0.023627296090126038,-0.0619700625538826,-3.1231963634490967,0.03727587312459946
572,13.484960794448853,0.48240599036216736,0.0,0.0,0.4005206525325775,-0.03955761343240738,-0.0899895578622818,-3.117814540863037,0.04124629870057106
573,13.517492771148682,0.48240599036216736,0.0,0.0,0.37909504771232605,-0.05178024247288704,-0.08617616444826126,-3.115403175354004,0.04721559211611748
574,13.529862403869629,0.48240599036216736,0.0,0.0,0.36261385679244995,-0.06420432031154633,0.0010215059155598283,-3.1126604080200195,0.05383261293172836
575,13.561605453491211,0.48240599036216736,0.0,0.0,0.35451629757881165,-0.07816199958324432,0.012653284706175327,-3.1074724197387695,0.06018940359354019
576,13.574770212173462,0.48240599036216736,0.0,0.0,0.3468814492225647,-0.0729881003499031,-0.018022451549768448,-3.1031017303466797,0.05971500650048256
577,13.604525804519653,0.48240599036216736,0.0,0.0,0.332414835691452,-0.055234018713235855,0.022355342283844948,-3.1002249717712402,0.0621785968542099
578,13.61609673500061,0.48240599036216736,0.0,0.0,0.3274202048778534,-0.02573159895837307,0.04569711908698082,-3.1003835201263428,0.07001576572656631
579,13.647193670272827,0.48240599036216736,0.0,0.0,0.3331536650657654,0.0035394730512052774,0.0856873095035553,-3.103790760040283,0.07659821212291718
580,13.659855604171753,0.48240599036216736,0.0,0.0,0.34186744689941406,0.029857227578759193,0.13465553522109985,-3.107219696044922,0.07757051289081573
581,13.688732624053955,0.48240599036216736,0.0,0.0,0.3488473892211914,0.043594058603048325,0.10754959285259247,-3.108236312866211,0.07401970773935318
582,13.699958324432373,0.48240599036216736,0.0,0.0,0.33445581793785095,0.058129508048295975,0.0758899673819542,-3.108567476272583,0.07125098258256912
583,13.729156970977783,0.48240599036216736,0.0,0.0,0.33701765537261963,0.062478285282850266,0.08706723898649216,-3.109093427658081,0.06678695976734161
584,13.750808477401733,0.48240599036216736,0.0,0.0,0.33729785680770874,0.06237397715449333,0.1637425720691681,-3.107285261154175,0.06330467760562897
585,13.7797372341156,0.48240599036216736,0.0,0.0,0.3447815179824829,0.056848809123039246,0.1891394853591919,-3.1034984588623047,0.06112146005034447
586,13.79176664352417,0.48240599036216736,0.0,0.0,0.3500441312789917,0.04497583955526352,0.13998724520206451,-3.0985453128814697,0.057296015322208405
587,13.822979927062988,0.48240599036216736,0.0,0.0,0.34909307956695557,0.023372149094939232,0.01603827439248562,-3.0940449237823486,0.05247541517019272
588,13.833949565887451,0.48240599036216736,0.0,0.0,0.3441696763038635,0.00026594026712700725,-0.07912414520978928,-3.09000301361084,0.04763633385300636
589,13.864561319351196,0.48240599036216736,0.0,0.0,0.34458252787590027,-0.016264230012893677,-0.09374062716960907,-3.0882761478424072,0.04488090053200722
590,13.877004623413086,0.48240599036216736,0.0,0.0,0.3486264646053314,-0.028899993747472763,-0.0908692255616188,-3.0892374515533447,0.04440874233841896
591,13.917946815490723,0.48240599036216736,0.0,0.0,0.35685601830482483,-0.04345960170030594,-0.038812026381492615,-3.0912818908691406,0.04624610394239426
592,13.933321237564087,0.48240599036216736,0.0,0.0,0.37388724088668823,-0.0590408593416214,-0.015008809976279736,-3.0920350551605225,0.048571813851594925
593,13.962199449539185,0.48240599036216736,0.0,0.0,0.38546353578567505,-0.05769512429833412,-0.04263768345117569,-3.0917763710021973,0.047299426048994064
594,13.973560094833374,0.48240599036216736,0.0,0.0,0.3860141634941101,-0.045263729989528656,-0.03623805567622185,-3.089427947998047,0.05095675215125084
595,14.010893821716309,0.48240599036216736,0.0,0.0,0.38963669538497925,-0.019901806488633156,0.00346290017478168,-3.0873544216156006,0.05838280916213989
596,14.02380084991455,0.48240599036216736,0.0,0.0,0.4036320149898529,0.014411207288503647,0.1136871725320816,-3.089221954345703,0.05917995795607567
597,14.055248260498047,0.48240599036216736,0.0,0.0,0.4269607365131378,0.03729582577943802,0.11964840441942215,-3.092595100402832,0.04745855927467346
598,14.073574781417847,0.48240599036216736,0.0,0.0,0.4403463900089264,0.05594315752387047,0.16770903766155243,-3.0951480865478516,0.029967626556754112
599,14.101804494857788,0.48240599036216736,0.0,0.0,0.44596871733665466,0.06993889063596725,0.28780850768089294,-3.098544120788574,0.015758410096168518
600,14.118057250976562,0.48240599036216736,0.0,0.0,0.4465692341327667,0.0758003517985344,0.35997700691223145,-3.1027638912200928,0.008382610976696014
601,14.151558876037598,0.48240599036216736,0.0,0.0,0.4406742751598358,0.08250091969966888,0.24305883049964905,-3.107985734939575,0.0021857370156794786
602,14.172219276428223,0.48240599036216736,0.0,0.0,0.4446970522403717,0.06310956180095673,0.26096656918525696,-3.1052753925323486,-0.010455198585987091
603,14.21172833442688,0.48240599036216736,0.0,0.0,0.4327351450920105,0.01697087474167347,0.05348518490791321,-3.097788095474243,-0.015613207593560219
604,14.224517822265625,0.48240599036216736,0.0,0.0,0.4244415760040283,-0.024358363822102547,-0.12684530019760132,-3.0885298252105713,-0.012319723144173622
605,14.254748344421387,0.48240599036216736,0.0,0.0,0.4307995140552521,-0.0518835112452507,-0.15222199261188507,-3.0825934410095215,-0.0026043385732918978
606,14.265562057495117,0.48240599036216736,0.0,0.0,0.4518219828605652,-0.06158701702952385,-0.0865093544125557,-3.08147931098938,0.007713295053690672
607,14.296433687210083,0.48240599036216736,0.0,0.0,0.46951642632484436,-0.07253576070070267,0.06872977316379547,-3.083115577697754,0.018377305939793587
608,14.310979843139648,0.48240599036216736,0.0,0.0,0.48088744282722473,-0.09179969877004623,0.3736335039138794,-3.0811288356781006,0.03413711115717888
609,14.339805126190186,0.48240599036216736,0.0,0.0,0.487945556640625,-0.10056310892105103,0.19164377450942993,-3.0734903812408447,0.04588215425610542
610,14.351646661758423,0.48240599036216736,0.0,0.0,0.47319573163986206,-0.09194168448448181,-0.003834173548966646,-3.0654139518737793,0.05143387243151665
611,14.382705688476562,0.48240599036216736,0.0,0.0,0.4552798271179199,-0.0671231746673584,0.007710241712629795,-3.066545009613037,0.05257214605808258
612,14.3957679271698,0.48240599036216736,0.0,0.0,0.4450110197067261,-0.04708337038755417,0.04416932910680771,-3.0756752490997314,0.04780515655875206
613,14.427589654922485,0.48240599036216736,0.0,0.0,0.44101232290267944,-0.03238090127706528,0.07938643544912338,-3.08652400970459,0.040465038269758224
614,14.44006609916687,0.48240599036216736,0.0,0.0,0.43782293796539307,-0.018982287496328354,0.13408882915973663,-3.0967440605163574,0.03415443003177643
615,14.468488693237305,0.48240599036216736,0.0,0.0,0.43439069390296936,-0.007600170560181141,0.19027073681354523,-3.105780601501465,0.0302097350358963
616,14.480619192123413,0.48240599036216736,0.0,0.0,0.43252599239349365,-0.001480982406064868,0.22154344618320465,-3.111854076385498,0.027561869472265244
617,14.508712530136108,0.48240599036216736,0.0,0.0,0.42852410674095154,0.004560005385428667,0.20433194935321808,-3.114126682281494,0.025499824434518814
618,14.521057844161987,0.48240599036216736,0.0,0.0,0.42754751443862915,0.016637425869703293,0.1452585905790329,-3.1140546798706055,0.022815914824604988
619,14.552161931991577,0.48240599036216736,0.0,0.0,0.4301004409790039,0.0350121408700943,0.14702928066253662,-3.113759994506836,0.01902559958398342
620,14.567148923873901,0.48240599036216736,0.0,0.0,0.43697530031204224,0.05090787261724472,0.1529335081577301,-3.1148300170898438,0.016857266426086426
621,14.596585750579834,0.48240599036216736,0.0,0.0,0.44322049617767334,0.06105360388755798,0.1443803757429123,-3.1168301105499268,0.01801127754151821
622,14.608632802963257,0.48240599036216736,0.0,0.0,0.4537704885005951,0.07182193547487259,0.11197501420974731,-3.1197030544281006,0.023290356621146202
623,14.640719413757324,0.48240599036216736,0.0,0.0,0.45501184463500977,0.08315027505159378,0.02703712321817875,-3.123379945755005,0.02908782660961151
624,14.654995203018188,0.48240599036216736,0.0,0.0,0.456454336643219,0.08269938081502914,0.06931552290916443,-3.1243715286254883,0.030383795499801636
625,14.685110569000244,0.48240599036216736,0.0,0.0,0.44563421607017517,0.07373562455177307,0.14267371594905853,-3.123476028442383,0.03436380997300148
626,14.70088505744934,0.48240599036216736,0.0,0.0,0.42685025930404663,0.051220137625932693,0.1902797371149063,-3.1193971633911133,0.041222650557756424
627,14.730384588241577,0.48240599036216736,0.0,0.0,0.40899398922920227,0.023679781705141068,0.06859762966632843,-3.109558582305908,0.045701876282691956
628,14.746513843536377,0.48240599036216736,0.0,0.0,0.39437949657440186,0.003186522051692009,-0.03596116229891777,-3.0987939834594727,0.045189268887043
629,14.78018593788147,0.48240599036216736,0.0,0.0,0.3807888627052307,-0.013161428272724152,-0.0491708368062973,-3.0909667015075684,0.04372259974479675
630,14.797145366668701,0.48240599036216736,0.0,0.0,0.37024983763694763,-0.029570553451776505,-0.02102712355554104,-3.085716724395752,0.043732743710279465
631,14.828507423400879,0.48240599036216736,0.0,0.0,0.35944274067878723,-0.04954346641898155,-0.051368746906518936,-3.081295967102051,0.04500282183289528
632,14.840593576431274,0.48240599036216736,0.0,0.0,0.3537657558917999,-0.06850171834230423,-0.024194994941353798,-3.077451705932617,0.04764265567064285
633,14.874757528305054,0.48240599036216736,0.0,0.0,0.35095301270484924,-0.09055440127849579,-0.01119108498096466,-3.0738210678100586,0.051045067608356476
634,14.888696432113647,0.48240599036216736,0.0,0.0,0.36548519134521484,-0.10798739641904831,-0.05417339876294136,-3.0693657398223877,0.052921876311302185
635,14.91890001296997,0.48240599036216736,0.0,0.0,0.3646337389945984,-0.10999443382024765,-0.06561475992202759,-3.0655205249786377,0.049596723169088364
636,14.933956384658813,0.48240599036216736,0.0,0.0,0.35548096895217896,-0.09934279322624207,0.014977814629673958,-3.061967611312866,0.05474374443292618
637,14.96483826637268,0.48240599036216736,0.0,0.0,0.3568083941936493,-0.07874639332294464,0.004380047786980867,-3.06121826171875,0.06585809588432312
638,14.977663040161133,0.48240599036216736,0.0,0.0,0.3651358485221863,-0.05094948410987854,0.012928296811878681,-3.0654103755950928,0.07245956361293793
639,15.006896018981934,0.48240599036216736,0.0,0.0,0.38012009859085083,-0.029013697057962418,0.04196290671825409,-3.071608066558838,0.0692751482129097
640,15.020838975906372,0.48240599036216736,0.0,0.0,0.3906705379486084,-0.012106218375265598,0.07253292202949524,-3.0756170749664307,0.05933556705713272
641,15.118114948272705,0.48240599036216736,0.0,0.0,0.3976095914840698,0.003891898784786463,0.0937756821513176,-3.0769734382629395,0.04904660955071449
642,15.134086847305298,0.48240599036216736,0.0,0.0,0.4072304666042328,0.023844903334975243,0.09397319704294205,-3.076676845550537,0.04055432230234146
643,15.164813041687012,0.48240599036216736,0.0,0.0,0.41688448190689087,0.04340421408414841,0.12976445257663727,-3.077425718307495,0.03286631405353546
644,15.177453756332397,0.48240599036216736,0.0,0.0,0.4221784174442291,0.057178884744644165,0.18785476684570312,-3.0808277130126953,0.027995988726615906
645,15.205410957336426,0.48240599036216736,0.0,0.0,0.40467289090156555,0.07061237096786499,0.1178993508219719,-3.087259531021118,0.026450160890817642
646,15.223980188369751,0.48240599036216736,0.0,0.0,0.41200828552246094,0.06832745671272278,0.2118200808763504,-3.088693618774414,0.016882682219147682
647,15.256903409957886,0.48240599036216736,0.0,0.0,0.3918500542640686,0.048573534935712814,0.18711812794208527,-3.086778402328491,0.014705359004437923
648,15.285114526748657,0.48240599036216736,0.0,0.0,0.3697487413883209,0.015238136984407902,0.005416459869593382,-3.0816073417663574,0.018612666055560112
649,15.33191180229187,0.48240599036216736,0.0,0.0,0.3569050431251526,-0.008329330943524837,-0.13620959222316742,-3.0755386352539062,0.023266205564141273
650,15.349838495254517,0.48240599036216736,0.0,0.0,0.34871047735214233,-0.026558397337794304,-0.13522325456142426,-3.0722262859344482,0.029369041323661804
651,15.381107330322266,0.48240599036216736,0.0,0.0,0.34892427921295166,-0.03891824185848236,-0.07858172059059143,-3.071485757827759,0.036695852875709534
652,15.393874883651733,0.48240599036216736,0.0,0.0,0.3503888249397278,-0.0524137020111084,-0.009716387838125229,-3.0721282958984375,0.043879419565200806
653,15.42253589630127,0.48240599036216736,0.0,0.0,0.3588133752346039,-0.06296202540397644,0.00865540374070406,-3.0720279216766357,0.04999030753970146
654,15.434492826461792,0.48240599036216736,0.0,0.0,0.3596613109111786,-0.05831924080848694,0.031037023290991783,-3.0722455978393555,0.050766922533512115
655,15.470612049102783,0.48240599036216736,0.0,0.0,0.35621392726898193,-0.04732632637023926,0.03932292014360428,-3.070829391479492,0.05528030917048454
656,15.482141256332397,0.48240599036216736,0.0,0.0,0.35871225595474243,-0.025781627744436264,0.027156859636306763,-3.0701005458831787,0.061502888798713684
657,15.512827157974243,0.48240599036216736,0.0,0.0,0.36811140179634094,0.001911848085001111,0.08102003484964371,-3.073521375656128,0.06274636089801788
658,15.524986743927002,0.48240599036216736,0.0,0.0,0.3831242620944977,0.025749465450644493,0.16230730712413788,-3.0789573192596436,0.055761948227882385
659,15.5551016330719,0.48240599036216736,0.0,0.0,0.39684635400772095,0.04419168084859848,0.23703652620315552,-3.0828723907470703,0.043477971106767654
660,15.570415496826172,0.48240599036216736,0.0,0.0,0.40305066108703613,0.05546364188194275,0.26600492000579834,-3.0847201347351074,0.03244372084736824
661,15.607625722885132,0.48240599036216736,0.0,0.0,0.4023663103580475,0.06803999841213226,0.2706812918186188,-3.0867438316345215,0.027109600603580475
662,15.6186044216156,0.48240599036216736,0.0,0.0,0.379942923784256,0.08857347071170807,0.17707519233226776,-3.0916998386383057,0.026667477563023567
663,15.647996664047241,0.48240599036216736,0.0,0.0,0.39990055561065674,0.08599349856376648,0.10447812080383301,-3.09684419631958,0.019764741882681847
664,15.66093111038208,0.48240599036216736,0.0,0.0,0.39441898465156555,0.07664453983306885,0.10151268541812897,-3.09926176071167,0.015778683125972748
665,15.690293550491333,0.48240599036216736,0.0,0.0,0.3867206871509552,0.056591589003801346,0.12195254862308502,-3.097687005996704,0.018663806840777397
666,15.701104164123535,0.48240599036216736,0.0,0.0,0.3864481449127197,0.02918429486453533,-0.03891769424080849,-3.0921144485473633,0.022141730412840843
667,15.731994867324829,0.48240599036216736,0.0,0.0,0.38211774826049805,0.004644038621336222,-0.12568968534469604,-3.0865535736083984,0.021654687821865082
668,15.744437456130981,0.48240599036216736,0.0,0.0,0.3832533061504364,-0.012470449320971966,-0.09806850552558899,-3.0840470790863037,0.021893838420510292
669,15.774234294891357,0.48240599036216736,0.0,0.0,0.3871781826019287,-0.027547217905521393,-0.08405396342277527,-3.084482192993164,0.02338789589703083
670,15.784662961959839,0.48240599036216736,0.0,0.0,0.3954242765903473,-0.04098256304860115,-0.07123197615146637,-3.0868515968322754,0.026287375018000603
671,15.814061880111694,0.48240599036216736,0.0,0.0,0.4056795537471771,-0.05721723660826683,-0.03734159097075462,-3.0889384746551514,0.0298263281583786
672,15.83743667602539,0.48240599036216736,0.0,0.0,0.42367127537727356,-0.07760143280029297,-0.014688646420836449,-3.088578462600708,0.0342300683259964
673,15.868061304092407,0.48240599036216736,0.0,0.0,0.435329407453537,-0.08427193015813828,-0.06480845808982849,-3.0864062309265137,0.03423570469021797
674,15.883623361587524,0.48240599036216736,0.0,0.0,0.4347164034843445,-0.08139307051897049,-0.11586674302816391,-3.0807576179504395,0.03749965503811836
675,15.913286447525024,0.48240599036216736,0.0,0.0,0.4323396384716034,-0.060952965170145035,-0.10122797638177872,-3.0755693912506104,0.04399850592017174
676,15.92609691619873,0.48240599036216736,0.0,0.0,0.4365334212779999,-0.02793610841035843,-0.0018602105556055903,-3.077892303466797,0.04564083367586136
677,15.956872701644897,0.48240599036216736,0.0,0.0,0.4470073878765106,-0.0052435509860515594,0.037249937653541565,-3.0855438709259033,0.037507448345422745
678,15.97186803817749,0.48240599036216736,0.0,0.0,0.45675966143608093,0.013158475048840046,0.08763638138771057,-3.092617988586426,0.02596190758049488
679,16.001556158065796,0.48240599036216736,0.0,0.0,0.4663222134113312,0.029960263520479202,0.14257162809371948,-3.0976037979125977,0.01677413284778595
680,16.013413190841675,0.48240599036216736,0.0,0.0,0.47598546743392944,0.046937812119722366,0.16493231058120728,-3.09983229637146,0.010807683691382408
681,16.044362783432007,0.48240599036216736,0.0,0.0,0.4856361150741577,0.06591450423002243,0.1996423304080963,-3.1007487773895264,0.006503421813249588
682,16.056406021118164,0.48240599036216736,0.0,0.0,0.49251192808151245,0.07944845408201218,0.22397539019584656,-3.101599931716919,0.003932268358767033
683,16.085141897201538,0.48240599036216736,0.0,0.0,0.4970174729824066,0.09136384725570679,0.23810000717639923,-3.103454351425171,0.0051033515483140945
684,16.097530841827393,0.48240599036216736,0.0,0.0,0.4748459458351135,0.0984620451927185,0.13986609876155853,-3.110276460647583,0.010494430549442768
685,16.129560947418213,0.48240599036216736,0.0,0.0,0.4664748013019562,0.09328226745128632,0.14144597947597504,-3.115126132965088,0.009670797735452652
686,16.14159607887268,0.48240599036216736,0.0,0.0,0.43895426392555237,0.07661259919404984,0.19506914913654327,-3.114672899246216,0.012863067910075188
687,16.173763513565063,0.48240599036216736,0.0,0.0,0.410564661026001,0.050319328904151917,0.0929347351193428,-3.107750654220581,0.01941060833632946
688,16.19193410873413,0.48240599036216736,0.0,0.0,0.38931941986083984,0.03126823529601097,-0.044279616326093674,-3.0990123748779297,0.02411750517785549
689,16.222445487976074,0.48240599036216736,0.0,0.0,0.37274909019470215,0.017807772383093834,-0.06465587764978409,-3.094191789627075,0.02877645008265972
690,16.235556602478027,0.48240599036216736,0.0,0.0,0.3636705279350281,0.006778087466955185,-0.03360016644001007,-3.092639684677124,0.03412138670682907
691,16.268601417541504,0.48240599036216736,0.0,0.0,0.35916954278945923,-0.0038967279251664877,0.0022673802450299263,-3.0930423736572266,0.038123585283756256
692,16.28570318222046,0.48240599036216736,0.0,0.0,0.3547426462173462,-0.015961265191435814,-0.004660499282181263,-3.0939207077026367,0.040554750710725784
693,16.317208528518677,0.48240599036216736,0.0,0.0,0.35163798928260803,-0.030326753854751587,0.0395544208586216,-3.094515562057495,0.04284472391009331
694,16.333226919174194,0.48240599036216736,0.0,0.0,0.3505416214466095,-0.048984281718730927,0.03387179225683212,-3.0932812690734863,0.04531016945838928
695,16.364127159118652,0.48240599036216736,0.0,0.0,0.3537929356098175,-0.06861259788274765,-0.05059483274817467,-3.089763879776001,0.047639135271310806
696,16.37638521194458,0.48240599036216736,0.0,0.0,0.36160439252853394,-0.08190169930458069,-0.12447956949472427,-3.086698293685913,0.0481889471411705
697,16.40501356124878,0.48240599036216736,0.0,0.0,0.368356317281723,-0.08877170085906982,-0.15665942430496216,-3.0847506523132324,0.04892393946647644
698,16.416791677474976,0.48240599036216736,0.0,0.0,0.3616408407688141,-0.08067995309829712,-0.11186462640762329,-3.083404779434204,0.054743025451898575
699,16.4495587348938,0.48240599036216736,0.0,0.0,0.3574642241001129,-0.06224058195948601,-0.013650432229042053,-3.0821726322174072,0.06882388144731522
700,16.461966276168823,0.48240599036216736,0.0,0.0,0.3604632019996643,-0.03603673353791237,0.04790937528014183,-3.0820670127868652,0.08316852897405624
701,16.490286827087402,0.48240599036216736,0.0,0.0,0.3661684989929199,-0.004574038088321686,0.13043425977230072,-3.0863635540008545,0.08948370069265366
702,16.50150966644287,0.48240599036216736,0.0,0.0,0.3758859634399414,0.01844611205160618,0.1443086862564087,-3.092212677001953,0.08502358943223953
703,16.531052350997925,0.48240599036216736,0.0,0.0,0.38323163986206055,0.03905928134918213,0.16180193424224854,-3.0955419540405273,0.0744979977607727
704,16.54326605796814,0.48240599036216736,0.0,0.0,0.3844575583934784,0.05900414288043976,0.18130843341350555,-3.0982208251953125,0.06402382999658585
705,16.574604511260986,0.48240599036216736,0.0,0.0,0.37771666049957275,0.08125930279493332,0.22438117861747742,-3.1024484634399414,0.05830441415309906
706,16.589990854263306,0.48240599036216736,0.0,0.0,0.3609927296638489,0.1073773130774498,0.21169932186603546,-3.110110282897949,0.05662401393055916
707,16.62249779701233,0.48240599036216736,0.0,0.0,0.3724595904350281,0.11165241152048111,0.23808863759040833,-3.114081382751465,0.046194713562726974
708,16.63556718826294,0.7595789432525635,0.0,0.0,0.3629499077796936,0.10075043886899948,0.23189173638820648,-3.114229202270508,0.04134480282664299
709,16.666274070739746,0.7595789432525635,0.0,0.0,0.35856515169143677,0.08570697158575058,0.1205400824546814,-3.1118648052215576,0.04454261437058449
710,16.682778358459473,0.7595789432525635,0.0,0.0,0.36260369420051575,0.077027827501297,-0.008518991991877556,-3.108354091644287,0.05040774866938591
711,16.717304229736328,0.7595789432525635,0.0,0.0,0.3663266897201538,0.07315481454133987,-0.01852499693632126,-3.1049721240997314,0.05684346333146095
712,16.7353618144989,0.7595789432525635,0.0,0.0,0.3755795955657959,0.07630995661020279,0.06044228747487068,-3.1009981632232666,0.06452217698097229
713,16.764460802078247,0.7595789432525635,0.0,0.0,0.3908466100692749,0.08074342459440231,0.1388573795557022,-3.0968775749206543,0.0722474530339241
714,16.780070543289185,0.7595789432525635,0.0,0.0,0.41304051876068115,0.08432413637638092,0.11721315234899521,-3.0936920642852783,0.07724592089653015
715,16.808258056640625,0.7595789432525635,0.0,0.0,0.43067440390586853,0.08458317071199417,0.13687166571617126,-3.092216730117798,0.07837513089179993
716,16.819144010543823,0.7595789432525635,0.0,0.0,0.4510120749473572,0.0800338089466095,0.1274556815624237,-3.0907039642333984,0.07824592292308807
717,16.848064184188843,0.7595789432525635,0.0,0.0,0.466296911239624,0.062222227454185486,0.019019709900021553,-3.0891237258911133,0.07631432265043259
718,16.86043882369995,0.7595789432525635,0.0,0.0,0.4830377697944641,0.043067075312137604,-0.07847067713737488,-3.0877230167388916,0.07234971225261688
719,16.88834834098816,0.7595789432525635,0.0,0.0,0.5034404397010803,0.026029769331216812,-0.07222159951925278,-3.0887346267700195,0.06789516657590866
720,16.902195692062378,0.7595789432525635,0.0,0.0,0.5342347621917725,0.0117281973361969,-0.08754495531320572,-3.0912277698516846,0.06605029851198196
721,16.931687831878662,0.7595789432525635,0.0,0.0,0.5712215304374695,-0.000346646411344409,-0.10579172521829605,-3.094120979309082,0.06648840010166168
722,16.944835901260376,0.7595789432525635,0.0,0.0,0.6166382431983948,-0.004323043394833803,-0.07094476372003555,-3.1001837253570557,0.06924176961183548
723,16.973519325256348,0.7595789432525635,0.0,0.0,0.6629597544670105,-0.0132000632584095,-0.04662184417247772,-3.1111526489257812,0.07278838753700256
724,16.985098838806152,0.7595789432525635,0.0,0.0,0.7083379030227661,-0.018811117857694626,0.000930431648157537,-3.1232552528381348,0.0774821937084198
725,17.01530885696411,0.7595789432525635,0.0,0.0,0.7401953339576721,-0.02999705821275711,0.034732699394226074,-3.13238787651062,0.08539776504039764
726,17.030595779418945,0.7595789432525635,0.0,0.0,0.7436575293540955,-0.04935464635491371,0.13630236685276031,-3.1341333389282227,0.10016188770532608
727,17.06182336807251,0.7595789432525635,0.0,0.0,0.750738263130188,-0.03784143924713135,-0.1665981262922287,-3.1311490535736084,0.11404605954885483
728,17.07407522201538,0.7595789432525635,0.0,0.0,0.7115081548690796,0.010812239721417427,0.13353198766708374,-3.137279510498047,0.11634466797113419
729,17.102526664733887,0.7595789432525635,0.0,0.0,0.6908406615257263,0.03475400060415268,0.27813011407852173,3.1314284801483154,0.11326170712709427
730,17.11617422103882,0.7595789432525635,0.0,0.0,0.6962544322013855,0.04626386612653732,0.30407825112342834,3.1197874546051025,0.11270491778850555
731,17.14693260192871,0.7595789432525635,0.0,0.0,0.7121950387954712,0.05804307013750076,0.35325074195861816,3.1123738288879395,0.11507440358400345
732,17.159656047821045,0.7595789432525635,0.0,0.0,0.7331600785255432,0.06642720103263855,0.3680911064147949,3.1088757514953613,0.11931300163269043
733,17.188119411468506,0.7595789432525635,0.0,0.0,0.7481326460838318,0.07122483849525452,0.36621594429016113,3.109706163406372,0.12465429306030273
734,17.2001314163208,0.7595789432525635,0.0,0.0,0.7564829587936401,0.07261417806148529,0.36099153757095337,3.1155307292938232,0.13183236122131348
735,17.23041534423828,0.7595789432525635,0.0,0.0,0.7574799060821533,0.07704401761293411,0.32111841440200806,3.1249125003814697,0.14263689517974854
736,17.242928504943848,0.7595789432525635,0.0,0.0,0.7611219882965088,0.08985864371061325,0.2061706930398941,3.135185956954956,0.15728485584259033
737,17.275616884231567,0.7595789432525635,0.0,0.0,0.7646765112876892,0.10319343954324722,0.10072971880435944,-3.1399691104888916,0.17500963807106018
738,17.287184715270996,0.7595789432525635,0.0,0.0,0.7525057792663574,0.11374145746231079,0.31594714522361755,-3.1354098320007324,0.1835344433784485
739,17.375705242156982,0.7595789432525635,0.0,0.0,0.7383864521980286,0.07877253741025925,0.2217148244380951,-3.122870683670044,0.18377287685871124
740,17.38936996459961,0.7595789432525635,0.0,0.0,0.6967319250106812,0.03852757439017296,0.05899231880903244,-3.107668399810791,0.18850518763065338
741,17.421465158462524,0.7595789432525635,0.0,0.0,0.6729789972305298,0.011849192902445793,0.03618398308753967,-3.0971250534057617,0.19262932240962982
742,17.44267702102661,0.7595789432525635,0.0,0.0,0.6646502017974854,-0.008228440769016743,0.022721756249666214,-3.092090129852295,0.19587378203868866
743,17.4725124835968,0.7595789432525635,0.0,0.0,0.6626469492912292,-0.025248335674405098,-0.007727496325969696,-3.0879087448120117,0.2008950263261795
744,17.48774290084839,0.7595789432525635,0.0,0.0,0.6619378328323364,-0.04390743747353554,-0.024617834016680717,-3.0840253829956055,0.20766609907150269
745,17.518264055252075,0.7595789432525635,0.0,0.0,0.6635834574699402,-0.06449008733034134,-0.04266735166311264,-3.081165075302124,0.21615011990070343
746,17.53042721748352,0.7595789432525635,0.0,0.0,0.6787770390510559,-0.07667287439107895,-0.0050537921488285065,-3.0809569358825684,0.22435809671878815
747,17.560062885284424,0.7595789432525635,0.0,0.0,0.6966251730918884,-0.09487161040306091,0.07636674493551254,-3.084249496459961,0.23049646615982056
748,17.574259757995605,0.7595789432525635,0.0,0.0,0.7167312502861023,-0.1168750524520874,0.1479572057723999,-3.0882747173309326,0.23639415204524994
749,17.602514505386353,0.7595789432525635,0.0,0.0,0.7375082969665527,-0.14532077312469482,0.14333653450012207,-3.090088367462158,0.24343536794185638
750,17.61391043663025,0.7595789432525635,0.0,0.0,0.7554774284362793,-0.18517723679542542,0.020172197371721268,-3.0853893756866455,0.25090113282203674
751,17.642606496810913,0.7595789432525635,0.0,0.0,0.7674695253372192,-0.20308257639408112,-0.08872492611408234,-3.07521653175354,0.2584836184978485
752,17.656198978424072,0.7595789432525635,0.0,0.0,0.7537752389907837,-0.19120097160339355,-0.13864007592201233,-3.0697920322418213,0.2636588513851166
753,17.687294244766235,0.7595789432525635,0.0,0.0,0.686249315738678,-0.1491398960351944,0.02380162477493286,-3.076237916946411,0.2735210359096527
754,17.69836664199829,0.7595789432525635,0.0,0.0,0.6369010806083679,-0.12321719527244568,-0.002276788931339979,-3.091240882873535,0.27954772114753723
755,17.727753400802612,0.7595789432525635,0.0,0.0,0.6105876564979553,-0.1121930330991745,-0.015337578020989895,-3.104637861251831,0.27835482358932495
756,17.739708423614502,0.7595789432525635,0.0,0.0,0.6089962124824524,-0.10892855376005173,0.023857038468122482,-3.112705707550049,0.27387771010398865
757,17.768506050109863,0.7595789432525635,0.0,0.0,0.6183027029037476,-0.10041827708482742,0.12399201095104218,-3.1158289909362793,0.2679422199726105
758,17.78122067451477,0.7595789432525635,0.0,0.0,0.635273277759552,-0.09168591350317001,0.1835949420928955,-3.116811990737915,0.26211971044540405
759,17.81263256072998,0.7595789432525635,0.0,0.0,0.661655843257904,-0.08821333199739456,0.16321517527103424,-3.1153433322906494,0.2566312551498413
760,17.827067852020264,0.7595789432525635,0.0,0.0,0.6798964738845825,-0.08142147213220596,0.13244159519672394,-3.1122334003448486,0.25163930654525757
761,17.85390281677246,0.7595789432525635,0.0,0.0,0.6969846487045288,-0.07485943287611008,0.068025141954422,-3.1083984375,0.24814218282699585
762,17.867515563964844,0.7595789432525635,0.0,0.0,0.713640570640564,-0.06253763288259506,0.044606808573007584,-3.1039726734161377,0.24718376994132996
763,17.89719295501709,0.7595789432525635,0.0,0.0,0.7361620664596558,-0.048258814960718155,0.07427703589200974,-3.101574182510376,0.24903462827205658
764,17.909619569778442,0.7595789432525635,0.0,0.0,0.7662246823310852,-0.03596774488687515,0.09981105476617813,-3.1006832122802734,0.2524188756942749
765,17.938480377197266,0.7595789432525635,0.0,0.0,0.7940894365310669,-0.028180750086903572,0.09830274432897568,-3.0996861457824707,0.25599926710128784
766,17.949465036392212,0.7595789432525635,0.0,0.0,0.8186632394790649,-0.02481766603887081,0.067548006772995,-3.0980587005615234,0.26042407751083374
767,17.979750394821167,0.7595789432525635,0.0,0.0,0.8329005837440491,-0.01949625462293625,0.1168663501739502,-3.0985748767852783,0.26572385430336
768,17.993516206741333,0.7595789432525635,0.0,0.0,0.7371971011161804,-0.0048628333024680614,0.3650718927383423,-3.1047415733337402,0.2739012837409973
769,18.021780252456665,0.7595789432525635,0.0,0.0,0.750507116317749,-0.026246696710586548,0.014205388724803925,-3.101140022277832,0.2702864110469818
770,18.03274917602539,0.7595789432525635,0.0,0.0,0.6990740895271301,-0.03061523661017418,-0.13419508934020996,-3.088834524154663,0.26596400141716003
771,18.061408281326294,0.7595789432525635,0.0,0.0,0.6677259206771851,-0.02052231878042221,0.04189234599471092,-3.085737943649292,0.26800113916397095
772,18.075225830078125,0.7595789432525635,0.0,0.0,0.654902458190918,-0.017381073907017708,0.026686228811740875,-3.0902669429779053,0.27416175603866577
773,18.104535579681396,0.7595789432525635,0.0,0.0,0.6462411880493164,-0.017519770190119743,-0.01758584938943386,-3.095404624938965,0.27717211842536926
774,18.1155424118042,0.7595789432525635,0.0,0.0,0.6406908631324768,-0.01985914818942547,-0.050318531692028046,-3.0991194248199463,0.276652067899704
775,18.14803409576416,0.7595789432525635,0.0,0.0,0.635870635509491,-0.02505134418606758,-0.069691501557827,-3.1002800464630127,0.2733399271965027
776,18.160324096679688,0.7595789432525635,0.0,0.0,0.6355167627334595,-0.026272553950548172,-0.048583343625068665,-3.100013494491577,0.26979613304138184
777,18.19035816192627,0.7595789432525635,0.0,0.0,0.6408164501190186,-0.0269117821007967,-0.008160587400197983,-3.1009981632232666,0.26915377378463745
778,18.206374883651733,0.7595789432525635,0.0,0.0,0.6587751507759094,-0.023043833673000336,0.03621600568294525,-3.1047792434692383,0.271687388420105
779,18.245705366134644,0.7595789432525635,0.0,0.0,0.6823397874832153,-0.025292757898569107,0.07557564228773117,-3.1116855144500732,0.2763768136501312
780,18.258286714553833,0.7595789432525635,0.0,0.0,0.7178831696510315,-0.03006911464035511,0.08077775686979294,-3.1185288429260254,0.2823598384857178
781,18.287912607192993,0.7595789432525635,0.0,0.0,0.7579993009567261,-0.03907393664121628,0.10475092381238937,-3.1233980655670166,0.28724730014801025
782,18.298794269561768,0.7595789432525635,0.0,0.0,0.7969529628753662,-0.05184508487582207,0.08875376731157303,-3.1274755001068115,0.2896423637866974
783,18.330965518951416,0.7595789432525635,0.0,0.0,0.8302297592163086,-0.06455998122692108,-0.011166791431605816,-3.129232406616211,0.289228230714798
784,18.343182802200317,0.7595789432525635,0.0,0.0,0.8369370102882385,-0.06395524740219116,-0.1269739866256714,-3.1265792846679688,0.28934186697006226
785,18.37289834022522,0.7595789432525635,0.0,0.0,0.8124677538871765,-0.047624945640563965,-0.1006963849067688,-3.126403331756592,0.2913401424884796
786,18.38800287246704,0.7595789432525635,0.0,0.0,0.7154881954193115,-0.004769140854477882,0.21345704793930054,-3.1390273571014404,0.2972821891307831
787,18.4184992313385,0.7595789432525635,0.0,0.0,0.6653680205345154,0.00878954865038395,0.1858551800251007,3.1251986026763916,0.29829543828964233
788,18.43149161338806,0.7595789432525635,0.0,0.0,0.6431361436843872,0.01646426133811474,0.1545441895723343,3.1130740642547607,0.2926654517650604
789,18.490182876586914,0.7595789432525635,0.0,0.0,0.6218124032020569,0.033808860927820206,0.24956941604614258,3.1069395542144775,0.28522026538848877
790,18.501248121261597,0.7595789432525635,0.0,0.0,0.6236131191253662,0.051625147461891174,0.2783355712890625,3.1034982204437256,0.27890196442604065
791,18.53362274169922,0.7595789432525635,0.0,0.0,0.6392475962638855,0.0696449875831604,0.26226091384887695,3.101747989654541,0.27221041917800903
792,18.54683804512024,0.7595789432525635,0.0,0.0,0.6520241498947144,0.08452088385820389,0.22764021158218384,3.102220296859741,0.2672072649002075
793,18.575042247772217,0.7595789432525635,0.0,0.0,0.6614699363708496,0.10055448859930038,0.2517191767692566,3.104752540588379,0.2662346065044403
794,18.5858314037323,0.7595789432525635,0.0,0.0,0.6835787892341614,0.11026075482368469,0.2532327175140381,3.1090898513793945,0.2695668041706085
795,18.62420129776001,0.7595789432525635,0.0,0.0,0.7108186483383179,0.11592863500118256,0.22372853755950928,3.117218494415283,0.27601709961891174
796,18.634910345077515,0.7595789432525635,0.0,0.0,0.7315921187400818,0.1252845674753189,0.2118804156780243,3.1281819343566895,0.28445619344711304
797,18.667160511016846,0.7595789432525635,0.0,0.0,0.7466716766357422,0.14222043752670288,0.169183149933815,3.138979196548462,0.29356783628463745
798,18.679413080215454,0.7595789432525635,0.0,0.0,0.6666435599327087,0.19339299201965332,0.5087947845458984,-3.136904239654541,0.3015373647212982
799,18.70767378807068,0.7595789432525635,0.0,0.0,0.7164266109466553,0.13666963577270508,0.34534263610839844,-3.1259589195251465,0.29025083780288696
800,18.718273162841797,0.7595789432525635,0.0,0.0,0.708916187286377,0.05560028925538063,0.19447706639766693,-3.103874921798706,0.2807840406894684
801,18.748727560043335,0.7595789432525635,0.0,0.0,0.7035729885101318,0.0091941449791193,0.14941272139549255,-3.0851051807403564,0.27921155095100403
802,18.767270803451538,0.7595789432525635,0.0,0.0,0.7221749424934387,-0.014662547037005424,0.1191452145576477,-3.0770368576049805,0.28134438395500183
803,18.800247192382812,0.7595789432525635,0.0,0.0,0.7344473600387573,-0.031544364988803864,0.1285121887922287,-3.075709342956543,0.28329163789749146
804,18.815291166305542,0.7595789432525635,0.0,0.0,0.7472289800643921,-0.050523050129413605,0.14081430435180664,-3.0774898529052734,0.28672969341278076
805,18.847306728363037,0.7595789432525635,0.0,0.0,0.747483491897583,-0.08197534084320068,0.06746806204319,-3.0783393383026123,0.2898043394088745
806,18.85985016822815,0.7595789432525635,0.0,0.0,0.7546383738517761,-0.11558757722377777,0.0886555090546608,-3.0754377841949463,0.29197564721107483
807,18.887784004211426,0.7595789432525635,0.0,0.0,0.7654271125793457,-0.14825737476348877,0.07688829302787781,-3.0679707527160645,0.29552996158599854
808,18.899221658706665,0.7595789432525635,0.0,0.0,0.7263240218162537,-0.17484231293201447,0.15882492065429688,-3.056692361831665,0.3048035800457001
809,18.92908263206482,0.7595789432525635,0.0,0.0,0.7110818028450012,-0.15093614161014557,-0.07741808146238327,-3.0491528511047363,0.3153802752494812
810,18.941681146621704,0.7595789432525635,0.0,0.0,0.6346573829650879,-0.09446371346712112,0.0071939341723918915,-3.0572171211242676,0.3157508969306946
811,18.96852946281433,0.7595789432525635,0.0,0.0,0.5828889608383179,-0.06387466937303543,0.024964943528175354,-3.076301097869873,0.3100980520248413
812,18.98384141921997,0.7595789432525635,0.0,0.0,0.5622016787528992,-0.05241569131612778,0.15514129400253296,-3.0941123962402344,0.30383583903312683
813,19.016069650650024,0.7595789432525635,0.0,0.0,0.5742059350013733,-0.04921235144138336,0.23665942251682281,-3.1042284965515137,0.2984674870967865
814,19.03781223297119,0.7595789432525635,0.0,0.0,0.5884260535240173,-0.035034555941820145,0.30940720438957214,-3.1066551208496094,0.2924041450023651
815,19.06542682647705,0.7595789432525635,0.0,0.0,0.6031990647315979,-0.015340183861553669,0.32886379957199097,-3.106177806854248,0.28750142455101013
816,19.078736782073975,0.7595789432525635,0.0,0.0,0.6144164204597473,-0.0009359912946820259,0.32454249262809753,-3.105376720428467,0.2848532795906067
817,19.112560510635376,0.7595789432525635,0.0,0.0,0.623426616191864,0.008401935920119286,0.29394224286079407,-3.1030781269073486,0.28527525067329407
818,19.125009536743164,0.7595789432525635,0.0,0.0,0.6338756084442139,0.016916627064347267,0.2251283824443817,-3.097961187362671,0.2888033986091614
819,19.154459714889526,0.7595789432525635,0.0,0.0,0.6455588936805725,0.030803825706243515,0.19614283740520477,-3.091611862182617,0.2943018972873688
820,19.165895700454712,0.7595789432525635,0.0,0.0,0.6633051633834839,0.04972663149237633,0.21441791951656342,-3.086547374725342,0.29970014095306396
821,19.198437452316284,0.7595789432525635,0.0,0.0,0.6851513385772705,0.06708984076976776,0.2113107144832611,-3.082864761352539,0.30365189909935
822,19.21409320831299,0.7595789432525635,0.0,0.0,0.703502357006073,0.07994688302278519,0.17785793542861938,-3.080328941345215,0.30692002177238464
823,19.24610948562622,0.7595789432525635,0.0,0.0,0.71803879737854,0.08848482370376587,0.09856318682432175,-3.079723834991455,0.31112414598464966
824,19.259682178497314,0.7595789432525635,0.0,0.0,0.7044456005096436,0.1000102087855339,0.19869783520698547,-3.0811123847961426,0.3112812936306
825,19.28939437866211,0.7595789432525635,0.0,0.0,0.7161486744880676,0.07077552378177643,0.20221446454524994,-3.0750210285186768,0.2987237870693207
826,19.301980018615723,0.7595789432525635,0.0,0.0,0.6773895025253296,0.024003174155950546,0.1631365865468979,-3.0601048469543457,0.28974437713623047
827,19.338983297348022,0.7595789432525635,0.0,0.0,0.6534496545791626,-0.0066392794251441956,0.15657736361026764,-3.0469725131988525,0.2845814526081085
828,19.35041069984436,0.7595789432525635,0.0,0.0,0.647670328617096,-0.025557219982147217,0.126700758934021,-3.040212631225586,0.2812952399253845
829,19.38199281692505,0.7595789432525635,0.0,0.0,0.6539974808692932,-0.04327414184808731,0.09123124927282333,-3.039503574371338,0.27902987599372864
830,19.3968608379364,0.7595789432525635,0.0,0.0,0.6614935398101807,-0.0663207620382309,0.050404105335474014,-3.0407047271728516,0.2771713435649872
831,19.426788330078125,0.7595789432525635,0.0,0.0,0.6727766394615173,-0.08865368366241455,0.025664737448096275,-3.0411572456359863,0.2768605649471283
832,19.44631552696228,0.7595789432525635,0.0,0.0,0.6858018636703491,-0.09969419240951538,0.027095315977931023,-3.0419540405273438,0.27725186944007874
833,19.476295948028564,0.7595789432525635,0.0,0.0,0.6972787380218506,-0.13953547179698944,0.03343622386455536,-3.043243646621704,0.2787235975265503
834,19.492308616638184,0.7595789432525635,0.0,0.0,0.7244076728820801,-0.17309312522411346,0.08593745529651642,-3.040886163711548,0.2820940315723419
835,19.521721363067627,0.7595789432525635,0.0,0.0,0.7447232604026794,-0.19559893012046814,0.07281571626663208,-3.0372865200042725,0.285411536693573
836,19.532630920410156,0.7595789432525635,0.0,0.0,0.7182868123054504,-0.2273104041814804,-0.03884778544306755,-3.032163381576538,0.2941987216472626
837,19.575679063796997,0.5652563571929932,0.0,0.0,0.6756287813186646,-0.17998607456684113,-0.058347657322883606,-3.0341458320617676,0.3030899167060852
838,19.588920831680298,0.5652563571929932,0.0,0.0,0.612510085105896,-0.1271439790725708,-0.05688067898154259,-3.052084445953369,0.30408161878585815
839,19.62079954147339,0.5652563571929932,0.0,0.0,0.576011061668396,-0.10633082687854767,-0.05679081380367279,-3.073319911956787,0.29865792393684387
840,19.635714054107666,0.5652563571929932,0.0,0.0,0.5691381096839905,-0.0932864099740982,0.11936253309249878,-3.0894198417663574,0.2919084131717682
841,19.675116300582886,0.5652563571929932,0.0,0.0,0.5923653841018677,-0.0891338437795639,0.21154892444610596,-3.099694013595581,0.28454288840293884
842,19.691945552825928,0.5652563571929932,0.0,0.0,0.6198808550834656,-0.0813879519701004,0.20935218036174774,-3.103239059448242,0.2742048501968384
843,19.7239830493927,0.5652563571929932,0.0,0.0,0.6404869556427002,-0.06867361813783646,0.20122282207012177,-3.1034724712371826,0.26227813959121704
844,19.740959882736206,0.5652563571929932,0.0,0.0,0.6550769209861755,-0.055503204464912415,0.2004462629556656,-3.1038482189178467,0.2518901526927948
845,19.772600889205933,0.5652563571929932,0.0,0.0,0.665319561958313,-0.04841165244579315,0.16871963441371918,-3.1033947467803955,0.2455444484949112
846,19.78354024887085,0.5652563571929932,0.0,0.0,0.6693887114524841,-0.03811471909284592,0.1514597237110138,-3.0996367931365967,0.245395690202713
847,19.81382966041565,0.5652563571929932,0.0,0.0,0.6796876788139343,-0.025594741106033325,0.15668371319770813,-3.094294786453247,0.25045502185821533
848,19.828932523727417,0.5652563571929932,0.0,0.0,0.7039734721183777,-0.008066675625741482,0.17191697657108307,-3.0885963439941406,0.258232057094574
849,19.858784198760986,0.5652563571929932,0.0,0.0,0.7300393581390381,0.0030915308743715286,0.16433674097061157,-3.0836188793182373,0.2660031318664551
850,19.8732430934906,0.6957852244377136,0.0,0.0,0.7520552277565002,0.013862969353795052,0.1599501669406891,-3.0789926052093506,0.2731432318687439
851,19.90455937385559,0.6957852244377136,0.0,0.0,0.7666845917701721,0.02193629927933216,0.1918594241142273,-3.0774896144866943,0.2815929055213928
852,19.915623903274536,0.6957852244377136,0.0,0.0,0.755128026008606,0.027617322281003,0.24110406637191772,-3.0818331241607666,0.2865324020385742
853,19.94652009010315,0.6957852244377136,0.0,0.0,0.7277483940124512,0.010989774018526077,0.06825441122055054,-3.078329086303711,0.2809370756149292
854,19.958738088607788,0.6957852244377136,0.0,0.0,0.6667883992195129,-0.008345336653292179,0.005102470517158508,-3.069363832473755,0.2770869731903076
855,19.99334144592285,0.6957852244377136,0.0,0.0,0.6265396475791931,-0.015553225763142109,0.06804240494966507,-3.0633676052093506,0.2783966660499573
856,20.0062255859375,0.6957852244377136,0.0,0.0,0.6099383234977722,-0.018105486407876015,0.10332198441028595,-3.06371808052063,0.2829841077327728
857,20.03516149520874,0.6957852244377136,0.0,0.0,0.6030844449996948,-0.0233438890427351,0.06333398073911667,-3.0676965713500977,0.286492258310318
858,20.04745602607727,0.6957852244377136,0.0,0.0,0.5931047797203064,-0.03115169331431389,0.0230098944157362,-3.072420835494995,0.28600603342056274
859,20.077646017074585,0.6957852244377136,0.0,0.0,0.582251250743866,-0.04087621718645096,0.01021778117865324,-3.0764658451080322,0.28426358103752136
860,20.088847637176514,0.6957852244377136,0.0,0.0,0.5813654065132141,-0.04915735125541687,0.02963167242705822,-3.078305244445801,0.28412067890167236
861,20.118269205093384,0.6957852244377136,0.0,0.0,0.5817297101020813,-0.06246804818511009,0.021256722509860992,-3.078964948654175,0.2841609716415405
862,20.13309645652771,0.6957852244377136,0.0,0.0,0.5891743302345276,-0.06965459883213043,0.04504261910915375,-3.077678680419922,0.28190934658050537
863,20.16317868232727,0.6957852244377136,0.0,0.0,0.5970633029937744,-0.07982945442199707,0.06508301943540573,-3.0767760276794434,0.2791728675365448
864,20.17601490020752,0.6957852244377136,0.0,0.0,0.6057327389717102,-0.09453611075878143,0.07261930406093597,-3.0770857334136963,0.2791076898574829
865,20.207043886184692,0.6957852244377136,0.0,0.0,0.6185392737388611,-0.10538133978843689,0.04564084857702255,-3.077967643737793,0.28286072611808777
866,20.218932390213013,0.6957852244377136,0.0,0.0,0.6309733390808105,-0.11303354054689407,0.13453423976898193,-3.0795609951019287,0.2910638451576233
867,20.252073526382446,0.6957852244377136,0.0,0.0,0.6482654809951782,-0.12763194739818573,-0.011302877217531204,-3.080500602722168,0.3016577363014221
868,20.2656991481781,0.6957852244377136,0.0,0.0,0.6610396504402161,-0.10778847336769104,-0.1560569703578949,-3.0810253620147705,0.30438172817230225
869,20.307756185531616,0.6957852244377136,0.0,0.0,0.6284767985343933,-0.06930147111415863,-0.09077822417020798,-3.087049961090088,0.31056854128837585
870,20.31911540031433,0.6957852244377136,0.0,0.0,0.5573992133140564,-0.02436557598412037,0.07365942746400833,-3.103034257888794,0.31977522373199463
871,20.35201668739319,0.6957852244377136,0.0,0.0,0.5099859237670898,0.0006013344973325729,0.03228754550218582,-3.120727062225342,0.32452815771102905
872,20.367563247680664,0.6957852244377136,0.0,0.0,0.48619604110717773,0.01746794953942299,-0.005926778540015221,-3.131951332092285,0.323685884475708
873,20.39971423149109,0.6957852244377136,0.0,0.0,0.47473523020744324,0.03943512588739395,0.0013275370001792908,-3.1358072757720947,0.3203113377094269
874,20.41693878173828,0.6957852244377136,0.0,0.0,0.46603795886039734,0.07312478125095367,0.07843507826328278,-3.136286973953247,0.3179110586643219
875,20.451725721359253,0.6957852244377136,0.0,0.0,0.4690360724925995,0.1107330322265625,0.15215203166007996,-3.1376278400421143,0.31957560777664185
876,20.46403741836548,0.6957852244377136,0.0,0.0,0.4949725568294525,0.13052092492580414,0.059915944933891296,-3.137953758239746,0.32371804118156433
877,20.493654489517212,0.6957852244377136,0.0,0.0,0.5096005797386169,0.1522093415260315,0.021334799006581306,-3.1349713802337646,0.32759058475494385
878,20.5061936378479,0.6957852244377136,0.0,0.0,0.5155646204948425,0.18036936223506927,-0.008899187669157982,-3.133063554763794,0.3331764042377472
879,20.535611629486084,0.6957852244377136,0.0,0.0,0.5144396424293518,0.21021464467048645,-0.009267706423997879,-3.135039806365967,0.3409299850463867
880,20.54707169532776,0.6957852244377136,0.0,0.0,0.5267212390899658,0.21567945182323456,0.05599480867385864,-3.1377763748168945,0.3337644636631012
881,20.58038306236267,0.6957852244377136,0.0,0.0,0.5457188487052917,0.18744587898254395,0.33714938163757324,-3.130690336227417,0.31189534068107605
882,20.595011949539185,0.6957852244377136,0.0,0.0,0.5437061786651611,0.13298125565052032,0.261787474155426,-3.114610195159912,0.2900535464286804
883,20.62796139717102,0.6957852244377136,0.0,0.0,0.5386033654212952,0.10246595740318298,0.2028677761554718,-3.0998270511627197,0.27751749753952026
884,20.640769004821777,0.6957852244377136,0.0,0.0,0.5486238598823547,0.08688434213399887,0.09386129677295685,-3.0927505493164062,0.2745010554790497
885,20.73575448989868,0.6957852244377136,0.0,0.0,0.5585578083992004,0.07687937468290329,0.09460766613483429,-3.0926029682159424,0.2748624384403229
886,20.74810814857483,0.6957852244377136,0.0,0.0,0.5809044241905212,0.07212617993354797,0.17730560898780823,-3.096323251724243,0.2743561863899231
887,20.78747034072876,0.6957852244377136,0.0,0.0,0.5780853033065796,0.04738309234380722,0.10592540353536606,-3.0979650020599365,0.27173444628715515
888,20.79865264892578,0.6957852244377136,0.0,0.0,0.5852413177490234,0.019329136237502098,0.08777204900979996,-3.095381736755371,0.2688601016998291
889,20.83014941215515,0.6957852244377136,0.0,0.0,0.6090430021286011,0.007082197815179825,0.1214190274477005,-3.091639280319214,0.26727095246315
890,20.841776132583618,0.6957852244377136,0.0,0.0,0.6439386010169983,-0.002686774358153343,0.2270364612340927,-3.090749979019165,0.2680068612098694
891,20.872572660446167,0.6957852244377136,0.0,0.0,0.6910936832427979,-0.029188737273216248,0.20280425250530243,-3.091373920440674,0.26941218972206116
892,20.884176015853882,0.6957852244377136,0.0,0.0,0.7282338738441467,-0.058890923857688904,0.07023791968822479,-3.0882246494293213,0.2702758312225342
893,20.92117714881897,0.9805779457092285,0.0,0.0,0.6844999194145203,-0.057770393788814545,0.15706877410411835,-3.087813377380371,0.27526557445526123
894,20.935261487960815,0.9805779457092285,0.0,0.0,0.626693844795227,-0.056796830147504807,0.02193629927933216,-3.092660665512085,0.280639111995697
895,20.96571707725525,0.9805779457092285,0.0,0.0,0.5506373047828674,-0.03255779668688774,-0.19665482640266418,-3.101591110229492,0.27496346831321716
896,20.988725662231445,0.9805779457092285,0.0,0.0,0.44794511795043945,0.009664122015237808,-0.06474725157022476,-3.1160948276519775,0.27784430980682373
897,21.01811408996582,0.9805779457092285,0.0,0.0,0.3983166515827179,0.036802977323532104,0.2145320177078247,-3.134084463119507,0.2922956943511963
898,21.030292749404907,0.9805779457092285,0.0,0.0,0.40393415093421936,0.05355266481637955,0.4267173409461975,3.1334800720214844,0.30914008617401123
899,21.059372186660767,0.9805779457092285,0.0,0.0,0.4403199553489685,0.06978403776884079,0.43400686979293823,3.1234354972839355,0.3221205472946167
900,21.07663106918335,0.9805779457092285,0.0,0.0,0.47120630741119385,0.08382637053728104,0.27704718708992004,3.122056007385254,0.3317980170249939
901,21.10714554786682,0.9805779457092285,0.0,0.0,0.4809163510799408,0.09542285650968552,0.17132389545440674,3.126054286956787,0.33947715163230896
902,21.118574380874634,0.9805779457092285,0.0,0.0,0.4801054894924164,0.10763514786958694,0.1669103354215622,3.1291329860687256,0.34578225016593933
903,21.151712656021118,0.9805779457092285,0.0,0.0,0.4841780960559845,0.10922452062368393,0.17454035580158234,3.127794027328491,0.34782734513282776
904,21.169657468795776,0.9805779457092285,0.0,0.0,0.5308918356895447,0.10307439416646957,0.168439120054245,3.1268317699432373,0.3400707542896271
905,21.198591470718384,0.9805779457092285,0.0,0.0,0.5826875567436218,0.07969250530004501,0.08793652057647705,3.129595994949341,0.33409836888313293
906,21.213685274124146,0.9805779457092285,0.0,0.0,0.6376707553863525,0.05465149134397507,0.10782396793365479,3.135587692260742,0.33734244108200073
907,21.2458233833313,0.9805779457092285,0.0,0.0,0.7124184966087341,0.024160128086805344,0.08634339272975922,3.1414833068847656,0.3434724509716034
908,21.258492708206177,0.9805779457092285,0.0,0.0,0.7843165397644043,0.0004018321633338928,0.06852538138628006,-3.1380255222320557,0.34235772490501404
909,21.28761887550354,0.9805779457092285,0.0,0.0,0.8212122321128845,-0.008053850382566452,0.07513987272977829,-3.1392123699188232,0.3378772735595703
910,21.298818349838257,0.9805779457092285,0.0,0.0,0.7757872343063354,0.004956858232617378,0.26507434248924255,3.1335654258728027,0.3328166604042053
911,21.331615447998047,0.9805779457092285,0.0,0.0,0.7308860421180725,-0.0006437762640416622,0.19119368493556976,3.1197433471679688,0.3183146119117737
912,21.34428858757019,0.9805779457092285,0.0,0.0,0.6818440556526184,-0.007858101278543472,0.035173602402210236,3.1116957664489746,0.29404711723327637
913,21.372409105300903,0.9805779457092285,0.0,0.0,0.6008318662643433,-0.0012281741946935654,-0.16559387743473053,3.109609842300415,0.2700960040092468
914,21.383493900299072,0.9805779457092285,0.0,0.0,0.5644352436065674,0.02021375298500061,-0.5517317056655884,3.1056621074676514,0.24618980288505554
915,21.412225484848022,0.9805779457092285,0.0,0.0,0.4793451726436615,0.04559021443128586,-0.4401962161064148,3.089684247970581,0.23056934773921967
916,21.42600655555725,0.9805779457092285,0.0,0.0,0.4609389305114746,0.06738972663879395,0.09838733077049255,3.067655563354492,0.24630121886730194
917,21.4546959400177,0.9805779457092285,0.0,0.0,0.5039482116699219,0.08137360960245132,0.50595623254776,3.0444562435150146,0.26862671971321106
918,21.46666145324707,0.9805779457092285,0.0,0.0,0.5801655650138855,0.07723253965377808,0.42251938581466675,3.0323503017425537,0.28701525926589966
919,21.50242042541504,0.9805779457092285,0.0,0.0,0.677715003490448,0.08802903443574905,0.16232958436012268,3.036221742630005,0.3040909171104431
920,21.51704454421997,0.9805779457092285,0.0,0.0,0.7751561999320984,0.08664433658123016,-0.13540717959403992,3.0439484119415283,0.3244352638721466
921,21.547517776489258,0.9805779457092285,0.0,0.0,0.8488622903823853,0.0832856148481369,-0.13708986341953278,3.0535898208618164,0.34631919860839844
922,21.55983328819275,0.9805779457092285,0.0,0.0,0.9064302444458008,0.08145751059055328,0.07478305697441101,3.06209135055542,0.3666381239891052
923,21.590070247650146,0.9805779457092285,0.0,0.0,0.9487670063972473,0.08476069569587708,-0.004946060478687286,3.0713987350463867,0.3831786513328552
924,21.60117244720459,0.9805779457092285,0.0,0.0,0.9692333340644836,0.1011660099029541,-0.17307236790657043,3.086873769760132,0.3954886198043823
925,21.63118624687195,0.9805779457092285,0.0,0.0,0.9704333543777466,0.12759457528591156,-0.2383522242307663,3.1047940254211426,0.4039125144481659
926,21.645046949386597,0.9805779457092285,0.0,0.0,0.9586948752403259,0.15413200855255127,-0.11287282407283783,3.117257833480835,0.4122333228588104
927,21.67808485031128,0.9805779457092285,0.0,0.0,0.8835893273353577,0.16993100941181183,0.23716461658477783,3.1225671768188477,0.4191879630088806
928,21.690077304840088,0.9805779457092285,0.0,0.0,0.8759724497795105,0.1185479611158371,0.14606191217899323,3.140049934387207,0.405922532081604
929,21.719205379486084,0.9805779457092285,0.0,0.0,0.8220678567886353,0.08481349050998688,0.16517037153244019,-3.118232011795044,0.389041543006897
930,21.734803438186646,0.9805779457092285,0.0,0.0,0.7848681807518005,0.07093627750873566,0.19855882227420807,-3.099503517150879,0.37847915291786194
931,21.768038511276245,0.9805779457092285,0.0,0.0,0.7709173560142517,0.062088742852211,0.18315568566322327,-3.092534303665161,0.3723333477973938
932,21.784850358963013,0.9805779457092285,0.0,0.0,0.7653811573982239,0.04965201020240784,0.2166246622800827,-3.0958893299102783,0.3652000427246094
933,21.81217312812805,0.9805779457092285,0.0,0.0,0.7535514235496521,0.025560615584254265,0.16707399487495422,-3.102172374725342,0.35492032766342163
934,21.832749128341675,0.9805779457092285,0.0,0.0,0.73682701587677,-0.0020341239869594574,0.07648828625679016,-3.1027495861053467,0.3412640690803528
935,21.86440372467041,0.9805779457092285,0.0,0.0,0.7270643711090088,-0.023915786296129227,0.07924576103687286,-3.097598075866699,0.3275027573108673
936,21.877795457839966,0.9805779457092285,0.0,0.0,0.7258560061454773,-0.0448869913816452,0.10222896933555603,-3.090912342071533,0.31588494777679443
937,21.908318758010864,0.9805779457092285,0.0,0.0,0.7387781739234924,-0.0744604840874672,0.08096057921648026,-3.0847537517547607,0.30792951583862305
938,21.921597003936768,0.9805779457092285,0.0,0.0,0.7675731778144836,-0.0958772674202919,0.11301159113645554,-3.08087158203125,0.30468934774398804
939,21.950263738632202,0.9805779457092285,0.0,0.0,0.8070932030677795,-0.12446683645248413,0.11973154544830322,-3.0805933475494385,0.3042103350162506
940,21.962036609649658,0.9805779457092285,0.0,0.0,0.8534108996391296,-0.16099494695663452,0.09894970059394836,-3.078280210494995,0.3068745732307434
941,21.991742372512817,0.9805779457092285,0.0,0.0,0.8896880745887756,-0.19101139903068542,0.03284312039613724,-3.0699501037597656,0.31206822395324707
942,22.006779193878174,0.9805779457092285,0.0,0.0,0.9229176640510559,-0.20149004459381104,-0.10284273326396942,-3.0634384155273438,0.31376147270202637
943,22.037185430526733,0.9805779457092285,0.0,0.0,0.9025543332099915,-0.17973144352436066,-0.09351348131895065,-3.0647287368774414,0.31843870878219604
944,22.05519700050354,0.9805779457092285,0.0,0.0,0.818673849105835,-0.1233823224902153,0.08405206352472305,-3.084076166152954,0.3256230354309082
945,22.085565328598022,0.9805779457092285,0.0,0.0,0.7756730914115906,-0.09765101969242096,0.07982125133275986,-3.1114652156829834,0.3249776065349579
946,22.100602388381958,0.9805779457092285,0.0,0.0,0.7746168971061707,-0.09272054582834244,0.10139177739620209,-3.133925199508667,0.31665128469467163
947,22.13054347038269,0.9805779457092285,0.0,0.0,0.7816587686538696,-0.08209408819675446,0.19660590589046478,3.136310577392578,0.3055732250213623
948,22.145054578781128,0.9805779457092285,0.0,0.0,0.7898550033569336,-0.06426768749952316,0.24415414035320282,3.1303892135620117,0.2943788170814514
949,22.17479968070984,0.9805779457092285,0.0,0.0,0.7999541759490967,-0.048899222165346146,0.2742258906364441,3.127556085586548,0.2849826514720917
950,22.190515518188477,0.9805779457092285,0.0,0.0,0.8286216259002686,-0.043276622891426086,0.25078147649765015,3.126389503479004,0.2794588506221771
951,22.221591234207153,0.9805779457092285,0.0,0.0,0.8604531288146973,-0.0425933301448822,0.20496144890785217,3.128138780593872,0.2753199636936188
952,22.242729902267456,0.9805779457092285,0.0,0.0,0.883455753326416,-0.039729729294776917,0.158990740776062,3.133908987045288,0.2714158296585083
953,22.279633045196533,0.9805779457092285,0.0,0.0,0.8913893699645996,-0.03640711307525635,0.20343056321144104,-3.1400575637817383,0.26942938566207886
954,22.294222593307495,0.9805779457092285,0.0,0.0,0.8816938996315002,-0.031782366335392,0.30718642473220825,-3.1310038566589355,0.27014198899269104
955,22.322774171829224,0.9805779457092285,0.0,0.0,0.8186156749725342,-0.026323771104216576,0.6146715879440308,-3.125676155090332,0.258201539516449
956,22.337950229644775,0.9805779457092285,0.0,0.0,0.7640286087989807,-0.06905238330364227,0.46639999747276306,-3.1071135997772217,0.24130606651306152
957,22.368878602981567,0.9805779457092285,0.0,0.0,0.6980957388877869,-0.11424817144870758,0.299949049949646,-3.089362621307373,0.23679423332214355
958,22.381234645843506,0.9805779457092285,0.0,0.0,0.6731559634208679,-0.15208618342876434,0.17811205983161926,-3.0802440643310547,0.23824767768383026
959,22.413191318511963,0.9805779457092285,0.0,0.0,0.6673309206962585,-0.1771087795495987,-0.07044873386621475,-3.0756642818450928,0.23378197848796844
960,22.42655658721924,0.9805779457092285,0.0,0.0,0.6704369187355042,-0.19057130813598633,-0.09653094410896301,-3.07602596282959,0.2264384925365448
961,22.458553075790405,0.9805779457092285,0.0,0.0,0.6663253307342529,-0.19854623079299927,-0.12411408126354218,-3.076824188232422,0.2235887199640274
962,22.47499442100525,0.9805779457092285,0.0,0.0,0.6541969180107117,-0.20396757125854492,-0.13348212838172913,-3.076061487197876,0.22397997975349426
963,22.508203506469727,0.9805779457092285,0.0,0.0,0.6303496956825256,-0.22338435053825378,0.00029535219073295593,-3.072453737258911,0.22743062674999237
964,22.522179126739502,0.9805779457092285,0.0,0.0,0.6324226260185242,-0.23268094658851624,-0.07641278207302094,-3.0665524005889893,0.23143239319324493
965,22.552016973495483,0.9805779457092285,0.0,0.0,0.649961531162262,-0.20031073689460754,-0.053237225860357285,-3.068002223968506,0.22771069407463074
966,22.564853191375732,0.9805779457092285,0.0,0.0,0.6601212024688721,-0.1550803929567337,0.008921105414628983,-3.0771684646606445,0.22598859667778015
967,22.59730076789856,0.9805779457092285,0.0,0.0,0.678103506565094,-0.10870128870010376,0.13362449407577515,-3.0927271842956543,0.22111347317695618
968,22.60917592048645,0.9805779457092285,0.0,0.0,0.7082490921020508,-0.07607167214155197,0.1841944456100464,-3.1080880165100098,0.20627519488334656
969,22.63808512687683,0.9805779457092285,0.0,0.0,0.7397482991218567,-0.056241050362586975,0.13940444588661194,-3.116804838180542,0.18662814795970917
970,22.650270462036133,0.9805779457092285,0.0,0.0,0.7666588425636292,-0.034315433353185654,0.09427244961261749,-3.1177499294281006,0.1700931340456009
971,22.679746627807617,0.9805779457092285,0.0,0.0,0.7920524477958679,-0.008443368598818779,0.12725956737995148,-3.115571975708008,0.15812206268310547
972,22.69169855117798,0.9805779457092285,0.0,0.0,0.8245343565940857,0.014540125615894794,0.14975133538246155,-3.1112043857574463,0.14941421151161194
973,22.720102310180664,0.9805779457092285,0.0,0.0,0.8586897850036621,0.035152897238731384,0.14113594591617584,-3.103592872619629,0.1415596753358841
974,22.73137140274048,0.9805779457092285,0.0,0.0,0.8855711817741394,0.05328238010406494,0.1510116159915924,-3.0955121517181396,0.1337600201368332
975,22.761931896209717,0.9805779457092285,0.0,0.0,0.9114246368408203,0.0755394771695137,0.20920053124427795,-3.0904061794281006,0.12694156169891357
976,22.77363634109497,0.9805779457092285,0.0,0.0,0.9346814155578613,0.0892467200756073,0.1735605150461197,-3.0905144214630127,0.12159974128007889
977,22.806111574172974,0.9805779457092285,0.0,0.0,0.9244357347488403,0.10058882087469101,0.12259908020496368,-3.097282648086548,0.11533340811729431
978,22.816760540008545,0.9805779457092285,0.0,0.0,0.9259752631187439,0.08250942826271057,0.03026045672595501,-3.098021984100342,0.0943688377737999
979,22.84813904762268,0.9805779457092285,0.0,0.0,0.8959466814994812,0.05916159600019455,-0.015809115022420883,-3.0911641120910645,0.07458364218473434
980,22.864601612091064,0.9805779457092285,0.0,0.0,0.8830999135971069,0.04804781824350357,-0.050167813897132874,-3.082289457321167,0.06267985701560974
981,22.897433519363403,0.9805779457092285,0.0,0.0,0.8818202018737793,0.043496232479810715,-0.06113375350832939,-3.076916217803955,0.058320291340351105
982,22.90789294242859,0.9805779457092285,0.0,0.0,0.8933359980583191,0.04753190279006958,-0.08397598564624786,-3.0757930278778076,0.05896232649683952
983,22.98216938972473,0.9805779457092285,0.0,0.0,0.9047046899795532,0.04624446853995323,-0.06448370963335037,-3.0798792839050293,0.06092895194888115
984,22.994409799575806,0.9805779457092285,0.0,0.0,0.9223634600639343,0.040123697370290756,-0.01568549871444702,-3.0883376598358154,0.06215399131178856
985,23.02885127067566,0.9805779457092285,0.0,0.0,0.9492425322532654,0.032273318618535995,0.03459709882736206,-3.0997886657714844,0.06123316287994385
986,23.041242599487305,0.9805779457092285,0.0,0.0,0.9847962260246277,0.014844597317278385,0.012727456167340279,-3.1093380451202393,0.05890259891748428
987,23.072815895080566,0.9805779457092285,0.0,0.0,1.0178966522216797,0.005478993058204651,-0.004653529264032841,-3.1127848625183105,0.05611098185181618
988,23.092054843902588,0.9805779457092285,0.0,0.0,1.028051495552063,-0.00433360505849123,-0.03053857386112213,-3.1105144023895264,0.05817900598049164
989,23.12606382369995,0.8594347834587097,0.0,0.0,1.0131927728652954,0.0010485766688361764,-0.07270841300487518,-3.106703519821167,0.0636771097779274
990,23.13926339149475,0.8594347834587097,0.0,0.0,0.977325439453125,0.029695769771933556,0.1840430051088333,-3.1121904850006104,0.061900656670331955
991,23.172428607940674,0.8594347834587097,0.0,0.0,0.9587357640266418,0.04179080203175545,0.283168226480484,-3.1256227493286133,0.04997817799448967
992,23.18996238708496,0.8594347834587097,0.0,0.0,0.9542216062545776,0.03665027394890785,0.20623397827148438,-3.1385600566864014,0.039634574204683304
993,23.22588276863098,0.8594347834587097,0.0,0.0,0.952693521976471,0.03081977181136608,0.16186925768852234,3.134617567062378,0.036141201853752136
994,23.241470098495483,0.8594347834587097,0.0,0.0,0.964270293712616,0.02346382476389408,0.16659554839134216,3.1282691955566406,0.03752141818404198
995,23.2700412273407,0.8594347834587097,0.0,0.0,0.9726864695549011,0.014997879043221474,0.2191692292690277,3.1277551651000977,0.038066405802965164
996,23.281861543655396,0.8594347834587097,0.0,0.0,0.9725449085235596,0.009674430824816227,0.32268816232681274,3.133167028427124,0.037098973989486694
997,23.31303095817566,0.8594347834587097,0.0,0.0,0.9666162133216858,0.004765724763274193,0.41940194368362427,-3.140261650085449,0.03742378577589989
998,23.32704448699951,0.8594347834587097,0.0,0.0,0.9524185657501221,0.001455116318538785,0.4108535051345825,-3.1299285888671875,0.04456276446580887
999,23.35695457458496,0.8594347834587097,0.0,0.0,0.9427732825279236,-0.0015400624834001064,0.29254406690597534,-3.1230509281158447,0.06428989768028259
1000,23.37075161933899,0.8594347834587097,0.0,0.0,0.9191360473632812,-0.009786944836378098,0.49435216188430786,-3.122298002243042,0.08549055457115173
1001,23.40606689453125,0.8594347834587097,0.0,0.0,0.8897215723991394,-0.04844753444194794,0.3992612659931183,-3.1155545711517334,0.09110457450151443
1002,23.421630144119263,0.8594347834587097,0.0,0.0,0.8228273391723633,-0.09100235253572464,-0.015348355285823345,-3.103008508682251,0.09049388766288757
1003,23.45024085044861,0.8594347834587097,0.0,0.0,0.7657955884933472,-0.11731994152069092,-0.1542230099439621,-3.0917115211486816,0.0914764553308487
1004,23.463250637054443,0.8594347834587097,0.0,0.0,0.7281200289726257,-0.13658255338668823,-0.15632562339305878,-3.08443021774292,0.09751659631729126
1005,23.490746021270752,0.8594347834587097,0.0,0.0,0.697357177734375,-0.1564970314502716,-0.1774355173110962,-3.0770487785339355,0.10532126575708389
1006,23.507869482040405,0.8594347834587097,0.0,0.0,0.6756220459938049,-0.17155158519744873,-0.129794180393219,-3.0684826374053955,0.11276253312826157
1007,23.539740085601807,0.8594347834587097,0.0,0.0,0.6782349944114685,-0.18165478110313416,-0.07353991270065308,-3.060840368270874,0.11762059479951859
1008,23.55044174194336,0.8594347834587097,0.0,0.0,0.6705799698829651,-0.1599738895893097,-0.05199591442942619,-3.0605781078338623,0.11180002242326736
1009,23.580543041229248,0.8594347834587097,0.0,0.0,0.6600502133369446,-0.12822717428207397,0.0336274579167366,-3.0659360885620117,0.11485952138900757
1010,23.594610691070557,0.8594347834587097,0.0,0.0,0.6776131987571716,-0.0943872332572937,0.101761594414711,-3.07291316986084,0.11848265677690506
1011,23.62463402748108,0.8594347834587097,0.0,0.0,0.7005995512008667,-0.0665004625916481,0.13922154903411865,-3.0782248973846436,0.10995650291442871
1012,23.639288187026978,0.8594347834587097,0.0,0.0,0.721769392490387,-0.047850579023361206,0.1486273854970932,-3.0809268951416016,0.0950341746211052
1013,23.670438051223755,0.8594347834587097,0.0,0.0,0.7365113496780396,-0.03513325750827789,0.18740004301071167,-3.080854892730713,0.08219487965106964
1014,23.692909479141235,0.8594347834587097,0.0,0.0,0.7477388381958008,-0.025120973587036133,0.2268470674753189,-3.0778322219848633,0.07359319925308228
1015,23.722155570983887,0.8594347834587097,0.0,0.0,0.7614373564720154,-0.017899440601468086,0.21684488654136658,-3.0742685794830322,0.06724604964256287
1016,23.734720945358276,0.8594347834587097,0.0,0.0,0.7778300046920776,-0.010517957620322704,0.17991894483566284,-3.072490930557251,0.06187715381383896
1017,23.766812562942505,0.8594347834587097,0.0,0.0,0.7950835227966309,-0.004953010473400354,0.15255914628505707,-3.074953556060791,0.058949779719114304
1018,23.782673835754395,0.8594347834587097,0.0,0.0,0.7931174039840698,0.009877277538180351,0.12625105679035187,-3.0846519470214844,0.06007549166679382
1019,23.812840700149536,0.8594347834587097,0.0,0.0,0.8073157668113708,0.008262883871793747,0.16326768696308136,-3.0956077575683594,0.05524557828903198
1020,23.824411869049072,0.8594347834587097,0.0,0.0,0.7818854451179504,-0.010313533246517181,0.06867598742246628,-3.0989632606506348,0.04856918752193451
1021,23.85240387916565,0.8594347834587097,0.0,0.0,0.7579819560050964,-0.026677291840314865,-0.03923853486776352,-3.0940442085266113,0.04251425713300705
1022,23.86497473716736,0.8594347834587097,0.0,0.0,0.7418376803398132,-0.03736024722456932,-0.059991370886564255,-3.0862815380096436,0.03890497609972954
1023,23.89768934249878,0.8594347834587097,0.0,0.0,0.7338923811912537,-0.04220294579863548,-0.08493783324956894,-3.0800065994262695,0.03893172740936279
1024,23.9105703830719,0.8594347834587097,0.0,0.0,0.7314701080322266,-0.04669000953435898,-0.09119102358818054,-3.0780608654022217,0.04189310967922211
1025,23.938258171081543,0.8594347834587097,0.0,0.0,0.7400861382484436,-0.052611153572797775,-0.05519835278391838,-3.0803754329681396,0.04545076563954353
1026,23.956458806991577,0.8594347834587097,0.0,0.0,0.7576874494552612,-0.05790887027978897,-0.005208262708038092,-3.085669755935669,0.04707394167780876
1027,23.985262393951416,0.8594347834587097,0.0,0.0,0.7804538011550903,-0.06604555994272232,0.05289571359753609,-3.092144727706909,0.046938806772232056
1028,23.997691869735718,0.8594347834587097,0.0,0.0,0.8063194155693054,-0.07996496558189392,0.08059687912464142,-3.097066879272461,0.046163782477378845
1029,24.030445337295532,0.8594347834587097,0.0,0.0,0.830507755279541,-0.09533966332674026,0.07680581510066986,-3.0985007286071777,0.046774107962846756
1030,24.040467500686646,0.8594347834587097,0.0,0.0,0.8391737341880798,-0.09291045367717743,-0.07970920950174332,-3.0995869636535645,0.04657972976565361
1031,24.06670880317688,0.8594347834587097,0.0,0.0,0.8214902877807617,-0.07295702397823334,-0.10407564043998718,-3.101318120956421,0.049878474324941635
1032,24.07706928253174,0.8594347834587097,0.0,0.0,0.8084672093391418,-0.03217213973402977,0.03802443668246269,-3.109700918197632,0.05184151977300644
1033,24.107248067855835,0.8594347834587097,0.0,0.0,0.8141268491744995,0.0008864194387570024,0.15940150618553162,-3.1239728927612305,0.04397369548678398
1034,24.11904549598694,0.8594347834587097,0.0,0.0,0.8296469449996948,0.02231161668896675,0.20356380939483643,-3.136662483215332,0.032627806067466736
1035,24.15133786201477,0.8594347834587097,0.0,0.0,0.8479860424995422,0.0398859903216362,0.2571069002151489,3.1386380195617676,0.02334728091955185
1036,24.16558313369751,0.8594347834587097,0.0,0.0,0.8596320152282715,0.05505254492163658,0.31897950172424316,3.134929656982422,0.0171970184892416
1037,24.200202703475952,0.8594347834587097,0.0,0.0,0.8730886578559875,0.07074262946844101,0.32426103949546814,3.136072874069214,0.012171624228358269
1038,24.212969303131104,0.8594347834587097,0.0,0.0,0.8855229616165161,0.08716901391744614,0.3659653067588806,3.139940023422241,0.006001588888466358
1039,24.240702629089355,0.8594347834587097,0.0,0.0,0.8861449360847473,0.09468196332454681,0.41252899169921875,-3.141134738922119,0.0035963263362646103
1040,24.255211114883423,0.8594347834587097,0.0,0.0,0.8474581837654114,0.10540717840194702,0.15699827671051025,3.1385340690612793,0.012906874530017376
1041,24.284796953201294,0.8594347834587097,0.0,0.0,0.8262539505958557,0.08979156613349915,0.24907490611076355,3.13315486907959,0.01893562264740467
1042,24.301589488983154,0.8594347834587097,0.0,0.0,0.7793620228767395,0.056650470942258835,0.11588914692401886,3.137995719909668,0.02306430973112583
1043,24.33577585220337,0.8594347834587097,0.0,0.0,0.7403056621551514,0.030292870476841927,-0.05552136152982712,-3.1355276107788086,0.028258321806788445
1044,24.347265481948853,0.8594347834587097,0.0,0.0,0.7139652371406555,0.012446141801774502,-0.09433120489120483,-3.1295478343963623,0.03437349572777748
1045,24.38028049468994,0.8594347834587097,0.0,0.0,0.6996610760688782,-0.001216105418279767,-0.06097075343132019,-3.127826452255249,0.040527183562517166
1046,24.392478227615356,0.8594347834587097,0.0,0.0,0.6937158703804016,-0.013871774077415466,0.007565873675048351,-3.1281960010528564,0.04522475227713585
1047,24.420365571975708,0.8594347834587097,0.0,0.0,0.692716121673584,-0.026269573718309402,0.02997327223420143,-3.1294188499450684,0.04754670709371567
1048,24.434045553207397,0.8594347834587097,0.0,0.0,0.6918620467185974,-0.04279971122741699,0.03619663417339325,-3.130559206008911,0.04929833486676216
1049,24.463642835617065,0.8594347834587097,0.0,0.0,0.699825644493103,-0.0569952167570591,0.04699026048183441,-3.132070302963257,0.051869966089725494
1050,24.476990699768066,0.8594347834587097,0.0,0.0,0.7150527238845825,-0.0746016576886177,0.08460190147161484,-3.133725643157959,0.05457634851336479
1051,24.50594401359558,0.8594347834587097,0.0,0.0,0.73419588804245,-0.09285314381122589,0.11440212279558182,-3.1334147453308105,0.05731759965419769
1052,24.51676869392395,0.8594347834587097,0.0,0.0,0.7552167177200317,-0.1152975857257843,0.0996246337890625,-3.1293134689331055,0.06181482970714569
1053,24.5458562374115,0.8594347834587097,0.0,0.0,0.7802854776382446,-0.12518689036369324,-0.051067452877759933,-3.122309923171997,0.06446222960948944
1054,24.557924270629883,0.8594347834587097,0.0,0.0,0.7783889770507812,-0.127531960606575,-0.1457671821117401,-3.1131317615509033,0.06763514131307602
1055,24.585845470428467,0.8594347834587097,0.0,0.0,0.7616592049598694,-0.10442852228879929,-0.05748755484819412,-3.1050312519073486,0.07721840590238571
1056,24.597403049468994,0.8594347834587097,0.0,0.0,0.748372495174408,-0.06677545607089996,0.12833483517169952,-3.106849431991577,0.08309462666511536
1057,24.627175092697144,0.8594347834587097,0.0,0.0,0.7500550150871277,-0.04331967234611511,0.15054552257061005,-3.114866018295288,0.07716018706560135
1058,24.639833450317383,0.8594347834587097,0.0,0.0,0.7551184296607971,-0.027831951156258583,0.09726496040821075,-3.1225552558898926,0.06600625067949295
1059,24.66921377182007,0.8594347834587097,0.0,0.0,0.7593618035316467,-0.01238815113902092,0.09166500717401505,-3.1280393600463867,0.05584311485290527
1060,24.679913759231567,0.8594347834587097,0.0,0.0,0.7573652863502502,0.007301277946680784,0.151556134223938,-3.132312297821045,0.0493919737637043
1061,24.71293067932129,0.8594347834587097,0.0,0.0,0.7635244131088257,0.02312852069735527,0.20646682381629944,-3.135550022125244,0.04577924311161041
1062,24.72652769088745,0.8594347834587097,0.0,0.0,0.773074209690094,0.040253378450870514,0.24366958439350128,-3.135369300842285,0.04196681082248688
1063,24.755593299865723,0.8594347834587097,0.0,0.0,0.779854953289032,0.05436021462082863,0.2577965557575226,-3.1335537433624268,0.0386112704873085
1064,24.77080225944519,0.8594347834587097,0.0,0.0,0.7836296558380127,0.06705204397439957,0.20907771587371826,-3.1315057277679443,0.04007115960121155
1065,24.80169439315796,0.8594347834587097,0.0,0.0,0.7813916206359863,0.08368270099163055,0.26378101110458374,-3.1299753189086914,0.041420456022024155
1066,24.814556121826172,0.8594347834587097,0.0,0.0,0.7773807048797607,0.07411488145589828,0.38394954800605774,-3.1250343322753906,0.032937489449977875
1067,24.84346604347229,0.8594347834587097,0.0,0.0,0.7372668981552124,0.039951253682374954,0.1959066241979599,-3.11948561668396,0.03113943710923195
1068,24.85660481452942,0.8594347834587097,0.0,0.0,0.7033287882804871,0.006198414601385593,-0.06546429544687271,-3.114083766937256,0.037205085158348083
1069,24.887566804885864,0.8594347834587097,0.0,0.0,0.6838260889053345,-0.020708175376057625,-0.14853435754776,-3.111262559890747,0.044021230190992355
1070,24.898448705673218,0.8594347834587097,0.0,0.0,0.6766971945762634,-0.041569143533706665,-0.10530693084001541,-3.109435558319092,0.05021214112639427
1071,24.92945885658264,0.8594347834587097,0.0,0.0,0.6752862334251404,-0.0610552653670311,0.013583284802734852,-3.1073174476623535,0.055716175585985184
1072,24.94205141067505,0.8594347834587097,0.0,0.0,0.6783139705657959,-0.08033354580402374,0.09263971447944641,-3.1056711673736572,0.06050769239664078
1073,24.975332021713257,0.8594347834587097,0.0,0.0,0.7069846987724304,-0.09577307105064392,-0.05786576867103577,-3.1060452461242676,0.05860493332147598
1074,24.990031480789185,0.8594347834587097,0.0,0.0,0.7033226490020752,-0.1078818142414093,-0.194575235247612,-3.1078906059265137,0.0494314506649971
1075,25.02576208114624,0.8594347834587097,0.0,0.0,0.6863061785697937,-0.09994310140609741,-0.17380011081695557,-3.1065311431884766,0.0534856952726841
1076,25.03977060317993,0.8594347834587097,0.0,0.0,0.6849995255470276,-0.06839283555746078,-0.05453974008560181,-3.1062285900115967,0.06548523157835007
1077,25.073673963546753,0.8594347834587097,0.0,0.0,0.7046470046043396,-0.03184353932738304,0.0698879212141037,-3.110426187515259,0.06963513046503067
1078,25.087412118911743,0.8594347834587097,0.0,0.0,0.73446124792099,-0.009163212031126022,0.06330827623605728,-3.1157450675964355,0.06061966344714165
1079,25.118890285491943,0.8594347834587097,0.0,0.0,0.752770721912384,0.008317060768604279,0.04375765845179558,-3.1190073490142822,0.04706836864352226
1080,25.134356021881104,0.8594347834587097,0.0,0.0,0.7622871994972229,0.026896407827734947,0.08579272031784058,-3.120272159576416,0.03689618036150932
1081,25.22866940498352,0.8594347834587097,0.0,0.0,0.7778318524360657,0.0442647859454155,0.15153038501739502,-3.120098829269409,0.030667098239064217
1082,25.24348545074463,0.8594347834587097,0.0,0.0,0.7902103066444397,0.0578642375767231,0.21764349937438965,-3.1192076206207275,0.025959597900509834
1083,25.273604154586792,0.8594347834587097,0.0,0.0,0.7993918061256409,0.06881102174520493,0.24322132766246796,-3.1197242736816406,0.02453945390880108
1084,25.284886837005615,0.8594347834587097,0.0,0.0,0.7947123050689697,0.08785247802734375,0.13908812403678894,-3.1254231929779053,0.027209565043449402
1085,25.31540274620056,0.8594347834587097,0.0,0.0,0.7868905067443848,0.08588939905166626,0.19164255261421204,-3.1311991214752197,0.022233610972762108
1086,25.330570697784424,0.8594347834587097,0.0,0.0,0.7486688494682312,0.06393726915121078,0.10966062545776367,-3.1315271854400635,0.02035769447684288
1087,25.36056685447693,0.8594347834587097,0.0,0.0,0.7163600325584412,0.040424272418022156,0.040674805641174316,-3.1263973712921143,0.02152249403297901
1088,25.372626543045044,0.8594347834587097,0.0,0.0,0.6928272843360901,0.021915260702371597,-0.036687128245830536,-3.119119644165039,0.021827183663845062
1089,25.404385566711426,0.8594347834587097,0.0,0.0,0.6763010621070862,0.010187727399170399,-0.07507815957069397,-3.1143996715545654,0.023606371134519577
1090,25.416760444641113,0.8594347834587097,0.0,0.0,0.6661337614059448,-0.0005732810241170228,-0.054529882967472076,-3.1135425567626953,0.0279921293258667
1091,25.448314666748047,0.8594347834587097,0.0,0.0,0.6688382029533386,-0.005826930981129408,-0.04230769723653793,-3.116107702255249,0.03277212381362915
1092,25.460830211639404,0.8594347834587097,0.0,0.0,0.6742441058158875,-0.013512944802641869,-0.005896593909710646,-3.122047185897827,0.03575368598103523
1093,25.490416765213013,0.8594347834587097,0.0,0.0,0.6858976483345032,-0.027094628661870956,0.07519042491912842,-3.1288461685180664,0.03791710361838341
1094,25.501823663711548,0.8594347834587097,0.0,0.0,0.7073634266853333,-0.0426395945250988,0.11837293207645416,-3.134188652038574,0.0375506766140461
1095,25.541998624801636,0.8594347834587097,0.0,0.0,0.732336699962616,-0.06167164072394371,0.07770805060863495,-3.136971950531006,0.03397194296121597
1096,25.55708909034729,0.8594347834587097,0.0,0.0,0.7558193206787109,-0.0832304134964943,0.0025915070436894894,-3.1362035274505615,0.02949739620089531
1097,25.589436531066895,0.8594347834587097,0.0,0.0,0.7790676355361938,-0.09558877348899841,0.009245545603334904,-3.133857488632202,0.027303781360387802
1098,25.606585025787354,0.8594347834587097,0.0,0.0,0.8062977194786072,-0.10007340461015701,-0.08379724621772766,-3.131528854370117,0.027566328644752502
1099,25.637605905532837,0.8594347834587097,0.0,0.0,0.8002464175224304,-0.09682708978652954,-0.12165693193674088,-3.1285765171051025,0.027321910485625267
1100,25.647997856140137,0.8594347834587097,0.0,0.0,0.7813469171524048,-0.07325662672519684,-0.003741177963092923,-3.1257803440093994,0.031940966844558716
1101,25.681223154067993,0.8594347834587097,0.0,0.0,0.7724096179008484,-0.04054339975118637,0.1587451994419098,-3.130021810531616,0.03173699975013733
1102,25.693190097808838,0.8594347834587097,0.0,0.0,0.7722929120063782,-0.019351957365870476,0.1698429435491562,-3.1396827697753906,0.024718761444091797
1103,25.722723722457886,0.8594347834587097,0.0,0.0,0.7777986526489258,-0.004760130774229765,0.14590902626514435,3.1337010860443115,0.017062384635210037
1104,25.749661207199097,0.8594347834587097,0.0,0.0,0.7753105759620667,0.010321362875401974,0.16590645909309387,3.1255970001220703,0.012158134952187538
1105,25.787592887878418,0.8594347834587097,0.0,0.0,0.7695395946502686,0.02603667974472046,0.1876852959394455,3.118704080581665,0.011073238216340542
1106,25.798677444458008,0.8594347834587097,0.0,0.0,0.7673724293708801,0.04492597281932831,0.17802129685878754,3.1140193939208984,0.011154776439070702
1107,25.83143901824951,0.8594347834587097,0.0,0.0,0.772689938545227,0.06348026543855667,0.13915526866912842,3.1115760803222656,0.011313620954751968
1108,25.844722986221313,0.8594347834587097,0.0,0.0,0.7799832224845886,0.08023586869239807,0.07333595305681229,3.1084437370300293,0.012759413570165634
1109,25.87279486656189,0.8594347834587097,0.0,0.0,0.7836861610412598,0.0986056849360466,0.02902640588581562,3.1042730808258057,0.014486249536275864
1110,25.887824535369873,0.8594347834587097,0.0,0.0,0.7853180766105652,0.11220204830169678,0.03788232430815697,3.1039886474609375,0.01148138102144003
1111,25.91630744934082,0.8594347834587097,0.0,0.0,0.7746627926826477,0.11547484248876572,0.12703679502010345,3.1060454845428467,0.00844646617770195
1112,25.928454875946045,0.8594347834587097,0.0,0.0,0.7581554651260376,0.10632482171058655,0.19094569981098175,3.1102190017700195,0.008967439644038677
1113,25.956573963165283,0.8594347834587097,0.0,0.0,0.7401475310325623,0.08774668723344803,0.041616130620241165,3.1170663833618164,0.008936922065913677
1114,25.972161054611206,0.8594347834587097,0.0,0.0,0.7256705164909363,0.07330203801393509,-0.06642357259988785,3.125274658203125,0.004890122450888157
1115,26.001991987228394,0.8594347834587097,0.0,0.0,0.7181885838508606,0.0631970688700676,-0.06010736525058746,3.1319539546966553,-0.0005364203243516386
1116,26.014682292938232,0.8594347834587097,0.0,0.0,0.7113863825798035,0.050153911113739014,-0.013097329065203667,3.136997938156128,-0.005331377498805523
1117,26.04576349258423,0.8594347834587097,0.0,0.0,0.7106080651283264,0.03832949697971344,-0.014217915013432503,3.140856981277466,-0.008458003401756287
1118,26.05865216255188,0.8594347834587097,0.0,0.0,0.7178897261619568,0.029310137033462524,-0.034194447100162506,-3.1408016681671143,-0.010436861775815487
1119,26.092741012573242,0.8594347834587097,0.0,0.0,0.7321895956993103,0.018240828067064285,-0.0009123410563915968,3.141099452972412,-0.01186355296522379
1120,26.104100227355957,0.8594347834587097,0.0,0.0,0.7544885873794556,0.006810723338276148,0.023636439815163612,3.1374614238739014,-0.012822723016142845
1121,26.13249945640564,0.8594347834587097,0.0,0.0,0.7805917859077454,-0.004673213232308626,0.02295079082250595,3.1329219341278076,-0.01379411295056343
1122,26.144619464874268,0.8594347834587097,0.0,0.0,0.813116192817688,-0.02020234800875187,-0.04555558040738106,3.1294872760772705,-0.015408969484269619
1123,26.17805051803589,0.8594347834587097,0.0,0.0,0.8442437648773193,-0.034121073782444,-0.06654185056686401,3.1294360160827637,-0.017870347946882248
1124,26.190670251846313,0.8594347834587097,0.0,0.0,0.8691510558128357,-0.03880941495299339,-0.10708045214414597,3.1345295906066895,-0.018927114084362984
1125,26.218491792678833,0.8594347834587097,0.0,0.0,0.863837718963623,-0.032188791781663895,-0.18529900908470154,-3.1397407054901123,-0.017839645966887474
1126,26.235515594482422,0.8594347834587097,0.0,0.0,0.8479238152503967,0.0013245190493762493,-0.0470832884311676,-3.1348776817321777,-0.018162885680794716
1127,26.267565727233887,0.8594347834587097,0.0,0.0,0.835493266582489,0.030069896951317787,0.13022030889987946,-3.13866925239563,-0.02587444894015789
1128,26.278244972229004,0.8594347834587097,0.0,0.0,0.8273912072181702,0.045378852635622025,0.15066587924957275,3.1360208988189697,-0.03483614698052406
1129,26.349894046783447,0.8594347834587097,0.0,0.0,0.8263131380081177,0.05199037492275238,0.11106915026903152,3.1266708374023438,-0.041098080575466156
1130,26.3616042137146,0.8594347834587097,0.0,0.0,0.8202853202819824,0.062366582453250885,0.15497493743896484,3.119356393814087,-0.04417652636766434
1131,26.39153814315796,0.8594347834587097,0.0,0.0,0.8157743215560913,0.07224126905202866,0.21420292556285858,3.1152098178863525,-0.04425651580095291
1132,26.402246713638306,0.8594347834587097,0.0,0.0,0.8112733960151672,0.0815453752875328,0.2980572581291199,3.113424062728882,-0.045060399919748306
1133,26.435094594955444,0.8594347834587097,0.0,0.0,0.8039749264717102,0.09259375929832458,0.2746056318283081,3.1107993125915527,-0.045804575085639954
1134,26.44918656349182,0.8594347834587097,0.0,0.0,0.8004085421562195,0.10459855943918228,0.12422824651002884,3.1048362255096436,-0.0414685420691967
1135,26.483986139297485,0.8594347834587097,0.0,0.0,0.8045070171356201,0.12332765758037567,0.030332742258906364,3.0952820777893066,-0.03032727539539337
1136,26.50060725212097,0.8594347834587097,0.0,0.0,0.807701826095581,0.14046400785446167,0.001318182796239853,3.0876405239105225,-0.014395729638636112
1137,26.534789562225342,0.8594347834587097,0.0,0.0,0.8031132817268372,0.1364370733499527,0.36579111218452454,3.08685040473938,-0.0006696523050777614
1138,26.558015823364258,0.8594347834587097,0.0,0.0,0.7954099774360657,0.10565737634897232,0.4671439528465271,3.098952531814575,0.004914136603474617
1139,26.587645769119263,0.8594347834587097,0.0,0.0,0.7785857319831848,0.0673980712890625,0.24344022572040558,3.11513614654541,0.004655619617551565
1140,26.598742723464966,0.8594347834587097,0.0,0.0,0.7407483458518982,0.021687045693397522,-0.022133413702249527,3.1313765048980713,-0.0019404520280659199
1141,26.62847089767456,0.8594347834587097,0.0,0.0,0.6968663930892944,-0.020565664395689964,-0.14057151973247528,-3.1368134021759033,-0.008861478418111801
1142,26.644301652908325,0.8594347834587097,0.0,0.0,0.667914092540741,-0.05179345980286598,-0.15090492367744446,-3.124368906021118,-0.01213677879422903
1143,26.67512273788452,0.8594347834587097,0.0,0.0,0.6484159231185913,-0.07432222366333008,-0.14738516509532928,-3.1157968044281006,-0.012413064949214458
1144,26.687152862548828,0.8594347834587097,0.0,0.0,0.6397107243537903,-0.08909471333026886,-0.061193495988845825,-3.1114389896392822,-0.008203797042369843
1145,26.71475315093994,0.8594347834587097,0.0,0.0,0.6256131529808044,-0.10091453790664673,0.20173662900924683,-3.1094303131103516,0.0047541228123009205
1146,26.729966402053833,0.8594347834587097,0.0,0.0,0.6282026171684265,-0.07830922305583954,0.0774935781955719,-3.108063220977783,0.01858501136302948
1147,26.763033628463745,0.8594347834587097,0.0,0.0,0.6275016069412231,-0.04441274702548981,-0.17168506979942322,-3.104701042175293,0.01763068698346615
1148,26.7778902053833,0.8594347834587097,0.0,0.0,0.6285978555679321,-0.007550887297838926,-0.12118940055370331,-3.0995757579803467,0.011360413394868374
1149,26.812198400497437,0.8594347834587097,0.0,0.0,0.63099604845047,0.04687524959445,0.031346432864665985,-3.0984268188476562,0.007556886877864599
1150,26.82355833053589,0.8594347834587097,0.0,0.0,0.6459444761276245,0.10066671669483185,0.16560098528862,-3.105600118637085,0.0060969144105911255
1151,26.851940870285034,0.8594347834587097,0.0,0.0,0.6654283404350281,0.1325589120388031,0.25719591975212097,-3.1189095973968506,0.004297332838177681
1152,26.863799333572388,0.8594347834587097,0.0,0.0,0.6748476028442383,0.14966212213039398,0.2110309600830078,-3.134777545928955,0.005446167197078466
1153,26.89367127418518,0.8594347834587097,0.0,0.0,0.6800752282142639,0.1608511507511139,0.1473563313484192,3.1335878372192383,0.012003015726804733
1154,26.905584812164307,0.8594347834587097,0.0,0.0,0.677276611328125,0.16596537828445435,0.07017476111650467,3.122225761413574,0.024598034098744392
1155,26.938704013824463,0.8594347834587097,0.0,0.0,0.6737256646156311,0.1598951816558838,0.18106599152088165,3.1185712814331055,0.0357770174741745
1156,26.95864725112915,0.8594347834587097,0.0,0.0,0.6800137758255005,0.1420048624277115,0.20745456218719482,3.1297152042388916,0.03659982234239578
1157,26.989397287368774,0.8594347834587097,0.0,0.0,0.6995561122894287,0.13791221380233765,0.13611111044883728,-3.137899398803711,0.027985848486423492
1158,27.000494718551636,0.8594347834587097,0.0,0.0,0.7069293856620789,0.1341371387243271,0.08855482935905457,-3.1289265155792236,0.013442116789519787
1159,27.032808780670166,0.8594347834587097,0.0,0.0,0.6939899325370789,0.11143147200345993,0.0204470194876194,-3.125122308731079,-0.0005919455434195697
1160,27.049330234527588,0.8594347834587097,0.0,0.0,0.6784112453460693,0.07992953062057495,-0.05468543618917465,-3.11895751953125,-0.01403050683438778
1161,27.080415964126587,0.8594347834587097,0.0,0.0,0.6707810759544373,0.05453626811504364,-0.06949906796216965,-3.1108109951019287,-0.029029520228505135
1162,27.092777967453003,0.8594347834587097,0.0,0.0,0.6682457327842712,0.03580164909362793,-0.06812205910682678,-3.1037650108337402,-0.042764678597450256
1163,27.12161159515381,0.8594347834587097,0.0,0.0,0.6668840646743774,0.01767844147980213,-0.08100345730781555,-3.0992703437805176,-0.05341391637921333
1164,27.132522106170654,0.8594347834587097,0.0,0.0,0.6713043451309204,0.0015924444887787104,-0.10845634341239929,-3.0980312824249268,-0.06088506430387497
1165,27.165014028549194,0.8594347834587097,0.0,0.0,0.6819824576377869,-0.020414767786860466,-0.06460659205913544,-3.09977126121521,-0.06626347452402115
1166,27.1773579120636,0.8594347834587097,0.0,0.0,0.700880765914917,-0.042614541947841644,-0.04001106694340706,-3.1026175022125244,-0.07119134068489075
1167,27.213945388793945,0.8594347834587097,0.0,0.0,0.7260107398033142,-0.06149842590093613,-0.04544369876384735,-3.1070966720581055,-0.07700522989034653
1168,27.242424249649048,0.8594347834587097,0.0,0.0,0.750200092792511,-0.08340557664632797,-0.08531729876995087,-3.1131699085235596,-0.08295239508152008
1169,27.306788206100464,0.8594347834587097,0.0,0.0,0.7729483246803284,-0.10271190106868744,-0.13964435458183289,-3.1191415786743164,-0.08652469515800476
1170,27.322917461395264,0.8594347834587097,0.0,0.0,0.7948250770568848,-0.11734344810247421,-0.15418857336044312,-3.1244256496429443,-0.08494766801595688
1171,27.353893756866455,0.8594347834587097,0.0,0.0,0.8194150328636169,-0.13901138305664062,-0.1640990823507309,-3.1260459423065186,-0.07659124583005905
1172,27.37303113937378,0.8594347834587097,0.0,0.0,0.8511189222335815,-0.16258633136749268,-0.08703939616680145,-3.1210596561431885,-0.0631360411643982
1173,27.408230543136597,0.8594347834587097,0.0,0.0,0.8669711351394653,-0.17000812292099,-0.10622751712799072,-3.111713171005249,-0.051906075328588486
1174,27.419021606445312,0.8594347834587097,0.0,0.0,0.8616495728492737,-0.15653112530708313,-0.08467317372560501,-3.1004135608673096,-0.04775962978601456
1175,27.446362733840942,0.8594347834587097,0.0,0.0,0.8270600438117981,-0.12778034806251526,-0.10477817058563232,-3.0945522785186768,-0.05118706822395325
1176,27.4610493183136,0.8594347834587097,0.0,0.0,0.7915070652961731,-0.10073714703321457,-0.10060755908489227,-3.095587730407715,-0.059595607221126556
1177,27.493294954299927,0.8594347834587097,0.0,0.0,0.7573805451393127,-0.075864277780056,-0.03330180048942566,-3.102149248123169,-0.06589774787425995
1178,27.50911593437195,0.8594347834587097,0.0,0.0,0.7342382073402405,-0.059168413281440735,-0.01826399937272072,-3.1125097274780273,-0.06757217645645142
1179,27.541409969329834,0.8594347834587097,0.0,0.0,0.7156378030776978,-0.046926192939281464,-0.011726745404303074,-3.1232268810272217,-0.06652800738811493
1180,27.554312229156494,0.8594347834587097,0.0,0.0,0.7050229907035828,-0.03925876319408417,-0.03460972383618355,-3.132392644882202,-0.06500659137964249
1181,27.58462405204773,0.8594347834587097,0.0,0.0,0.699369490146637,-0.03195595368742943,-0.008182046934962273,-3.138554811477661,-0.06484481692314148
1182,27.596925258636475,0.8594347834587097,0.0,0.0,0.6939921379089355,-0.024337835609912872,0.025829501450061798,3.1410908699035645,-0.06467976421117783
1183,27.632956743240356,0.8594347834587097,0.0,0.0,0.6884078979492188,-0.016941174864768982,0.02318979613482952,3.1415200233459473,-0.0625690296292305
1184,27.645073175430298,0.8594347834587097,0.0,0.0,0.6906430125236511,-0.004371249116957188,-0.01226856466382742,-3.1378285884857178,-0.058335792273283005
1185,27.6736056804657,0.8594347834587097,0.0,0.0,0.6998101472854614,0.007299261167645454,-0.02249041013419628,-3.1343884468078613,-0.054210811853408813
1186,27.68468999862671,0.8594347834587097,0.0,0.0,0.7144591808319092,0.020554829388856888,-0.05289158970117569,-3.1332671642303467,-0.0492275096476078
1187,27.71635603904724,0.8594347834587097,0.0,0.0,0.7375535368919373,0.034290291368961334,-0.11409351974725723,-3.1346945762634277,-0.04368651658296585
1188,27.728453159332275,0.8594347834587097,0.0,0.0,0.7638736367225647,0.04948802292346954,-0.10464367270469666,-3.137629985809326,-0.038518402725458145
1189,27.75747847557068,0.8594347834587097,0.0,0.0,0.7896643280982971,0.06481941789388657,-0.027288425713777542,3.139012336730957,-0.033200547099113464
1190,27.76822543144226,0.8594347834587097,0.0,0.0,0.8114108443260193,0.07855608314275742,0.03161710500717163,3.126199245452881,-0.02735399454832077
1191,27.803585290908813,0.8594347834587097,0.0,0.0,0.8161998391151428,0.09797224402427673,0.05125691741704941,3.1081130504608154,-0.01589784026145935
1192,27.81584620475769,0.8594347834587097,0.0,0.0,0.8027665615081787,0.07210835814476013,0.3319340944290161,3.1001596450805664,-0.008950482122600079
1193,27.848078966140747,0.8594347834587097,0.0,0.0,0.7836589217185974,0.042201898992061615,0.3331534266471863,3.1098995208740234,-0.01243466418236494
1194,27.86032724380493,0.8594347834587097,0.0,0.0,0.7455639243125916,0.016316547989845276,-0.0014876220375299454,3.1279239654541016,-0.024464618414640427
1195,27.890806436538696,0.8594347834587097,0.0,0.0,0.6993954181671143,-0.0007502699736505747,-0.23757463693618774,3.1415040493011475,-0.034658174961805344
1196,27.902040004730225,0.8594347834587097,0.0,0.0,0.6549150943756104,-0.01653880439698696,-0.22328779101371765,-3.134949207305908,-0.03786439448595047
1197,27.934463024139404,0.8594347834587097,0.0,0.0,0.6235147714614868,-0.03526047244668007,-0.07808905094861984,-3.1296792030334473,-0.037194378674030304
1198,27.946813106536865,0.8594347834587097,0.0,0.0,0.6101466417312622,-0.04477750509977341,-0.04353179782629013,-3.1266822814941406,-0.037714093923568726
1199,27.97575855255127,0.8594347834587097,0.0,0.0,0.5994818806648254,-0.05607031658291817,-0.037104059010744095,-3.1284477710723877,-0.03976703807711601
1200,27.986437797546387,0.8594347834587097,0.0,0.0,0.5916067957878113,-0.07033150643110275,-0.0058108139783144,-3.132188081741333,-0.04136224463582039
1201,28.017401218414307,0.8594347834587097,0.0,0.0,0.5884103775024414,-0.08878323435783386,0.02168268710374832,-3.135298490524292,-0.04319222271442413
1202,28.02986741065979,0.8594347834587097,0.0,0.0,0.5870070457458496,-0.10703292489051819,-0.0054956478998064995,-3.1382081508636475,-0.04654164984822273
1203,28.06071162223816,0.8594347834587097,0.0,0.0,0.5851978063583374,-0.12175591289997101,0.024335995316505432,-3.1414554119110107,-0.04924851283431053
1204,28.07592225074768,0.8594347834587097,0.0,0.0,0.584989070892334,-0.13134941458702087,0.09680889546871185,3.1398637294769287,-0.04930849373340607
1205,28.105427980422974,0.8594347834587097,0.0,0.0,0.5864855051040649,-0.1428341269493103,0.10490036755800247,3.13968825340271,-0.04779388755559921
1206,28.116496086120605,0.8594347834587097,0.0,0.0,0.5882119536399841,-0.1502307653427124,0.01477997936308384,3.1414763927459717,-0.04564971104264259
1207,28.147242307662964,0.8594347834587097,0.0,0.0,0.5885500907897949,-0.14971710741519928,-0.09325331449508667,-3.139207601547241,-0.04258260130882263
1208,28.159541130065918,0.8594347834587097,0.0,0.0,0.589834451675415,-0.14177697896957397,-0.1303439438343048,-3.136246681213379,-0.0381295382976532
1209,28.189982175827026,0.8594347834587097,0.0,0.0,0.5912103056907654,-0.12268205732107162,-0.09286569058895111,-3.1342368125915527,-0.033269744366407394
1210,28.2002432346344,0.8594347834587097,0.0,0.0,0.6008251905441284,-0.09285524487495422,0.044819898903369904,-3.133936643600464,-0.032009780406951904
1211,28.23067879676819,0.8594347834587097,0.0,0.0,0.616316020488739,-0.06067221239209175,0.16918060183525085,-3.135209798812866,-0.039339132606983185
1212,28.24484944343567,0.8594347834587097,0.0,0.0,0.6340003609657288,-0.032362863421440125,0.21915973722934723,-3.1390769481658936,-0.05310947448015213
1213,28.278627395629883,0.8594347834587097,0.0,0.0,0.6501784324645996,-0.009625116363167763,0.2687208950519562,3.1371986865997314,-0.0666653960943222
1214,28.290557146072388,0.8594347834587097,0.0,0.0,0.6652018427848816,0.010251248255372047,0.2882162034511566,3.128603458404541,-0.07708490639925003
1215,28.32035255432129,0.8594347834587097,0.0,0.0,0.685634970664978,0.028667379170656204,0.35568371415138245,3.1198997497558594,-0.08621254563331604
1216,28.332164764404297,0.8594347834587097,0.0,0.0,0.707051694393158,0.05017361417412758,0.38513627648353577,3.1138856410980225,-0.09482493251562119
1217,28.367797374725342,0.8594347834587097,0.0,0.0,0.7366282939910889,0.07353421300649643,0.3912440240383148,3.112485647201538,-0.10337933152914047
1218,28.380300760269165,0.8594347834587097,0.0,0.0,0.7669558525085449,0.09232799708843231,0.45364829897880554,3.110804796218872,-0.11131608486175537
1219,28.410844564437866,0.8594347834587097,0.0,0.0,0.7890098690986633,0.10364329069852829,0.4631160795688629,3.1053295135498047,-0.1132606640458107
1220,28.42225480079651,0.8594347834587097,0.0,0.0,0.7935894131660461,0.10125771909952164,0.5300242304801941,3.101107120513916,-0.11227638274431229
1221,28.45209527015686,0.8594347834587097,0.0,0.0,0.7838696837425232,0.07195635139942169,0.39629727602005005,3.107839822769165,-0.11661234498023987
1222,28.472209215164185,0.8594347834587097,0.0,0.0,0.7578593492507935,0.035300180315971375,0.04225257784128189,3.119415521621704,-0.12596073746681213
1223,28.50320863723755,0.8594347834587097,0.0,0.0,0.7176468372344971,-0.000744902528822422,-0.1552724689245224,3.1293559074401855,-0.13377095758914948
1224,28.51640510559082,0.8594347834587097,0.0,0.0,0.6831967830657959,-0.03401138260960579,-0.16763338446617126,3.1379125118255615,-0.1350272297859192
1225,28.601042985916138,0.8594347834587097,0.0,0.0,0.6668251156806946,-0.05998001620173454,-0.10295146703720093,-3.1381571292877197,-0.1313616782426834
1226,28.613200902938843,0.8594347834587097,0.0,0.0,0.6655939817428589,-0.07768721133470535,-0.09542372822761536,-3.1349830627441406,-0.1265076994895935
1227,28.6441388130188,0.8594347834587097,0.0,0.0,0.6737532019615173,-0.09595662355422974,-0.09179172664880753,-3.136927604675293,-0.12186913192272186
1228,28.65868830680847,0.8594347834587097,0.0,0.0,0.6894755363464355,-0.10764314979314804,-0.1188850849866867,3.141404867172241,-0.11824692040681839
1229,28.689910650253296,0.8594347834587097,0.0,0.0,0.7074048519134521,-0.1255609691143036,-0.10700398683547974,3.1355161666870117,-0.11490552127361298
1230,28.701491355895996,0.8594347834587097,0.0,0.0,0.7297192811965942,-0.1498386412858963,-0.08147360384464264,3.1324942111968994,-0.11140548437833786
1231,28.73793363571167,0.8594347834587097,0.0,0.0,0.7511289715766907,-0.17158755660057068,-0.06405515968799591,3.1339621543884277,-0.10675659775733948
1232,28.751919269561768,0.8594347834587097,0.0,0.0,0.770662784576416,-0.18814800679683685,0.024775125086307526,3.140169143676758,-0.0974724292755127
1233,28.78398847579956,0.8594347834587097,0.0,0.0,0.7801780700683594,-0.2071891576051712,0.16452719271183014,-3.1324431896209717,-0.08272745460271835
1234,28.798460245132446,0.8594347834587097,0.0,0.0,0.7566665410995483,-0.21699309349060059,0.07825317233800888,-3.117415189743042,-0.06676851958036423
1235,28.830233812332153,0.8594347834587097,0.0,0.0,0.721238374710083,-0.21825315058231354,0.02136348932981491,-3.0961432456970215,-0.04561494663357735
1236,28.845935583114624,0.8594347834587097,0.0,0.0,0.6768573522567749,-0.2155146598815918,-0.11249489337205887,-3.0730648040771484,-0.023125480860471725
1237,28.879619598388672,0.8594347834587097,0.0,0.0,0.6347405910491943,-0.21072016656398773,-0.28563767671585083,-3.0540683269500732,-0.00011580060527194291
1238,28.892052173614502,0.4200543463230133,0.0,0.0,0.6070311069488525,-0.18950532376766205,-0.4175585210323334,-3.0471291542053223,0.024771688506007195
1239,28.92179775238037,0.4200543463230133,0.0,0.0,0.6211467981338501,-0.16349299252033234,-0.5530345439910889,-3.0559732913970947,0.042113304138183594
1240,28.93261981010437,0.4200543463230133,0.0,0.0,0.6471452116966248,-0.1483650803565979,-0.36125174164772034,-3.0735204219818115,0.04173725098371506
1241,28.976077556610107,0.4200543463230133,0.0,0.0,0.6368708610534668,-0.14433106780052185,0.04482472315430641,-3.0897622108459473,0.035215094685554504
1242,28.992607831954956,0.4200543463230133,0.0,0.0,0.5999431610107422,-0.14463795721530914,0.11220806837081909,-3.099616765975952,0.030701905488967896
1243,29.024767637252808,0.4200543463230133,0.0,0.0,0.5595825910568237,-0.144215390086174,-0.04309133440256119,-3.1056301593780518,0.027776649221777916
1244,29.0382399559021,0.4200543463230133,0.0,0.0,0.5308721661567688,-0.15114332735538483,-0.21199411153793335,-3.110149621963501,0.027536271139979362
1245,29.067083835601807,0.4200543463230133,0.0,0.0,0.509955108165741,-0.15646779537200928,-0.24662259221076965,-3.111579179763794,0.029961111024022102
1246,29.0794415473938,0.4200543463230133,0.0,0.0,0.49923914670944214,-0.16536499559879303,-0.19292649626731873,-3.109550714492798,0.03434291109442711
1247,29.11389183998108,0.4200543463230133,0.0,0.0,0.48770347237586975,-0.17375272512435913,-0.19573688507080078,-3.103034496307373,0.040682677179574966
1248,29.129975080490112,0.4200543463230133,0.0,0.0,0.4812709093093872,-0.1797686517238617,-0.2197946310043335,-3.093392848968506,0.048545848578214645
1249,29.160415410995483,0.4200543463230133,0.0,0.0,0.4791260361671448,-0.1779257208108902,-0.22756925225257874,-3.082580089569092,0.05649532377719879
1250,29.17283058166504,0.4200543463230133,0.0,0.0,0.4840352237224579,-0.17193502187728882,-0.2488122582435608,-3.074855327606201,0.06366144865751266
1251,29.20175552368164,0.4200543463230133,0.0,0.0,0.4929749369621277,-0.1688006967306137,-0.23203131556510925,-3.075686454772949,0.06968501210212708
1252,29.214049577713013,0.4200543463230133,0.0,0.0,0.5015084743499756,-0.16896095871925354,-0.19361402094364166,-3.0897276401519775,0.07658609747886658
1253,29.24654722213745,0.4200543463230133,0.0,0.0,0.49826106429100037,-0.17030981183052063,-0.1127777248620987,-3.1171905994415283,0.08557473123073578
1254,29.258723735809326,0.4200543463230133,0.0,0.0,0.4766198992729187,-0.16596610844135284,-0.0918378233909607,3.1315624713897705,0.0981723889708519
1255,29.286897897720337,0.4200543463230133,0.0,0.0,0.44005700945854187,-0.1774328202009201,-0.036199092864990234,3.112354040145874,0.10339690744876862
1256,29.2986421585083,0.4200543463230133,0.0,0.0,0.3881854712963104,-0.18769878149032593,-0.10974519699811935,3.1202828884124756,0.10473933070898056
1257,29.32910656929016,0.4200543463230133,0.0,0.0,0.33923643827438354,-0.1885349303483963,-0.1885591447353363,3.137056589126587,0.10806407779455185
1258,29.341227054595947,0.4200543463230133,0.0,0.0,0.303324818611145,-0.1800987422466278,-0.2328864187002182,-3.1330738067626953,0.11447965353727341
1259,29.37230920791626,0.4200543463230133,0.0,0.0,0.2776878774166107,-0.18182864785194397,0.11764715611934662,-3.126617431640625,0.1237109899520874
1260,29.384458303451538,0.4200543463230133,0.0,0.0,0.3081618547439575,-0.13245055079460144,0.06485065072774887,-3.124175786972046,0.12474408745765686
1261,29.416515827178955,0.4200543463230133,0.0,0.0,0.3318129777908325,-0.07216034829616547,-0.19277386367321014,-3.126983404159546,0.11256220936775208
1262,29.433335542678833,0.4200543463230133,0.0,0.0,0.33031779527664185,-0.02021877095103264,-0.31865859031677246,-3.13533091545105,0.10508012026548386
1263,29.471371173858643,0.4200543463230133,0.0,0.0,0.32575133442878723,0.026503155007958412,-0.3569200336933136,3.1345345973968506,0.11004997044801712
1264,29.48343324661255,0.4200543463230133,0.0,0.0,0.32653775811195374,0.06113344430923462,-0.32300645112991333,3.1199872493743896,0.11983906477689743
1265,29.516332149505615,0.4200543463230133,0.0,0.0,0.327800989151001,0.08711303770542145,-0.18527241051197052,3.108461856842041,0.1277138739824295
1266,29.530688285827637,0.4200543463230133,0.0,0.0,0.3270390033721924,0.10346794873476028,0.006098088342696428,3.105743646621704,0.13059206306934357
1267,29.56025505065918,0.4200543463230133,0.0,0.0,0.3275299370288849,0.1066942811012268,0.2429823875427246,3.1161837577819824,0.1256822943687439
1268,29.5730140209198,0.4200543463230133,0.0,0.0,0.33614006638526917,0.11826634407043457,0.24993208050727844,3.1314480304718018,0.11361213028430939
1269,29.6025230884552,0.4200543463230133,0.0,0.0,0.34489312767982483,0.14074012637138367,0.17277465760707855,-3.1412270069122314,0.09636861085891724
1270,29.614399433135986,0.4200543463230133,0.0,0.0,0.341521680355072,0.16079957783222198,0.045339636504650116,-3.1366593837738037,0.07993895560503006
1271,29.646036624908447,0.4200543463230133,0.0,0.0,0.32202932238578796,0.17109636962413788,-0.007330472115427256,-3.136288642883301,0.07118919491767883
1272,29.659242868423462,0.4200543463230133,0.0,0.0,0.3003218472003937,0.17000283300876617,0.06336094439029694,-3.1362929344177246,0.0715554803609848
1273,29.69644021987915,0.4200543463230133,0.0,0.0,0.29645606875419617,0.16713444888591766,0.0909932404756546,-3.132636070251465,0.07108888030052185
1274,29.707570552825928,0.4200543463230133,0.0,0.0,0.2984689772129059,0.16637440025806427,0.13716401159763336,-3.127657651901245,0.06036200001835823
1275,29.738654851913452,0.4200543463230133,0.0,0.0,0.29518476128578186,0.1653253138065338,0.16159729659557343,-3.123082399368286,0.042018961161375046
1276,29.751539707183838,0.4200543463230133,0.0,0.0,0.2703814208507538,0.15357477962970734,0.14910215139389038,-3.1211462020874023,0.022983113303780556
1277,29.782642364501953,0.4200543463230133,0.0,0.0,0.24281743168830872,0.14171461760997772,0.07704605162143707,-3.122843027114868,0.009472115896642208
1278,29.795291423797607,0.4200543463230133,0.0,0.0,0.22377416491508484,0.1385982632637024,0.005706882104277611,-3.127908706665039,-0.00019844055350404233
1279,29.82446789741516,0.4200543463230133,0.0,0.0,0.20636487007141113,0.13389208912849426,0.03249729797244072,-3.134557008743286,-0.007241217419505119
1280,29.839619159698486,0.4200543463230133,0.0,0.0,0.1927221566438675,0.12956663966178894,0.06592421233654022,-3.140280246734619,-0.012853961437940598
1281,29.86896252632141,0.4200543463230133,0.0,0.0,0.18003934621810913,0.1257263571023941,0.09015973657369614,3.138174057006836,-0.01787712424993515
1282,29.88121747970581,0.4200543463230133,0.0,0.0,0.17264790832996368,0.12456230074167252,0.10091318190097809,3.133272886276245,-0.02309083752334118
1283,29.910487174987793,0.4200543463230133,0.0,0.0,0.1624457985162735,0.12414955347776413,0.07658365368843079,3.1282269954681396,-0.028552886098623276
1284,29.9232120513916,0.4200543463230133,0.0,0.0,0.15332719683647156,0.12058340758085251,0.08653530478477478,3.123049259185791,-0.032625846564769745
1285,29.95631456375122,0.4200543463230133,0.0,0.0,0.14393854141235352,0.11669531464576721,0.08748459815979004,3.1188228130340576,-0.036526553332805634
1286,29.969274520874023,0.4200543463230133,0.0,0.0,0.13505926728248596,0.112613745033741,0.06760169565677643,3.1150119304656982,-0.039796363562345505
1287,30.00017213821411,0.4200543463230133,0.0,0.0,0.12741564214229584,0.10930049419403076,0.10018698871135712,3.1119942665100098,-0.0429881252348423
1288,30.01267385482788,0.4200543463230133,0.0,0.0,0.12004983425140381,0.10700461268424988,0.13390913605690002,3.1098594665527344,-0.0453709177672863
1289,30.04120635986328,0.4200543463230133,0.0,0.0,0.11425125598907471,0.11029910296201706,0.10197922587394714,3.106485366821289,-0.046423740684986115
1290,30.054497957229614,0.4200543463230133,0.0,0.0,0.10939249396324158,0.11552343517541885,0.03921090438961983,3.1004106998443604,-0.045847512781620026
1291,30.087528944015503,0.4200543463230133,0.0,0.0,0.10782211273908615,0.1186976358294487,0.02666523866355419,3.0934157371520996,-0.04416542500257492
1292,30.099003553390503,0.4200543463230133,0.0,0.0,0.11045987159013748,0.1213434562087059,0.036457598209381104,3.0873847007751465,-0.04389064013957977
1293,30.131420373916626,0.4200543463230133,0.0,0.0,0.1153736412525177,0.12145189940929413,0.05918305367231369,3.0843710899353027,-0.04766082018613815
1294,30.14375066757202,0.4200543463230133,0.0,0.0,0.11742440611124039,0.123787522315979,0.1011413186788559,3.0840392112731934,-0.05403251200914383
1295,30.172363996505737,0.4200543463230133,0.0,0.0,0.12165015935897827,0.1304846853017807,0.03855091705918312,3.0840582847595215,-0.062139399349689484
1296,30.18661594390869,0.4200543463230133,0.0,0.0,0.12459118664264679,0.144422248005867,-0.025240683928132057,3.0849177837371826,-0.07396834343671799
1297,30.216180562973022,0.4200543463230133,0.0,0.0,0.12155146896839142,0.16508859395980835,-0.10325328260660172,3.082925319671631,-0.08419203758239746
1298,30.229774475097656,0.4200543463230133,0.0,0.0,0.11178278923034668,0.19252270460128784,-0.024419017136096954,3.068525791168213,-0.08351724594831467
1299,30.258317470550537,0.4200543463230133,0.0,0.0,0.10521012544631958,0.21965758502483368,0.019370168447494507,3.0392775535583496,-0.06670796126127243
1300,30.268898963928223,0.4200543463230133,0.0,0.0,0.09992329776287079,0.22546176612377167,-0.14104993641376495,3.0075931549072266,-0.043422725051641464
1301,30.29813504219055,0.4200543463230133,0.0,0.0,0.11503148078918457,0.19308997690677643,0.15777283906936646,2.9919612407684326,-0.026235252618789673
1302,30.312628984451294,0.4200543463230133,0.0,0.0,0.13870202004909515,0.14867737889289856,0.3281383514404297,2.9968812465667725,-0.015818042680621147
1303,30.340704441070557,0.4200543463230133,0.0,0.0,0.16239573061466217,0.11812230199575424,0.34233295917510986,3.0115737915039062,-0.010586102493107319
1304,30.35217022895813,0.4200543463230133,0.0,0.0,0.1844930648803711,0.11143844574689865,0.28903627395629883,3.022913932800293,-0.008249199017882347
1305,30.39919662475586,0.4200543463230133,0.0,0.0,0.2064090073108673,0.11843329668045044,0.2699624001979828,3.024844169616699,-0.00829892884939909
1306,30.412333250045776,0.4200543463230133,0.0,0.0,0.22502775490283966,0.12296675145626068,0.24454867839813232,3.0204923152923584,-0.009353338740766048
1307,30.441893339157104,0.4200543463230133,0.0,0.0,0.23924598097801208,0.12401808798313141,0.19360142946243286,3.0165255069732666,-0.009107125923037529
1308,30.454167127609253,0.4200543463230133,0.0,0.0,0.25604262948036194,0.12306244671344757,0.1490609496831894,3.0154030323028564,-0.007304131984710693
1309,30.48524570465088,0.4200543463230133,0.0,0.0,0.2716061770915985,0.12260584533214569,0.11959856748580933,3.01635479927063,-0.0047355834394693375
1310,30.496896028518677,0.4200543463230133,0.0,0.0,0.29126134514808655,0.12431105971336365,0.10622391104698181,3.019357442855835,-0.00022859126329421997
1311,30.526211977005005,0.4200543463230133,0.0,0.0,0.31659868359565735,0.12916859984397888,0.09318795800209045,3.0256593227386475,0.004171621985733509
1312,30.54100227355957,0.4200543463230133,0.0,0.0,0.34400662779808044,0.13705727458000183,0.06103457883000374,3.036259889602661,0.006044975481927395
1313,30.57224988937378,0.4200543463230133,0.0,0.0,0.3648429214954376,0.14582301676273346,-0.007728900760412216,3.0525197982788086,0.004151954781264067
1314,30.58480143547058,0.4200543463230133,0.0,0.0,0.37429916858673096,0.15997841954231262,-0.017100486904382706,3.0743606090545654,4.62439056718722e-05
1315,30.615204334259033,0.4200543463230133,0.0,0.0,0.37076449394226074,0.1860124170780182,0.19118043780326843,3.0924806594848633,-0.00440702261403203
1316,30.6273090839386,0.4200543463230133,0.0,0.0,0.3546108305454254,0.20999020338058472,0.4198216199874878,3.093654155731201,-0.011808245442807674
1317,30.65802001953125,0.4200543463230133,0.0,0.0,0.34758517146110535,0.22032800316810608,0.45567086338996887,3.0860581398010254,-0.018444696441292763
1318,30.67069983482361,0.4200543463230133,0.0,0.0,0.3412064015865326,0.22323039174079895,0.32343417406082153,3.077521324157715,-0.024871937930583954
1319,30.705058336257935,0.4200543463230133,0.0,0.0,0.3267183303833008,0.22300583124160767,0.22443047165870667,3.069186210632324,-0.03299834206700325
1320,30.719104528427124,0.9948345422744751,0.0,0.0,0.31156420707702637,0.22050829231739044,0.19427746534347534,3.061044216156006,-0.042461663484573364
1321,30.753416776657104,0.9948345422744751,0.0,0.0,0.2874404788017273,0.2091713845729828,0.05787002667784691,3.055344820022583,-0.04552934318780899
1322,30.76870608329773,0.9948345422744751,0.0,0.0,0.2804803252220154,0.2091197520494461,0.09745858609676361,3.0519914627075195,-0.037857964634895325
1323,30.805433988571167,0.9948345422744751,0.0,0.0,0.24041901528835297,0.2455233484506607,0.14542356133460999,3.0481743812561035,-0.027840713039040565
1324,30.81622338294983,0.9948345422744751,0.0,0.0,0.2905313968658447,0.15207484364509583,0.17951537668704987,3.0591914653778076,-0.03089064173400402
1325,30.843871355056763,0.9948345422744751,0.0,0.0,0.3205617666244507,0.07642249017953873,0.2621886730194092,3.0893642902374268,-0.03665609285235405
1326,30.857814073562622,0.9948345422744751,0.0,0.0,0.3485259413719177,0.02798810601234436,0.28271055221557617,3.1206650733947754,-0.04156176745891571
1327,30.887337923049927,0.9948345422744751,0.0,0.0,0.36796802282333374,-0.006458783522248268,0.27522996068000793,3.1411325931549072,-0.044055286794900894
1328,30.898526906967163,0.9948345422744751,0.0,0.0,0.3907580077648163,-0.0437474250793457,0.2602795958518982,-3.129772186279297,-0.04356371611356735
1329,30.928406953811646,0.9948345422744751,0.0,0.0,0.4206613600254059,-0.08285412192344666,0.2743977904319763,-3.1197614669799805,-0.04323504492640495
1330,30.943122386932373,0.9948345422744751,0.0,0.0,0.4440416395664215,-0.11020739376544952,0.26938730478286743,-3.1113131046295166,-0.043641507625579834
1331,30.97192907333374,0.9948345422744751,0.0,0.0,0.46896567940711975,-0.13413137197494507,0.22317901253700256,-3.105924606323242,-0.04448607936501503
1332,30.98410129547119,0.9948345422744751,0.0,0.0,0.4883972406387329,-0.15356118977069855,0.1308714747428894,-3.1002299785614014,-0.04650318995118141
1333,31.01456069946289,0.9948345422744751,0.0,0.0,0.5090343356132507,-0.16670124232769012,-0.020399875938892365,-3.094438076019287,-0.048978790640830994
1334,31.03371024131775,0.9948345422744751,0.0,0.0,0.5219238996505737,-0.17429190874099731,-0.15689779818058014,-3.0889992713928223,-0.05173661932349205
1335,31.063766956329346,0.9948345422744751,0.0,0.0,0.5318875312805176,-0.17712873220443726,-0.18940015137195587,-3.084591865539551,-0.05035047233104706
1336,31.076483964920044,0.9948345422744751,0.0,0.0,0.5500411987304688,-0.17218086123466492,-0.1831035166978836,-3.0802743434906006,-0.047870904207229614
1337,31.10558581352234,0.9948345422744751,0.0,0.0,0.5660557150840759,-0.1490653157234192,-0.023603610694408417,-3.0781989097595215,-0.051143743097782135
1338,31.12428879737854,0.9948345422744751,0.0,0.0,0.5831387639045715,-0.12618759274482727,0.08279217034578323,-3.0792036056518555,-0.060526419430971146
1339,31.15553045272827,0.9948345422744751,0.0,0.0,0.6014623045921326,-0.1044723242521286,0.11010769009590149,-3.0826966762542725,-0.07254756987094879
1340,31.165843963623047,0.9948345422744751,0.0,0.0,0.620396077632904,-0.08225823193788528,0.09241227060556412,-3.0904462337493896,-0.08182370662689209
1341,31.20258402824402,0.9948345422744751,0.0,0.0,0.6465789079666138,-0.06239493563771248,0.07512852549552917,-3.1023643016815186,-0.08769451826810837
1342,31.218143463134766,0.9948345422744751,0.0,0.0,0.67801433801651,-0.045239195227622986,0.04853785037994385,-3.115130662918091,-0.09326411038637161
1343,31.259538412094116,0.9948345422744751,0.0,0.0,0.7122147679328918,-0.03515081852674484,0.05047713592648506,-3.1252024173736572,-0.10114045441150665
1344,31.272553205490112,0.9948345422744751,0.0,0.0,0.7439820170402527,-0.024752173572778702,0.052310600876808167,-3.1303279399871826,-0.10968455672264099
1345,31.30719518661499,0.9948345422744751,0.0,0.0,0.7820960283279419,-0.011353496462106705,0.08430210500955582,-3.131676197052002,-0.11813977360725403
1346,31.31804394721985,0.9948345422744751,0.0,0.0,0.8246407508850098,0.002305339090526104,0.13981114327907562,-3.129817008972168,-0.12680698931217194
1347,31.349674940109253,0.9948345422744751,0.0,0.0,0.8662652373313904,0.01219032984226942,0.2350112795829773,-3.1239826679229736,-0.13460390269756317
1348,31.36235547065735,0.9948345422744751,0.0,0.0,0.9085834622383118,0.019157208502292633,0.3556409180164337,-3.116875648498535,-0.14052054286003113
1349,31.390971183776855,0.9948345422744751,0.0,0.0,0.9517477750778198,0.022223632782697678,0.4411320686340332,-3.114032745361328,-0.1462746113538742
1350,31.401386499404907,0.9948345422744751,0.0,0.0,0.9844387769699097,0.01735769957304001,0.45449599623680115,-3.118788719177246,-0.1508626639842987
1351,31.432578563690186,0.9948345422744751,0.0,0.0,0.9884950518608093,0.006652388721704483,0.23237016797065735,-3.132880449295044,-0.1475786566734314
1352,31.444807291030884,0.9948345422744751,0.0,0.0,0.9569894671440125,0.010666515678167343,0.12993812561035156,3.1329903602600098,-0.13775382936000824
1353,31.476295232772827,0.9948345422744751,0.0,0.0,0.9049177169799805,-0.00564604252576828,0.33137568831443787,3.130061626434326,-0.13360115885734558
1354,31.488581895828247,0.9948345422744751,0.0,0.0,0.8715936541557312,-0.020562943071126938,0.3269442617893219,3.13455867767334,-0.12589053809642792
1355,31.51777219772339,0.9948345422744751,0.0,0.0,0.8591760396957397,-0.024287190288305283,0.21550607681274414,3.138018846511841,-0.11504893004894257
1356,31.53041100502014,0.9948345422744751,0.0,0.0,0.8847009539604187,-0.02467396855354309,0.1742675006389618,3.140630006790161,-0.10468268394470215
1357,31.56660270690918,0.9948345422744751,0.0,0.0,0.9880319237709045,0.019408129155635834,-0.04753848537802696,3.137657403945923,-0.11898701637983322
1358,31.57942032814026,0.9948345422744751,0.0,0.0,1.0607686042785645,0.06185436621308327,-0.08228497207164764,3.1312146186828613,-0.14239896833896637
1359,31.60812783241272,0.9948345422744751,0.0,0.0,1.0725836753845215,0.08736371248960495,0.1857236921787262,3.1216325759887695,-0.15612946450710297
1360,31.621821880340576,0.9948345422744751,0.0,0.0,1.0309067964553833,0.07486487179994583,0.33577245473861694,3.1155502796173096,-0.1593218296766281
1361,31.652082920074463,0.9948345422744751,0.0,0.0,0.9862306714057922,0.045733895152807236,0.1555728018283844,3.115516424179077,-0.16196274757385254
1362,31.667802333831787,0.9948345422744751,0.0,0.0,0.9515659809112549,0.024996815249323845,-0.02360355481505394,3.117809295654297,-0.16757480800151825
1363,31.70460844039917,0.9948345422744751,0.0,0.0,0.9329657554626465,0.013648065738379955,-0.013631711713969707,3.119633913040161,-0.16906961798667908
1364,31.715949058532715,0.9948345422744751,0.0,0.0,0.9313875436782837,0.006419018376618624,0.030262477695941925,3.1207728385925293,-0.16544580459594727
1365,31.748927354812622,0.9948345422744751,0.0,0.0,0.9432345628738403,0.004019958898425102,-0.005921950563788414,3.117872953414917,-0.16138841211795807
1366,31.763419151306152,0.9948345422744751,0.0,0.0,0.9592947363853455,-0.002107260748744011,-0.03181489184498787,3.1102023124694824,-0.15998558700084686
1367,31.797441482543945,0.9948345422744751,0.0,0.0,0.9797207117080688,-0.016633860766887665,-0.029378479346632957,3.1035311222076416,-0.16095474362373352
1368,31.8103928565979,0.9948345422744751,0.0,0.0,1.0019843578338623,-0.026703182607889175,-0.03447532653808594,3.1007978916168213,-0.16255374252796173
1369,31.84530019760132,0.9948345422744751,0.0,0.0,1.028952717781067,-0.037045739591121674,0.023648396134376526,3.10290789604187,-0.16016405820846558
1370,31.85786533355713,0.9948345422744751,0.0,0.0,1.057617425918579,-0.05006751790642738,0.09541916847229004,3.113192081451416,-0.1509413719177246
1371,31.95900011062622,0.9948345422744751,0.0,0.0,1.0816917419433594,-0.06446260213851929,0.23336702585220337,3.132190704345703,-0.13432081043720245
1372,31.97133159637451,0.9948345422744751,0.0,0.0,1.0979537963867188,-0.08452902734279633,0.424282968044281,-3.1264331340789795,-0.11226534098386765
1373,32.00455856323242,0.9948345422744751,0.0,0.0,1.093631625175476,-0.10433453321456909,0.650871217250824,-3.1010570526123047,-0.08537362515926361
1374,32.015541553497314,0.9948345422744751,0.0,0.0,1.0518534183502197,-0.0933813750743866,0.24303561449050903,-3.088473081588745,-0.06599447876214981
1375,32.0513129234314,0.9948345422744751,0.0,0.0,1.0030875205993652,-0.06283871829509735,-0.0701054036617279,-3.0899300575256348,-0.04954478144645691
1376,32.07362699508667,0.9948345422744751,0.0,0.0,0.9643532633781433,-0.023787152022123337,-0.22337447106838226,-3.10176682472229,-0.03360561281442642
1377,32.10200476646423,0.9948345422744751,0.0,0.0,0.9092385172843933,0.03231938183307648,-0.08779902756214142,-3.122852087020874,-0.02047634683549404
1378,32.114821910858154,0.9948345422744751,0.0,0.0,0.8921868205070496,0.07327526807785034,0.02519936114549637,3.131603956222534,-0.016453202813863754
1379,32.1502583026886,0.9948345422744751,0.0,0.0,0.860718309879303,0.10775050520896912,0.2329907864332199,3.100193977355957,-0.018776219338178635
1380,32.165220499038696,0.9948345422744751,0.0,0.0,0.8237367272377014,0.13680453598499298,0.4571056663990021,3.07003116607666,-0.022923149168491364
1381,32.19479942321777,0.9948345422744751,0.0,0.0,0.7879143953323364,0.158567875623703,0.6559919118881226,3.0441977977752686,-0.02817336469888687
1382,32.20688438415527,0.9948345422744751,0.0,0.0,0.7500560879707336,0.17102743685245514,0.7839938998222351,3.0242836475372314,-0.030440598726272583
1383,32.23520517349243,0.9948345422744751,0.0,0.0,0.7001160383224487,0.1712709367275238,0.5895193219184875,3.00950288772583,-0.018236462026834488
1384,32.247384786605835,0.9948345422744751,0.0,0.0,0.6677966713905334,0.14313679933547974,0.4859166145324707,3.0033841133117676,0.0011020301608368754
1385,32.275872468948364,0.9948345422744751,0.0,0.0,0.6566823124885559,0.07946818321943283,0.5002593994140625,3.0212557315826416,0.0019721430726349354
1386,32.2977876663208,0.9948345422744751,0.0,0.0,0.6523506045341492,0.05664745345711708,0.2530938982963562,3.0430164337158203,0.0008241012692451477
1387,32.329829692840576,0.9948345422744751,0.0,0.0,0.6477376222610474,0.0669468492269516,0.024760965257883072,3.0563859939575195,0.0012503527104854584
1388,32.34677195549011,0.9948345422744751,0.0,0.0,0.6515449285507202,0.09011293202638626,-0.016522038727998734,3.062411069869995,0.005566952750086784
1389,32.38203048706055,0.9948345422744751,0.0,0.0,0.6658696532249451,0.11757208406925201,0.014780848287045956,3.0667803287506104,0.0076718321070075035
1390,32.39819359779358,0.9948345422744751,0.0,0.0,0.6823969483375549,0.13952100276947021,0.090556800365448,3.071610450744629,0.005284436047077179
1391,32.43359589576721,0.9948345422744751,0.0,0.0,0.7026301622390747,0.148796945810318,0.22751584649085999,3.0774989128112793,-0.0006688833236694336
1392,32.44584941864014,0.9948345422744751,0.0,0.0,0.7181021571159363,0.1403065025806427,0.27244678139686584,3.085052728652954,-0.00907593872398138
1393,32.47375535964966,0.9948345422744751,0.0,0.0,0.7311030030250549,0.11700368672609329,0.19942288100719452,3.092771530151367,-0.01414620690047741
1394,32.485265493392944,0.9948345422744751,0.0,0.0,0.7512796521186829,0.08438083529472351,0.025552144274115562,3.1004080772399902,-0.019904572516679764
1395,32.51502323150635,0.9948345422744751,0.0,0.0,0.7771640419960022,0.05078484117984772,-0.10753804445266724,3.107177257537842,-0.03188275545835495
1396,32.53053092956543,0.9948345422744751,0.0,0.0,0.8076218962669373,0.019458774477243423,-0.14822347462177277,3.1129660606384277,-0.04730519279837608
1397,32.55936312675476,0.9948345422744751,0.0,0.0,0.8394092917442322,-0.0073588937520980835,-0.17637909948825836,3.1181979179382324,-0.06082285940647125
1398,32.57582354545593,0.9948345422744751,0.0,0.0,0.8746567368507385,-0.03304290398955345,-0.2111038863658905,3.121894121170044,-0.06914880126714706
1399,32.61213231086731,0.9948345422744751,0.0,0.0,0.9174545407295227,-0.04398854821920395,-0.17980672419071198,3.123105764389038,-0.07277915626764297
1400,32.62475895881653,0.9948345422744751,0.0,0.0,0.9591184854507446,-0.053299810737371445,-0.10790396481752396,3.121645212173462,-0.0722310021519661
1401,32.65700340270996,0.9948345422744751,0.0,0.0,0.9954561591148376,-0.06827190518379211,-0.08324702084064484,3.123382091522217,-0.06584858894348145
1402,32.67116594314575,0.9948345422744751,0.0,0.0,1.025134563446045,-0.07291275262832642,-0.09963840991258621,3.130366325378418,-0.056138020008802414
1403,32.70095252990723,0.9948345422744751,0.0,0.0,1.0067899227142334,-0.04308731481432915,0.08577670156955719,3.1329920291900635,-0.05792319029569626
1404,32.71571707725525,0.9948345422744751,0.0,0.0,0.9834049344062805,-0.024620790034532547,0.18712201714515686,3.1304922103881836,-0.06363233178853989
1405,32.75104475021362,0.9948345422744751,0.0,0.0,0.9713263511657715,-0.011223459616303444,0.24823546409606934,3.125516653060913,-0.06475097686052322
1406,32.76349997520447,0.9948345422744751,0.0,0.0,0.9851948022842407,-0.0028965980745851994,0.24728386104106903,3.11788272857666,-0.0589640848338604
1407,32.79410743713379,0.9948345422744751,0.0,0.0,1.0083509683609009,0.0030227829702198505,0.18118000030517578,3.109837293624878,-0.05022174119949341
1408,32.80880689620972,0.9948345422744751,0.0,0.0,1.0304396152496338,0.008469144813716412,0.1705123782157898,3.104727268218994,-0.04289080202579498
1409,32.841018199920654,0.9948345422744751,0.0,0.0,1.0379971265792847,0.01128703448921442,0.30657267570495605,3.1030666828155518,-0.03903455659747124
1410,32.854684591293335,0.9948345422744751,0.0,0.0,1.03602135181427,0.007931292057037354,0.39862117171287537,3.100674629211426,-0.03204464167356491
1411,32.88501501083374,0.9948345422744751,0.0,0.0,1.0362693071365356,0.011575269512832165,0.2588702142238617,3.09493088722229,-0.012250261381268501
1412,32.898563623428345,0.9948345422744751,0.0,0.0,1.031398057937622,0.02100946195423603,0.2741275727748871,3.0880026817321777,0.0101387407630682
1413,32.93409824371338,0.9948345422744751,0.0,0.0,1.0181429386138916,0.004496537148952484,0.3234826326370239,3.0871262550354004,0.019091999158263206
1414,32.952014446258545,0.9948345422744751,0.0,0.0,0.9733790159225464,-0.0230750422924757,0.11230815201997757,3.0964040756225586,0.022517859935760498
1415,32.99927878379822,0.9948345422744751,0.0,0.0,0.9309893250465393,-0.04073576629161835,-0.07831567525863647,3.108947277069092,0.026531385257840157
1416,33.01275038719177,0.9948345422744751,0.0,0.0,0.9047624468803406,-0.05174163356423378,-0.0937490314245224,3.117323160171509,0.0325457938015461
1417,33.04120087623596,0.9948345422744751,0.0,0.0,0.889448881149292,-0.0632794126868248,-0.05567013472318649,3.1242637634277344,0.037812285125255585
1418,33.05336046218872,0.9948345422744751,0.0,0.0,0.8821694850921631,-0.07506436854600906,-0.012914642691612244,3.131094217300415,0.040896885097026825
1419,33.08096385002136,0.9948345422744751,0.0,0.0,0.8801516890525818,-0.08743207156658173,0.007539315614849329,3.1359755992889404,0.04168384149670601
1420,33.0944128036499,0.9948345422744751,0.0,0.0,0.8833471536636353,-0.10018923878669739,0.007390898186713457,3.1377882957458496,0.04225526750087738
1421,33.12959861755371,0.9948345422744751,0.0,0.0,0.8930966854095459,-0.11400671303272247,0.01920473203063011,3.1379921436309814,0.04429856315255165
1422,33.1465699672699,0.9948345422744751,0.0,0.0,0.9086492657661438,-0.1278328001499176,0.1276596486568451,3.1399075984954834,0.05061115324497223
1423,33.20247197151184,0.9948345422744751,0.0,0.0,0.9226674437522888,-0.13447032868862152,0.057662248611450195,-3.1401784420013428,0.056045107543468475
1424,33.22353482246399,0.9948345422744751,0.0,0.0,0.9093753695487976,-0.13306958973407745,-0.12238606810569763,-3.132205009460449,0.06447937339544296
1425,33.25808811187744,0.9948345422744751,0.0,0.0,0.8973696827888489,-0.10612461715936661,-0.1426069438457489,-3.12479829788208,0.07761538028717041
1426,33.27325391769409,0.9948345422744751,0.0,0.0,0.8842137455940247,-0.059188876301050186,0.0597134605050087,-3.1276633739471436,0.08331900835037231
1427,33.30338644981384,0.9948345422744751,0.0,0.0,0.8842878341674805,-0.02821442484855652,0.12723934650421143,-3.137860059738159,0.07903766632080078
1428,33.3145227432251,0.9948345422744751,0.0,0.0,0.8942363262176514,-0.0067183175124228,0.1060241311788559,3.1358423233032227,0.07201995700597763
1429,33.34716844558716,0.9948345422744751,0.0,0.0,0.9059264063835144,0.01286337524652481,0.09956756234169006,3.129608154296875,0.0659639835357666
1430,33.358283042907715,0.9948345422744751,0.0,0.0,0.9129414558410645,0.03377634659409523,0.15767675638198853,3.126924991607666,0.06200055405497551
1431,33.38853597640991,0.9948345422744751,0.0,0.0,0.9198964834213257,0.04988584667444229,0.24505603313446045,3.1258819103240967,0.05903482437133789
1432,33.3990695476532,0.9948345422744751,0.0,0.0,0.9202234148979187,0.062262699007987976,0.25910744071006775,3.126549005508423,0.05681709945201874
1433,33.43115162849426,0.9948345422744751,0.0,0.0,0.9191681742668152,0.07710554450750351,0.14904502034187317,3.127711772918701,0.060409825295209885
1434,33.443541526794434,0.9948345422744751,0.0,0.0,0.9045893549919128,0.10313626378774643,-0.07373294234275818,3.123361587524414,0.07097657024860382
1435,33.47626829147339,0.9948345422744751,0.0,0.0,0.9021512866020203,0.1020851582288742,0.1375819742679596,3.1199166774749756,0.07306668162345886
1436,33.49144697189331,0.9948345422744751,0.0,0.0,0.8817940950393677,0.0759587287902832,0.19450993835926056,3.1234426498413086,0.07427948713302612
1437,33.52164149284363,0.9948345422744751,0.0,0.0,0.8558650016784668,0.039792269468307495,0.039973072707653046,3.135059118270874,0.07267042249441147
1438,33.53244686126709,0.9948345422744751,0.0,0.0,0.8314639925956726,0.009802490472793579,-0.06100597232580185,-3.134377956390381,0.06875687837600708
1439,33.561752796173096,0.9948345422744751,0.0,0.0,0.8204127550125122,-0.009922338649630547,-0.08897142112255096,-3.1239333152770996,0.06679592281579971
1440,33.57653760910034,0.9948345422744751,0.0,0.0,0.8181901574134827,-0.022254478186368942,-0.10459723323583603,-3.1181588172912598,0.06588898599147797
1441,33.608261585235596,0.9948345422744751,0.0,0.0,0.8229839205741882,-0.031735289841890335,-0.10365601629018784,-3.11594295501709,0.064376100897789
1442,33.621636629104614,0.9948345422744751,0.0,0.0,0.8328074812889099,-0.04592845216393471,-0.035551767796278,-3.1157307624816895,0.061207883059978485
1443,33.65604567527771,0.9948345422744751,0.0,0.0,0.8506839275360107,-0.06459300220012665,0.018960725516080856,-3.1170284748077393,0.05665852129459381
1444,33.66811752319336,0.9948345422744751,0.0,0.0,0.8747780919075012,-0.08890403062105179,0.011882287450134754,-3.1191117763519287,0.05084029957652092
1445,33.698893785476685,0.9948345422744751,0.0,0.0,0.9015932679176331,-0.10831784456968307,0.005978264845907688,-3.120548963546753,0.04520291090011597
1446,33.71747660636902,0.9948345422744751,0.0,0.0,0.919707715511322,-0.12439768016338348,0.018104106187820435,-3.1199183464050293,0.043610550463199615
1447,33.749840259552,0.9948345422744751,0.0,0.0,0.9380826950073242,-0.14226506650447845,-0.001092144288122654,-3.115098476409912,0.049188707023859024
1448,33.76206636428833,0.9948345422744751,0.0,0.0,0.9243199825286865,-0.13638289272785187,-0.11789239943027496,-3.1086862087249756,0.05260256305336952
1449,33.79663920402527,0.9948345422744751,0.0,0.0,0.8998241424560547,-0.10135585814714432,0.06782948970794678,-3.108074426651001,0.05636752396821976
1450,33.80902433395386,0.9948345422744751,0.0,0.0,0.8960210084915161,-0.07519342005252838,0.22026784718036652,-3.1144886016845703,0.05270979180932045
1451,33.8367657661438,0.9948345422744751,0.0,0.0,0.9078508615493774,-0.06343640387058258,0.2060302048921585,-3.1215970516204834,0.045181360095739365
1452,33.84858703613281,0.9948345422744751,0.0,0.0,0.9237262010574341,-0.05206013843417168,0.14896805584430695,-3.127720355987549,0.037743765860795975
1453,33.879284143447876,0.9948345422744751,0.0,0.0,0.9373670220375061,-0.03922741860151291,0.11070267856121063,-3.1338236331939697,0.03169117495417595
1454,33.89140748977661,0.9948345422744751,0.0,0.0,0.9505133628845215,-0.0260228980332613,0.11077787727117538,-3.1382501125335693,0.027008913457393646
1455,33.92303109169006,0.9948345422744751,0.0,0.0,0.962151050567627,-0.013891979120671749,0.12174584716558456,-3.139495849609375,0.02300195023417473
1456,33.93384075164795,0.9948345422744751,0.0,0.0,0.9763923287391663,-0.002689275424927473,0.14889982342720032,-3.1386590003967285,0.020134251564741135
1457,33.963417291641235,0.9948345422744751,0.0,0.0,0.9882450103759766,0.005664374679327011,0.1840866357088089,-3.1408066749572754,0.021310802549123764
1458,33.975820779800415,0.9948345422744751,0.0,0.0,0.9978043437004089,0.011716276407241821,0.14668405055999756,3.134019136428833,0.03104076161980629
1459,34.00676894187927,0.9948345422744751,0.0,0.0,0.9920302629470825,0.026806602254509926,0.23688504099845886,3.1196987628936768,0.04452227056026459
1460,34.01757264137268,0.9948345422744751,0.0,0.0,0.9730820655822754,0.012962773442268372,0.27565500140190125,3.113537311553955,0.04684542492032051
1461,34.050463914871216,0.9948345422744751,0.0,0.0,0.9252291917800903,-0.010845501907169819,0.012572340667247772,3.1196908950805664,0.04699290171265602
1462,34.06268620491028,0.9948345422744751,0.0,0.0,0.8961613774299622,-0.0186754297465086,-0.078932985663414,3.1295149326324463,0.04694381356239319
1463,34.091750383377075,0.9948345422744751,0.0,0.0,0.8751763105392456,-0.024079011753201485,-0.04303213953971863,3.1364142894744873,0.04774721711874008
1464,34.10492944717407,0.9948345422744751,0.0,0.0,0.861779510974884,-0.029080161824822426,-0.05345441401004791,3.1413919925689697,0.05020463094115257
1465,34.136054039001465,0.9948345422744751,0.0,0.0,0.8569576144218445,-0.034405048936605453,-0.0389990508556366,-3.138500452041626,0.053117986768484116
1466,34.153735637664795,0.9948345422744751,0.0,0.0,0.8619638681411743,-0.03655053302645683,-0.02288074605166912,-3.1368584632873535,0.05446820706129074
1467,34.18110799789429,0.9948345422744751,0.0,0.0,0.8721460103988647,-0.039414405822753906,0.0012967786751687527,-3.1387150287628174,0.05403346195816994
1468,34.191463232040405,0.9948345422744751,0.0,0.0,0.8867430686950684,-0.04676846042275429,0.012946167960762978,3.1407389640808105,0.053385697305202484
1469,34.22093892097473,0.9948345422744751,0.0,0.0,0.9060635566711426,-0.05880051106214523,0.045420266687870026,3.1370997428894043,0.05441094934940338
1470,34.23147535324097,0.9948345422744751,0.0,0.0,0.9389685392379761,-0.07128476351499557,0.021263545379042625,3.135608196258545,0.057412296533584595
1471,34.26154041290283,0.9948345422744751,0.0,0.0,0.9743818640708923,-0.07410728931427002,-0.2220049500465393,3.1366963386535645,0.056465666741132736
1472,34.27401089668274,0.9948345422744751,0.0,0.0,0.9600174427032471,-0.057660412043333054,-0.21658407151699066,3.1398911476135254,0.05729473754763603
1473,34.309011697769165,0.9948345422744751,0.0,0.0,0.9369979500770569,-0.01600014977157116,0.04419996589422226,3.1386818885803223,0.06484919786453247
1474,34.32034349441528,0.9948345422744751,0.0,0.0,0.9347085356712341,0.01905016042292118,0.1678389459848404,3.1307027339935303,0.06437280029058456
1475,34.352468490600586,0.9948345422744751,0.0,0.0,0.94281005859375,0.0445643812417984,0.16822226345539093,3.121157646179199,0.054967258125543594
1476,34.36509299278259,0.9948345422744751,0.0,0.0,0.9515982866287231,0.06705831736326218,0.15844063460826874,3.112744092941284,0.045260582119226456
1477,34.39777684211731,0.9948345422744751,0.0,0.0,0.956956684589386,0.09256372600793839,0.2541145086288452,3.1052541732788086,0.03900539129972458
1478,34.40998911857605,0.9948345422744751,0.0,0.0,0.9650456309318542,0.11316516995429993,0.3560958206653595,3.101393222808838,0.034786395728588104
1479,34.443378925323486,0.9948345422744751,0.0,0.0,0.9715692400932312,0.12829135358333588,0.4763738512992859,3.101311445236206,0.030508536845445633
1480,34.455400705337524,0.9948345422744751,0.0,0.0,0.9632769227027893,0.13855750858783722,0.4665394723415375,3.101499557495117,0.030963242053985596
1481,34.485827922821045,0.9948345422744751,0.0,0.0,0.9195753335952759,0.17059260606765747,-0.011616362258791924,3.099493980407715,0.044135287404060364
1482,34.49765133857727,0.9948345422744751,0.0,0.0,0.91834956407547,0.16065673530101776,0.08940485119819641,3.0936875343322754,0.05523115023970604
1483,34.530657052993774,0.9948345422744751,0.0,0.0,0.8854432106018066,0.133250430226326,0.21617504954338074,3.0971286296844482,0.061660222709178925
1484,34.54187726974487,0.9948345422744751,0.0,0.0,0.8475003242492676,0.09061948210000992,0.04355862736701965,3.10890531539917,0.0664915218949318
1485,34.57429599761963,0.9948345422744751,0.0,0.0,0.8193483948707581,0.0607522614300251,-0.10272877663373947,3.120140790939331,0.06777967512607574
1486,34.58519697189331,0.9948345422744751,0.0,0.0,0.8030443787574768,0.042586494237184525,-0.12940214574337006,3.1261634826660156,0.06874040514230728
1487,34.61558389663696,0.9948345422744751,0.0,0.0,0.7916942834854126,0.024694344028830528,-0.06122822314500809,3.12917160987854,0.0700051411986351
1488,34.62898564338684,0.9948345422744751,0.0,0.0,0.7880499362945557,0.008411099202930927,-0.021952809765934944,3.1327483654022217,0.07133350521326065
1489,34.656983852386475,0.9948345422744751,0.0,0.0,0.791749894618988,-0.0066031236201524734,0.008498761802911758,3.135798215866089,0.07187187671661377
1490,34.66716408729553,0.9948345422744751,0.0,0.0,0.8026933670043945,-0.024718904867768288,0.0420837327837944,3.137138605117798,0.07099559158086777
1491,34.69801950454712,0.9948345422744751,0.0,0.0,0.8198033571243286,-0.04333822801709175,0.032218996435403824,3.1370339393615723,0.06969903409481049
1492,34.71652960777283,0.9948345422744751,0.0,0.0,0.8399641513824463,-0.06494641304016113,0.017274420708417892,3.1366937160491943,0.07012534141540527
1493,34.74864864349365,0.9948345422744751,0.0,0.0,0.8679783344268799,-0.08928440511226654,-0.0018878728151321411,3.138472080230713,0.073246531188488
1494,34.7604866027832,0.9948345422744751,0.0,0.0,0.9009551405906677,-0.11199158430099487,0.009109746664762497,-3.138740301132202,0.07840577512979507
1495,34.788208961486816,0.9948345422744751,0.0,0.0,0.9341740608215332,-0.13210567831993103,0.03891885653138161,-3.128352642059326,0.08569885790348053
1496,34.79894709587097,0.9948345422744751,0.0,0.0,0.9591866731643677,-0.13972607254981995,-0.11846714466810226,-3.1152658462524414,0.09199744462966919
1497,34.832358598709106,0.9948345422744751,0.0,0.0,0.9330049157142639,-0.13122530281543732,-0.10123318433761597,-3.1038904190063477,0.0968795120716095
1498,34.847604274749756,0.9948345422744751,0.0,0.0,0.891892671585083,-0.10113423317670822,0.14671015739440918,-3.1012232303619385,0.10327272117137909
1499,34.8781259059906,0.9948345422744751,0.0,0.0,0.8722175359725952,-0.08752262592315674,0.2108997106552124,-3.106147050857544,0.10299340635538101
1500,34.889604330062866,0.9948345422744751,0.0,0.0,0.8721442222595215,-0.08373375236988068,0.15631964802742004,-3.1123268604278564,0.09943798184394836
1501,34.931090116500854,0.9948345422744751,0.0,0.0,0.8774296641349792,-0.0756777748465538,0.17378513514995575,-3.1194040775299072,0.0963209867477417
1502,34.94325637817383,0.9948345422744751,0.0,0.0,0.8885048627853394,-0.07143846154212952,0.18783746659755707,-3.1267194747924805,0.09569984674453735
1503,34.980103969573975,0.9948345422744751,0.0,0.0,0.897926390171051,-0.06928401440382004,0.18483220040798187,-3.1316051483154297,0.09705264866352081
1504,34.992318868637085,0.9948345422744751,0.0,0.0,0.9102067351341248,-0.06862422078847885,0.1600605845451355,-3.132991313934326,0.09963715076446533
1505,35.02026081085205,0.9948345422744751,0.0,0.0,0.9239925146102905,-0.06845563650131226,0.1367615908384323,-3.1305739879608154,0.10453008860349655
1506,35.032732248306274,0.9948345422744751,0.0,0.0,0.9458144307136536,-0.0645323172211647,0.12622447311878204,-3.125718116760254,0.11257035285234451
1507,35.0627019405365,0.9948345422744751,0.0,0.0,0.9725697636604309,-0.06115375831723213,0.12787523865699768,-3.1209328174591064,0.12287850677967072
1508,35.076661586761475,0.42765700817108154,0.0,0.0,0.9973328709602356,-0.05811270326375961,0.14405405521392822,-3.1168296337127686,0.13600187003612518
1509,35.10931897163391,0.42765700817108154,0.0,0.0,1.0045361518859863,-0.06256980448961258,0.15692020952701569,-3.1100897789001465,0.1452687382698059
1510,35.12422037124634,0.42765700817108154,0.0,0.0,0.915032148361206,-0.07912395894527435,0.1580847203731537,-3.099796772003174,0.1482061743736267
1511,35.15842843055725,0.42765700817108154,0.0,0.0,0.8439652323722839,-0.09408904612064362,0.026283927261829376,-3.0830423831939697,0.1415662169456482
1512,35.17189121246338,0.42765700817108154,0.0,0.0,0.7738972902297974,-0.09545809775590897,0.05754179507493973,-3.0698468685150146,0.14342659711837769
1513,35.20205497741699,0.42765700817108154,0.0,0.0,0.7238113284111023,-0.09326961636543274,0.0376846045255661,-3.065218925476074,0.15706318616867065
1514,35.21408653259277,0.42765700817108154,0.0,0.0,0.6918653249740601,-0.09365386515855789,-0.024055564776062965,-3.066848039627075,0.17467573285102844
1515,35.25139355659485,0.42765700817108154,0.0,0.0,0.6760637760162354,-0.09527610242366791,-0.0720575675368309,-3.0702788829803467,0.18972453474998474
1516,35.26618218421936,0.42765700817108154,0.0,0.0,0.661112904548645,-0.10453242808580399,-0.0353769026696682,-3.07352876663208,0.19886338710784912
1517,35.30748462677002,0.42765700817108154,0.0,0.0,0.644219160079956,-0.11439309269189835,0.0674588680267334,-3.076712131500244,0.20381392538547516
1518,35.3210244178772,0.42765700817108154,0.0,0.0,0.6176332831382751,-0.12470264732837677,0.1559087038040161,-3.079202651977539,0.2101653814315796
1519,35.350314140319824,0.42765700817108154,0.0,0.0,0.591143786907196,-0.12936964631080627,0.026372060179710388,-3.0803210735321045,0.22070364654064178
1520,35.36219000816345,0.42765700817108154,0.0,0.0,0.5562499761581421,-0.10013854503631592,-0.13677005469799042,-3.0848608016967773,0.2236497849225998
1521,35.391754150390625,0.42765700817108154,0.0,0.0,0.49865052103996277,-0.054210908710956573,0.010204648599028587,-3.0935394763946533,0.23118433356285095
1522,35.4036340713501,0.42765700817108154,0.0,0.0,0.4556233584880829,-0.019420001655817032,0.10531869530677795,-3.1057605743408203,0.24128982424736023
1523,35.43175649642944,0.42765700817108154,0.0,0.0,0.4277890920639038,0.0038938382640480995,0.08816549926996231,-3.113527297973633,0.24762946367263794
1524,35.45068860054016,0.42765700817108154,0.0,0.0,0.39962056279182434,0.026550978422164917,0.05948534607887268,-3.1161065101623535,0.25058144330978394
1525,35.4830846786499,0.42765700817108154,0.0,0.0,0.37815916538238525,0.049217306077480316,-0.0077785891480743885,-3.116426944732666,0.25213155150413513
1526,35.49528241157532,0.42765700817108154,0.0,0.0,0.34934210777282715,0.07789429277181625,0.04809588938951492,-3.117142677307129,0.25488489866256714
1527,35.5250678062439,0.42765700817108154,0.0,0.0,0.33132731914520264,0.09793232381343842,0.020660921931266785,-3.118866205215454,0.26115599274635315
1528,35.53950905799866,0.42765700817108154,0.0,0.0,0.24699249863624573,0.1306084543466568,0.17781971395015717,-3.1191556453704834,0.2689763903617859
1529,35.5691032409668,0.42765700817108154,0.0,0.0,0.3013518452644348,0.11225508153438568,-0.007237665355205536,-3.114635467529297,0.2644071578979492
1530,35.581526041030884,0.42765700817108154,0.0,0.0,0.2946876287460327,0.10450008511543274,0.03666837885975838,-3.104429244995117,0.2561868727207184
1531,35.61200571060181,0.42765700817108154,0.0,0.0,0.28530848026275635,0.09374125301837921,0.11562828719615936,-3.0959219932556152,0.251952588558197
1532,35.62676811218262,0.42765700817108154,0.0,0.0,0.27436357736587524,0.07500823587179184,0.09089839458465576,-3.091172456741333,0.2501869201660156
1533,35.65890121459961,0.42765700817108154,0.0,0.0,0.2615596055984497,0.05184631794691086,0.06992565095424652,-3.0883169174194336,0.24825413525104523
1534,35.671056270599365,0.42765700817108154,0.0,0.0,0.2536390721797943,0.030336100608110428,0.1073237881064415,-3.0869765281677246,0.24641405045986176
1535,35.70133829116821,0.42765700817108154,0.0,0.0,0.2509889602661133,0.01271183043718338,0.1210937350988388,-3.085479259490967,0.24357514083385468
1536,35.71321368217468,0.42765700817108154,0.0,0.0,0.252203106880188,-0.0008470751345157623,0.11686702072620392,-3.081702709197998,0.23909911513328552
1537,35.74592900276184,0.42765700817108154,0.0,0.0,0.24993780255317688,-0.01474309153854847,0.14367565512657166,-3.0764071941375732,0.23366016149520874
1538,35.758116006851196,0.42765700817108154,0.0,0.0,0.2469397783279419,-0.028948066756129265,0.16961675882339478,-3.0722343921661377,0.22900110483169556
1539,35.78718662261963,0.42765700817108154,0.0,0.0,0.24240264296531677,-0.048143528401851654,0.17708595097064972,-3.069917917251587,0.22582483291625977
1540,35.80048155784607,0.42765700817108154,0.0,0.0,0.24091017246246338,-0.06462758034467697,0.13012142479419708,-3.069387674331665,0.22536033391952515
1541,35.831907987594604,0.42765700817108154,0.0,0.0,0.24316708743572235,-0.07878145575523376,0.15957416594028473,-3.068153142929077,0.22721773386001587
1542,35.84386086463928,0.42765700817108154,0.0,0.0,0.253700852394104,-0.09770921617746353,0.07440520823001862,-3.064161777496338,0.22853754460811615
1543,35.87553310394287,0.42765700817108154,0.0,0.0,0.26859211921691895,-0.0998765230178833,-0.004431788809597492,-3.0604894161224365,0.22463707625865936
1544,35.891438484191895,0.42765700817108154,0.0,0.0,0.2711433172225952,-0.0955779105424881,0.08639568835496902,-3.060004234313965,0.22314156591892242
1545,35.92095947265625,0.42765700817108154,0.0,0.0,0.2692093849182129,-0.09002865850925446,0.13539260625839233,-3.0642991065979004,0.22557279467582703
1546,35.93509650230408,0.42765700817108154,0.0,0.0,0.2688969373703003,-0.08474083244800568,0.07859644293785095,-3.068667411804199,0.22932910919189453
1547,35.966712474823,0.42765700817108154,0.0,0.0,0.2644510865211487,-0.07996725291013718,-0.01783064380288124,-3.0686116218566895,0.23223958909511566
1548,35.981202125549316,0.42765700817108154,0.0,0.0,0.25797906517982483,-0.07059301435947418,-0.09591154754161835,-3.064704418182373,0.2330634891986847
1549,36.020825147628784,0.42765700817108154,0.0,0.0,0.24627190828323364,-0.05048998072743416,-0.0655616968870163,-3.061460018157959,0.23143967986106873
1550,36.039063453674316,0.42765700817108154,0.0,0.0,0.2315613329410553,-0.02396358922123909,0.014672189950942993,-3.0625128746032715,0.2284499853849411
1551,36.068575859069824,0.42765700817108154,0.0,0.0,0.2283797711133957,-0.0015220636269077659,0.013895398005843163,-3.0654537677764893,0.22402964532375336
1552,36.08218312263489,0.42765700817108154,0.0,0.0,0.2244080901145935,0.021741211414337158,0.048348069190979004,-3.068570852279663,0.22019179165363312
1553,36.11310696601868,0.42765700817108154,0.0,0.0,0.2359069436788559,0.03928716853260994,0.04784027114510536,-3.069927215576172,0.21415327489376068
1554,36.126556158065796,0.42765700817108154,0.0,0.0,0.2582576870918274,0.05328823998570442,0.10935164242982864,-3.0684163570404053,0.2058006078004837
1555,36.15705633163452,0.42765700817108154,0.0,0.0,0.29063478112220764,0.06135380268096924,0.1481543332338333,-3.0663230419158936,0.19864387810230255
1556,36.16815209388733,0.42765700817108154,0.0,0.0,0.33028510212898254,0.0558490976691246,0.11735977977514267,-3.064297676086426,0.19338838756084442
1557,36.20032048225403,0.42765700817108154,0.0,0.0,0.36294642090797424,0.0303155779838562,0.14374494552612305,-3.0626537799835205,0.18836109340190887
1558,36.212507009506226,0.42765700817108154,0.0,0.0,0.39435338973999023,-0.004320724401623011,0.06554093956947327,-3.060299873352051,0.18274295330047607
1559,36.24227833747864,0.42765700817108154,0.0,0.0,0.4237086772918701,-0.02541467919945717,0.05438044294714928,-3.058183431625366,0.17489004135131836
1560,36.25282001495361,0.42765700817108154,0.0,0.0,0.4484010934829712,-0.03777925670146942,0.0505392886698246,-3.0580875873565674,0.17046332359313965
1561,36.28560185432434,0.42765700817108154,0.0,0.0,0.47107401490211487,-0.04623662680387497,0.07609215378761292,-3.061475992202759,0.17233340442180634
1562,36.30087661743164,0.42765700817108154,0.0,0.0,0.500205397605896,-0.059681881219148636,0.051779020577669144,-3.0681469440460205,0.17794986069202423
1563,36.34161734580994,0.42765700817108154,0.0,0.0,0.5172841548919678,-0.06941492110490799,0.07681534439325333,-3.0750069618225098,0.18544833362102509
1564,36.356446504592896,0.42765700817108154,0.0,0.0,0.5263077616691589,-0.09221939742565155,0.046204824000597,-3.079937696456909,0.19578035175800323
1565,36.39423418045044,0.42765700817108154,0.0,0.0,0.5161359310150146,-0.11113753914833069,0.014378167688846588,-3.0780625343322754,0.209342822432518
1566,36.40811109542847,0.42765700817108154,0.0,0.0,0.5099561214447021,-0.09491417557001114,-0.19649508595466614,-3.0770297050476074,0.21424821019172668
1567,36.44165086746216,0.42765700817108154,0.0,0.0,0.44042956829071045,-0.048288725316524506,-0.07946184277534485,-3.0878708362579346,0.21328717470169067
1568,36.45307469367981,0.42765700817108154,0.0,0.0,0.38281142711639404,-0.022151704877614975,-0.05656624585390091,-3.105884552001953,0.2127341628074646
1569,36.48765420913696,0.42765700817108154,0.0,0.0,0.34857356548309326,-0.0021677869372069836,0.05581456795334816,-3.1208536624908447,0.21579203009605408
1570,36.4995322227478,0.42765700817108154,0.0,0.0,0.3472386300563812,0.014995292760431767,0.17740772664546967,-3.1313228607177734,0.21993868052959442
1571,36.53050208091736,0.42765700817108154,0.0,0.0,0.3657197654247284,0.03344450891017914,0.18977810442447662,-3.136704921722412,0.22148646414279938
1572,36.54495453834534,0.42765700817108154,0.0,0.0,0.3833151161670685,0.0564659908413887,0.16968543827533722,-3.1387999057769775,0.21919073164463043
1573,36.57526159286499,0.42765700817108154,0.0,0.0,0.39527836441993713,0.0780295729637146,0.14461283385753632,-3.1397716999053955,0.2163066565990448
1574,36.586029291152954,0.42765700817108154,0.0,0.0,0.3990216553211212,0.09363684803247452,0.12880799174308777,-3.1383769512176514,0.21559375524520874
1575,36.61635088920593,0.42765700817108154,0.0,0.0,0.4008203148841858,0.10464201122522354,0.1335437148809433,-3.133944511413574,0.21855120360851288
1576,36.62914419174194,0.42765700817108154,0.0,0.0,0.4055233895778656,0.11577661335468292,0.10412521660327911,-3.126906156539917,0.22349180281162262
1577,36.65878868103027,0.42765700817108154,0.0,0.0,0.40858256816864014,0.13311055302619934,0.09093166887760162,-3.119901180267334,0.22877651453018188
1578,36.67348265647888,0.42765700817108154,0.0,0.0,0.4054733216762543,0.14670468866825104,0.07213279604911804,-3.1148815155029297,0.2347724735736847
1579,36.70537233352661,0.42765700817108154,0.0,0.0,0.3792724013328552,0.1497626006603241,0.27654972672462463,-3.1127943992614746,0.23271602392196655
1580,36.72145891189575,0.42765700817108154,0.0,0.0,0.3874237835407257,0.10293152928352356,0.346376895904541,-3.099118232727051,0.2152610570192337
1581,36.75422549247742,0.42765700817108154,0.0,0.0,0.3642234802246094,0.05106845870614052,0.2929142713546753,-3.0772013664245605,0.2045348882675171
1582,36.768105030059814,0.42765700817108154,0.0,0.0,0.35232114791870117,0.0214761421084404,0.24546277523040771,-3.0615782737731934,0.2031858265399933
1583,36.79806971549988,0.42765700817108154,0.0,0.0,0.3499470055103302,0.0008525373414158821,0.20188182592391968,-3.0574493408203125,0.20750123262405396
1584,36.80998969078064,0.42765700817108154,0.0,0.0,0.3521104156970978,-0.019432425498962402,0.150819331407547,-3.0582752227783203,0.2154131978750229
1585,36.839759349823,0.42765700817108154,0.0,0.0,0.35765913128852844,-0.04339417442679405,0.09902402013540268,-3.0576326847076416,0.22216077148914337
1586,36.85215663909912,0.42765700817108154,0.0,0.0,0.3640097677707672,-0.06737439334392548,0.12013236433267593,-3.053907632827759,0.22462359070777893
1587,36.884660482406616,0.42765700817108154,0.0,0.0,0.3649822175502777,-0.08690866827964783,0.19438493251800537,-3.0480732917785645,0.22444544732570648
1588,36.89680194854736,0.42765700817108154,0.0,0.0,0.3518824279308319,-0.10771717876195908,0.2285607010126114,-3.0404679775238037,0.22597064077854156
1589,36.92568039894104,0.42765700817108154,0.0,0.0,0.3258058428764343,-0.13614408671855927,0.11761495471000671,-3.031088352203369,0.23274536430835724
1590,36.93776869773865,0.42765700817108154,0.0,0.0,0.33816561102867126,-0.11771851778030396,0.004773642867803574,-3.0265936851501465,0.23420585691928864
1591,36.96841621398926,0.42765700817108154,0.0,0.0,0.32473891973495483,-0.09823239594697952,0.013144485652446747,-3.0312745571136475,0.233392134308815
1592,36.9811315536499,0.42765700817108154,0.0,0.0,0.29807358980178833,-0.08392871171236038,0.011798318475484848,-3.0390419960021973,0.23729640245437622
1593,37.01274538040161,0.42765700817108154,0.0,0.0,0.2686789631843567,-0.07488241046667099,-0.044513411819934845,-3.0444698333740234,0.24295668303966522
1594,37.02711749076843,0.42765700817108154,0.0,0.0,0.24287770688533783,-0.06116575002670288,-0.04557009041309357,-3.048362970352173,0.24699264764785767
1595,37.05719208717346,0.42765700817108154,0.0,0.0,0.22277158498764038,-0.0466705746948719,-0.029200855642557144,-3.053062677383423,0.24987034499645233
1596,37.07285213470459,0.42765700817108154,0.0,0.0,0.21682922542095184,-0.040148183703422546,-0.11356399953365326,-3.0548033714294434,0.2502967119216919
1597,37.1010684967041,0.42765700817108154,0.0,0.0,0.21263739466667175,-0.028801601380109787,-0.10604601353406906,-3.0526180267333984,0.24745459854602814
1598,37.11303663253784,0.42765700817108154,0.0,0.0,0.21684250235557556,-0.01821986213326454,-0.08452185988426208,-3.0512983798980713,0.24439986050128937
1599,37.14124250411987,0.42765700817108154,0.0,0.0,0.2262648642063141,-0.0014314118307083845,0.006345875561237335,-3.0527865886688232,0.24293658137321472
1600,37.153728723526,0.42765700817108154,0.0,0.0,0.24236392974853516,0.006177798844873905,-0.012506173923611641,-3.056901216506958,0.24480800330638885
1601,37.18488812446594,0.42765700817108154,0.0,0.0,0.25887882709503174,0.014070396311581135,-0.04717408865690231,-3.058793067932129,0.24781085550785065
1602,37.19948434829712,0.42765700817108154,0.0,0.0,0.2745377719402313,0.018611442297697067,-0.06286156177520752,-3.0605268478393555,0.2484031617641449
1603,37.23126292228699,0.42765700817108154,0.0,0.0,0.28047624230384827,0.03200380504131317,-0.019832491874694824,-3.0633063316345215,0.24588245153427124
1604,37.245776653289795,0.42765700817108154,0.0,0.0,0.26938849687576294,0.052639156579971313,0.08019320666790009,-3.0703868865966797,0.24309812486171722
1605,37.27969837188721,0.42765700817108154,0.0,0.0,0.25307685136795044,0.0703241229057312,0.1023983433842659,-3.079828977584839,0.2405211329460144
1606,37.29589009284973,0.42765700817108154,0.0,0.0,0.2456863522529602,0.08354955911636353,0.06453206390142441,-3.087610960006714,0.23596623539924622
1607,37.32607078552246,0.42765700817108154,0.0,0.0,0.24419090151786804,0.0974859893321991,0.0695587694644928,-3.0919671058654785,0.2302691638469696
1608,37.34180808067322,0.42765700817108154,0.0,0.0,0.24296064674854279,0.11257609724998474,0.15106628835201263,-3.095526933670044,0.2266663759946823
1609,37.37506580352783,0.42765700817108154,0.0,0.0,0.2518175542354584,0.12404582649469376,0.1707002818584442,-3.1013119220733643,0.2221006155014038
1610,37.3880295753479,0.42765700817108154,0.0,0.0,0.2964148223400116,0.11966565251350403,0.19723787903785706,-3.105069398880005,0.21142324805259705
1611,37.42086863517761,0.42765700817108154,0.0,0.0,0.3422243595123291,0.10088774561882019,0.17116475105285645,-3.103816509246826,0.20072443783283234
1612,37.434821128845215,0.42765700817108154,0.0,0.0,0.3886321485042572,0.06237015873193741,0.06444428116083145,-3.0969109535217285,0.1952182948589325
1613,37.468430519104004,0.42765700817108154,0.0,0.0,0.4357711970806122,0.029546864330768585,0.04553436115384102,-3.0868639945983887,0.19131223857402802
1614,37.48128795623779,0.42765700817108154,0.0,0.0,0.4850795567035675,0.013749456033110619,0.09536142647266388,-3.082573175430298,0.18653377890586853
1615,37.51420331001282,0.42765700817108154,0.0,0.0,0.526138186454773,0.006743967533111572,0.13060683012008667,-3.084251880645752,0.1860160529613495
1616,37.525038957595825,0.42765700817108154,0.0,0.0,0.5485613346099854,-0.007854226976633072,0.09802702069282532,-3.09175705909729,0.19115686416625977
1617,37.6068959236145,0.42765700817108154,0.0,0.0,0.5282377004623413,-0.016951657831668854,0.07849790155887604,-3.10571551322937,0.1972106546163559
1618,37.61821103096008,0.42765700817108154,0.0,0.0,0.45997053384780884,-0.013636063784360886,0.0010596798965707421,-3.1198296546936035,0.20475412905216217
1619,37.65437626838684,0.42765700817108154,0.0,0.0,0.38715100288391113,-0.0018845638260245323,0.0020568743348121643,-3.1243417263031006,0.21044710278511047
1620,37.671544551849365,0.42765700817108154,0.0,0.0,0.294477254152298,0.029502417892217636,0.1285666525363922,-3.1391804218292236,0.20347937941551208
1621,37.703142404556274,0.42765700817108154,0.0,0.0,0.24602429568767548,0.04238639399409294,0.32713553309440613,3.1264963150024414,0.2068360596895218
1622,37.71467423439026,0.42765700817108154,0.0,0.0,0.23560796678066254,0.057419851422309875,0.5043541789054871,3.114561080932617,0.21934449672698975
1623,37.743616580963135,0.42765700817108154,0.0,0.0,0.25453823804855347,0.06867732852697372,0.40080153942108154,3.110372543334961,0.23107345402240753
1624,37.7559540271759,0.42765700817108154,0.0,0.0,0.25983983278274536,0.0775068923830986,0.2514491677284241,3.112043619155884,0.23818695545196533
1625,37.78634166717529,0.42765700817108154,0.0,0.0,0.24953320622444153,0.08092230558395386,0.12006475031375885,3.1137137413024902,0.24343916773796082
1626,37.800740480422974,0.42765700817108154,0.0,0.0,0.2319224625825882,0.08984199166297913,0.06899832934141159,3.110137939453125,0.24926553666591644
1627,37.83705186843872,0.42765700817108154,0.0,0.0,0.23627588152885437,0.0918564572930336,0.07711730897426605,3.100338935852051,0.24724207818508148
1628,37.84865975379944,0.42765700817108154,0.0,0.0,0.2606649100780487,0.08617808669805527,0.09068453311920166,3.096264123916626,0.23453429341316223
1629,37.88148045539856,0.42765700817108154,0.0,0.0,0.30418482422828674,0.05835752934217453,-0.034278564155101776,3.0978972911834717,0.22777482867240906
1630,37.89997363090515,0.42765700817108154,0.0,0.0,0.36107325553894043,0.033060960471630096,-0.1458912491798401,3.1067004203796387,0.22938787937164307
1631,37.9323513507843,0.42765700817108154,0.0,0.0,0.41834020614624023,0.01965314894914627,-0.132780522108078,3.11783766746521,0.23062412440776825
1632,37.94482088088989,0.42765700817108154,0.0,0.0,0.47486042976379395,0.013663068413734436,-0.019208062440156937,3.122927665710449,0.227239191532135
1633,37.973835468292236,0.42765700817108154,0.0,0.0,0.521278977394104,0.00658460333943367,0.049763426184654236,3.1217615604400635,0.220900297164917
1634,37.99026036262512,0.42765700817108154,0.0,0.0,0.5576974153518677,-0.009719230234622955,-0.03274748846888542,3.120851516723633,0.2166842818260193
1635,38.021408796310425,0.42765700817108154,0.0,0.0,0.5833383798599243,-0.017402755096554756,-0.07122408598661423,3.1217472553253174,0.21641536056995392
1636,38.03488636016846,0.42765700817108154,0.0,0.0,0.584852397441864,-0.016151288524270058,-0.08856853097677231,3.1219122409820557,0.21885652840137482
1637,38.06450653076172,0.42765700817108154,0.0,0.0,0.5303853154182434,-0.016157209873199463,-0.03873579204082489,3.1246132850646973,0.22699441015720367
1638,38.07969355583191,0.42765700817108154,0.0,0.0,0.46760350465774536,0.010797344148159027,0.09674037247896194,3.1237738132476807,0.23301884531974792
1639,38.1085090637207,0.42765700817108154,0.0,0.0,0.39905545115470886,0.01845533773303032,0.13121342658996582,3.116419792175293,0.23165465891361237
1640,38.12503361701965,0.42765700817108154,0.0,0.0,0.36481815576553345,0.01985877752304077,0.23331326246261597,3.111565113067627,0.2305901050567627
1641,38.15470790863037,0.42765700817108154,0.0,0.0,0.36189794540405273,0.020760944113135338,0.2844882905483246,3.109715223312378,0.232220858335495
1642,38.16627502441406,0.42765700817108154,0.0,0.0,0.37655749917030334,0.019663657993078232,0.21097829937934875,3.110976219177246,0.23236088454723358
1643,38.197609424591064,0.42765700817108154,0.0,0.0,0.3783206343650818,0.025881219655275345,0.19589829444885254,3.1133995056152344,0.22813044488430023
1644,38.2105758190155,0.42765700817108154,0.0,0.0,0.3786388635635376,0.027499543502926826,0.14575104415416718,3.1150646209716797,0.22194768488407135
1645,38.23990225791931,0.42765700817108154,0.0,0.0,0.3718845248222351,0.03008125349879265,0.12747588753700256,3.117429733276367,0.21657930314540863
1646,38.25089406967163,0.42765700817108154,0.0,0.0,0.35961875319480896,0.03700362145900726,0.1467687487602234,3.119447708129883,0.21394631266593933
1647,38.28144812583923,0.42765700817108154,0.0,0.0,0.3561509847640991,0.03586855158209801,0.1286647617816925,3.1216444969177246,0.21369455754756927
1648,38.29468083381653,0.42765700817108154,0.0,0.0,0.35613709688186646,0.03874307870864868,0.11477380245923996,3.12712025642395,0.21531254053115845
1649,38.3234703540802,0.42765700817108154,0.0,0.0,0.3621974289417267,0.04528346657752991,0.088800810277462,3.1338651180267334,0.2176448106765747
1650,38.33915591239929,0.42765700817108154,0.0,0.0,0.37392452359199524,0.055242083966732025,0.09592878073453903,3.139782667160034,0.21980130672454834
1651,38.371503829956055,0.42765700817108154,0.0,0.0,0.3893587291240692,0.06493979692459106,0.09319748729467392,-3.138814687728882,0.2220560759305954
1652,38.39135766029358,0.42765700817108154,0.0,0.0,0.40730103850364685,0.0704677551984787,0.03023543953895569,-3.1331889629364014,0.22428841888904572
1653,38.4245982170105,0.42765700817108154,0.0,0.0,0.4221612215042114,0.07939401268959045,0.005617447197437286,-3.12538743019104,0.22629909217357635
1654,38.43634557723999,0.42765700817108154,0.0,0.0,0.434922456741333,0.08994148671627045,0.06289530545473099,-3.118603229522705,0.22868788242340088
1655,38.467998027801514,0.42765700817108154,0.0,0.0,0.44662660360336304,0.08957338333129883,0.0030155330896377563,-3.112044095993042,0.23256060481071472
1656,38.488765239715576,0.42765700817108154,0.0,0.0,0.4446583688259125,0.08633755147457123,0.06874548643827438,-3.1029841899871826,0.23080193996429443
1657,38.52051067352295,0.42765700817108154,0.0,0.0,0.4566625952720642,0.07189175486564636,0.22048115730285645,-3.088371753692627,0.21949972212314606
1658,38.53313159942627,0.42765700817108154,0.0,0.0,0.43252667784690857,0.03571688383817673,0.19406643509864807,-3.0730199813842773,0.21391424536705017
1659,38.561864614486694,0.42765700817108154,0.0,0.0,0.4065536856651306,-0.0019854363054037094,0.15984463691711426,-3.059325933456421,0.21477222442626953
1660,38.573708295822144,0.42765700817108154,0.0,0.0,0.3996902108192444,-0.033757250756025314,0.15202105045318604,-3.0512990951538086,0.21688112616539001
1661,38.6043701171875,0.42765700817108154,0.0,0.0,0.40333595871925354,-0.058605290949344635,0.12330292910337448,-3.0462117195129395,0.2173204869031906
1662,38.61552929878235,0.42765700817108154,0.0,0.0,0.4040880799293518,-0.07964485883712769,0.10926321893930435,-3.0416975021362305,0.2157686948776245
1663,38.71466088294983,0.42765700817108154,0.0,0.0,0.4022268056869507,-0.10356965661048889,0.08491913974285126,-3.037313222885132,0.21475590765476227
1664,38.726953983306885,0.42765700817108154,0.0,0.0,0.4028354287147522,-0.12718546390533447,0.04818142205476761,-3.0320026874542236,0.2144140750169754
1665,38.757227659225464,0.42765700817108154,0.0,0.0,0.395915687084198,-0.15269425511360168,0.07531397044658661,-3.025520086288452,0.2155274897813797
1666,38.76824378967285,0.42765700817108154,0.0,0.0,0.36717063188552856,-0.18815948069095612,0.11190202832221985,-3.0186455249786377,0.22235707938671112
1667,38.79984498023987,0.42765700817108154,0.0,0.0,0.38275429606437683,-0.15471073985099792,-0.015337778255343437,-3.0166921615600586,0.2255576103925705
1668,38.81317067146301,0.42765700817108154,0.0,0.0,0.3645677864551544,-0.11120626330375671,-0.009492501616477966,-3.0231118202209473,0.22874218225479126
1669,38.84315204620361,0.42765700817108154,0.0,0.0,0.33061710000038147,-0.07277732342481613,0.04297461360692978,-3.0353634357452393,0.23244446516036987
1670,38.8560905456543,0.42765700817108154,0.0,0.0,0.31284311413764954,-0.048088982701301575,-0.005064055323600769,-3.046109437942505,0.23409660160541534
1671,38.88555645942688,0.42765700817108154,0.0,0.0,0.3072975277900696,-0.0321820043027401,-0.04164378345012665,-3.0517466068267822,0.23346641659736633
1672,38.89749097824097,0.42765700817108154,0.0,0.0,0.29651689529418945,-0.006007298827171326,0.06155335158109665,-3.0555009841918945,0.23349028825759888
1673,38.92615509033203,0.42765700817108154,0.0,0.0,0.3027947247028351,0.014756129123270512,0.05067294090986252,-3.059343099594116,0.23454108834266663
1674,38.937525510787964,0.42765700817108154,0.0,0.0,0.31468379497528076,0.034126315265893936,0.0033148215152323246,-3.060218572616577,0.23461250960826874
1675,38.966187715530396,0.42765700817108154,0.0,0.0,0.31915122270584106,0.05605697259306908,0.018712345510721207,-3.059912919998169,0.23418889939785004
1676,38.97867941856384,0.42765700817108154,0.0,0.0,0.31491637229919434,0.07773473113775253,0.05753583833575249,-3.061006784439087,0.23589348793029785
1677,39.00847792625427,0.42765700817108154,0.0,0.0,0.3123428225517273,0.09969255328178406,0.087120920419693,-3.064385414123535,0.2417479306459427
1678,39.02089858055115,0.42765700817108154,0.0,0.0,0.32409292459487915,0.11281903088092804,0.10144642740488052,-3.0670907497406006,0.23721949756145477
1679,39.05474257469177,0.42765700817108154,0.0,0.0,0.3566378653049469,0.0992308259010315,0.12394693493843079,-3.062493324279785,0.2195035070180893
1680,39.06597971916199,0.42765700817108154,0.0,0.0,0.3612179160118103,0.06662704795598984,0.14463728666305542,-3.0537891387939453,0.20584292709827423
1681,39.09995150566101,0.42765700817108154,0.0,0.0,0.3615419566631317,0.037880897521972656,0.12922203540802002,-3.044323205947876,0.19792014360427856
1682,39.1121187210083,0.42765700817108154,0.0,0.0,0.366074800491333,0.015693770721554756,0.11950326710939407,-3.039301633834839,0.19335955381393433
1683,39.141916036605835,0.42765700817108154,0.0,0.0,0.37615156173706055,-0.0006660991348326206,0.1537369042634964,-3.0397510528564453,0.19196099042892456
1684,39.153533935546875,0.42765700817108154,0.0,0.0,0.3943312168121338,-0.01957627758383751,0.14992840588092804,-3.042789936065674,0.193571999669075
1685,39.182560443878174,0.42765700817108154,0.0,0.0,0.4198087751865387,-0.04186553508043289,0.10554581880569458,-3.0448009967803955,0.19461336731910706
1686,39.19896674156189,0.42765700817108154,0.0,0.0,0.4363071024417877,-0.07232117652893066,0.059425435960292816,-3.04404878616333,0.19464433193206787
1687,39.235278367996216,0.42765700817108154,0.0,0.0,0.4525449275970459,-0.08786463737487793,0.13747888803482056,-3.0431272983551025,0.19670411944389343
1688,39.24783802032471,0.42765700817108154,0.0,0.0,0.46678411960601807,-0.09341739118099213,0.19665467739105225,-3.0450310707092285,0.20260795950889587
1689,39.27980661392212,0.42765700817108154,0.0,0.0,0.47195038199424744,-0.11323177814483643,0.2039162516593933,-3.0475752353668213,0.21190984547138214
1690,39.29236197471619,0.42765700817108154,0.0,0.0,0.4758070111274719,-0.14130103588104248,-0.003985382616519928,-3.0456795692443848,0.22120635211467743
1691,39.32381558418274,0.42765700817108154,0.0,0.0,0.4667958915233612,-0.12136048823595047,-0.0800909698009491,-3.045755624771118,0.22067005932331085
1692,39.33513355255127,0.42765700817108154,0.0,0.0,0.4113599956035614,-0.08730117976665497,0.02068343013525009,-3.0560834407806396,0.2227526158094406
1693,39.371265172958374,0.42765700817108154,0.0,0.0,0.35703954100608826,-0.06505319476127625,0.029965370893478394,-3.0709927082061768,0.22633032500743866
1694,39.383129835128784,0.42765700817108154,0.0,0.0,0.32506781816482544,-0.052916403859853745,0.0065244026482105255,-3.0814123153686523,0.22857320308685303
1695,39.41550922393799,0.42765700817108154,0.0,0.0,0.3111153841018677,-0.04371738061308861,0.0031829029321670532,-3.086019277572632,0.22943764925003052
1696,39.42940545082092,0.42765700817108154,0.0,0.0,0.2954941987991333,-0.0241145808249712,0.09520716965198517,-3.0877199172973633,0.22898752987384796
1697,39.45981431007385,0.42765700817108154,0.0,0.0,0.29411759972572327,-0.006095217540860176,0.11909609287977219,-3.0892980098724365,0.22754515707492828
1698,39.47439670562744,0.42765700817108154,0.0,0.0,0.3053162693977356,0.00587097555398941,0.0076327077113091946,-3.0885825157165527,0.22331364452838898
1699,39.50666618347168,0.42765700817108154,0.0,0.0,0.3020263612270355,0.024157842621207237,0.030827563256025314,-3.0867083072662354,0.21890100836753845
1700,39.51750159263611,0.42765700817108154,0.0,0.0,0.29236900806427,0.04515984281897545,0.11019562184810638,-3.0870580673217773,0.21907004714012146
1701,39.548165798187256,0.42765700817108154,0.0,0.0,0.29363423585891724,0.05892115831375122,0.12406384944915771,-3.088954210281372,0.2228088676929474
1702,39.5610556602478,0.42765700817108154,0.0,0.0,0.2960386574268341,0.07565248757600784,0.06375709921121597,-3.0910816192626953,0.22768700122833252
1703,39.59166741371155,0.42765700817108154,0.0,0.0,0.30065253376960754,0.09088673442602158,0.0263973418623209,-3.0953097343444824,0.2333524227142334
1704,39.605804443359375,0.42765700817108154,0.0,0.0,0.3089180290699005,0.09361231327056885,0.12870226800441742,-3.099741220474243,0.22744165360927582
1705,39.639938831329346,0.42765700817108154,0.0,0.0,0.343230664730072,0.06721016764640808,0.1280515044927597,-3.093585729598999,0.21306408941745758
1706,39.65071392059326,0.42765700817108154,0.0,0.0,0.3615522086620331,0.035336676985025406,0.17353154718875885,-3.0825517177581787,0.2076473981142044
1707,39.68161201477051,0.42765700817108154,0.0,0.0,0.3788435459136963,-0.0002959053963422775,0.1300211101770401,-3.0725178718566895,0.2100653499364853
1708,39.69434952735901,0.42765700817108154,0.0,0.0,0.39941468834877014,-0.026860961690545082,0.1518212854862213,-3.0665040016174316,0.210787832736969
1709,39.724522829055786,0.42765700817108154,0.0,0.0,0.42225030064582825,-0.0488475039601326,0.15178611874580383,-3.064980983734131,0.20947416126728058
1710,39.73695945739746,0.42765700817108154,0.0,0.0,0.4442347586154938,-0.0681890919804573,0.1307181566953659,-3.0635578632354736,0.20959244668483734
1711,39.7667019367218,0.42765700817108154,0.0,0.0,0.4624268114566803,-0.09144634008407593,0.07834278047084808,-3.061601161956787,0.21086810529232025
1712,39.77753233909607,0.42765700817108154,0.0,0.0,0.482090562582016,-0.11438967287540436,0.08674359321594238,-3.0587265491485596,0.21339111030101776
1713,39.84174561500549,0.42765700817108154,0.0,0.0,0.490953654050827,-0.13098953664302826,0.17101101577281952,-3.0565147399902344,0.21757008135318756
1714,39.85369896888733,0.42765700817108154,0.0,0.0,0.4706628620624542,-0.1628149449825287,0.12443573772907257,-3.053398370742798,0.2252378910779953
1715,39.885602712631226,0.42765700817108154,0.0,0.0,0.4698024392127991,-0.14119917154312134,-0.08664597570896149,-3.0507378578186035,0.22840052843093872
1716,39.89803385734558,0.42765700817108154,0.0,0.0,0.4037816524505615,-0.09233716875314713,0.02786194533109665,-3.0609993934631348,0.22842399775981903
1717,39.92793822288513,0.42765700817108154,0.0,0.0,0.35450321435928345,-0.06601984798908234,0.03666285425424576,-3.077765464782715,0.2268972396850586
1718,39.94079375267029,0.42765700817108154,0.0,0.0,0.3326387405395508,-0.05515497922897339,0.0487525649368763,-3.088901996612549,0.2253631353378296
1719,39.97792410850525,0.42765700817108154,0.0,0.0,0.3276183605194092,-0.04086870700120926,0.14214272797107697,-3.0928475856781006,0.22356222569942474
1720,39.99081587791443,0.42765700817108154,0.0,0.0,0.3337956666946411,-0.02097771316766739,0.23374256491661072,-3.093773126602173,0.22171781957149506
1721,40.021790981292725,0.42765700817108154,0.0,0.0,0.3487597405910492,-0.002293275436386466,0.21448124945163727,-3.0934174060821533,0.2194366455078125
1722,40.03268790245056,0.42765700817108154,0.0,0.0,0.3639424741268158,0.01198912039399147,0.10958478599786758,-3.092707872390747,0.2157077193260193
1723,40.061970949172974,0.42765700817108154,0.0,0.0,0.3686593770980835,0.02751237340271473,0.04392264410853386,-3.09145188331604,0.21146441996097565
1724,40.074955224990845,0.42765700817108154,0.0,0.0,0.36434030532836914,0.05149196833372116,0.1062101200222969,-3.092379093170166,0.2084164321422577
1725,40.10590410232544,0.42765700817108154,0.0,0.0,0.36538562178611755,0.06959620118141174,0.1354828178882599,-3.0957889556884766,0.20776861906051636
1726,40.125117778778076,0.42765700817108154,0.0,0.0,0.3713438808917999,0.08324824273586273,0.11316341906785965,-3.0977718830108643,0.2087084800004959
1727,40.15714716911316,0.42765700817108154,0.0,0.0,0.37467020750045776,0.09927991777658463,0.10007446259260178,-3.0985190868377686,0.20987768471240997
1728,40.17569017410278,0.42765700817108154,0.0,0.0,0.3079317510128021,0.13558560609817505,0.37730133533477783,-3.1012659072875977,0.21206296980381012
1729,40.2087140083313,0.8323118686676025,0.0,0.0,0.37209784984588623,0.10993953049182892,0.18122059106826782,-3.100921392440796,0.20185795426368713
1730,40.221181869506836,0.8323118686676025,0.0,0.0,0.3791921138763428,0.08605962246656418,0.21015384793281555,-3.094207763671875,0.19334879517555237
1731,40.250266790390015,0.8323118686676025,0.0,0.0,0.3750953674316406,0.061284445226192474,0.2238556444644928,-3.0865495204925537,0.2010650485754013
1732,40.26398324966431,0.8323118686676025,0.0,0.0,0.3799571990966797,0.030922777950763702,0.16402509808540344,-3.0804245471954346,0.217876598238945
1733,40.293286085128784,0.8323118686676025,0.0,0.0,0.39870578050613403,0.002812555991113186,0.10828407108783722,-3.0754048824310303,0.2323644906282425
1734,40.313785791397095,0.8323118686676025,0.0,0.0,0.42142489552497864,-0.024851176887750626,0.11993379890918732,-3.070220947265625,0.24020610749721527
1735,40.34387993812561,0.8323118686676025,0.0,0.0,0.4461402893066406,-0.04832300543785095,0.14917032420635223,-3.0643973350524902,0.24299919605255127
1736,40.35816550254822,0.8323118686676025,0.0,0.0,0.4692457318305969,-0.07111557573080063,0.14669285714626312,-3.0589840412139893,0.2439982295036316
1737,40.38659715652466,0.8323118686676025,0.0,0.0,0.49510860443115234,-0.09857354313135147,0.06212694197893143,-3.0538489818573,0.2458215057849884
1738,40.40063214302063,0.8323118686676025,0.0,0.0,0.5251054167747498,-0.11795730143785477,0.06849431991577148,-3.050323247909546,0.24898011982440948
1739,40.436662673950195,0.8323118686676025,0.0,0.0,0.5636534094810486,-0.13379167020320892,0.09049378335475922,-3.0503242015838623,0.2533099353313446
1740,40.45533275604248,0.8323118686676025,0.0,0.0,0.6023421883583069,-0.1598266363143921,0.11518263071775436,-3.049816846847534,0.2581545412540436
1741,40.484819173812866,0.8323118686676025,0.0,0.0,0.6304432153701782,-0.18216785788536072,0.15733805298805237,-3.0474932193756104,0.2647121846675873
1742,40.49699592590332,0.8323118686676025,0.0,0.0,0.6251543760299683,-0.20489050447940826,0.04244232177734375,-3.044433116912842,0.2769239842891693
1743,40.53016495704651,0.8323118686676025,0.0,0.0,0.6184693574905396,-0.15010806918144226,0.008565865457057953,-3.049903631210327,0.2871786952018738
1744,40.54229497909546,0.8323118686676025,0.0,0.0,0.5700002908706665,-0.08956681191921234,0.06660196185112,-3.0696349143981934,0.29049021005630493
1745,40.57307744026184,0.8323118686676025,0.0,0.0,0.5448012948036194,-0.0588449165225029,0.06455877423286438,-3.0926637649536133,0.28623485565185547
1746,40.591487884521484,0.8323118686676025,0.0,0.0,0.5532689690589905,-0.045585811138153076,0.1618788242340088,-3.109180212020874,0.27930471301078796
1747,40.6240131855011,0.8323118686676025,0.0,0.0,0.5774451494216919,-0.026140516623854637,0.29275694489479065,-3.1168618202209473,0.27294230461120605
1748,40.636887550354004,0.8323118686676025,0.0,0.0,0.6123018860816956,0.004447277635335922,0.37084585428237915,-3.1193490028381348,0.2676316797733307
1749,40.67392349243164,0.8323118686676025,0.0,0.0,0.6572932004928589,0.0335717648267746,0.32175344228744507,-3.120363712310791,0.263471394777298
1750,40.685197830200195,0.8323118686676025,0.0,0.0,0.69334876537323,0.05780705064535141,0.27006518840789795,-3.1192047595977783,0.2619916498661041
1751,40.71711802482605,0.8323118686676025,0.0,0.0,0.7261459827423096,0.07924338430166245,0.24297048151493073,-3.115988254547119,0.2634824216365814
1752,40.730037450790405,0.8323118686676025,0.0,0.0,0.7577744126319885,0.10379435122013092,0.25214684009552,-3.1110525131225586,0.26805779337882996
1753,40.75964069366455,0.8323118686676025,0.0,0.0,0.7837734818458557,0.12650170922279358,0.2653837203979492,-3.1063671112060547,0.27402377128601074
1754,40.773313999176025,0.8323118686676025,0.0,0.0,0.8069772720336914,0.14547757804393768,0.18712887167930603,-3.103151798248291,0.28073906898498535
1755,40.811954498291016,0.8323118686676025,0.0,0.0,0.8203754425048828,0.1643311083316803,0.1394076943397522,-3.1024701595306396,0.28710711002349854
1756,40.82441592216492,0.8323118686676025,0.0,0.0,0.8033708333969116,0.17037205398082733,0.24276888370513916,-3.106534481048584,0.2863159775733948
1757,40.85774803161621,0.8323118686676025,0.0,0.0,0.778113067150116,0.11555394530296326,0.1645583063364029,-3.097970724105835,0.2730962932109833
1758,40.874725341796875,0.8323118686676025,0.0,0.0,0.7526761293411255,0.08028651028871536,0.22052642703056335,-3.080439329147339,0.25868192315101624
1759,40.970096588134766,0.8323118686676025,0.0,0.0,0.7473595142364502,0.06640053540468216,0.17214611172676086,-3.0661540031433105,0.2508000135421753
1760,40.9811372756958,0.8323118686676025,0.0,0.0,0.7585349678993225,0.06278880685567856,0.1121574193239212,-3.06032657623291,0.2468990534543991
1761,41.01279067993164,0.8323118686676025,0.0,0.0,0.769527792930603,0.055640146136283875,0.08200401812791824,-3.062653064727783,0.24422790110111237
1762,41.02526593208313,0.8323118686676025,0.0,0.0,0.7729990482330322,0.04078427702188492,0.05042915791273117,-3.0673623085021973,0.24149419367313385
1763,41.05639290809631,0.8323118686676025,0.0,0.0,0.7679999470710754,0.030115999281406403,0.01643098145723343,-3.070683002471924,0.23782965540885925
1764,41.06769347190857,0.8323118686676025,0.0,0.0,0.7575347423553467,0.020112305879592896,-0.007917515933513641,-3.074950695037842,0.23405204713344574
1765,41.099801540374756,0.8323118686676025,0.0,0.0,0.7614126205444336,0.0004019467160105705,0.02583792619407177,-3.079932689666748,0.23358288407325745
1766,41.118122816085815,0.8323118686676025,0.0,0.0,0.7899496555328369,-0.026829052716493607,0.06962178647518158,-3.082529306411743,0.23764996230602264
1767,41.14978742599487,0.8323118686676025,0.0,0.0,0.8298174738883972,-0.05039355158805847,-0.09753277897834778,-3.081693410873413,0.24155312776565552
1768,41.16485261917114,0.8323118686676025,0.0,0.0,0.8626517057418823,-0.03187937289476395,-0.27296707034111023,-3.083446979522705,0.23672322928905487
1769,41.198638677597046,0.8323118686676025,0.0,0.0,0.8191437125205994,0.00887308269739151,-0.1646033525466919,-3.0915350914001465,0.23700371384620667
1770,41.21066474914551,0.8323118686676025,0.0,0.0,0.7449332475662231,0.07299098372459412,0.23637980222702026,-3.1118953227996826,0.24104785919189453
1771,41.240463733673096,0.8323118686676025,0.0,0.0,0.7300869226455688,0.09440822899341583,0.28036534786224365,-3.1356899738311768,0.24114789068698883
1772,41.25193214416504,0.8323118686676025,0.0,0.0,0.739901602268219,0.10836528241634369,0.31038913130760193,3.133735418319702,0.23693965375423431
1773,41.2816367149353,0.8323118686676025,0.0,0.0,0.754442572593689,0.12680701911449432,0.34040772914886475,3.1287806034088135,0.23210979998111725
1774,41.297385692596436,0.8323118686676025,0.0,0.0,0.770159125328064,0.14230620861053467,0.3209461569786072,3.129272222518921,0.22889350354671478
1775,41.33208632469177,0.8323118686676025,0.0,0.0,0.7868402004241943,0.14610253274440765,0.24844515323638916,3.134716510772705,0.22647064924240112
1776,41.34626221656799,0.8323118686676025,0.0,0.0,0.7933013439178467,0.15881341695785522,0.22737140953540802,-3.140118360519409,0.22339631617069244
1777,41.379167556762695,0.8323118686676025,0.0,0.0,0.792985200881958,0.18057264387607574,0.1890810877084732,-3.134279727935791,0.2212713062763214
1778,41.39742374420166,0.8323118686676025,0.0,0.0,0.7140786647796631,0.23391525447368622,0.3912305235862732,-3.1346333026885986,0.2232678085565567
1779,41.42593336105347,0.8323118686676025,0.0,0.0,0.7787778973579407,0.1777488887310028,0.26589202880859375,-3.1310665607452393,0.2128930240869522
1780,41.438244342803955,0.8323118686676025,0.0,0.0,0.7836359739303589,0.1036515086889267,0.15481999516487122,-3.1133415699005127,0.20358625054359436
1781,41.468061447143555,0.8323118686676025,0.0,0.0,0.7898688316345215,0.04939243942499161,0.04167516529560089,-3.091740846633911,0.19860023260116577
1782,41.4831645488739,0.8323118686676025,0.0,0.0,0.8078590035438538,0.027863452211022377,0.024138838052749634,-3.0798287391662598,0.1964063197374344
1783,41.51781630516052,0.8323118686676025,0.0,0.0,0.8259071111679077,0.026844605803489685,0.05256153270602226,-3.0781641006469727,0.19598522782325745
1784,41.53134226799011,0.8323118686676025,0.0,0.0,0.7956780791282654,0.04905446618795395,0.09157034754753113,-3.0840563774108887,0.19737400114536285
1785,41.56380343437195,0.8323118686676025,0.0,0.0,0.7565731406211853,0.01703869365155697,-0.0028540566563606262,-3.082108974456787,0.2007189393043518
1786,41.57587170600891,0.8323118686676025,0.0,0.0,0.697897732257843,0.012297618202865124,-0.30175745487213135,-3.0662662982940674,0.20913435518741608
1787,41.60505223274231,0.8323118686676025,0.0,0.0,0.6451334953308105,0.1035933643579483,-0.33821308612823486,-3.0677599906921387,0.20402388274669647
1788,41.61621689796448,0.8323118686676025,0.0,0.0,0.5987932682037354,0.18614012002944946,-0.18815022706985474,-3.089653491973877,0.20082326233386993
1789,41.650452852249146,0.8323118686676025,0.0,0.0,0.5758392214775085,0.2570508122444153,0.28888651728630066,-3.1195547580718994,0.2088695764541626
1790,41.663355112075806,0.8323118686676025,0.0,0.0,0.6229785680770874,0.2937532365322113,0.6813052892684937,3.1341187953948975,0.22348453104496002
1791,41.69695425033569,0.8323118686676025,0.0,0.0,0.6854652762413025,0.30661964416503906,0.7288473844528198,3.1122560501098633,0.2355598360300064
1792,41.71755933761597,0.8323118686676025,0.0,0.0,0.697400689125061,0.2955455183982849,0.6300802826881409,3.100613832473755,0.2459418624639511
1793,41.749348402023315,0.8323118686676025,0.0,0.0,0.6594743728637695,0.2727993130683899,0.39759325981140137,3.1002299785614014,0.26123327016830444
1794,41.763980865478516,0.8323118686676025,0.0,0.0,0.6184574365615845,0.2761368751525879,0.02234184741973877,3.1119277477264404,0.28162500262260437
1795,41.7985463142395,0.8323118686676025,0.0,0.0,0.5946409106254578,0.3030916154384613,-0.09984004497528076,3.1281511783599854,0.2963508367538452
1796,41.81739068031311,0.8323118686676025,0.0,0.0,0.6476373672485352,0.29010429978370667,0.18407489359378815,-3.135498285293579,0.2867567241191864
1797,41.84717416763306,0.8323118686676025,0.0,0.0,0.6678054928779602,0.2720315754413605,0.21950455009937286,-3.120265245437622,0.2725675404071808
1798,41.85985779762268,0.8323118686676025,0.0,0.0,0.6721738576889038,0.23678787052631378,0.17859771847724915,-3.111281156539917,0.2612035572528839
1799,41.89095902442932,0.8323118686676025,0.0,0.0,0.6552459001541138,0.17337818443775177,0.015415839850902557,-3.1039247512817383,0.25280165672302246
1800,41.90204668045044,0.8323118686676025,0.0,0.0,0.6471438407897949,0.11321303248405457,-0.10564577579498291,-3.0948636531829834,0.24409456551074982
1801,41.93230080604553,0.8323118686676025,0.0,0.0,0.6506009101867676,0.07564535737037659,-0.10534320771694183,-3.086827278137207,0.2329772561788559
1802,41.94668483734131,0.8323118686676025,0.0,0.0,0.6565268635749817,0.059453826397657394,0.018388204276561737,-3.0846526622772217,0.2217450588941574
1803,41.98350954055786,0.8323118686676025,0.0,0.0,0.6616411209106445,0.039875730872154236,0.08051455020904541,-3.0884487628936768,0.21110773086547852
1804,41.996320724487305,0.8323118686676025,0.0,0.0,0.6707512140274048,0.006867304909974337,0.06150491535663605,-3.091876745223999,0.20101693272590637
1805,42.024701833724976,0.8323118686676025,0.0,0.0,0.68075031042099,-0.038731154054403305,0.026010312139987946,-3.0901684761047363,0.1925409436225891
1806,42.03820466995239,0.8323118686676025,0.0,0.0,0.6981677412986755,-0.0758417472243309,0.029244806617498398,-3.0859811305999756,0.18563693761825562
1807,42.06521201133728,0.8323118686676025,0.0,0.0,0.7186815142631531,-0.10763727873563766,0.02995992638170719,-3.084242343902588,0.18033400177955627
1808,42.07703137397766,0.8323118686676025,0.0,0.0,0.7244162559509277,-0.1298811435699463,0.014927689917385578,-3.0842537879943848,0.1789061576128006
1809,42.10977816581726,0.8323118686676025,0.0,0.0,0.6708477735519409,-0.14886966347694397,0.2219463437795639,-3.0825650691986084,0.18609189987182617
1810,42.121957540512085,0.8323118686676025,0.0,0.0,0.6230493783950806,-0.10832624137401581,-0.09403710067272186,-3.076772689819336,0.18943725526332855
1811,42.156511545181274,0.8323118686676025,0.0,0.0,0.5793452858924866,-0.062334250658750534,-0.234897643327713,-3.076007127761841,0.17915081977844238
1812,42.176942110061646,0.8323118686676025,0.0,0.0,0.551072895526886,-0.017728153616189957,-0.020386233925819397,-3.0816667079925537,0.1715400367975235
1813,42.2092764377594,0.8323118686676025,0.0,0.0,0.5461752414703369,0.021410254761576653,0.2849128842353821,-3.0931766033172607,0.17252856492996216
1814,42.23272633552551,0.8323118686676025,0.0,0.0,0.5711716413497925,0.03390737250447273,0.3813038468360901,-3.1056222915649414,0.1762455701828003
1815,42.2628755569458,0.8323118686676025,0.0,0.0,0.5940075516700745,0.04138035327196121,0.3572928309440613,-3.112751007080078,0.17882226407527924
1816,42.27792048454285,0.8323118686676025,0.0,0.0,0.6017667651176453,0.04779204726219177,0.2569611072540283,-3.1151113510131836,0.1794978231191635
1817,42.30835008621216,0.8323118686676025,0.0,0.0,0.5934388637542725,0.05435354635119438,0.15522262454032898,-3.1156136989593506,0.17831046879291534
1818,42.32360506057739,0.8323118686676025,0.0,0.0,0.5806570649147034,0.06695345044136047,0.11467273533344269,-3.1160664558410645,0.17620716989040375
1819,42.353439807891846,0.8323118686676025,0.0,0.0,0.5737407207489014,0.07797723263502121,0.08611150085926056,-3.115920066833496,0.17436018586158752
1820,42.36661672592163,0.8323118686676025,0.0,0.0,0.5792710185050964,0.0871083065867424,0.0396612249314785,-3.1145806312561035,0.16906587779521942
1821,42.40062642097473,0.8323118686676025,0.0,0.0,0.6089202761650085,0.09505648910999298,0.1830388754606247,-3.1084675788879395,0.15475066006183624
1822,42.41930603981018,0.8323118686676025,0.0,0.0,0.632727861404419,0.09323836117982864,0.20402494072914124,-3.104407548904419,0.14620620012283325
1823,42.4490225315094,0.8323118686676025,0.0,0.0,0.6550953388214111,0.07603641599416733,0.13586077094078064,-3.103199005126953,0.1461392045021057
1824,42.461387395858765,0.8323118686676025,0.0,0.0,0.6737927198410034,0.03834051266312599,0.04289912432432175,-3.0996971130371094,0.14918453991413116
1825,42.495349645614624,0.8323118686676025,0.0,0.0,0.6970420479774475,0.00031949556432664394,-0.04779690131545067,-3.0923359394073486,0.14791426062583923
1826,42.5151469707489,0.8323118686676025,0.0,0.0,0.7293537259101868,-0.023361332714557648,-0.041039250791072845,-3.0875892639160156,0.13782253861427307
1827,42.545488595962524,0.8323118686676025,0.0,0.0,0.761168360710144,-0.04130140319466591,0.01629883050918579,-3.0878331661224365,0.12545962631702423
1828,42.562145471572876,0.8323118686676025,0.0,0.0,0.7917307615280151,-0.046803366392850876,0.06858822703361511,-3.093372344970703,0.11650308966636658
1829,42.59105658531189,0.8323118686676025,0.0,0.0,0.7970542907714844,-0.054302431643009186,-0.052772827446460724,-3.1039721965789795,0.11096237599849701
1830,42.60199213027954,0.8323118686676025,0.0,0.0,0.773722231388092,-0.06926731020212173,-0.19115087389945984,-3.1125316619873047,0.11168207228183746
1831,42.640374183654785,0.8323118686676025,0.0,0.0,0.7571520805358887,-0.07623977214097977,-0.29870322346687317,-3.114142894744873,0.1168697327375412
1832,42.65548014640808,0.8323118686676025,0.0,0.0,0.7259970307350159,-0.018840355798602104,-0.21402323246002197,-3.120673656463623,0.10967807471752167
1833,42.68516826629639,0.8323118686676025,0.0,0.0,0.6853430271148682,0.04625958949327469,0.0876649022102356,-3.1360721588134766,0.09986431151628494
1834,42.697694540023804,0.8323118686676025,0.0,0.0,0.682966947555542,0.0810231864452362,0.28637075424194336,3.130570411682129,0.09664171934127808
1835,42.726885080337524,0.8323118686676025,0.0,0.0,0.7105349898338318,0.10324540734291077,0.42458608746528625,3.1178457736968994,0.09990667551755905
1836,42.73833513259888,0.8323118686676025,0.0,0.0,0.7506465911865234,0.11922236531972885,0.4415682554244995,3.108929395675659,0.10361392050981522
1837,42.76812124252319,0.8323118686676025,0.0,0.0,0.7820271253585815,0.13122063875198364,0.4416903257369995,3.1043012142181396,0.1042417660355568
1838,42.78043603897095,0.8323118686676025,0.0,0.0,0.7887268662452698,0.13432559370994568,0.5192504525184631,3.103916883468628,0.10333303362131119
1839,42.81171488761902,0.8323118686676025,0.0,0.0,0.7708739638328552,0.13523036241531372,0.49433040618896484,3.108689308166504,0.10701450705528259
1840,42.82414388656616,0.8323118686676025,0.0,0.0,0.761210024356842,0.14680474996566772,0.28546032309532166,3.119426727294922,0.11732283234596252
1841,42.855669260025024,0.8323118686676025,0.0,0.0,0.739215075969696,0.17079265415668488,0.14506274461746216,3.1290314197540283,0.1282075047492981
1842,42.871575355529785,0.8323118686676025,0.0,0.0,0.7685125470161438,0.15821780264377594,0.18265436589717865,-3.1415114402770996,0.12271080166101456
1843,42.90095591545105,0.8323118686676025,0.0,0.0,0.7629748582839966,0.12517774105072021,0.16929519176483154,-3.1272294521331787,0.11523623764514923
1844,42.91352820396423,0.8323118686676025,0.0,0.0,0.7385184168815613,0.07607704401016235,-0.0025526583194732666,-3.111898183822632,0.10986881703138351
1845,42.942339181900024,0.8323118686676025,0.0,0.0,0.724950909614563,0.033046260476112366,-0.07976570725440979,-3.0984578132629395,0.1048903539776802
1846,42.954407930374146,0.8323118686676025,0.0,0.0,0.7176499366760254,-0.0005251748953014612,-0.08878680318593979,-3.089285373687744,0.10160605609416962
1847,42.9894483089447,0.8323118686676025,0.0,0.0,0.7239388823509216,-0.027271846309304237,-0.0639544278383255,-3.0833613872528076,0.10119229555130005
1848,43.00482726097107,0.8323118686676025,0.0,0.0,0.7349075078964233,-0.05057287588715553,-0.03842797875404358,-3.0802621841430664,0.10081997513771057
1849,43.03424882888794,0.8323118686676025,0.0,0.0,0.747236430644989,-0.0694689080119133,-0.007937746122479439,-3.0812716484069824,0.09937926381826401
1850,43.04857110977173,0.8323118686676025,0.0,0.0,0.7577298283576965,-0.08617793768644333,0.016264230012893677,-3.085508108139038,0.09765242785215378
1851,43.07772946357727,0.8323118686676025,0.0,0.0,0.7642351388931274,-0.10777681320905685,0.00768281240016222,-3.089531660079956,0.09843630343675613
1852,43.0900981426239,0.8323118686676025,0.0,0.0,0.7525139451026917,-0.14059975743293762,0.27724000811576843,-3.0889387130737305,0.10574715584516525
1853,43.122063875198364,0.8323118686676025,0.0,0.0,0.7425682544708252,-0.13772819936275482,-0.03139783442020416,-3.0829720497131348,0.11327950656414032
1854,43.13336634635925,0.8323118686676025,0.0,0.0,0.7071791887283325,-0.1119341030716896,-0.06674250215291977,-3.081815481185913,0.11506669968366623
1855,43.164032220840454,0.8323118686676025,0.0,0.0,0.6807202696800232,-0.08390709012746811,0.05566346272826195,-3.086829900741577,0.10855722427368164
1856,43.17578649520874,0.8323118686676025,0.0,0.0,0.6654173731803894,-0.06428993493318558,0.15078318119049072,-3.094536781311035,0.09837998449802399
1857,43.22042202949524,0.8323118686676025,0.0,0.0,0.6606392860412598,-0.052212975919246674,0.25935038924217224,-3.1023433208465576,0.0920012891292572
1858,43.23370695114136,0.8323118686676025,0.0,0.0,0.6713600158691406,-0.047597069293260574,0.2699975371360779,-3.109042167663574,0.08993899077177048
1859,43.268940448760986,0.5581201314926147,0.0,0.0,0.6831598281860352,-0.04399789497256279,0.25415802001953125,-3.113626003265381,0.08803121000528336
1860,43.282081842422485,0.5581201314926147,0.0,0.0,0.7006990909576416,-0.0406259261071682,0.252889484167099,-3.114823579788208,0.08352764695882797
1861,43.314016342163086,0.5581201314926147,0.0,0.0,0.7070634365081787,-0.036873120814561844,0.27357375621795654,-3.1117591857910156,0.07483084499835968
1862,43.32615923881531,0.5581201314926147,0.0,0.0,0.7062269449234009,-0.034353695809841156,0.30283164978027344,-3.103959798812866,0.06729190051555634
1863,43.35709190368652,0.5581201314926147,0.0,0.0,0.7024553418159485,-0.03469521179795265,0.3467389643192291,-3.0937283039093018,0.06402673572301865
1864,43.368446350097656,0.5581201314926147,0.0,0.0,0.6941254138946533,-0.03831081464886665,0.423719584941864,-3.0862748622894287,0.06663194298744202
1865,43.399033069610596,0.5581201314926147,0.0,0.0,0.6424979567527771,-0.04379274323582649,0.43551090359687805,-3.0843522548675537,0.07562348246574402
1866,43.41647124290466,0.5581201314926147,0.0,0.0,0.613064706325531,-0.06966671347618103,0.35984447598457336,-3.07515549659729,0.07795228809118271
1867,43.44984245300293,0.5581201314926147,0.0,0.0,0.5548964738845825,-0.09744452685117722,-0.053642697632312775,-3.062403917312622,0.07379548251628876
1868,43.46596050262451,0.5581201314926147,0.0,0.0,0.5010910034179688,-0.11040437966585159,-0.1799449771642685,-3.05419921875,0.07041572779417038
1869,43.50214242935181,0.5581201314926147,0.0,0.0,0.46001824736595154,-0.12138568609952927,-0.12191269546747208,-3.050852060317993,0.07634051889181137
1870,43.51761031150818,0.5581201314926147,0.0,0.0,0.43315425515174866,-0.1343759000301361,-0.0555989071726799,-3.047416925430298,0.08804131299257278
1871,43.548662185668945,0.5581201314926147,0.0,0.0,0.4150765538215637,-0.14582981169223785,0.0084277568385005,-3.0438120365142822,0.09997845441102982
1872,43.56116962432861,0.5581201314926147,0.0,0.0,0.4132872521877289,-0.14729055762290955,-0.08520883321762085,-3.0409953594207764,0.1048349067568779
1873,43.59040141105652,0.5581201314926147,0.0,0.0,0.40130528807640076,-0.12527981400489807,-0.054594866931438446,-3.043461561203003,0.10099185258150101
1874,43.606534004211426,0.5581201314926147,0.0,0.0,0.3887021839618683,-0.09590955078601837,0.06799545884132385,-3.049804925918579,0.10316865891218185
1875,43.63779067993164,0.5581201314926147,0.0,0.0,0.393804132938385,-0.0684463307261467,0.12901097536087036,-3.0564868450164795,0.10580988228321075
1876,43.649370431900024,0.5581201314926147,0.0,0.0,0.40284374356269836,-0.04409359395503998,0.15223842859268188,-3.0609922409057617,0.10392240434885025
1877,43.68175506591797,0.5581201314926147,0.0,0.0,0.4127313196659088,-0.023772189393639565,0.13281765580177307,-3.063472270965576,0.10027565807104111
1878,43.69422364234924,0.5581201314926147,0.0,0.0,0.4228217899799347,-0.001561763696372509,0.10434164851903915,-3.0643887519836426,0.09628025442361832
1879,43.72441506385803,0.5581201314926147,0.0,0.0,0.43525731563568115,0.020295947790145874,0.06134111434221268,-3.0646159648895264,0.09178171306848526
1880,43.74005365371704,0.5581201314926147,0.0,0.0,0.44715210795402527,0.040796104818582535,0.07006830722093582,-3.064657211303711,0.08723395317792892
1881,43.771740436553955,0.5581201314926147,0.0,0.0,0.4588906168937683,0.05688821151852608,0.06352072209119797,-3.065539598464966,0.0837838426232338
1882,43.78358864784241,0.5581201314926147,0.0,0.0,0.46715399622917175,0.06967668235301971,0.05000270903110504,-3.067004919052124,0.0816621482372284
1883,43.8145170211792,0.5581201314926147,0.0,0.0,0.48034167289733887,0.08495117723941803,0.03430662304162979,-3.069612741470337,0.08173991739749908
1884,43.828810691833496,0.5581201314926147,0.0,0.0,0.48805558681488037,0.10062133520841599,0.026257582008838654,-3.073742389678955,0.08120881766080856
1885,43.859156131744385,0.5581201314926147,0.0,0.0,0.4985969662666321,0.11136162281036377,0.11002892255783081,-3.076995849609375,0.07599841803312302
1886,43.87225127220154,0.5581201314926147,0.0,0.0,0.5007622838020325,0.11564218997955322,0.25115400552749634,-3.0789031982421875,0.06993148475885391
1887,43.90630531311035,0.5581201314926147,0.0,0.0,0.4954313635826111,0.1075485497713089,0.2692161500453949,-3.080092430114746,0.0644693374633789
1888,43.918126583099365,0.5581201314926147,0.0,0.0,0.4771220088005066,0.08667552471160889,0.10703717917203903,-3.078707456588745,0.056874144822359085
1889,43.95218515396118,0.5581201314926147,0.0,0.0,0.4579463005065918,0.07106815278530121,-0.013086264953017235,-3.0754008293151855,0.04940302297472954
1890,43.96429634094238,0.5581201314926147,0.0,0.0,0.44341495633125305,0.0607852041721344,-0.03574587032198906,-3.073782444000244,0.04607990011572838
1891,43.999796867370605,0.5581201314926147,0.0,0.0,0.4358972907066345,0.05170835554599762,-0.005467338487505913,-3.074960947036743,0.046436045318841934
1892,44.01305913925171,0.5581201314926147,0.0,0.0,0.4340954124927521,0.04127851501107216,0.052974507212638855,-3.0783634185791016,0.04790886119008064
1893,44.04959154129028,0.5581201314926147,0.0,0.0,0.43725913763046265,0.028594903647899628,0.08963299542665482,-3.082995653152466,0.04848013073205948
1894,44.0634822845459,0.5581201314926147,0.0,0.0,0.4437429904937744,0.01855984888970852,0.08063876628875732,-3.088104486465454,0.047317322343587875
1895,44.09869909286499,0.5581201314926147,0.0,0.0,0.45193782448768616,0.00297783175483346,0.11615262180566788,-3.092498779296875,0.0462588369846344
1896,44.11275291442871,0.5581201314926147,0.0,0.0,0.4652459919452667,-0.01155044510960579,0.1557120978832245,-3.095337152481079,0.04606907442212105
1897,44.15069508552551,0.5581201314926147,0.0,0.0,0.48369306325912476,-0.029860040172934532,0.14084462821483612,-3.0959787368774414,0.04649091511964798
1898,44.16363716125488,0.5581201314926147,0.0,0.0,0.5040953755378723,-0.04673568904399872,0.13081258535385132,-3.0947065353393555,0.04668029397726059
1899,44.193721294403076,0.5581201314926147,0.0,0.0,0.525725781917572,-0.05665071681141853,-0.013251148164272308,-3.093212604522705,0.046852581202983856
1900,44.21675682067871,0.5581201314926147,0.0,0.0,0.5355194211006165,-0.06225166842341423,-0.2434302121400833,-3.0927488803863525,0.046042829751968384
1901,44.24980854988098,0.5581201314926147,0.0,0.0,0.5224160552024841,-0.052599430084228516,-0.21764424443244934,-3.092604398727417,0.04854174330830574
1902,44.33206295967102,0.5581201314926147,0.0,0.0,0.5022394061088562,-0.028138790279626846,0.00922934990376234,-3.0942234992980957,0.05613018572330475
1903,44.36388850212097,0.5581201314926147,0.0,0.0,0.49773070216178894,-0.004469441715627909,0.10712643712759018,-3.098729133605957,0.05836259946227074
1904,44.3764853477478,0.5581201314926147,0.0,0.0,0.49517980217933655,0.011195311322808266,0.09489934146404266,-3.1048569679260254,0.05113697797060013
1905,44.406649351119995,0.5581201314926147,0.0,0.0,0.48492342233657837,0.02143389731645584,0.05366551876068115,-3.111870288848877,0.04281951114535332
1906,44.41761016845703,0.5581201314926147,0.0,0.0,0.46229901909828186,0.04172617942094803,0.12087814509868622,-3.1197457313537598,0.03990655019879341
1907,44.44781231880188,0.5581201314926147,0.0,0.0,0.44780534505844116,0.06664792448282242,0.14637240767478943,-3.127636432647705,0.04130609706044197
1908,44.46058416366577,0.5581201314926147,0.0,0.0,0.4368266761302948,0.09479788690805435,0.1690915822982788,-3.136414051055908,0.03630279749631882
1909,44.4900598526001,0.5581201314926147,0.0,0.0,0.4336213171482086,0.10205341875553131,0.2112993597984314,3.14011549949646,0.01848025806248188
1910,44.50150656700134,0.5581201314926147,0.0,0.0,0.41541317105293274,0.08231658488512039,0.2248407006263733,3.1360952854156494,0.009176123887300491
1911,44.531540870666504,0.5581201314926147,0.0,0.0,0.40420296788215637,0.04051307588815689,0.12424220144748688,3.1371161937713623,0.014622648246586323
1912,44.546406507492065,0.5581201314926147,0.0,0.0,0.4154093265533447,0.003547891741618514,-0.030799085274338722,-3.138683557510376,0.022087590768933296
1913,44.58591985702515,0.5581201314926147,0.0,0.0,0.42751970887184143,-0.019537877291440964,-0.0722973644733429,-3.1314501762390137,0.02398388274013996
1914,44.59881281852722,0.5581201314926147,0.0,0.0,0.4378184974193573,-0.03370259329676628,-0.009857547469437122,-3.1273584365844727,0.025985511019825935
1915,44.63457703590393,0.5581201314926147,0.0,0.0,0.45210734009742737,-0.05406264588236809,0.05530375987291336,-3.1250033378601074,0.030216779559850693
1916,44.64769911766052,0.5581201314926147,0.0,0.0,0.47459548711776733,-0.06723951548337936,0.00450674956664443,-3.1219770908355713,0.03320515528321266
1917,44.676475524902344,0.5581201314926147,0.0,0.0,0.4739554524421692,-0.07114965468645096,0.049362752586603165,-3.120223045349121,0.03116273321211338
1918,44.690366983413696,0.5581201314926147,0.0,0.0,0.4668063521385193,-0.07578101754188538,0.03694039210677147,-3.1148664951324463,0.03479860723018646
1919,44.72104334831238,0.5581201314926147,0.0,0.0,0.45705902576446533,-0.06440474092960358,0.04350292682647705,-3.105891227722168,0.04104191064834595
1920,44.73237752914429,0.5581201314926147,0.0,0.0,0.45094844698905945,-0.03624570369720459,0.15470939874649048,-3.102020025253296,0.042231809347867966
1921,44.762492418289185,0.5581201314926147,0.0,0.0,0.4550926685333252,-0.01427600160241127,0.20002174377441406,-3.104562759399414,0.03451475128531456
1922,44.77534055709839,0.5581201314926147,0.0,0.0,0.45707565546035767,0.001630159211345017,0.17319849133491516,-3.1103007793426514,0.023743657395243645
1923,44.8052453994751,0.5581201314926147,0.0,0.0,0.45197710394859314,0.02301977016031742,0.1990734487771988,-3.118779420852661,0.016542624682188034
1924,44.816917181015015,0.5581201314926147,0.0,0.0,0.45300906896591187,0.04329775273799896,0.2442430555820465,-3.1297073364257812,0.013723276555538177
1925,44.84809350967407,0.5581201314926147,0.0,0.0,0.45632389187812805,0.057276904582977295,0.28599390387535095,-3.139881134033203,0.012292732484638691
1926,44.8608980178833,0.5581201314926147,0.0,0.0,0.45566341280937195,0.06985989212989807,0.3135102391242981,3.1353061199188232,0.011998221278190613
1927,44.891101360321045,0.5581201314926147,0.0,0.0,0.4543151557445526,0.08212068676948547,0.28430819511413574,3.1297810077667236,0.013530779629945755
1928,44.90197801589966,0.5581201314926147,0.0,0.0,0.4469746947288513,0.0942046269774437,0.20867639780044556,3.127434253692627,0.012410944327712059
1929,44.93303847312927,0.5581201314926147,0.0,0.0,0.44027233123779297,0.09201022237539291,0.13248802721500397,3.1314992904663086,0.007150519639253616
1930,44.94646072387695,0.5581201314926147,0.0,0.0,0.4245993494987488,0.0815141499042511,0.0986492857336998,3.1371874809265137,0.008078857325017452
1931,44.977181911468506,0.5581201314926147,0.0,0.0,0.413369745016098,0.062175996601581573,0.054101187735795975,-3.140186309814453,0.015972169116139412
1932,44.98961901664734,0.5581201314926147,0.0,0.0,0.40413522720336914,0.03341907262802124,-0.002607707865536213,-3.130174160003662,0.021846454590559006
1933,45.018211126327515,0.5581201314926147,0.0,0.0,0.4012638330459595,0.010582131333649158,-0.08079472184181213,-3.116870641708374,0.022667428478598595
1934,45.03040432929993,0.5581201314926147,0.0,0.0,0.3986837565898895,-0.004681278020143509,-0.12116986513137817,-3.1059274673461914,0.02112657018005848
1935,45.05992555618286,0.5581201314926147,0.0,0.0,0.3979862332344055,-0.015967657789587975,-0.11384744942188263,-3.0988638401031494,0.021022727712988853
1936,45.073835134506226,0.5581201314926147,0.0,0.0,0.40236666798591614,-0.027596009895205498,-0.05812554806470871,-3.0950562953948975,0.022281426936388016
1937,45.124420404434204,0.5581201314926147,0.0,0.0,0.4071284234523773,-0.04602345451712608,-0.03700253367424011,-3.0924978256225586,0.024072935804724693
1938,45.159156799316406,0.5581201314926147,0.0,0.0,0.4158346652984619,-0.06733784824609756,-0.035679616034030914,-3.0895347595214844,0.026056652888655663
1939,45.19270467758179,0.5581201314926147,0.0,0.0,0.42899754643440247,-0.07839574664831161,-0.13469690084457397,-3.0862271785736084,0.025054413825273514
1940,45.206865072250366,0.5581201314926147,0.0,0.0,0.4310615062713623,-0.08057256042957306,-0.18506108224391937,-3.0812909603118896,0.026530606672167778
1941,45.2384672164917,0.5581201314926147,0.0,0.0,0.4358910918235779,-0.06646819412708282,-0.17891068756580353,-3.077017307281494,0.03385080397129059
1942,45.25659489631653,0.5581201314926147,0.0,0.0,0.4421514868736267,-0.0340043380856514,-0.00939963385462761,-3.077893018722534,0.04179493337869644
1943,45.28641390800476,0.5581201314926147,0.0,0.0,0.4620243012905121,-0.005745301954448223,0.10343638807535172,-3.0832386016845703,0.04371396079659462
1944,45.301002502441406,0.5581201314926147,0.0,0.0,0.4843897819519043,0.010117318481206894,0.10887013375759125,-3.087263345718384,0.03588244318962097
1945,45.33157277107239,0.5581201314926147,0.0,0.0,0.49926984310150146,0.020673148334026337,0.1212114542722702,-3.0876009464263916,0.026365017518401146
1946,45.34542918205261,0.5581201314926147,0.0,0.0,0.5072780847549438,0.03573842719197273,0.1650892198085785,-3.086113452911377,0.020345820114016533
1947,45.379399061203,0.5581201314926147,0.0,0.0,0.5155124664306641,0.05035117268562317,0.16901811957359314,-3.0851869583129883,0.01683230698108673
1948,45.40232706069946,0.5581201314926147,0.0,0.0,0.5242927074432373,0.06540591269731522,0.11403275281190872,-3.08546781539917,0.015829691663384438
1949,45.42867398262024,0.5581201314926147,0.0,0.0,0.5209894180297852,0.08153638988733292,0.12296850979328156,-3.0893139839172363,0.014213739894330502
1950,45.43955874443054,0.5581201314926147,0.0,0.0,0.5106282234191895,0.07933038473129272,0.160549134016037,-3.089561700820923,0.006899373605847359
1951,45.468505859375,0.5581201314926147,0.0,0.0,0.4873028099536896,0.06315869092941284,0.20372527837753296,-3.0857744216918945,0.005312382709234953
1952,45.48080539703369,0.5581201314926147,0.0,0.0,0.4663645923137665,0.039484187960624695,0.06514862179756165,-3.078221559524536,0.005795375443994999
1953,45.512309312820435,0.5581201314926147,0.0,0.0,0.44799044728279114,0.020061666145920753,-0.006656856741756201,-3.0705535411834717,0.004743659868836403
1954,45.524670362472534,0.5581201314926147,0.0,0.0,0.4337080121040344,0.007382361218333244,-0.05809710919857025,-3.06565260887146,0.006413340102881193
1955,45.55557107925415,0.5581201314926147,0.0,0.0,0.4252742528915405,-0.002799997106194496,-0.0829346776008606,-3.064387321472168,0.012294458225369453
1956,45.567490577697754,0.5581201314926147,0.0,0.0,0.42110905051231384,-0.015798334032297134,-0.055086538195610046,-3.0660603046417236,0.020910926163196564
1957,45.5981605052948,0.5581201314926147,0.0,0.0,0.4251139760017395,-0.03088841214776039,0.01227642223238945,-3.069424629211426,0.030251095071434975
1958,45.61181974411011,0.5581201314926147,0.0,0.0,0.4354898929595947,-0.04649251326918602,0.08409223705530167,-3.0728461742401123,0.03792654722929001
1959,45.64310431480408,0.5581201314926147,0.0,0.0,0.4576762914657593,-0.05555546283721924,-0.04493197053670883,-3.0751724243164062,0.0385960228741169
1960,45.65493822097778,0.5581201314926147,0.0,0.0,0.4551011025905609,-0.05593196675181389,-0.02615806832909584,-3.0767571926116943,0.03186219558119774
1961,45.684576749801636,0.5581201314926147,0.0,0.0,0.4475525915622711,-0.053263258188962936,0.021976307034492493,-3.0736277103424072,0.03464379906654358
1962,45.69816255569458,0.5581201314926147,0.0,0.0,0.44679173827171326,-0.03984183818101883,0.00785836111754179,-3.0677599906921387,0.042799778282642365
1963,45.73181104660034,0.5581201314926147,0.0,0.0,0.4513394832611084,-0.011626319959759712,0.01447445247322321,-3.06683087348938,0.04835375398397446
1964,45.744173526763916,0.5581201314926147,0.0,0.0,0.46428182721138,0.021231479942798615,0.1259489357471466,-3.0750019550323486,0.04566643387079239
1965,45.784791231155396,0.5581201314926147,0.0,0.0,0.4823008179664612,0.03973480686545372,0.14031927287578583,-3.0859551429748535,0.034269046038389206
1966,45.79749774932861,0.5581201314926147,0.0,0.0,0.49203407764434814,0.04881130903959274,0.16542552411556244,-3.093651056289673,0.0203928854316473
1967,45.828214168548584,0.5581201314926147,0.0,0.0,0.4887312054634094,0.05945237725973129,0.22611692547798157,-3.0989866256713867,0.010694662109017372
1968,45.84030222892761,0.5581201314926147,0.0,0.0,0.49017393589019775,0.07119743525981903,0.2859996259212494,-3.104057550430298,0.006238673813641071
1969,45.871620893478394,0.5581201314926147,0.0,0.0,0.4787065088748932,0.08615679293870926,0.24962332844734192,-3.1088666915893555,0.004215494729578495
1970,45.88615036010742,0.5581201314926147,0.0,0.0,0.47286948561668396,0.08167412132024765,0.24039186537265778,-3.107889175415039,-0.0030427935998886824
1971,45.91687321662903,0.5581201314926147,0.0,0.0,0.4522075653076172,0.05640695244073868,0.23334558308124542,-3.1029417514801025,-0.00617340998724103
1972,45.935227394104004,0.5581201314926147,0.0,0.0,0.4350436329841614,0.02676505595445633,-0.004732326604425907,-3.095921516418457,-0.004547250457108021
1973,45.96648621559143,0.5581201314926147,0.0,0.0,0.4212285280227661,0.0064459023997187614,-0.11048538982868195,-3.092205286026001,-0.0005356015171855688
1974,45.97868824005127,0.5581201314926147,0.0,0.0,0.42045602202415466,-0.00839609932154417,-0.07556062936782837,-3.091986656188965,0.007536529563367367
1975,46.00843143463135,0.5581201314926147,0.0,0.0,0.4313737154006958,-0.02096180059015751,0.018109943717718124,-3.0945792198181152,0.015921441838145256
1976,46.021899700164795,0.5581201314926147,0.0,0.0,0.4447696805000305,-0.036223456263542175,0.10065003484487534,-3.098318576812744,0.022078555077314377
1977,46.05360770225525,0.5581201314926147,0.0,0.0,0.4584099054336548,-0.0510932132601738,0.11988174915313721,-3.1012558937072754,0.025693081319332123
1978,46.06584167480469,0.5581201314926147,0.0,0.0,0.46792638301849365,-0.06940203160047531,0.1581350564956665,-3.1009724140167236,0.0282585509121418
1979,46.09618520736694,0.5581201314926147,0.0,0.0,0.4799174964427948,-0.08199898898601532,0.07264138758182526,-3.0968756675720215,0.02873428910970688
1980,46.10951352119446,0.5581201314926147,0.0,0.0,0.4832167625427246,-0.08749393373727798,-0.043082453310489655,-3.090348243713379,0.027560655027627945
1981,46.13838005065918,0.5581201314926147,0.0,0.0,0.48205095529556274,-0.0840432271361351,-0.10801875591278076,-3.0831410884857178,0.02929125912487507
1982,46.15011525154114,0.5581201314926147,0.0,0.0,0.48037829995155334,-0.07324613630771637,-0.14490079879760742,-3.0775933265686035,0.03352309763431549
1983,46.186286211013794,0.5581201314926147,0.0,0.0,0.4753800928592682,-0.041515499353408813,0.03611987829208374,-3.0771515369415283,0.03598453477025032
1984,46.20714235305786,0.5581201314926147,0.0,0.0,0.4906689524650574,-0.017545728012919426,0.10906191170215607,-3.082548141479492,0.03103180229663849
1985,46.23871064186096,0.5581201314926147,0.0,0.0,0.5022264719009399,0.0026984456926584244,0.15984638035297394,-3.089151382446289,0.019246188923716545
1986,46.250224351882935,0.5581201314926147,0.0,0.0,0.5063408613204956,0.020727593451738358,0.18668557703495026,-3.0962491035461426,0.009285506792366505
1987,46.28234601020813,0.5581201314926147,0.0,0.0,0.511681318283081,0.03533047065138817,0.2156701385974884,-3.1032307147979736,0.0034068897366523743
1988,46.29497981071472,0.5581201314926147,0.0,0.0,0.5130074620246887,0.053757816553115845,0.20344699919223785,-3.1099376678466797,7.74077998357825e-05
1989,46.3318829536438,0.5581201314926147,0.0,0.0,0.5208683609962463,0.07404866814613342,0.13635078072547913,-3.115447521209717,-0.002307533985003829
1990,46.34542775154114,0.5581201314926147,0.0,0.0,0.5290637612342834,0.092015340924263,0.11577896773815155,-3.1218783855438232,-0.003916688729077578
1991,46.380354166030884,0.5581201314926147,0.0,0.0,0.5200775861740112,0.10717909038066864,0.10401978343725204,-3.1317033767700195,-0.0026516125071793795
1992,46.39320158958435,0.5581201314926147,0.0,0.0,0.5037567019462585,0.10559503734111786,0.06882230937480927,-3.1351842880249023,-0.0018965640338137746
1993,46.42352819442749,0.5581201314926147,0.0,0.0,0.4944675862789154,0.09869548678398132,0.28754889965057373,-3.1309640407562256,-0.0005348010454326868
1994,46.434650182724,0.5581201314926147,0.0,0.0,0.4830697774887085,0.0815909132361412,0.2898716330528259,-3.123624324798584,0.0004533030150923878
1995,46.46433663368225,0.5581201314926147,0.0,0.0,0.46673622727394104,0.058515239506959915,0.07833608984947205,-3.1168627738952637,-0.002102759201079607
1996,46.480950355529785,0.5581201314926147,0.0,0.0,0.4455357491970062,0.038626521825790405,-0.04175225645303726,-3.112074136734009,-0.005207020789384842
1997,46.51723122596741,0.5581201314926147,0.0,0.0,0.4300912022590637,0.022224754095077515,-0.0418732650578022,-3.1093554496765137,-0.003861343255266547
1998,46.528056383132935,0.5581201314926147,0.0,0.0,0.4231058657169342,0.007790887262672186,-0.0018858900293707848,-3.107757329940796,0.0009821578860282898
1999,46.5626220703125,0.5581201314926147,0.0,0.0,0.42374667525291443,-0.0034088341053575277,0.04207921773195267,-3.1067910194396973,0.006416024640202522
2000,46.57304906845093,0.5581201314926147,0.0,0.0,0.4271325170993805,-0.01819724217057228,0.0718880444765091,-3.106273651123047,0.010964778251945972
2001,46.6239287853241,0.5581201314926147,0.0,0.0,0.4340212941169739,-0.037109192460775375,0.05248446390032768,-3.105740547180176,0.01386240217834711
2002,46.635109424591064,0.5581201314926147,0.0,0.0,0.4431382119655609,-0.05310579761862755,-0.016211025416851044,-3.105008363723755,0.01272598933428526
2003,46.66497540473938,0.5581201314926147,0.0,0.0,0.45059677958488464,-0.07017228752374649,-0.01108686812222004,-3.1023292541503906,0.011894362047314644
2004,46.67744851112366,0.5581201314926147,0.0,0.0,0.46379560232162476,-0.08634104579687119,-0.04613455757498741,-3.09836483001709,0.012341401539742947
2005,46.70595335960388,0.5581201314926147,0.0,0.0,0.47294673323631287,-0.09441553801298141,-0.12352800369262695,-3.0940229892730713,0.01316773146390915
2006,46.718287229537964,0.5581201314926147,0.0,0.0,0.4694828987121582,-0.08778953552246094,-0.192429780960083,-3.090327024459839,0.015885919332504272
2007,46.752742290496826,0.5581201314926147,0.0,0.0,0.4575285315513611,-0.06672769039869308,-0.07197396457195282,-3.0876007080078125,0.023109544068574905
2008,46.76758074760437,0.5581201314926147,0.0,0.0,0.4500690996646881,-0.031938035041093826,0.1713033765554428,-3.0896658897399902,0.02940352074801922
2009,46.80295538902283,0.5581201314926147,0.0,0.0,0.4554179906845093,-0.007323049008846283,0.2531764507293701,-3.0944509506225586,0.02683088183403015
2010,46.814738750457764,0.5581201314926147,0.0,0.0,0.4596046507358551,0.011274032294750214,0.23494386672973633,-3.0990099906921387,0.018944405019283295
2011,46.850207567214966,0.5581201314926147,0.0,0.0,0.4546874761581421,0.0272156223654747,0.21276064217090607,-3.1043972969055176,0.012958880513906479
2012,46.87246489524841,0.5581201314926147,0.0,0.0,0.4465077519416809,0.04264752194285393,0.20599104464054108,-3.1108014583587646,0.01151200756430626
2013,46.90631079673767,0.5581201314926147,0.0,0.0,0.4386700689792633,0.05778695270419121,0.25575846433639526,-3.119882345199585,0.013766469433903694
2014,46.91713261604309,0.5581201314926147,0.0,0.0,0.42863383889198303,0.0662781149148941,0.23950602114200592,-3.129642963409424,0.020718976855278015
2015,46.95457077026367,0.5581201314926147,0.0,0.0,0.4036531150341034,0.07750318944454193,0.12409845739603043,-3.132650375366211,0.024782609194517136
2016,46.96615290641785,0.5581201314926147,0.0,0.0,0.40964213013648987,0.05570833757519722,0.2060040831565857,-3.123063802719116,0.01836262457072735
2017,47.00500011444092,0.5581201314926147,0.0,0.0,0.39511632919311523,0.03847935423254967,0.13031965494155884,-3.1127724647521973,0.015978677198290825
2018,47.0185968875885,0.5581201314926147,0.0,0.0,0.38116374611854553,0.01326974667608738,0.008190206252038479,-3.1062569618225098,0.017069438472390175
2019,47.04969930648804,0.5581201314926147,0.0,0.0,0.37053778767585754,-0.0166091900318861,-0.09890983253717422,-3.0999062061309814,0.01781877502799034
2020,47.065030097961426,0.5581201314926147,0.0,0.0,0.3659227192401886,-0.039879657328128815,-0.10926884412765503,-3.0932915210723877,0.01611434854567051
2021,47.0990514755249,0.5581201314926147,0.0,0.0,0.3616092801094055,-0.0569104440510273,-0.12180697172880173,-3.0873026847839355,0.014844381250441074
2022,47.11180853843689,0.5581201314926147,0.0,0.0,0.35790371894836426,-0.07828102260828018,-0.10939338058233261,-3.0832297801971436,0.016390619799494743
2023,47.140663862228394,0.5581201314926147,0.0,0.0,0.3600216209888458,-0.09941979497671127,-0.07091747224330902,-3.0801432132720947,0.01944294013082981
2024,47.15209078788757,0.5581201314926147,0.0,0.0,0.370199590921402,-0.10262832790613174,-0.06989189982414246,-3.0777394771575928,0.020338283851742744
2025,47.18566060066223,0.5581201314926147,0.0,0.0,0.36749109625816345,-0.09252874553203583,-0.04925829544663429,-3.07662034034729,0.021230686455965042
2026,47.2021279335022,0.5581201314926147,0.0,0.0,0.3612126410007477,-0.07254450023174286,-0.017246611416339874,-3.0778279304504395,0.027294013649225235
2027,47.23220920562744,0.5581201314926147,0.0,0.0,0.3677103519439697,-0.04235303774476051,0.008282996714115143,-3.0811221599578857,0.03354889154434204
2028,47.24512553215027,0.5581201314926147,0.0,0.0,0.3841625154018402,-0.013318823650479317,0.12830978631973267,-3.0867443084716797,0.03132840245962143
2029,47.27392625808716,0.5581201314926147,0.0,0.0,0.3982841372489929,0.010976993478834629,0.21826748549938202,-3.092836856842041,0.024308249354362488
2030,47.289820432662964,0.5581201314926147,0.0,0.0,0.41480380296707153,0.02979344129562378,0.23122073709964752,-3.0967557430267334,0.015667689964175224
2031,47.32345247268677,0.5581201314926147,0.0,0.0,0.42908114194869995,0.04642803221940994,0.23192240297794342,-3.0989444255828857,0.0069902632385492325
2032,47.33456254005432,0.5581201314926147,0.0,0.0,0.44035282731056213,0.06310625374317169,0.23971115052700043,-3.101207733154297,0.00015402300050482154
2033,47.36762022972107,0.5581201314926147,0.0,0.0,0.45235008001327515,0.08105149120092392,0.2041710764169693,-3.104642868041992,-0.004576432052999735
2034,47.38065838813782,0.5581201314926147,0.0,0.0,0.4695952832698822,0.09880654513835907,0.18068347871303558,-3.1069459915161133,-0.008569524623453617
2035,47.4166054725647,0.5581201314926147,0.0,0.0,0.46710026264190674,0.12253909558057785,0.24002140760421753,-3.1092710494995117,-0.010469542816281319
2036,47.42922854423523,0.5581201314926147,0.0,0.0,0.47943952679634094,0.11591092497110367,0.19055165350437164,-3.1095807552337646,-0.014202841557562351
2037,47.45901703834534,0.5581201314926147,0.0,0.0,0.4745062291622162,0.10477515310049057,0.18109799921512604,-3.1082191467285156,-0.015880953520536423
2038,47.473726987838745,0.5581201314926147,0.0,0.0,0.4612484276294708,0.08069422096014023,0.04709477350115776,-3.1060304641723633,-0.016013791784644127
2039,47.50510025024414,0.5581201314926147,0.0,0.0,0.45039135217666626,0.05649222806096077,-0.08542029559612274,-3.101905107498169,-0.017170432955026627
2040,47.51663684844971,0.5581201314926147,0.0,0.0,0.4425310790538788,0.03609801456332207,-0.07648493349552155,-3.0978105068206787,-0.018602894619107246
2041,47.552966356277466,0.5581201314926147,0.0,0.0,0.4418201148509979,0.022337796166539192,-0.04562290012836456,-3.095576524734497,-0.018106935545802116
2042,47.56462097167969,0.5581201314926147,0.0,0.0,0.4423982799053192,0.008268076926469803,-0.07010488212108612,-3.096815824508667,-0.015938904136419296
2043,47.61419081687927,0.5581201314926147,0.0,0.0,0.44875767827033997,-0.006727281957864761,-0.031871479004621506,-3.1005473136901855,-0.011993613094091415
2044,47.627259731292725,0.5581201314926147,0.0,0.0,0.462986022233963,-0.02403419278562069,0.0181196928024292,-3.104327440261841,-0.007704569958150387
2045,47.66213059425354,0.5581201314926147,0.0,0.0,0.4806133806705475,-0.04716833308339119,0.03390426188707352,-3.106044054031372,-0.005263559520244598
2046,47.673187017440796,0.5581201314926147,0.0,0.0,0.49980488419532776,-0.06407348811626434,0.05425410345196724,-3.105778217315674,-0.00460807466879487
2047,47.70362877845764,0.5581201314926147,0.0,0.0,0.5165981650352478,-0.07640228420495987,0.05014555901288986,-3.1042122840881348,-0.005247239954769611
2048,47.71855926513672,0.5581201314926147,0.0,0.0,0.5224349498748779,-0.07764221727848053,-0.08197890967130661,-3.1017417907714844,-0.007105608470737934
2049,47.75374484062195,0.5581201314926147,0.0,0.0,0.5113157629966736,-0.06585259735584259,-0.0902753472328186,-3.0978944301605225,-0.005883463658392429
2050,47.7659695148468,0.5581201314926147,0.0,0.0,0.4999474585056305,-0.03456496074795723,-0.019544221460819244,-3.0971601009368896,-0.0027289579156786203
2051,47.799702405929565,0.5581201314926147,0.0,0.0,0.5095593333244324,-0.004871612414717674,0.06893466413021088,-3.102940797805786,-0.007187406532466412
2052,47.81514000892639,0.5581201314926147,0.0,0.0,0.5186734199523926,0.01989920437335968,0.15988561511039734,-3.1115028858184814,-0.019163133576512337
2053,47.849462032318115,0.5581201314926147,0.0,0.0,0.5271164774894714,0.03954337164759636,0.2976367175579071,-3.120852470397949,-0.031154336407780647
2054,47.867820501327515,0.5581201314926147,0.0,0.0,0.5308083891868591,0.053333766758441925,0.47519251704216003,-3.1298515796661377,-0.04025888070464134
2055,47.90147948265076,0.5581201314926147,0.0,0.0,0.5271720290184021,0.06503859907388687,0.5891769528388977,-3.1358721256256104,-0.045444708317518234
2056,47.91376733779907,0.5581201314926147,0.0,0.0,0.524508535861969,0.07680957764387131,0.5773094296455383,-3.138484477996826,-0.04640749841928482
2057,47.94336819648743,0.5581201314926147,0.0,0.0,0.5204551815986633,0.08753788471221924,0.5013506412506104,3.1403470039367676,-0.04175476357340813
2058,47.95706605911255,0.5581201314926147,0.0,0.0,0.4953622817993164,0.1126072108745575,0.22314627468585968,3.1318857669830322,-0.02801356464624405
2059,47.99289393424988,0.5581201314926147,0.0,0.0,0.4883829653263092,0.08087413012981415,0.1897321343421936,3.1301422119140625,-0.018317846581339836
2060,48.00647282600403,0.5581201314926147,0.0,0.0,0.4646235406398773,0.0633993148803711,0.23393383622169495,3.1394238471984863,-0.014756828546524048
2061,48.04014015197754,0.5581201314926147,0.0,0.0,0.4305351674556732,0.028820883482694626,0.1309683918952942,-3.133419990539551,-0.013058140873908997
2062,48.0512318611145,0.7239711880683899,0.0,0.0,0.3999519944190979,-0.00027539959410205483,-0.09414679557085037,-3.1251907348632812,-0.011251786723732948
2063,48.08312749862671,0.7239711880683899,0.0,0.0,0.3816051483154297,-0.014638237655162811,-0.13707958161830902,-3.1201581954956055,-0.008428970351815224
2064,48.10044550895691,0.7239711880683899,0.0,0.0,0.37437430024147034,-0.02730880118906498,-0.045042335987091064,-3.115323066711426,-0.0018407654715701938
2065,48.13289189338684,0.7239711880683899,0.0,0.0,0.3827691376209259,-0.019660960882902145,0.011497491970658302,-3.111910104751587,-0.003102027578279376
2066,48.14710712432861,0.7239711880683899,0.0,0.0,0.3829505443572998,-0.0039991699159145355,0.08559633046388626,-3.109206438064575,-0.006925579626113176
2067,48.1769962310791,0.7239711880683899,0.0,0.0,0.38643214106559753,0.019252663478255272,0.09610938280820847,-3.107356548309326,-0.007242123130708933
2068,48.19265627861023,0.7239711880683899,0.0,0.0,0.39561161398887634,0.04643438383936882,0.10269786417484283,-3.1079719066619873,-0.004678234923630953
2069,48.224374294281006,0.7239711880683899,0.0,0.0,0.41223111748695374,0.06864401698112488,0.13289183378219604,-3.10976243019104,-0.0024441236164420843
2070,48.24043154716492,0.7239711880683899,0.0,0.0,0.43322640657424927,0.08464033901691437,0.17425796389579773,-3.110344171524048,-0.004454559646546841
2071,48.27215099334717,0.7239711880683899,0.0,0.0,0.45246246457099915,0.09649913012981415,0.22473403811454773,-3.110290765762329,-0.009740821085870266
2072,48.28315591812134,0.7239711880683899,0.0,0.0,0.4708113372325897,0.10028138011693954,0.2255522459745407,-3.1110641956329346,-0.014984361827373505
2073,48.3175733089447,0.7239711880683899,0.0,0.0,0.4873948097229004,0.09283861517906189,0.17721447348594666,-3.1127800941467285,-0.02005871757864952
2074,48.3336968421936,0.7239711880683899,0.0,0.0,0.4966857433319092,0.06692482531070709,0.105951227247715,-3.1126997470855713,-0.0254347063601017
2075,48.36785554885864,0.7239711880683899,0.0,0.0,0.5101335048675537,0.03630323335528374,-0.01096520945429802,-3.1090071201324463,-0.03292713314294815
2076,48.38071966171265,0.7239711880683899,0.0,0.0,0.5266605019569397,0.012315090745687485,-0.06580542027950287,-3.1055238246917725,-0.04456505924463272
2077,48.41559195518494,0.7239711880683899,0.0,0.0,0.5441508889198303,-0.009655910544097424,-0.03646457567811012,-3.1038174629211426,-0.05495809018611908
2078,48.44995927810669,0.7239711880683899,0.0,0.0,0.568153440952301,-0.026125680655241013,-0.027454109862446785,-3.105104684829712,-0.06238890811800957
2079,48.48459267616272,0.7239711880683899,0.0,0.0,0.5964669585227966,-0.04626833274960518,-0.02726740390062332,-3.110146999359131,-0.06771627813577652
2080,48.4989812374115,0.7239711880683899,0.0,0.0,0.6294437646865845,-0.07480303198099136,-0.061019692569971085,-3.115239143371582,-0.07202919572591782
2081,48.53375697135925,0.7239711880683899,0.0,0.0,0.6631401777267456,-0.09952399134635925,-0.10185837745666504,-3.118459701538086,-0.07562127709388733
2082,48.546353578567505,0.7239711880683899,0.0,0.0,0.6938818097114563,-0.1196531355381012,-0.11479043960571289,-3.119967222213745,-0.07605791836977005
2083,48.57629895210266,0.7239711880683899,0.0,0.0,0.7170396447181702,-0.13491082191467285,-0.1243111789226532,-3.117565870285034,-0.0708947703242302
2084,48.59869456291199,0.7239711880683899,0.0,0.0,0.722353994846344,-0.1454465091228485,0.11236853152513504,-3.1092324256896973,-0.056417711079120636
2085,48.63206672668457,0.7239711880683899,0.0,0.0,0.7114399075508118,-0.14090055227279663,0.022415166720747948,-3.098935127258301,-0.040350645780563354
2086,48.647576332092285,0.7239711880683899,0.0,0.0,0.693673849105835,-0.11770739406347275,-0.09736156463623047,-3.094313144683838,-0.037208441644907
2087,48.67933702468872,0.7239711880683899,0.0,0.0,0.6701381206512451,-0.09265373647212982,-0.030084239318966866,-3.097702741622925,-0.04510951787233353
2088,48.694785833358765,0.7239711880683899,0.0,0.0,0.6410154104232788,-0.07283998280763626,0.06269257515668869,-3.1064109802246094,-0.05186301842331886
2089,48.729520320892334,0.7239711880683899,0.0,0.0,0.6194202899932861,-0.061410143971443176,0.09914693981409073,-3.1166610717773438,-0.053550150245428085
2090,48.74383091926575,0.7239711880683899,0.0,0.0,0.607466995716095,-0.05354323983192444,0.15690919756889343,-3.1258087158203125,-0.05263998731970787
2091,48.77398061752319,0.7239711880683899,0.0,0.0,0.599029541015625,-0.049346406012773514,0.1706865280866623,-3.132647752761841,-0.05221272259950638
2092,48.786067962646484,0.7239711880683899,0.0,0.0,0.588247537612915,-0.04467995837330818,0.13593190908432007,-3.1373355388641357,-0.052251946181058884
2093,48.81409454345703,0.7239711880683899,0.0,0.0,0.5831617712974548,-0.03778009116649628,0.1072828620672226,-3.1406168937683105,-0.051804427057504654
2094,48.82689881324768,0.7239711880683899,0.0,0.0,0.5822333097457886,-0.030627872794866562,0.0937655046582222,3.140338182449341,-0.05174638330936432
2095,48.85826921463013,0.7239711880683899,0.0,0.0,0.5854750871658325,-0.02024741843342781,0.0935295894742012,3.1389269828796387,-0.05154852941632271
2096,48.87186121940613,0.7239711880683899,0.0,0.0,0.5967788696289062,-0.009836188517510891,0.1422567218542099,3.1375603675842285,-0.05187388136982918
2097,48.90156126022339,0.7239711880683899,0.0,0.0,0.6080097556114197,-0.004240283742547035,0.14459562301635742,3.1367712020874023,-0.05244286358356476
2098,48.91362285614014,0.7239711880683899,0.0,0.0,0.6205266118049622,-0.0018026705365628004,0.12160589545965195,3.1372146606445312,-0.05039945989847183
2099,48.94391846656799,0.7239711880683899,0.0,0.0,0.6386659145355225,0.001994949532672763,0.0843290463089943,3.13749361038208,-0.04409816116094589
2100,48.95615291595459,0.7239711880683899,0.0,0.0,0.6636413335800171,0.007226037327200174,0.059655189514160156,3.1369240283966064,-0.03603542968630791
2101,48.99015283584595,0.7239711880683899,0.0,0.0,0.6884313821792603,0.015259466134011745,0.03835422918200493,3.134514093399048,-0.02769387885928154
2102,49.00964951515198,0.7239711880683899,0.0,0.0,0.7179380059242249,0.026847902685403824,0.06675679236650467,3.130419969558716,-0.018500419333577156
2103,49.04401516914368,0.7239711880683899,0.0,0.0,0.7380764484405518,0.028240565210580826,0.35308632254600525,3.124342918395996,-0.012479092925786972
2104,49.05651545524597,0.7239711880683899,0.0,0.0,0.7319560647010803,0.00869373045861721,0.2952719032764435,3.1254382133483887,-0.01549791544675827
2105,49.089969873428345,0.7239711880683899,0.0,0.0,0.6939640641212463,-0.015173411928117275,0.06534108519554138,3.135077714920044,-0.023337457329034805
2106,49.10179257392883,0.7239711880683899,0.0,0.0,0.6561815738677979,-0.03246143087744713,-0.008072657510638237,-3.1351146697998047,-0.030280597507953644
2107,49.13321590423584,0.7239711880683899,0.0,0.0,0.6274087429046631,-0.04523549973964691,-0.009863372892141342,-3.123633861541748,-0.0335763655602932
2108,49.14741396903992,0.7239711880683899,0.0,0.0,0.6077481508255005,-0.05369054153561592,-0.06275380402803421,-3.1162335872650146,-0.03429264947772026
2109,49.17956757545471,0.7239711880683899,0.0,0.0,0.592481791973114,-0.060120951384305954,-0.13403484225273132,-3.114506721496582,-0.03269028291106224
2110,49.195130348205566,0.7239711880683899,0.0,0.0,0.5842695832252502,-0.06963460892438889,-0.0783306360244751,-3.1178476810455322,-0.028291236609220505
2111,49.22418761253357,0.7239711880683899,0.0,0.0,0.5835268497467041,-0.0831560492515564,-0.005548370536416769,-3.1224358081817627,-0.023508824408054352
2112,49.235111951828,0.7239711880683899,0.0,0.0,0.5886983275413513,-0.09564197808504105,-0.009811771102249622,-3.126481771469116,-0.021122317761182785
2113,49.26410746574402,0.7239711880683899,0.0,0.0,0.5938023924827576,-0.10815252363681793,-0.020459264516830444,-3.1294362545013428,-0.020605191588401794
2114,49.27626347541809,0.7239711880683899,0.0,0.0,0.6057840585708618,-0.1255854368209839,0.08412278443574905,-3.1309268474578857,-0.020037900656461716
2115,49.31244397163391,0.7239711880683899,0.0,0.0,0.6195845007896423,-0.1353568136692047,0.13353656232357025,-3.1304805278778076,-0.022273773327469826
2116,49.3282265663147,0.7239711880683899,0.0,0.0,0.6210429072380066,-0.1330055147409439,0.04608752578496933,-3.1295113563537598,-0.024522412568330765
2117,49.35815763473511,0.7239711880683899,0.0,0.0,0.6083317399024963,-0.12067242711782455,-0.020892949774861336,-3.130425214767456,-0.022447971627116203
2118,49.3707857131958,0.7239711880683899,0.0,0.0,0.5947285890579224,-0.09506969153881073,-0.049506500363349915,-3.132361888885498,-0.015328100882470608
2119,49.400455951690674,0.7239711880683899,0.0,0.0,0.6005573868751526,-0.05774637311697006,0.036667417734861374,-3.1376426219940186,-0.01369907520711422
2120,49.4219024181366,0.7239711880683899,0.0,0.0,0.6170194149017334,-0.024468155577778816,0.17234814167022705,3.1383719444274902,-0.02634790726006031
2121,49.45846462249756,0.7239711880683899,0.0,0.0,0.6216925978660583,0.002739144489169121,0.23780354857444763,3.1308536529541016,-0.043323371559381485
2122,49.47228264808655,0.7239711880683899,0.0,0.0,0.6193522214889526,0.030344737693667412,0.28665950894355774,3.122274160385132,-0.05417118966579437
2123,49.502052307128906,0.7239711880683899,0.0,0.0,0.6251964569091797,0.05601455271244049,0.34390658140182495,3.1133131980895996,-0.06049301475286484
2124,49.51413106918335,0.7239711880683899,0.0,0.0,0.635584831237793,0.07692565768957138,0.4856410026550293,3.104099750518799,-0.06748349219560623
2125,49.54458141326904,0.7239711880683899,0.0,0.0,0.6389710903167725,0.08907411247491837,0.5924628973007202,3.0923619270324707,-0.07251796871423721
2126,49.5601327419281,0.7239711880683899,0.0,0.0,0.6413108110427856,0.10138136893510818,0.5472046732902527,3.081181764602661,-0.0701569989323616
2127,49.58981132507324,0.7239711880683899,0.0,0.0,0.6438120007514954,0.11506372690200806,0.40095070004463196,3.0759267807006836,-0.05990730971097946
2128,49.60143041610718,0.7239711880683899,0.0,0.0,0.641588568687439,0.11911695450544357,0.3888505697250366,3.079827070236206,-0.0509801059961319
2129,49.634968280792236,0.7239711880683899,0.0,0.0,0.6407886743545532,0.10409828275442123,0.374785453081131,3.094327211380005,-0.052093181759119034
2130,49.6480917930603,0.7239711880683899,0.0,0.0,0.6381322741508484,0.09502542018890381,0.2768069803714752,3.105773448944092,-0.05704313889145851
2131,49.67809748649597,0.7239711880683899,0.0,0.0,0.6293022036552429,0.07824575901031494,0.07415091246366501,3.108097553253174,-0.062114015221595764
2132,49.690181016922,0.7239711880683899,0.0,0.0,0.6044335961341858,0.04652122035622597,-0.06648433208465576,3.1097452640533447,-0.06822670251131058
2133,49.723398208618164,0.7239711880683899,0.0,0.0,0.5784661173820496,0.0148682976141572,-0.1331634819507599,3.117516279220581,-0.0725189819931984
2134,49.734527826309204,0.7239711880683899,0.0,0.0,0.5657000541687012,-0.007611432112753391,-0.09658683836460114,3.128915548324585,-0.07463809847831726
2135,49.77146339416504,0.7239711880683899,0.0,0.0,0.559385359287262,-0.024744994938373566,-0.06725198030471802,3.14107346534729,-0.07530387490987778
2136,49.784456729888916,0.7239711880683899,0.0,0.0,0.5630698204040527,-0.03260205313563347,-0.13939429819583893,-3.133608102798462,-0.07532788813114166
2137,49.81735038757324,0.7239711880683899,0.0,0.0,0.5679082870483398,-0.04076598584651947,-0.23262789845466614,-3.1309287548065186,-0.07554184645414352
2138,49.834352254867554,0.7239711880683899,0.0,0.0,0.5700355768203735,-0.06120845302939415,-0.15110161900520325,-3.130988121032715,-0.0740124061703682
2139,49.871941566467285,0.7239711880683899,0.0,0.0,0.5793814063072205,-0.07400347292423248,-0.18799735605716705,-3.129972219467163,-0.07241655141115189
2140,49.89051342010498,0.7239711880683899,0.0,0.0,0.5785564184188843,-0.07457602024078369,-0.22240832448005676,-3.1257808208465576,-0.07051132619380951
2141,49.92243432998657,0.7239711880683899,0.0,0.0,0.5760889649391174,-0.05536344647407532,-0.14527180790901184,-3.1192314624786377,-0.06316766887903214
2142,49.93304085731506,0.7239711880683899,0.0,0.0,0.5906410813331604,-0.01300494559109211,0.012710926122963428,-3.1171975135803223,-0.056828904896974564
2143,49.96127915382385,0.7239711880683899,0.0,0.0,0.624538779258728,0.02206634171307087,0.1368374526500702,-3.120574951171875,-0.0627378448843956
2144,49.976457357406616,0.7239711880683899,0.0,0.0,0.6513964533805847,0.0483158603310585,0.23595401644706726,-3.1252827644348145,-0.0767926499247551
2145,50.00939345359802,0.7239711880683899,0.0,0.0,0.6715826392173767,0.06594229489564896,0.3803859353065491,-3.1303155422210693,-0.08901020884513855
2146,50.02118277549744,0.7239711880683899,0.0,0.0,0.6857218742370605,0.07207681983709335,0.5527224540710449,-3.133697748184204,-0.0967097133398056
2147,50.055256366729736,0.7239711880683899,0.0,0.0,0.6979848742485046,0.07377933710813522,0.7007516026496887,-3.134902238845825,-0.09883405268192291
2148,50.06610941886902,0.7239711880683899,0.0,0.0,0.7112944722175598,0.07484184205532074,0.7571191787719727,-3.1351916790008545,-0.09558218717575073
2149,50.09938454627991,0.7239711880683899,0.0,0.0,0.7263875603675842,0.07886067032814026,0.627174973487854,-3.1378912925720215,-0.08625351637601852
2150,50.11136531829834,0.7239711880683899,0.0,0.0,0.7297177314758301,0.0819111242890358,0.3877161145210266,3.1378283500671387,-0.07593832910060883
2151,50.144612312316895,0.7239711880683899,0.0,0.0,0.7175455689430237,0.05369141325354576,0.24980385601520538,3.1385674476623535,-0.08014511317014694
2152,50.15808892250061,0.7239711880683899,0.0,0.0,0.670187771320343,0.016518253833055496,0.07579238712787628,-3.1357688903808594,-0.09237407147884369
2153,50.193342208862305,0.7239711880683899,0.0,0.0,0.6150175929069519,-0.01665583625435829,-0.12674236297607422,-3.1266961097717285,-0.09815627336502075
2154,50.20579266548157,0.7239711880683899,0.0,0.0,0.582120418548584,-0.037527743726968765,-0.20026430487632751,-3.1213810443878174,-0.09741707146167755
2155,50.23503923416138,0.7239711880683899,0.0,0.0,0.5618326663970947,-0.05461537092924118,-0.19309380650520325,-3.117645502090454,-0.09298572689294815
2156,50.247079849243164,0.7239711880683899,0.0,0.0,0.5517098307609558,-0.06747898459434509,-0.20567482709884644,-3.1156160831451416,-0.08610383421182632
2157,50.280219316482544,0.7239711880683899,0.0,0.0,0.5498142242431641,-0.07802702486515045,-0.2180027961730957,-3.1151955127716064,-0.07869427651166916
2158,50.29555702209473,0.7239711880683899,0.0,0.0,0.5548960566520691,-0.09781181812286377,-0.054298609495162964,-3.113588333129883,-0.07251584529876709
2159,50.32500410079956,0.7239711880683899,0.0,0.0,0.569960355758667,-0.1061498299241066,-0.08426696062088013,-3.1126155853271484,-0.07363710552453995
2160,50.33597779273987,0.7239711880683899,0.0,0.0,0.5685235857963562,-0.10662858933210373,-0.1280176192522049,-3.115208387374878,-0.07906927168369293
2161,50.37604379653931,0.7239711880683899,0.0,0.0,0.551941990852356,-0.10254452377557755,-0.1089368537068367,-3.1162309646606445,-0.07762142270803452
2162,50.39058542251587,0.7239711880683899,0.0,0.0,0.5486050248146057,-0.0839129239320755,-0.06021837145090103,-3.11354923248291,-0.06734853237867355
2163,50.42377972602844,0.7239711880683899,0.0,0.0,0.5657622814178467,-0.04836798086762428,0.06326954066753387,-3.112912654876709,-0.06051310896873474
2164,50.43526792526245,0.7239711880683899,0.0,0.0,0.592339038848877,-0.014860638417303562,0.16900739073753357,-3.1148343086242676,-0.06565859913825989
2165,50.468645095825195,0.7239711880683899,0.0,0.0,0.619053840637207,0.008956924080848694,0.2714865803718567,-3.1173555850982666,-0.07814567536115646
2166,50.48097467422485,0.7239711880683899,0.0,0.0,0.6329399347305298,0.031936291605234146,0.347534716129303,-3.1211767196655273,-0.08863569051027298
2167,50.518431663513184,0.7239711880683899,0.0,0.0,0.6509813070297241,0.0478174053132534,0.44363731145858765,-3.1263155937194824,-0.09514300525188446
2168,50.53050231933594,0.7239711880683899,0.0,0.0,0.6662846803665161,0.05301566421985626,0.5411738753318787,-3.132564067840576,-0.09911760687828064
2169,50.56168580055237,0.7239711880683899,0.0,0.0,0.6820708513259888,0.05501627177000046,0.5814642310142517,-3.141427755355835,-0.09767653793096542
2170,50.57414531707764,0.7239711880683899,0.0,0.0,0.6992683410644531,0.05820668488740921,0.5200092196464539,3.1325724124908447,-0.09116262197494507
2171,50.6055748462677,0.7239711880683899,0.0,0.0,0.7063178420066833,0.0783049538731575,0.1747864931821823,3.124635696411133,-0.07905750721693039
2172,50.61897158622742,0.7239711880683899,0.0,0.0,0.7066814303398132,0.05704040080308914,0.1436087191104889,3.123710870742798,-0.07295925915241241
2173,50.6518280506134,0.7239711880683899,0.0,0.0,0.7011047005653381,0.037455812096595764,0.21461385488510132,3.131441593170166,-0.07630546391010284
2174,50.668137073516846,0.7239711880683899,0.0,0.0,0.6746941208839417,0.009170331060886383,0.18140287697315216,-3.1412012577056885,-0.08511976897716522
2175,50.702818870544434,0.7239711880683899,0.0,0.0,0.6417673826217651,-0.01996309868991375,-0.06201420724391937,-3.131287097930908,-0.0919787809252739
2176,50.715864181518555,0.7239711880683899,0.0,0.0,0.6139652132987976,-0.04394236579537392,-0.15267100930213928,-3.1235952377319336,-0.09638913720846176
2177,50.754231691360474,0.7239711880683899,0.0,0.0,0.5976712703704834,-0.061097580939531326,-0.16735728085041046,-3.116525173187256,-0.09673992544412613
2178,50.76842212677002,0.7239711880683899,0.0,0.0,0.5865519046783447,-0.07922229170799255,-0.1548219472169876,-3.1112260818481445,-0.0945713073015213
2179,50.80214238166809,0.7239711880683899,0.0,0.0,0.58225017786026,-0.09768853336572647,-0.1540554165840149,-3.1074702739715576,-0.09078608453273773
2180,50.81512975692749,0.7239711880683899,0.0,0.0,0.5814706683158875,-0.1118474155664444,-0.24316030740737915,-3.1066911220550537,-0.08620511740446091
2181,50.8456175327301,0.7239711880683899,0.0,0.0,0.5871419906616211,-0.12764215469360352,-0.2226411998271942,-3.1089818477630615,-0.08036569505929947
2182,50.858556270599365,0.7239711880683899,0.0,0.0,0.5979482531547546,-0.14409996569156647,-0.09058636426925659,-3.110426187515259,-0.0731852576136589
2183,50.88856601715088,0.7239711880683899,0.0,0.0,0.6142475605010986,-0.15755310654640198,0.06312575936317444,-3.1110551357269287,-0.06547045707702637
2184,50.89967632293701,0.7239711880683899,0.0,0.0,0.6133606433868408,-0.16004906594753265,0.01474022027105093,-3.1133182048797607,-0.06138971447944641
2185,50.92878222465515,0.7239711880683899,0.0,0.0,0.6014856696128845,-0.14853671193122864,-0.06541348993778229,-3.1154940128326416,-0.05460397154092789
2186,50.941723585128784,0.7239711880683899,0.0,0.0,0.5900468826293945,-0.12452904880046844,-0.0449376255273819,-3.1180055141448975,-0.047284942120313644
2187,50.97416090965271,0.7239711880683899,0.0,0.0,0.5862579345703125,-0.09483199566602707,0.022472284734249115,-3.1213009357452393,-0.04523460566997528
2188,50.98558783531189,0.7239711880683899,0.0,0.0,0.5898309946060181,-0.06870216131210327,0.07496284693479538,-3.1250650882720947,-0.050943199545145035
2189,51.017282009124756,0.7239711880683899,0.0,0.0,0.592805027961731,-0.04297235235571861,0.12920305132865906,-3.1304616928100586,-0.059535782784223557
2190,51.0280864238739,0.7239711880683899,0.0,0.0,0.5965505838394165,-0.017773717641830444,0.1723390817642212,-3.1384036540985107,-0.067208431661129
2191,51.055397272109985,0.7239711880683899,0.0,0.0,0.6021700501441956,0.0058205826207995415,0.22011011838912964,3.135761022567749,-0.07448871433734894
2192,51.06615734100342,0.7239711880683899,0.0,0.0,0.6082748174667358,0.025545338168740273,0.2954862415790558,3.1276121139526367,-0.08219478279352188
2193,51.11153292655945,0.7239711880683899,0.0,0.0,0.616981029510498,0.04174437001347542,0.3797228932380676,3.120689868927002,-0.09032651782035828
2194,51.12433481216431,0.7239711880683899,0.0,0.0,0.6238935589790344,0.055078521370887756,0.45946204662323,3.114154577255249,-0.09728125482797623
2195,51.15670657157898,0.7239711880683899,0.0,0.0,0.6304500102996826,0.06462620198726654,0.47498127818107605,3.108548402786255,-0.09822408854961395
2196,51.16872000694275,0.7239711880683899,0.0,0.0,0.640523374080658,0.07502375543117523,0.3907020390033722,3.1034443378448486,-0.0911438837647438
2197,51.19907736778259,0.7239711880683899,0.0,0.0,0.6436118483543396,0.09684144705533981,0.17595215141773224,3.099837303161621,-0.07726044952869415
2198,51.215317726135254,0.7239711880683899,0.0,0.0,0.6416486501693726,0.07625536620616913,0.24433158338069916,3.104341506958008,-0.06508256494998932
2199,51.24920463562012,0.7239711880683899,0.0,0.0,0.653255045413971,0.0643877163529396,0.2967524230480194,3.115812063217163,-0.05925709754228592
2200,51.26435399055481,0.7239711880683899,0.0,0.0,0.665755569934845,0.05667612701654434,0.3235464096069336,3.1268978118896484,-0.06352029740810394
2201,51.295629262924194,0.7239711880683899,0.0,0.0,0.6650351285934448,0.04165102168917656,0.1512412428855896,3.1315383911132812,-0.07045279443264008
2202,51.30806922912598,0.7239711880683899,0.0,0.0,0.6448148488998413,0.01250232383608818,-0.1301286220550537,3.1333634853363037,-0.07853896915912628
2203,51.33664536476135,0.7239711880683899,0.0,0.0,0.6205535531044006,-0.02085977979004383,-0.14112114906311035,3.1390790939331055,-0.08574268221855164
2204,51.35169506072998,0.7239711880683899,0.0,0.0,0.6041551232337952,-0.05240582302212715,-0.02679584175348282,-3.1319832801818848,-0.09037412703037262
2205,51.38750982284546,0.7239711880683899,0.0,0.0,0.5978042483329773,-0.07310488075017929,-0.0731297954916954,-3.118985176086426,-0.09306012839078903
2206,51.39863348007202,0.7239711880683899,0.0,0.0,0.597189724445343,-0.0864018127322197,-0.2160096913576126,-3.1113104820251465,-0.09454970061779022
2207,51.42855453491211,0.7239711880683899,0.0,0.0,0.5974205136299133,-0.10504478216171265,-0.28907883167266846,-3.1082098484039307,-0.0946211963891983
2208,51.440882444381714,0.7239711880683899,0.0,0.0,0.600659966468811,-0.1297009140253067,-0.3262730836868286,-3.1074705123901367,-0.09300758689641953
2209,51.47742033004761,0.7239711880683899,0.0,0.0,0.608655571937561,-0.15497945249080658,-0.3106173872947693,-3.107268810272217,-0.09001760929822922
2210,51.48998045921326,0.7239711880683899,0.0,0.0,0.6201288104057312,-0.1797264665365219,-0.2133331298828125,-3.105320692062378,-0.08430413901805878
2211,51.52175545692444,0.7239711880683899,0.0,0.0,0.6391582489013672,-0.19182273745536804,-0.07872757315635681,-3.1033082008361816,-0.07767446339130402
2212,51.53352189064026,0.7239711880683899,0.0,0.0,0.6411489844322205,-0.1879686713218689,-0.12345346808433533,-3.104891061782837,-0.07586581259965897
2213,51.565725564956665,0.7239711880683899,0.0,0.0,0.6162338852882385,-0.16847765445709229,-0.0957743227481842,-3.1071765422821045,-0.07131993025541306
2214,51.5841383934021,0.7239711880683899,0.0,0.0,0.6010762453079224,-0.13640521466732025,0.04930461198091507,-3.108611822128296,-0.06457456946372986
2215,51.61417245864868,0.7239711880683899,0.0,0.0,0.6015770435333252,-0.11083174496889114,0.08807931840419769,-3.109419822692871,-0.06579326838254929
2216,51.630192279815674,0.7239711880683899,0.0,0.0,0.6052859425544739,-0.09037642925977707,0.10596482455730438,-3.1120800971984863,-0.07291383296251297
2217,51.659061431884766,0.7239711880683899,0.0,0.0,0.606892466545105,-0.07180363684892654,0.13222827017307281,-3.1174628734588623,-0.08011600375175476
2218,51.67701029777527,0.7239711880683899,0.0,0.0,0.6072022914886475,-0.051246725022792816,0.14523832499980927,-3.1254374980926514,-0.08566907793283463
2219,51.70573306083679,0.7239711880683899,0.0,0.0,0.6132654547691345,-0.03249090909957886,0.16559596359729767,-3.1342828273773193,-0.0916089341044426
2220,51.71662712097168,0.7239711880683899,0.0,0.0,0.6171797513961792,-0.01873880997300148,0.21270065009593964,-3.1411874294281006,-0.09822973608970642
2221,51.74766707420349,0.7239711880683899,0.0,0.0,0.6258384585380554,-0.00825466588139534,0.2645127475261688,3.137223720550537,-0.10332702100276947
2222,51.75968027114868,0.7239711880683899,0.0,0.0,0.6364302635192871,0.006405991036444902,0.24317723512649536,3.1326305866241455,-0.10666390508413315
2223,51.79359006881714,0.7239711880683899,0.0,0.0,0.6540982723236084,0.021441537886857986,0.22103847563266754,3.129354476928711,-0.10760515183210373
2224,51.80578899383545,0.7239711880683899,0.0,0.0,0.6750634908676147,0.03408801183104515,0.2052234411239624,3.126460552215576,-0.10642241686582565
2225,51.83494782447815,0.7239711880683899,0.0,0.0,0.6992142200469971,0.047157976776361465,0.17185349762439728,3.122619390487671,-0.10221075266599655
2226,51.84866142272949,0.7239711880683899,0.0,0.0,0.7240065336227417,0.06232333928346634,0.17245006561279297,3.1179282665252686,-0.09501799196004868
2227,51.88252782821655,0.7239711880683899,0.0,0.0,0.7443645596504211,0.07210350781679153,0.2943304479122162,3.1122212409973145,-0.08824530243873596
2228,51.89913320541382,0.7239711880683899,0.0,0.0,0.7376452088356018,0.06026376783847809,0.32867318391799927,3.109560012817383,-0.0869380310177803
2229,51.93461275100708,0.7239711880683899,0.0,0.0,0.7100376486778259,0.0352042019367218,0.1581186205148697,3.113070011138916,-0.08875808864831924
2230,51.950018644332886,0.7239711880683899,0.0,0.0,0.6691367626190186,0.009034579619765282,0.004330620169639587,3.12184476852417,-0.09559709578752518
2231,51.986056089401245,0.7239711880683899,0.0,0.0,0.6299309730529785,-0.01140531711280346,-0.0896875187754631,3.1295695304870605,-0.10093453526496887
2232,52.00530290603638,0.7239711880683899,0.0,0.0,0.5972656607627869,-0.030495023354887962,-0.034313544631004333,3.135162353515625,-0.10175613313913345
2233,52.03499698638916,0.7239711880683899,0.0,0.0,0.5743945837020874,-0.04723537340760231,0.0021874690428376198,3.13959002494812,-0.09940094500780106
2234,52.04909086227417,0.7239711880683899,0.0,0.0,0.5633192658424377,-0.05825670436024666,-0.015557046979665756,3.1402218341827393,-0.09549426287412643
2235,52.08506917953491,0.7239711880683899,0.0,0.0,0.558462917804718,-0.07021982222795486,-0.015907425433397293,3.1378633975982666,-0.09145980328321457
2236,52.1063277721405,0.7239711880683899,0.0,0.0,0.5569980144500732,-0.085787333548069,-0.030333727598190308,3.1346964836120605,-0.08772032707929611
2237,52.14083218574524,0.7239711880683899,0.0,0.0,0.5571757555007935,-0.10310805588960648,-0.06466396898031235,3.1319024562835693,-0.08406627923250198
2238,52.15966844558716,0.7239711880683899,0.0,0.0,0.5580445528030396,-0.11751465499401093,-0.02415076270699501,3.1307802200317383,-0.07883704453706741
2239,52.19255805015564,0.7239711880683899,0.0,0.0,0.5638593435287476,-0.13200028240680695,0.08298590779304504,3.1322669982910156,-0.06984574347734451
2240,52.20319604873657,0.7239711880683899,0.0,0.0,0.5665762424468994,-0.1345580816268921,0.08305284380912781,3.1327478885650635,-0.06178363785147667
2241,52.23236632347107,0.7239711880683899,0.0,0.0,0.5681405663490295,-0.13335354626178741,-0.020890403538942337,3.1329078674316406,-0.05525312200188637
2242,52.25266122817993,0.7239711880683899,0.0,0.0,0.5688040256500244,-0.1291196048259735,-0.12840381264686584,3.1334502696990967,-0.05026902258396149
2243,52.28286051750183,0.7239711880683899,0.0,0.0,0.5620497465133667,-0.11592433601617813,-0.14836131036281586,3.136439323425293,-0.045275647193193436
2244,52.295650482177734,0.7239711880683899,0.0,0.0,0.5554878115653992,-0.08460593223571777,0.0008891962934285402,3.139094114303589,-0.041106704622507095
2245,52.32998776435852,0.7239711880683899,0.0,0.0,0.5642908811569214,-0.055749084800481796,0.09408068656921387,3.1391334533691406,-0.04339953884482384
2246,52.34362506866455,0.7239711880683899,0.0,0.0,0.5715438723564148,-0.03129994869232178,0.11637740582227707,3.137054681777954,-0.052837394177913666
2247,52.37511396408081,0.7239711880683899,0.0,0.0,0.5743587613105774,-0.006369749549776316,0.14619557559490204,3.132661819458008,-0.0629582554101944
2248,52.38611555099487,0.7239711880683899,0.0,0.0,0.5802891254425049,0.01814797893166542,0.19091391563415527,3.1264281272888184,-0.07242392003536224
2249,52.41852378845215,0.7239711880683899,0.0,0.0,0.5859414935112,0.044390901923179626,0.23728567361831665,3.1195147037506104,-0.08273477107286453
2250,52.43798613548279,0.7239711880683899,0.0,0.0,0.5861230492591858,0.07559219002723694,0.2143150269985199,3.1124179363250732,-0.09228558093309402
2251,52.468934774398804,0.7239711880683899,0.0,0.0,0.5950181484222412,0.10507059097290039,0.20166100561618805,3.1038432121276855,-0.10016155987977982
2252,52.48084759712219,0.7239711880683899,0.0,0.0,0.6006272435188293,0.12983563542366028,0.1828189641237259,3.0921921730041504,-0.10494794696569443
2253,52.51293468475342,0.7239711880683899,0.0,0.0,0.6088220477104187,0.15605655312538147,0.1304963082075119,3.078792095184326,-0.10179746150970459
2254,52.52570176124573,0.7239711880683899,0.0,0.0,0.6059625148773193,0.176441490650177,0.036166176199913025,3.0694243907928467,-0.09691382944583893
2255,52.55782151222229,0.7239711880683899,0.0,0.0,0.5810309648513794,0.1619945466518402,0.08565221726894379,3.0696825981140137,-0.08864448964595795
2256,52.56958603858948,0.7239711880683899,0.0,0.0,0.5680025219917297,0.14422371983528137,0.28170937299728394,3.07971453666687,-0.07792675495147705
2257,52.598613262176514,0.7239711880683899,0.0,0.0,0.5762428641319275,0.1327001005411148,0.3943600058555603,3.095370292663574,-0.0789242684841156
2258,52.61377143859863,0.7239711880683899,0.0,0.0,0.5789817571640015,0.12508524954319,0.19676370918750763,3.1049044132232666,-0.08866187185049057
2259,52.64808464050293,0.7239711880683899,0.0,0.0,0.5657874345779419,0.10907088965177536,-0.07578464597463608,3.104954957962036,-0.09863152354955673
2260,52.66687750816345,0.7239711880683899,0.0,0.0,0.5481266975402832,0.08720077574253082,-0.10442225635051727,3.1043641567230225,-0.10444465279579163
2261,52.7166805267334,0.7239711880683899,0.0,0.0,0.5425499677658081,0.06753447651863098,0.008884571492671967,3.108793020248413,-0.10819033533334732
2262,52.73066163063049,0.7239711880683899,0.0,0.0,0.5438088178634644,0.053552594035863876,0.014176981523633003,3.116072177886963,-0.1126023530960083
2263,52.76012468338013,0.7239711880683899,0.0,0.0,0.5467074513435364,0.04277072846889496,-0.03810723125934601,3.1213927268981934,-0.11670797318220139
2264,52.772828817367554,0.7239711880683899,0.0,0.0,0.5495081543922424,0.03133983910083771,-0.08397889137268066,3.1236119270324707,-0.11886860430240631
2265,52.80224919319153,0.7239711880683899,0.0,0.0,0.5566644072532654,0.017204826697707176,-0.0934842973947525,3.1238174438476562,-0.11847903579473495
2266,52.81727170944214,0.7239711880683899,0.0,0.0,0.5723385214805603,0.0015164988581091166,-0.05167464166879654,3.1241891384124756,-0.11729606986045837
2267,52.84689259529114,0.7239711880683899,0.0,0.0,0.594928503036499,-0.015582437627017498,-0.02602015808224678,3.125617504119873,-0.11720898002386093
2268,52.86117649078369,0.7239711880683899,0.0,0.0,0.6190094947814941,-0.02962527982890606,-0.03423465043306351,3.127255439758301,-0.11836163699626923
2269,52.89010405540466,0.7239711880683899,0.0,0.0,0.6428182125091553,-0.044598840177059174,-0.08064302802085876,3.1289191246032715,-0.11831635236740112
2270,52.90090751647949,0.7239711880683899,0.0,0.0,0.66822350025177,-0.05680086463689804,-0.11716465651988983,3.1308655738830566,-0.11577551811933517
2271,52.93327736854553,0.7239711880683899,0.0,0.0,0.6943744421005249,-0.0698968768119812,-0.11278648674488068,3.1348683834075928,-0.10942728817462921
2272,52.94679641723633,0.7239711880683899,0.0,0.0,0.7201905846595764,-0.08306354284286499,-0.05081190913915634,-3.1400346755981445,-0.09717905521392822
2273,52.985267162323,0.7239711880683899,0.0,0.0,0.7453708052635193,-0.08483638614416122,-0.10559013485908508,-3.129363536834717,-0.08206354081630707
2274,52.997591972351074,0.7239711880683899,0.0,0.0,0.7534621953964233,-0.06966646760702133,-0.23278683423995972,-3.1220579147338867,-0.07291936129331589
2275,53.031550884246826,0.7239711880683899,0.0,0.0,0.7474837303161621,-0.03400292620062828,-0.03449276089668274,-3.1210856437683105,-0.07426436990499496
2276,53.04370093345642,0.7239711880683899,0.0,0.0,0.7328857183456421,-0.005241234786808491,0.17088130116462708,-3.124941110610962,-0.08152348548173904
2277,53.0738730430603,0.7239711880683899,0.0,0.0,0.71790611743927,0.013607099652290344,0.1867656707763672,-3.1309282779693604,-0.08616012334823608
2278,53.08569931983948,0.7239711880683899,0.0,0.0,0.7152204513549805,0.02693074941635132,0.13191260397434235,-3.1374921798706055,-0.0884268656373024
2279,53.12646293640137,0.7239711880683899,0.0,0.0,0.7084411978721619,0.04087083041667938,0.15928564965724945,3.140043258666992,-0.09133502095937729
2280,53.13831090927124,0.7239711880683899,0.0,0.0,0.6980039477348328,0.0587727315723896,0.22048839926719666,3.1342015266418457,-0.09338535368442535
2281,53.167150259017944,0.7239711880683899,0.0,0.0,0.6880035996437073,0.07396841049194336,0.22625938057899475,3.127556324005127,-0.09356885403394699
2282,53.1821084022522,0.7239711880683899,0.0,0.0,0.6823431849479675,0.08772403001785278,0.18032778799533844,3.121718645095825,-0.08982373028993607
2283,53.21218299865723,0.7239711880683899,0.0,0.0,0.6839146614074707,0.10451463609933853,0.10247810184955597,3.1144604682922363,-0.0808059424161911
2284,53.223872661590576,0.7239711880683899,0.0,0.0,0.6864882111549377,0.12071163952350616,-0.007193844765424728,3.1056220531463623,-0.06554197520017624
2285,53.2534065246582,0.7239711880683899,0.0,0.0,0.6848303079605103,0.13347472250461578,-0.1189512312412262,3.0972988605499268,-0.047027621418237686
2286,53.275795698165894,0.7239711880683899,0.0,0.0,0.6712307929992676,0.1211894229054451,0.2299511581659317,3.1002533435821533,-0.043643999844789505
2287,53.30328178405762,0.7239711880683899,0.0,0.0,0.6426896452903748,0.09823480248451233,0.26027825474739075,3.1096601486206055,-0.03685435280203819
2288,53.31579613685608,0.7239711880683899,0.0,0.0,0.6198956370353699,0.06976625323295593,0.03954200819134712,3.117816686630249,-0.027953920885920525
2289,53.349080085754395,0.7239711880683899,0.0,0.0,0.6002645492553711,0.041875626891851425,-0.08721311390399933,3.1242308616638184,-0.023962635546922684
2290,53.36488199234009,0.7239711880683899,0.0,0.0,0.5896837711334229,0.02003449574112892,-0.07361585646867752,3.129509925842285,-0.024748777970671654
2291,53.40452980995178,0.7239711880683899,0.0,0.0,0.5809863805770874,0.000442925316747278,-0.008211346343159676,3.1347436904907227,-0.027624471113085747
2292,53.41604137420654,0.7239711880683899,0.0,0.0,0.5730891227722168,-0.02138059213757515,0.03134087845683098,3.1402242183685303,-0.029024576768279076
2293,53.44598603248596,0.7239711880683899,0.0,0.0,0.5692464709281921,-0.04327086731791496,0.00249815103597939,-3.137876033782959,-0.028541062027215958
2294,53.45883584022522,0.7239711880683899,0.0,0.0,0.5677785277366638,-0.06478703022003174,-0.03923334553837776,-3.134326934814453,-0.026420356705784798
2295,53.48871970176697,0.7239711880683899,0.0,0.0,0.5707792639732361,-0.09119969606399536,-0.03144830837845802,-3.1312460899353027,-0.021456243470311165
2296,53.50005555152893,0.7239711880683899,0.0,0.0,0.5831784009933472,-0.11984219402074814,0.027974294498562813,-3.126157283782959,-0.014258706010878086
2297,53.5359411239624,0.7239711880683899,0.0,0.0,0.6106162667274475,-0.1378912776708603,0.03437595069408417,-3.119629383087158,-0.007741075474768877
2298,53.547637939453125,0.7239711880683899,0.0,0.0,0.6114814281463623,-0.1500016748905182,-0.021710781380534172,-3.114274024963379,-0.006006639450788498
2299,53.57655072212219,0.7239711880683899,0.0,0.0,0.5993211269378662,-0.1546156406402588,-0.01863757148385048,-3.105980157852173,0.004052411299198866
2300,53.5884485244751,0.7239711880683899,0.0,0.0,0.5923811197280884,-0.1439964771270752,0.035363540053367615,-3.0978708267211914,0.019609546288847923
2301,53.620285749435425,0.7239711880683899,0.0,0.0,0.5897027254104614,-0.12203861773014069,0.08016348630189896,-3.094728946685791,0.0296586025506258
2302,53.63417339324951,0.8591888546943665,0.0,0.0,0.5900062322616577,-0.09607347100973129,0.136054128408432,-3.096458673477173,0.028684986755251884
2303,53.66594076156616,0.8591888546943665,0.0,0.0,0.5909340977668762,-0.0757281705737114,0.13825371861457825,-3.1013269424438477,0.02133210562169552
2304,53.680153608322144,0.8591888546943665,0.0,0.0,0.5874146223068237,-0.05538121610879898,0.1539342999458313,-3.1081387996673584,0.015863269567489624
2305,53.70967888832092,0.8591888546943665,0.0,0.0,0.5876982808113098,-0.03532247990369797,0.2196405678987503,-3.1165857315063477,0.015128104016184807
2306,53.72488212585449,0.8591888546943665,0.0,0.0,0.5932234525680542,-0.016963647678494453,0.2526713013648987,-3.1248281002044678,0.016817720606923103
2307,53.75600862503052,0.8591888546943665,0.0,0.0,0.6029611825942993,0.00022305583115667105,0.18196889758110046,-3.130309581756592,0.01744670979678631
2308,53.76662349700928,0.8591888546943665,0.0,0.0,0.6213772892951965,0.020508356392383575,0.11998780071735382,-3.1332080364227295,0.015203318558633327
2309,53.79609513282776,0.8591888546943665,0.0,0.0,0.6374613046646118,0.04197629913687706,0.1364506334066391,-3.1364529132843018,0.0120954979211092
2310,53.80783200263977,0.8591888546943665,0.0,0.0,0.6575610637664795,0.0627451092004776,0.17146165668964386,-3.1398141384124756,0.011810417287051678
2311,53.838558197021484,0.8591888546943665,0.0,0.0,0.6834869384765625,0.08119448274374008,0.17830495536327362,-3.140620708465576,0.012639380060136318
2312,53.85063338279724,0.8591888546943665,0.0,0.0,0.7105103731155396,0.09684300422668457,0.16870427131652832,-3.1381216049194336,0.014858778566122055
2313,53.889288902282715,0.8591888546943665,0.0,0.0,0.7183709144592285,0.11939641088247299,0.16239148378372192,-3.136004686355591,0.020015139132738113
2314,53.900673389434814,0.8591888546943665,0.0,0.0,0.7418917417526245,0.11909190565347672,0.1891126036643982,-3.135765314102173,0.021752187982201576
2315,53.930891036987305,0.8591888546943665,0.0,0.0,0.7509675621986389,0.1106288731098175,0.17114177346229553,-3.1356008052825928,0.023145847022533417
2316,53.94362449645996,0.8591888546943665,0.0,0.0,0.7474155426025391,0.08950225263834,0.11253128200769424,-3.133152961730957,0.02612370252609253
2317,53.97332429885864,0.8591888546943665,0.0,0.0,0.7346162796020508,0.058546435087919235,-0.0974331721663475,-3.125990152359009,0.026852523908019066
2318,53.98702955245972,0.8591888546943665,0.0,0.0,0.7280465364456177,0.03523358702659607,-0.14395269751548767,-3.1164917945861816,0.023565029725432396
2319,54.016701459884644,0.8591888546943665,0.0,0.0,0.7255065441131592,0.012866336852312088,-0.11410938948392868,-3.1069345474243164,0.020441124215722084
2320,54.03326654434204,0.8591888546943665,0.0,0.0,0.7312029004096985,-0.005103060510009527,-0.12591935694217682,-3.0987319946289062,0.01957922987639904
2321,54.06727457046509,0.8591888546943665,0.0,0.0,0.7432084083557129,-0.017858058214187622,-0.17522881925106049,-3.094249725341797,0.019524093717336655
2322,54.07952666282654,0.8591888546943665,0.0,0.0,0.7596321702003479,-0.02573953941464424,-0.17441539466381073,-3.0950608253479004,0.020550834015011787
2323,54.10759210586548,0.8591888546943665,0.0,0.0,0.7825814485549927,-0.03397759050130844,-0.10272882133722305,-3.101372003555298,0.02365386299788952
2324,54.11878228187561,0.8591888546943665,0.0,0.0,0.8146858215332031,-0.05507132038474083,-0.03824389725923538,-3.1084604263305664,0.02828213758766651
2325,54.14877462387085,0.8591888546943665,0.0,0.0,0.8577225804328918,-0.07907301932573318,-0.06842997670173645,-3.1102685928344727,0.031381912529468536
2326,54.161536693573,0.8591888546943665,0.0,0.0,0.8683192133903503,-0.08248084038496017,-0.21460194885730743,-3.1099894046783447,0.02864774875342846
2327,54.18915796279907,0.8591888546943665,0.0,0.0,0.8408932089805603,-0.055238597095012665,0.017748143523931503,-3.1113381385803223,0.030878139659762383
2328,54.20074939727783,0.8591888546943665,0.0,0.0,0.8305131196975708,-0.030740728601813316,0.17629219591617584,-3.116936206817627,0.033905625343322754
2329,54.23846483230591,0.8591888546943665,0.0,0.0,0.8400230407714844,-0.01716472953557968,0.153312548995018,-3.122850179672241,0.03018299490213394
2330,54.25224041938782,0.8591888546943665,0.0,0.0,0.8553683161735535,-0.004790648352354765,0.1268872767686844,-3.1280553340911865,0.023607036098837852
2331,54.282365560531616,0.8591888546943665,0.0,0.0,0.8714524507522583,0.007624476682394743,0.08959309011697769,-3.1316845417022705,0.017791040241718292
2332,54.29805564880371,0.8591888546943665,0.0,0.0,0.8800926208496094,0.024528030306100845,0.1305064558982849,-3.134110689163208,0.013708146288990974
2333,54.32880926132202,0.8591888546943665,0.0,0.0,0.887701153755188,0.03823687881231308,0.19788379967212677,-3.135529041290283,0.011789643205702305
2334,54.34051203727722,0.8591888546943665,0.0,0.0,0.8912519216537476,0.04307493567466736,0.2902485132217407,-3.1353838443756104,0.011528593488037586
2335,54.37136936187744,0.8591888546943665,0.0,0.0,0.8885623216629028,0.04776376485824585,0.31825026869773865,-3.1367862224578857,0.018316060304641724
2336,54.38214635848999,0.8591888546943665,0.0,0.0,0.85987788438797,0.06254991888999939,0.0348440557718277,3.138824701309204,0.03701850026845932
2337,54.47483229637146,0.8591888546943665,0.0,0.0,0.8578680157661438,0.05440586060285568,0.12992526590824127,3.128915548324585,0.050796594470739365
2338,54.48811912536621,0.8591888546943665,0.0,0.0,0.8179030418395996,0.035459812730550766,0.14597947895526886,3.127819538116455,0.056561652570962906
2339,54.52213382720947,0.8591888546943665,0.0,0.0,0.7727671265602112,0.013803636655211449,0.005082078278064728,3.1356821060180664,0.060029253363609314
2340,54.53303503990173,0.8591888546943665,0.0,0.0,0.735871434211731,0.0002949925255961716,-0.08006205409765244,-3.138026714324951,0.061015352606773376
2341,54.56713008880615,0.8591888546943665,0.0,0.0,0.7079702019691467,-0.00781362783163786,-0.090024933218956,-3.131312847137451,0.06219698488712311
2342,54.58171033859253,0.8591888546943665,0.0,0.0,0.6868870258331299,-0.015309511683881283,-0.07002587616443634,-3.127628803253174,0.06421217322349548
2343,54.61303424835205,0.8591888546943665,0.0,0.0,0.670788586139679,-0.022913888096809387,-0.09885390847921371,-3.1254565715789795,0.06621979922056198
2344,54.62491774559021,0.8591888546943665,0.0,0.0,0.6590859293937683,-0.030452357605099678,-0.09468745440244675,-3.124558687210083,0.06860248744487762
2345,54.65926480293274,0.8591888546943665,0.0,0.0,0.6527451872825623,-0.04248795658349991,-0.05636119842529297,-3.1245310306549072,0.07200294733047485
2346,54.679805755615234,0.8591888546943665,0.0,0.0,0.6555258631706238,-0.0579853355884552,-0.031012296676635742,-3.124476432800293,0.07541225850582123
2347,54.70934295654297,0.8591888546943665,0.0,0.0,0.6665815114974976,-0.07664703577756882,0.002390181412920356,-3.124141216278076,0.07786475121974945
2348,54.72226285934448,0.8591888546943665,0.0,0.0,0.685168981552124,-0.09019029885530472,0.045553430914878845,-3.1236772537231445,0.07997819781303406
2349,54.75705623626709,0.8591888546943665,0.0,0.0,0.7060715556144714,-0.10316558182239532,0.06402432173490524,-3.123159170150757,0.082297682762146
2350,54.76792931556702,0.8591888546943665,0.0,0.0,0.7262386083602905,-0.12180081009864807,0.07203646749258041,-3.120656967163086,0.08599700778722763
2351,54.79951596260071,0.8591888546943665,0.0,0.0,0.7530329823493958,-0.12850570678710938,-0.01930428296327591,-3.1165871620178223,0.08919109404087067
2352,54.81465554237366,0.8591888546943665,0.0,0.0,0.7493323087692261,-0.13148152828216553,-0.13226282596588135,-3.112438678741455,0.091053806245327
2353,54.84373497962952,0.8591888546943665,0.0,0.0,0.7348998188972473,-0.1232716366648674,-0.2329697459936142,-3.1053781509399414,0.09968142956495285
2354,54.85938286781311,0.8591888546943665,0.0,0.0,0.7199876308441162,-0.09203136712312698,-0.1575155407190323,-3.102292060852051,0.10517685860395432
2355,54.893083810806274,0.8591888546943665,0.0,0.0,0.7117301821708679,-0.05976870283484459,0.05817610025405884,-3.107757329940796,0.10158134251832962
2356,54.90544295310974,0.8591888546943665,0.0,0.0,0.7067632079124451,-0.04253276810050011,0.10167291015386581,-3.115434408187866,0.09462711960077286
2357,54.9360613822937,0.8591888546943665,0.0,0.0,0.706462562084198,-0.0261590126901865,0.08088899403810501,-3.1204464435577393,0.08690562844276428
2358,54.9484121799469,0.8591888546943665,0.0,0.0,0.7091605067253113,-0.00585116958245635,0.0643237754702568,-3.124051809310913,0.07968506217002869
2359,54.980778217315674,0.8591888546943665,0.0,0.0,0.7124359607696533,0.01980493776500225,0.07061474025249481,-3.1272919178009033,0.07341665774583817
2360,54.99581480026245,0.8591888546943665,0.0,0.0,0.7201032042503357,0.045718979090452194,0.11114270240068436,-3.1307501792907715,0.06861840188503265
2361,55.02388906478882,0.8591888546943665,0.0,0.0,0.7303301692008972,0.07133177667856216,0.1426796019077301,-3.13411283493042,0.0655701756477356
2362,55.03458642959595,0.8591888546943665,0.0,0.0,0.7421706318855286,0.09458882361650467,0.11050410568714142,-3.1362357139587402,0.06386206299066544
2363,55.06725192070007,0.8591888546943665,0.0,0.0,0.748634397983551,0.11514423042535782,0.07778964191675186,-3.139014482498169,0.06624073535203934
2364,55.08247447013855,0.8591888546943665,0.0,0.0,0.740903377532959,0.13583897054195404,0.005233770236372948,3.1368110179901123,0.07401648163795471
2365,55.1119225025177,0.8591888546943665,0.0,0.0,0.7448920011520386,0.13645608723163605,0.15780691802501678,3.132850170135498,0.07410333305597305
2366,55.12374019622803,0.8591888546943665,0.0,0.0,0.7373836040496826,0.1210225522518158,0.23661762475967407,3.13723087310791,0.07467141002416611
2367,55.15760684013367,0.8591888546943665,0.0,0.0,0.7160555720329285,0.09142190963029861,0.06910957396030426,-3.137058973312378,0.07666938751935959
2368,55.168394565582275,0.8591888546943665,0.0,0.0,0.6953486800193787,0.06359338015317917,-0.06272222101688385,-3.12674617767334,0.07816248387098312
2369,55.197993516922,0.8591888546943665,0.0,0.0,0.6893821954727173,0.04374006390571594,-0.04215049371123314,-3.1192033290863037,0.07833092659711838
2370,55.213228702545166,0.8591888546943665,0.0,0.0,0.6878938674926758,0.024825863540172577,-0.006101713050156832,-3.115126609802246,0.07569116353988647
2371,55.24384808540344,0.8591888546943665,0.0,0.0,0.691785991191864,0.011163908056914806,-0.02205166593194008,-3.1132829189300537,0.07154422998428345
2372,55.26374125480652,0.8591888546943665,0.0,0.0,0.6975136995315552,-0.003690161043778062,0.00990116037428379,-3.113637924194336,0.06770911067724228
2373,55.29285144805908,0.8591888546943665,0.0,0.0,0.709989607334137,-0.021770697087049484,0.05578364431858063,-3.1153228282928467,0.06500472873449326
2374,55.30579996109009,0.8591888546943665,0.0,0.0,0.7279534339904785,-0.04521121457219124,0.03319764509797096,-3.1178271770477295,0.062070347368717194
2375,55.33502507209778,0.8591888546943665,0.0,0.0,0.7505545020103455,-0.07070711255073547,0.0189324039965868,-3.1203629970550537,0.05937239155173302
2376,55.346810817718506,0.8591888546943665,0.0,0.0,0.7762065529823303,-0.09327913075685501,0.006307188421487808,-3.120964288711548,0.05782229080796242
2377,55.374698877334595,0.8591888546943665,0.0,0.0,0.810308039188385,-0.11374707520008087,-0.10995393246412277,-3.118389368057251,0.05713693052530289
2378,55.38830590248108,0.8591888546943665,0.0,0.0,0.8177030682563782,-0.11660320311784744,-0.29043325781822205,-3.1150290966033936,0.054154396057128906
2379,55.41901707649231,0.8591888546943665,0.0,0.0,0.7973871827125549,-0.09309852123260498,-0.1219194233417511,-3.112429618835449,0.05748127028346062
2380,55.43939518928528,0.6977612972259521,0.0,0.0,0.7784565091133118,-0.05513178929686546,0.19695018231868744,-3.1152501106262207,0.06298433989286423
2381,55.47226405143738,0.6977612972259521,0.0,0.0,0.785714328289032,-0.039087265729904175,0.16783641278743744,-3.1198489665985107,0.06040342152118683
2382,55.48310470581055,0.6977612972259521,0.0,0.0,0.7992111444473267,-0.021159181371331215,0.08111020922660828,-3.1220309734344482,0.05030347406864166
2383,55.514113426208496,0.6977612972259521,0.0,0.0,0.8116123080253601,-0.0008305512019433081,0.06214038282632828,-3.1247575283050537,0.03977038338780403
2384,55.52472519874573,0.6977612972259521,0.0,0.0,0.8152576684951782,0.020109720528125763,0.10204501450061798,-3.126762628555298,0.03215809538960457
2385,55.60150122642517,0.6977612972259521,0.0,0.0,0.8157845139503479,0.03873194754123688,0.1743350476026535,-3.1272096633911133,0.02697662077844143
2386,55.61397671699524,0.6977612972259521,0.0,0.0,0.8099068999290466,0.04947691410779953,0.278407484292984,-3.127579689025879,0.024881737306714058
2387,55.64447021484375,0.6977612972259521,0.0,0.0,0.7968597412109375,0.05333945155143738,0.3184029757976532,-3.130626916885376,0.03122534044086933
2388,55.65656638145447,0.6977612972259521,0.0,0.0,0.7606672048568726,0.06033254787325859,0.07870630919933319,-3.1401352882385254,0.04937758669257164
2389,55.68614840507507,0.6977612972259521,0.0,0.0,0.729316234588623,0.05613017454743385,0.24096013605594635,3.136753559112549,0.0602446012198925
2390,55.697632789611816,0.6977612972259521,0.0,0.0,0.6770666837692261,0.033104490488767624,0.19186259806156158,3.1391754150390625,0.06619478017091751
2391,55.726717948913574,0.6977612972259521,0.0,0.0,0.6285792589187622,0.013683609664440155,-0.026138022541999817,-3.137230634689331,0.07072542607784271
2392,55.7380805015564,0.6977612972259521,0.0,0.0,0.588622510433197,0.0011177589185535908,-0.08213675022125244,-3.133702516555786,0.0744800940155983
2393,55.76934313774109,0.6977612972259521,0.0,0.0,0.5593125224113464,-0.007684963755309582,-0.03702741861343384,-3.132430076599121,0.07822459936141968
2394,55.78162670135498,0.6977612972259521,0.0,0.0,0.5346872210502625,-0.016606217250227928,0.008003604598343372,-3.1315841674804688,0.08152363449335098
2395,55.81241798400879,0.6977612972259521,0.0,0.0,0.5142163038253784,-0.024094771593809128,0.04156946763396263,-3.13116717338562,0.08429452776908875
2396,55.82631063461304,0.6977612972259521,0.0,0.0,0.5238997340202332,-0.021594908088445663,-0.03355640172958374,-3.1322340965270996,0.0812491625547409
2397,55.857423305511475,0.6977612972259521,0.0,0.0,0.5093765258789062,-0.012872545048594475,0.03026716038584709,-3.1343891620635986,0.07209005951881409
2398,55.868220806121826,0.6977612972259521,0.0,0.0,0.4961569905281067,-0.004157976247370243,0.09521880745887756,-3.1333258152008057,0.07305466383695602
2399,55.898096323013306,0.6977612972259521,0.0,0.0,0.49828100204467773,0.006784671451896429,0.0956522673368454,-3.1312241554260254,0.07902545481920242
2400,55.91041660308838,0.6977612972259521,0.0,0.0,0.5085141062736511,0.02060171589255333,0.0700034648180008,-3.1299591064453125,0.08308762311935425
2401,55.94167709350586,0.6977612972259521,0.0,0.0,0.5187430381774902,0.029485544189810753,0.06689692288637161,-3.129359722137451,0.0837060958147049
2402,55.957295179367065,0.6977612972259521,0.0,0.0,0.5262448191642761,0.031457461416721344,0.09178867191076279,-3.12703537940979,0.08185166120529175
2403,55.98962998390198,0.6977612972259521,0.0,0.0,0.5347691178321838,0.025344587862491608,0.055276185274124146,-3.1233136653900146,0.07771202176809311
2404,56.00110864639282,0.6977612972259521,0.0,0.0,0.5371029376983643,0.008602522313594818,-0.06215502694249153,-3.119215726852417,0.06951269507408142
2405,56.04025483131409,0.6977612972259521,0.0,0.0,0.5429574847221375,-0.004212282598018646,-0.1403922736644745,-3.116633415222168,0.0587894432246685
2406,56.059656858444214,0.6977612972259521,0.0,0.0,0.5517610907554626,-0.01596367545425892,-0.1650865077972412,-3.1165037155151367,0.05014420300722122
2407,56.09045195579529,0.6977612972259521,0.0,0.0,0.5709766745567322,-0.023216484114527702,-0.17837296426296234,-3.1183507442474365,0.046071410179138184
2408,56.10208439826965,0.6977612972259521,0.0,0.0,0.5976324677467346,-0.026809604838490486,-0.17296290397644043,-3.123171806335449,0.04411005973815918
2409,56.13537883758545,0.6977612972259521,0.0,0.0,0.6289317011833191,-0.02857220359146595,-0.1137799322605133,-3.130438804626465,0.04356500878930092
2410,56.14706468582153,0.6977612972259521,0.0,0.0,0.6652776002883911,-0.0358840674161911,-0.030822288244962692,-3.136906147003174,0.04471419379115105
2411,56.1796510219574,0.6977612972259521,0.0,0.0,0.7078315615653992,-0.05506088584661484,-0.1056651845574379,-3.1385371685028076,0.04577202722430229
2412,56.191598653793335,0.6977612972259521,0.0,0.0,0.7352331876754761,-0.06069580838084221,-0.3565940856933594,-3.1349825859069824,0.042240798473358154
2413,56.22150802612305,0.6977612972259521,0.0,0.0,0.71537184715271,-0.03628085181117058,-0.16890406608581543,-3.1314079761505127,0.04064216837286949
2414,56.241982221603394,0.6977612972259521,0.0,0.0,0.6915973424911499,0.0005401017842814326,0.12722310423851013,-3.1348977088928223,0.04288216680288315
2415,56.271602392196655,0.6977612972259521,0.0,0.0,0.6932398080825806,0.01816396787762642,0.17557336390018463,3.141113519668579,0.041842300444841385
2416,56.28338813781738,0.6977612972259521,0.0,0.0,0.7108856439590454,0.026015300303697586,0.1047677993774414,3.1368987560272217,0.03885437920689583
2417,56.31451082229614,0.6977612972259521,0.0,0.0,0.7272003293037415,0.035649411380290985,0.04389853775501251,3.13573956489563,0.03490249440073967
2418,56.326626777648926,0.6977612972259521,0.0,0.0,0.7354373335838318,0.051050323992967606,0.0437934584915638,3.135561466217041,0.03126831352710724
2419,56.35977101325989,0.6977612972259521,0.0,0.0,0.7417588233947754,0.0675349086523056,0.11750468611717224,3.134950637817383,0.02981165610253811
2420,56.37399911880493,0.6977612972259521,0.0,0.0,0.746335506439209,0.08250388503074646,0.14404016733169556,3.135695457458496,0.030894426628947258
2421,56.405487060546875,0.6977612972259521,0.0,0.0,0.7496792674064636,0.09315212070941925,0.12928993999958038,3.1385350227355957,0.03598513454198837
2422,56.41754961013794,0.6977612972259521,0.0,0.0,0.7510919570922852,0.1048089936375618,0.07116122543811798,3.139129638671875,0.04868841543793678
2423,56.44869017601013,0.6977612972259521,0.0,0.0,0.7365366816520691,0.1149897426366806,0.10146111994981766,3.134721517562866,0.060504037886857986
2424,56.46361255645752,0.6977612972259521,0.0,0.0,0.7115879058837891,0.09647976607084274,0.26702842116355896,3.1382036209106445,0.06496599316596985
2425,56.49339485168457,0.6977612972259521,0.0,0.0,0.668278157711029,0.06221010163426399,0.08279451727867126,-3.134014129638672,0.07255934178829193
2426,56.50579524040222,0.6977612972259521,0.0,0.0,0.6388023495674133,0.04112718626856804,-0.07773715257644653,-3.12223482131958,0.08004869520664215
2427,56.555240631103516,0.6977612972259521,0.0,0.0,0.6166372895240784,0.023285355418920517,-0.06133514642715454,-3.1171202659606934,0.08668997138738632
2428,56.566810607910156,0.6977612972259521,0.0,0.0,0.6031486988067627,0.005968685261905193,-0.02176680974662304,-3.114692211151123,0.09378518164157867
2429,56.59850192070007,0.6977612972259521,0.0,0.0,0.5981054902076721,-0.007610681001096964,0.013264618813991547,-3.113133430480957,0.09995178133249283
2430,56.61149477958679,0.6977612972259521,0.0,0.0,0.5959570407867432,-0.017829615622758865,0.033171650022268295,-3.112454414367676,0.1038840189576149
2431,56.641403675079346,0.6977612972259521,0.0,0.0,0.5906434655189514,-0.03493094816803932,0.05530995875597,-3.1130073070526123,0.10750055313110352
2432,56.65221905708313,0.6977612972259521,0.0,0.0,0.592556893825531,-0.05384689196944237,0.07911156117916107,-3.11360502243042,0.11229939758777618
2433,56.68277859687805,0.6977612972259521,0.0,0.0,0.6013002395629883,-0.07511861622333527,0.10801491886377335,-3.1114721298217773,0.11788173019886017
2434,56.69314169883728,0.6977612972259521,0.0,0.0,0.6138636469841003,-0.0961134284734726,0.1453624814748764,-3.1049818992614746,0.12479369342327118
2435,56.72407627105713,0.6977612972259521,0.0,0.0,0.6313589215278625,-0.11532607674598694,0.09564268589019775,-3.0933725833892822,0.13432765007019043
2436,56.738410234451294,0.6977612972259521,0.0,0.0,0.641838550567627,-0.11752691119909286,-0.05411246418952942,-3.08146333694458,0.14095360040664673
2437,56.769044637680054,0.6977612972259521,0.0,0.0,0.6376083493232727,-0.10733997076749802,-0.05018291622400284,-3.0730528831481934,0.1515207141637802
2438,56.78318548202515,0.6977612972259521,0.0,0.0,0.6205273270606995,-0.08969438076019287,0.007178209722042084,-3.072145700454712,0.16662579774856567
2439,56.81705975532532,0.6977612972259521,0.0,0.0,0.6060143113136292,-0.0675460621714592,0.045910075306892395,-3.078104019165039,0.17774437367916107
2440,56.82952356338501,0.6977612972259521,0.0,0.0,0.593221127986908,-0.048279210925102234,0.0698637142777443,-3.087437868118286,0.17667682468891144
2441,56.85775017738342,0.6977612972259521,0.0,0.0,0.5829747915267944,-0.0353509783744812,0.06873245537281036,-3.0961434841156006,0.16846796870231628
2442,56.869088649749756,0.6977612972259521,0.0,0.0,0.578245997428894,-0.021159064024686813,0.10965108871459961,-3.101802349090576,0.15993674099445343
2443,56.9000985622406,0.6977612972259521,0.0,0.0,0.5768528580665588,-0.002527776174247265,0.19424021244049072,-3.106315851211548,0.15497972071170807
2444,56.912375926971436,0.6977612972259521,0.0,0.0,0.588183581829071,0.014786391519010067,0.21131977438926697,-3.1096343994140625,0.15290477871894836
2445,56.9418728351593,0.6977612972259521,0.0,0.0,0.6039929389953613,0.03308520466089249,0.19457802176475525,-3.110736608505249,0.1510850191116333
2446,56.95871376991272,0.6977612972259521,0.0,0.0,0.62091463804245,0.05219271779060364,0.18585993349552155,-3.1099812984466553,0.14973610639572144
2447,56.98853349685669,0.6977612972259521,0.0,0.0,0.637799084186554,0.07174470275640488,0.21912267804145813,-3.1072256565093994,0.14977410435676575
2448,57.004478216171265,0.6977612972259521,0.0,0.0,0.646924614906311,0.08679859340190887,0.2509838342666626,-3.1035983562469482,0.15383782982826233
2449,57.0329864025116,0.6977612972259521,0.0,0.0,0.6478769779205322,0.09524428099393845,0.21757401525974274,-3.1022167205810547,0.1640842854976654
2450,57.052088022232056,0.6977612972259521,0.0,0.0,0.6446095108985901,0.09752276539802551,0.13033407926559448,-3.103565216064453,0.180298313498497
2451,57.08993124961853,0.6977612972259521,0.0,0.0,0.6200272440910339,0.1016789898276329,0.06366375833749771,-3.106236696243286,0.19438162446022034
2452,57.11639881134033,0.6977612972259521,0.0,0.0,0.6083879470825195,0.07966329157352448,0.14267726242542267,-3.0991687774658203,0.19850687682628632
2453,57.153889656066895,0.6977612972259521,0.0,0.0,0.5764442682266235,0.0485200472176075,0.11560624837875366,-3.0851118564605713,0.20217974483966827
2454,57.16818070411682,0.6977612972259521,0.0,0.0,0.5427882075309753,0.019988413900136948,0.035564929246902466,-3.0707008838653564,0.20419390499591827
2455,57.20118427276611,0.6977612972259521,0.0,0.0,0.5197802186012268,0.000518434215337038,0.026593223214149475,-3.06181263923645,0.20536673069000244
2456,57.21461272239685,0.6977612972259521,0.0,0.0,0.5063169002532959,-0.014721249230206013,0.02518712356686592,-3.0592286586761475,0.20710471272468567
2457,57.25085759162903,0.6977612972259521,0.0,0.0,0.4952462613582611,-0.031339727342128754,0.0008785417303442955,-3.0585737228393555,0.21042124927043915
2458,57.264488220214844,0.6977612972259521,0.0,0.0,0.4903516471385956,-0.0467962771654129,-0.03556150943040848,-3.0568089485168457,0.21361500024795532
2459,57.297245264053345,0.6977612972259521,0.0,0.0,0.4872305691242218,-0.06132882833480835,-0.02204134128987789,-3.0553972721099854,0.2147284299135208
2460,57.31000375747681,0.6977612972259521,0.0,0.0,0.4851245582103729,-0.07841242104768753,0.0005379565991461277,-3.0555050373077393,0.21493597328662872
2461,57.34108352661133,0.6977612972259521,0.0,0.0,0.48864737153053284,-0.09779492020606995,0.06658601760864258,-3.0558600425720215,0.21519121527671814
2462,57.35895013809204,0.6977612972259521,0.0,0.0,0.49603381752967834,-0.12108463793992996,0.07499190419912338,-3.0547144412994385,0.215732604265213
2463,57.388567209243774,0.6977612972259521,0.0,0.0,0.5011096596717834,-0.14447447657585144,0.08328251540660858,-3.051258087158203,0.21859174966812134
2464,57.39999485015869,0.6977612972259521,0.0,0.0,0.5045751929283142,-0.16490678489208221,0.0005466132424771786,-3.0469257831573486,0.22583508491516113
2465,57.432984352111816,0.6977612972259521,0.0,0.0,0.5272144675254822,-0.14585024118423462,0.028003402054309845,-3.048468589782715,0.23155181109905243
2466,57.44564175605774,0.6977612972259521,0.0,0.0,0.5389229655265808,-0.12751135230064392,-0.03891386091709137,-3.057265043258667,0.2399875521659851
2467,57.47388696670532,0.6977612972259521,0.0,0.0,0.5374475121498108,-0.099935382604599,-0.08975186944007874,-3.0695953369140625,0.24712921679019928
2468,57.48728632926941,0.6977612972259521,0.0,0.0,0.5166919231414795,-0.06513090431690216,-0.058917105197906494,-3.087259292602539,0.24698284268379211
2469,57.516746282577515,0.6977612972259521,0.0,0.0,0.50357586145401,-0.04401290789246559,-0.03329184651374817,-3.1045079231262207,0.24092094600200653
2470,57.53187131881714,0.6977612972259521,0.0,0.0,0.5101380348205566,-0.030842751264572144,-0.012654632329940796,-3.114825963973999,0.23552531003952026
2471,57.56078767776489,0.6977612972259521,0.0,0.0,0.535708487033844,-0.01614495925605297,-0.01756659522652626,-3.1167478561401367,0.23221829533576965
2472,57.573034048080444,0.6977612972259521,0.0,0.0,0.567099928855896,0.007341042626649141,0.05001597851514816,-3.114494800567627,0.23049156367778778
2473,57.606258153915405,0.6977612972259521,0.0,0.0,0.6082261204719543,0.027365652844309807,0.0803280621767044,-3.1109933853149414,0.2321913242340088
2474,57.62185621261597,0.6977612972259521,0.0,0.0,0.6485509872436523,0.04637186601758003,0.09016861021518707,-3.105539083480835,0.23533670604228973
2475,57.65021634101868,0.6977612972259521,0.0,0.0,0.6924734711647034,0.06995421648025513,0.04665154218673706,-3.0976693630218506,0.24012142419815063
2476,57.662583112716675,0.6977612972259521,0.0,0.0,0.7269412875175476,0.09862367063760757,0.006737381219863892,-3.090803623199463,0.24439139664173126
2477,57.69139504432678,0.6977612972259521,0.0,0.0,0.7514789700508118,0.12364646792411804,-0.034678131341934204,-3.0890703201293945,0.24867287278175354
2478,57.70280694961548,0.6977612972259521,0.0,0.0,0.7534967660903931,0.13717100024223328,-0.008930392563343048,-3.0936098098754883,0.2536700665950775
2479,57.73778319358826,0.6977612972259521,0.0,0.0,0.7332698106765747,0.12641048431396484,0.08708097040653229,-3.10078763961792,0.2550363838672638
2480,57.74889922142029,0.6977612972259521,0.0,0.0,0.7161242961883545,0.07816462963819504,0.08908087015151978,-3.0897154808044434,0.24124498665332794
2481,57.775895833969116,0.6977612972259521,0.0,0.0,0.6943528056144714,0.05212397128343582,0.1401178538799286,-3.0697526931762695,0.22245818376541138
2482,57.788270473480225,0.6977612972259521,0.0,0.0,0.6819471120834351,0.04343242198228836,0.11500810086727142,-3.0564911365509033,0.21377573907375336
2483,57.84267520904541,0.6977612972259521,0.0,0.0,0.683965265750885,0.038922034204006195,0.01763203926384449,-3.052452564239502,0.21234332025051117
2484,57.85548806190491,0.6977612972259521,0.0,0.0,0.6886803507804871,0.03384637087583542,-0.005383111536502838,-3.056079626083374,0.21326081454753876
2485,57.885154247283936,0.6977612972259521,0.0,0.0,0.6927765011787415,0.020087819546461105,-0.015590369701385498,-3.0631189346313477,0.2142559438943863
2486,57.897101163864136,0.6977612972259521,0.0,0.0,0.7039459347724915,0.001495220698416233,-0.05230893939733505,-3.067791700363159,0.21346740424633026
2487,57.92612147331238,0.6977612972259521,0.0,0.0,0.7172708511352539,-0.019668295979499817,-0.026697061955928802,-3.0698325634002686,0.21072806417942047
2488,57.93836522102356,0.6977612972259521,0.0,0.0,0.7426884770393372,-0.027725018560886383,0.04372498020529747,-3.0733256340026855,0.20749449729919434
2489,57.969141483306885,0.6977612972259521,0.0,0.0,0.7674664258956909,-0.04052641987800598,0.08803445845842361,-3.0805327892303467,0.20455807447433472
2490,57.981281757354736,0.6977612972259521,0.0,0.0,0.7903750538825989,-0.05666578561067581,0.08765413612127304,-3.0878796577453613,0.20441487431526184
2491,58.012229204177856,0.6977612972259521,0.0,0.0,0.8191233277320862,-0.07952054589986801,0.02498154155910015,-3.0920486450195312,0.20811623334884644
2492,58.025437116622925,0.6977612972259521,0.0,0.0,0.8491082191467285,-0.10270813852548599,-0.06861328333616257,-3.0890138149261475,0.21537546813488007
2493,58.054951190948486,0.6977612972259521,0.0,0.0,0.8497578501701355,-0.09872732311487198,-0.22710224986076355,-3.084056854248047,0.21655870974063873
2494,58.06675457954407,0.6977612972259521,0.0,0.0,0.7717838287353516,-0.05217260122299194,0.07690389454364777,-3.0887222290039062,0.2212090790271759
2495,58.09730052947998,0.6977612972259521,0.0,0.0,0.7227283716201782,-0.029968947172164917,0.09566330164670944,-3.1050498485565186,0.22640246152877808
2496,58.1110143661499,0.6977612972259521,0.0,0.0,0.7059140205383301,-0.021160665899515152,0.09026699513196945,-3.1202280521392822,0.2274947166442871
2497,58.13904118537903,0.6977612972259521,0.0,0.0,0.711681604385376,-0.015480812638998032,0.10177069902420044,-3.129479169845581,0.22602015733718872
2498,58.15214538574219,0.6977612972259521,0.0,0.0,0.7232618927955627,-0.004740182310342789,0.12782037258148193,-3.133307695388794,0.22288191318511963
2499,58.183857679367065,0.6977612972259521,0.0,0.0,0.7443886995315552,0.003153764409944415,0.09771899878978729,-3.1347033977508545,0.21885181963443756
2500,58.19649624824524,0.6977612972259521,0.0,0.0,0.7646782398223877,0.00929942261427641,0.07529821246862411,-3.134147882461548,0.21436308324337006
