t_step,wall_time_s,cmd_vx,cmd_vy,cmd_wz,act_vx,act_vy,act_wz,roll,pitch
0,0.030722379684448242,0.5667065382003784,0.0,0.0,-0.05793812870979309,0.02029675804078579,0.30487412214279175,-3.1368956565856934,-0.003201622748747468
1,0.23562049865722656,0.5667065382003784,0.0,0.0,-0.05007343739271164,0.015167723409831524,0.14231880009174347,-3.1250624656677246,-0.024268358945846558
2,0.26882314682006836,0.5667065382003784,0.0,0.0,-0.04788542911410332,0.009431872516870499,0.050048936158418655,-3.1124494075775146,-0.0479554608464241
3,0.30030274391174316,0.5667065382003784,0.0,0.0,-0.04054354876279831,0.0026593271177262068,0.07562462240457535,-3.103478193283081,-0.06728294491767883
4,0.3155484199523926,0.5667065382003784,0.0,0.0,-0.028909750282764435,-0.0029507577419281006,0.1835622489452362,-3.0975043773651123,-0.08125000447034836
5,0.37074923515319824,0.5667065382003784,0.0,0.0,-0.005802634172141552,-0.011210213415324688,0.3199903666973114,-3.0926480293273926,-0.09221898019313812
6,0.38364267349243164,0.5667065382003784,0.0,0.0,0.016370410099625587,-0.01724528707563877,0.44528841972351074,-3.0912363529205322,-0.10309591144323349
7,0.43247032165527344,0.5667065382003784,0.0,0.0,0.03902880847454071,-0.01972620189189911,0.5505924820899963,-3.094043493270874,-0.1102570965886116
8,0.4512965679168701,0.5667065382003784,0.0,0.0,0.05736864358186722,-0.01517646387219429,0.5703033208847046,-3.1019673347473145,-0.11127681285142899
9,0.5002079010009766,0.5667065382003784,0.0,0.0,0.044545114040374756,-0.004148218780755997,0.5159488916397095,-3.1134445667266846,-0.09729663282632828
10,0.5149314403533936,0.5667065382003784,0.0,0.0,0.0805101990699768,-0.2932625412940979,0.7322636246681213,-3.112440586090088,-0.06015486642718315
11,0.551706075668335,0.5667065382003784,0.0,0.0,0.00881835538893938,-0.24581332504749298,0.5884685516357422,-3.0032434463500977,-0.06973803043365479
12,0.5646579265594482,0.5667065382003784,0.0,0.0,-0.039546504616737366,-0.12961287796497345,0.10791100561618805,-2.961073637008667,-0.05562406778335571
13,0.5966222286224365,0.5667065382003784,0.0,0.0,-0.0705493688583374,-0.025012938305735588,-0.2523525655269623,-2.9410476684570312,-0.06014801561832428
14,0.6079375743865967,0.5667065382003784,0.0,0.0,-0.10264039039611816,0.015427426435053349,-0.08389817178249359,-2.9145965576171875,-0.07349839061498642
15,0.6393623352050781,0.5667065382003784,0.0,0.0,-0.12323901057243347,0.031533483415842056,0.07618837058544159,-2.8869428634643555,-0.07659564912319183
16,0.6526639461517334,0.5667065382003784,0.0,0.0,-0.13273587822914124,0.03395653888583183,0.11138322949409485,-2.8705034255981445,-0.07064863294363022
17,0.6836729049682617,0.5667065382003784,0.0,0.0,-0.12450232356786728,0.03927312791347504,0.1724761426448822,-2.874215602874756,-0.06152631342411041
18,0.6957080364227295,0.5667065382003784,0.0,0.0,-0.1121324747800827,0.054526437073946,0.4512910842895508,-2.903607130050659,-0.054760389029979706
19,0.7244217395782471,0.5667065382003784,0.0,0.0,-0.05283891409635544,0.031104158610105515,0.011163294315338135,-2.9522411823272705,-0.04892272502183914
20,0.7365236282348633,0.5667065382003784,0.0,0.0,-0.01866389438509941,0.018992753699421883,0.33728116750717163,-2.974851608276367,-0.05627615377306938
21,0.7664158344268799,0.5667065382003784,0.0,0.0,0.11003705114126205,-0.0460234135389328,-0.6849576234817505,-2.983384132385254,-0.06132414564490318
22,0.7769026756286621,0.5667065382003784,0.0,0.0,0.09474319219589233,-0.0036798242945224047,-0.07495790719985962,-2.9792397022247314,-0.07498525828123093
23,0.8577413558959961,0.5667065382003784,0.0,0.0,0.08325415849685669,0.027881775051355362,0.16905705630779266,-2.9836506843566895,-0.07483664900064468
24,0.8704164028167725,0.5667065382003784,0.0,0.0,0.09429571032524109,0.048643968999385834,0.10900569707155228,-2.9854414463043213,-0.07729945331811905
25,0.899444580078125,0.5667065382003784,0.0,0.0,0.11338473856449127,0.05714598298072815,0.0761866644024849,-2.981577157974243,-0.09175853431224823
26,0.9105632305145264,0.5667065382003784,0.0,0.0,0.13095834851264954,0.0751267746090889,0.15371794998645782,-2.977169990539551,-0.10936158895492554
27,0.9398818016052246,0.5667065382003784,0.0,0.0,0.1630907505750656,0.09096014499664307,0.2771509289741516,-2.9748082160949707,-0.12613500654697418
28,0.9530694484710693,0.5667065382003784,0.0,0.0,0.2111154943704605,0.08496184647083282,0.3439233601093292,-2.9740025997161865,-0.13725462555885315
29,0.9890296459197998,0.5667065382003784,0.0,0.0,0.28074270486831665,0.03976437449455261,0.3460889756679535,-2.97237229347229,-0.13830362260341644
30,1.0047802925109863,0.5667065382003784,0.0,0.0,0.3743908107280731,-0.0250691045075655,0.032949212938547134,-2.9678444862365723,-0.135785773396492
31,1.034996509552002,0.5667065382003784,0.0,0.0,0.4581986367702484,-0.05600237101316452,-0.11635079234838486,-2.9643869400024414,-0.14129626750946045
32,1.0482163429260254,0.5667065382003784,0.0,0.0,0.5012401342391968,-0.06176585704088211,0.11660745739936829,-2.963531255722046,-0.14653636515140533
33,1.0800819396972656,0.5667065382003784,0.0,0.0,0.5124418139457703,-0.08032706379890442,0.25939109921455383,-2.9630157947540283,-0.13947638869285583
34,1.095970869064331,0.5667065382003784,0.0,0.0,0.519104540348053,-0.11171536892652512,0.2231098860502243,-2.9564216136932373,-0.12233369052410126
35,1.126197338104248,0.5667065382003784,0.0,0.0,0.5343230962753296,-0.1091737225651741,-0.05833171308040619,-2.9529988765716553,-0.11733389645814896
36,1.14353609085083,0.5667065382003784,0.0,0.0,0.521555483341217,-0.08211744576692581,-0.059672772884368896,-2.9606666564941406,-0.1183687075972557
37,1.1764674186706543,0.5667065382003784,0.0,0.0,0.512675940990448,-0.049176931381225586,0.10443510860204697,-2.975957155227661,-0.12166130542755127
38,1.1894326210021973,0.5667065382003784,0.0,0.0,0.5224143266677856,-0.024803081527352333,0.24391010403633118,-2.991018772125244,-0.12197550386190414
39,1.2210447788238525,0.5667065382003784,0.0,0.0,0.5548329949378967,-0.01107899658381939,0.29988956451416016,-3.006549596786499,-0.11793281883001328
40,1.2332077026367188,0.5667065382003784,0.0,0.0,0.5961949229240417,-0.008933503180742264,0.24113686382770538,-3.0220327377319336,-0.11496981978416443
41,1.2633306980133057,0.5667065382003784,0.0,0.0,0.6267082691192627,-0.013476409018039703,0.1871672123670578,-3.03544282913208,-0.11630300432443619
42,1.2741844654083252,0.5667065382003784,0.0,0.0,0.6448401212692261,-0.02142138034105301,0.18557476997375488,-3.046426773071289,-0.11875616014003754
43,1.3108267784118652,0.5667065382003784,0.0,0.0,0.6617908477783203,-0.03131524473428726,0.22136668860912323,-3.054734230041504,-0.11961014568805695
44,1.3233602046966553,0.5667065382003784,0.0,0.0,0.6736143231391907,-0.04145471751689911,0.280160516500473,-3.0622847080230713,-0.11650876700878143
45,1.357156753540039,0.5667065382003784,0.0,0.0,0.6861597895622253,-0.0525987409055233,0.34717050194740295,-3.0743649005889893,-0.10449957847595215
46,1.3778977394104004,0.5667065382003784,0.0,0.0,0.6507813334465027,-0.06694003939628601,0.20830963551998138,-3.0949547290802,-0.08398924767971039
47,1.4131121635437012,0.5667065382003784,0.0,0.0,0.6177165508270264,-0.07906676083803177,0.2418036013841629,-3.0991296768188477,-0.08117357641458511
48,1.4242897033691406,0.5667065382003784,0.0,0.0,0.5542019009590149,-0.09348051995038986,0.16370627284049988,-3.090304136276245,-0.07580980658531189
49,1.4546475410461426,0.5667065382003784,0.0,0.0,0.5042803287506104,-0.09847138077020645,0.14123402535915375,-3.0833451747894287,-0.059013731777668
50,1.466737985610962,0.5667065382003784,0.0,0.0,0.4790228307247162,-0.10005269199609756,0.006590310484170914,-3.0849344730377197,-0.03794584423303604
51,1.4996097087860107,0.5667065382003784,0.0,0.0,0.46481430530548096,-0.10681217908859253,0.03482286259531975,-3.0926337242126465,-0.01798275299370289
52,1.5107543468475342,0.5667065382003784,0.0,0.0,0.4584174156188965,-0.11734487116336823,0.20406261086463928,-3.099210023880005,0.0011975049274042249
53,1.540569543838501,0.5667065382003784,0.0,0.0,0.47909992933273315,-0.1126646175980568,0.0533185712993145,-3.103469133377075,0.012383446097373962
54,1.5525469779968262,0.5667065382003784,0.0,0.0,0.46682024002075195,-0.09314513951539993,0.022218111902475357,-3.1106228828430176,0.006841491907835007
55,1.5819170475006104,0.5667065382003784,0.0,0.0,0.4376198947429657,-0.07092629373073578,0.13767673075199127,-3.1162073612213135,0.010801892727613449
56,1.5975167751312256,0.5667065382003784,0.0,0.0,0.427213191986084,-0.044282183051109314,0.1550375074148178,-3.118576765060425,0.023376883938908577
57,1.6291890144348145,0.5667065382003784,0.0,0.0,0.4307604432106018,-0.01293900702148676,0.11322643607854843,-3.120821952819824,0.030436210334300995
58,1.6400425434112549,0.5667065382003784,0.0,0.0,0.43488314747810364,0.022422147914767265,0.14087973535060883,-3.1255640983581543,0.02856592833995819
59,1.6841816902160645,0.5667065382003784,0.0,0.0,0.43961101770401,0.05524320527911186,0.1739475429058075,-3.1322691440582275,0.020897168666124344
60,1.6994433403015137,0.5667065382003784,0.0,0.0,0.44119903445243835,0.0862642303109169,0.21352656185626984,-3.1404573917388916,0.013799471780657768
61,1.7336525917053223,0.5667065382003784,0.0,0.0,0.4327061176300049,0.11678418517112732,0.19743195176124573,3.131035089492798,0.007033642381429672
62,1.7458162307739258,0.5667065382003784,0.0,0.0,0.4344751536846161,0.1250055581331253,0.2798745036125183,3.123047113418579,-0.0036321450024843216
63,1.7867002487182617,0.5667065382003784,0.0,0.0,0.42854663729667664,0.10282444208860397,0.22595158219337463,3.12038516998291,-0.005748512223362923
64,1.7984912395477295,0.5667065382003784,0.0,0.0,0.4348132908344269,0.07312539219856262,0.002063757972791791,3.123885154724121,-0.0004595584759954363
65,1.8305509090423584,0.5667065382003784,0.0,0.0,0.45142871141433716,0.056245747953653336,-0.08722434192895889,3.1266191005706787,0.00453092809766531
66,1.841407299041748,0.5667065382003784,0.0,0.0,0.47342029213905334,0.04671843349933624,-0.036291077733039856,3.1258466243743896,0.009539216756820679
67,1.880366325378418,0.5667065382003784,0.0,0.0,0.5012332797050476,0.04231615737080574,0.05043324828147888,3.122006416320801,0.014263911172747612
68,1.89178466796875,0.5667065382003784,0.0,0.0,0.527666449546814,0.03873879835009575,0.10203895717859268,3.115959405899048,0.018263349309563637
69,1.9194905757904053,0.5667065382003784,0.0,0.0,0.552759051322937,0.02941315807402134,0.10168086737394333,3.111260414123535,0.022901790216565132
70,1.930077314376831,0.5667065382003784,0.0,0.0,0.5679447650909424,0.016082024201750755,0.038120947778224945,3.114121437072754,0.029094116762280464
71,1.9566617012023926,0.5667065382003784,0.0,0.0,0.5791336297988892,0.01683478057384491,-0.2226506769657135,3.1244924068450928,0.03657185286283493
72,1.9711742401123047,0.5667065382003784,0.0,0.0,0.5589132905006409,0.043467260897159576,-0.13310123980045319,3.130483388900757,0.04029356315732002
73,2.000864028930664,0.5667065382003784,0.0,0.0,0.5344628691673279,0.07692874222993851,0.1292264312505722,3.1278998851776123,0.0431356206536293
74,2.0177698135375977,0.5667065382003784,0.0,0.0,0.5197868943214417,0.09839989989995956,0.24074959754943848,3.120466470718384,0.04235335439443588
75,2.0562350749969482,0.5667065382003784,0.0,0.0,0.5167719125747681,0.1078786551952362,0.25787681341171265,3.1146106719970703,0.04003205522894859
76,2.087146759033203,0.5667065382003784,0.0,0.0,0.5134579539299011,0.11243195831775665,0.3049571216106415,3.1128628253936768,0.03729037195444107
77,2.1183218955993652,0.5667065382003784,0.0,0.0,0.502877950668335,0.11770705133676529,0.357601523399353,3.114173412322998,0.03645440563559532
78,2.1315183639526367,0.5667065382003784,0.0,0.0,0.48681187629699707,0.12241162359714508,0.3227144181728363,3.117161512374878,0.03871854394674301
79,2.1659326553344727,0.5667065382003784,0.0,0.0,0.4515496790409088,0.1264590322971344,0.13452847301959991,3.118922710418701,0.04427894204854965
80,2.1769211292266846,0.5667065382003784,0.0,0.0,0.4361017942428589,0.09770473092794418,0.27353498339653015,3.1230006217956543,0.044032931327819824
81,2.226349115371704,0.5667065382003784,0.0,0.0,0.42220938205718994,0.04701361432671547,0.19067007303237915,3.132840871810913,0.04618530347943306
82,2.238586902618408,0.5667065382003784,0.0,0.0,0.41974180936813354,-0.0011218339204788208,-0.04941666126251221,-3.1379036903381348,0.05225639417767525
83,2.2709498405456543,0.5667065382003784,0.0,0.0,0.4190552830696106,-0.04652783274650574,-0.22804798185825348,-3.1249868869781494,0.05491170659661293
84,2.2939369678497314,0.5667065382003784,0.0,0.0,0.4181796908378601,-0.0841664969921112,-0.33804407715797424,-3.110880136489868,0.05454357713460922
85,2.3243274688720703,0.5667065382003784,0.0,0.0,0.4180835783481598,-0.11061172932386398,-0.40029269456863403,-3.098548173904419,0.052375536412000656
86,2.339188575744629,0.5667065382003784,0.0,0.0,0.4383713901042938,-0.11922827363014221,-0.4573821425437927,-3.091175079345703,0.045649513602256775
87,2.379258155822754,0.5667065382003784,0.0,0.0,0.4309743344783783,-0.10900712013244629,-0.2836368680000305,-3.0890750885009766,0.03614678606390953
88,2.3913497924804688,0.5667065382003784,0.0,0.0,0.4270336329936981,-0.08261197060346603,0.0623992495238781,-3.086625576019287,0.037659432739019394
89,2.42372989654541,0.5667065382003784,0.0,0.0,0.4430232644081116,-0.058690089732408524,0.30038145184516907,-3.0817887783050537,0.04249938204884529
90,2.4400999546051025,0.5667065382003784,0.0,0.0,0.4659300148487091,-0.04118281602859497,0.2912741005420685,-3.0744571685791016,0.04283013194799423
91,2.4738450050354004,0.5667065382003784,0.0,0.0,0.48840397596359253,-0.020258156582713127,0.20945335924625397,-3.0677835941314697,0.03932715579867363
92,2.4862465858459473,0.5667065382003784,0.0,0.0,0.5079659819602966,0.0006746716098859906,0.15160365402698517,-3.064375400543213,0.03511131554841995
93,2.523531675338745,0.5667065382003784,0.0,0.0,0.5258563756942749,0.01847231574356556,0.1037435457110405,-3.064967632293701,0.03207041323184967
94,2.5394482612609863,0.5667065382003784,0.0,0.0,0.53705233335495,0.024029282853007317,0.11397967487573624,-3.0719170570373535,0.03252536430954933
95,2.572829484939575,0.5667065382003784,0.0,0.0,0.5470944046974182,0.02492603100836277,0.051346082240343094,-3.0841257572174072,0.03885571286082268
96,2.585225820541382,0.5667065382003784,0.0,0.0,0.5592808723449707,0.027140844613313675,0.06062543764710426,-3.092880964279175,0.047933634370565414
97,2.616403579711914,0.5667065382003784,0.0,0.0,0.5573989748954773,0.02922872267663479,0.15194861590862274,-3.0987884998321533,0.05824655294418335
98,2.6294643878936768,0.5667065382003784,0.0,0.0,0.5618924498558044,0.007443116512149572,0.32281145453453064,-3.0924670696258545,0.05644803121685982
99,2.670464277267456,0.5667065382003784,0.0,0.0,0.5395596623420715,-0.02450578846037388,0.11648131906986237,-3.0804264545440674,0.05268959701061249
100,2.6825594902038574,0.5667065382003784,0.0,0.0,0.5125226378440857,-0.05233994871377945,-0.10614415258169174,-3.0701591968536377,0.04933289438486099
101,2.713369846343994,0.5667065382003784,0.0,0.0,0.4949117600917816,-0.0702846497297287,-0.18106848001480103,-3.065953016281128,0.050408296287059784
102,2.7265539169311523,0.5667065382003784,0.0,0.0,0.4892377555370331,-0.08662360161542892,-0.11096373200416565,-3.065202474594116,0.05602390691637993
103,2.7618768215179443,0.5667065382003784,0.0,0.0,0.48630720376968384,-0.10854829847812653,-0.02610679902136326,-3.064833641052246,0.06238994374871254
104,2.7799994945526123,0.5667065382003784,0.0,0.0,0.5082851648330688,-0.11398746818304062,-0.27745288610458374,-3.065196990966797,0.06072302162647247
105,2.8108088970184326,0.5667065382003784,0.0,0.0,0.49269965291023254,-0.09473679214715958,-0.2066906988620758,-3.069272518157959,0.052093833684921265
106,2.8221750259399414,0.5667065382003784,0.0,0.0,0.4742792546749115,-0.06014705076813698,0.04578809440135956,-3.0736052989959717,0.056765928864479065
107,2.851468563079834,0.5667065382003784,0.0,0.0,0.4854418933391571,-0.028833827003836632,0.17228734493255615,-3.0755255222320557,0.06273745745420456
108,2.8674557209014893,0.5667065382003784,0.0,0.0,0.5054693818092346,-0.0018259455682709813,0.1396816372871399,-3.0739963054656982,0.05835190415382385
109,2.9003584384918213,0.5667065382003784,0.0,0.0,0.5233100056648254,0.02456005848944187,0.10038188844919205,-3.071751356124878,0.047469399869441986
110,2.9217278957366943,0.5667065382003784,0.0,0.0,0.5306015610694885,0.04526565596461296,0.1483236849308014,-3.071847438812256,0.03725298494100571
111,2.9519712924957275,0.5667065382003784,0.0,0.0,0.5209919214248657,0.06443917751312256,0.18179431557655334,-3.0765252113342285,0.029103869572281837
112,2.9676382541656494,0.5667065382003784,0.0,0.0,0.5156525373458862,0.06487012654542923,0.24971231818199158,-3.0777676105499268,0.017049185931682587
113,3.0023958683013916,0.5667065382003784,0.0,0.0,0.4953521490097046,0.045639194548130035,0.23941569030284882,-3.07643985748291,0.013186115771532059
114,3.0184519290924072,0.5667065382003784,0.0,0.0,0.47626158595085144,0.014554448425769806,-0.0016486771637573838,-3.0728938579559326,0.015574040822684765
115,3.0468859672546387,0.5667065382003784,0.0,0.0,0.46289294958114624,-0.007199656218290329,-0.1614477038383484,-3.070079803466797,0.019880102947354317
116,3.0571606159210205,0.5667065382003784,0.0,0.0,0.45897218585014343,-0.023283757269382477,-0.15860216319561005,-3.0704054832458496,0.02761525847017765
117,3.1073248386383057,0.5667065382003784,0.0,0.0,0.46351975202560425,-0.03721485286951065,-0.0940585732460022,-3.0724430084228516,0.03605860099196434
118,3.1240620613098145,0.5667065382003784,0.0,0.0,0.47242799401283264,-0.04994921386241913,0.015036869794130325,-3.0752336978912354,0.04417860135436058
119,3.160822629928589,0.5667065382003784,0.0,0.0,0.4819474220275879,-0.06871102750301361,0.09071599692106247,-3.076475143432617,0.05253097042441368
120,3.1752126216888428,0.5667065382003784,0.0,0.0,0.5078638195991516,-0.07604340463876724,-0.02103189006447792,-3.076098680496216,0.05362093448638916
121,3.207590341567993,0.5667065382003784,0.0,0.0,0.4984302818775177,-0.07201524823904037,-0.029342519119381905,-3.0750975608825684,0.05076243728399277
122,3.222337245941162,0.5667065382003784,0.0,0.0,0.48633044958114624,-0.057216014713048935,-0.02642008475959301,-3.073127031326294,0.05694005265831947
123,3.2596213817596436,0.5667065382003784,0.0,0.0,0.48991823196411133,-0.027442485094070435,0.01720300316810608,-3.0741488933563232,0.0611751563847065
124,3.279484987258911,0.5667065382003784,0.0,0.0,0.5012593865394592,0.0007332235109061003,0.05945676192641258,-3.0813279151916504,0.054947078227996826
125,3.3152456283569336,0.5667065382003784,0.0,0.0,0.5131049752235413,0.021568382158875465,0.08887588232755661,-3.0909297466278076,0.04333404451608658
126,3.326232671737671,0.5667065382003784,0.0,0.0,0.5177785158157349,0.03913261741399765,0.15133585035800934,-3.0997154712677,0.032804474234580994
127,3.3622097969055176,0.5667065382003784,0.0,0.0,0.5211074352264404,0.05645855888724327,0.22696422040462494,-3.1066508293151855,0.026197249069809914
128,3.3768537044525146,0.5667065382003784,0.0,0.0,0.5263948440551758,0.06850926578044891,0.2955811023712158,-3.1113526821136475,0.021874142810702324
129,3.408534288406372,0.5667065382003784,0.0,0.0,0.5211264491081238,0.07351914793252945,0.3783150911331177,-3.1169803142547607,0.02238272875547409
130,3.421041965484619,0.5667065382003784,0.0,0.0,0.5135294198989868,0.07923794537782669,0.27248960733413696,-3.124742031097412,0.032597653567790985
131,3.455045700073242,0.5667065382003784,0.0,0.0,0.5152174830436707,0.09481438249349594,-0.028910784050822258,-3.1311819553375244,0.03487018123269081
132,3.467656135559082,0.5667065382003784,0.0,0.0,0.5143733620643616,0.08795538544654846,0.13848723471164703,-3.1269493103027344,0.02518467605113983
133,3.5048294067382812,0.5667065382003784,0.0,0.0,0.49580225348472595,0.06803109496831894,0.1459355652332306,-3.1191132068634033,0.02405671961605549
134,3.5218427181243896,0.5667065382003784,0.0,0.0,0.4781661927700043,0.03982141986489296,-0.00999909546226263,-3.1103107929229736,0.026598595082759857
135,3.555647850036621,0.5667065382003784,0.0,0.0,0.4637889564037323,0.012894416227936745,-0.14750808477401733,-3.102775812149048,0.027898112311959267
136,3.5692405700683594,0.5667065382003784,0.0,0.0,0.4563758373260498,-0.008779498748481274,-0.13115571439266205,-3.098599672317505,0.028560061007738113
137,3.600642681121826,0.5667065382003784,0.0,0.0,0.4549371600151062,-0.02636810950934887,-0.10900367796421051,-3.0956854820251465,0.029858363792300224
138,3.615833282470703,0.5667065382003784,0.0,0.0,0.4551946520805359,-0.04516485333442688,-0.08571004122495651,-3.093247890472412,0.03195773810148239
139,3.64732027053833,0.5667065382003784,0.0,0.0,0.4602259695529938,-0.0630028024315834,-0.05052240565419197,-3.09187650680542,0.03500398248434067
140,3.6587092876434326,0.5667065382003784,0.0,0.0,0.47596654295921326,-0.07580772042274475,-0.050208088010549545,-3.0917515754699707,0.03759659826755524
141,3.696681261062622,0.5667065382003784,0.0,0.0,0.4755386412143707,-0.08453847467899323,-0.05834281072020531,-3.0915751457214355,0.03538908064365387
142,3.719545364379883,0.5667065382003784,0.0,0.0,0.4651419222354889,-0.08506608754396439,-0.0373394750058651,-3.0854387283325195,0.040362998843193054
143,3.750462293624878,0.5667065382003784,0.0,0.0,0.45868244767189026,-0.07063715904951096,-0.00810768362134695,-3.077988624572754,0.050448283553123474
144,3.763049602508545,0.5667065382003784,0.0,0.0,0.45719993114471436,-0.043604202568531036,0.11006632447242737,-3.0769076347351074,0.055962108075618744
145,3.796132802963257,0.5667065382003784,0.0,0.0,0.4674554467201233,-0.02653392218053341,0.14199981093406677,-3.0797383785247803,0.051542628556489944
146,3.823425769805908,0.5667065382003784,0.0,0.0,0.4767749607563019,-0.012002216652035713,0.17590674757957458,-3.082050323486328,0.04161035269498825
147,3.8697214126586914,0.5667065382003784,0.0,0.0,0.48437702655792236,0.0014485310530290008,0.23804613947868347,-3.084378957748413,0.03263549879193306
148,3.884270668029785,0.5667065382003784,0.0,0.0,0.4898782968521118,0.013766658492386341,0.2407703399658203,-3.0862224102020264,0.026075642555952072
149,3.9297478199005127,0.5667065382003784,0.0,0.0,0.49693670868873596,0.02876538410782814,0.23717661201953888,-3.0873844623565674,0.020890306681394577
150,3.947859764099121,0.5667065382003784,0.0,0.0,0.5066164135932922,0.043040931224823,0.22103045880794525,-3.0883870124816895,0.017040247097611427
151,3.9799625873565674,0.5667065382003784,0.0,0.0,0.515205442905426,0.053916286677122116,0.20147953927516937,-3.0896010398864746,0.015358103439211845
152,3.991502046585083,0.5667065382003784,0.0,0.0,0.5190503001213074,0.05933021754026413,0.18964232504367828,-3.0929341316223145,0.018641185015439987
153,4.034940242767334,0.5667065382003784,0.0,0.0,0.5011683702468872,0.06685325503349304,0.06042899936437607,-3.09895920753479,0.025965893641114235
154,4.047788619995117,0.5667065382003784,0.0,0.0,0.5189017057418823,0.05114900320768356,0.2626720666885376,-3.097358465194702,0.02144813723862171
155,4.080329418182373,0.5667065382003784,0.0,0.0,0.49731895327568054,0.01700342632830143,0.19027608633041382,-3.0903921127319336,0.019400736317038536
156,4.091845273971558,0.5667065382003784,0.0,0.0,0.47194090485572815,-0.022548137232661247,-0.09998033195734024,-3.080399990081787,0.020121930167078972
157,4.129713773727417,0.5667065382003784,0.0,0.0,0.44777899980545044,-0.054381102323532104,-0.24449294805526733,-3.0728721618652344,0.02244364470243454
158,4.143378734588623,0.5667065382003784,0.0,0.0,0.43853405117988586,-0.07522828876972198,-0.27131199836730957,-3.0689122676849365,0.03010636568069458
159,4.2362329959869385,0.5667065382003784,0.0,0.0,0.44038617610931396,-0.08800958842039108,-0.2531852126121521,-3.0680091381073,0.03958767652511597
160,4.25020956993103,0.5667065382003784,0.0,0.0,0.439560204744339,-0.09852025657892227,-0.1877233386039734,-3.068967819213867,0.05013245344161987
161,4.282041311264038,0.5667065382003784,0.0,0.0,0.4400799870491028,-0.11956693232059479,0.12328114360570908,-3.0695018768310547,0.064870685338974
162,4.295269966125488,0.5667065382003784,0.0,0.0,0.44135862588882446,-0.11616554856300354,0.06225891783833504,-3.0685291290283203,0.07338294386863708
163,4.324966192245483,0.5667065382003784,0.0,0.0,0.4358571767807007,-0.1022702157497406,0.010876862332224846,-3.066877603530884,0.08090470731258392
164,4.3378071784973145,0.5667065382003784,0.0,0.0,0.4316363036632538,-0.07489194720983505,-0.040530670434236526,-3.06740403175354,0.08703704923391342
165,4.367204904556274,0.5667065382003784,0.0,0.0,0.4345540702342987,-0.04298432916402817,0.02314087189733982,-3.073598861694336,0.08601649850606918
166,4.396636247634888,0.5667065382003784,0.0,0.0,0.4413546919822693,-0.02092042937874794,0.0583762526512146,-3.081432342529297,0.07807806134223938
167,4.428752899169922,0.5667065382003784,0.0,0.0,0.4455576539039612,-0.00026659047580324113,0.12184574455022812,-3.0878689289093018,0.06846572458744049
168,4.443082571029663,0.5667065382003784,0.0,0.0,0.4514067769050598,0.01975087635219097,0.1929430365562439,-3.0933618545532227,0.060760196298360825
169,4.477536916732788,0.9855608940124512,0.0,0.0,0.45966488122940063,0.03692314401268959,0.19249019026756287,-3.09726881980896,0.05419323965907097
170,4.493181943893433,0.9855608940124512,0.0,0.0,0.45439866185188293,0.051555391401052475,0.21210744976997375,-3.1003458499908447,0.051829081028699875
171,4.526921510696411,0.9855608940124512,0.0,0.0,0.44087788462638855,0.06715001165866852,0.1611422598361969,-3.106325626373291,0.06181279942393303
172,4.540825605392456,0.9855608940124512,0.0,0.0,0.4332042634487152,0.0854710191488266,-0.0025165602564811707,-3.1132254600524902,0.08048171550035477
173,4.571488857269287,0.9855608940124512,0.0,0.0,0.4497602581977844,0.100751593708992,-0.22973531484603882,-3.1170718669891357,0.09791959077119827
174,4.586998224258423,0.9855608940124512,0.0,0.0,0.4789605140686035,0.11792103946208954,-0.15914739668369293,-3.118598222732544,0.10734539479017258
175,4.627443075180054,0.9855608940124512,0.0,0.0,0.512014627456665,0.12749318778514862,0.0691332072019577,-3.118540048599243,0.1103409081697464
176,4.642359972000122,0.9855608940124512,0.0,0.0,0.5497121214866638,0.12350447475910187,0.17759199440479279,-3.1150612831115723,0.11099540442228317
177,4.680574178695679,0.9855608940124512,0.0,0.0,0.5897888541221619,0.11906556040048599,0.20070217549800873,-3.1087563037872314,0.11042504012584686
178,4.69941258430481,0.9855608940124512,0.0,0.0,0.6282352805137634,0.11553671211004257,0.17597107589244843,-3.1029229164123535,0.10844992846250534
179,4.738511323928833,0.9855608940124512,0.0,0.0,0.6587588787078857,0.10655830055475235,0.17216996848583221,-3.0995330810546875,0.10552852600812912
180,4.751649856567383,0.9855608940124512,0.0,0.0,0.6804128289222717,0.08440269529819489,0.18258580565452576,-3.0964274406433105,0.10271672904491425
181,4.786476373672485,0.9855608940124512,0.0,0.0,0.6956238746643066,0.04290547966957092,0.06146187335252762,-3.090989112854004,0.09839221090078354
182,4.8078038692474365,0.9855608940124512,0.0,0.0,0.7203362584114075,0.0015990844694897532,-0.09416494518518448,-3.0837056636810303,0.08817644417285919
183,4.842473268508911,0.9855608940124512,0.0,0.0,0.753574788570404,-0.02572917565703392,-0.14548151195049286,-3.0786051750183105,0.07460430264472961
184,4.86245584487915,0.9855608940124512,0.0,0.0,0.7904065847396851,-0.03709807246923447,-0.10822465270757675,-3.0803654193878174,0.062530517578125
185,4.898435115814209,0.9855608940124512,0.0,0.0,0.8225845098495483,-0.046385329216718674,-0.055314354598522186,-3.0900866985321045,0.05342038348317146
186,4.919716119766235,0.9855608940124512,0.0,0.0,0.8525113463401794,-0.07086537033319473,-0.0384245403110981,-3.103261709213257,0.047719962894916534
187,4.950277090072632,0.9855608940124512,0.0,0.0,0.9056060314178467,-0.10550625622272491,-0.06583933532238007,-3.113009452819824,0.04424009099602699
188,4.963022947311401,0.9855608940124512,0.0,0.0,0.93288654088974,-0.11059052497148514,-0.3011434078216553,-3.1196444034576416,0.0333087220788002
189,5.014214038848877,0.9855608940124512,0.0,0.0,0.9212974905967712,-0.0707160010933876,-0.020800979807972908,-3.1251044273376465,0.026267852634191513
190,5.025754451751709,0.9855608940124512,0.0,0.0,0.9299485087394714,-0.040635306388139725,0.23616895079612732,-3.13315749168396,0.019009385257959366
191,5.063335657119751,0.9855608940124512,0.0,0.0,0.9684935808181763,-0.02956901118159294,0.2836889326572418,-3.138063907623291,0.009802688844501972
192,5.074596166610718,0.9855608940124512,0.0,0.0,1.0208181142807007,-0.019664978608489037,0.21461577713489532,-3.139153480529785,0.0004874745209235698
193,5.1091203689575195,0.9855608940124512,0.0,0.0,1.0621243715286255,-0.006580699235200882,0.15480473637580872,-3.1381568908691406,-0.008329915814101696
194,5.124188661575317,0.9855608940124512,0.0,0.0,1.0850193500518799,0.004706795793026686,0.20490902662277222,-3.133358955383301,-0.01655546762049198
195,5.1567604541778564,0.9855608940124512,0.0,0.0,1.0946053266525269,0.010652420111000538,0.3631114959716797,-3.1264398097991943,-0.023589570075273514
196,5.172837972640991,0.9855608940124512,0.0,0.0,1.0907936096191406,0.0072035761550068855,0.47195228934288025,-3.1232388019561768,-0.022953566163778305
197,5.206929683685303,0.9855608940124512,0.0,0.0,1.0709009170532227,-0.005693033803254366,0.44440463185310364,-3.126641035079956,-0.005290510132908821
198,5.222543716430664,0.9855608940124512,0.0,0.0,1.0049220323562622,-0.013769193552434444,0.1574946492910385,-3.136009693145752,0.016094926744699478
199,5.254270553588867,0.9855608940124512,0.0,0.0,0.9438499808311462,-0.033392179757356644,0.07709971815347672,-3.131437063217163,0.014508727937936783
200,5.267475366592407,0.9855608940124512,0.0,0.0,0.8878034353256226,-0.04547771438956261,-0.00904098805040121,-3.127643346786499,0.016237055882811546
201,5.297018051147461,0.9855608940124512,0.0,0.0,0.8463401198387146,-0.0549205057322979,-0.06564360857009888,-3.129277229309082,0.024837203323841095
202,5.307502031326294,0.9855608940124512,0.0,0.0,0.8231162428855896,-0.06590814143419266,-0.01912647671997547,-3.132432222366333,0.036523014307022095
203,5.336549520492554,0.9855608940124512,0.0,0.0,0.81328284740448,-0.07622820138931274,0.020165111869573593,-3.134230852127075,0.046799417585134506
204,5.355847358703613,0.9855608940124512,0.0,0.0,0.8088022470474243,-0.08886841684579849,0.0856449156999588,-3.13516902923584,0.055013008415699005
205,5.3900532722473145,0.9855608940124512,0.0,0.0,0.8344960808753967,-0.09619110822677612,-0.014871636405587196,-3.137065887451172,0.05834396183490753
206,5.40615439414978,0.9855608940124512,0.0,0.0,0.83167964220047,-0.10528665035963058,-0.08734545856714249,3.1414318084716797,0.048858724534511566
207,5.4405903816223145,0.6455734372138977,0.0,0.0,0.8206852078437805,-0.10880299657583237,-0.20041488111019135,3.1411752700805664,0.05137326940894127
208,5.461599349975586,0.6455734372138977,0.0,0.0,0.8112766742706299,-0.08237910270690918,-0.28934577107429504,-3.141068458557129,0.0615386888384819
209,5.498764514923096,0.6455734372138977,0.0,0.0,0.8136700987815857,-0.024813000112771988,-0.058902036398649216,3.1364080905914307,0.06549612432718277
210,5.513707637786865,0.6455734372138977,0.0,0.0,0.8331865072250366,0.008643616922199726,0.05332265421748161,3.127070426940918,0.05472439154982567
211,5.547410249710083,0.6455734372138977,0.0,0.0,0.8626118302345276,0.02575613558292389,0.03980915620923042,3.124638319015503,0.03881898894906044
212,5.560034275054932,0.6455734372138977,0.0,0.0,0.8782700300216675,0.044073570519685745,0.11753059923648834,3.1287996768951416,0.02446012571454048
213,5.59988260269165,0.6455734372138977,0.0,0.0,0.883377194404602,0.06311987340450287,0.24908089637756348,3.13738751411438,0.014997731894254684
214,5.613123416900635,0.6455734372138977,0.0,0.0,0.8827377557754517,0.07742396742105484,0.39665231108665466,-3.1369755268096924,0.009375449270009995
215,5.6517369747161865,0.6455734372138977,0.0,0.0,0.8672786951065063,0.07944980263710022,0.5076183676719666,-3.136007785797119,0.011335986666381359
216,5.669722080230713,0.6455734372138977,0.0,0.0,0.8136345744132996,0.07311980426311493,0.1604745239019394,3.1363821029663086,0.02902664989233017
217,5.7045300006866455,0.6455734372138977,0.0,0.0,0.764563262462616,0.06511649489402771,0.15364786982536316,3.1304242610931396,0.039027199149131775
218,5.717957258224487,0.6455734372138977,0.0,0.0,0.6932069063186646,0.04291879013180733,0.07314705848693848,3.138751745223999,0.03293507918715477
219,5.751143455505371,0.6455734372138977,0.0,0.0,0.6295867562294006,0.035020969808101654,0.031400952488183975,-3.1330273151397705,0.03269888088107109
220,5.766793489456177,0.6455734372138977,0.0,0.0,0.5857883095741272,0.03609361872076988,-0.0730198323726654,-3.1290109157562256,0.040655750781297684
221,5.80496883392334,0.6455734372138977,0.0,0.0,0.5655323266983032,0.041901249438524246,-0.11664117127656937,-3.1333277225494385,0.050511229783296585
222,5.817644834518433,0.6455734372138977,0.0,0.0,0.5539177060127258,0.043726835399866104,-0.07654498517513275,-3.1414623260498047,0.05603478103876114
223,5.853226184844971,0.6455734372138977,0.0,0.0,0.5437328219413757,0.043596189469099045,-0.018517466261982918,3.133549690246582,0.05669247731566429
224,5.866298675537109,0.6455734372138977,0.0,0.0,0.534767746925354,0.0434182770550251,0.024683751165866852,3.1266984939575195,0.05441867560148239
225,5.898342609405518,0.6455734372138977,0.0,0.0,0.5247713923454285,0.03929146006703377,0.0025316523388028145,3.1222000122070312,0.05060361325740814
226,5.9093077182769775,0.6455734372138977,0.0,0.0,0.5125412940979004,0.02858608216047287,0.019650667905807495,3.120311975479126,0.047928471118211746
227,5.941911935806274,0.6455734372138977,0.0,0.0,0.5083268284797668,0.019139932468533516,0.003421696601435542,3.1201462745666504,0.04763435572385788
228,5.957387685775757,0.6455734372138977,0.0,0.0,0.5113382935523987,0.014753878116607666,0.015121497213840485,3.1204819679260254,0.04862583801150322
229,5.992000341415405,0.6455734372138977,0.0,0.0,0.5221265554428101,0.013328912667930126,0.0639643520116806,3.1194257736206055,0.050843045115470886
230,6.004803657531738,0.6455734372138977,0.0,0.0,0.5425057411193848,0.009917554445564747,0.1105874627828598,3.117367744445801,0.053269222378730774
231,6.034205436706543,0.6455734372138977,0.0,0.0,0.5648604035377502,0.005637798923999071,0.10056429356336594,3.1176724433898926,0.05362136289477348
232,6.046569347381592,0.6455734372138977,0.0,0.0,0.5840983986854553,0.00015987444203346968,0.0765560194849968,3.122256278991699,0.05328884720802307
233,6.084285020828247,0.6455734372138977,0.0,0.0,0.6027264595031738,-0.004361203406006098,0.06647692620754242,3.130608320236206,0.053629275411367416
234,6.096323013305664,0.6455734372138977,0.0,0.0,0.6187129020690918,-0.004027418326586485,0.0228395015001297,3.1405792236328125,0.05471619963645935
235,6.132084131240845,0.6455734372138977,0.0,0.0,0.6247997283935547,-0.0022846460342407227,-0.10597655177116394,-3.1323633193969727,0.05709640309214592
236,6.143359184265137,0.6455734372138977,0.0,0.0,0.6033602356910706,-0.0026498553343117237,-0.1675834208726883,-3.1223883628845215,0.06558963656425476
237,6.1798155307769775,0.6455734372138977,0.0,0.0,0.5789989233016968,0.014262070879340172,-0.009963241405785084,-3.1185178756713867,0.0782366618514061
238,6.195735931396484,0.6455734372138977,0.0,0.0,0.5618299245834351,0.033972032368183136,0.16072994470596313,-3.12516450881958,0.08464042842388153
239,6.227117300033569,0.6455734372138977,0.0,0.0,0.5554637312889099,0.04465542733669281,0.3043995797634125,-3.1367673873901367,0.08516869693994522
240,6.240343332290649,0.6455734372138977,0.0,0.0,0.5584731698036194,0.03375208377838135,0.48433971405029297,3.137796640396118,0.08611150830984116
241,6.274306535720825,0.6455734372138977,0.0,0.0,0.4760808050632477,0.028691789135336876,0.23041343688964844,3.1353065967559814,0.09048645198345184
242,6.2865636348724365,0.6455734372138977,0.0,0.0,0.5517144203186035,-0.06951043754816055,0.10433099418878555,-3.1378839015960693,0.08418906480073929
243,6.3167643547058105,0.6455734372138977,0.0,0.0,0.5889841318130493,-0.14193342626094818,0.00984046421945095,-3.1092162132263184,0.08195392787456512
244,6.330007553100586,0.6455734372138977,0.0,0.0,0.6314653158187866,-0.175170436501503,-0.0466780811548233,-3.0814051628112793,0.08113996684551239
245,6.3686301708221436,0.6455734372138977,0.0,0.0,0.6362743973731995,-0.1772558093070984,-0.1553059071302414,-3.0663726329803467,0.078574039041996
246,6.379831075668335,0.6455734372138977,0.0,0.0,0.6129104495048523,-0.1528492569923401,-0.1046249270439148,-3.0638716220855713,0.07921403646469116
247,6.409618139266968,0.6455734372138977,0.0,0.0,0.6076350212097168,-0.1262701004743576,0.05404388904571533,-3.0679397583007812,0.0795782282948494
248,6.420348405838013,0.6455734372138977,0.0,0.0,0.623631477355957,-0.11659479141235352,0.11616489291191101,-3.072312116622925,0.0730634480714798
249,6.448455572128296,0.6455734372138977,0.0,0.0,0.6436572074890137,-0.11473269760608673,0.10838929563760757,-3.073798418045044,0.061099883168935776
250,6.461823225021362,0.6455734372138977,0.0,0.0,0.6621177792549133,-0.1132122129201889,0.07967051863670349,-3.0736804008483887,0.04813642054796219
251,6.5087831020355225,0.6455734372138977,0.0,0.0,0.6806727051734924,-0.10702700912952423,0.07739413529634476,-3.0731780529022217,0.0360453799366951
252,6.522170305252075,0.6455734372138977,0.0,0.0,0.6970072984695435,-0.09967231005430222,0.06235627830028534,-3.072439670562744,0.02597387507557869
253,6.56016993522644,0.6455734372138977,0.0,0.0,0.7094152569770813,-0.09336064010858536,0.08844766765832901,-3.071211099624634,0.018500853329896927
254,6.574618101119995,0.6455734372138977,0.0,0.0,0.716361939907074,-0.08964434266090393,0.15502038598060608,-3.0709195137023926,0.014453195966780186
255,6.607522249221802,0.6455734372138977,0.0,0.0,0.7214881181716919,-0.0953444242477417,0.24177740514278412,-3.0756001472473145,0.0149142537266016
256,6.625722169876099,0.6455734372138977,0.0,0.0,0.7176196575164795,-0.10323338210582733,0.3238706886768341,-3.0879571437835693,0.023713935166597366
257,6.663795232772827,0.6455734372138977,0.0,0.0,0.6836898326873779,-0.11249592900276184,0.3779846727848053,-3.099879741668701,0.028815943747758865
258,6.69156551361084,0.6455734372138977,0.0,0.0,0.6344877481460571,-0.13153326511383057,0.12669041752815247,-3.0909576416015625,0.024287458509206772
259,6.730116605758667,0.6455734372138977,0.0,0.0,0.5832769274711609,-0.1379474699497223,-0.07133229076862335,-3.0789127349853516,0.025417255237698555
260,6.742894172668457,0.6455734372138977,0.0,0.0,0.5396185517311096,-0.13668836653232574,-0.027024228125810623,-3.0727484226226807,0.035557497292757034
261,6.773181200027466,0.6455734372138977,0.0,0.0,0.5138438940048218,-0.13449238240718842,-0.01932154968380928,-3.070293426513672,0.0520157627761364
262,6.786520004272461,0.6455734372138977,0.0,0.0,0.5011124014854431,-0.1328759640455246,-0.03707864508032799,-3.070629358291626,0.06778506934642792
263,6.81674337387085,0.6455734372138977,0.0,0.0,0.4889175593852997,-0.13981325924396515,0.06179746985435486,-3.071470260620117,0.08210506290197372
264,6.827787399291992,0.6455734372138977,0.0,0.0,0.5141434073448181,-0.11339257657527924,-0.08149300515651703,-3.074930429458618,0.0859927162528038
265,6.858811140060425,0.6455734372138977,0.0,0.0,0.5003064274787903,-0.08428414911031723,-0.012734195217490196,-3.082054376602173,0.07790898531675339
266,6.8709611892700195,0.6455734372138977,0.0,0.0,0.4757857024669647,-0.05761135369539261,0.17299912869930267,-3.088399887084961,0.08093671500682831
267,6.905271053314209,0.6455734372138977,0.0,0.0,0.4731940031051636,-0.030650734901428223,0.2039974331855774,-3.0933401584625244,0.08921759575605392
268,6.9177329540252686,0.6455734372138977,0.0,0.0,0.48060888051986694,-0.004271536599844694,0.14329883456230164,-3.098820924758911,0.08872555196285248
269,6.953979015350342,0.6455734372138977,0.0,0.0,0.4897586405277252,0.02052433229982853,0.12558801472187042,-3.1046319007873535,0.07803735136985779
270,6.965914726257324,0.6455734372138977,0.0,0.0,0.49187731742858887,0.04642940312623978,0.20255038142204285,-3.1111550331115723,0.06429963558912277
271,6.995347023010254,0.6455734372138977,0.0,0.0,0.4921199083328247,0.07058491557836533,0.30069929361343384,-3.118760108947754,0.05407128483057022
272,7.018625497817993,0.6455734372138977,0.0,0.0,0.48903214931488037,0.09067505598068237,0.4133055806159973,-3.1271142959594727,0.05079358443617821
273,7.056554555892944,0.6455734372138977,0.0,0.0,0.48507532477378845,0.09970715641975403,0.29023176431655884,-3.1356112957000732,0.0481206439435482
274,7.0746684074401855,0.6455734372138977,0.0,0.0,0.4922007918357849,0.0858747735619545,0.2643324136734009,-3.1332366466522217,0.04085240885615349
275,7.115035772323608,0.6455734372138977,0.0,0.0,0.48990294337272644,0.06091805174946785,0.07819191366434097,-3.1253397464752197,0.03925600275397301
276,7.128965854644775,0.6455734372138977,0.0,0.0,0.4909484088420868,0.03983578830957413,-0.06984955072402954,-3.119424343109131,0.04278801009058952
277,7.164165019989014,0.6455734372138977,0.0,0.0,0.5058406591415405,0.02817634493112564,-0.0576954185962677,-3.1201298236846924,0.049842070788145065
278,7.175470590591431,0.6455734372138977,0.0,0.0,0.5331717133522034,0.02510252222418785,0.0006211743457242846,-3.1264700889587402,0.055077530443668365
279,7.20637059211731,0.6455734372138977,0.0,0.0,0.5559372305870056,0.019160857424139977,0.07903186231851578,-3.1357429027557373,0.05626775324344635
280,7.224225282669067,0.6455734372138977,0.0,0.0,0.5777878165245056,0.00493140472099185,0.10139307379722595,3.1399474143981934,0.056079473346471786
281,7.2604169845581055,0.6455734372138977,0.0,0.0,0.6002640128135681,-0.009733879938721657,0.08425573259592056,3.1368236541748047,0.05456576496362686
282,7.274259328842163,0.6455734372138977,0.0,0.0,0.6223264336585999,-0.026280434802174568,0.04625243693590164,3.137454032897949,0.05278274416923523
283,7.308504819869995,0.6455734372138977,0.0,0.0,0.640827476978302,-0.03471418470144272,0.02874763309955597,3.1413474082946777,0.052070390433073044
284,7.3212809562683105,0.6455734372138977,0.0,0.0,0.6559064984321594,-0.045830193907022476,0.008498765528202057,-3.133655548095703,0.05534500628709793
285,7.356812238693237,0.6455734372138977,0.0,0.0,0.663866400718689,-0.05573054775595665,-0.081779345870018,-3.117701768875122,0.06576773524284363
286,7.376920461654663,0.6455734372138977,0.0,0.0,0.6574592590332031,-0.040549322962760925,-0.10635430365800858,-3.105632781982422,0.07324030250310898
287,7.41070294380188,0.6455734372138977,0.0,0.0,0.6276479959487915,-0.006646621972322464,0.09180156886577606,-3.108535051345825,0.0739511251449585
288,7.424131393432617,0.6455734372138977,0.0,0.0,0.6063212752342224,0.012242559343576431,0.17117920517921448,-3.1215128898620605,0.0695909932255745
289,7.455605983734131,0.6455734372138977,0.0,0.0,0.5989590287208557,0.019561879336833954,0.17798396944999695,-3.134326219558716,0.06707854568958282
290,7.468979597091675,0.6455734372138977,0.0,0.0,0.6041432619094849,0.022221000865101814,0.18105168640613556,3.1399614810943604,0.06755141168832779
291,7.506891489028931,0.6455734372138977,0.0,0.0,0.6101503968238831,0.022904833778738976,0.16684170067310333,3.135565996170044,0.0682375505566597
292,7.521175146102905,0.6455734372138977,0.0,0.0,0.6109952330589294,0.02455766499042511,0.16342313587665558,3.1341304779052734,0.0671958476305008
293,7.595142364501953,0.6455734372138977,0.0,0.0,0.6005068421363831,0.022613946348428726,0.1496509611606598,3.135111093521118,0.0661611557006836
294,7.609822511672974,0.6455734372138977,0.0,0.0,0.5903605222702026,0.025943143293261528,0.09790971875190735,3.139312505722046,0.06645548343658447
295,7.646305561065674,0.6455734372138977,0.0,0.0,0.5858413577079773,0.03691144287586212,0.05084044486284256,-3.138653516769409,0.06702536344528198
296,7.6575517654418945,0.6455734372138977,0.0,0.0,0.5901339650154114,0.049300309270620346,0.040108777582645416,-3.1368837356567383,0.067927286028862
297,7.691498279571533,0.6455734372138977,0.0,0.0,0.6003884077072144,0.06288259476423264,-0.006151615176349878,-3.1386029720306396,0.0697428435087204
298,7.705473184585571,0.6455734372138977,0.0,0.0,0.6178799867630005,0.07205323874950409,-0.020147958770394325,-3.1396987438201904,0.07150144875049591
299,7.7417311668396,0.6455734372138977,0.0,0.0,0.6302527189254761,0.08336646109819412,-0.01877002976834774,-3.139284372329712,0.07384580373764038
300,7.757200479507446,0.6455734372138977,0.0,0.0,0.6455631256103516,0.08942589163780212,0.054257575422525406,-3.1364502906799316,0.07630889117717743
301,7.793066740036011,0.6455734372138977,0.0,0.0,0.654130220413208,0.08826684951782227,0.13868440687656403,-3.1299588680267334,0.07525818049907684
302,7.80573034286499,0.6455734372138977,0.0,0.0,0.654600203037262,0.07549197226762772,0.19599908590316772,-3.1216726303100586,0.07411840558052063
303,7.841876745223999,0.6455734372138977,0.0,0.0,0.6433966159820557,0.052579618990421295,0.15330378711223602,-3.113314390182495,0.07562834769487381
304,7.856395721435547,0.6455734372138977,0.0,0.0,0.625044584274292,0.019417928531765938,0.00993503350764513,-3.101656198501587,0.07511434704065323
305,7.898726224899292,0.6455734372138977,0.0,0.0,0.6138395667076111,-0.0058015636168420315,-0.08968327194452286,-3.0884690284729004,0.0692935585975647
306,7.916676044464111,0.6455734372138977,0.0,0.0,0.6019955277442932,-0.028912287205457687,-0.17887109518051147,-3.0777666568756104,0.06307961046695709
307,7.947377443313599,0.6455734372138977,0.0,0.0,0.597880482673645,-0.046966150403022766,-0.23082652688026428,-3.0700342655181885,0.05970774590969086
308,7.958401679992676,0.6455734372138977,0.0,0.0,0.5955764055252075,-0.06741992384195328,-0.22847601771354675,-3.064683437347412,0.05848478525876999
309,7.999251365661621,0.6455734372138977,0.0,0.0,0.6008872985839844,-0.08059319108724594,-0.1949702799320221,-3.0622987747192383,0.059025589376688004
310,8.011109590530396,0.6455734372138977,0.0,0.0,0.6004723906517029,-0.09353248029947281,-0.15626178681850433,-3.0622472763061523,0.0627874881029129
311,8.046589374542236,0.6455734372138977,0.0,0.0,0.6210806965827942,-0.10628170520067215,-0.08886094391345978,-3.063263177871704,0.06646355241537094
312,8.063640117645264,0.6455734372138977,0.0,0.0,0.6215131878852844,-0.10396749526262283,-0.12267237156629562,-3.0630831718444824,0.064808189868927
313,8.093535900115967,0.6455734372138977,0.0,0.0,0.6073600649833679,-0.0792340636253357,-0.041671544313430786,-3.0626068115234375,0.06891737133264542
314,8.122079610824585,0.6455734372138977,0.0,0.0,0.6112529039382935,-0.045210838317871094,0.08831825107336044,-3.0690574645996094,0.07246210426092148
315,8.163795948028564,0.6455734372138977,0.0,0.0,0.6291794776916504,-0.023670505732297897,0.1291831135749817,-3.0783026218414307,0.0657069981098175
316,8.177529335021973,0.6455734372138977,0.0,0.0,0.645289421081543,-0.009395199827849865,0.1355934590101242,-3.084564208984375,0.053335461765527725
317,8.214740991592407,0.6455734372138977,0.0,0.0,0.6522009372711182,0.004326978698372841,0.13754482567310333,-3.0885255336761475,0.042615506798028946
318,8.229899168014526,0.6455734372138977,0.0,0.0,0.660229504108429,0.015383736230432987,0.16449931263923645,-3.0909595489501953,0.03461753949522972
319,8.268104553222656,0.6455734372138977,0.0,0.0,0.6653347611427307,0.025567352771759033,0.20444972813129425,-3.092184066772461,0.028150346130132675
320,8.285343885421753,0.6455734372138977,0.0,0.0,0.667725682258606,0.031032096594572067,0.20817415416240692,-3.094914674758911,0.0250812079757452
321,8.317980527877808,0.6455734372138977,0.0,0.0,0.6710383296012878,0.03433852642774582,0.1641249656677246,-3.1016860008239746,0.02797820046544075
322,8.333886861801147,0.6455734372138977,0.0,0.0,0.6393242478370667,0.047691602259874344,-0.10357809066772461,-3.1121134757995605,0.03787807747721672
323,8.36600112915039,0.6455734372138977,0.0,0.0,0.6482259631156921,0.02806074731051922,0.1362956166267395,-3.1167242527008057,0.040674518793821335
324,8.37852931022644,0.6455734372138977,0.0,0.0,0.6185311675071716,-0.0018570713000372052,0.14401894807815552,-3.110409736633301,0.044137220829725266
325,8.4092435836792,0.6455734372138977,0.0,0.0,0.5880862474441528,-0.03402084484696388,-0.0003843128797598183,-3.0974013805389404,0.04815301671624184
326,8.42147707939148,0.6455734372138977,0.0,0.0,0.5747190117835999,-0.05088769271969795,-0.11817814409732819,-3.0860869884490967,0.05013557896018028
327,8.450682640075684,0.6455734372138977,0.0,0.0,0.5643813610076904,-0.06335604935884476,-0.16140562295913696,-3.0808675289154053,0.05068429931998253
328,8.462054014205933,0.6455734372138977,0.0,0.0,0.5553574562072754,-0.07857558876276016,-0.1301955282688141,-3.0789434909820557,0.05241302773356438
329,8.494094848632812,0.6455734372138977,0.0,0.0,0.5538946390151978,-0.09373626112937927,-0.09071869403123856,-3.0784573554992676,0.05518731474876404
330,8.512780904769897,0.6455734372138977,0.0,0.0,0.5542577505111694,-0.10888077318668365,-0.04042826220393181,-3.077575922012329,0.058349642902612686
331,8.545759201049805,0.6455734372138977,0.0,0.0,0.5613740682601929,-0.12753477692604065,0.04376259073615074,-3.0752944946289062,0.06422362476587296
332,8.56453824043274,0.6455734372138977,0.0,0.0,0.5602208971977234,-0.11851081997156143,-0.006267377641052008,-3.0747640132904053,0.06656200438737869
333,8.600038766860962,0.6455734372138977,0.0,0.0,0.5487682223320007,-0.09558724611997604,-0.011746911332011223,-3.0762012004852295,0.07514932751655579
334,8.621390342712402,0.6455734372138977,0.0,0.0,0.5503374934196472,-0.060151245445013046,0.04320002719759941,-3.0819156169891357,0.08422720432281494
335,8.651480436325073,0.6455734372138977,0.0,0.0,0.5608972311019897,-0.031441666185855865,0.05691969022154808,-3.091073751449585,0.08263902366161346
336,8.662789106369019,0.6455734372138977,0.0,0.0,0.5732996463775635,-0.009706027805805206,0.01581732928752899,-3.0978360176086426,0.07127411663532257
337,8.688710451126099,0.6455734372138977,0.0,0.0,0.5810847282409668,0.011892599053680897,0.047608740627765656,-3.1022326946258545,0.05831427127122879
338,8.707531929016113,0.6455734372138977,0.0,0.0,0.5890647172927856,0.03570815920829773,0.09260333329439163,-3.105823278427124,0.049483317881822586
339,8.740418434143066,0.6455734372138977,0.0,0.0,0.6020728945732117,0.05862829461693764,0.1526426076889038,-3.108511447906494,0.044076573103666306
340,8.753499746322632,0.6455734372138977,0.0,0.0,0.6196785569190979,0.0832604169845581,0.1498519778251648,-3.109631061553955,0.04032695293426514
341,8.783141851425171,0.6455734372138977,0.0,0.0,0.6408956050872803,0.10629598796367645,0.14469358325004578,-3.109191417694092,0.0364404134452343
342,8.795044183731079,0.6455734372138977,0.0,0.0,0.6462697982788086,0.12154348194599152,0.11731027811765671,-3.1105198860168457,0.03666616603732109
343,8.83224868774414,0.6455734372138977,0.0,0.0,0.6293794512748718,0.14255881309509277,-0.09413943439722061,-3.1172823905944824,0.04434986412525177
344,8.84828782081604,0.6455734372138977,0.0,0.0,0.6360849738121033,0.13608519732952118,0.0485064759850502,-3.1257126331329346,0.04906298592686653
345,8.880611896514893,0.6455734372138977,0.0,0.0,0.6212711334228516,0.11252010613679886,0.16547183692455292,-3.124999523162842,0.05367708578705788
346,8.893731832504272,0.6455734372138977,0.0,0.0,0.6055232286453247,0.07785257697105408,0.031637802720069885,-3.1140637397766113,0.05603653937578201
347,8.928916692733765,0.6455734372138977,0.0,0.0,0.5944439768791199,0.053184978663921356,-0.06339403241872787,-3.101957321166992,0.053216323256492615
348,8.945349931716919,0.6455734372138977,0.0,0.0,0.5902138948440552,0.04053712636232376,-0.13273338973522186,-3.096116065979004,0.0493897907435894
349,8.980964422225952,0.6455734372138977,0.0,0.0,0.5864842534065247,0.028914565220475197,-0.134251669049263,-3.0966455936431885,0.047575052827596664
350,8.992316961288452,0.6455734372138977,0.0,0.0,0.5842707753181458,0.013584790751338005,-0.1508910357952118,-3.098798990249634,0.048853278160095215
351,9.031819581985474,0.6455734372138977,0.0,0.0,0.5895271897315979,-0.002263051690533757,-0.14299088716506958,-3.100867748260498,0.05205567181110382
352,9.043836832046509,0.6455734372138977,0.0,0.0,0.6054458618164062,-0.012544838711619377,-0.08682897686958313,-3.1035802364349365,0.05444566532969475
353,9.08936095237732,0.6455734372138977,0.0,0.0,0.6255569458007812,-0.022254496812820435,0.009320358745753765,-3.1072745323181152,0.05568953603506088
354,9.103591680526733,0.6455734372138977,0.0,0.0,0.645530641078949,-0.03399857133626938,0.060465555638074875,-3.1102757453918457,0.05728868022561073
355,9.134445190429688,0.6455734372138977,0.0,0.0,0.653444230556488,-0.0540836937725544,0.01312602125108242,-3.1088147163391113,0.06160568818449974
356,9.148558616638184,0.6455734372138977,0.0,0.0,0.6673212647438049,-0.05921297147870064,-0.17391295731067657,-3.1038248538970947,0.06525852531194687
357,9.180780410766602,0.6455734372138977,0.0,0.0,0.6486286520957947,-0.04312242940068245,-0.21134822070598602,-3.1023881435394287,0.06507336348295212
358,9.193050146102905,0.6455734372138977,0.0,0.0,0.623016893863678,-0.003665668424218893,0.04150034859776497,-3.108814239501953,0.06602226197719574
359,9.22617506980896,0.6455734372138977,0.0,0.0,0.6176406145095825,0.02163926139473915,0.15924294292926788,-3.1208536624908447,0.06273739039897919
360,9.241488933563232,0.6455734372138977,0.0,0.0,0.6247228384017944,0.0341113843023777,0.1534809172153473,-3.129990816116333,0.05695762112736702
361,9.276103496551514,0.6455734372138977,0.0,0.0,0.6320311427116394,0.044078581035137177,0.1405838578939438,-3.134141206741333,0.05080798268318176
362,9.292301177978516,0.6455734372138977,0.0,0.0,0.6344037652015686,0.056686487048864365,0.17348714172840118,-3.1350252628326416,0.04619613662362099
363,9.331223964691162,0.6455734372138977,0.0,0.0,0.6333365440368652,0.07027027010917664,0.20914629101753235,-3.134720802307129,0.04386776685714722
364,9.346790552139282,0.6455734372138977,0.0,0.0,0.6328808665275574,0.08617430180311203,0.20307974517345428,-3.133612632751465,0.04285107180476189
365,9.37994933128357,0.6455734372138977,0.0,0.0,0.6318320631980896,0.10250329226255417,0.19649818539619446,-3.131542921066284,0.04381852224469185
366,9.391176700592041,0.6455734372138977,0.0,0.0,0.6089593172073364,0.11173056066036224,0.20635929703712463,-3.1337382793426514,0.041444044560194016
367,9.429158926010132,0.6455734372138977,0.0,0.0,0.5840651988983154,0.09913334995508194,0.19595393538475037,-3.133911609649658,0.03584570065140724
368,9.442890644073486,0.6455734372138977,0.0,0.0,0.5470266938209534,0.07308237254619598,0.14899511635303497,-3.1312015056610107,0.0427253320813179
369,9.472431182861328,0.6455734372138977,0.0,0.0,0.523653507232666,0.04265308380126953,0.016897661611437798,-3.1234397888183594,0.05321357399225235
370,9.484416484832764,0.6455734372138977,0.0,0.0,0.509105384349823,0.017927095293998718,-0.04776698723435402,-3.112318277359009,0.05660317465662956
371,9.52886438369751,0.6455734372138977,0.0,0.0,0.49588167667388916,-0.0008285982767120004,-0.06932496279478073,-3.1018662452697754,0.056152693927288055
372,9.541008234024048,0.6455734372138977,0.0,0.0,0.4832305610179901,-0.017050951719284058,-0.06381173431873322,-3.093959331512451,0.05732352286577225
373,9.579525709152222,0.6455734372138977,0.0,0.0,0.47597455978393555,-0.03146960213780403,-0.06257667392492294,-3.0887556076049805,0.060743361711502075
374,9.590604066848755,0.6455734372138977,0.0,0.0,0.47428184747695923,-0.04445837810635567,-0.06328736245632172,-3.0864980220794678,0.06417747586965561
375,9.630692958831787,0.6455734372138977,0.0,0.0,0.47474241256713867,-0.060802388936281204,-0.016933269798755646,-3.086160898208618,0.06738139688968658
376,9.642212390899658,0.6455734372138977,0.0,0.0,0.4782986640930176,-0.08232861012220383,-0.017807696014642715,-3.085263967514038,0.07059699296951294
377,9.679033994674683,0.6455734372138977,0.0,0.0,0.4900643229484558,-0.0941338837146759,-0.04602250084280968,-3.083644390106201,0.07269026339054108
378,9.689933776855469,0.6455734372138977,0.0,0.0,0.492371141910553,-0.09390197694301605,0.012683798559010029,-3.082444906234741,0.07533231377601624
379,9.727070093154907,0.6455734372138977,0.0,0.0,0.491106778383255,-0.08270564675331116,0.023198774084448814,-3.081050157546997,0.08399076014757156
380,9.740220785140991,0.6455734372138977,0.0,0.0,0.4952414929866791,-0.058903422206640244,0.04695127159357071,-3.0808827877044678,0.09472186118364334
381,9.769584655761719,0.6455734372138977,0.0,0.0,0.5117565393447876,-0.028177188709378242,0.09623809903860092,-3.084928274154663,0.09654566645622253
382,9.779564380645752,0.6455734372138977,0.0,0.0,0.5312947034835815,-0.0046636369079351425,0.13087038695812225,-3.0911262035369873,0.0850215032696724
383,9.805216789245605,0.6455734372138977,0.0,0.0,0.5412532687187195,0.014669924974441528,0.1839517205953598,-3.0965940952301025,0.06903716921806335
384,9.81621503829956,0.6455734372138977,0.0,0.0,0.5477140545845032,0.031151441857218742,0.2533872723579407,-3.101036310195923,0.056268539279699326
385,9.866846561431885,0.6455734372138977,0.0,0.0,0.5561469793319702,0.04569960758090019,0.2731795907020569,-3.1036980152130127,0.04705817997455597
386,9.886855840682983,0.6455734372138977,0.0,0.0,0.5647597908973694,0.0604439340531826,0.2638983726501465,-3.1054935455322266,0.03908783942461014
387,9.92081093788147,0.6455734372138977,0.0,0.0,0.5713537931442261,0.07494339346885681,0.23764947056770325,-3.1081230640411377,0.03338227793574333
388,9.93670916557312,0.6455734372138977,0.0,0.0,0.5786312222480774,0.08633691072463989,0.17395760118961334,-3.111999273300171,0.03260040655732155
389,9.969331502914429,0.6455734372138977,0.0,0.0,0.5689260363578796,0.09669484198093414,0.11751019954681396,-3.1178910732269287,0.03512740880250931
390,9.988511323928833,0.6455734372138977,0.0,0.0,0.5740219354629517,0.07175956666469574,0.2786809802055359,-3.11458158493042,0.028637485578656197
391,10.02507734298706,0.6455734372138977,0.0,0.0,0.5605275630950928,0.03515033796429634,0.09194715321063995,-3.1044421195983887,0.025763001292943954
392,10.038870096206665,0.6455734372138977,0.0,0.0,0.543944776058197,0.001143832691013813,-0.08306720852851868,-3.095508575439453,0.025043001398444176
393,10.074031829833984,0.6455734372138977,0.0,0.0,0.5370938777923584,-0.025418182834982872,-0.1559819132089615,-3.0923314094543457,0.028014319017529488
394,10.086245059967041,0.6455734372138977,0.0,0.0,0.5431153178215027,-0.04686809331178665,-0.12971097230911255,-3.0927698612213135,0.033247653394937515
395,10.118137121200562,0.6455734372138977,0.0,0.0,0.5554074645042419,-0.0649712085723877,-0.053075987845659256,-3.09381103515625,0.03768772631883621
396,10.132772207260132,0.6455734372138977,0.0,0.0,0.5695650577545166,-0.0840812399983406,0.03842930123209953,-3.0947868824005127,0.04080475866794586
397,10.17278790473938,0.6455734372138977,0.0,0.0,0.6067100763320923,-0.09433946013450623,-0.18243469297885895,-3.0986225605010986,0.032625049352645874
398,10.1884126663208,0.6455734372138977,0.0,0.0,0.5978467464447021,-0.10215671360492706,-0.25667110085487366,-3.1038432121276855,0.01915554143488407
399,10.221248865127563,0.6455734372138977,0.0,0.0,0.576299250125885,-0.09042587876319885,-0.19611021876335144,-3.1044461727142334,0.02077155001461506
400,10.233970165252686,0.6455734372138977,0.0,0.0,0.5726649165153503,-0.053454022854566574,0.0761336013674736,-3.1050915718078613,0.029162611812353134
401,10.272618055343628,0.6455734372138977,0.0,0.0,0.5918006896972656,-0.031969211995601654,0.10452823340892792,-3.1068544387817383,0.02891543321311474
402,10.28817343711853,0.6455734372138977,0.0,0.0,0.6155589818954468,-0.015187478624284267,0.05823855102062225,-3.106407403945923,0.020081188529729843
403,10.323267459869385,0.6455734372138977,0.0,0.0,0.6307438015937805,0.002851685741916299,0.1004183366894722,-3.106581449508667,0.01108202151954174
404,10.33837080001831,0.6455734372138977,0.0,0.0,0.641234278678894,0.02029050514101982,0.1680116504430771,-3.1069881916046143,0.006329627241939306
405,10.371330976486206,0.6455734372138977,0.0,0.0,0.6541891694068909,0.035219091922044754,0.21891479194164276,-3.1055409908294678,0.003934340551495552
406,10.385066986083984,0.6455734372138977,0.0,0.0,0.662333607673645,0.044677335768938065,0.27487048506736755,-3.1037096977233887,0.004010471981018782
407,10.416735887527466,0.6455734372138977,0.0,0.0,0.6626245379447937,0.048169512301683426,0.2889751195907593,-3.105416774749756,0.010232406668365002
408,10.431524991989136,0.6455734372138977,0.0,0.0,0.643645167350769,0.058650437742471695,0.2009037584066391,-3.112018585205078,0.013408688828349113
409,10.465033292770386,0.6455734372138977,0.0,0.0,0.615085244178772,0.04224078357219696,0.23107440769672394,-3.109153985977173,0.009327424690127373
410,10.477019548416138,0.6455734372138977,0.0,0.0,0.570469856262207,0.0172587763518095,0.009318939410150051,-3.100762128829956,0.010166602209210396
411,10.51366639137268,0.6455734372138977,0.0,0.0,0.5347943305969238,0.0012941871536895633,-0.131078839302063,-3.0933711528778076,0.015416900627315044
412,10.536863327026367,0.6455734372138977,0.0,0.0,0.5100768804550171,-0.010202348232269287,-0.1308848112821579,-3.090268611907959,0.024255992844700813
413,10.567369937896729,0.6455734372138977,0.0,0.0,0.49993178248405457,-0.018425440415740013,-0.05628687143325806,-3.088758945465088,0.03433450683951378
414,10.587698936462402,0.6455734372138977,0.0,0.0,0.49423134326934814,-0.026919148862361908,-0.014081688597798347,-3.0877509117126465,0.042437467724084854
415,10.622398138046265,0.6455734372138977,0.0,0.0,0.4904349446296692,-0.04047784209251404,0.019516833126544952,-3.087686538696289,0.048680368810892105
416,10.63682770729065,0.6455734372138977,0.0,0.0,0.4927466809749603,-0.050680745393037796,0.05160785838961601,-3.08905029296875,0.05258515849709511
417,10.670162677764893,0.6455734372138977,0.0,0.0,0.5039814710617065,-0.06377093493938446,0.00945835467427969,-3.089890241622925,0.05407380685210228
418,10.681982040405273,0.6455734372138977,0.0,0.0,0.5022816061973572,-0.06884872168302536,-0.04372105002403259,-3.0890188217163086,0.050433672964572906
419,10.712736368179321,0.6455734372138977,0.0,0.0,0.4931454360485077,-0.06536532193422318,-0.02779858559370041,-3.0846521854400635,0.055242035537958145
420,10.72823715209961,0.6455734372138977,0.0,0.0,0.49824127554893494,-0.05565393716096878,-0.08904939889907837,-3.078817129135132,0.06676440685987473
421,10.765085220336914,0.6455734372138977,0.0,0.0,0.5085694193840027,-0.034195225685834885,-0.14608177542686462,-3.0746841430664062,0.07659149169921875
422,10.78223967552185,0.6455734372138977,0.0,0.0,0.510857343673706,0.0003881910815834999,-0.03893613442778587,-3.077566623687744,0.08240655064582825
423,10.816394805908203,0.6455734372138977,0.0,0.0,0.52001953125,0.03061964176595211,0.08648578077554703,-3.086286783218384,0.08205056190490723
424,10.829699277877808,0.6455734372138977,0.0,0.0,0.5362846255302429,0.047444600611925125,0.11078242212533951,-3.092869997024536,0.07320401072502136
425,10.867854356765747,0.6455734372138977,0.0,0.0,0.547791600227356,0.05862148851156235,0.15005436539649963,-3.0950767993927,0.06197717785835266
426,10.878649950027466,0.6455734372138977,0.0,0.0,0.5511360764503479,0.07038681954145432,0.2460348904132843,-3.095287322998047,0.052991095930337906
427,10.905851602554321,0.6455734372138977,0.0,0.0,0.527441680431366,0.0892239362001419,0.16495490074157715,-3.096292018890381,0.0441037118434906
428,10.91611647605896,0.6455734372138977,0.0,0.0,0.5478888750076294,0.0853436067700386,0.2964150607585907,-3.094088077545166,0.021362055093050003
429,10.964210510253906,0.5993486642837524,0.0,0.0,0.5192486643791199,0.05396980047225952,0.22438794374465942,-3.08955979347229,0.009718104265630245
430,10.980461835861206,0.5993486642837524,0.0,0.0,0.4998094141483307,0.01853897050023079,-0.01154171023517847,-3.086016893386841,0.012071281671524048
431,11.010284423828125,0.5993486642837524,0.0,0.0,0.4959222078323364,-0.008947441354393959,-0.1275220513343811,-3.085850954055786,0.01893685758113861
432,11.026965141296387,0.5993486642837524,0.0,0.0,0.5020184516906738,-0.032516296952962875,-0.11301472038030624,-3.086923837661743,0.02714153192937374
433,11.059404611587524,0.5993486642837524,0.0,0.0,0.5191400051116943,-0.04827088117599487,0.04019542038440704,-3.0880892276763916,0.034919239580631256
434,11.071576595306396,0.5993486642837524,0.0,0.0,0.5368252992630005,-0.06112540513277054,0.17098931968212128,-3.089172840118408,0.04138103500008583
435,11.10492467880249,0.5993486642837524,0.0,0.0,0.5586850047111511,-0.0774039626121521,0.11696929484605789,-3.0866620540618896,0.045639194548130035
436,11.117138385772705,0.5993486642837524,0.0,0.0,0.5600603818893433,-0.08071108162403107,-0.04024064540863037,-3.0804014205932617,0.04385611042380333
437,11.150665998458862,0.5993486642837524,0.0,0.0,0.5462847352027893,-0.06484355032444,-0.05145197734236717,-3.072657823562622,0.04723721370100975
438,11.16515326499939,0.5993486642837524,0.0,0.0,0.544667661190033,-0.03152361139655113,0.08439285308122635,-3.071531295776367,0.04904286935925484
439,11.199820280075073,0.5993486642837524,0.0,0.0,0.5523437857627869,-0.0034729521721601486,0.18374565243721008,-3.0772604942321777,0.04161762446165085
440,11.214723587036133,0.5993486642837524,0.0,0.0,0.5599461197853088,0.010512558743357658,0.20462681353092194,-3.0833685398101807,0.030905986204743385
441,11.245169401168823,0.5993486642837524,0.0,0.0,0.5626101493835449,0.02300288714468479,0.25201085209846497,-3.08780837059021,0.02147917076945305
442,11.25817084312439,0.5993486642837524,0.0,0.0,0.5618778467178345,0.034449923783540726,0.28331106901168823,-3.091209888458252,0.014311377890408039
443,11.29032301902771,0.5993486642837524,0.0,0.0,0.5614150166511536,0.0467928946018219,0.29553285241127014,-3.093798875808716,0.008186775259673595
444,11.306702852249146,0.5993486642837524,0.0,0.0,0.5593208074569702,0.059139564633369446,0.2738734781742096,-3.0961501598358154,0.004290570970624685
445,11.338389158248901,0.5993486642837524,0.0,0.0,0.5476094484329224,0.07289860397577286,0.22855398058891296,-3.1014533042907715,0.004782302305102348
446,11.352831840515137,0.5993486642837524,0.0,0.0,0.5196713209152222,0.06996289640665054,0.10820900648832321,-3.107239246368408,0.006570877507328987
447,11.383543014526367,0.5993486642837524,0.0,0.0,0.5052263736724854,0.05910734832286835,0.14965879917144775,-3.108754873275757,0.010805370286107063
448,11.39504075050354,0.5993486642837524,0.0,0.0,0.4942099452018738,0.04450462758541107,0.16044896841049194,-3.103943347930908,0.01655731163918972
449,11.426220655441284,0.5993486642837524,0.0,0.0,0.4885648488998413,0.023268263787031174,0.01912158913910389,-3.096252679824829,0.0196401234716177
450,11.441191673278809,0.5993486642837524,0.0,0.0,0.46992844343185425,-0.0033566905185580254,-0.13230487704277039,-3.0867841243743896,0.018682699650526047
451,11.475633382797241,0.5993486642837524,0.0,0.0,0.4552984833717346,-0.020679544657468796,-0.1900802105665207,-3.0784175395965576,0.019530465826392174
452,11.487783432006836,0.5993486642837524,0.0,0.0,0.4472423195838928,-0.03438817337155342,-0.19298161566257477,-3.0730526447296143,0.024206679314374924
453,11.517688512802124,0.5993486642837524,0.0,0.0,0.4444904029369354,-0.04708150029182434,-0.20954062044620514,-3.0695371627807617,0.030662639066576958
454,11.531019687652588,0.5993486642837524,0.0,0.0,0.4497981071472168,-0.0567215196788311,-0.20580843091011047,-3.06701397895813,0.03667809069156647
455,11.564130306243896,0.5993486642837524,0.0,0.0,0.4518343210220337,-0.06825944781303406,-0.14974254369735718,-3.065000295639038,0.04279455542564392
456,11.57729196548462,0.5993486642837524,0.0,0.0,0.4803932011127472,-0.07529494911432266,-0.1762121319770813,-3.0650525093078613,0.04453655332326889
457,11.615108489990234,0.5993486642837524,0.0,0.0,0.47914981842041016,-0.0634094774723053,-0.11172964423894882,-3.067749261856079,0.04308352246880531
458,11.625999689102173,0.5993486642837524,0.0,0.0,0.48136016726493835,-0.03866974636912346,-0.0012812676141038537,-3.0727291107177734,0.05332129821181297
459,11.667347192764282,0.5993486642837524,0.0,0.0,0.5077276825904846,-0.01066815759986639,0.09103798121213913,-3.080254077911377,0.06160476431250572
460,11.687516212463379,0.5993486642837524,0.0,0.0,0.5396103858947754,0.008445998653769493,0.11116620153188705,-3.0867812633514404,0.05510848015546799
461,11.719052076339722,0.5993486642837524,0.0,0.0,0.558430552482605,0.02043081820011139,0.13923808932304382,-3.0901737213134766,0.041892923414707184
462,11.734313726425171,0.5993486642837524,0.0,0.0,0.5672658681869507,0.027896851301193237,0.2022004872560501,-3.0904946327209473,0.03212882578372955
463,11.766231060028076,0.5993486642837524,0.0,0.0,0.5773255825042725,0.03947420418262482,0.23455597460269928,-3.088205099105835,0.027807971462607384
464,11.785022974014282,0.5993486642837524,0.0,0.0,0.5893008708953857,0.05287158489227295,0.20245897769927979,-3.085404634475708,0.026533881202340126
465,11.82246994972229,0.5993486642837524,0.0,0.0,0.5968886613845825,0.060862425714731216,0.1965872347354889,-3.088115692138672,0.0304744653403759
466,11.834677696228027,0.5993486642837524,0.0,0.0,0.5891106128692627,0.06779801100492477,0.038594815880060196,-3.101168155670166,0.04192226007580757
467,11.868616342544556,0.5993486642837524,0.0,0.0,0.5768161416053772,0.0665445327758789,0.17096705734729767,-3.1153430938720703,0.05532805249094963
468,11.88585638999939,0.5993486642837524,0.0,0.0,0.5560660362243652,0.04653215780854225,0.12839585542678833,-3.1189355850219727,0.06331875920295715
469,11.916914701461792,0.5993486642837524,0.0,0.0,0.5298976898193359,0.028680244460701942,-0.017066793516278267,-3.1125340461730957,0.0661623552441597
470,11.931535005569458,0.5993486642837524,0.0,0.0,0.5094751715660095,0.01994285173714161,-0.1086246445775032,-3.1076574325561523,0.06423008441925049
471,11.963510751724243,0.5993486642837524,0.0,0.0,0.48862317204475403,0.012158222496509552,-0.11357524991035461,-3.108391284942627,0.061940986663103104
472,11.975889921188354,0.5993486642837524,0.0,0.0,0.4745287001132965,0.004892696160823107,-0.08998939394950867,-3.1120872497558594,0.06148875504732132
473,12.007010459899902,0.5993486642837524,0.0,0.0,0.4673881232738495,-0.0008634482510387897,-0.07214627414941788,-3.115502119064331,0.06136967986822128
474,12.017544746398926,0.5993486642837524,0.0,0.0,0.4620075225830078,-0.010589261539280415,-0.01607534848153591,-3.1171376705169678,0.06103350967168808
475,12.04886770248413,0.5993486642837524,0.0,0.0,0.4598939120769501,-0.021143559366464615,0.057892438024282455,-3.117093563079834,0.06054436042904854
476,12.060192346572876,0.5993486642837524,0.0,0.0,0.47713595628738403,-0.02740752324461937,-0.10290369391441345,-3.11784029006958,0.05489356815814972
477,12.09352421760559,0.5993486642837524,0.0,0.0,0.474289208650589,-0.04188971593976021,-0.18143850564956665,-3.118867874145508,0.044036176055669785
478,12.116004705429077,0.5993486642837524,0.0,0.0,0.4696286618709564,-0.06312566995620728,-0.2167501002550125,-3.1170077323913574,0.04061945155262947
479,12.153818845748901,0.5993486642837524,0.0,0.0,0.4797137379646301,-0.07177678495645523,-0.27803903818130493,-3.1160495281219482,0.04066905006766319
480,12.169193267822266,0.5993486642837524,0.0,0.0,0.49270790815353394,-0.07204865664243698,-0.3403879404067993,-3.1200547218322754,0.039933525025844574
481,12.199472904205322,0.5993486642837524,0.0,0.0,0.5001605749130249,-0.06979851424694061,-0.3566766083240509,-3.1282236576080322,0.04085497930645943
482,12.210248708724976,0.5993486642837524,0.0,0.0,0.5142307281494141,-0.06681288033723831,-0.31995195150375366,-3.137488603591919,0.04694715514779091
483,12.241572618484497,0.5993486642837524,0.0,0.0,0.5182439088821411,-0.05309351161122322,-0.20350320637226105,3.138698101043701,0.049133751541376114
484,12.257790803909302,0.5993486642837524,0.0,0.0,0.5061153769493103,-0.02768218144774437,0.06625614315271378,3.137535810470581,0.055003318935632706
485,12.299592733383179,0.5993486642837524,0.0,0.0,0.4964979290962219,0.0057861157692968845,0.2553013265132904,3.1373839378356934,0.05974119156599045
486,12.313117504119873,0.5993486642837524,0.0,0.0,0.5023236274719238,0.03289585933089256,0.2629667818546295,3.1368534564971924,0.05415920540690422
487,12.347816944122314,0.5993486642837524,0.0,0.0,0.5089052319526672,0.0595724880695343,0.254712849855423,3.1345345973968506,0.044042058289051056
488,12.363697052001953,0.5993486642837524,0.0,0.0,0.512438178062439,0.08547837287187576,0.34462621808052063,3.1285245418548584,0.036104876548051834
489,12.400474786758423,0.5993486642837524,0.0,0.0,0.4536113440990448,0.11442878097295761,0.3775969445705414,3.1174652576446533,0.034032873809337616
490,12.411519765853882,0.5993486642837524,0.0,0.0,0.48093801736831665,0.07695526629686356,0.4055948853492737,3.107386589050293,0.026710381731390953
491,12.44564437866211,0.5993486642837524,0.0,0.0,0.4685257077217102,0.026451105251908302,0.1674826741218567,3.113034725189209,0.027975166216492653
492,12.46056079864502,0.5993486642837524,0.0,0.0,0.47027772665023804,-0.01437410805374384,0.0028580976650118828,3.1263413429260254,0.03489057347178459
493,12.493180751800537,0.5993486642837524,0.0,0.0,0.4835205376148224,-0.04088498651981354,0.002418770454823971,3.136533737182617,0.040373679250478745
494,12.51438856124878,0.5993486642837524,0.0,0.0,0.5005085468292236,-0.05493671074509621,0.09326605498790741,3.1404833793640137,0.04230920597910881
495,12.564083337783813,0.5993486642837524,0.0,0.0,0.5147178173065186,-0.06942717730998993,0.19609583914279938,-3.1415817737579346,0.04292205348610878
496,12.58036494255066,0.5993486642837524,0.0,0.0,0.5267466902732849,-0.09210456162691116,0.20390920341014862,-3.1375136375427246,0.04450271278619766
497,12.614790916442871,0.5993486642837524,0.0,0.0,0.5505233407020569,-0.11036310344934464,0.019971756264567375,-3.1295812129974365,0.042960792779922485
498,12.631501913070679,0.5993486642837524,0.0,0.0,0.5467815399169922,-0.11337057501077652,-0.10824694484472275,-3.1202809810638428,0.03917328268289566
499,12.67070746421814,0.5993486642837524,0.0,0.0,0.5310876965522766,-0.08899763971567154,-0.0423763282597065,-3.1134495735168457,0.04322272166609764
500,12.686087846755981,0.5993486642837524,0.0,0.0,0.5300319194793701,-0.05687135085463524,0.06985986232757568,-3.1149067878723145,0.046756431460380554
501,12.734561920166016,0.5993486642837524,0.0,0.0,0.5389763712882996,-0.03441375494003296,0.10402470827102661,-3.120082378387451,0.04156813770532608
502,12.747740983963013,0.5993486642837524,0.0,0.0,0.5462430119514465,-0.014606541953980923,0.12282595038414001,-3.1252601146698,0.03321639820933342
503,12.783349990844727,0.5993486642837524,0.0,0.0,0.5572298169136047,0.002748384838923812,0.14213904738426208,-3.1300127506256104,0.026750637218356133
504,12.79499363899231,0.5993486642837524,0.0,0.0,0.5654121041297913,0.022908180952072144,0.1674986332654953,-3.1338112354278564,0.02209516428411007
505,12.827610492706299,0.5993486642837524,0.0,0.0,0.5722231864929199,0.039200909435749054,0.16464930772781372,-3.137308359146118,0.018573734909296036
506,12.843250274658203,0.5993486642837524,0.0,0.0,0.5793243050575256,0.054712869226932526,0.15313073992729187,-3.1397013664245605,0.01636349968612194
507,12.87511682510376,0.5993486642837524,0.0,0.0,0.581903874874115,0.06799023598432541,0.15935689210891724,3.140091896057129,0.01754838228225708
508,12.887210607528687,0.5993486642837524,0.0,0.0,0.5786387920379639,0.07762505114078522,0.1337294578552246,3.132467746734619,0.027327660471200943
509,12.923189401626587,0.5993486642837524,0.0,0.0,0.559585690498352,0.0831829160451889,0.04246775060892105,3.1232166290283203,0.04039045050740242
510,12.937090635299683,0.5993486642837524,0.0,0.0,0.545811116695404,0.06331733614206314,0.24305777251720428,3.1240315437316895,0.04879474639892578
511,12.977113962173462,0.5993486642837524,0.0,0.0,0.5278462767601013,0.031005792319774628,0.14009591937065125,3.135150671005249,0.05461496859788895
512,12.993313312530518,0.5993486642837524,0.0,0.0,0.5125266909599304,0.0071870191022753716,-0.05637618899345398,-3.1347219944000244,0.05554364621639252
513,13.030315637588501,0.5993486642837524,0.0,0.0,0.49805065989494324,-0.008595429360866547,-0.10045109689235687,-3.1281089782714844,0.05407322570681572
514,13.053518056869507,0.5993486642837524,0.0,0.0,0.48442837595939636,-0.024363862350583076,-0.06926237046718597,-3.12607479095459,0.05464806780219078
515,13.095255851745605,0.5993486642837524,0.0,0.0,0.4767707884311676,-0.04085824266076088,-0.05310624837875366,-3.124843120574951,0.0574587918817997
516,13.107006788253784,0.5993486642837524,0.0,0.0,0.47740474343299866,-0.05163908004760742,-0.029662180691957474,-3.1231045722961426,0.060299307107925415
517,13.206602573394775,0.5993486642837524,0.0,0.0,0.4980091154575348,-0.058956343680620193,-0.18286480009555817,-3.121150255203247,0.0577990785241127
518,13.223112344741821,0.5993486642837524,0.0,0.0,0.490610808134079,-0.05798187479376793,-0.15785600244998932,-3.1198647022247314,0.04816427826881409
519,13.265621185302734,0.5993486642837524,0.0,0.0,0.47530409693717957,-0.04344106838107109,-0.03913140296936035,-3.1146817207336426,0.051520396023988724
520,13.281893730163574,0.5993486642837524,0.0,0.0,0.47830113768577576,-0.018284274265170097,0.017652804031968117,-3.109025001525879,0.062414560467004776
521,13.315728902816772,0.5993486642837524,0.0,0.0,0.48572367429733276,0.017635013908147812,0.08833034336566925,-3.108279228210449,0.06697813421487808
522,13.327402830123901,0.5993486642837524,0.0,0.0,0.5008767247200012,0.05086145177483559,0.16877301037311554,-3.112464427947998,0.06113307178020477
523,13.365788698196411,0.5993486642837524,0.0,0.0,0.5175116658210754,0.07423283159732819,0.2372548133134842,-3.117313861846924,0.04763186722993851
524,13.38104796409607,0.5993486642837524,0.0,0.0,0.5231338143348694,0.08919306844472885,0.26849880814552307,-3.1209049224853516,0.03488587960600853
525,13.420204162597656,0.5993486642837524,0.0,0.0,0.48007768392562866,0.11374359577894211,0.24465014040470123,-3.1244280338287354,0.028390655294060707
526,13.435230255126953,0.5993486642837524,0.0,0.0,0.509448766708374,0.09493847191333771,0.2386922687292099,-3.125765800476074,0.01649435982108116
527,13.475696325302124,0.5993486642837524,0.0,0.0,0.4989229142665863,0.06831961870193481,0.12091463059186935,-3.1199920177459717,0.010692034848034382
528,13.488464593887329,0.5993486642837524,0.0,0.0,0.4917925298213959,0.04010501876473427,0.006475724745541811,-3.11456561088562,0.010155665688216686
529,13.520101308822632,0.5993486642837524,0.0,0.0,0.4956815838813782,0.018509384244680405,-0.0473126582801342,-3.113093852996826,0.011761925183236599
530,13.532633543014526,0.5993486642837524,0.0,0.0,0.5086442828178406,0.004220153670758009,-0.04899017885327339,-3.1150336265563965,0.01349733117967844
531,13.572598695755005,0.5993486642837524,0.0,0.0,0.5249051451683044,-0.011646347120404243,0.02535420097410679,-3.1188559532165527,0.01546438131481409
532,13.586414098739624,0.5993486642837524,0.0,0.0,0.5508795976638794,-0.029310787096619606,0.11327917873859406,-3.122434139251709,0.01697961799800396
533,13.617436408996582,0.5993486642837524,0.0,0.0,0.5786125063896179,-0.04531191289424896,0.1603780835866928,-3.124908685684204,0.016340913251042366
534,13.64078974723816,0.5993486642837524,0.0,0.0,0.6064732074737549,-0.06557760387659073,0.16451072692871094,-3.1242454051971436,0.01438865251839161
535,13.679358005523682,0.5993486642837524,0.0,0.0,0.6349208950996399,-0.08528362959623337,-0.014121217653155327,-3.118572473526001,0.01112049538642168
536,13.691321611404419,0.5993486642837524,0.0,0.0,0.6383011341094971,-0.09446222335100174,-0.17359648644924164,-3.11152982711792,0.003943031188100576
537,13.722776412963867,0.5993486642837524,0.0,0.0,0.6141242980957031,-0.08397982269525528,-0.14929398894309998,-3.1038827896118164,0.003979196306318045
538,13.739074945449829,0.5993486642837524,0.0,0.0,0.5966150760650635,-0.050633855164051056,0.1102047711610794,-3.10321307182312,0.007889262400567532
539,13.771093130111694,0.5993486642837524,0.0,0.0,0.5963923335075378,-0.02972874976694584,0.2544584274291992,-3.1090967655181885,0.005781376268714666
540,13.786702871322632,0.5993486642837524,0.0,0.0,0.6048768162727356,-0.02551380544900894,0.18757161498069763,-3.1137938499450684,-9.495393896941096e-05
541,13.816735982894897,0.5993486642837524,0.0,0.0,0.6149303317070007,-0.01779932528734207,0.14586378633975983,-3.115821599960327,-0.006298464722931385
542,13.829951286315918,0.5993486642837524,0.0,0.0,0.6254282593727112,-0.008308926597237587,0.13473503291606903,-3.117630958557129,-0.011148665100336075
543,13.867544889450073,0.5993486642837524,0.0,0.0,0.6290084719657898,0.0029593510553240776,0.1924004852771759,-3.118480920791626,-0.014561375603079796
544,13.880451202392578,0.6872173547744751,0.0,0.0,0.6345252394676208,0.011004140600562096,0.28246280550956726,-3.1180896759033203,-0.016444306820631027
545,13.915058135986328,0.6872173547744751,0.0,0.0,0.6312059760093689,0.017832225188612938,0.3079761862754822,-3.1180243492126465,-0.01549556478857994
546,13.92917799949646,0.6872173547744751,0.0,0.0,0.6301220059394836,0.023823387920856476,0.21253541111946106,-3.1182494163513184,-0.00610962463542819
547,13.964937448501587,0.6872173547744751,0.0,0.0,0.6481557488441467,0.04035169258713722,0.07123621553182602,-3.117581844329834,0.00883588194847107
548,13.977263927459717,0.6872173547744751,0.0,0.0,0.6715405583381653,0.05390779674053192,0.14482763409614563,-3.119795322418213,0.020282726734876633
549,14.015304327011108,0.6872173547744751,0.0,0.0,0.6904404163360596,0.05831250920891762,0.27654728293418884,-3.123990058898926,0.021603023633360863
550,14.031419038772583,0.6872173547744751,0.0,0.0,0.6852778196334839,0.04436555504798889,0.2815721333026886,-3.12678861618042,0.020926540717482567
551,14.065498113632202,0.6872173547744751,0.0,0.0,0.661958634853363,0.012796161696314812,0.07508325576782227,-3.1250603199005127,0.022762136533856392
552,14.093804597854614,0.6872173547744751,0.0,0.0,0.6377859115600586,-0.01874542236328125,-0.10214153677225113,-3.114750623703003,0.02182156778872013
553,14.133305788040161,0.6872173547744751,0.0,0.0,0.6248701810836792,-0.04226525127887726,-0.17825651168823242,-3.099198579788208,0.016493622213602066
554,14.148668766021729,0.6872173547744751,0.0,0.0,0.6100027561187744,-0.05934763327240944,-0.2204466611146927,-3.0831265449523926,0.010009814985096455
555,14.183895587921143,0.6872173547744751,0.0,0.0,0.5956522822380066,-0.07216720283031464,-0.30085039138793945,-3.0688369274139404,0.00753337237983942
556,14.196305751800537,0.6872173547744751,0.0,0.0,0.5890623331069946,-0.07961274683475494,-0.4041619300842285,-3.058722734451294,0.008606872521340847
557,14.230753660202026,0.6872173547744751,0.0,0.0,0.5873709917068481,-0.08536028116941452,-0.4626300036907196,-3.0546069145202637,0.011455962434411049
558,14.24247694015503,0.6872173547744751,0.0,0.0,0.5883005261421204,-0.09496936947107315,-0.42375150322914124,-3.056514263153076,0.017443232238292694
559,14.270017862319946,0.6872173547744751,0.0,0.0,0.6026390790939331,-0.11319267004728317,-0.2579903304576874,-3.060458183288574,0.028227094560861588
560,14.280922889709473,0.48240599036216736,0.0,0.0,0.6120886206626892,-0.0996173694729805,-0.23893815279006958,-3.0652754306793213,0.03288160264492035
561,14.330772638320923,0.48240599036216736,0.0,0.0,0.6034932732582092,-0.0692128911614418,-0.10465075820684433,-3.06819486618042,0.042592603713274
562,14.352028369903564,0.48240599036216736,0.0,0.0,0.6106162667274475,-0.025425663217902184,0.10925976932048798,-3.074052095413208,0.05135887488722801
563,14.393854856491089,0.48240599036216736,0.0,0.0,0.6347214579582214,0.0012431892100721598,0.09501895308494568,-3.081026077270508,0.0477367602288723
564,14.419676303863525,0.48240599036216736,0.0,0.0,0.6554318070411682,0.022040419280529022,0.057709433138370514,-3.0842459201812744,0.035329848527908325
565,14.458590507507324,0.48240599036216736,0.0,0.0,0.6633168458938599,0.038553766906261444,0.12835794687271118,-3.084932804107666,0.022865714505314827
566,14.471901655197144,0.48240599036216736,0.0,0.0,0.659105122089386,0.04672975093126297,0.266104519367218,-3.083484172821045,0.01525366771966219
567,14.510491371154785,0.48240599036216736,0.0,0.0,0.6457299590110779,0.04532657936215401,0.4116862714290619,-3.0835981369018555,0.015811774879693985
568,14.523189783096313,0.48240599036216736,0.0,0.0,0.5868999361991882,0.05080849304795265,0.16136853396892548,-3.090803623199463,0.028821300715208054
569,14.563951015472412,0.48240599036216736,0.0,0.0,0.5640972852706909,0.02858981490135193,0.22316303849220276,-3.098076820373535,0.03675824776291847
570,14.575863122940063,0.48240599036216736,0.0,0.0,0.5139097571372986,0.001974270213395357,0.06280748546123505,-3.0948734283447266,0.04119405895471573
571,14.61361050605774,0.48240599036216736,0.0,0.0,0.4672550559043884,-0.01847299002110958,-0.03562571853399277,-3.088097095489502,0.04353015497326851
572,14.62752079963684,0.48240599036216736,0.0,0.0,0.42980363965034485,-0.032120075076818466,-0.09832259267568588,-3.08420991897583,0.048068154603242874
573,14.677500009536743,0.48240599036216736,0.0,0.0,0.40267494320869446,-0.04292026162147522,-0.11778204143047333,-3.084251642227173,0.05580923333764076
574,14.692618608474731,0.48240599036216736,0.0,0.0,0.3848613500595093,-0.05292748287320137,-0.04703952372074127,-3.0857348442077637,0.06422498822212219
575,14.724932193756104,0.48240599036216736,0.0,0.0,0.3675248324871063,-0.06472248584032059,0.0005983172450214624,-3.085876226425171,0.07198962569236755
576,14.73709487915039,0.48240599036216736,0.0,0.0,0.35142752528190613,-0.07684735208749771,0.04908300191164017,-3.0836565494537354,0.08025278896093369
577,14.766248941421509,0.48240599036216736,0.0,0.0,0.3550238311290741,-0.07459573447704315,0.0024808512534946203,-3.0806002616882324,0.08530224859714508
578,14.780409336090088,0.48240599036216736,0.0,0.0,0.34569332003593445,-0.052648600190877914,-0.007051811087876558,-3.0818119049072266,0.08310040086507797
579,14.819844961166382,0.48240599036216736,0.0,0.0,0.3318125009536743,-0.029665082693099976,0.08616165071725845,-3.0857017040252686,0.08569661527872086
580,14.832059383392334,0.48240599036216736,0.0,0.0,0.3257513642311096,-0.0034094592556357384,0.15432459115982056,-3.089474678039551,0.0921899825334549
581,14.862192392349243,0.48240599036216736,0.0,0.0,0.3285115659236908,0.01612655632197857,0.12349823862314224,-3.092904806137085,0.09565499424934387
582,14.877288818359375,0.48240599036216736,0.0,0.0,0.33027294278144836,0.028957383707165718,0.100258968770504,-3.0937306880950928,0.09234324842691422
583,14.909465551376343,0.48240599036216736,0.0,0.0,0.3303406536579132,0.03844088315963745,0.1049288734793663,-3.0926408767700195,0.08572465926408768
584,14.9226655960083,0.48240599036216736,0.0,0.0,0.3319019377231598,0.047900497913360596,0.1477145552635193,-3.0911800861358643,0.08020563423633575
585,14.954530954360962,0.48240599036216736,0.0,0.0,0.34075599908828735,0.053188737481832504,0.16653457283973694,-3.090367555618286,0.07650387287139893
586,14.966599702835083,0.48240599036216736,0.0,0.0,0.35168635845184326,0.05106773599982262,0.1476157158613205,-3.0895485877990723,0.07217096537351608
587,14.997069835662842,0.48240599036216736,0.0,0.0,0.36075112223625183,0.03638483211398125,0.10435602813959122,-3.0884101390838623,0.06759926676750183
588,15.017052173614502,0.48240599036216736,0.0,0.0,0.3662633001804352,0.011014086194336414,-0.027333710342645645,-3.085829019546509,0.061978552490472794
589,15.05612850189209,0.48240599036216736,0.0,0.0,0.37425997853279114,-0.007670191116631031,-0.10258141160011292,-3.084599256515503,0.05518559738993645
590,15.075478792190552,0.48240599036216736,0.0,0.0,0.3837759792804718,-0.017600150778889656,-0.12385430186986923,-3.087106227874756,0.04990687593817711
591,15.105624437332153,0.48240599036216736,0.0,0.0,0.3978565037250519,-0.02642928622663021,-0.09002868086099625,-3.093130350112915,0.04831207916140556
592,15.121632814407349,0.48240599036216736,0.0,0.0,0.41390106081962585,-0.03582914173603058,-0.04353570565581322,-3.0999491214752197,0.04961720481514931
593,15.161466360092163,0.48240599036216736,0.0,0.0,0.42881089448928833,-0.05031350627541542,-0.034506071358919144,-3.103717803955078,0.054977674037218094
594,15.173737525939941,0.48240599036216736,0.0,0.0,0.43947291374206543,-0.04650561884045601,-0.09830143302679062,-3.103107213973999,0.058796048164367676
595,15.206005096435547,0.48240599036216736,0.0,0.0,0.43768322467803955,-0.03039254993200302,-0.08031599968671799,-3.0978310108184814,0.06481271982192993
596,15.219913005828857,0.48240599036216736,0.0,0.0,0.4290543794631958,0.006957415025681257,0.06125481054186821,-3.0956614017486572,0.06932870298624039
597,15.24989628791809,0.48240599036216736,0.0,0.0,0.43846818804740906,0.038240693509578705,0.1708413064479828,-3.1000924110412598,0.06485792994499207
598,15.267600059509277,0.48240599036216736,0.0,0.0,0.4440692365169525,0.06114849075675011,0.2445751279592514,-3.1060996055603027,0.05180007591843605
599,15.300902128219604,0.48240599036216736,0.0,0.0,0.44616544246673584,0.07799235731363297,0.3691597580909729,-3.1113290786743164,0.03883977234363556
600,15.323042392730713,0.48240599036216736,0.0,0.0,0.4393867254257202,0.0830436423420906,0.41915926337242126,-3.1157331466674805,0.03190400078892708
601,15.36199140548706,0.48240599036216736,0.0,0.0,0.4042744040489197,0.09052176773548126,0.22248026728630066,-3.1205263137817383,0.032196979969739914
602,15.374047994613647,0.48240599036216736,0.0,0.0,0.43495044112205505,0.0509827695786953,0.2545301914215088,-3.115295171737671,0.022363601252436638
603,15.403418064117432,0.48240599036216736,0.0,0.0,0.4366384744644165,-0.012065096758306026,0.07444843649864197,-3.0996291637420654,0.01856791041791439
604,15.413948059082031,0.48240599036216736,0.0,0.0,0.4406103193759918,-0.05961919575929642,-0.11779934167861938,-3.083850622177124,0.021340493112802505
605,15.44333791732788,0.48240599036216736,0.0,0.0,0.4560912251472473,-0.08330993354320526,-0.14755956828594208,-3.077791452407837,0.027559062466025352
606,15.464183807373047,0.48240599036216736,0.0,0.0,0.47907546162605286,-0.08775793761014938,-0.11395955085754395,-3.0815186500549316,0.03378080204129219
607,15.494166612625122,0.48240599036216736,0.0,0.0,0.4894528388977051,-0.10246375948190689,0.005247291177511215,-3.086543560028076,0.043211013078689575
608,15.516472101211548,0.48240599036216736,0.0,0.0,0.48823225498199463,-0.1294981688261032,0.3178430199623108,-3.0824007987976074,0.06272357702255249
609,15.546460628509521,0.48240599036216736,0.0,0.0,0.4936651289463043,-0.13251125812530518,0.09395144134759903,-3.0712616443634033,0.07793617993593216
610,15.557647705078125,0.48240599036216736,0.0,0.0,0.4734953045845032,-0.10840435326099396,-0.020854149013757706,-3.063626766204834,0.08365572988986969
611,15.591668367385864,0.48240599036216736,0.0,0.0,0.45077016949653625,-0.07823454588651657,0.01713772863149643,-3.0674331188201904,0.08322590589523315
612,15.60425090789795,0.48240599036216736,0.0,0.0,0.43655529618263245,-0.05830836668610573,0.051203154027462006,-3.0767810344696045,0.08043309301137924
613,15.634140491485596,0.48240599036216736,0.0,0.0,0.4321005046367645,-0.04339057207107544,0.08474081009626389,-3.0858733654022217,0.07754019647836685
614,15.64672327041626,0.48240599036216736,0.0,0.0,0.4314570724964142,-0.029351022094488144,0.1263849437236786,-3.093763589859009,0.0748400092124939
615,15.679758071899414,0.48240599036216736,0.0,0.0,0.4314180910587311,-0.017960084602236748,0.1572238951921463,-3.1005282402038574,0.07240850478410721
616,15.692900657653809,0.48240599036216736,0.0,0.0,0.43376463651657104,-0.011807823553681374,0.16187572479248047,-3.1045899391174316,0.06928939372301102
617,15.734603643417358,0.48240599036216736,0.0,0.0,0.4325416684150696,-0.006128265988081694,0.14583398401737213,-3.105219602584839,0.06494742631912231
618,15.747950553894043,0.48240599036216736,0.0,0.0,0.4313867688179016,0.004422309808433056,0.11662846803665161,-3.104074716567993,0.05927826464176178
619,15.779566049575806,0.48240599036216736,0.0,0.0,0.43232664465904236,0.02127455174922943,0.1519005447626114,-3.1033873558044434,0.05325420945882797
620,15.790260553359985,0.48240599036216736,0.0,0.0,0.4389509856700897,0.03667271137237549,0.1659185290336609,-3.1043734550476074,0.04970751330256462
621,15.825698614120483,0.48240599036216736,0.0,0.0,0.4474102258682251,0.04651107266545296,0.15283651649951935,-3.1056511402130127,0.04882795736193657
622,15.838067054748535,0.48240599036216736,0.0,0.0,0.45835721492767334,0.05627776309847832,0.12977512180805206,-3.1071362495422363,0.050793472677469254
623,15.875273942947388,0.48240599036216736,0.0,0.0,0.45094984769821167,0.0684019923210144,0.03887065500020981,-3.1092398166656494,0.0543711856007576
624,15.894052743911743,0.48240599036216736,0.0,0.0,0.4530801475048065,0.06175389513373375,0.08080248534679413,-3.1114914417266846,0.05661913752555847
625,15.931365728378296,0.48240599036216736,0.0,0.0,0.4429177939891815,0.047038931399583817,0.12447742372751236,-3.1115572452545166,0.060523487627506256
626,15.942978620529175,0.48240599036216736,0.0,0.0,0.42337870597839355,0.019834382459521294,0.18873225152492523,-3.10764479637146,0.06753309816122055
627,15.97832441329956,0.48240599036216736,0.0,0.0,0.40466073155403137,-0.012668559327721596,0.08096261322498322,-3.096992015838623,0.07274440675973892
628,15.990101337432861,0.48240599036216736,0.0,0.0,0.3911430239677429,-0.0382176898419857,-0.029383493587374687,-3.0840904712677,0.07203726470470428
629,16.024769067764282,0.48240599036216736,0.0,0.0,0.377898633480072,-0.05919471010565758,-0.05154436081647873,-3.0731735229492188,0.068950355052948
630,16.039741277694702,0.48240599036216736,0.0,0.0,0.3650866150856018,-0.07988148182630539,-0.04255250468850136,-3.064478874206543,0.06756071001291275
631,16.069868564605713,0.48240599036216736,0.0,0.0,0.35051941871643066,-0.10370472073554993,-0.10563277453184128,-3.0570106506347656,0.06893371045589447
632,16.082542181015015,0.48240599036216736,0.0,0.0,0.3579026460647583,-0.12359265238046646,-0.13572397828102112,-3.051241874694824,0.07056482881307602
633,16.114760160446167,0.48240599036216736,0.0,0.0,0.35732337832450867,-0.11761055886745453,-0.15657424926757812,-3.0478148460388184,0.06626827269792557
634,16.133039236068726,0.48240599036216736,0.0,0.0,0.3540354371070862,-0.09252265840768814,-0.05584950000047684,-3.046257972717285,0.06972556561231613
635,16.163424015045166,0.48240599036216736,0.0,0.0,0.3655458986759186,-0.055749960243701935,0.048663947731256485,-3.0485479831695557,0.07711151987314224
636,16.177305221557617,0.48240599036216736,0.0,0.0,0.3896595537662506,-0.025161663070321083,0.10578764230012894,-3.053650140762329,0.07771216332912445
637,16.219212532043457,0.48240599036216736,0.0,0.0,0.41154739260673523,-0.003416224615648389,0.07916725426912308,-3.0572028160095215,0.06967043876647949
638,16.23336386680603,0.48240599036216736,0.0,0.0,0.42650294303894043,0.016200292855501175,0.08045034110546112,-3.0574655532836914,0.05827191099524498
639,16.26923131942749,0.48240599036216736,0.0,0.0,0.43598347902297974,0.034028276801109314,0.13203614950180054,-3.0564210414886475,0.04929454252123833
640,16.283039093017578,0.48240599036216736,0.0,0.0,0.44337955117225647,0.049140073359012604,0.16679935157299042,-3.0568528175354004,0.0439954474568367
641,16.31448006629944,0.48240599036216736,0.0,0.0,0.4488367438316345,0.06093069165945053,0.15508125722408295,-3.0596511363983154,0.04239797964692116
642,16.328428030014038,0.48240599036216736,0.0,0.0,0.42218488454818726,0.07790721207857132,0.09504839032888412,-3.0661253929138184,0.0458710640668869
643,16.367194175720215,0.48240599036216736,0.0,0.0,0.43413224816322327,0.07032296806573868,0.11276378482580185,-3.0714261531829834,0.0431893952190876
644,16.37979769706726,0.48240599036216736,0.0,0.0,0.4059184193611145,0.052498478442430496,0.037642672657966614,-3.0703630447387695,0.043874580413103104
645,16.419214725494385,0.48240599036216736,0.0,0.0,0.3807155191898346,0.031805265694856644,-0.1268337070941925,-3.066650629043579,0.046495821326971054
646,16.431549549102783,0.48240599036216736,0.0,0.0,0.36197707056999207,0.016114048659801483,-0.12985847890377045,-3.06368350982666,0.047958143055438995
647,16.472864627838135,0.48240599036216736,0.0,0.0,0.3481879234313965,0.0032392314169555902,-0.10626475512981415,-3.06183123588562,0.04996126517653465
648,16.488613843917847,0.48240599036216736,0.0,0.0,0.3387211561203003,-0.008611113764345646,-0.07672592252492905,-3.061136484146118,0.05211390182375908
649,16.517871379852295,0.48240599036216736,0.0,0.0,0.33272063732147217,-0.019113779067993164,-0.0675787553191185,-3.06060528755188,0.05417417362332344
650,16.528743743896484,0.48240599036216736,0.0,0.0,0.32594841718673706,-0.031915560364723206,-0.020088408142328262,-3.060485601425171,0.056808166205883026
651,16.56418538093567,0.48240599036216736,0.0,0.0,0.33294162154197693,-0.04352729767560959,-0.04411783814430237,-3.0602753162384033,0.05867411941289902
652,16.583929538726807,0.48240599036216736,0.0,0.0,0.3350414037704468,-0.04600884020328522,-0.04473013058304787,-3.0602598190307617,0.05502850189805031
653,16.614343643188477,0.48240599036216736,0.0,0.0,0.3329884111881256,-0.035382334142923355,0.0009412901126779616,-3.0594756603240967,0.056506987661123276
654,16.626086711883545,0.48240599036216736,0.0,0.0,0.3385715186595917,-0.01680348813533783,0.04561809450387955,-3.0605900287628174,0.06410083919763565
655,16.65920901298523,0.48240599036216736,0.0,0.0,0.3533087372779846,0.0032918397337198257,0.03419296815991402,-3.063650131225586,0.07059893757104874
656,16.683166027069092,0.48240599036216736,0.0,0.0,0.3707272708415985,0.024523913860321045,0.028889566659927368,-3.068629264831543,0.06881830841302872
657,16.716466903686523,0.48240599036216736,0.0,0.0,0.3887459635734558,0.04407530277967453,0.07073263823986053,-3.073821783065796,0.058100923895835876
658,16.729444980621338,0.48240599036216736,0.0,0.0,0.40674564242362976,0.06106293946504593,0.1837184876203537,-3.0776991844177246,0.04322286322712898
659,16.759950876235962,0.48240599036216736,0.0,0.0,0.41676855087280273,0.06977927684783936,0.3079916834831238,-3.080512046813965,0.030175477266311646
660,16.780717372894287,0.48240599036216736,0.0,0.0,0.41870176792144775,0.07624220848083496,0.33596184849739075,-3.0822668075561523,0.024737386032938957
661,16.816528797149658,0.48240599036216736,0.0,0.0,0.42728570103645325,0.08941980451345444,0.20546501874923706,-3.0855047702789307,0.016644969582557678
662,16.832352876663208,0.48240599036216736,0.0,0.0,0.43217939138412476,0.08837796747684479,0.18844740092754364,-3.084529399871826,0.003936490043997765
663,16.867480278015137,0.48240599036216736,0.0,0.0,0.41785702109336853,0.06573426723480225,0.06248956918716431,-3.084960699081421,-0.0006092964322306216
664,16.880171537399292,0.48240599036216736,0.0,0.0,0.40432408452033997,0.035686127841472626,-0.10720746964216232,-3.083847761154175,0.0024239218328148127
665,16.921776294708252,0.48240599036216736,0.0,0.0,0.40190812945365906,0.011505917645990849,-0.15172179043293,-3.0831410884857178,0.008549165911972523
666,16.93699836730957,0.48240599036216736,0.0,0.0,0.41348862648010254,-0.0021378332749009132,-0.1141791045665741,-3.0835957527160645,0.015364995226264
667,16.968674421310425,0.48240599036216736,0.0,0.0,0.4268307685852051,-0.015059775672852993,-0.0475284568965435,-3.0858585834503174,0.020533308386802673
668,16.981306791305542,0.48240599036216736,0.0,0.0,0.4437180161476135,-0.031311724334955215,0.04578167945146561,-3.0897300243377686,0.024979641661047935
669,17.014760732650757,0.48240599036216736,0.0,0.0,0.46000996232032776,-0.046694159507751465,0.03961619362235069,-3.093702554702759,0.027906689792871475
670,17.02699637413025,0.48240599036216736,0.0,0.0,0.474834680557251,-0.06285006552934647,-0.012705867178738117,-3.095590114593506,0.03178101032972336
671,17.065953016281128,0.48240599036216736,0.0,0.0,0.47220277786254883,-0.06440718472003937,-0.08531200885772705,-3.0946173667907715,0.03209761530160904
672,17.07936692237854,0.48240599036216736,0.0,0.0,0.45221418142318726,-0.04683983325958252,-0.008094830438494682,-3.0895960330963135,0.03825952485203743
673,17.119728088378906,0.48240599036216736,0.0,0.0,0.4441733956336975,-0.015245011076331139,0.10014190524816513,-3.0892956256866455,0.0427783839404583
674,17.13307285308838,0.48240599036216736,0.0,0.0,0.4463861584663391,0.007588638924062252,0.0903843492269516,-3.094644546508789,0.03620211407542229
675,17.167227506637573,0.48240599036216736,0.0,0.0,0.4476289451122284,0.027118345722556114,0.14353448152542114,-3.1015865802764893,0.024452757090330124
676,17.186710834503174,0.48240599036216736,0.0,0.0,0.442873477935791,0.044111791998147964,0.21851997077465057,-3.1090540885925293,0.015483954921364784
677,17.21762776374817,0.48240599036216736,0.0,0.0,0.4369335174560547,0.0596289187669754,0.23092524707317352,-3.1154844760894775,0.009802158921957016
678,17.23199963569641,0.48240599036216736,0.0,0.0,0.43296951055526733,0.0762828066945076,0.2512151598930359,-3.120687246322632,0.005850883666425943
679,17.2696316242218,0.48240599036216736,0.0,0.0,0.42457595467567444,0.09204201400279999,0.2632291615009308,-3.125948667526245,0.005162219051271677
680,17.292520999908447,0.48240599036216736,0.0,0.0,0.3741137385368347,0.11896120756864548,0.13904239237308502,-3.132676601409912,0.011875885538756847
681,17.335212230682373,0.48240599036216736,0.0,0.0,0.39027702808380127,0.09311161935329437,0.2706960141658783,-3.1362926959991455,0.013366717845201492
682,17.349576711654663,0.48240599036216736,0.0,0.0,0.3786528408527374,0.059479281306266785,0.2034631222486496,-3.1312456130981445,0.0182923823595047
683,17.383267641067505,0.48240599036216736,0.0,0.0,0.36670857667922974,0.020863236859440804,0.0161700751632452,-3.1224067211151123,0.025722825899720192
684,17.407036542892456,0.48240599036216736,0.0,0.0,0.358944833278656,-0.013125878758728504,-0.12575650215148926,-3.1146750450134277,0.03308698162436485
685,17.44035840034485,0.48240599036216736,0.0,0.0,0.36492422223091125,-0.031075725331902504,-0.13368695974349976,-3.1110846996307373,0.038105566054582596
686,17.454397201538086,0.48240599036216736,0.0,0.0,0.36917856335639954,-0.04587115719914436,-0.043268412351608276,-3.1099963188171387,0.04069749638438225
687,17.485286951065063,0.48240599036216736,0.0,0.0,0.37189334630966187,-0.06455595791339874,0.07094519585371017,-3.108449697494507,0.04442784935235977
688,17.499415159225464,0.48240599036216736,0.0,0.0,0.3829079866409302,-0.09000357240438461,0.04332911968231201,-3.1042540073394775,0.04777967929840088
689,17.54277467727661,0.48240599036216736,0.0,0.0,0.3903336226940155,-0.10322029143571854,-0.033841826021671295,-3.098405361175537,0.04576278105378151
690,17.556114673614502,0.48240599036216736,0.0,0.0,0.3874175250530243,-0.10120643675327301,-0.03303049877285957,-3.0917975902557373,0.04650028422474861
691,17.595953464508057,0.48240599036216736,0.0,0.0,0.38550081849098206,-0.08372466266155243,0.010799373500049114,-3.0858962535858154,0.05386621132493019
692,17.62439489364624,0.48240599036216736,0.0,0.0,0.3933817744255066,-0.05183393135666847,0.052321601659059525,-3.0840845108032227,0.06036074087023735
693,17.69189143180847,0.48240599036216736,0.0,0.0,0.41184160113334656,-0.023369256407022476,0.11276073753833771,-3.086928367614746,0.05643417313694954
694,17.71035385131836,0.48240599036216736,0.0,0.0,0.42697444558143616,-0.002558670472353697,0.14536067843437195,-3.0905582904815674,0.045265041291713715
695,17.74854350090027,0.48240599036216736,0.0,0.0,0.44031551480293274,0.01519837137311697,0.14454855024814606,-3.0919058322906494,0.032641272991895676
696,17.760195016860962,0.48240599036216736,0.0,0.0,0.4515905976295471,0.03585787117481232,0.19228607416152954,-3.092033624649048,0.021342521533370018
697,17.8047034740448,0.48240599036216736,0.0,0.0,0.46103179454803467,0.050630368292331696,0.2693064510822296,-3.0937325954437256,0.013557006604969501
698,17.81714701652527,0.48240599036216736,0.0,0.0,0.4675805866718292,0.05949349328875542,0.327096164226532,-3.095208168029785,0.010233322158455849
699,17.86103081703186,0.48240599036216736,0.0,0.0,0.4681870937347412,0.06428726762533188,0.3528040647506714,-3.095721483230591,0.013039746321737766
700,17.873315811157227,0.48240599036216736,0.0,0.0,0.45496270060539246,0.06882321834564209,0.2238510549068451,-3.0995304584503174,0.017598295584321022
701,17.917473554611206,0.48240599036216736,0.0,0.0,0.45034104585647583,0.06177467107772827,0.28245261311531067,-3.0979435443878174,0.013962204568088055
702,17.930901288986206,0.48240599036216736,0.0,0.0,0.42357540130615234,0.035023581236600876,0.2428964078426361,-3.094911575317383,0.014729073271155357
703,17.964504957199097,0.48240599036216736,0.0,0.0,0.3946871757507324,0.0017210295191034675,0.03537454083561897,-3.0885121822357178,0.020560873672366142
704,17.975371837615967,0.48240599036216736,0.0,0.0,0.37692737579345703,-0.020019859075546265,-0.11736147850751877,-3.0839309692382812,0.02720891684293747
705,18.007843017578125,0.48240599036216736,0.0,0.0,0.36920782923698425,-0.03587125241756439,-0.079843670129776,-3.0831940174102783,0.034568533301353455
706,18.02199077606201,0.48240599036216736,0.0,0.0,0.3640713393688202,-0.05181056633591652,0.015709135681390762,-3.0835962295532227,0.04216393455862999
707,18.053966999053955,0.48240599036216736,0.0,0.0,0.3652525246143341,-0.06875176727771759,0.1120782196521759,-3.0835630893707275,0.05029499530792236
708,18.071488618850708,0.7595789432525635,0.0,0.0,0.3691037595272064,-0.06269332021474838,0.06677789986133575,-3.0831289291381836,0.05178684741258621
709,18.101011037826538,0.7595789432525635,0.0,0.0,0.3614964187145233,-0.050479039549827576,0.07390173524618149,-3.0822155475616455,0.05433225631713867
710,18.113245487213135,0.7595789432525635,0.0,0.0,0.3541250228881836,-0.03496038168668747,0.048383790999650955,-3.0826704502105713,0.059787679463624954
711,18.15545678138733,0.7595789432525635,0.0,0.0,0.3471182882785797,-0.0208854079246521,0.018515143543481827,-3.084804058074951,0.06775564700365067
712,18.1671941280365,0.7595789432525635,0.0,0.0,0.3413819372653961,-0.007130580022931099,0.008699947036802769,-3.086829900741577,0.07771091163158417
713,18.19795060157776,0.7595789432525635,0.0,0.0,0.34469980001449585,0.0037665090057998896,0.01656007580459118,-3.0880303382873535,0.0870300903916359
714,18.225390195846558,0.7595789432525635,0.0,0.0,0.3579585552215576,0.01278274692595005,-0.003425301518291235,-3.0873911380767822,0.09257242828607559
715,18.263147115707397,0.7595789432525635,0.0,0.0,0.3736913204193115,0.020085031166672707,0.04908440634608269,-3.0859339237213135,0.09505350142717361
716,18.2761173248291,0.7595789432525635,0.0,0.0,0.39756298065185547,0.027506159618496895,0.07376226037740707,-3.085214138031006,0.09709544479846954
717,18.31258773803711,0.7595789432525635,0.0,0.0,0.4280048608779907,0.028653264045715332,0.05046486854553223,-3.086024284362793,0.098141148686409
718,18.32610535621643,0.7595789432525635,0.0,0.0,0.46163609623908997,0.02303999848663807,0.021341631188988686,-3.0862817764282227,0.09775368869304657
719,18.366430044174194,0.7595789432525635,0.0,0.0,0.492595374584198,0.015887310728430748,0.05243925005197525,-3.0855813026428223,0.09673000127077103
720,18.38277506828308,0.7595789432525635,0.0,0.0,0.5259851813316345,-0.001421055058017373,0.02072685956954956,-3.0846598148345947,0.09603830426931381
721,18.415900230407715,0.7595789432525635,0.0,0.0,0.5589533448219299,-0.029612349346280098,-0.09808802604675293,-3.083542823791504,0.08967217803001404
722,18.43339776992798,0.7595789432525635,0.0,0.0,0.5940769910812378,-0.047492168843746185,-0.14852949976921082,-3.0863142013549805,0.07672180980443954
723,18.465431451797485,0.7595789432525635,0.0,0.0,0.6305148601531982,-0.062360748648643494,-0.16006119549274445,-3.094255208969116,0.06438791751861572
724,18.479164838790894,0.7595789432525635,0.0,0.0,0.6763611435890198,-0.06683023273944855,-0.1562262773513794,-3.105435848236084,0.05566416308283806
725,18.51924991607666,0.7595789432525635,0.0,0.0,0.7091161012649536,-0.07353033870458603,-0.12857764959335327,-3.119229316711426,0.04952305182814598
726,18.532058000564575,0.7595789432525635,0.0,0.0,0.7304849624633789,-0.08947643637657166,-0.028174782171845436,-3.130622625350952,0.04960649088025093
727,18.562126636505127,0.7595789432525635,0.0,0.0,0.7475773096084595,-0.09462781250476837,-0.18246185779571533,-3.1358602046966553,0.04693477228283882
728,18.573831796646118,0.7595789432525635,0.0,0.0,0.730151891708374,-0.06312362849712372,0.05968429148197174,-3.1371958255767822,0.041158005595207214
729,18.612099647521973,0.7595789432525635,0.0,0.0,0.724338710308075,-0.04121203348040581,0.22472935914993286,-3.141472578048706,0.031156713142991066
730,18.626856327056885,0.7595789432525635,0.0,0.0,0.7407298684120178,-0.032491978257894516,0.2239018678665161,3.137537717819214,0.022007493302226067
731,18.672332525253296,0.7595789432525635,0.0,0.0,0.7688887715339661,-0.023962318897247314,0.21128374338150024,3.1337366104125977,0.015552951954305172
732,18.685434579849243,0.7595789432525635,0.0,0.0,0.8011181950569153,-0.015714332461357117,0.1755160242319107,3.1308679580688477,0.010748032480478287
733,18.718517541885376,0.7595789432525635,0.0,0.0,0.8252549767494202,-0.005441849119961262,0.1592278927564621,3.1303787231445312,0.005849121604114771
734,18.73108148574829,0.7595789432525635,0.0,0.0,0.8431353569030762,0.001976130297407508,0.22871412336826324,3.132856845855713,0.00029412179719656706
735,18.758337259292603,0.7595789432525635,0.0,0.0,0.8464565873146057,0.003802795195952058,0.323495090007782,3.137249231338501,-0.0029113346245139837
736,18.768651008605957,0.7595789432525635,0.0,0.0,0.8448656797409058,0.00530238589271903,0.35294273495674133,-3.140955686569214,0.0014424925902858377
737,18.817373037338257,0.7595789432525635,0.0,0.0,0.8235945105552673,0.011704675853252411,0.37588024139404297,-3.140674352645874,0.007097688969224691
738,18.836349964141846,0.7595789432525635,0.0,0.0,0.7813637852668762,-0.008762767538428307,0.25236082077026367,-3.132046937942505,-0.000741646159440279
739,18.876158952713013,0.7595789432525635,0.0,0.0,0.7251949906349182,-0.02843615598976612,-0.06333112716674805,-3.124218702316284,1.7219685105374083e-05
740,18.888607263565063,0.7595789432525635,0.0,0.0,0.6773356795310974,-0.043018076568841934,-0.07474754005670547,-3.1212594509124756,0.008101092651486397
741,18.924166917800903,0.7595789432525635,0.0,0.0,0.6502583026885986,-0.05397556349635124,-0.0034479291643947363,-3.118783473968506,0.019495084881782532
742,18.936869382858276,0.7595789432525635,0.0,0.0,0.633047342300415,-0.06380817294120789,0.034576237201690674,-3.1152493953704834,0.02908158488571644
743,18.9664249420166,0.7595789432525635,0.0,0.0,0.62007737159729,-0.07399128377437592,0.05691304802894592,-3.111361503601074,0.0368419848382473
744,18.979158878326416,0.7595789432525635,0.0,0.0,0.6093971729278564,-0.09109410643577576,0.0968259871006012,-3.1085402965545654,0.04480162262916565
745,19.013880014419556,0.7595789432525635,0.0,0.0,0.6124603748321533,-0.10945558547973633,0.013751037418842316,-3.1074795722961426,0.052717335522174835
746,19.034077167510986,0.7595789432525635,0.0,0.0,0.6215471029281616,-0.12412261217832565,-0.02693280205130577,-3.1093881130218506,0.054860860109329224
747,19.068697690963745,0.7595789432525635,0.0,0.0,0.6300363540649414,-0.13279210031032562,-0.0865517109632492,-3.108424663543701,0.05594579502940178
748,19.087044954299927,0.7595789432525635,0.0,0.0,0.6098231077194214,-0.12362764030694962,-0.021832168102264404,-3.1045422554016113,0.061677586287260056
749,19.117560863494873,0.7595789432525635,0.0,0.0,0.5952311754226685,-0.10106842964887619,0.043578535318374634,-3.1004295349121094,0.07866724580526352
750,19.131871938705444,0.7595789432525635,0.0,0.0,0.6013887524604797,-0.07003866881132126,0.030579285696148872,-3.0990805625915527,0.09231828153133392
751,19.167527198791504,0.7595789432525635,0.0,0.0,0.61134272813797,-0.03743642941117287,0.021212825551629066,-3.103468656539917,0.09294789284467697
752,19.180180072784424,0.7595789432525635,0.0,0.0,0.6126356720924377,-0.00793177168816328,0.10447052121162415,-3.1120176315307617,0.08261102437973022
753,19.227120399475098,0.7595789432525635,0.0,0.0,0.6078484058380127,0.01653371937572956,0.20819814503192902,-3.1209046840667725,0.07219500094652176
754,19.2405686378479,0.7595789432525635,0.0,0.0,0.6063641309738159,0.03977058082818985,0.2409864217042923,-3.1275265216827393,0.06601981818675995
755,19.28194236755371,0.7595789432525635,0.0,0.0,0.6109894514083862,0.06589867174625397,0.22562360763549805,-3.131312847137451,0.06114618107676506
756,19.29378318786621,0.7595789432525635,0.0,0.0,0.6140314936637878,0.09331563860177994,0.23298388719558716,-3.1354727745056152,0.057405613362789154
757,19.3272967338562,0.7595789432525635,0.0,0.0,0.6127431392669678,0.11740027368068695,0.2564743459224701,3.1396644115448,0.05808904394507408
758,19.340137720108032,0.7595789432525635,0.0,0.0,0.5934219360351562,0.13122203946113586,0.14934763312339783,3.129101037979126,0.0662168562412262
759,19.380505561828613,0.7595789432525635,0.0,0.0,0.5835278630256653,0.1266801804304123,0.10404790192842484,3.1236398220062256,0.07594859600067139
760,19.393950939178467,0.7595789432525635,0.0,0.0,0.5967329144477844,0.11468826234340668,0.11890378594398499,3.1276068687438965,0.0814884826540947
761,19.42704463005066,0.7595789432525635,0.0,0.0,0.602206826210022,0.09886012971401215,0.08547207713127136,3.1373202800750732,0.0847477912902832
762,19.440428256988525,0.7595789432525635,0.0,0.0,0.600837230682373,0.07870376110076904,0.01148405484855175,-3.1357500553131104,0.08708913624286652
763,19.472578287124634,0.7595789432525635,0.0,0.0,0.5986275672912598,0.058248359709978104,-0.026693379506468773,-3.1280720233917236,0.08634819835424423
764,19.48498821258545,0.7595789432525635,0.0,0.0,0.5982823371887207,0.04229535907506943,-0.07207977771759033,-3.123767137527466,0.0827307179570198
765,19.51991891860962,0.7595789432525635,0.0,0.0,0.606886088848114,0.03118428960442543,-0.1072482243180275,-3.1229662895202637,0.07843194901943207
766,19.537819623947144,0.7595789432525635,0.0,0.0,0.6211891174316406,0.02183712087571621,-0.13680261373519897,-3.1237916946411133,0.07361562550067902
767,19.566881895065308,0.7595789432525635,0.0,0.0,0.6367877721786499,0.008965788409113884,-0.12399956583976746,-3.1253011226654053,0.06911427527666092
768,19.581214666366577,0.7595789432525635,0.0,0.0,0.6579750180244446,-0.005110851023346186,-0.10234348475933075,-3.1281847953796387,0.06588432937860489
769,19.61353635787964,0.7595789432525635,0.0,0.0,0.6859322786331177,-0.018614068627357483,-0.09573420882225037,-3.1329548358917236,0.0631076768040657
770,19.635602712631226,0.7595789432525635,0.0,0.0,0.7097482681274414,-0.0241936594247818,-0.09727177023887634,-3.138615846633911,0.0608350932598114
771,19.666040182113647,0.7595789432525635,0.0,0.0,0.7230745553970337,-0.032005928456783295,-0.07726800441741943,3.139962911605835,0.06158643215894699
772,19.681800603866577,0.7595789432525635,0.0,0.0,0.7540916800498962,-0.04477556422352791,-0.10524763911962509,3.1396734714508057,0.06636247783899307
773,19.719679594039917,0.7595789432525635,0.0,0.0,0.7631533145904541,-0.044489603489637375,-0.25018978118896484,-3.140833616256714,0.06515707820653915
774,19.732693433761597,0.7595789432525635,0.0,0.0,0.7362205982208252,-0.02143818512558937,-0.10192710906267166,-3.1375482082366943,0.06622728705406189
775,19.763452291488647,0.7595789432525635,0.0,0.0,0.7080827951431274,0.013681075535714626,0.16531573235988617,-3.1401093006134033,0.06699319183826447
776,19.776437520980835,0.7595789432525635,0.0,0.0,0.6991027593612671,0.032272301614284515,0.22582869231700897,3.1361865997314453,0.06358417868614197
777,19.81401562690735,0.7595789432525635,0.0,0.0,0.706043004989624,0.04114672914147377,0.22383582592010498,3.1304028034210205,0.06071225553750992
778,19.825379133224487,0.7595789432525635,0.0,0.0,0.7164453864097595,0.04834485426545143,0.20194131135940552,3.1275620460510254,0.05907244607806206
779,19.86662530899048,0.7595789432525635,0.0,0.0,0.7227504253387451,0.05530534312129021,0.2174859642982483,3.1276543140411377,0.057659346610307693
780,19.877894639968872,0.7595789432525635,0.0,0.0,0.7214182615280151,0.06548410654067993,0.24993833899497986,3.129385232925415,0.05698879063129425
781,19.914403438568115,0.7595789432525635,0.0,0.0,0.715101957321167,0.07707208395004272,0.23218746483325958,3.1297035217285156,0.058044664561748505
782,19.925641775131226,0.7595789432525635,0.0,0.0,0.7049844264984131,0.08721236884593964,0.17299848794937134,3.1270737648010254,0.06511551886796951
783,19.969666242599487,0.7595789432525635,0.0,0.0,0.6631069779396057,0.11206408590078354,-0.07504333555698395,3.1234257221221924,0.0817510262131691
784,19.98198914527893,0.7595789432525635,0.0,0.0,0.6941721439361572,0.08350064605474472,0.07945255935192108,3.12827730178833,0.08840285241603851
785,20.0147647857666,0.7595789432525635,0.0,0.0,0.6997728943824768,0.06448546797037125,0.2604915201663971,-3.1406309604644775,0.08841649442911148
786,20.025816917419434,0.7595789432525635,0.0,0.0,0.6866350769996643,0.038198426365852356,0.19760975241661072,-3.1248772144317627,0.08849475532770157
787,20.0604031085968,0.7595789432525635,0.0,0.0,0.6719112396240234,0.011241978965699673,0.001658442197367549,-3.110731601715088,0.08615618199110031
788,20.072782278060913,0.7595789432525635,0.0,0.0,0.6603588461875916,-0.008929777890443802,-0.09626331925392151,-3.10052490234375,0.07836741209030151
789,20.105374813079834,0.7595789432525635,0.0,0.0,0.6498059630393982,-0.031879063695669174,-0.09464392811059952,-3.093909502029419,0.0710536539554596
790,20.117887496948242,0.7595789432525635,0.0,0.0,0.6478025317192078,-0.05482574924826622,-0.11306461691856384,-3.0881669521331787,0.06629642844200134
791,20.152868032455444,0.7595789432525635,0.0,0.0,0.6533132791519165,-0.07576089352369308,-0.10469798743724823,-3.0833940505981445,0.06262756139039993
792,20.168908834457397,0.7595789432525635,0.0,0.0,0.6647886633872986,-0.09589755535125732,-0.0377405546605587,-3.079688787460327,0.05988210067152977
793,20.20462727546692,0.7595789432525635,0.0,0.0,0.6869387030601501,-0.11412002146244049,-0.07882718741893768,-3.078042984008789,0.054658275097608566
794,20.218006134033203,0.7595789432525635,0.0,0.0,0.688749372959137,-0.13016799092292786,-0.11871802806854248,-3.078611373901367,0.049835070967674255
795,20.248830795288086,0.7595789432525635,0.0,0.0,0.6930492520332336,-0.13873602449893951,-0.10550910979509354,-3.076759099960327,0.053907833993434906
796,20.267361879348755,0.7595789432525635,0.0,0.0,0.6953070163726807,-0.12278026342391968,-0.06014607846736908,-3.0733799934387207,0.06134216859936714
797,20.298667669296265,0.7595789432525635,0.0,0.0,0.700223982334137,-0.08973958343267441,0.09751685708761215,-3.0767104625701904,0.0642474964261055
798,20.330139636993408,0.7595789432525635,0.0,0.0,0.7172638177871704,-0.07057563960552216,0.13121074438095093,-3.0837366580963135,0.05565990135073662
799,20.379075050354004,0.7595789432525635,0.0,0.0,0.7440680265426636,-0.05767958238720894,0.1307409405708313,-3.089268207550049,0.04254864528775215
800,20.389990091323853,0.7595789432525635,0.0,0.0,0.7723227739334106,-0.04448932781815529,0.13269226253032684,-3.0933172702789307,0.030930783599615097
801,20.42203187942505,0.7595789432525635,0.0,0.0,0.798133909702301,-0.028772098943591118,0.1441662758588791,-3.096860647201538,0.021592676639556885
802,20.447795152664185,0.7595789432525635,0.0,0.0,0.8196151852607727,-0.018823908641934395,0.15519490838050842,-3.098632574081421,0.013377757743000984
803,20.481256008148193,0.7595789432525635,0.0,0.0,0.8283467888832092,-0.01480954047292471,0.22816221415996552,-3.09957218170166,0.007636199705302715
804,20.49341869354248,0.7595789432525635,0.0,0.0,0.8289466500282288,-0.01977708376944065,0.3055195212364197,-3.1046488285064697,0.00832681730389595
805,20.52673888206482,0.7595789432525635,0.0,0.0,0.8177245259284973,-0.02730884961783886,0.37554875016212463,-3.1167337894439697,0.0214181337505579
806,20.547611713409424,0.7595789432525635,0.0,0.0,0.76729416847229,-0.027255013585090637,0.13482213020324707,-3.133997917175293,0.04050501063466072
807,20.582042694091797,0.7595789432525635,0.0,0.0,0.7206047177314758,-0.037740308791399,0.019869240000844002,-3.1361446380615234,0.04276461526751518
808,20.59308171272278,0.7595789432525635,0.0,0.0,0.6702075600624084,-0.04558228328824043,-0.009950675070285797,-3.130967140197754,0.043436117470264435
809,20.62578272819519,0.7595789432525635,0.0,0.0,0.6289305090904236,-0.04797140136361122,-0.061627745628356934,-3.127174139022827,0.048575036227703094
810,20.63953948020935,0.7595789432525635,0.0,0.0,0.597925066947937,-0.0502023920416832,-0.06884641200304031,-3.127943992614746,0.057716693729162216
811,20.68017268180847,0.7595789432525635,0.0,0.0,0.5809001326560974,-0.051147039979696274,-0.05962733179330826,-3.1314597129821777,0.0682549774646759
812,20.694111824035645,0.7595789432525635,0.0,0.0,0.5708684325218201,-0.05618827044963837,0.052242714911699295,-3.1368467807769775,0.0778539851307869
813,20.729660749435425,0.7595789432525635,0.0,0.0,0.5806363821029663,-0.05046283081173897,0.025811629369854927,-3.1413309574127197,0.08201652020215988
814,20.74463939666748,0.7595789432525635,0.0,0.0,0.5815086960792542,-0.04224767908453941,-0.03851773589849472,3.1398873329162598,0.07797395437955856
815,20.78214406967163,0.7595789432525635,0.0,0.0,0.5683417916297913,-0.03630279377102852,0.018760105594992638,3.1405913829803467,0.07748902589082718
816,20.793210744857788,0.7595789432525635,0.0,0.0,0.5634452104568481,-0.03285036236047745,0.013220024295151234,-3.140183448791504,0.08525972813367844
817,20.837788581848145,0.7595789432525635,0.0,0.0,0.5705512762069702,-0.037544235587120056,-0.05431641638278961,-3.138461112976074,0.09411894530057907
818,20.856240272521973,0.7595789432525635,0.0,0.0,0.5862809419631958,-0.04478468373417854,-0.143369659781456,-3.13828444480896,0.09636799991130829
819,20.890744924545288,0.7595789432525635,0.0,0.0,0.6041436195373535,-0.04486994445323944,-0.17187617719173431,3.141004800796509,0.08928301930427551
820,20.903682947158813,0.7595789432525635,0.0,0.0,0.6187357902526855,-0.04653382673859596,-0.1955658346414566,3.1337809562683105,0.0790136530995369
821,20.93607521057129,0.7595789432525635,0.0,0.0,0.6339231729507446,-0.046182092279195786,-0.24393124878406525,3.1249067783355713,0.0705462172627449
822,20.9520525932312,0.7595789432525635,0.0,0.0,0.6514310836791992,-0.0506959967315197,-0.25329944491386414,3.116482734680176,0.06607948243618011
823,20.983394622802734,0.7595789432525635,0.0,0.0,0.6741523742675781,-0.05482183024287224,-0.23882170021533966,3.111945390701294,0.06600138545036316
824,20.995256423950195,0.7595789432525635,0.0,0.0,0.6927355527877808,-0.05118214339017868,-0.2441326081752777,3.111400604248047,0.0705927163362503
825,21.022850513458252,0.7595789432525635,0.0,0.0,0.7007144093513489,-0.02447868138551712,-0.2312292754650116,3.111295700073242,0.07291102409362793
826,21.033252239227295,0.7595789432525635,0.0,0.0,0.6799779534339905,0.030080722644925117,0.15880653262138367,3.107806921005249,0.07326869666576385
827,21.059798002243042,0.7595789432525635,0.0,0.0,0.6733670830726624,0.07549599558115005,0.46435508131980896,3.0991945266723633,0.0687464028596878
828,21.076316356658936,0.7595789432525635,0.0,0.0,0.6890169382095337,0.10117683559656143,0.5539847016334534,3.0934946537017822,0.06081963703036308
829,21.116329193115234,0.7595789432525635,0.0,0.0,0.7082722783088684,0.11687907576560974,0.5928295850753784,3.0926222801208496,0.05474596843123436
830,21.127960681915283,0.7595789432525635,0.0,0.0,0.7200729250907898,0.12920282781124115,0.65501868724823,3.096013069152832,0.051369559019804
831,21.160740613937378,0.7595789432525635,0.0,0.0,0.7234252691268921,0.1428905725479126,0.6302334666252136,3.103519916534424,0.0496351458132267
832,21.17891526222229,0.7595789432525635,0.0,0.0,0.7204136848449707,0.16355210542678833,0.44722047448158264,3.1125993728637695,0.05126909539103508
833,21.21048355102539,0.7595789432525635,0.0,0.0,0.7021231651306152,0.17844167351722717,0.5061532855033875,3.113264799118042,0.04385266453027725
834,21.22313904762268,0.7595789432525635,0.0,0.0,0.6783650517463684,0.1375168412923813,0.25135359168052673,3.1173765659332275,0.03335569053888321
835,21.2568941116333,0.7595789432525635,0.0,0.0,0.6459876894950867,0.08094118535518646,-0.06494534015655518,3.127060890197754,0.036383289843797684
836,21.26981520652771,0.7595789432525635,0.0,0.0,0.6326141953468323,0.03346600383520126,-0.21289443969726562,3.1391704082489014,0.04322585463523865
837,21.30161952972412,0.5652563571929932,0.0,0.0,0.6396263241767883,0.004571025725454092,-0.18208864331245422,-3.1341500282287598,0.04946930333971977
838,21.3174729347229,0.5652563571929932,0.0,0.0,0.6565542221069336,-0.010110833682119846,-0.15274761617183685,-3.129903793334961,0.050620079040527344
839,21.35213828086853,0.5652563571929932,0.0,0.0,0.6647660136222839,-0.024292340502142906,-0.10610286891460419,-3.1313047409057617,0.047159235924482346
840,21.3637855052948,0.5652563571929932,0.0,0.0,0.6615087985992432,-0.03617819398641586,-0.10429985076189041,-3.1322271823883057,0.04714672639966011
841,21.39626932144165,0.5652563571929932,0.0,0.0,0.6513558030128479,-0.05296781286597252,0.009670753963291645,-3.1269748210906982,0.0574004128575325
842,21.41690492630005,0.5652563571929932,0.0,0.0,0.6496114730834961,-0.05732269585132599,-0.18475694954395294,-3.1144509315490723,0.06778418272733688
843,21.451303482055664,0.5652563571929932,0.0,0.0,0.6231930255889893,-0.02931247651576996,-0.057376328855752945,-3.102470636367798,0.07162224501371384
844,21.46764373779297,0.5652563571929932,0.0,0.0,0.5995314717292786,0.0007915319292806089,0.11054926365613937,-3.100092887878418,0.07287182658910751
845,21.49904155731201,0.5652563571929932,0.0,0.0,0.5875902771949768,0.015548027120530605,0.09206321835517883,-3.103074789047241,0.07201714813709259
846,21.51103949546814,0.5652563571929932,0.0,0.0,0.5754521489143372,0.02355564944446087,0.06648235023021698,-3.1060149669647217,0.07013212889432907
847,21.54798412322998,0.5652563571929932,0.0,0.0,0.5593140125274658,0.033647336065769196,0.08949088305234909,-3.107142925262451,0.06966114789247513
848,21.559534788131714,0.5652563571929932,0.0,0.0,0.5411620140075684,0.04443914070725441,0.1094101220369339,-3.1076760292053223,0.07066242396831512
849,21.602738618850708,0.5652563571929932,0.0,0.0,0.5280978083610535,0.055807534605264664,0.10431525856256485,-3.107412099838257,0.07264959812164307
850,21.618223667144775,0.6957852244377136,0.0,0.0,0.5147351622581482,0.06933225691318512,0.10728882253170013,-3.1074278354644775,0.075052909553051
851,21.65054416656494,0.6957852244377136,0.0,0.0,0.48235538601875305,0.08908859640359879,0.09283435344696045,-3.110673427581787,0.08008816093206406
852,21.677837133407593,0.6957852244377136,0.0,0.0,0.4804847538471222,0.095242939889431,0.01515278872102499,-3.111330986022949,0.08007173985242844
853,21.717498064041138,0.6957852244377136,0.0,0.0,0.47752776741981506,0.10086286067962646,0.020612431690096855,-3.110830307006836,0.08109064400196075
854,21.73828887939453,0.6957852244377136,0.0,0.0,0.47720590233802795,0.1046610102057457,0.05435715988278389,-3.1100363731384277,0.08394277840852737
855,21.773831129074097,0.6957852244377136,0.0,0.0,0.4813079833984375,0.10460992157459259,0.06626084446907043,-3.1085214614868164,0.08744893223047256
856,21.78735613822937,0.6957852244377136,0.0,0.0,0.4883054494857788,0.1051793247461319,0.11763489246368408,-3.105591058731079,0.09003736078739166
857,21.82554578781128,0.6957852244377136,0.0,0.0,0.5021831393241882,0.10931923240423203,0.18053704500198364,-3.100766658782959,0.0905657485127449
858,21.842915058135986,0.6957852244377136,0.0,0.0,0.5164234042167664,0.11151199042797089,0.2063659280538559,-3.0954806804656982,0.08754739910364151
859,21.87740135192871,0.6957852244377136,0.0,0.0,0.5246446132659912,0.10669685900211334,0.22968550026416779,-3.09069561958313,0.08270085602998734
860,21.891863107681274,0.6957852244377136,0.0,0.0,0.5252141952514648,0.08933182805776596,0.21231257915496826,-3.0857174396514893,0.07808202505111694
861,21.923896074295044,0.6957852244377136,0.0,0.0,0.5238728523254395,0.06372549384832382,0.10790890455245972,-3.079050064086914,0.0713905319571495
862,21.93818235397339,0.6957852244377136,0.0,0.0,0.5260792970657349,0.042349833995103836,-0.0010672141797840595,-3.0724573135375977,0.060186658054590225
863,21.969902276992798,0.6957852244377136,0.0,0.0,0.5278537273406982,0.022020254284143448,-0.05561787262558937,-3.068798303604126,0.04913327842950821
864,21.985429048538208,0.6957852244377136,0.0,0.0,0.535905659198761,0.00012635532766580582,-0.06437510997056961,-3.0680441856384277,0.04282059147953987
865,22.015195608139038,0.6957852244377136,0.0,0.0,0.5553529858589172,-0.02080497518181801,-0.08911385387182236,-3.068887948989868,0.04043864831328392
866,22.03427267074585,0.6957852244377136,0.0,0.0,0.5834934711456299,-0.04112369939684868,-0.038383521139621735,-3.072237491607666,0.03904608264565468
867,22.069483995437622,0.6957852244377136,0.0,0.0,0.6177819967269897,-0.062462981790304184,-0.02076733484864235,-3.0777227878570557,0.036955419927835464
868,22.082972288131714,0.6957852244377136,0.0,0.0,0.6551870703697205,-0.08476386964321136,-0.06344179064035416,-3.081638813018799,0.03490046411752701
869,22.11501717567444,0.6957852244377136,0.0,0.0,0.6617833375930786,-0.08933408558368683,-0.1398446261882782,-3.083416223526001,0.0301677118986845
870,22.125245094299316,0.6957852244377136,0.0,0.0,0.6450040936470032,-0.07070739567279816,-0.029304325580596924,-3.0823912620544434,0.03368624299764633
871,22.202574968338013,0.6957852244377136,0.0,0.0,0.6404843926429749,-0.041882019490003586,0.14083759486675262,-3.0857555866241455,0.037475213408470154
872,22.216103315353394,0.6957852244377136,0.0,0.0,0.6530436277389526,-0.027235088869929314,0.13860377669334412,-3.091468572616577,0.031929861754179
873,22.24856686592102,0.6957852244377136,0.0,0.0,0.6677393913269043,-0.01621701382100582,0.06756827235221863,-3.095750093460083,0.020061587914824486
874,22.265410661697388,0.6957852244377136,0.0,0.0,0.6764975786209106,0.0018303660908713937,0.0730152577161789,-3.100032329559326,0.007661816664040089
875,22.298437356948853,0.6957852244377136,0.0,0.0,0.6826730370521545,0.0236212108284235,0.14714714884757996,-3.1058614253997803,-0.00068424001801759
876,22.31349802017212,0.6957852244377136,0.0,0.0,0.6915340423583984,0.04327256605029106,0.17707698047161102,-3.111707925796509,-0.00546268979087472
877,22.346240282058716,0.6957852244377136,0.0,0.0,0.7032972574234009,0.06174800172448158,0.17661809921264648,-3.1155803203582764,-0.00941792968660593
878,22.363282442092896,0.6957852244377136,0.0,0.0,0.7171058654785156,0.07610882818698883,0.17713236808776855,-3.1185154914855957,-0.011063114739954472
879,22.405061960220337,0.6957852244377136,0.0,0.0,0.7301920652389526,0.09114465862512589,0.16178569197654724,-3.1229569911956787,-0.0074795205146074295
880,22.420629739761353,0.6957852244377136,0.0,0.0,0.7414221167564392,0.1033373475074768,0.1279619336128235,-3.130510091781616,0.003040596377104521
881,22.45310950279236,0.6957852244377136,0.0,0.0,0.7270925641059875,0.11083630472421646,0.1932612955570221,-3.1408259868621826,0.012414161115884781
882,22.46766710281372,0.6957852244377136,0.0,0.0,0.70343416929245,0.08924586325883865,0.19629791378974915,-3.1414411067962646,0.014337480068206787
883,22.503283500671387,0.6957852244377136,0.0,0.0,0.6653961539268494,0.06004347652196884,0.04583517462015152,-3.132371664047241,0.01601295731961727
884,22.516631603240967,0.6957852244377136,0.0,0.0,0.6404736638069153,0.04590129107236862,-0.16223564743995667,-3.1218154430389404,0.016950061544775963
885,22.551034927368164,0.6957852244377136,0.0,0.0,0.6195162534713745,0.03597962483763695,-0.14442412555217743,-3.1186790466308594,0.020397037267684937
886,22.570560455322266,0.6957852244377136,0.0,0.0,0.6143620014190674,0.029538238421082497,-0.12361094355583191,-3.1187283992767334,0.025524143129587173
887,22.601170301437378,0.6957852244377136,0.0,0.0,0.6142521500587463,0.024279272183775902,-0.09589637815952301,-3.1206836700439453,0.028406500816345215
888,22.61634397506714,0.6957852244377136,0.0,0.0,0.6133040189743042,0.014456886798143387,-0.05867645889520645,-3.1240346431732178,0.030064182355999947
889,22.663795709609985,0.6957852244377136,0.0,0.0,0.6174280643463135,0.0050391810946166515,-0.06760707497596741,-3.1288414001464844,0.031188398599624634
890,22.67708134651184,0.6957852244377136,0.0,0.0,0.6288036704063416,-0.008682054467499256,-0.03520278260111809,-3.134030342102051,0.03198745474219322
891,22.712722301483154,0.6957852244377136,0.0,0.0,0.6482972502708435,-0.025021588429808617,-0.003320293966680765,-3.137535810470581,0.03235362470149994
892,22.728771924972534,0.6957852244377136,0.0,0.0,0.6706275343894958,-0.03660934790968895,-0.018858302384614944,-3.1387248039245605,0.03231821209192276
893,22.76991844177246,0.9805779457092285,0.0,0.0,0.6888936758041382,-0.04328159615397453,-0.001643380499444902,-3.1386969089508057,0.03372403234243393
894,22.7830810546875,0.9805779457092285,0.0,0.0,0.7160069346427917,-0.0557653084397316,0.08923332393169403,-3.13582706451416,0.03999195620417595
895,22.81568741798401,0.9805779457092285,0.0,0.0,0.7653862237930298,-0.07245256751775742,0.0805416852235794,-3.1284596920013428,0.047993600368499756
896,22.827659368515015,0.9805779457092285,0.0,0.0,0.8173269033432007,-0.08276667445898056,0.054278235882520676,-3.117643356323242,0.05136372521519661
897,22.864403247833252,0.9805779457092285,0.0,0.0,0.8628770709037781,-0.08700960129499435,-0.019985178485512733,-3.1072840690612793,0.050976768136024475
898,22.881402492523193,0.9805779457092285,0.0,0.0,0.8693817257881165,-0.08661001920700073,0.004638690501451492,-3.098850965499878,0.051011666655540466
899,22.913073301315308,0.9805779457092285,0.0,0.0,0.8450994491577148,-0.08021936565637589,0.02166103757917881,-3.0934433937072754,0.05897337198257446
900,22.92840814590454,0.9805779457092285,0.0,0.0,0.8173619508743286,-0.054657429456710815,0.14942093193531036,-3.096728563308716,0.06639564037322998
901,22.959595680236816,0.9805779457092285,0.0,0.0,0.8171665072441101,-0.039205774664878845,0.14041168987751007,-3.1079142093658447,0.060045644640922546
902,22.971328020095825,0.9805779457092285,0.0,0.0,0.8204274773597717,-0.02804436720907688,0.18187293410301208,-3.1201348304748535,0.046340443193912506
903,23.00106382369995,0.9805779457092285,0.0,0.0,0.8305975794792175,-0.020345184952020645,0.27053388953208923,-3.1300089359283447,0.03553192690014839
904,23.01384711265564,0.9805779457092285,0.0,0.0,0.8466649055480957,-0.018046049401164055,0.3138485252857208,-3.1359446048736572,0.03002477064728737
905,23.05000114440918,0.9805779457092285,0.0,0.0,0.8641857504844666,-0.017273783683776855,0.33685365319252014,-3.1376829147338867,0.02746851183474064
906,23.068651914596558,0.9805779457092285,0.0,0.0,0.8868658542633057,-0.01644127629697323,0.32118692994117737,-3.135758399963379,0.026042377576231956
907,23.099572896957397,0.9805779457092285,0.0,0.0,0.9153625965118408,-0.012965651229023933,0.2970069348812103,-3.131120443344116,0.023886900395154953
908,23.110348224639893,0.9805779457092285,0.0,0.0,0.9465258121490479,-0.008363721892237663,0.2747383713722229,-3.1251864433288574,0.021183572709560394
909,23.14719033241272,0.9805779457092285,0.0,0.0,0.9771003723144531,-0.0063318172469735146,0.2504061162471771,-3.1192119121551514,0.02023320272564888
910,23.162935972213745,0.9805779457092285,0.0,0.0,1.000988245010376,-0.006273317150771618,0.21020087599754333,-3.114351749420166,0.023952912539243698
911,23.19427251815796,0.9805779457092285,0.0,0.0,0.9962593913078308,-0.005342803429812193,0.24196137487888336,-3.113884925842285,0.029197633266448975
912,23.213319063186646,0.9805779457092285,0.0,0.0,0.9843767285346985,-0.04097555950284004,0.27280086278915405,-3.104602575302124,0.019400112330913544
913,23.245554447174072,0.9805779457092285,0.0,0.0,0.940155565738678,-0.08406315743923187,0.0787462368607521,-3.0889475345611572,0.016033677384257317
914,23.259512901306152,0.9805779457092285,0.0,0.0,0.9142744541168213,-0.11659302562475204,-0.06267406791448593,-3.076099395751953,0.019502505660057068
915,23.286367893218994,0.9805779457092285,0.0,0.0,0.9043587446212769,-0.14421318471431732,-0.11159367859363556,-3.068943738937378,0.028222084045410156
916,23.302433490753174,0.9805779457092285,0.0,0.0,0.9154483079910278,-0.16126231849193573,-0.22328779101371765,-3.0646650791168213,0.03823127597570419
917,23.33555316925049,0.9805779457092285,0.0,0.0,0.9270272254943848,-0.17378169298171997,-0.2933346629142761,-3.0626673698425293,0.04443593695759773
918,23.348548412322998,0.9805779457092285,0.0,0.0,0.9332000613212585,-0.1913931667804718,-0.1465420126914978,-3.063365936279297,0.05171462520956993
919,23.382020235061646,0.9805779457092285,0.0,0.0,0.9384435415267944,-0.21598173677921295,0.05385076254606247,-3.065246820449829,0.06582063436508179
920,23.39434289932251,0.9805779457092285,0.0,0.0,0.9437103867530823,-0.22673068940639496,0.026242459192872047,-3.0648319721221924,0.08427503705024719
921,23.425277709960938,0.9805779457092285,0.0,0.0,0.9618430733680725,-0.22193874418735504,-0.11696529388427734,-3.0616891384124756,0.09910637885332108
922,23.439881324768066,0.9805779457092285,0.0,0.0,0.9485772848129272,-0.17687734961509705,-0.1016136035323143,-3.0617551803588867,0.10350312292575836
923,23.475383520126343,0.9805779457092285,0.0,0.0,0.9337897896766663,-0.12395373731851578,0.048331085592508316,-3.071958303451538,0.10078099370002747
924,23.489944219589233,0.9805779457092285,0.0,0.0,0.9391310811042786,-0.08317005634307861,0.1614302396774292,-3.086928367614746,0.09266887605190277
925,23.52737522125244,0.9805779457092285,0.0,0.0,0.9608628153800964,-0.05410332232713699,0.18051567673683167,-3.0998952388763428,0.08437691628932953
926,23.539684295654297,0.9805779457092285,0.0,0.0,0.9668484330177307,-0.03360438346862793,0.14067451655864716,-3.1074259281158447,0.0777568370103836
927,23.573967218399048,0.9805779457092285,0.0,0.0,0.9565114378929138,-0.018335966393351555,0.10729000717401505,-3.1111371517181396,0.07314405590295792
928,23.59484553337097,0.9805779457092285,0.0,0.0,0.9463244676589966,-0.008224641904234886,0.097096286714077,-3.1142725944519043,0.07042623311281204
929,23.630855798721313,0.9805779457092285,0.0,0.0,0.9428319334983826,0.00209084153175354,0.0866556465625763,-3.1203248500823975,0.07194150984287262
930,23.649291276931763,0.9805779457092285,0.0,0.0,0.9496042728424072,0.017302049323916435,0.029493393376469612,-3.1299710273742676,0.07752867043018341
931,23.6899311542511,0.9805779457092285,0.0,0.0,0.9686661958694458,0.03999228775501251,-0.03286251425743103,-3.1411895751953125,0.0844300240278244
932,23.702793836593628,0.9805779457092285,0.0,0.0,0.9830068349838257,0.07066432386636734,0.029223162680864334,3.1267900466918945,0.0909188836812973
933,23.73193883895874,0.9805779457092285,0.0,0.0,0.9840623140335083,0.08007998764514923,0.11912258714437485,3.1094470024108887,0.09599373489618301
934,23.7517511844635,0.9805779457092285,0.0,0.0,0.9631227850914001,0.07224934548139572,0.13148880004882812,3.100715160369873,0.0975940003991127
935,23.78564763069153,0.9805779457092285,0.0,0.0,0.9339028000831604,0.05357733368873596,0.06540876626968384,3.1068484783172607,0.09477701038122177
936,23.798277139663696,0.9805779457092285,0.0,0.0,0.9152149558067322,0.045625727623701096,0.01775072142481804,3.120297431945801,0.08746097981929779
937,23.82774066925049,0.9805779457092285,0.0,0.0,0.9024540781974792,0.04429875314235687,-0.026212360709905624,3.132368326187134,0.08048728853464127
938,23.84590721130371,0.9805779457092285,0.0,0.0,0.9023316502571106,0.051246099174022675,-0.021892735734581947,3.1396584510803223,0.07597944140434265
939,23.884587049484253,0.9805779457092285,0.0,0.0,0.9060505628585815,0.05689767748117447,-0.004279598128050566,3.141507387161255,0.07296782732009888
940,23.8980770111084,0.9805779457092285,0.0,0.0,0.9161629676818848,0.06430578976869583,0.00882666651159525,3.1396193504333496,0.06989476084709167
941,23.9297616481781,0.9805779457092285,0.0,0.0,0.929834246635437,0.07013636082410812,0.048175226897001266,3.133756637573242,0.0651433914899826
942,23.943241834640503,0.9805779457092285,0.0,0.0,0.9497728943824768,0.06874701380729675,0.08394632488489151,3.125821113586426,0.05923246219754219
943,23.975733757019043,0.9805779457092285,0.0,0.0,0.9786491990089417,0.06224086880683899,0.07921694964170456,3.119647264480591,0.05252142623066902
944,23.987573623657227,0.9805779457092285,0.0,0.0,1.0105456113815308,0.05824042111635208,0.02036641165614128,3.117811918258667,0.04568544775247574
945,24.029720783233643,0.9805779457092285,0.0,0.0,1.0301820039749146,0.05765142664313316,0.0035363349597901106,3.121422290802002,0.04234689474105835
946,24.051378965377808,0.9805779457092285,0.0,0.0,1.0297291278839111,0.057929955422878265,-0.07091052085161209,3.131319522857666,0.04868634417653084
947,24.083441257476807,0.9805779457092285,0.0,0.0,1.0035772323608398,0.08119242638349533,0.01251340564340353,3.1341774463653564,0.051347993314266205
948,24.098268032073975,0.9805779457092285,0.0,0.0,0.9790558218955994,0.10225404053926468,0.21218624711036682,3.1264421939849854,0.0447300560772419
949,24.136237144470215,0.9805779457092285,0.0,0.0,0.9602137804031372,0.10891104489564896,0.27627718448638916,3.1140503883361816,0.03631271421909332
950,24.157316207885742,0.9805779457092285,0.0,0.0,0.9555085301399231,0.10366398841142654,0.23450930416584015,3.102932929992676,0.03404892235994339
951,24.20400357246399,0.9805779457092285,0.0,0.0,0.967846155166626,0.09278208762407303,0.16388678550720215,3.0964457988739014,0.035672564059495926
952,24.22255778312683,0.9805779457092285,0.0,0.0,0.9844081997871399,0.08322110027074814,0.17076793313026428,3.095283269882202,0.0354471430182457
953,24.256478309631348,0.9805779457092285,0.0,0.0,0.9897997379302979,0.07830803841352463,0.2270505726337433,3.097628116607666,0.03378777205944061
954,24.269081354141235,0.9805779457092285,0.0,0.0,0.9923142194747925,0.07994434982538223,0.2538476288318634,3.102367401123047,0.03274282440543175
955,24.305405855178833,0.9805779457092285,0.0,0.0,0.9958600997924805,0.08125567436218262,0.25109171867370605,3.110119342803955,0.034172240644693375
956,24.322829008102417,0.9805779457092285,0.0,0.0,0.9996185898780823,0.08680063486099243,0.18379339575767517,3.1193161010742188,0.041789114475250244
957,24.356648921966553,0.9805779457092285,0.0,0.0,1.000662922859192,0.09109741449356079,0.07791109383106232,3.122342586517334,0.05873195081949234
958,24.367899894714355,0.9805779457092285,0.0,0.0,0.9766602516174316,0.0917600691318512,0.1744357794523239,3.116905450820923,0.0801672413945198
959,24.39647936820984,0.9805779457092285,0.0,0.0,0.9554562568664551,0.06316962093114853,0.17034311592578888,3.1223740577697754,0.0875343531370163
960,24.40674090385437,0.9805779457092285,0.0,0.0,0.9067645072937012,0.027507245540618896,-0.009280897676944733,3.1399357318878174,0.08535988628864288
961,24.441267251968384,0.9805779457092285,0.0,0.0,0.8639071583747864,0.006684311665594578,-0.10238311439752579,-3.1252572536468506,0.0831311047077179
962,24.46103048324585,0.9805779457092285,0.0,0.0,0.8394878506660461,-0.006483093835413456,-0.09329227358102798,-3.114962577819824,0.084200918674469
963,24.496350526809692,0.9805779457092285,0.0,0.0,0.8260909914970398,-0.019120000302791595,-0.06239130347967148,-3.108987331390381,0.08601423352956772
964,24.508008003234863,0.9805779457092285,0.0,0.0,0.8171823620796204,-0.0336054190993309,-0.025999482721090317,-3.1041736602783203,0.08618402481079102
965,24.548946142196655,0.9805779457092285,0.0,0.0,0.8144289255142212,-0.0427909791469574,-0.011023132130503654,-3.100935220718384,0.0836995393037796
966,24.568896055221558,0.9805779457092285,0.0,0.0,0.8127837181091309,-0.05229411646723747,0.0003300430253148079,-3.101320743560791,0.07958958297967911
967,24.612523078918457,0.9805779457092285,0.0,0.0,0.817491888999939,-0.06870876252651215,0.030140504240989685,-3.1041643619537354,0.07600699365139008
968,24.63295006752014,0.9805779457092285,0.0,0.0,0.8299345970153809,-0.08926907926797867,0.018278397619724274,-3.106593132019043,0.07232706248760223
969,24.665149211883545,0.9805779457092285,0.0,0.0,0.8480865359306335,-0.1138908714056015,-0.01977008953690529,-3.1070187091827393,0.06848818063735962
970,24.6793954372406,0.9805779457092285,0.0,0.0,0.8642166256904602,-0.12907001376152039,0.01136423833668232,-3.1046717166900635,0.06733318418264389
971,24.71242618560791,0.9805779457092285,0.0,0.0,0.8765748143196106,-0.1480172574520111,0.16025102138519287,-3.0993902683258057,0.07475186139345169
972,24.72396159172058,0.9805779457092285,0.0,0.0,0.8737298846244812,-0.15877732634544373,-0.05840696766972542,-3.090221881866455,0.08351823687553406
973,24.76508402824402,0.9805779457092285,0.0,0.0,0.8573697805404663,-0.14633554220199585,-0.14883944392204285,-3.0809338092803955,0.09345937520265579
974,24.77851629257202,0.9805779457092285,0.0,0.0,0.8333779573440552,-0.11237341165542603,0.009847248904407024,-3.0817315578460693,0.09570585936307907
975,24.819257020950317,0.9805779457092285,0.0,0.0,0.8224102854728699,-0.0910797268152237,0.09849238395690918,-3.089979410171509,0.08740738779306412
976,24.843021631240845,0.9805779457092285,0.0,0.0,0.8208397626876831,-0.08406470715999603,0.04743768274784088,-3.097245216369629,0.07651524990797043
977,24.893754243850708,0.9805779457092285,0.0,0.0,0.8220192790031433,-0.06925801932811737,0.009498145431280136,-3.102524757385254,0.0658390000462532
978,24.90742778778076,0.9805779457092285,0.0,0.0,0.8250008225440979,-0.04998764023184776,0.04418409988284111,-3.1106698513031006,0.05699002742767334
979,24.949549674987793,0.9805779457092285,0.0,0.0,0.8331402540206909,-0.036122921854257584,0.05193714052438736,-3.1192123889923096,0.05061980336904526
980,24.963207721710205,0.9805779457092285,0.0,0.0,0.8399851322174072,-0.02378801815211773,0.0429670587182045,-3.1247730255126953,0.04608403518795967
981,25.001036167144775,0.9805779457092285,0.0,0.0,0.8519474267959595,-0.014017317444086075,0.07481405884027481,-3.1277942657470703,0.044487543404102325
982,25.01198410987854,0.9805779457092285,0.0,0.0,0.874131977558136,0.0012558732414618134,0.02824152074754238,-3.1293249130249023,0.044846054166555405
983,25.05104684829712,0.9805779457092285,0.0,0.0,0.9052757024765015,0.018716851249337196,-0.009769060648977757,-3.1305325031280518,0.04469017684459686
984,25.06341552734375,0.9805779457092285,0.0,0.0,0.9383544921875,0.032561853528022766,-0.007766576483845711,-3.13272762298584,0.04615603759884834
985,25.099245309829712,0.9805779457092285,0.0,0.0,0.9700154662132263,0.04552270844578743,-0.009421740658581257,-3.135171413421631,0.049132149666547775
986,25.114609479904175,0.9805779457092285,0.0,0.0,0.9775518774986267,0.05686679854989052,-0.04107103869318962,-3.1411426067352295,0.050888579338788986
987,25.146293878555298,0.9805779457092285,0.0,0.0,0.968187689781189,0.058480873703956604,0.06180618703365326,3.135352373123169,0.04642254859209061
988,25.164770364761353,0.9805779457092285,0.0,0.0,0.923858106136322,0.03734028339385986,0.001781834871508181,3.1352226734161377,0.0444425605237484
989,25.19841766357422,0.8594347834587097,0.0,0.0,0.8933395147323608,0.020282380282878876,0.0009807362221181393,-3.139810800552368,0.04214866831898689
990,25.208801746368408,0.8594347834587097,0.0,0.0,0.8820279836654663,0.009421084076166153,0.006276087835431099,-3.1278183460235596,0.038876112550497055
991,25.24995517730713,0.8594347834587097,0.0,0.0,0.8777331709861755,0.0026534951757639647,-0.013052289374172688,-3.116346836090088,0.03381253406405449
992,25.263895273208618,0.8594347834587097,0.0,0.0,0.8785231709480286,0.0018929557409137487,-0.07105276733636856,-3.1088078022003174,0.02823799103498459
993,25.297196865081787,0.8594347834587097,0.0,0.0,0.8759199380874634,-0.003088514320552349,-0.10200198739767075,-3.106997489929199,0.024023234844207764
994,25.308082818984985,0.8594347834587097,0.0,0.0,0.8840643763542175,-0.011684072203934193,-0.07731659710407257,-3.1089529991149902,0.02228856086730957
995,25.352773666381836,0.8594347834587097,0.0,0.0,0.9031195640563965,-0.022455254569649696,-0.03637070953845978,-3.1125173568725586,0.020914316177368164
996,25.366032123565674,0.8594347834587097,0.0,0.0,0.927045464515686,-0.03598509356379509,-0.023343121632933617,-3.1160078048706055,0.020220985636115074
997,25.402103900909424,0.8594347834587097,0.0,0.0,0.9483945369720459,-0.04732530191540718,-0.0018679179484024644,-3.1164746284484863,0.022276731207966805
998,25.420300245285034,0.8594347834587097,0.0,0.0,0.9636303782463074,-0.05884939432144165,-0.08439795672893524,-3.1107630729675293,0.031158950179815292
999,25.461780786514282,0.8594347834587097,0.0,0.0,0.9463068842887878,-0.056503914296627045,-0.20896005630493164,-3.1044514179229736,0.038865815848112106
1000,25.475571870803833,0.8594347834587097,0.0,0.0,0.9119501709938049,-0.029588039964437485,0.0009613786824047565,-3.104283094406128,0.041366443037986755
1001,25.518367052078247,0.8594347834587097,0.0,0.0,0.8832255005836487,-0.014151480980217457,0.12128846347332001,-3.1111879348754883,0.038197293877601624
1002,25.52942991256714,0.8594347834587097,0.0,0.0,0.8635843992233276,-0.012731977738440037,0.10139705240726471,-3.119540214538574,0.036924175918102264
1003,25.55922842025757,0.8594347834587097,0.0,0.0,0.849820077419281,-0.016086971387267113,0.06660161167383194,-3.1263318061828613,0.039625853300094604
1004,25.581976175308228,0.8594347834587097,0.0,0.0,0.8396984934806824,-0.019687967374920845,0.06247672438621521,-3.1302642822265625,0.043775539845228195
1005,25.613104581832886,0.8594347834587097,0.0,0.0,0.8282514810562134,-0.019649187102913857,0.05811957269906998,-3.13134503364563,0.046782348304986954
1006,25.624865531921387,0.8594347834587097,0.0,0.0,0.8179419636726379,-0.019019300118088722,0.0661136656999588,-3.1304547786712646,0.04896663501858711
1007,25.65598702430725,0.8594347834587097,0.0,0.0,0.8094437122344971,-0.016746753826737404,0.048895563930273056,-3.1282429695129395,0.053336914628744125
1008,25.668709993362427,0.8594347834587097,0.0,0.0,0.8095074892044067,-0.010860014706850052,0.013535850681364536,-3.124366044998169,0.059876300394535065
1009,25.70590114593506,0.8594347834587097,0.0,0.0,0.8178935647010803,-0.004544704686850309,-0.012347395531833172,-3.119269371032715,0.06806481629610062
1010,25.71760845184326,0.8594347834587097,0.0,0.0,0.8317072987556458,0.0016396190039813519,-0.033525705337524414,-3.1146905422210693,0.07821566611528397
1011,25.746960163116455,0.8594347834587097,0.0,0.0,0.8455235958099365,0.008444160223007202,0.01015438698232174,-3.114058494567871,0.0882163718342781
1012,25.766021728515625,0.8594347834587097,0.0,0.0,0.845741868019104,0.008940125815570354,0.25016626715660095,-3.1178743839263916,0.09402670711278915
1013,25.79953956604004,0.8594347834587097,0.0,0.0,0.8316739797592163,-0.010967828333377838,0.28987622261047363,-3.122462749481201,0.09684915840625763
1014,25.811203002929688,0.8594347834587097,0.0,0.0,0.7925472855567932,-0.03971002623438835,0.11195575445890427,-3.121303081512451,0.09914110600948334
1015,25.846842765808105,0.8594347834587097,0.0,0.0,0.749324381351471,-0.06629059463739395,-0.07618147134780884,-3.11330246925354,0.10025998950004578
1016,25.870158195495605,0.8594347834587097,0.0,0.0,0.7146938443183899,-0.08621706813573837,-0.17927370965480804,-3.1033360958099365,0.0997820571064949
1017,25.914947748184204,0.8594347834587097,0.0,0.0,0.6850982308387756,-0.10348538309335709,-0.14083939790725708,-3.0953853130340576,0.10036907345056534
1018,25.931884765625,0.8594347834587097,0.0,0.0,0.679573655128479,-0.12341618537902832,-0.029441261664032936,-3.0887937545776367,0.10183475911617279
1019,25.9816632270813,0.8594347834587097,0.0,0.0,0.6803585290908813,-0.12880750000476837,-0.11110102385282516,-3.0830721855163574,0.09388133883476257
1020,25.998356580734253,0.8594347834587097,0.0,0.0,0.6785154342651367,-0.11388065665960312,-0.0751047357916832,-3.0790834426879883,0.09160146862268448
1021,26.034045219421387,0.8594347834587097,0.0,0.0,0.6993251442909241,-0.08145391941070557,-0.0003271070308983326,-3.080867052078247,0.0972525030374527
1022,26.04626965522766,0.8594347834587097,0.0,0.0,0.74537593126297,-0.04865473508834839,0.08372768014669418,-3.087836742401123,0.09670369327068329
1023,26.077467441558838,0.8594347834587097,0.0,0.0,0.7934716939926147,-0.029855113476514816,0.10965557396411896,-3.0926384925842285,0.08152950555086136
1024,26.09088158607483,0.8594347834587097,0.0,0.0,0.82452392578125,-0.016481075435876846,0.14107434451580048,-3.0918939113616943,0.06150464341044426
1025,26.124730348587036,0.8594347834587097,0.0,0.0,0.839032769203186,-0.009457267820835114,0.22809264063835144,-3.087191581726074,0.04729776456952095
1026,26.142191886901855,0.8594347834587097,0.0,0.0,0.8526782989501953,-0.006081961095333099,0.3340301811695099,-3.0821433067321777,0.04155962914228439
1027,26.178930282592773,0.8594347834587097,0.0,0.0,0.8690255284309387,-0.005268498323857784,0.4096252918243408,-3.083178758621216,0.04282987490296364
1028,26.195313692092896,0.8594347834587097,0.0,0.0,0.8805371522903442,-0.011172647587954998,0.41285717487335205,-3.0927085876464844,0.05086430162191391
1029,26.23781704902649,0.8594347834587097,0.0,0.0,0.8561859130859375,-0.005967810284346342,0.14916542172431946,-3.1054766178131104,0.05187759920954704
1030,26.249483823776245,0.8594347834587097,0.0,0.0,0.8180078864097595,-0.010153962299227715,0.07922375202178955,-3.106562852859497,0.04256917163729668
1031,26.283063888549805,0.8594347834587097,0.0,0.0,0.7881857752799988,-0.003614335088059306,0.003220140468329191,-3.1048481464385986,0.037981148809194565
1032,26.298889875411987,0.8594347834587097,0.0,0.0,0.7664350867271423,0.0072697908617556095,-0.05948333069682121,-3.107208013534546,0.03929334506392479
1033,26.332337617874146,0.8594347834587097,0.0,0.0,0.7544776201248169,0.014418237842619419,-0.02638813480734825,-3.1132822036743164,0.04465626925230026
1034,26.34624743461609,0.8594347834587097,0.0,0.0,0.7545729875564575,0.01772950403392315,0.00014800392091274261,-3.120396375656128,0.049931641668081284
1035,26.383302927017212,0.8594347834587097,0.0,0.0,0.7636678814888,0.018630769103765488,0.052745286375284195,-3.1280360221862793,0.0521654337644577
1036,26.396929502487183,0.8594347834587097,0.0,0.0,0.7797930836677551,0.01569085754454136,0.11617329716682434,-3.1354918479919434,0.05161478370428085
1037,26.43081498146057,0.8594347834587097,0.0,0.0,0.801839292049408,0.015072948299348354,0.1617717295885086,-3.141538619995117,0.04962892457842827
1038,26.44302725791931,0.8594347834587097,0.0,0.0,0.8285162448883057,0.009250440634787083,0.16097286343574524,3.13792085647583,0.04791279882192612
1039,26.481088876724243,0.8594347834587097,0.0,0.0,0.8571163415908813,0.003661154769361019,0.13047954440116882,3.1378393173217773,0.0473257414996624
1040,26.493379831314087,0.8594347834587097,0.0,0.0,0.8776279091835022,0.0007265729364007711,0.12749339640140533,3.141392469406128,0.05006693676114082
1041,26.526174306869507,0.8594347834587097,0.0,0.0,0.8832802772521973,0.0017252437537536025,0.08794024586677551,-3.1324574947357178,0.059625547379255295
1042,26.538966178894043,0.8594347834587097,0.0,0.0,0.8618566393852234,0.01649029552936554,-0.09853038936853409,-3.12241268157959,0.06979172676801682
1043,26.57284450531006,0.8594347834587097,0.0,0.0,0.8189163208007812,0.05062142387032509,0.09829751402139664,-3.123976230621338,0.07266433537006378
1044,26.58564519882202,0.8594347834587097,0.0,0.0,0.7891742587089539,0.07368657737970352,0.19968463480472565,-3.135594367980957,0.06845419853925705
1045,26.627320289611816,0.8594347834587097,0.0,0.0,0.7656422853469849,0.08640097081661224,0.23241077363491058,3.1345531940460205,0.06497109681367874
1046,26.63839030265808,0.8594347834587097,0.0,0.0,0.7497546076774597,0.0955161303281784,0.308258980512619,3.1239523887634277,0.06519977748394012
1047,26.70479416847229,0.8594347834587097,0.0,0.0,0.7374395728111267,0.09719078242778778,0.34397533535957336,3.118300199508667,0.06704199314117432
1048,26.71664547920227,0.8594347834587097,0.0,0.0,0.7272910475730896,0.10041949898004532,0.37729308009147644,3.11788272857666,0.06837482750415802
1049,26.747960329055786,0.8594347834587097,0.0,0.0,0.7140124440193176,0.10619030892848969,0.3359209895133972,3.1197617053985596,0.0692266896367073
1050,26.76008701324463,0.8594347834587097,0.0,0.0,0.6986216902732849,0.11632893234491348,0.23937766253948212,3.1216557025909424,0.07190477848052979
1051,26.793809175491333,0.8594347834587097,0.0,0.0,0.6823583841323853,0.13180680572986603,0.259231835603714,3.121004581451416,0.07578650116920471
1052,26.818026065826416,0.8594347834587097,0.0,0.0,0.6636301279067993,0.13472311198711395,0.23979923129081726,3.12399959564209,0.07869518548250198
1053,26.850998401641846,0.8594347834587097,0.0,0.0,0.6552231907844543,0.1303403228521347,0.16294248402118683,3.1329708099365234,0.08445315062999725
1054,26.866315841674805,0.8594347834587097,0.0,0.0,0.6595281958580017,0.126870796084404,0.13225144147872925,-3.13918137550354,0.09106551110744476
1055,26.89797282218933,0.8594347834587097,0.0,0.0,0.6705338954925537,0.12712353467941284,0.14633893966674805,-3.1300556659698486,0.0965418592095375
1056,26.913294315338135,0.8594347834587097,0.0,0.0,0.6804623007774353,0.12081825733184814,0.17139598727226257,-3.122831344604492,0.10016588866710663
1057,26.9468777179718,0.8594347834587097,0.0,0.0,0.6887932419776917,0.10570000857114792,0.18280473351478577,-3.1148154735565186,0.10212665051221848
1058,26.96407198905945,0.8594347834587097,0.0,0.0,0.6880595684051514,0.07604765146970749,0.11726278066635132,-3.104048490524292,0.10153209418058395
1059,27.000075101852417,0.8594347834587097,0.0,0.0,0.6857470870018005,0.04559379070997238,0.017427120357751846,-3.091245174407959,0.09749796241521835
1060,27.014451026916504,0.8594347834587097,0.0,0.0,0.6900781989097595,0.021877864375710487,0.008123301900923252,-3.081002950668335,0.08992832899093628
1061,27.04956889152527,0.8594347834587097,0.0,0.0,0.6893576979637146,0.0028952895663678646,-0.035566359758377075,-3.074514389038086,0.08266016095876694
1062,27.06295394897461,0.8594347834587097,0.0,0.0,0.6655190587043762,0.0018559007439762354,-0.18598830699920654,-3.0700061321258545,0.08114783465862274
1063,27.09641981124878,0.8594347834587097,0.0,0.0,0.6640189290046692,-0.011171459220349789,-0.29928597807884216,-3.064476490020752,0.0868038609623909
1064,27.121216773986816,0.8594347834587097,0.0,0.0,0.6839215159416199,0.027429191395640373,-0.24814145267009735,-3.061135768890381,0.08191787451505661
1065,27.151787519454956,0.8594347834587097,0.0,0.0,0.691098153591156,0.10188031941652298,0.1527186930179596,-3.067882537841797,0.07709871977567673
1066,27.167229652404785,0.8594347834587097,0.0,0.0,0.7210797071456909,0.170307457447052,0.6195558309555054,-3.082620143890381,0.07404410094022751
1067,27.198914527893066,0.8594347834587097,0.0,0.0,0.7839042544364929,0.2113703042268753,0.9050689339637756,-3.0969157218933105,0.07128263264894485
1068,27.210952520370483,0.8594347834587097,0.0,0.0,0.8360843062400818,0.22471506893634796,1.0406334400177002,-3.1062233448028564,0.07002025842666626
1069,27.248289585113525,0.8594347834587097,0.0,0.0,0.8487533330917358,0.21026775240898132,1.1237341165542603,-3.108819007873535,0.07193579524755478
1070,27.263320684432983,0.8594347834587097,0.0,0.0,0.834898054599762,0.18808700144290924,0.9544707536697388,-3.105337142944336,0.07910322397947311
1071,27.300735473632812,0.8594347834587097,0.0,0.0,0.8244724273681641,0.17709019780158997,0.5397399663925171,-3.0992746353149414,0.09475469589233398
1072,27.31290555000305,0.8594347834587097,0.0,0.0,0.8197209239006042,0.1683637797832489,0.2221434861421585,-3.095524311065674,0.09959910064935684
1073,27.342679500579834,0.8594347834587097,0.0,0.0,0.7964407205581665,0.12435422092676163,0.047257065773010254,-3.085986852645874,0.09127924591302872
1074,27.35910677909851,0.8594347834587097,0.0,0.0,0.755863606929779,0.07249056547880173,-0.14895832538604736,-3.075629472732544,0.08492101728916168
1075,27.392187118530273,0.8594347834587097,0.0,0.0,0.7269046902656555,0.02754923328757286,-0.20080897212028503,-3.0679032802581787,0.08183545619249344
1076,27.404268741607666,0.8594347834587097,0.0,0.0,0.7085691094398499,-0.011409533210098743,-0.2014215886592865,-3.062319278717041,0.08088783174753189
1077,27.43452501296997,0.8594347834587097,0.0,0.0,0.6974295377731323,-0.04645548015832901,-0.24409270286560059,-3.057140350341797,0.08030717074871063
1078,27.44642925262451,0.8594347834587097,0.0,0.0,0.6935908198356628,-0.07156671583652496,-0.23223324120044708,-3.0528757572174072,0.07976607978343964
1079,27.48237895965576,0.8594347834587097,0.0,0.0,0.6858869791030884,-0.09643447399139404,-0.13198158144950867,-3.050276517868042,0.08239024132490158
1080,27.492778539657593,0.8594347834587097,0.0,0.0,0.70469731092453,-0.11026137322187424,-0.0741882473230362,-3.051656484603882,0.08379866927862167
1081,27.53326177597046,0.8594347834587097,0.0,0.0,0.6940494179725647,-0.10936939716339111,-0.04535073786973953,-3.05623197555542,0.0828995630145073
1082,27.547801971435547,0.8594347834587097,0.0,0.0,0.6909876465797424,-0.09321042895317078,0.034918058663606644,-3.0591988563537598,0.0885324776172638
1083,27.592778205871582,0.8594347834587097,0.0,0.0,0.707464337348938,-0.07169359922409058,0.15083694458007812,-3.062950849533081,0.08913597464561462
1084,27.610315799713135,0.8594347834587097,0.0,0.0,0.7293165922164917,-0.056327372789382935,0.17389605939388275,-3.0670857429504395,0.07852408289909363
1085,27.650639295578003,0.8594347834587097,0.0,0.0,0.7475007176399231,-0.04538843780755997,0.17388916015625,-3.0706827640533447,0.06337222456932068
1086,27.66414761543274,0.8594347834587097,0.0,0.0,0.7646559476852417,-0.032319262623786926,0.17841148376464844,-3.0729169845581055,0.05072122439742088
1087,27.698371171951294,0.8594347834587097,0.0,0.0,0.7823843955993652,-0.021702738478779793,0.1940607726573944,-3.074699640274048,0.041438039392232895
1088,27.71618151664734,0.8594347834587097,0.0,0.0,0.7992833256721497,-0.014176451601088047,0.22482508420944214,-3.0758330821990967,0.03440403193235397
1089,27.75105047225952,0.8594347834587097,0.0,0.0,0.8157414197921753,-0.011879071593284607,0.25335124135017395,-3.076953172683716,0.029219381511211395
1090,27.761068105697632,0.8594347834587097,0.0,0.0,0.8280543684959412,-0.015807708725333214,0.28844282031059265,-3.0815539360046387,0.02781195007264614
1091,27.79367423057556,0.8594347834587097,0.0,0.0,0.8365756273269653,-0.020445412024855614,0.29842811822891235,-3.0918896198272705,0.034383006393909454
1092,27.81247878074646,0.8594347834587097,0.0,0.0,0.803748369216919,-0.01631518267095089,0.1318408101797104,-3.1068878173828125,0.050921984016895294
1093,27.85231328010559,0.8594347834587097,0.0,0.0,0.8066370487213135,-0.031231502071022987,0.2463567554950714,-3.114776372909546,0.052725475281476974
1094,27.869046211242676,0.8594347834587097,0.0,0.0,0.765253484249115,-0.049101535230875015,0.11291351169347763,-3.1097500324249268,0.048284124583005905
1095,27.90603733062744,0.8594347834587097,0.0,0.0,0.7317609786987305,-0.056737203150987625,-0.03620554879307747,-3.104008436203003,0.04537583515048027
1096,27.918152809143066,0.8594347834587097,0.0,0.0,0.7048345804214478,-0.06132335588335991,-0.08850659430027008,-3.1040782928466797,0.046646635979413986
1097,27.952789306640625,0.8594347834587097,0.0,0.0,0.6897722482681274,-0.06666633486747742,-0.07537978887557983,-3.1075971126556396,0.05108869820833206
1098,27.96547222137451,0.8594347834587097,0.0,0.0,0.6818592548370361,-0.07450220733880997,-0.06628119945526123,-3.1109890937805176,0.05587069317698479
1099,28.002442121505737,0.8594347834587097,0.0,0.0,0.6795998811721802,-0.08483172208070755,0.005938429851084948,-3.1127562522888184,0.06052543222904205
1100,28.015289545059204,0.8594347834587097,0.0,0.0,0.6855201721191406,-0.0962693989276886,0.09680487215518951,-3.113943576812744,0.06477540731430054
1101,28.055505514144897,0.8594347834587097,0.0,0.0,0.7199739217758179,-0.09919815510511398,-0.05820636451244354,-3.116835117340088,0.06117085739970207
1102,28.068055152893066,0.8594347834587097,0.0,0.0,0.7264940142631531,-0.10468361526727676,-0.19669367372989655,-3.1218373775482178,0.050083816051483154
1103,28.099441528320312,0.8594347834587097,0.0,0.0,0.7242178916931152,-0.11092249304056168,-0.365133672952652,-3.1248161792755127,0.04849135875701904
1104,28.11112666130066,0.8594347834587097,0.0,0.0,0.7232030034065247,-0.0878542885184288,-0.4620651602745056,-3.127596616744995,0.05504176765680313
1105,28.14888024330139,0.8594347834587097,0.0,0.0,0.7250199913978577,-0.039094045758247375,-0.259786993265152,-3.1365907192230225,0.06259386986494064
1106,28.16600751876831,0.8594347834587097,0.0,0.0,0.7341547012329102,0.008392284624278545,-0.002573634497821331,3.1331868171691895,0.06443218886852264
1107,28.197192192077637,0.8594347834587097,0.0,0.0,0.7630725502967834,0.03513692691922188,0.04602433741092682,3.1234962940216064,0.06081777065992355
1108,28.20895266532898,0.8594347834587097,0.0,0.0,0.7947245240211487,0.054640837013721466,0.014900787733495235,3.1223514080047607,0.054699379950761795
1109,28.253549098968506,0.8594347834587097,0.0,0.0,0.8213586807250977,0.07843857258558273,-0.010640891268849373,3.127995729446411,0.04913121834397316
1110,28.26658272743225,0.8594347834587097,0.0,0.0,0.8422645926475525,0.1097973883152008,0.04712565615773201,3.134211778640747,0.045062873512506485
1111,28.306387662887573,0.8594347834587097,0.0,0.0,0.8544968962669373,0.13784605264663696,0.12202419340610504,3.13655686378479,0.04427419230341911
1112,28.31891369819641,0.8594347834587097,0.0,0.0,0.8579383492469788,0.15945634245872498,0.14048269391059875,3.133561849594116,0.05019325017929077
1113,28.358694791793823,0.8594347834587097,0.0,0.0,0.8446615934371948,0.17458757758140564,0.10844649374485016,3.126335382461548,0.052126187831163406
1114,28.371098518371582,0.8594347834587097,0.0,0.0,0.821994960308075,0.1529351770877838,0.12285853177309036,3.131495714187622,0.045584212988615036
1115,28.40098810195923,0.8594347834587097,0.0,0.0,0.7950731515884399,0.12679073214530945,-0.004272748250514269,-3.1391475200653076,0.04172087460756302
1116,28.41457438468933,0.8594347834587097,0.0,0.0,0.7756300568580627,0.10998985916376114,-0.06481290608644485,-3.128404140472412,0.039600782096385956
1117,28.463106393814087,0.8594347834587097,0.0,0.0,0.7701901197433472,0.10304803401231766,-0.06933848559856415,-3.123819351196289,0.04049399867653847
1118,28.474138736724854,0.8594347834587097,0.0,0.0,0.7778642177581787,0.10305232554674149,-0.07583069801330566,-3.124662399291992,0.04260685294866562
1119,28.50554585456848,0.8594347834587097,0.0,0.0,0.7909300327301025,0.1010821983218193,-0.028467167168855667,-3.1292431354522705,0.04278681054711342
1120,28.5186448097229,0.8594347834587097,0.0,0.0,0.8059273362159729,0.09791111201047897,0.02270958572626114,-3.136768341064453,0.04104280099272728
1121,28.550332069396973,0.8594347834587097,0.0,0.0,0.8228341937065125,0.09223440289497375,0.06405381858348846,3.1370832920074463,0.038103435188531876
1122,28.563201427459717,0.8594347834587097,0.0,0.0,0.8446822762489319,0.07870905101299286,0.06256699562072754,3.1290881633758545,0.03587613254785538
1123,28.603051900863647,0.8594347834587097,0.0,0.0,0.8760665059089661,0.06621316075325012,0.02422737516462803,3.126774787902832,0.03397918865084648
1124,28.61663842201233,0.8594347834587097,0.0,0.0,0.908985435962677,0.06138306483626366,-0.01948246732354164,3.1310105323791504,0.03182458505034447
1125,28.64798641204834,0.8594347834587097,0.0,0.0,0.9263186454772949,0.05813091620802879,-0.04397165775299072,-3.1404290199279785,0.0327330119907856
1126,28.662063360214233,0.8594347834587097,0.0,0.0,0.9136914610862732,0.06102849915623665,0.009576751850545406,-3.124124765396118,0.04124704375863075
1127,28.69687247276306,0.8594347834587097,0.0,0.0,0.8804944157600403,0.07732529938220978,0.26413583755493164,-3.120349407196045,0.042370837181806564
1128,28.70742630958557,0.8594347834587097,0.0,0.0,0.8651387095451355,0.07558628916740417,0.31475552916526794,-3.1266286373138428,0.035901881754398346
1129,28.748327016830444,0.8594347834587097,0.0,0.0,0.8650785088539124,0.06028183549642563,0.24105386435985565,-3.1348700523376465,0.02939024567604065
1130,28.759931087493896,0.8594347834587097,0.0,0.0,0.8664109706878662,0.04214044660329819,0.20126843452453613,-3.1410889625549316,0.027828292921185493
1131,28.794039249420166,0.8594347834587097,0.0,0.0,0.8827220797538757,0.020191164687275887,0.164288729429245,3.1401286125183105,0.03210648521780968
1132,28.816793203353882,0.8594347834587097,0.0,0.0,0.8967583775520325,0.0014527461025863886,0.16286912560462952,-3.139289379119873,0.035833343863487244
1133,28.851758241653442,0.8594347834587097,0.0,0.0,0.9000611901283264,-0.007976345717906952,0.1642371416091919,-3.1324093341827393,0.03714076429605484
1134,28.870686531066895,0.8594347834587097,0.0,0.0,0.9038620591163635,-0.013847079128026962,0.14346295595169067,-3.1270406246185303,0.038861874490976334
1135,28.904903650283813,0.8594347834587097,0.0,0.0,0.9131015539169312,-0.016629647463560104,0.11322730779647827,-3.1249895095825195,0.04344840347766876
1136,28.920236349105835,0.8594347834587097,0.0,0.0,0.9200672507286072,-0.018545886501669884,0.10763256251811981,-3.125410556793213,0.05192792788147926
1137,28.96407437324524,0.8594347834587097,0.0,0.0,0.8933765888214111,-0.014881300739943981,0.24222120642662048,-3.131772041320801,0.06928931921720505
1138,28.97943663597107,0.8594347834587097,0.0,0.0,0.8648668527603149,-0.044879548251628876,0.17415648698806763,-3.134326457977295,0.08432713896036148
1139,29.008968591690063,0.8594347834587097,0.0,0.0,0.8220527768135071,-0.0734705701470375,0.04782359302043915,-3.122591495513916,0.09008880704641342
1140,29.020291328430176,0.8594347834587097,0.0,0.0,0.7871109843254089,-0.08996010571718216,-0.0344967395067215,-3.1060097217559814,0.09178607910871506
1141,29.050812482833862,0.8594347834587097,0.0,0.0,0.7605641484260559,-0.1006893590092659,-0.05575196444988251,-3.0953147411346436,0.0939018726348877
1142,29.0645694732666,0.8594347834587097,0.0,0.0,0.7448094487190247,-0.11148622632026672,-0.04854344576597214,-3.0894601345062256,0.0969233289361
1143,29.10548973083496,0.8594347834587097,0.0,0.0,0.7299429774284363,-0.1249902993440628,-0.047588247805833817,-3.0856823921203613,0.09999434649944305
1144,29.123962879180908,0.8594347834587097,0.0,0.0,0.7213858366012573,-0.13778313994407654,-0.005593724548816681,-3.0843887329101562,0.10379467159509659
1145,29.15657138824463,0.8594347834587097,0.0,0.0,0.7507103681564331,-0.14357630908489227,-0.15026721358299255,-3.086048126220703,0.09859680384397507
1146,29.170068979263306,0.8594347834587097,0.0,0.0,0.7360731959342957,-0.13807643949985504,-0.11720068752765656,-3.0897650718688965,0.08317629247903824
1147,29.202096462249756,0.8594347834587097,0.0,0.0,0.7099229693412781,-0.12083174288272858,-0.03346159681677818,-3.091879367828369,0.08397432416677475
1148,29.21485948562622,0.8594347834587097,0.0,0.0,0.7037437558174133,-0.09157882630825043,0.018023252487182617,-3.095700740814209,0.09370117634534836
1149,29.26915693283081,0.8594347834587097,0.0,0.0,0.7194905877113342,-0.061983536928892136,0.029881052672863007,-3.1015219688415527,0.09333916753530502
1150,29.281942129135132,0.8594347834587097,0.0,0.0,0.7376230359077454,-0.03835520148277283,0.012214457616209984,-3.1072072982788086,0.07939755916595459
1151,29.316118240356445,0.8594347834587097,0.0,0.0,0.7505843639373779,-0.014821389690041542,0.07483910769224167,-3.1121671199798584,0.06292647123336792
1152,29.337852954864502,0.8594347834587097,0.0,0.0,0.7657414078712463,0.007061764132231474,0.13516412675380707,-3.1158080101013184,0.051655396819114685
1153,29.368104696273804,0.8594347834587097,0.0,0.0,0.7877061367034912,0.03185595944523811,0.18878856301307678,-3.1163501739501953,0.04387984052300453
1154,29.381796836853027,0.8594347834587097,0.0,0.0,0.8120012879371643,0.048282332718372345,0.2530478835105896,-3.1151089668273926,0.03688143938779831
1155,29.41421890258789,0.8594347834587097,0.0,0.0,0.823357880115509,0.05601409450173378,0.30230677127838135,-3.115367889404297,0.032330967485904694
1156,29.425992727279663,0.8594347834587097,0.0,0.0,0.8281635046005249,0.06002825126051903,0.27692994475364685,-3.1193034648895264,0.035222429782152176
1157,29.458380699157715,0.8594347834587097,0.0,0.0,0.8252871036529541,0.07353737950325012,0.13793405890464783,-3.1274640560150146,0.03418640419840813
1158,29.485960006713867,0.8594347834587097,0.0,0.0,0.8059492707252502,0.05907569080591202,0.17791295051574707,-3.1269819736480713,0.02489422634243965
1159,29.520467519760132,0.8594347834587097,0.0,0.0,0.7635592222213745,0.02981860190629959,0.004612562246620655,-3.120359420776367,0.02087503671646118
1160,29.5351505279541,0.8594347834587097,0.0,0.0,0.7378034591674805,0.011480927467346191,-0.08673188835382462,-3.1115469932556152,0.021482881158590317
1161,29.565699338912964,0.8594347834587097,0.0,0.0,0.723460853099823,-0.0009322528494521976,-0.09977438300848007,-3.104926109313965,0.024894097819924355
1162,29.578213691711426,0.8594347834587097,0.0,0.0,0.7194650173187256,-0.00876700785011053,-0.11885754764080048,-3.100588083267212,0.029465915635228157
1163,29.61048984527588,0.8594347834587097,0.0,0.0,0.720098078250885,-0.016750970855355263,-0.111854687333107,-3.09845232963562,0.032983552664518356
1164,29.624662399291992,0.8594347834587097,0.0,0.0,0.7289066910743713,-0.023151149973273277,-0.08080810308456421,-3.0998051166534424,0.034754060208797455
1165,29.656506776809692,0.8594347834587097,0.0,0.0,0.7441951036453247,-0.03652408346533775,0.0037100552581250668,-3.104515314102173,0.034436460584402084
1166,29.673498392105103,0.8594347834587097,0.0,0.0,0.7686452865600586,-0.052606385201215744,0.03850169479846954,-3.1098344326019287,0.031857285648584366
1167,29.714162826538086,0.8594347834587097,0.0,0.0,0.7942837476730347,-0.06547822058200836,0.026460696011781693,-3.1136937141418457,0.027920566499233246
1168,29.726922273635864,0.8594347834587097,0.0,0.0,0.8083153367042542,-0.08134184777736664,0.003292017849162221,-3.115260601043701,0.027384357526898384
1169,29.760982513427734,0.8594347834587097,0.0,0.0,0.8238242864608765,-0.08908239752054214,-0.07614363729953766,-3.113739013671875,0.033774565905332565
1170,29.77302074432373,0.8594347834587097,0.0,0.0,0.8165268301963806,-0.08345700800418854,-0.07753972709178925,-3.1132383346557617,0.038471005856990814
1171,29.807486295700073,0.8594347834587097,0.0,0.0,0.7960516810417175,-0.05736211687326431,-0.02681572735309601,-3.115022897720337,0.044235385954380035
1172,29.819679975509644,0.8594347834587097,0.0,0.0,0.7848984003067017,-0.023094508796930313,0.12098655104637146,-3.1240174770355225,0.044697776436805725
1173,29.850748538970947,0.8594347834587097,0.0,0.0,0.79212486743927,-0.0014565460151061416,0.1328759491443634,-3.1362099647521973,0.03992611542344093
1174,29.862741947174072,0.8594347834587097,0.0,0.0,0.8050693869590759,0.013490017503499985,0.11175453662872314,3.1370279788970947,0.034818485379219055
1175,29.895739793777466,0.8594347834587097,0.0,0.0,0.8113278150558472,0.02792261727154255,0.09826410561800003,3.1303281784057617,0.03153892233967781
1176,29.910507678985596,0.8594347834587097,0.0,0.0,0.8137015700340271,0.04372796043753624,0.13629618287086487,3.126323699951172,0.029519278556108475
1177,29.941789388656616,0.8594347834587097,0.0,0.0,0.8154499530792236,0.059288039803504944,0.1852205991744995,3.1241965293884277,0.028947655111551285
1178,29.957659006118774,0.8594347834587097,0.0,0.0,0.8183413147926331,0.07155940681695938,0.20771938562393188,3.1236610412597656,0.030382491648197174
1179,29.993793725967407,0.8594347834587097,0.0,0.0,0.81960529088974,0.08528128266334534,0.1808115839958191,3.1222383975982666,0.03738849610090256
1180,30.00435996055603,0.8594347834587097,0.0,0.0,0.8103287816047668,0.10860338807106018,0.14900872111320496,3.1164793968200684,0.05242672935128212
1181,30.08413553237915,0.8594347834587097,0.0,0.0,0.8089861869812012,0.11490130424499512,-0.0024048127233982086,3.1098036766052246,0.06675785034894943
1182,30.09930944442749,0.8594347834587097,0.0,0.0,0.8067451119422913,0.12084423750638962,0.19314628839492798,3.103977918624878,0.07590559124946594
1183,30.1378755569458,0.8594347834587097,0.0,0.0,0.7779912948608398,0.10773687064647675,0.22362029552459717,3.104093551635742,0.08002475649118423
1184,30.156349658966064,0.8594347834587097,0.0,0.0,0.7410176992416382,0.09132172167301178,0.016450803726911545,3.1110610961914062,0.08157335221767426
1185,30.18834686279297,0.8594347834587097,0.0,0.0,0.7116184234619141,0.08498083055019379,-0.05862274765968323,3.11702299118042,0.08116381615400314
1186,30.201969861984253,0.8594347834587097,0.0,0.0,0.6916182041168213,0.08359895646572113,-0.05652652308344841,3.1192378997802734,0.07977844029664993
1187,30.241007566452026,0.8594347834587097,0.0,0.0,0.678047239780426,0.08392103761434555,-0.057107582688331604,3.118199586868286,0.07693681865930557
1188,30.259044647216797,0.8594347834587097,0.0,0.0,0.6623215675354004,0.0790611058473587,-0.02074262872338295,3.1158549785614014,0.07435038685798645
1189,30.292785167694092,0.8594347834587097,0.0,0.0,0.6516658067703247,0.06644915789365768,0.007426988799124956,3.1147961616516113,0.07411223649978638
1190,30.30603337287903,0.8594347834587097,0.0,0.0,0.6538523435592651,0.05772647634148598,0.05308579280972481,3.115241289138794,0.07467112690210342
1191,30.337838411331177,0.8594347834587097,0.0,0.0,0.6629196405410767,0.05138155817985535,0.05551738291978836,3.1150951385498047,0.07421857863664627
1192,30.352142095565796,0.8594347834587097,0.0,0.0,0.678298830986023,0.04397923871874809,0.11826132982969284,3.1141862869262695,0.07436895370483398
1193,30.386603593826294,0.8594347834587097,0.0,0.0,0.7063326835632324,0.04007860645651817,0.21274705231189728,3.112182378768921,0.07489797472953796
1194,30.40054202079773,0.8594347834587097,0.0,0.0,0.7385837435722351,0.03044871799647808,0.19337299466133118,3.1102819442749023,0.07311603426933289
1195,30.432661771774292,0.8594347834587097,0.0,0.0,0.7657504677772522,0.015100674703717232,0.11375190317630768,3.11225962638855,0.06960948556661606
1196,30.459011793136597,0.8594347834587097,0.0,0.0,0.7872323989868164,0.006837703753262758,0.07583221793174744,3.1178643703460693,0.0675894170999527
1197,30.500958919525146,0.8594347834587097,0.0,0.0,0.8089230060577393,0.004091146867722273,0.07877949625253677,3.1247479915618896,0.06872497498989105
1198,30.516303777694702,0.8594347834587097,0.0,0.0,0.8404606580734253,0.0026801906060427427,-0.11927084624767303,3.1366748809814453,0.0735931396484375
1199,30.56042170524597,0.8594347834587097,0.0,0.0,0.8253446817398071,0.00868933741003275,-0.1644715815782547,-3.1346821784973145,0.07598033547401428
1200,30.57440972328186,0.8594347834587097,0.0,0.0,0.7932601571083069,0.03578643500804901,0.13540759682655334,-3.1305580139160156,0.07922667264938354
1201,30.607723474502563,0.8594347834587097,0.0,0.0,0.772139310836792,0.05213203653693199,0.30893999338150024,-3.1356618404388428,0.07559946924448013
1202,30.62045168876648,0.8594347834587097,0.0,0.0,0.7639744877815247,0.049188800156116486,0.25068503618240356,3.1402647495269775,0.06875832378864288
1203,30.650014877319336,0.8594347834587097,0.0,0.0,0.761935293674469,0.04111873358488083,0.12185005843639374,3.135286331176758,0.06324916332960129
1204,30.66563582420349,0.8594347834587097,0.0,0.0,0.7530195713043213,0.042162228375673294,0.1026795506477356,3.131382703781128,0.05863189324736595
1205,30.6943621635437,0.8594347834587097,0.0,0.0,0.7448870539665222,0.044716935604810715,0.12342780828475952,3.1269607543945312,0.05513676628470421
1206,30.70596671104431,0.8594347834587097,0.0,0.0,0.7389674782752991,0.047745589166879654,0.12113940715789795,3.124014139175415,0.05192742496728897
1207,30.737475872039795,0.8594347834587097,0.0,0.0,0.7395797967910767,0.05117995664477348,0.15350715816020966,3.1230266094207764,0.048787981271743774
1208,30.75840997695923,0.8594347834587097,0.0,0.0,0.7435935735702515,0.057809241116046906,0.13518375158309937,3.123967170715332,0.046716466546058655
1209,30.79215717315674,0.8594347834587097,0.0,0.0,0.7568386793136597,0.06313164532184601,0.15888410806655884,3.1275634765625,0.04469338431954384
1210,30.804016828536987,0.8594347834587097,0.0,0.0,0.7624332904815674,0.0636753961443901,0.2423393279314041,3.1323812007904053,0.0450025275349617
1211,30.842281818389893,0.8594347834587097,0.0,0.0,0.7651325464248657,0.05923490226268768,0.2670036256313324,3.1390697956085205,0.048583779484033585
1212,30.859598636627197,0.8594347834587097,0.0,0.0,0.7741814255714417,0.05225735530257225,0.2105402946472168,-3.1363561153411865,0.05296534299850464
1213,30.8924298286438,0.8594347834587097,0.0,0.0,0.7922981381416321,0.04239692538976669,0.23461931943893433,-3.1298227310180664,0.05517644062638283
1214,30.908129930496216,0.8594347834587097,0.0,0.0,0.8043242692947388,0.026646824553608894,0.20029380917549133,-3.125204086303711,0.05723797529935837
1215,30.939215898513794,0.8594347834587097,0.0,0.0,0.800795316696167,0.00044284272007644176,0.14074847102165222,-3.118753433227539,0.05791907757520676
1216,30.951822996139526,0.8594347834587097,0.0,0.0,0.7817631959915161,-0.03529534488916397,-0.026110799983143806,-3.1056771278381348,0.055622585117816925
1217,30.98473620414734,0.8594347834587097,0.0,0.0,0.7783166766166687,-0.0601353719830513,-0.09763704240322113,-3.0911285877227783,0.05016106739640236
1218,30.996895790100098,0.8594347834587097,0.0,0.0,0.7755095362663269,-0.08170243352651596,-0.1292901337146759,-3.0796592235565186,0.04547968506813049
1219,31.038793802261353,0.8594347834587097,0.0,0.0,0.7786294221878052,-0.09963689744472504,-0.19510316848754883,-3.0714612007141113,0.043828874826431274
1220,31.052395582199097,0.8594347834587097,0.0,0.0,0.7876966595649719,-0.11727488040924072,-0.1991434097290039,-3.0678982734680176,0.04398730769753456
1221,31.086117029190063,0.8594347834587097,0.0,0.0,0.8026556968688965,-0.13475118577480316,-0.12177494168281555,-3.068416118621826,0.04666381701827049
1222,31.103302717208862,0.8594347834587097,0.0,0.0,0.8194193840026855,-0.1607980579137802,-0.05417810007929802,-3.068671464920044,0.05317452549934387
1223,31.20003843307495,0.8594347834587097,0.0,0.0,0.8424783945083618,-0.18440492451190948,0.044342152774333954,-3.063961982727051,0.06457875669002533
1224,31.21733069419861,0.8594347834587097,0.0,0.0,0.8375693559646606,-0.18382658064365387,-0.10603602230548859,-3.0592880249023438,0.07049605250358582
1225,31.250916242599487,0.8594347834587097,0.0,0.0,0.8173449039459229,-0.15681113302707672,0.002251148223876953,-3.0586225986480713,0.07693575322628021
1226,31.264592170715332,0.8594347834587097,0.0,0.0,0.8120548725128174,-0.13475804030895233,0.13495725393295288,-3.0643739700317383,0.0786849856376648
1227,31.29474115371704,0.8594347834587097,0.0,0.0,0.8181533217430115,-0.12318810075521469,0.15343089401721954,-3.0716025829315186,0.07488124817609787
1228,31.31045937538147,0.8594347834587097,0.0,0.0,0.8322691321372986,-0.11485278606414795,0.08087106794118881,-3.078437566757202,0.06835152953863144
1229,31.3516526222229,0.8594347834587097,0.0,0.0,0.8391494750976562,-0.10252229869365692,0.0054479846730828285,-3.0846312046051025,0.05987478792667389
1230,31.363322973251343,0.8594347834587097,0.0,0.0,0.8397630453109741,-0.08980827033519745,-0.02200968749821186,-3.0896451473236084,0.05162326246500015
1231,31.396289348602295,0.8594347834587097,0.0,0.0,0.839523434638977,-0.078328438103199,-0.009140346199274063,-3.0935113430023193,0.04499565437436104
1232,31.411051750183105,0.8594347834587097,0.0,0.0,0.8415982723236084,-0.06749440729618073,0.01991773210465908,-3.0964322090148926,0.04139753803610802
1233,31.443612813949585,0.8594347834587097,0.0,0.0,0.8491700887680054,-0.05693920701742172,0.05239350348711014,-3.1001973152160645,0.042219433933496475
1234,31.4591007232666,0.8594347834587097,0.0,0.0,0.8577800393104553,-0.05118144303560257,0.07981482148170471,-3.1088006496429443,0.04693300649523735
1235,31.493733882904053,0.8594347834587097,0.0,0.0,0.8424708843231201,-0.04315878823399544,0.20597511529922485,-3.124988555908203,0.05351797118782997
1236,31.509241819381714,0.8594347834587097,0.0,0.0,0.8187577724456787,-0.05136679857969284,0.2032015025615692,-3.1353282928466797,0.05269918590784073
1237,31.546184062957764,0.8594347834587097,0.0,0.0,0.7715004682540894,-0.06760851293802261,0.0060616713017225266,-3.1343278884887695,0.054455555975437164
1238,31.557554244995117,0.4200543463230133,0.0,0.0,0.7329387068748474,-0.07572369277477264,-0.09846217185258865,-3.1257448196411133,0.05711653456091881
1239,31.58842372894287,0.4200543463230133,0.0,0.0,0.7014937996864319,-0.08124107867479324,-0.10635285079479218,-3.1155896186828613,0.060303203761577606
1240,31.600621461868286,0.4200543463230133,0.0,0.0,0.6829615235328674,-0.08295256644487381,-0.09447125345468521,-3.106874465942383,0.06320518255233765
1241,31.632222652435303,0.4200543463230133,0.0,0.0,0.669658899307251,-0.08340807259082794,-0.10645893961191177,-3.100356101989746,0.06561887264251709
1242,31.648604154586792,0.4200543463230133,0.0,0.0,0.6571581959724426,-0.08190920948982239,-0.1341499388217926,-3.097447633743286,0.06830896437168121
1243,31.679737091064453,0.4200543463230133,0.0,0.0,0.639563262462616,-0.08025448024272919,-0.1152561753988266,-3.0997533798217773,0.07446262240409851
1244,31.693427324295044,0.4200543463230133,0.0,0.0,0.6213726997375488,-0.0829431340098381,0.030191849917173386,-3.104203462600708,0.08929801732301712
1245,31.7268488407135,0.4200543463230133,0.0,0.0,0.628092885017395,-0.07484784722328186,-0.21028880774974823,-3.1080029010772705,0.09980379790067673
1246,31.75309419631958,0.4200543463230133,0.0,0.0,0.5915684103965759,-0.04504873603582382,-0.21023815870285034,-3.111934185028076,0.09753496944904327
1247,31.794575691223145,0.4200543463230133,0.0,0.0,0.5535395741462708,-0.0013347516069188714,0.043746914714574814,-3.1186060905456543,0.09620542824268341
1248,31.807129621505737,0.4200543463230133,0.0,0.0,0.5238369703292847,0.037385329604148865,0.21968278288841248,-3.128185987472534,0.09212972223758698
1249,31.838533639907837,0.4200543463230133,0.0,0.0,0.5037123560905457,0.0663309395313263,0.2544087767601013,-3.1368069648742676,0.08588476479053497
1250,31.85806703567505,0.4200543463230133,0.0,0.0,0.4838108718395233,0.09123595058917999,0.24184784293174744,3.139718532562256,0.07840605825185776
1251,31.891001224517822,0.4200543463230133,0.0,0.0,0.4552392363548279,0.11019033193588257,0.2221314013004303,3.133236885070801,0.0722762942314148
1252,31.903615474700928,0.4200543463230133,0.0,0.0,0.4176807403564453,0.12366603314876556,0.1914169192314148,3.1250431537628174,0.07367127388715744
1253,31.936023950576782,0.4200543463230133,0.0,0.0,0.3745897114276886,0.1344304382801056,0.12680695950984955,3.115417718887329,0.07876214385032654
1254,31.94942307472229,0.4200543463230133,0.0,0.0,0.35027608275413513,0.1164785847067833,0.2124379724264145,3.11984920501709,0.07651092112064362
1255,31.987630367279053,0.4200543463230133,0.0,0.0,0.3301151692867279,0.09019903838634491,0.19833731651306152,3.1311490535736084,0.07808412611484528
1256,31.999343872070312,0.4200543463230133,0.0,0.0,0.3171863853931427,0.06620537489652634,0.05750111863017082,3.140918254852295,0.08038357645273209
1257,32.04175567626953,0.4200543463230133,0.0,0.0,0.302907794713974,0.04565590247511864,-0.030221112072467804,-3.1386401653289795,0.08163823187351227
1258,32.05548048019409,0.4200543463230133,0.0,0.0,0.2924897372722626,0.03141472861170769,-0.041549623012542725,-3.1390769481658936,0.08467471599578857
1259,32.09274101257324,0.4200543463230133,0.0,0.0,0.28717705607414246,0.01624833419919014,0.05038217082619667,-3.1394104957580566,0.0895957201719284
1260,32.10931587219238,0.4200543463230133,0.0,0.0,0.28715336322784424,0.0016547811683267355,0.15006574988365173,-3.136793851852417,0.0946134403347969
1261,32.14866304397583,0.4200543463230133,0.0,0.0,0.29276028275489807,-0.009669275023043156,0.14153876900672913,-3.132047653198242,0.09642189741134644
1262,32.15989637374878,0.4200543463230133,0.0,0.0,0.29254594445228577,-0.020003128796815872,0.11931626498699188,-3.1276025772094727,0.09231055527925491
1263,32.200714349746704,0.4200543463230133,0.0,0.0,0.2884327173233032,-0.030923770740628242,0.07512819021940231,-3.122574806213379,0.08681156486272812
1264,32.21572542190552,0.4200543463230133,0.0,0.0,0.2831461429595947,-0.04205016419291496,0.12061187624931335,-3.1159303188323975,0.08282483369112015
1265,32.24586057662964,0.4200543463230133,0.0,0.0,0.28220224380493164,-0.05100318044424057,0.1389661729335785,-3.1088404655456543,0.08163558691740036
1266,32.2567937374115,0.4200543463230133,0.0,0.0,0.28331243991851807,-0.05837143585085869,0.07905828952789307,-3.102966547012329,0.08065762370824814
1267,32.321470737457275,0.4200543463230133,0.0,0.0,0.2794468402862549,-0.05917927995324135,3.348104655742645e-05,-3.0973081588745117,0.08065605163574219
1268,32.334487199783325,0.4200543463230133,0.0,0.0,0.2755385935306549,-0.05140925198793411,-0.04857157543301582,-3.0920445919036865,0.08374916762113571
1269,32.37041521072388,0.4200543463230133,0.0,0.0,0.27159157395362854,-0.0367521271109581,-0.04396352171897888,-3.0887928009033203,0.08894944190979004
1270,32.38509178161621,0.4200543463230133,0.0,0.0,0.2711411416530609,-0.023024417459964752,-0.048335932195186615,-3.088284969329834,0.09384359419345856
1271,32.42176127433777,0.4200543463230133,0.0,0.0,0.26849687099456787,-0.009770851582288742,-0.005512287840247154,-3.0890979766845703,0.09633595496416092
1272,32.43352675437927,0.4200543463230133,0.0,0.0,0.26801639795303345,0.004584680311381817,0.04916675388813019,-3.0900137424468994,0.09708986431360245
1273,32.46381092071533,0.4200543463230133,0.0,0.0,0.2717353105545044,0.021674932911992073,0.047366149723529816,-3.090670108795166,0.09356997907161713
1274,32.482163190841675,0.4200543463230133,0.0,0.0,0.2728373110294342,0.041831616312265396,0.09171733260154724,-3.0927205085754395,0.08560696244239807
1275,32.517263412475586,0.4200543463230133,0.0,0.0,0.2819415032863617,0.05733109638094902,0.09383200854063034,-3.0955348014831543,0.07610549032688141
1276,32.53231883049011,0.4200543463230133,0.0,0.0,0.2984672784805298,0.06436460465192795,0.0884394645690918,-3.0964930057525635,0.06572466343641281
1277,32.56175470352173,0.4200543463230133,0.0,0.0,0.32598018646240234,0.0580572746694088,0.05281459912657738,-3.093515157699585,0.057593539357185364
1278,32.57535910606384,0.4200543463230133,0.0,0.0,0.3608880341053009,0.03467363119125366,0.008052543736994267,-3.0861001014709473,0.05135304108262062
1279,32.60800552368164,0.4200543463230133,0.0,0.0,0.40000438690185547,0.014583960175514221,-0.06586569547653198,-3.0794639587402344,0.04225928708910942
1280,32.62182331085205,0.4200543463230133,0.0,0.0,0.42965590953826904,0.007033540401607752,-0.0560147687792778,-3.0815131664276123,0.029305145144462585
1281,32.65381050109863,0.4200543463230133,0.0,0.0,0.44967928528785706,0.0029544378630816936,-0.03635168448090553,-3.090562343597412,0.02023131400346756
1282,32.66637301445007,0.4200543463230133,0.0,0.0,0.4681982398033142,-0.00787451770156622,-0.03144588693976402,-3.1002416610717773,0.01869865134358406
1283,32.69875144958496,0.4200543463230133,0.0,0.0,0.49019861221313477,-0.022010087966918945,0.02756161242723465,-3.102618932723999,0.02397198975086212
1284,32.71270561218262,0.4200543463230133,0.0,0.0,0.4875921905040741,-0.027131814509630203,-0.05516723543405533,-3.0997655391693115,0.02408415637910366
1285,32.75271677970886,0.4200543463230133,0.0,0.0,0.4692918062210083,-0.010067696683108807,0.0374392569065094,-3.0979504585266113,0.0211325790733099
1286,32.76494836807251,0.4200543463230133,0.0,0.0,0.45587027072906494,0.007461948320269585,0.14931443333625793,-3.103787422180176,0.013584460131824017
1287,32.79344463348389,0.4200543463230133,0.0,0.0,0.45108962059020996,0.014426087960600853,0.15195491909980774,-3.112854480743408,0.007179245352745056
1288,32.812668561935425,0.4200543463230133,0.0,0.0,0.44774338603019714,0.020185692235827446,0.19594746828079224,-3.121096134185791,0.0046333931386470795
1289,32.849762201309204,0.4200543463230133,0.0,0.0,0.44853559136390686,0.023297250270843506,0.1708216369152069,-3.1283490657806396,0.004153266549110413
1290,32.87233877182007,0.4200543463230133,0.0,0.0,0.45002904534339905,0.02676379308104515,0.11775990575551987,-3.1341075897216797,0.0017104914877563715
1291,32.90404391288757,0.4200543463230133,0.0,0.0,0.4497436285018921,0.033573880791664124,0.08855363726615906,-3.138753652572632,-0.002636327873915434
1292,32.9184033870697,0.4200543463230133,0.0,0.0,0.4478376805782318,0.040539730340242386,0.07915103435516357,3.1409106254577637,-0.006007058080285788
1293,32.95832085609436,0.4200543463230133,0.0,0.0,0.4488188624382019,0.04809774458408356,0.10444453358650208,3.1397812366485596,-0.006488759070634842
1294,32.9713921546936,0.4200543463230133,0.0,0.0,0.4499492943286896,0.05584477260708809,0.11686575412750244,3.1410953998565674,-0.0038134055212140083
1295,33.00095200538635,0.4200543463230133,0.0,0.0,0.454921156167984,0.0626257061958313,0.0808684378862381,-3.1410880088806152,0.0027968466747552156
1296,33.013094902038574,0.4200543463230133,0.0,0.0,0.46650430560112,0.07278569042682648,0.03613771125674248,3.1390128135681152,0.012851785868406296
1297,33.043909788131714,0.4200543463230133,0.0,0.0,0.4697839915752411,0.07812067121267319,0.10622821748256683,3.133096694946289,0.01506337895989418
1298,33.05769443511963,0.4200543463230133,0.0,0.0,0.4509294927120209,0.07514465600252151,0.16135990619659424,3.132645606994629,0.011894980445504189
1299,33.094282388687134,0.4200543463230133,0.0,0.0,0.4191438853740692,0.06355316191911697,0.15417137742042542,3.13342547416687,0.01637950912117958
1300,33.10565161705017,0.4200543463230133,0.0,0.0,0.3899601697921753,0.04810945317149162,0.05808659642934799,3.1396613121032715,0.02199365571141243
1301,33.142845153808594,0.4200543463230133,0.0,0.0,0.3690113425254822,0.03866014629602432,-0.01646900735795498,-3.134705066680908,0.0238418560475111
1302,33.1554217338562,0.4200543463230133,0.0,0.0,0.3474416732788086,0.03165235370397568,-0.04241342097520828,-3.1274945735931396,0.023790810257196426
1303,33.188003063201904,0.4200543463230133,0.0,0.0,0.32475775480270386,0.02484210953116417,-0.08737335354089737,-3.1227924823760986,0.024837924167513847
1304,33.20080804824829,0.4200543463230133,0.0,0.0,0.30380284786224365,0.015144562348723412,-0.06889791041612625,-3.12050461769104,0.028239361941814423
1305,33.24045515060425,0.4200543463230133,0.0,0.0,0.2953304648399353,0.009052509441971779,-0.020474208518862724,-3.118489980697632,0.030354337766766548
1306,33.25392293930054,0.4200543463230133,0.0,0.0,0.28781187534332275,0.0018274743342772126,-0.04182690382003784,-3.114750385284424,0.027519874274730682
1307,33.286237478256226,0.4200543463230133,0.0,0.0,0.27380263805389404,-0.007329791318625212,-0.07993709295988083,-3.108574390411377,0.02417651005089283
1308,33.29970121383667,0.4200543463230133,0.0,0.0,0.26118203997612,-0.01586700603365898,-0.10987923294305801,-3.102229118347168,0.023825090378522873
1309,33.33302044868469,0.4200543463230133,0.0,0.0,0.2516113221645355,-0.024782581254839897,-0.14331115782260895,-3.098247528076172,0.02549303136765957
1310,33.343628883361816,0.4200543463230133,0.0,0.0,0.24488565325737,-0.03267068788409233,-0.1434142291545868,-3.0966238975524902,0.028582554310560226
1311,33.377575159072876,0.4200543463230133,0.0,0.0,0.24413152039051056,-0.03852194920182228,-0.13039860129356384,-3.0958573818206787,0.0323951318860054
1312,33.38835906982422,0.4200543463230133,0.0,0.0,0.24753737449645996,-0.04012554511427879,-0.10204143077135086,-3.095170497894287,0.03444722667336464
1313,33.414318799972534,0.4200543463230133,0.0,0.0,0.2704128921031952,-0.051546674221754074,-0.08198277652263641,-3.0928220748901367,0.034600429236888885
1314,33.42650389671326,0.4200543463230133,0.0,0.0,0.25784555077552795,-0.03192729875445366,-0.009946051053702831,-3.0904338359832764,0.03640284761786461
1315,33.46403789520264,0.4200543463230133,0.0,0.0,0.27009186148643494,-0.0014788081170991063,0.030528750270605087,-3.088514566421509,0.03141197934746742
1316,33.47646975517273,0.4200543463230133,0.0,0.0,0.28562480211257935,0.04170748218894005,0.14944501221179962,-3.0912482738494873,0.024089667946100235
1317,33.5114688873291,0.4200543463230133,0.0,0.0,0.3146438002586365,0.08504339307546616,0.287982702255249,-3.0994246006011963,0.00841399747878313
1318,33.528449296951294,0.4200543463230133,0.0,0.0,0.33727991580963135,0.11939125508069992,0.502301812171936,-3.111417055130005,-0.010147134773433208
1319,33.57100439071655,0.4200543463230133,0.0,0.0,0.3455725610256195,0.13614384829998016,0.727074384689331,-3.1240217685699463,-0.021964628249406815
1320,33.58590221405029,0.9948345422744751,0.0,0.0,0.29169759154319763,0.15208439528942108,0.44400128722190857,-3.1349105834960938,-0.02315659075975418
1321,33.615660667419434,0.9948345422744751,0.0,0.0,0.33068230748176575,0.16115662455558777,0.3086729347705841,3.14072847366333,-0.029241524636745453
1322,33.627421855926514,0.9948345422744751,0.0,0.0,0.3257398307323456,0.19206643104553223,0.2942471504211426,3.1371994018554688,-0.030764417722821236
1323,33.6601722240448,0.9948345422744751,0.0,0.0,0.33826348185539246,0.21782152354717255,0.15835297107696533,3.128092050552368,-0.022033480927348137
1324,33.6757869720459,0.9948345422744751,0.0,0.0,0.3786504864692688,0.22168681025505066,0.08594871312379837,3.125035047531128,-0.013364532962441444
1325,33.7072696685791,0.9948345422744751,0.0,0.0,0.4186553955078125,0.2157028764486313,0.1673358678817749,3.1288490295410156,-0.004260323941707611
1326,33.72154664993286,0.9948345422744751,0.0,0.0,0.4715734124183655,0.20242305099964142,0.1779317557811737,3.135862350463867,0.007125361822545528
1327,33.75361919403076,0.9948345422744751,0.0,0.0,0.521845281124115,0.17769363522529602,0.10504163801670074,-3.1410679817199707,0.016662495210766792
1328,33.76819348335266,0.9948345422744751,0.0,0.0,0.5636938810348511,0.13363942503929138,0.023857710883021355,-3.136849880218506,0.02263002283871174
1329,33.80017614364624,0.9948345422744751,0.0,0.0,0.6119479537010193,0.095112644135952,-0.05362074077129364,-3.1345529556274414,0.02369162254035473
1330,33.81805634498596,0.9948345422744751,0.0,0.0,0.6616421341896057,0.06680814176797867,-0.11222809553146362,-3.1348533630371094,0.021696455776691437
1331,33.85067343711853,0.9948345422744751,0.0,0.0,0.7184287309646606,0.043905969709157944,-0.11958864331245422,-3.1388437747955322,0.02088397741317749
1332,33.87835335731506,0.9948345422744751,0.0,0.0,0.7843015193939209,0.026923594996333122,-0.09737588465213776,3.1369009017944336,0.020658183842897415
1333,33.91526675224304,0.9948345422744751,0.0,0.0,0.8538766503334045,0.008131533861160278,-0.056866563856601715,3.126544713973999,0.019081348553299904
1334,33.92947030067444,0.9948345422744751,0.0,0.0,0.9208917021751404,-0.013890942558646202,-0.03634721785783768,3.116687774658203,0.014742229133844376
1335,33.968438148498535,0.9948345422744751,0.0,0.0,0.9711617827415466,-0.03309878334403038,-0.07864846289157867,3.110264301300049,0.009761834517121315
1336,33.98897433280945,0.9948345422744751,0.0,0.0,1.0101784467697144,-0.04548586159944534,-0.16139891743659973,3.1109912395477295,0.007229221053421497
1337,34.02058029174805,0.9948345422744751,0.0,0.0,1.0035635232925415,-0.040945690125226974,-0.04740200936794281,3.1193435192108154,0.010156217031180859
1338,34.03267812728882,0.9948345422744751,0.0,0.0,0.9808269739151001,-0.01339586079120636,0.2211543619632721,3.123274326324463,0.006852441467344761
1339,34.07190680503845,0.9948345422744751,0.0,0.0,0.9703324437141418,-0.013309155590832233,0.32439613342285156,3.12100887298584,-0.0043493309058249
1340,34.08588171005249,0.9948345422744751,0.0,0.0,0.9820889234542847,-0.027248090133070946,0.3145497143268585,3.117995262145996,-0.010108021087944508
1341,34.117234230041504,0.9948345422744751,0.0,0.0,1.013976812362671,-0.04614253342151642,0.26317912340164185,3.1161320209503174,-0.00897278729826212
1342,34.13420796394348,0.9948345422744751,0.0,0.0,1.0579941272735596,-0.06440012902021408,0.1651051640510559,3.1174471378326416,-0.006663988810032606
1343,34.17469072341919,0.9948345422744751,0.0,0.0,1.0934288501739502,-0.0774276852607727,0.09827056527137756,3.123035192489624,-0.008466579020023346
1344,34.20114874839783,0.9948345422744751,0.0,0.0,1.113623857498169,-0.0818873792886734,0.1419326215982437,3.1321136951446533,-0.013799993321299553
1345,34.24332785606384,0.9948345422744751,0.0,0.0,1.1219096183776855,-0.08493959903717041,0.2563077211380005,3.1415019035339355,-0.018693363294005394
1346,34.256123542785645,0.9948345422744751,0.0,0.0,1.117903232574463,-0.08770578354597092,0.31266501545906067,-3.134976625442505,-0.01651625707745552
1347,34.28803992271423,0.9948345422744751,0.0,0.0,1.0847395658493042,-0.0937713161110878,0.17849650979042053,-3.1345715522766113,0.002812003018334508
1348,34.30029010772705,0.9948345422744751,0.0,0.0,1.0438369512557983,-0.1183210164308548,0.09138716012239456,-3.1371419429779053,0.029777226969599724
1349,34.33135533332825,0.9948345422744751,0.0,0.0,0.9945932626724243,-0.13789865374565125,0.0013289367780089378,-3.1357295513153076,0.044591180980205536
1350,34.341935873031616,0.9948345422744751,0.0,0.0,0.9432634115219116,-0.1575285643339157,-0.07091297954320908,-3.125671863555908,0.044261377304792404
1351,34.37483811378479,0.9948345422744751,0.0,0.0,0.8962202072143555,-0.1714152991771698,-0.05923035740852356,-3.113001585006714,0.04550974443554878
1352,34.394625186920166,0.9948345422744751,0.0,0.0,0.8675262331962585,-0.1792459338903427,-0.13214397430419922,-3.104037046432495,0.052050624042749405
1353,34.426841497421265,0.9948345422744751,0.0,0.0,0.8418945074081421,-0.19267800450325012,-0.19648103415966034,-3.09782075881958,0.061298295855522156
1354,34.44417715072632,0.9948345422744751,0.0,0.0,0.8325921893119812,-0.2023891657590866,-0.1718723028898239,-3.0928993225097656,0.07138758152723312
1355,34.48010778427124,0.9948345422744751,0.0,0.0,0.8283880352973938,-0.20391158759593964,-0.056589074432849884,-3.0915775299072266,0.08031396567821503
1356,34.49105095863342,0.9948345422744751,0.0,0.0,0.8487899303436279,-0.1950962245464325,-0.1202307641506195,-3.095003604888916,0.08285776525735855
1357,34.517959117889404,0.9948345422744751,0.0,0.0,0.8297356367111206,-0.16883641481399536,-0.12976165115833282,-3.1035215854644775,0.07646186649799347
1358,34.52885103225708,0.9948345422744751,0.0,0.0,0.8136833906173706,-0.13197173178195953,0.009032966569066048,-3.112339735031128,0.07916412502527237
1359,34.55667495727539,0.9948345422744751,0.0,0.0,0.8223168253898621,-0.0947745069861412,0.12246079742908478,-3.119971990585327,0.0786442682147026
1360,34.570810317993164,0.9948345422744751,0.0,0.0,0.8428218364715576,-0.06171515956521034,0.19873522222042084,-3.124767303466797,0.06784946471452713
1361,34.601529598236084,0.9948345422744751,0.0,0.0,0.8610756397247314,-0.03141821548342705,0.24696320295333862,-3.1273961067199707,0.053127747029066086
1362,34.61887502670288,0.9948345422744751,0.0,0.0,0.8794950842857361,-0.004586696624755859,0.3172221779823303,-3.1290950775146484,0.04043053835630417
1363,34.64923667907715,0.9948345422744751,0.0,0.0,0.8942326307296753,0.020348140969872475,0.3629589080810547,-3.129687786102295,0.030256707221269608
1364,34.66898727416992,0.9948345422744751,0.0,0.0,0.9124197959899902,0.03975585103034973,0.36291056871414185,-3.1283352375030518,0.022133275866508484
1365,34.70029902458191,0.9948345422744751,0.0,0.0,0.9290317296981812,0.05426093935966492,0.3544948995113373,-3.1270499229431152,0.016230273991823196
1366,34.71474885940552,0.9948345422744751,0.0,0.0,0.9376643896102905,0.06238909810781479,0.3275320827960968,-3.130607843399048,0.01631438173353672
1367,34.749452352523804,0.9948345422744751,0.0,0.0,0.9191560745239258,0.07039584219455719,0.17373165488243103,-3.1411428451538086,0.020572835579514503
1368,34.7605767250061,0.9948345422744751,0.0,0.0,0.8838607668876648,0.047271400690078735,0.13209879398345947,-3.1412084102630615,0.014672190882265568
1369,34.79969787597656,0.9948345422744751,0.0,0.0,0.8451200127601624,0.026164235547184944,-0.015963517129421234,-3.134185552597046,0.012086951173841953
1370,34.81003022193909,0.9948345422744751,0.0,0.0,0.8137063384056091,0.013228208757936954,-0.15836401283740997,-3.1289262771606445,0.015689346939325333
1371,34.84899616241455,0.9948345422744751,0.0,0.0,0.7925360202789307,0.0015713813481852412,-0.1902177333831787,-3.1270625591278076,0.02518201619386673
1372,34.864317655563354,0.9948345422744751,0.0,0.0,0.7908201217651367,-0.0072514647617936134,-0.12659868597984314,-3.125548839569092,0.03659879416227341
1373,34.903844594955444,0.9948345422744751,0.0,0.0,0.8051630854606628,-0.01143384724855423,-0.009541939944028854,-3.1254231929779053,0.04454200342297554
1374,34.916738510131836,0.9948345422744751,0.0,0.0,0.8254888653755188,-0.014002117328345776,0.12693288922309875,-3.1281189918518066,0.04798367992043495
1375,34.94817566871643,0.9948345422744751,0.0,0.0,0.8449427485466003,-0.02510787546634674,0.13743595778942108,-3.1323416233062744,0.04785219207406044
1376,34.968064069747925,0.9948345422744751,0.0,0.0,0.8625665307044983,-0.04501090943813324,0.07756532728672028,-3.134976387023926,0.04674537479877472
1377,35.00701951980591,0.9948345422744751,0.0,0.0,0.8852044939994812,-0.06442732363939285,0.006676455494016409,-3.1357011795043945,0.04732311889529228
1378,35.019688844680786,0.9948345422744751,0.0,0.0,0.9069737792015076,-0.07592741400003433,0.013128962367773056,-3.1351749897003174,0.051470350474119186
1379,35.051291704177856,0.9948345422744751,0.0,0.0,0.9219182729721069,-0.08614882826805115,0.11287562549114227,-3.1315758228302,0.06322132796049118
1380,35.06566882133484,0.9948345422744751,0.0,0.0,0.940494954586029,-0.08465740829706192,-0.2078670859336853,-3.1248252391815186,0.07501702010631561
1381,35.10999321937561,0.9948345422744751,0.0,0.0,0.9150198698043823,-0.05447450652718544,-0.11414843797683716,-3.1200664043426514,0.08142166584730148
1382,35.12252163887024,0.9948345422744751,0.0,0.0,0.8756083846092224,-0.01176631823182106,0.14268973469734192,-3.1250722408294678,0.08557648211717606
1383,35.15487456321716,0.9948345422744751,0.0,0.0,0.8615906238555908,0.011030647903680801,0.15657532215118408,-3.1354246139526367,0.08544483780860901
1384,35.16711139678955,0.9948345422744751,0.0,0.0,0.85774165391922,0.02692227065563202,0.1233857125043869,3.139113187789917,0.08421684801578522
1385,35.197298765182495,0.9948345422744751,0.0,0.0,0.8543305993080139,0.041994597762823105,0.1029871329665184,3.132892608642578,0.08493263274431229
1386,35.216044425964355,0.9948345422744751,0.0,0.0,0.852097749710083,0.059144310653209686,0.10576599091291428,3.128742218017578,0.08706898242235184
1387,35.24914503097534,0.9948345422744751,0.0,0.0,0.8540453314781189,0.08069918304681778,0.09852445125579834,3.126138925552368,0.08875318616628647
1388,35.270081996917725,0.9948345422744751,0.0,0.0,0.8601768612861633,0.10507452487945557,0.10627391934394836,3.124100685119629,0.08987529575824738
1389,35.30102467536926,0.9948345422744751,0.0,0.0,0.8694342970848083,0.13147206604480743,0.0596114806830883,3.1219942569732666,0.09237565100193024
1390,35.312710762023926,0.9948345422744751,0.0,0.0,0.834786057472229,0.17348863184452057,0.06785740703344345,3.1175425052642822,0.0981445163488388
1391,35.34424877166748,0.9948345422744751,0.0,0.0,0.8620507717132568,0.16639254987239838,0.06797736883163452,3.1131625175476074,0.09543633460998535
1392,35.357120752334595,0.9948345422744751,0.0,0.0,0.8514845371246338,0.1567893773317337,0.1254817247390747,3.116473913192749,0.09441736340522766
1393,35.38776445388794,0.9948345422744751,0.0,0.0,0.833573043346405,0.13977321982383728,0.15755364298820496,3.1249332427978516,0.09997706115245819
1394,35.39965105056763,0.9948345422744751,0.0,0.0,0.8205082416534424,0.11860553920269012,0.05620119720697403,3.1360995769500732,0.10549702495336533
1395,35.42949628829956,0.9948345422744751,0.0,0.0,0.8130019307136536,0.101810522377491,-0.0096887880936265,-3.1378064155578613,0.10408320277929306
1396,35.44069314002991,0.9948345422744751,0.0,0.0,0.815449059009552,0.08543563634157181,-0.028722934424877167,-3.131295680999756,0.09855425357818604
1397,35.47242498397827,0.9948345422744751,0.0,0.0,0.8279872536659241,0.06813251972198486,-0.040490202605724335,-3.12563419342041,0.09214886277914047
1398,35.48542237281799,0.9948345422744751,0.0,0.0,0.8450693488121033,0.05099352449178696,-0.06811998039484024,-3.121152639389038,0.08786449581384659
1399,35.521437644958496,0.9948345422744751,0.0,0.0,0.8717650175094604,0.039936505258083344,-0.043201249092817307,-3.1199653148651123,0.08610741049051285
1400,35.54378414154053,0.9948345422744751,0.0,0.0,0.9069848656654358,0.03131445124745369,0.0016640853136777878,-3.12418532371521,0.08392403274774551
1401,35.59084153175354,0.9948345422744751,0.0,0.0,0.9454689025878906,0.020891856402158737,0.05284830182790756,-3.1325204372406006,0.08082426339387894
1402,35.60464310646057,0.9948345422744751,0.0,0.0,0.9834710359573364,0.011363182216882706,0.08207188546657562,-3.141404628753662,0.07702543586492538
1403,35.63460612297058,0.9948345422744751,0.0,0.0,1.011216402053833,-0.0029362274799495935,0.06310879439115524,3.1374313831329346,0.07478441298007965
1404,35.64535999298096,0.9948345422744751,0.0,0.0,1.0248417854309082,-0.022546207532286644,-0.07194896042346954,-3.1399765014648438,0.07668670266866684
1405,35.67474007606506,0.9948345422744751,0.0,0.0,1.0123287439346313,-0.027232294902205467,-0.031679026782512665,-3.1247153282165527,0.08638335019350052
1406,35.68727970123291,0.9948345422744751,0.0,0.0,0.9996512532234192,0.006294350605458021,0.07806895673274994,-3.1190345287323,0.0850762277841568
1407,35.7247200012207,0.9948345422744751,0.0,0.0,0.9871739149093628,0.026967843994498253,0.1683611273765564,-3.125215530395508,0.07117842882871628
1408,35.737141847610474,0.9948345422744751,0.0,0.0,0.9869978427886963,0.033930856734514236,0.18519213795661926,-3.136018753051758,0.05922612175345421
1409,35.77294087409973,0.9948345422744751,0.0,0.0,1.0001952648162842,0.0333314873278141,0.16790294647216797,3.1378278732299805,0.053518082946538925
1410,35.78530287742615,0.9948345422744751,0.0,0.0,1.0205847024917603,0.03292600065469742,0.1666536182165146,3.1324894428253174,0.05106610804796219
1411,35.819918632507324,0.9948345422744751,0.0,0.0,1.0345934629440308,0.0321810320019722,0.1701735258102417,3.1312716007232666,0.04714897647500038
1412,35.83197736740112,0.9948345422744751,0.0,0.0,1.0442978143692017,0.03606262430548668,0.2043876200914383,3.133331060409546,0.04065047577023506
1413,35.86497688293457,0.9948345422744751,0.0,0.0,1.0485475063323975,0.04024042934179306,0.23487363755702972,3.137085199356079,0.03429687023162842
1414,35.879188537597656,0.9948345422744751,0.0,0.0,1.0517847537994385,0.038998302072286606,0.2507115304470062,-3.1411120891571045,0.03183518350124359
1415,35.91422772407532,0.9948345422744751,0.0,0.0,1.0544579029083252,0.03812989965081215,0.2128751575946808,-3.1393117904663086,0.03738785907626152
1416,35.925487756729126,0.9948345422744751,0.0,0.0,1.0110414028167725,0.04513291269540787,0.02992640621960163,3.1358144283294678,0.054290637373924255
1417,35.962621450424194,0.9948345422744751,0.0,0.0,0.9992034435272217,0.01829427108168602,0.28980913758277893,3.1273789405822754,0.05781566724181175
1418,35.974653244018555,0.9948345422744751,0.0,0.0,0.9390692710876465,-0.015497480519115925,0.14090596139431,3.1342601776123047,0.05744333565235138
1419,36.01534914970398,0.9948345422744751,0.0,0.0,0.8869102001190186,-0.040069904178380966,0.0842987447977066,-3.1374599933624268,0.060572393238544464
1420,36.03547286987305,0.9948345422744751,0.0,0.0,0.8586395382881165,-0.05356646701693535,0.021386675536632538,-3.130901336669922,0.06800494343042374
1421,36.07615923881531,0.9948345422744751,0.0,0.0,0.8472176194190979,-0.06011800467967987,-0.06207375228404999,-3.1318113803863525,0.07540831714868546
1422,36.08773446083069,0.9948345422744751,0.0,0.0,0.8400179147720337,-0.06945595145225525,-0.04749169945716858,-3.1357717514038086,0.08007050305604935
1423,36.12028670310974,0.9948345422744751,0.0,0.0,0.8381839394569397,-0.08249214291572571,0.04674241319298744,-3.137787342071533,0.08191519975662231
1424,36.13497972488403,0.9948345422744751,0.0,0.0,0.8401497006416321,-0.09774284809827805,0.07574193179607391,-3.1379811763763428,0.08111859112977982
1425,36.17409825325012,0.9948345422744751,0.0,0.0,0.8463618159294128,-0.11601440608501434,0.11533987522125244,-3.1380558013916016,0.07993512600660324
1426,36.19180250167847,0.9948345422744751,0.0,0.0,0.8860174417495728,-0.12611502408981323,-0.05179020017385483,-3.138965129852295,0.0736878514289856
1427,36.22692084312439,0.9948345422744751,0.0,0.0,0.8726130127906799,-0.12317822873592377,-0.1718507558107376,3.1412785053253174,0.06106960028409958
1428,36.23909664154053,0.9948345422744751,0.0,0.0,0.8441880941390991,-0.09560265392065048,-0.11922678351402283,3.139047861099243,0.06659970432519913
1429,36.27371048927307,0.9948345422744751,0.0,0.0,0.8385411500930786,-0.04982828348875046,0.09712415933609009,3.1325011253356934,0.07630854845046997
1430,36.287410736083984,0.9948345422744751,0.0,0.0,0.8532080054283142,-0.01664624735713005,0.18273335695266724,3.1241421699523926,0.07322786003351212
1431,36.325459480285645,0.9948345422744751,0.0,0.0,0.8748436570167542,0.007153017446398735,0.1771233081817627,3.1187946796417236,0.061570893973112106
1432,36.34096956253052,0.9948345422744751,0.0,0.0,0.8910347819328308,0.03085162118077278,0.17172867059707642,3.116835355758667,0.05032096430659294
1433,36.38202404975891,0.9948345422744751,0.0,0.0,0.9091772437095642,0.05557744950056076,0.17872875928878784,3.1171798706054688,0.04221891984343529
1434,36.39259743690491,0.9948345422744751,0.0,0.0,0.9275837540626526,0.08235779404640198,0.20997010171413422,3.1182093620300293,0.035436008125543594
1435,36.43450450897217,0.9948345422744751,0.0,0.0,0.9445235133171082,0.10370093584060669,0.2989575266838074,3.119415521621704,0.028838535770773888
1436,36.45703458786011,0.9948345422744751,0.0,0.0,0.9582478404045105,0.1239655613899231,0.3041352331638336,3.121950387954712,0.024708149954676628
1437,36.50465440750122,0.9948345422744751,0.0,0.0,0.9517897963523865,0.14509905874729156,0.27139967679977417,3.121180534362793,0.02684887871146202
1438,36.516974449157715,0.9948345422744751,0.0,0.0,0.9397780299186707,0.1509505957365036,0.09565921127796173,3.1204018592834473,0.027689095586538315
1439,36.54935145378113,0.9948345422744751,0.0,0.0,0.91287761926651,0.13329976797103882,0.12285098433494568,3.124135732650757,0.02833446115255356
1440,36.5657844543457,0.9948345422744751,0.0,0.0,0.881120502948761,0.1020229160785675,-0.06766507029533386,3.133742332458496,0.02911754511296749
1441,36.59850192070007,0.9948345422744751,0.0,0.0,0.863761842250824,0.08482031524181366,-0.12120869010686874,-3.141021728515625,0.02846306934952736
1442,36.6104736328125,0.9948345422744751,0.0,0.0,0.8526274561882019,0.07197701185941696,-0.08808094263076782,-3.135988712310791,0.027900604531168938
1443,36.647682905197144,0.9948345422744751,0.0,0.0,0.8522215485572815,0.06251316517591476,-0.05483056604862213,-3.1321756839752197,0.027381258085370064
1444,36.66680455207825,0.9948345422744751,0.0,0.0,0.8567209243774414,0.05234066769480705,-0.02838902920484543,-3.1294260025024414,0.02635093964636326
1445,36.69898867607117,0.9948345422744751,0.0,0.0,0.8704203963279724,0.04521939530968666,-0.0061219558119773865,-3.128859281539917,0.024611564353108406
1446,36.718578577041626,0.9948345422744751,0.0,0.0,0.8889942169189453,0.040292803198099136,-0.0008685062639415264,-3.1321802139282227,0.02178797498345375
1447,36.75080966949463,0.9948345422744751,0.0,0.0,0.9101057648658752,0.03106812573969364,-0.0019089258275926113,-3.1383159160614014,0.020122738555073738
1448,36.76116943359375,0.9948345422744751,0.0,0.0,0.9322619438171387,0.017141103744506836,-0.011965041980147362,3.1405322551727295,0.02241392247378826
1449,36.788554430007935,0.9948345422744751,0.0,0.0,0.9600222706794739,0.0015401828568428755,-0.03626200556755066,3.1410696506500244,0.02924516424536705
1450,36.798426389694214,0.9948345422744751,0.0,0.0,1.0010385513305664,-0.009004541672766209,-0.24326956272125244,-3.1355886459350586,0.03976830840110779
1451,36.84122323989868,0.9948345422744751,0.0,0.0,0.9896755218505859,-0.001192254014313221,-0.2411188781261444,-3.130242109298706,0.044152289628982544
1452,36.85946774482727,0.9948345422744751,0.0,0.0,0.9602962732315063,0.03302846476435661,0.09683672338724136,-3.131406784057617,0.04601217433810234
1453,36.89136743545532,0.9948345422744751,0.0,0.0,0.9311964511871338,0.04937748983502388,0.2736380994319916,-3.139968156814575,0.04219542816281319
1454,36.90353488922119,0.9948345422744751,0.0,0.0,0.9241577982902527,0.04621394723653793,0.2166086733341217,3.134296417236328,0.04085562750697136
1455,36.933406591415405,0.9948345422744751,0.0,0.0,0.9300457239151001,0.039140988141298294,0.10836990177631378,3.1288726329803467,0.04319385066628456
1456,36.94452524185181,0.9948345422744751,0.0,0.0,0.9343972206115723,0.03745520859956741,0.05571009963750839,3.1266791820526123,0.04503552243113518
1457,36.983349323272705,0.9948345422744751,0.0,0.0,0.9315950274467468,0.03935657814145088,0.09472557157278061,3.1261796951293945,0.04525177925825119
1458,36.999106884002686,0.9948345422744751,0.0,0.0,0.9287441372871399,0.04490179941058159,0.14103206992149353,3.12734317779541,0.0455368235707283
1459,37.040884017944336,0.9948345422744751,0.0,0.0,0.928460419178009,0.052728213369846344,0.13793528079986572,3.1305370330810547,0.04654065892100334
1460,37.05433511734009,0.9948345422744751,0.0,0.0,0.9360909461975098,0.06220065429806709,0.1251232624053955,3.134816884994507,0.050972919911146164
1461,37.089733839035034,0.9948345422744751,0.0,0.0,0.9481865763664246,0.0752820074558258,0.055004216730594635,3.1370327472686768,0.06014807149767876
1462,37.104461908340454,0.9948345422744751,0.0,0.0,0.9584240317344666,0.08691918849945068,-0.045743428170681,3.1309120655059814,0.07580304890871048
1463,37.13709998130798,0.9948345422744751,0.0,0.0,0.9681764841079712,0.09126731753349304,0.004493054002523422,3.1175613403320312,0.0934528261423111
1464,37.14930462837219,0.9948345422744751,0.0,0.0,0.9680155515670776,0.07501260191202164,0.22652237117290497,3.1063647270202637,0.10576003789901733
1465,37.18009805679321,0.9948345422744751,0.0,0.0,0.9437584280967712,0.03939575329422951,0.23755231499671936,3.108685255050659,0.11172374337911606
1466,37.198097229003906,0.9948345422744751,0.0,0.0,0.9159786701202393,0.009855566546320915,0.06244269758462906,3.1226680278778076,0.11201006919145584
1467,37.2317373752594,0.9948345422744751,0.0,0.0,0.9005482792854309,-0.006665416527539492,-0.06495638936758041,3.135978937149048,0.10694961994886398
1468,37.2484929561615,0.9948345422744751,0.0,0.0,0.8811219334602356,-0.018510917201638222,-0.1707535982131958,-3.13852858543396,0.09921085089445114
1469,37.2833411693573,0.9948345422744751,0.0,0.0,0.8670684695243835,-0.030814364552497864,-0.15702855587005615,-3.132828712463379,0.09425022453069687
1470,37.30390524864197,0.9948345422744751,0.0,0.0,0.8582099676132202,-0.04239737242460251,-0.169816255569458,-3.1275835037231445,0.09121967107057571
1471,37.33902359008789,0.9948345422744751,0.0,0.0,0.854413628578186,-0.053400881588459015,-0.17816181480884552,-3.122279167175293,0.08770924061536789
1472,37.35236620903015,0.9948345422744751,0.0,0.0,0.8603883981704712,-0.06300463527441025,-0.13136038184165955,-3.1195056438446045,0.08268629759550095
1473,37.3857364654541,0.9948345422744751,0.0,0.0,0.8738779425621033,-0.07385404407978058,-0.06165815889835358,-3.121096611022949,0.07662831246852875
1474,37.401498317718506,0.9948345422744751,0.0,0.0,0.9065107703208923,-0.09108850359916687,-0.022517133504152298,-3.124502658843994,0.06949187815189362
1475,37.43183135986328,0.9948345422744751,0.0,0.0,0.913459300994873,-0.10550669580698013,-0.16531670093536377,-3.1263813972473145,0.055565956979990005
1476,37.454702854156494,0.9948345422744751,0.0,0.0,0.8943511247634888,-0.09365558624267578,-0.1612813025712967,-3.124924421310425,0.05480295792222023
1477,37.490570306777954,0.9948345422744751,0.0,0.0,0.8799880146980286,-0.0528804287314415,0.06528106331825256,-3.129865884780884,0.06185899302363396
1478,37.517160415649414,0.9948345422744751,0.0,0.0,0.8925290107727051,-0.024763846769928932,0.18050983548164368,-3.1397390365600586,0.06020018085837364
1479,37.55879831314087,0.9948345422744751,0.0,0.0,0.925542950630188,-0.008701441809535027,0.18990075588226318,3.136239767074585,0.04917021468281746
1480,37.573023557662964,0.9948345422744751,0.0,0.0,0.960281252861023,0.0027197860181331635,0.15572011470794678,3.133173704147339,0.03648323938250542
1481,37.606810092926025,0.9948345422744751,0.0,0.0,0.9892730712890625,0.016671082004904747,0.1918542981147766,3.134328603744507,0.026958921924233437
1482,37.62200927734375,0.9948345422744751,0.0,0.0,1.0082437992095947,0.02856992371380329,0.271559476852417,3.1400580406188965,0.021580208092927933
1483,37.655625343322754,0.9948345422744751,0.0,0.0,1.0250810384750366,0.03742464259266853,0.3689783215522766,-3.1338400840759277,0.018509510904550552
1484,37.66796565055847,0.9948345422744751,0.0,0.0,1.0311311483383179,0.042249202728271484,0.43180862069129944,-3.1284561157226562,0.019534839317202568
1485,37.70078492164612,0.9948345422744751,0.0,0.0,0.9708649516105652,0.05457448214292526,0.2366294115781784,-3.1344058513641357,0.03161182254552841
1486,37.712177991867065,0.9948345422744751,0.0,0.0,0.9722253680229187,0.04762884974479675,-0.012813911773264408,3.1404874324798584,0.026751650497317314
1487,37.74444603919983,0.9948345422744751,0.0,0.0,0.9269194006919861,0.01849915273487568,0.14614343643188477,3.1412041187286377,0.016407666727900505
1488,37.756447315216064,0.9948345422744751,0.0,0.0,0.8778459429740906,-0.0027514377143234015,0.07786185294389725,-3.135462760925293,0.015582859516143799
1489,37.792113304138184,0.9948345422744751,0.0,0.0,0.8559541702270508,-0.010842238552868366,0.00913267396390438,-3.1335513591766357,0.02060672640800476
1490,37.80708336830139,0.9948345422744751,0.0,0.0,0.8492697477340698,-0.01609392836689949,0.021537484601140022,-3.137977361679077,0.025825366377830505
1491,37.84513473510742,0.9948345422744751,0.0,0.0,0.8529800176620483,-0.019037174060940742,0.028363611549139023,3.138679027557373,0.027664611116051674
1492,37.86076474189758,0.9948345422744751,0.0,0.0,0.8565512895584106,-0.02725132927298546,0.040114324539899826,3.1328349113464355,0.02682897076010704
1493,37.954283714294434,0.9948345422744751,0.0,0.0,0.8668522238731384,-0.041602153331041336,0.07013336569070816,3.1292693614959717,0.0253398809581995
1494,37.976208209991455,0.9948345422744751,0.0,0.0,0.8871992826461792,-0.05852414295077324,0.06297916173934937,3.1281909942626953,0.023490330204367638
1495,38.013975620269775,0.9948345422744751,0.0,0.0,0.916084349155426,-0.07489658892154694,0.13059397041797638,3.1288421154022217,0.02347717247903347
1496,38.02671813964844,0.9948345422744751,0.0,0.0,0.9498928189277649,-0.08862708508968353,0.11741585284471512,3.1316118240356445,0.025952396914362907
1497,38.067543506622314,0.9948345422744751,0.0,0.0,0.9729911684989929,-0.10594457387924194,0.13790607452392578,3.1397368907928467,0.03376726806163788
1498,38.08231163024902,0.9948345422744751,0.0,0.0,0.9982367753982544,-0.11037275940179825,0.07409990578889847,-3.1297543048858643,0.04575960338115692
1499,38.12197756767273,0.9948345422744751,0.0,0.0,0.9767154455184937,-0.09403880685567856,-0.012698490172624588,-3.1206419467926025,0.04959923028945923
1500,38.13382172584534,0.9948345422744751,0.0,0.0,0.9424031972885132,-0.06171529367566109,0.024320324882864952,-3.123081922531128,0.049282751977443695
