t_step,wall_time_s,cmd_vx,cmd_vy,cmd_wz,act_vx,act_vy,act_wz,roll,pitch
0,0.028522968292236328,0.5667065382003784,0.0,0.0,-0.05793812870979309,0.02029675804078579,0.30487412214279175,-3.1368956565856934,-0.003201622748747468
1,0.258347749710083,0.5667065382003784,0.0,0.0,-0.05007343739271164,0.015167723409831524,0.14231880009174347,-3.1250624656677246,-0.024268358945846558
2,0.2906608581542969,0.5667065382003784,0.0,0.0,-0.04788542911410332,0.009431872516870499,0.050048936158418655,-3.1124494075775146,-0.0479554608464241
3,0.32399845123291016,0.5667065382003784,0.0,0.0,-0.04054354876279831,0.0026593271177262068,0.07562462240457535,-3.103478193283081,-0.06728294491767883
4,0.335193395614624,0.5667065382003784,0.0,0.0,-0.028909750282764435,-0.0029507577419281006,0.1835622489452362,-3.0975043773651123,-0.08125000447034836
5,0.37157368659973145,0.5667065382003784,0.0,0.0,-0.005802634172141552,-0.011210213415324688,0.3199903666973114,-3.0926480293273926,-0.09221898019313812
6,0.3841526508331299,0.5667065382003784,0.0,0.0,0.016370410099625587,-0.01724528707563877,0.44528841972351074,-3.0912363529205322,-0.10309591144323349
7,0.42621922492980957,0.5667065382003784,0.0,0.0,0.03902880847454071,-0.01972620189189911,0.5505924820899963,-3.094043493270874,-0.1102570965886116
8,0.43659400939941406,0.5667065382003784,0.0,0.0,0.05736864358186722,-0.01517646387219429,0.5703033208847046,-3.1019673347473145,-0.11127681285142899
9,0.4690706729888916,0.5667065382003784,0.0,0.0,0.044545114040374756,-0.004148218780755997,0.5159488916397095,-3.1134445667266846,-0.09729663282632828
10,0.48580384254455566,0.5667065382003784,0.0,0.0,0.0805101990699768,-0.2932625412940979,0.7322636246681213,-3.112440586090088,-0.06015486642718315
11,0.526667594909668,0.5667065382003784,0.0,0.0,0.00881835538893938,-0.24581332504749298,0.5884685516357422,-3.0032434463500977,-0.06973803043365479
12,0.5393564701080322,0.5667065382003784,0.0,0.0,-0.039546504616737366,-0.12961287796497345,0.10791100561618805,-2.961073637008667,-0.05562406778335571
13,0.5742182731628418,0.5667065382003784,0.0,0.0,-0.0705493688583374,-0.025012938305735588,-0.2523525655269623,-2.9410476684570312,-0.06014801561832428
14,0.5850639343261719,0.5667065382003784,0.0,0.0,-0.10264039039611816,0.015427426435053349,-0.08389817178249359,-2.9145965576171875,-0.07349839061498642
15,0.6165528297424316,0.5667065382003784,0.0,0.0,-0.12323901057243347,0.031533483415842056,0.07618837058544159,-2.8869428634643555,-0.07659564912319183
16,0.6285512447357178,0.5667065382003784,0.0,0.0,-0.13273587822914124,0.03395653888583183,0.11138322949409485,-2.8705034255981445,-0.07064863294363022
17,0.6595439910888672,0.5667065382003784,0.0,0.0,-0.12450232356786728,0.03927312791347504,0.1724761426448822,-2.874215602874756,-0.06152631342411041
18,0.6714656352996826,0.5667065382003784,0.0,0.0,-0.1121324747800827,0.054526437073946,0.4512910842895508,-2.903607130050659,-0.054760389029979706
19,0.7020101547241211,0.5667065382003784,0.0,0.0,-0.05283891409635544,0.031104158610105515,0.011163294315338135,-2.9522411823272705,-0.04892272502183914
20,0.7174544334411621,0.5667065382003784,0.0,0.0,-0.01866389438509941,0.018992753699421883,0.33728116750717163,-2.974851608276367,-0.05627615377306938
21,0.7480878829956055,0.5667065382003784,0.0,0.0,0.11003705114126205,-0.0460234135389328,-0.6849576234817505,-2.983384132385254,-0.06132414564490318
22,0.7637290954589844,0.5667065382003784,0.0,0.0,0.09474319219589233,-0.0036798242945224047,-0.07495790719985962,-2.9792397022247314,-0.07498525828123093
23,0.7932050228118896,0.5667065382003784,0.0,0.0,0.08325415849685669,0.027881775051355362,0.16905705630779266,-2.9836506843566895,-0.07483664900064468
24,0.8075182437896729,0.5667065382003784,0.0,0.0,0.09429571032524109,0.048643968999385834,0.10900569707155228,-2.9854414463043213,-0.07729945331811905
25,0.8389480113983154,0.5667065382003784,0.0,0.0,0.11338473856449127,0.05714598298072815,0.0761866644024849,-2.981577157974243,-0.09175853431224823
26,0.8536944389343262,0.5667065382003784,0.0,0.0,0.13095834851264954,0.0751267746090889,0.15371794998645782,-2.977169990539551,-0.10936158895492554
27,0.8881165981292725,0.5667065382003784,0.0,0.0,0.1630907505750656,0.09096014499664307,0.2771509289741516,-2.9748082160949707,-0.12613500654697418
28,0.9072651863098145,0.5667065382003784,0.0,0.0,0.2111154943704605,0.08496184647083282,0.3439233601093292,-2.9740025997161865,-0.13725462555885315
29,0.937507152557373,0.5667065382003784,0.0,0.0,0.28074270486831665,0.03976437449455261,0.3460889756679535,-2.97237229347229,-0.13830362260341644
30,0.9492933750152588,0.5667065382003784,0.0,0.0,0.3743908107280731,-0.0250691045075655,0.032949212938547134,-2.9678444862365723,-0.135785773396492
31,0.9796161651611328,0.5667065382003784,0.0,0.0,0.4581986367702484,-0.05600237101316452,-0.11635079234838486,-2.9643869400024414,-0.14129626750946045
32,0.9924607276916504,0.5667065382003784,0.0,0.0,0.5012401342391968,-0.06176585704088211,0.11660745739936829,-2.963531255722046,-0.14653636515140533
33,1.0235683917999268,0.5667065382003784,0.0,0.0,0.5124418139457703,-0.08032706379890442,0.25939109921455383,-2.9630157947540283,-0.13947638869285583
34,1.0382084846496582,0.5667065382003784,0.0,0.0,0.519104540348053,-0.11171536892652512,0.2231098860502243,-2.9564216136932373,-0.12233369052410126
35,1.0689387321472168,0.5667065382003784,0.0,0.0,0.5343230962753296,-0.1091737225651741,-0.05833171308040619,-2.9529988765716553,-0.11733389645814896
36,1.0900046825408936,0.5667065382003784,0.0,0.0,0.521555483341217,-0.08211744576692581,-0.059672772884368896,-2.9606666564941406,-0.1183687075972557
37,1.1268062591552734,0.5667065382003784,0.0,0.0,0.512675940990448,-0.049176931381225586,0.10443510860204697,-2.975957155227661,-0.12166130542755127
38,1.1381425857543945,0.5667065382003784,0.0,0.0,0.5224143266677856,-0.024803081527352333,0.24391010403633118,-2.991018772125244,-0.12197550386190414
39,1.1648609638214111,0.5667065382003784,0.0,0.0,0.5548329949378967,-0.01107899658381939,0.29988956451416016,-3.006549596786499,-0.11793281883001328
40,1.175225019454956,0.5667065382003784,0.0,0.0,0.5961949229240417,-0.008933503180742264,0.24113686382770538,-3.0220327377319336,-0.11496981978416443
41,1.2019588947296143,0.5667065382003784,0.0,0.0,0.6267082691192627,-0.013476409018039703,0.1871672123670578,-3.03544282913208,-0.11630300432443619
42,1.2130002975463867,0.5667065382003784,0.0,0.0,0.6448401212692261,-0.02142138034105301,0.18557476997375488,-3.046426773071289,-0.11875616014003754
43,1.2430188655853271,0.5667065382003784,0.0,0.0,0.6617908477783203,-0.03131524473428726,0.22136668860912323,-3.054734230041504,-0.11961014568805695
44,1.2566421031951904,0.5667065382003784,0.0,0.0,0.6736143231391907,-0.04145471751689911,0.280160516500473,-3.0622847080230713,-0.11650876700878143
45,1.2861244678497314,0.5667065382003784,0.0,0.0,0.6861597895622253,-0.0525987409055233,0.34717050194740295,-3.0743649005889893,-0.10449957847595215
46,1.298638105392456,0.5667065382003784,0.0,0.0,0.6507813334465027,-0.06694003939628601,0.20830963551998138,-3.0949547290802,-0.08398924767971039
47,1.328402042388916,0.5667065382003784,0.0,0.0,0.6177165508270264,-0.07906676083803177,0.2418036013841629,-3.0991296768188477,-0.08117357641458511
48,1.3419203758239746,0.5667065382003784,0.0,0.0,0.5542019009590149,-0.09348051995038986,0.16370627284049988,-3.090304136276245,-0.07580980658531189
49,1.3718805313110352,0.5667065382003784,0.0,0.0,0.5042803287506104,-0.09847138077020645,0.14123402535915375,-3.0833451747894287,-0.059013731777668
50,1.3835327625274658,0.5667065382003784,0.0,0.0,0.4790228307247162,-0.10005269199609756,0.006590310484170914,-3.0849344730377197,-0.03794584423303604
51,1.4132516384124756,0.5667065382003784,0.0,0.0,0.46481430530548096,-0.10681217908859253,0.03482286259531975,-3.0926337242126465,-0.01798275299370289
52,1.427940845489502,0.5667065382003784,0.0,0.0,0.4584174156188965,-0.11734487116336823,0.20406261086463928,-3.099210023880005,0.0011975049274042249
53,1.4570345878601074,0.5667065382003784,0.0,0.0,0.47909992933273315,-0.1126646175980568,0.0533185712993145,-3.103469133377075,0.012383446097373962
54,1.469095230102539,0.5667065382003784,0.0,0.0,0.46682024002075195,-0.09314513951539993,0.022218111902475357,-3.1106228828430176,0.006841491907835007
55,1.4999723434448242,0.5667065382003784,0.0,0.0,0.4376198947429657,-0.07092629373073578,0.13767673075199127,-3.1162073612213135,0.010801892727613449
56,1.511932134628296,0.5667065382003784,0.0,0.0,0.427213191986084,-0.044282183051109314,0.1550375074148178,-3.118576765060425,0.023376883938908577
57,1.5423743724822998,0.5667065382003784,0.0,0.0,0.4307604432106018,-0.01293900702148676,0.11322643607854843,-3.120821952819824,0.030436210334300995
58,1.5551526546478271,0.5667065382003784,0.0,0.0,0.43488314747810364,0.022422147914767265,0.14087973535060883,-3.1255640983581543,0.02856592833995819
59,1.5854318141937256,0.5667065382003784,0.0,0.0,0.43961101770401,0.05524320527911186,0.1739475429058075,-3.1322691440582275,0.020897168666124344
60,1.5977118015289307,0.5667065382003784,0.0,0.0,0.44119903445243835,0.0862642303109169,0.21352656185626984,-3.1404573917388916,0.013799471780657768
61,1.6311180591583252,0.5667065382003784,0.0,0.0,0.4327061176300049,0.11678418517112732,0.19743195176124573,3.131035089492798,0.007033642381429672
62,1.643296718597412,0.5667065382003784,0.0,0.0,0.4344751536846161,0.1250055581331253,0.2798745036125183,3.123047113418579,-0.0036321450024843216
63,1.673870325088501,0.5667065382003784,0.0,0.0,0.42854663729667664,0.10282444208860397,0.22595158219337463,3.12038516998291,-0.005748512223362923
64,1.6846535205841064,0.5667065382003784,0.0,0.0,0.4348132908344269,0.07312539219856262,0.002063757972791791,3.123885154724121,-0.0004595584759954363
65,1.7155673503875732,0.5667065382003784,0.0,0.0,0.45142871141433716,0.056245747953653336,-0.08722434192895889,3.1266191005706787,0.00453092809766531
66,1.727473258972168,0.5667065382003784,0.0,0.0,0.47342029213905334,0.04671843349933624,-0.036291077733039856,3.1258466243743896,0.009539216756820679
67,1.7574985027313232,0.5667065382003784,0.0,0.0,0.5012332797050476,0.04231615737080574,0.05043324828147888,3.122006416320801,0.014263911172747612
68,1.7683594226837158,0.5667065382003784,0.0,0.0,0.527666449546814,0.03873879835009575,0.10203895717859268,3.115959405899048,0.018263349309563637
69,1.8107099533081055,0.5667065382003784,0.0,0.0,0.552759051322937,0.02941315807402134,0.10168086737394333,3.111260414123535,0.022901790216565132
70,1.8283939361572266,0.5667065382003784,0.0,0.0,0.5679447650909424,0.016082024201750755,0.038120947778224945,3.114121437072754,0.029094116762280464
71,1.8604331016540527,0.5667065382003784,0.0,0.0,0.5791336297988892,0.01683478057384491,-0.2226506769657135,3.1244924068450928,0.03657185286283493
72,1.8737289905548096,0.5667065382003784,0.0,0.0,0.5589132905006409,0.043467260897159576,-0.13310123980045319,3.130483388900757,0.04029356315732002
73,1.9043269157409668,0.5667065382003784,0.0,0.0,0.5344628691673279,0.07692874222993851,0.1292264312505722,3.1278998851776123,0.0431356206536293
74,1.9160306453704834,0.5667065382003784,0.0,0.0,0.5197868943214417,0.09839989989995956,0.24074959754943848,3.120466470718384,0.04235335439443588
75,1.947683572769165,0.5667065382003784,0.0,0.0,0.5167719125747681,0.1078786551952362,0.25787681341171265,3.1146106719970703,0.04003205522894859
76,1.9598731994628906,0.5667065382003784,0.0,0.0,0.5134579539299011,0.11243195831775665,0.3049571216106415,3.1128628253936768,0.03729037195444107
77,1.998488187789917,0.5667065382003784,0.0,0.0,0.502877950668335,0.11770705133676529,0.357601523399353,3.114173412322998,0.03645440563559532
78,2.010680675506592,0.5667065382003784,0.0,0.0,0.48681187629699707,0.12241162359714508,0.3227144181728363,3.117161512374878,0.03871854394674301
79,2.0413358211517334,0.5667065382003784,0.0,0.0,0.4515496790409088,0.1264590322971344,0.13452847301959991,3.118922710418701,0.04427894204854965
80,2.063427448272705,0.5667065382003784,0.0,0.0,0.4361017942428589,0.09770473092794418,0.27353498339653015,3.1230006217956543,0.044032931327819824
81,2.0929677486419678,0.5667065382003784,0.0,0.0,0.42220938205718994,0.04701361432671547,0.19067007303237915,3.132840871810913,0.04618530347943306
82,2.1047849655151367,0.5667065382003784,0.0,0.0,0.41974180936813354,-0.0011218339204788208,-0.04941666126251221,-3.1379036903381348,0.05225639417767525
83,2.1359598636627197,0.5667065382003784,0.0,0.0,0.4190552830696106,-0.04652783274650574,-0.22804798185825348,-3.1249868869781494,0.05491170659661293
84,2.1490986347198486,0.5667065382003784,0.0,0.0,0.4181796908378601,-0.0841664969921112,-0.33804407715797424,-3.110880136489868,0.05454357713460922
85,2.186223268508911,0.5667065382003784,0.0,0.0,0.4180835783481598,-0.11061172932386398,-0.40029269456863403,-3.098548173904419,0.052375536412000656
86,2.200298547744751,0.5667065382003784,0.0,0.0,0.4383713901042938,-0.11922827363014221,-0.4573821425437927,-3.091175079345703,0.045649513602256775
87,2.2320566177368164,0.5667065382003784,0.0,0.0,0.4309743344783783,-0.10900712013244629,-0.2836368680000305,-3.0890750885009766,0.03614678606390953
88,2.2457778453826904,0.5667065382003784,0.0,0.0,0.4270336329936981,-0.08261197060346603,0.0623992495238781,-3.086625576019287,0.037659432739019394
89,2.276848316192627,0.5667065382003784,0.0,0.0,0.4430232644081116,-0.058690089732408524,0.30038145184516907,-3.0817887783050537,0.04249938204884529
90,2.289970874786377,0.5667065382003784,0.0,0.0,0.4659300148487091,-0.04118281602859497,0.2912741005420685,-3.0744571685791016,0.04283013194799423
91,2.317061424255371,0.5667065382003784,0.0,0.0,0.48840397596359253,-0.020258156582713127,0.20945335924625397,-3.0677835941314697,0.03932715579867363
92,2.3273746967315674,0.5667065382003784,0.0,0.0,0.5079659819602966,0.0006746716098859906,0.15160365402698517,-3.064375400543213,0.03511131554841995
93,2.356264591217041,0.5667065382003784,0.0,0.0,0.5258563756942749,0.01847231574356556,0.1037435457110405,-3.064967632293701,0.03207041323184967
94,2.367687225341797,0.5667065382003784,0.0,0.0,0.53705233335495,0.024029282853007317,0.11397967487573624,-3.0719170570373535,0.03252536430954933
95,2.3979814052581787,0.5667065382003784,0.0,0.0,0.5470944046974182,0.02492603100836277,0.051346082240343094,-3.0841257572174072,0.03885571286082268
96,2.4139859676361084,0.5667065382003784,0.0,0.0,0.5592808723449707,0.027140844613313675,0.06062543764710426,-3.092880964279175,0.047933634370565414
97,2.4476306438446045,0.5667065382003784,0.0,0.0,0.5573989748954773,0.02922872267663479,0.15194861590862274,-3.0987884998321533,0.05824655294418335
98,2.4598591327667236,0.5667065382003784,0.0,0.0,0.5618924498558044,0.007443116512149572,0.32281145453453064,-3.0924670696258545,0.05644803121685982
99,2.492802619934082,0.5667065382003784,0.0,0.0,0.5395596623420715,-0.02450578846037388,0.11648131906986237,-3.0804264545440674,0.05268959701061249
100,2.505403995513916,0.5667065382003784,0.0,0.0,0.5125226378440857,-0.05233994871377945,-0.10614415258169174,-3.0701591968536377,0.04933289438486099
101,2.537637948989868,0.5667065382003784,0.0,0.0,0.4949117600917816,-0.0702846497297287,-0.18106848001480103,-3.065953016281128,0.050408296287059784
102,2.54937744140625,0.5667065382003784,0.0,0.0,0.4892377555370331,-0.08662360161542892,-0.11096373200416565,-3.065202474594116,0.05602390691637993
103,2.580237865447998,0.5667065382003784,0.0,0.0,0.48630720376968384,-0.10854829847812653,-0.02610679902136326,-3.064833641052246,0.06238994374871254
104,2.592022180557251,0.5667065382003784,0.0,0.0,0.5082851648330688,-0.11398746818304062,-0.27745288610458374,-3.065196990966797,0.06072302162647247
105,2.6233813762664795,0.5667065382003784,0.0,0.0,0.49269965291023254,-0.09473679214715958,-0.2066906988620758,-3.069272518157959,0.052093833684921265
106,2.6340558528900146,0.5667065382003784,0.0,0.0,0.4742792546749115,-0.06014705076813698,0.04578809440135956,-3.0736052989959717,0.056765928864479065
107,2.6667017936706543,0.5667065382003784,0.0,0.0,0.4854418933391571,-0.028833827003836632,0.17228734493255615,-3.0755255222320557,0.06273745745420456
108,2.679459571838379,0.5667065382003784,0.0,0.0,0.5054693818092346,-0.0018259455682709813,0.1396816372871399,-3.0739963054656982,0.05835190415382385
109,2.7118496894836426,0.5667065382003784,0.0,0.0,0.5233100056648254,0.02456005848944187,0.10038188844919205,-3.071751356124878,0.047469399869441986
110,2.724203109741211,0.5667065382003784,0.0,0.0,0.5306015610694885,0.04526565596461296,0.1483236849308014,-3.071847438812256,0.03725298494100571
111,2.7566611766815186,0.5667065382003784,0.0,0.0,0.5209919214248657,0.06443917751312256,0.18179431557655334,-3.0765252113342285,0.029103869572281837
112,2.7680180072784424,0.5667065382003784,0.0,0.0,0.5156525373458862,0.06487012654542923,0.24971231818199158,-3.0777676105499268,0.017049185931682587
113,2.799067735671997,0.5667065382003784,0.0,0.0,0.4953521490097046,0.045639194548130035,0.23941569030284882,-3.07643985748291,0.013186115771532059
114,2.8111824989318848,0.5667065382003784,0.0,0.0,0.47626158595085144,0.014554448425769806,-0.0016486771637573838,-3.0728938579559326,0.015574040822684765
115,2.8451015949249268,0.5667065382003784,0.0,0.0,0.46289294958114624,-0.007199656218290329,-0.1614477038383484,-3.070079803466797,0.019880102947354317
116,2.8568155765533447,0.5667065382003784,0.0,0.0,0.45897218585014343,-0.023283757269382477,-0.15860216319561005,-3.0704054832458496,0.02761525847017765
117,2.888763189315796,0.5667065382003784,0.0,0.0,0.46351975202560425,-0.03721485286951065,-0.0940585732460022,-3.0724430084228516,0.03605860099196434
118,2.8996448516845703,0.5667065382003784,0.0,0.0,0.47242799401283264,-0.04994921386241913,0.015036869794130325,-3.0752336978912354,0.04417860135436058
119,2.9308977127075195,0.5667065382003784,0.0,0.0,0.4819474220275879,-0.06871102750301361,0.09071599692106247,-3.076475143432617,0.05253097042441368
120,2.9434540271759033,0.5667065382003784,0.0,0.0,0.5078638195991516,-0.07604340463876724,-0.02103189006447792,-3.076098680496216,0.05362093448638916
121,2.974702835083008,0.5667065382003784,0.0,0.0,0.4984302818775177,-0.07201524823904037,-0.029342519119381905,-3.0750975608825684,0.05076243728399277
122,2.985961437225342,0.5667065382003784,0.0,0.0,0.48633044958114624,-0.057216014713048935,-0.02642008475959301,-3.073127031326294,0.05694005265831947
123,3.017547369003296,0.5667065382003784,0.0,0.0,0.48991823196411133,-0.027442485094070435,0.01720300316810608,-3.0741488933563232,0.0611751563847065
124,3.0298190116882324,0.5667065382003784,0.0,0.0,0.5012593865394592,0.0007332235109061003,0.05945676192641258,-3.0813279151916504,0.054947078227996826
125,3.0630786418914795,0.5667065382003784,0.0,0.0,0.5131049752235413,0.021568382158875465,0.08887588232755661,-3.0909297466278076,0.04333404451608658
126,3.077371597290039,0.5667065382003784,0.0,0.0,0.5177785158157349,0.03913261741399765,0.15133585035800934,-3.0997154712677,0.032804474234580994
127,3.1098310947418213,0.5667065382003784,0.0,0.0,0.5211074352264404,0.05645855888724327,0.22696422040462494,-3.1066508293151855,0.026197249069809914
128,3.122297763824463,0.5667065382003784,0.0,0.0,0.5263948440551758,0.06850926578044891,0.2955811023712158,-3.1113526821136475,0.021874142810702324
129,3.155496835708618,0.5667065382003784,0.0,0.0,0.5211264491081238,0.07351914793252945,0.3783150911331177,-3.1169803142547607,0.02238272875547409
130,3.16636061668396,0.5667065382003784,0.0,0.0,0.5135294198989868,0.07923794537782669,0.27248960733413696,-3.124742031097412,0.032597653567790985
131,3.201437473297119,0.5667065382003784,0.0,0.0,0.5152174830436707,0.09481438249349594,-0.028910784050822258,-3.1311819553375244,0.03487018123269081
132,3.2137930393218994,0.5667065382003784,0.0,0.0,0.5143733620643616,0.08795538544654846,0.13848723471164703,-3.1269493103027344,0.02518467605113983
133,3.244549036026001,0.5667065382003784,0.0,0.0,0.49580225348472595,0.06803109496831894,0.1459355652332306,-3.1191132068634033,0.02405671961605549
134,3.2568211555480957,0.5667065382003784,0.0,0.0,0.4781661927700043,0.03982141986489296,-0.00999909546226263,-3.1103107929229736,0.026598595082759857
135,3.2904698848724365,0.5667065382003784,0.0,0.0,0.4637889564037323,0.012894416227936745,-0.14750808477401733,-3.102775812149048,0.027898112311959267
136,3.30228328704834,0.5667065382003784,0.0,0.0,0.4563758373260498,-0.008779498748481274,-0.13115571439266205,-3.098599672317505,0.028560061007738113
137,3.340984344482422,0.5667065382003784,0.0,0.0,0.4549371600151062,-0.02636810950934887,-0.10900367796421051,-3.0956854820251465,0.029858363792300224
138,3.35545015335083,0.5667065382003784,0.0,0.0,0.4551946520805359,-0.04516485333442688,-0.08571004122495651,-3.093247890472412,0.03195773810148239
139,3.3874707221984863,0.5667065382003784,0.0,0.0,0.4602259695529938,-0.0630028024315834,-0.05052240565419197,-3.09187650680542,0.03500398248434067
140,3.3983700275421143,0.5667065382003784,0.0,0.0,0.47596654295921326,-0.07580772042274475,-0.050208088010549545,-3.0917515754699707,0.03759659826755524
141,3.4296045303344727,0.5667065382003784,0.0,0.0,0.4755386412143707,-0.08453847467899323,-0.05834281072020531,-3.0915751457214355,0.03538908064365387
142,3.4399518966674805,0.5667065382003784,0.0,0.0,0.4651419222354889,-0.08506608754396439,-0.0373394750058651,-3.0854387283325195,0.040362998843193054
143,3.478641986846924,0.5667065382003784,0.0,0.0,0.45868244767189026,-0.07063715904951096,-0.00810768362134695,-3.077988624572754,0.050448283553123474
144,3.4969799518585205,0.5667065382003784,0.0,0.0,0.45719993114471436,-0.043604202568531036,0.11006632447242737,-3.0769076347351074,0.055962108075618744
145,3.526512861251831,0.5667065382003784,0.0,0.0,0.4674554467201233,-0.02653392218053341,0.14199981093406677,-3.0797383785247803,0.051542628556489944
146,3.5546839237213135,0.5667065382003784,0.0,0.0,0.4767749607563019,-0.012002216652035713,0.17590674757957458,-3.082050323486328,0.04161035269498825
147,3.5886597633361816,0.5667065382003784,0.0,0.0,0.48437702655792236,0.0014485310530290008,0.23804613947868347,-3.084378957748413,0.03263549879193306
148,3.599496841430664,0.5667065382003784,0.0,0.0,0.4898782968521118,0.013766658492386341,0.2407703399658203,-3.0862224102020264,0.026075642555952072
149,3.6343820095062256,0.5667065382003784,0.0,0.0,0.49693670868873596,0.02876538410782814,0.23717661201953888,-3.0873844623565674,0.020890306681394577
150,3.646742820739746,0.5667065382003784,0.0,0.0,0.5066164135932922,0.043040931224823,0.22103045880794525,-3.0883870124816895,0.017040247097611427
151,3.6768717765808105,0.5667065382003784,0.0,0.0,0.515205442905426,0.053916286677122116,0.20147953927516937,-3.0896010398864746,0.015358103439211845
152,3.688687562942505,0.5667065382003784,0.0,0.0,0.5190503001213074,0.05933021754026413,0.18964232504367828,-3.0929341316223145,0.018641185015439987
153,3.718611240386963,0.5667065382003784,0.0,0.0,0.5011683702468872,0.06685325503349304,0.06042899936437607,-3.09895920753479,0.025965893641114235
154,3.7315919399261475,0.5667065382003784,0.0,0.0,0.5189017057418823,0.05114900320768356,0.2626720666885376,-3.097358465194702,0.02144813723862171
155,3.7669689655303955,0.5667065382003784,0.0,0.0,0.49731895327568054,0.01700342632830143,0.19027608633041382,-3.0903921127319336,0.019400736317038536
156,3.778984546661377,0.5667065382003784,0.0,0.0,0.47194090485572815,-0.022548137232661247,-0.09998033195734024,-3.080399990081787,0.020121930167078972
157,3.8095037937164307,0.5667065382003784,0.0,0.0,0.44777899980545044,-0.054381102323532104,-0.24449294805526733,-3.0728721618652344,0.02244364470243454
158,3.8215088844299316,0.5667065382003784,0.0,0.0,0.43853405117988586,-0.07522828876972198,-0.27131199836730957,-3.0689122676849365,0.03010636568069458
159,3.852496385574341,0.5667065382003784,0.0,0.0,0.44038617610931396,-0.08800958842039108,-0.2531852126121521,-3.0680091381073,0.03958767652511597
160,3.8644442558288574,0.5667065382003784,0.0,0.0,0.439560204744339,-0.09852025657892227,-0.1877233386039734,-3.068967819213867,0.05013245344161987
161,3.8946914672851562,0.5667065382003784,0.0,0.0,0.4400799870491028,-0.11956693232059479,0.12328114360570908,-3.0695018768310547,0.064870685338974
162,3.9063498973846436,0.5667065382003784,0.0,0.0,0.44135862588882446,-0.11616554856300354,0.06225891783833504,-3.0685291290283203,0.07338294386863708
163,3.942368745803833,0.5667065382003784,0.0,0.0,0.4358571767807007,-0.1022702157497406,0.010876862332224846,-3.066877603530884,0.08090470731258392
164,3.9611639976501465,0.5667065382003784,0.0,0.0,0.4316363036632538,-0.07489194720983505,-0.040530670434236526,-3.06740403175354,0.08703704923391342
165,3.992814540863037,0.5667065382003784,0.0,0.0,0.4345540702342987,-0.04298432916402817,0.02314087189733982,-3.073598861694336,0.08601649850606918
166,4.016832113265991,0.5667065382003784,0.0,0.0,0.4413546919822693,-0.02092042937874794,0.0583762526512146,-3.081432342529297,0.07807806134223938
167,4.0521368980407715,0.5667065382003784,0.0,0.0,0.4455576539039612,-0.00026659047580324113,0.12184574455022812,-3.0878689289093018,0.06846572458744049
168,4.065398454666138,0.5667065382003784,0.0,0.0,0.4514067769050598,0.01975087635219097,0.1929430365562439,-3.0933618545532227,0.060760196298360825
169,4.096679210662842,0.9855608940124512,0.0,0.0,0.45966488122940063,0.03692314401268959,0.19249019026756287,-3.09726881980896,0.05419323965907097
170,4.112165451049805,0.9855608940124512,0.0,0.0,0.45439866185188293,0.051555391401052475,0.21210744976997375,-3.1003458499908447,0.051829081028699875
171,4.141401529312134,0.9855608940124512,0.0,0.0,0.44087788462638855,0.06715001165866852,0.1611422598361969,-3.106325626373291,0.06181279942393303
172,4.155705690383911,0.9855608940124512,0.0,0.0,0.4332042634487152,0.0854710191488266,-0.0025165602564811707,-3.1132254600524902,0.08048171550035477
173,4.189535140991211,0.9855608940124512,0.0,0.0,0.4497602581977844,0.100751593708992,-0.22973531484603882,-3.1170718669891357,0.09791959077119827
174,4.2077131271362305,0.9855608940124512,0.0,0.0,0.4789605140686035,0.11792103946208954,-0.15914739668369293,-3.118598222732544,0.10734539479017258
175,4.235871315002441,0.9855608940124512,0.0,0.0,0.512014627456665,0.12749318778514862,0.0691332072019577,-3.118540048599243,0.1103409081697464
176,4.24778413772583,0.9855608940124512,0.0,0.0,0.5497121214866638,0.12350447475910187,0.17759199440479279,-3.1150612831115723,0.11099540442228317
177,4.279891490936279,0.9855608940124512,0.0,0.0,0.5897888541221619,0.11906556040048599,0.20070217549800873,-3.1087563037872314,0.11042504012584686
178,4.293128490447998,0.9855608940124512,0.0,0.0,0.6282352805137634,0.11553671211004257,0.17597107589244843,-3.1029229164123535,0.10844992846250534
179,4.3252434730529785,0.9855608940124512,0.0,0.0,0.6587588787078857,0.10655830055475235,0.17216996848583221,-3.0995330810546875,0.10552852600812912
180,4.3425562381744385,0.9855608940124512,0.0,0.0,0.6804128289222717,0.08440269529819489,0.18258580565452576,-3.0964274406433105,0.10271672904491425
181,4.373414993286133,0.9855608940124512,0.0,0.0,0.6956238746643066,0.04290547966957092,0.06146187335252762,-3.090989112854004,0.09839221090078354
182,4.384608507156372,0.9855608940124512,0.0,0.0,0.7203362584114075,0.0015990844694897532,-0.09416494518518448,-3.0837056636810303,0.08817644417285919
183,4.4144814014434814,0.9855608940124512,0.0,0.0,0.753574788570404,-0.02572917565703392,-0.14548151195049286,-3.0786051750183105,0.07460430264472961
184,4.426239728927612,0.9855608940124512,0.0,0.0,0.7904065847396851,-0.03709807246923447,-0.10822465270757675,-3.0803654193878174,0.062530517578125
185,4.456561803817749,0.9855608940124512,0.0,0.0,0.8225845098495483,-0.046385329216718674,-0.055314354598522186,-3.0900866985321045,0.05342038348317146
186,4.467680215835571,0.9855608940124512,0.0,0.0,0.8525113463401794,-0.07086537033319473,-0.0384245403110981,-3.103261709213257,0.047719962894916534
187,4.503082752227783,0.9855608940124512,0.0,0.0,0.9056060314178467,-0.10550625622272491,-0.06583933532238007,-3.113009452819824,0.04424009099602699
188,4.513818740844727,0.9855608940124512,0.0,0.0,0.93288654088974,-0.11059052497148514,-0.3011434078216553,-3.1196444034576416,0.0333087220788002
189,4.540803909301758,0.9855608940124512,0.0,0.0,0.9212974905967712,-0.0707160010933876,-0.020800979807972908,-3.1251044273376465,0.026267852634191513
190,4.5512683391571045,0.9855608940124512,0.0,0.0,0.9299485087394714,-0.040635306388139725,0.23616895079612732,-3.13315749168396,0.019009385257959366
191,4.577528953552246,0.9855608940124512,0.0,0.0,0.9684935808181763,-0.02956901118159294,0.2836889326572418,-3.138063907623291,0.009802688844501972
192,4.594727039337158,0.9855608940124512,0.0,0.0,1.0208181142807007,-0.019664978608489037,0.21461577713489532,-3.139153480529785,0.0004874745209235698
193,4.6291046142578125,0.9855608940124512,0.0,0.0,1.0621243715286255,-0.006580699235200882,0.15480473637580872,-3.1381568908691406,-0.008329915814101696
194,4.642650842666626,0.9855608940124512,0.0,0.0,1.0850193500518799,0.004706795793026686,0.20490902662277222,-3.133358955383301,-0.01655546762049198
195,4.676101922988892,0.9855608940124512,0.0,0.0,1.0946053266525269,0.010652420111000538,0.3631114959716797,-3.1264398097991943,-0.023589570075273514
196,4.688178062438965,0.9855608940124512,0.0,0.0,1.0907936096191406,0.0072035761550068855,0.47195228934288025,-3.1232388019561768,-0.022953566163778305
197,4.719854831695557,0.9855608940124512,0.0,0.0,1.0709009170532227,-0.005693033803254366,0.44440463185310364,-3.126641035079956,-0.005290510132908821
198,4.740383148193359,0.9855608940124512,0.0,0.0,1.0049220323562622,-0.013769193552434444,0.1574946492910385,-3.136009693145752,0.016094926744699478
199,4.775684595108032,0.9855608940124512,0.0,0.0,0.9438499808311462,-0.033392179757356644,0.07709971815347672,-3.131437063217163,0.014508727937936783
200,4.790681600570679,0.9855608940124512,0.0,0.0,0.8878034353256226,-0.04547771438956261,-0.00904098805040121,-3.127643346786499,0.016237055882811546
201,4.819509506225586,0.9855608940124512,0.0,0.0,0.8463401198387146,-0.0549205057322979,-0.06564360857009888,-3.129277229309082,0.024837203323841095
202,4.8348095417022705,0.9855608940124512,0.0,0.0,0.8231162428855896,-0.06590814143419266,-0.01912647671997547,-3.132432222366333,0.036523014307022095
203,4.865417957305908,0.9855608940124512,0.0,0.0,0.81328284740448,-0.07622820138931274,0.020165111869573593,-3.134230852127075,0.046799417585134506
204,4.878723621368408,0.9855608940124512,0.0,0.0,0.8088022470474243,-0.08886841684579849,0.0856449156999588,-3.13516902923584,0.055013008415699005
205,4.906729698181152,0.9855608940124512,0.0,0.0,0.8344960808753967,-0.09619110822677612,-0.014871636405587196,-3.137065887451172,0.05834396183490753
206,4.917498350143433,0.9855608940124512,0.0,0.0,0.83167964220047,-0.10528665035963058,-0.08734545856714249,3.1414318084716797,0.048858724534511566
207,4.948795557022095,0.6455734372138977,0.0,0.0,0.8206852078437805,-0.10880299657583237,-0.20041488111019135,3.1411752700805664,0.05137326940894127
208,4.964660406112671,0.6455734372138977,0.0,0.0,0.8112766742706299,-0.08237910270690918,-0.28934577107429504,-3.141068458557129,0.0615386888384819
209,4.9952099323272705,0.6455734372138977,0.0,0.0,0.8136700987815857,-0.024813000112771988,-0.058902036398649216,3.1364080905914307,0.06549612432718277
210,5.007132530212402,0.6455734372138977,0.0,0.0,0.8331865072250366,0.008643616922199726,0.05332265421748161,3.127070426940918,0.05472439154982567
211,5.0410475730896,0.6455734372138977,0.0,0.0,0.8626118302345276,0.02575613558292389,0.03980915620923042,3.124638319015503,0.03881898894906044
212,5.055590391159058,0.6455734372138977,0.0,0.0,0.8782700300216675,0.044073570519685745,0.11753059923648834,3.1287996768951416,0.02446012571454048
213,5.08478856086731,0.6455734372138977,0.0,0.0,0.883377194404602,0.06311987340450287,0.24908089637756348,3.13738751411438,0.014997731894254684
214,5.096530437469482,0.6455734372138977,0.0,0.0,0.8827377557754517,0.07742396742105484,0.39665231108665466,-3.1369755268096924,0.009375449270009995
215,5.124262094497681,0.6455734372138977,0.0,0.0,0.8672786951065063,0.07944980263710022,0.5076183676719666,-3.136007785797119,0.011335986666381359
216,5.139297008514404,0.6455734372138977,0.0,0.0,0.8136345744132996,0.07311980426311493,0.1604745239019394,3.1363821029663086,0.02902664989233017
217,5.168524503707886,0.6455734372138977,0.0,0.0,0.764563262462616,0.06511649489402771,0.15364786982536316,3.1304242610931396,0.039027199149131775
218,5.185181379318237,0.6455734372138977,0.0,0.0,0.6932069063186646,0.04291879013180733,0.07314705848693848,3.138751745223999,0.03293507918715477
219,5.216997861862183,0.6455734372138977,0.0,0.0,0.6295867562294006,0.035020969808101654,0.031400952488183975,-3.1330273151397705,0.03269888088107109
220,5.231192111968994,0.6455734372138977,0.0,0.0,0.5857883095741272,0.03609361872076988,-0.0730198323726654,-3.1290109157562256,0.040655750781297684
221,5.260028600692749,0.6455734372138977,0.0,0.0,0.5655323266983032,0.041901249438524246,-0.11664117127656937,-3.1333277225494385,0.050511229783296585
222,5.274069786071777,0.6455734372138977,0.0,0.0,0.5539177060127258,0.043726835399866104,-0.07654498517513275,-3.1414623260498047,0.05603478103876114
223,5.305318355560303,0.6455734372138977,0.0,0.0,0.5437328219413757,0.043596189469099045,-0.018517466261982918,3.133549690246582,0.05669247731566429
224,5.323091268539429,0.6455734372138977,0.0,0.0,0.534767746925354,0.0434182770550251,0.024683751165866852,3.1266984939575195,0.05441867560148239
225,5.352134704589844,0.6455734372138977,0.0,0.0,0.5247713923454285,0.03929146006703377,0.0025316523388028145,3.1222000122070312,0.05060361325740814
226,5.364076852798462,0.6455734372138977,0.0,0.0,0.5125412940979004,0.02858608216047287,0.019650667905807495,3.120311975479126,0.047928471118211746
227,5.39262318611145,0.6455734372138977,0.0,0.0,0.5083268284797668,0.019139932468533516,0.003421696601435542,3.1201462745666504,0.04763435572385788
228,5.403273820877075,0.6455734372138977,0.0,0.0,0.5113382935523987,0.014753878116607666,0.015121497213840485,3.1204819679260254,0.04862583801150322
229,5.433812141418457,0.6455734372138977,0.0,0.0,0.5221265554428101,0.013328912667930126,0.0639643520116806,3.1194257736206055,0.050843045115470886
230,5.446144342422485,0.6455734372138977,0.0,0.0,0.5425057411193848,0.009917554445564747,0.1105874627828598,3.117367744445801,0.053269222378730774
231,5.473930358886719,0.6455734372138977,0.0,0.0,0.5648604035377502,0.005637798923999071,0.10056429356336594,3.1176724433898926,0.05362136289477348
232,5.48481559753418,0.6455734372138977,0.0,0.0,0.5840983986854553,0.00015987444203346968,0.0765560194849968,3.122256278991699,0.05328884720802307
233,5.51479172706604,0.6455734372138977,0.0,0.0,0.6027264595031738,-0.004361203406006098,0.06647692620754242,3.130608320236206,0.053629275411367416
234,5.526740550994873,0.6455734372138977,0.0,0.0,0.6187129020690918,-0.004027418326586485,0.0228395015001297,3.1405792236328125,0.05471619963645935
235,5.555478572845459,0.6455734372138977,0.0,0.0,0.6247997283935547,-0.0022846460342407227,-0.10597655177116394,-3.1323633193969727,0.05709640309214592
236,5.5680952072143555,0.6455734372138977,0.0,0.0,0.6033602356910706,-0.0026498553343117237,-0.1675834208726883,-3.1223883628845215,0.06558963656425476
237,5.602722644805908,0.6455734372138977,0.0,0.0,0.5789989233016968,0.014262070879340172,-0.009963241405785084,-3.1185178756713867,0.0782366618514061
238,5.615157604217529,0.6455734372138977,0.0,0.0,0.5618299245834351,0.033972032368183136,0.16072994470596313,-3.12516450881958,0.08464042842388153
239,5.643959283828735,0.6455734372138977,0.0,0.0,0.5554637312889099,0.04465542733669281,0.3043995797634125,-3.1367673873901367,0.08516869693994522
240,5.654434680938721,0.6455734372138977,0.0,0.0,0.5584731698036194,0.03375208377838135,0.48433971405029297,3.137796640396118,0.08611150830984116
241,5.721722602844238,0.6455734372138977,0.0,0.0,0.4760808050632477,0.028691789135336876,0.23041343688964844,3.1353065967559814,0.09048645198345184
242,5.739258766174316,0.6455734372138977,0.0,0.0,0.5517144203186035,-0.06951043754816055,0.10433099418878555,-3.1378839015960693,0.08418906480073929
243,5.768711566925049,0.6455734372138977,0.0,0.0,0.5889841318130493,-0.14193342626094818,0.00984046421945095,-3.1092162132263184,0.08195392787456512
244,5.781769752502441,0.6455734372138977,0.0,0.0,0.6314653158187866,-0.175170436501503,-0.0466780811548233,-3.0814051628112793,0.08113996684551239
245,5.8140106201171875,0.6455734372138977,0.0,0.0,0.6362743973731995,-0.1772558093070984,-0.1553059071302414,-3.0663726329803467,0.078574039041996
246,5.8262248039245605,0.6455734372138977,0.0,0.0,0.6129104495048523,-0.1528492569923401,-0.1046249270439148,-3.0638716220855713,0.07921403646469116
247,5.85485577583313,0.6455734372138977,0.0,0.0,0.6076350212097168,-0.1262701004743576,0.05404388904571533,-3.0679397583007812,0.0795782282948494
248,5.868475675582886,0.6455734372138977,0.0,0.0,0.623631477355957,-0.11659479141235352,0.11616489291191101,-3.072312116622925,0.0730634480714798
249,5.899231195449829,0.6455734372138977,0.0,0.0,0.6436572074890137,-0.11473269760608673,0.10838929563760757,-3.073798418045044,0.061099883168935776
250,5.911231517791748,0.6455734372138977,0.0,0.0,0.6621177792549133,-0.1132122129201889,0.07967051863670349,-3.0736804008483887,0.04813642054796219
251,5.939754009246826,0.6455734372138977,0.0,0.0,0.6806727051734924,-0.10702700912952423,0.07739413529634476,-3.0731780529022217,0.0360453799366951
252,5.950516223907471,0.6455734372138977,0.0,0.0,0.6970072984695435,-0.09967231005430222,0.06235627830028534,-3.072439670562744,0.02597387507557869
253,5.98120379447937,0.6455734372138977,0.0,0.0,0.7094152569770813,-0.09336064010858536,0.08844766765832901,-3.071211099624634,0.018500853329896927
254,5.99779486656189,0.6455734372138977,0.0,0.0,0.716361939907074,-0.08964434266090393,0.15502038598060608,-3.0709195137023926,0.014453195966780186
255,6.0290350914001465,0.6455734372138977,0.0,0.0,0.7214881181716919,-0.0953444242477417,0.24177740514278412,-3.0756001472473145,0.0149142537266016
256,6.048253536224365,0.6455734372138977,0.0,0.0,0.7176196575164795,-0.10323338210582733,0.3238706886768341,-3.0879571437835693,0.023713935166597366
257,6.083477258682251,0.6455734372138977,0.0,0.0,0.6836898326873779,-0.11249592900276184,0.3779846727848053,-3.099879741668701,0.028815943747758865
258,6.096071481704712,0.6455734372138977,0.0,0.0,0.6344877481460571,-0.13153326511383057,0.12669041752815247,-3.0909576416015625,0.024287458509206772
259,6.1252946853637695,0.6455734372138977,0.0,0.0,0.5832769274711609,-0.1379474699497223,-0.07133229076862335,-3.0789127349853516,0.025417255237698555
260,6.135935306549072,0.6455734372138977,0.0,0.0,0.5396185517311096,-0.13668836653232574,-0.027024228125810623,-3.0727484226226807,0.035557497292757034
261,6.167346715927124,0.6455734372138977,0.0,0.0,0.5138438940048218,-0.13449238240718842,-0.01932154968380928,-3.070293426513672,0.0520157627761364
262,6.180107593536377,0.6455734372138977,0.0,0.0,0.5011124014854431,-0.1328759640455246,-0.03707864508032799,-3.070629358291626,0.06778506934642792
263,6.209844589233398,0.6455734372138977,0.0,0.0,0.4889175593852997,-0.13981325924396515,0.06179746985435486,-3.071470260620117,0.08210506290197372
264,6.22201132774353,0.6455734372138977,0.0,0.0,0.5141434073448181,-0.11339257657527924,-0.08149300515651703,-3.074930429458618,0.0859927162528038
265,6.256957054138184,0.6455734372138977,0.0,0.0,0.5003064274787903,-0.08428414911031723,-0.012734195217490196,-3.082054376602173,0.07790898531675339
266,6.272248029708862,0.6455734372138977,0.0,0.0,0.4757857024669647,-0.05761135369539261,0.17299912869930267,-3.088399887084961,0.08093671500682831
267,6.306187629699707,0.6455734372138977,0.0,0.0,0.4731940031051636,-0.030650734901428223,0.2039974331855774,-3.0933401584625244,0.08921759575605392
268,6.317166328430176,0.6455734372138977,0.0,0.0,0.48060888051986694,-0.004271536599844694,0.14329883456230164,-3.098820924758911,0.08872555196285248
269,6.347822666168213,0.6455734372138977,0.0,0.0,0.4897586405277252,0.02052433229982853,0.12558801472187042,-3.1046319007873535,0.07803735136985779
270,6.3600099086761475,0.6455734372138977,0.0,0.0,0.49187731742858887,0.04642940312623978,0.20255038142204285,-3.1111550331115723,0.06429963558912277
271,6.393133640289307,0.6455734372138977,0.0,0.0,0.4921199083328247,0.07058491557836533,0.30069929361343384,-3.118760108947754,0.05407128483057022
272,6.408189058303833,0.6455734372138977,0.0,0.0,0.48903214931488037,0.09067505598068237,0.4133055806159973,-3.1271142959594727,0.05079358443617821
273,6.442125558853149,0.6455734372138977,0.0,0.0,0.48507532477378845,0.09970715641975403,0.29023176431655884,-3.1356112957000732,0.0481206439435482
274,6.45454740524292,0.6455734372138977,0.0,0.0,0.4922007918357849,0.0858747735619545,0.2643324136734009,-3.1332366466522217,0.04085240885615349
275,6.488105297088623,0.6455734372138977,0.0,0.0,0.48990294337272644,0.06091805174946785,0.07819191366434097,-3.1253397464752197,0.03925600275397301
276,6.499210834503174,0.6455734372138977,0.0,0.0,0.4909484088420868,0.03983578830957413,-0.06984955072402954,-3.119424343109131,0.04278801009058952
277,6.531130075454712,0.6455734372138977,0.0,0.0,0.5058406591415405,0.02817634493112564,-0.0576954185962677,-3.1201298236846924,0.049842070788145065
278,6.543549537658691,0.6455734372138977,0.0,0.0,0.5331717133522034,0.02510252222418785,0.0006211743457242846,-3.1264700889587402,0.055077530443668365
279,6.575382471084595,0.6455734372138977,0.0,0.0,0.5559372305870056,0.019160857424139977,0.07903186231851578,-3.1357429027557373,0.05626775324344635
280,6.585971832275391,0.6455734372138977,0.0,0.0,0.5777878165245056,0.00493140472099185,0.10139307379722595,3.1399474143981934,0.056079473346471786
281,6.624359607696533,0.6455734372138977,0.0,0.0,0.6002640128135681,-0.009733879938721657,0.08425573259592056,3.1368236541748047,0.05456576496362686
282,6.639549732208252,0.6455734372138977,0.0,0.0,0.6223264336585999,-0.026280434802174568,0.04625243693590164,3.137454032897949,0.05278274416923523
283,6.669814109802246,0.6455734372138977,0.0,0.0,0.640827476978302,-0.03471418470144272,0.02874763309955597,3.1413474082946777,0.052070390433073044
284,6.681101322174072,0.6455734372138977,0.0,0.0,0.6559064984321594,-0.045830193907022476,0.008498765528202057,-3.133655548095703,0.05534500628709793
285,6.712803840637207,0.6455734372138977,0.0,0.0,0.663866400718689,-0.05573054775595665,-0.081779345870018,-3.117701768875122,0.06576773524284363
286,6.725666761398315,0.6455734372138977,0.0,0.0,0.6574592590332031,-0.040549322962760925,-0.10635430365800858,-3.105632781982422,0.07324030250310898
287,6.757481336593628,0.6455734372138977,0.0,0.0,0.6276479959487915,-0.006646621972322464,0.09180156886577606,-3.108535051345825,0.0739511251449585
288,6.775739431381226,0.6455734372138977,0.0,0.0,0.6063212752342224,0.012242559343576431,0.17117920517921448,-3.1215128898620605,0.0695909932255745
289,6.80625057220459,0.6455734372138977,0.0,0.0,0.5989590287208557,0.019561879336833954,0.17798396944999695,-3.134326219558716,0.06707854568958282
290,6.816714286804199,0.6455734372138977,0.0,0.0,0.6041432619094849,0.022221000865101814,0.18105168640613556,3.1399614810943604,0.06755141168832779
291,6.847096920013428,0.6455734372138977,0.0,0.0,0.6101503968238831,0.022904833778738976,0.16684170067310333,3.135565996170044,0.0682375505566597
292,6.859971523284912,0.6455734372138977,0.0,0.0,0.6109952330589294,0.02455766499042511,0.16342313587665558,3.1341304779052734,0.0671958476305008
293,6.900705099105835,0.6455734372138977,0.0,0.0,0.6005068421363831,0.022613946348428726,0.1496509611606598,3.135111093521118,0.0661611557006836
294,6.912384271621704,0.6455734372138977,0.0,0.0,0.5903605222702026,0.025943143293261528,0.09790971875190735,3.139312505722046,0.06645548343658447
295,6.941271781921387,0.6455734372138977,0.0,0.0,0.5858413577079773,0.03691144287586212,0.05084044486284256,-3.138653516769409,0.06702536344528198
296,6.957209587097168,0.6455734372138977,0.0,0.0,0.5901339650154114,0.049300309270620346,0.040108777582645416,-3.1368837356567383,0.067927286028862
297,6.986418724060059,0.6455734372138977,0.0,0.0,0.6003884077072144,0.06288259476423264,-0.006151615176349878,-3.1386029720306396,0.0697428435087204
298,6.9988179206848145,0.6455734372138977,0.0,0.0,0.6178799867630005,0.07205323874950409,-0.020147958770394325,-3.1396987438201904,0.07150144875049591
299,7.028541326522827,0.6455734372138977,0.0,0.0,0.6302527189254761,0.08336646109819412,-0.01877002976834774,-3.139284372329712,0.07384580373764038
300,7.041200399398804,0.6455734372138977,0.0,0.0,0.6455631256103516,0.08942589163780212,0.054257575422525406,-3.1364502906799316,0.07630889117717743
301,7.072370290756226,0.6455734372138977,0.0,0.0,0.654130220413208,0.08826684951782227,0.13868440687656403,-3.1299588680267334,0.07525818049907684
302,7.083688735961914,0.6455734372138977,0.0,0.0,0.654600203037262,0.07549197226762772,0.19599908590316772,-3.1216726303100586,0.07411840558052063
303,7.114482879638672,0.6455734372138977,0.0,0.0,0.6433966159820557,0.052579618990421295,0.15330378711223602,-3.113314390182495,0.07562834769487381
304,7.126323223114014,0.6455734372138977,0.0,0.0,0.625044584274292,0.019417928531765938,0.00993503350764513,-3.101656198501587,0.07511434704065323
305,7.15706467628479,0.6455734372138977,0.0,0.0,0.6138395667076111,-0.0058015636168420315,-0.08968327194452286,-3.0884690284729004,0.0692935585975647
306,7.167680978775024,0.6455734372138977,0.0,0.0,0.6019955277442932,-0.028912287205457687,-0.17887109518051147,-3.0777666568756104,0.06307961046695709
307,7.200028657913208,0.6455734372138977,0.0,0.0,0.597880482673645,-0.046966150403022766,-0.23082652688026428,-3.0700342655181885,0.05970774590969086
308,7.212266206741333,0.6455734372138977,0.0,0.0,0.5955764055252075,-0.06741992384195328,-0.22847601771354675,-3.064683437347412,0.05848478525876999
309,7.241732358932495,0.6455734372138977,0.0,0.0,0.6008872985839844,-0.08059319108724594,-0.1949702799320221,-3.0622987747192383,0.059025589376688004
310,7.257084369659424,0.6455734372138977,0.0,0.0,0.6004723906517029,-0.09353248029947281,-0.15626178681850433,-3.0622472763061523,0.0627874881029129
311,7.2928502559661865,0.6455734372138977,0.0,0.0,0.6210806965827942,-0.10628170520067215,-0.08886094391345978,-3.063263177871704,0.06646355241537094
312,7.305393934249878,0.6455734372138977,0.0,0.0,0.6215131878852844,-0.10396749526262283,-0.12267237156629562,-3.0630831718444824,0.064808189868927
313,7.3364269733428955,0.6455734372138977,0.0,0.0,0.6073600649833679,-0.0792340636253357,-0.041671544313430786,-3.0626068115234375,0.06891737133264542
314,7.347955226898193,0.6455734372138977,0.0,0.0,0.6112529039382935,-0.045210838317871094,0.08831825107336044,-3.0690574645996094,0.07246210426092148
315,7.376836538314819,0.6455734372138977,0.0,0.0,0.6291794776916504,-0.023670505732297897,0.1291831135749817,-3.0783026218414307,0.0657069981098175
316,7.38891863822937,0.6455734372138977,0.0,0.0,0.645289421081543,-0.009395199827849865,0.1355934590101242,-3.084564208984375,0.053335461765527725
317,7.417531728744507,0.6455734372138977,0.0,0.0,0.6522009372711182,0.004326978698372841,0.13754482567310333,-3.0885255336761475,0.042615506798028946
318,7.433778524398804,0.6455734372138977,0.0,0.0,0.660229504108429,0.015383736230432987,0.16449931263923645,-3.0909595489501953,0.03461753949522972
319,7.4647057056427,0.6455734372138977,0.0,0.0,0.6653347611427307,0.025567352771759033,0.20444972813129425,-3.092184066772461,0.028150346130132675
320,7.485464572906494,0.6455734372138977,0.0,0.0,0.667725682258606,0.031032096594572067,0.20817415416240692,-3.094914674758911,0.0250812079757452
321,7.517423868179321,0.6455734372138977,0.0,0.0,0.6710383296012878,0.03433852642774582,0.1641249656677246,-3.1016860008239746,0.02797820046544075
322,7.5338757038116455,0.6455734372138977,0.0,0.0,0.6393242478370667,0.047691602259874344,-0.10357809066772461,-3.1121134757995605,0.03787807747721672
323,7.572132349014282,0.6455734372138977,0.0,0.0,0.6482259631156921,0.02806074731051922,0.1362956166267395,-3.1167242527008057,0.040674518793821335
324,7.58318305015564,0.6455734372138977,0.0,0.0,0.6185311675071716,-0.0018570713000372052,0.14401894807815552,-3.110409736633301,0.044137220829725266
325,7.614331483840942,0.6455734372138977,0.0,0.0,0.5880862474441528,-0.03402084484696388,-0.0003843128797598183,-3.0974013805389404,0.04815301671624184
326,7.626861333847046,0.6455734372138977,0.0,0.0,0.5747190117835999,-0.05088769271969795,-0.11817814409732819,-3.0860869884490967,0.05013557896018028
327,7.660494327545166,0.6455734372138977,0.0,0.0,0.5643813610076904,-0.06335604935884476,-0.16140562295913696,-3.0808675289154053,0.05068429931998253
328,7.672532081604004,0.6455734372138977,0.0,0.0,0.5553574562072754,-0.07857558876276016,-0.1301955282688141,-3.0789434909820557,0.05241302773356438
329,7.704875230789185,0.6455734372138977,0.0,0.0,0.5538946390151978,-0.09373626112937927,-0.09071869403123856,-3.0784573554992676,0.05518731474876404
330,7.718317031860352,0.6455734372138977,0.0,0.0,0.5542577505111694,-0.10888077318668365,-0.04042826220393181,-3.077575922012329,0.058349642902612686
331,7.754909992218018,0.6455734372138977,0.0,0.0,0.5613740682601929,-0.12753477692604065,0.04376259073615074,-3.0752944946289062,0.06422362476587296
332,7.765597581863403,0.6455734372138977,0.0,0.0,0.5602208971977234,-0.11851081997156143,-0.006267377641052008,-3.0747640132904053,0.06656200438737869
333,7.808608770370483,0.6455734372138977,0.0,0.0,0.5487682223320007,-0.09558724611997604,-0.011746911332011223,-3.0762012004852295,0.07514932751655579
334,7.837464094161987,0.6455734372138977,0.0,0.0,0.5503374934196472,-0.060151245445013046,0.04320002719759941,-3.0819156169891357,0.08422720432281494
335,7.875171422958374,0.6455734372138977,0.0,0.0,0.5608972311019897,-0.031441666185855865,0.05691969022154808,-3.091073751449585,0.08263902366161346
336,7.893905878067017,0.6455734372138977,0.0,0.0,0.5732996463775635,-0.009706027805805206,0.01581732928752899,-3.0978360176086426,0.07127411663532257
337,7.96985936164856,0.6455734372138977,0.0,0.0,0.5810847282409668,0.011892599053680897,0.047608740627765656,-3.1022326946258545,0.05831427127122879
338,7.9829065799713135,0.6455734372138977,0.0,0.0,0.5890647172927856,0.03570815920829773,0.09260333329439163,-3.105823278427124,0.049483317881822586
339,8.017587184906006,0.6455734372138977,0.0,0.0,0.6020728945732117,0.05862829461693764,0.1526426076889038,-3.108511447906494,0.044076573103666306
340,8.030274152755737,0.6455734372138977,0.0,0.0,0.6196785569190979,0.0832604169845581,0.1498519778251648,-3.109631061553955,0.04032695293426514
341,8.060761213302612,0.6455734372138977,0.0,0.0,0.6408956050872803,0.10629598796367645,0.14469358325004578,-3.109191417694092,0.0364404134452343
342,8.083409547805786,0.6455734372138977,0.0,0.0,0.6462697982788086,0.12154348194599152,0.11731027811765671,-3.1105198860168457,0.03666616603732109
343,8.117744207382202,0.6455734372138977,0.0,0.0,0.6293794512748718,0.14255881309509277,-0.09413943439722061,-3.1172823905944824,0.04434986412525177
344,8.130862712860107,0.6455734372138977,0.0,0.0,0.6360849738121033,0.13608519732952118,0.0485064759850502,-3.1257126331329346,0.04906298592686653
345,8.159660339355469,0.6455734372138977,0.0,0.0,0.6212711334228516,0.11252010613679886,0.16547183692455292,-3.124999523162842,0.05367708578705788
346,8.170695781707764,0.6455734372138977,0.0,0.0,0.6055232286453247,0.07785257697105408,0.031637802720069885,-3.1140637397766113,0.05603653937578201
347,8.200362920761108,0.6455734372138977,0.0,0.0,0.5944439768791199,0.053184978663921356,-0.06339403241872787,-3.101957321166992,0.053216323256492615
348,8.212466478347778,0.6455734372138977,0.0,0.0,0.5902138948440552,0.04053712636232376,-0.13273338973522186,-3.096116065979004,0.0493897907435894
349,8.24243426322937,0.6455734372138977,0.0,0.0,0.5864842534065247,0.028914565220475197,-0.134251669049263,-3.0966455936431885,0.047575052827596664
350,8.25307321548462,0.6455734372138977,0.0,0.0,0.5842707753181458,0.013584790751338005,-0.1508910357952118,-3.098798990249634,0.048853278160095215
351,8.283097982406616,0.6455734372138977,0.0,0.0,0.5895271897315979,-0.002263051690533757,-0.14299088716506958,-3.100867748260498,0.05205567181110382
352,8.295895099639893,0.6455734372138977,0.0,0.0,0.6054458618164062,-0.012544838711619377,-0.08682897686958313,-3.1035802364349365,0.05444566532969475
353,8.324640989303589,0.6455734372138977,0.0,0.0,0.6255569458007812,-0.022254496812820435,0.009320358745753765,-3.1072745323181152,0.05568953603506088
354,8.335594892501831,0.6455734372138977,0.0,0.0,0.645530641078949,-0.03399857133626938,0.060465555638074875,-3.1102757453918457,0.05728868022561073
355,8.368656396865845,0.6455734372138977,0.0,0.0,0.653444230556488,-0.0540836937725544,0.01312602125108242,-3.1088147163391113,0.06160568818449974
356,8.380934953689575,0.6455734372138977,0.0,0.0,0.6673212647438049,-0.05921297147870064,-0.17391295731067657,-3.1038248538970947,0.06525852531194687
357,8.410867929458618,0.6455734372138977,0.0,0.0,0.6486286520957947,-0.04312242940068245,-0.21134822070598602,-3.1023881435394287,0.06507336348295212
358,8.422898530960083,0.6455734372138977,0.0,0.0,0.623016893863678,-0.003665668424218893,0.04150034859776497,-3.108814239501953,0.06602226197719574
359,8.451310634613037,0.6455734372138977,0.0,0.0,0.6176406145095825,0.02163926139473915,0.15924294292926788,-3.1208536624908447,0.06273739039897919
360,8.463124990463257,0.6455734372138977,0.0,0.0,0.6247228384017944,0.0341113843023777,0.1534809172153473,-3.129990816116333,0.05695762112736702
361,8.502330541610718,0.6455734372138977,0.0,0.0,0.6320311427116394,0.044078581035137177,0.1405838578939438,-3.134141206741333,0.05080798268318176
362,8.514211177825928,0.6455734372138977,0.0,0.0,0.6344037652015686,0.056686487048864365,0.17348714172840118,-3.1350252628326416,0.04619613662362099
363,8.542418003082275,0.6455734372138977,0.0,0.0,0.6333365440368652,0.07027027010917664,0.20914629101753235,-3.134720802307129,0.04386776685714722
364,8.558925867080688,0.6455734372138977,0.0,0.0,0.6328808665275574,0.08617430180311203,0.20307974517345428,-3.133612632751465,0.04285107180476189
365,8.589349031448364,0.6455734372138977,0.0,0.0,0.6318320631980896,0.10250329226255417,0.19649818539619446,-3.131542921066284,0.04381852224469185
366,8.600056648254395,0.6455734372138977,0.0,0.0,0.6089593172073364,0.11173056066036224,0.20635929703712463,-3.1337382793426514,0.041444044560194016
367,8.631425142288208,0.6455734372138977,0.0,0.0,0.5840651988983154,0.09913334995508194,0.19595393538475037,-3.133911609649658,0.03584570065140724
368,8.644291400909424,0.6455734372138977,0.0,0.0,0.5470266938209534,0.07308237254619598,0.14899511635303497,-3.1312015056610107,0.0427253320813179
369,8.675562858581543,0.6455734372138977,0.0,0.0,0.523653507232666,0.04265308380126953,0.016897661611437798,-3.1234397888183594,0.05321357399225235
370,8.686443567276001,0.6455734372138977,0.0,0.0,0.509105384349823,0.017927095293998718,-0.04776698723435402,-3.112318277359009,0.05660317465662956
371,8.716732501983643,0.6455734372138977,0.0,0.0,0.49588167667388916,-0.0008285982767120004,-0.06932496279478073,-3.1018662452697754,0.056152693927288055
372,8.728822708129883,0.6455734372138977,0.0,0.0,0.4832305610179901,-0.017050951719284058,-0.06381173431873322,-3.093959331512451,0.05732352286577225
373,8.75727915763855,0.6455734372138977,0.0,0.0,0.47597455978393555,-0.03146960213780403,-0.06257667392492294,-3.0887556076049805,0.060743361711502075
374,8.775529861450195,0.6455734372138977,0.0,0.0,0.47428184747695923,-0.04445837810635567,-0.06328736245632172,-3.0864980220794678,0.06417747586965561
375,8.805184841156006,0.6455734372138977,0.0,0.0,0.47474241256713867,-0.060802388936281204,-0.016933269798755646,-3.086160898208618,0.06738139688968658
376,8.815860748291016,0.6455734372138977,0.0,0.0,0.4782986640930176,-0.08232861012220383,-0.017807696014642715,-3.085263967514038,0.07059699296951294
377,8.848121881484985,0.6455734372138977,0.0,0.0,0.4900643229484558,-0.0941338837146759,-0.04602250084280968,-3.083644390106201,0.07269026339054108
378,8.86037278175354,0.6455734372138977,0.0,0.0,0.492371141910553,-0.09390197694301605,0.012683798559010029,-3.082444906234741,0.07533231377601624
379,8.892087459564209,0.6455734372138977,0.0,0.0,0.491106778383255,-0.08270564675331116,0.023198774084448814,-3.081050157546997,0.08399076014757156
380,8.902862310409546,0.6455734372138977,0.0,0.0,0.4952414929866791,-0.058903422206640244,0.04695127159357071,-3.0808827877044678,0.09472186118364334
381,8.935215950012207,0.6455734372138977,0.0,0.0,0.5117565393447876,-0.028177188709378242,0.09623809903860092,-3.084928274154663,0.09654566645622253
382,8.957845211029053,0.6455734372138977,0.0,0.0,0.5312947034835815,-0.0046636369079351425,0.13087038695812225,-3.0911262035369873,0.0850215032696724
383,8.991239309310913,0.6455734372138977,0.0,0.0,0.5412532687187195,0.014669924974441528,0.1839517205953598,-3.0965940952301025,0.06903716921806335
384,9.001948356628418,0.6455734372138977,0.0,0.0,0.5477140545845032,0.031151441857218742,0.2533872723579407,-3.101036310195923,0.056268539279699326
385,9.03296184539795,0.6455734372138977,0.0,0.0,0.5561469793319702,0.04569960758090019,0.2731795907020569,-3.1036980152130127,0.04705817997455597
386,9.04335331916809,0.6455734372138977,0.0,0.0,0.5647597908973694,0.0604439340531826,0.2638983726501465,-3.1054935455322266,0.03908783942461014
387,9.090272188186646,0.6455734372138977,0.0,0.0,0.5713537931442261,0.07494339346885681,0.23764947056770325,-3.1081230640411377,0.03338227793574333
388,9.11057710647583,0.6455734372138977,0.0,0.0,0.5786312222480774,0.08633691072463989,0.17395760118961334,-3.111999273300171,0.03260040655732155
389,9.140747785568237,0.6455734372138977,0.0,0.0,0.5689260363578796,0.09669484198093414,0.11751019954681396,-3.1178910732269287,0.03512740880250931
390,9.156261682510376,0.6455734372138977,0.0,0.0,0.5740219354629517,0.07175956666469574,0.2786809802055359,-3.11458158493042,0.028637485578656197
391,9.189875364303589,0.6455734372138977,0.0,0.0,0.5605275630950928,0.03515033796429634,0.09194715321063995,-3.1044421195983887,0.025763001292943954
392,9.202390193939209,0.6455734372138977,0.0,0.0,0.543944776058197,0.001143832691013813,-0.08306720852851868,-3.095508575439453,0.025043001398444176
393,9.2345290184021,0.6455734372138977,0.0,0.0,0.5370938777923584,-0.025418182834982872,-0.1559819132089615,-3.0923314094543457,0.028014319017529488
394,9.246402263641357,0.6455734372138977,0.0,0.0,0.5431153178215027,-0.04686809331178665,-0.12971097230911255,-3.0927698612213135,0.033247653394937515
395,9.276273250579834,0.6455734372138977,0.0,0.0,0.5554074645042419,-0.0649712085723877,-0.053075987845659256,-3.09381103515625,0.03768772631883621
396,9.287463665008545,0.6455734372138977,0.0,0.0,0.5695650577545166,-0.0840812399983406,0.03842930123209953,-3.0947868824005127,0.04080475866794586
397,9.318274736404419,0.6455734372138977,0.0,0.0,0.6067100763320923,-0.09433946013450623,-0.18243469297885895,-3.0986225605010986,0.032625049352645874
398,9.333280324935913,0.6455734372138977,0.0,0.0,0.5978467464447021,-0.10215671360492706,-0.25667110085487366,-3.1038432121276855,0.01915554143488407
399,9.369487285614014,0.6455734372138977,0.0,0.0,0.576299250125885,-0.09042587876319885,-0.19611021876335144,-3.1044461727142334,0.02077155001461506
400,9.38956332206726,0.6455734372138977,0.0,0.0,0.5726649165153503,-0.053454022854566574,0.0761336013674736,-3.1050915718078613,0.029162611812353134
401,9.428241968154907,0.6455734372138977,0.0,0.0,0.5918006896972656,-0.031969211995601654,0.10452823340892792,-3.1068544387817383,0.02891543321311474
402,9.444432735443115,0.6455734372138977,0.0,0.0,0.6155589818954468,-0.015187478624284267,0.05823855102062225,-3.106407403945923,0.020081188529729843
403,9.474367618560791,0.6455734372138977,0.0,0.0,0.6307438015937805,0.002851685741916299,0.1004183366894722,-3.106581449508667,0.01108202151954174
404,9.485097646713257,0.6455734372138977,0.0,0.0,0.641234278678894,0.02029050514101982,0.1680116504430771,-3.1069881916046143,0.006329627241939306
405,9.515183210372925,0.6455734372138977,0.0,0.0,0.6541891694068909,0.035219091922044754,0.21891479194164276,-3.1055409908294678,0.003934340551495552
406,9.527065992355347,0.6455734372138977,0.0,0.0,0.662333607673645,0.044677335768938065,0.27487048506736755,-3.1037096977233887,0.004010471981018782
407,9.561283111572266,0.6455734372138977,0.0,0.0,0.6626245379447937,0.048169512301683426,0.2889751195907593,-3.105416774749756,0.010232406668365002
408,9.573214054107666,0.6455734372138977,0.0,0.0,0.643645167350769,0.058650437742471695,0.2009037584066391,-3.112018585205078,0.013408688828349113
409,9.605197429656982,0.6455734372138977,0.0,0.0,0.615085244178772,0.04224078357219696,0.23107440769672394,-3.109153985977173,0.009327424690127373
410,9.616392374038696,0.6455734372138977,0.0,0.0,0.570469856262207,0.0172587763518095,0.009318939410150051,-3.100762128829956,0.010166602209210396
411,9.647533893585205,0.6455734372138977,0.0,0.0,0.5347943305969238,0.0012941871536895633,-0.131078839302063,-3.0933711528778076,0.015416900627315044
412,9.659431219100952,0.6455734372138977,0.0,0.0,0.5100768804550171,-0.010202348232269287,-0.1308848112821579,-3.090268611907959,0.024255992844700813
413,9.704879522323608,0.6455734372138977,0.0,0.0,0.49993178248405457,-0.018425440415740013,-0.05628687143325806,-3.088758945465088,0.03433450683951378
414,9.718315839767456,0.6455734372138977,0.0,0.0,0.49423134326934814,-0.026919148862361908,-0.014081688597798347,-3.0877509117126465,0.042437467724084854
415,9.749796390533447,0.6455734372138977,0.0,0.0,0.4904349446296692,-0.04047784209251404,0.019516833126544952,-3.087686538696289,0.048680368810892105
416,9.762562990188599,0.6455734372138977,0.0,0.0,0.4927466809749603,-0.050680745393037796,0.05160785838961601,-3.08905029296875,0.05258515849709511
417,9.792552471160889,0.6455734372138977,0.0,0.0,0.5039814710617065,-0.06377093493938446,0.00945835467427969,-3.089890241622925,0.05407380685210228
418,9.805566787719727,0.6455734372138977,0.0,0.0,0.5022816061973572,-0.06884872168302536,-0.04372105002403259,-3.0890188217163086,0.050433672964572906
419,9.837784051895142,0.6455734372138977,0.0,0.0,0.4931454360485077,-0.06536532193422318,-0.02779858559370041,-3.0846521854400635,0.055242035537958145
420,9.850769281387329,0.6455734372138977,0.0,0.0,0.49824127554893494,-0.05565393716096878,-0.08904939889907837,-3.078817129135132,0.06676440685987473
421,9.881136655807495,0.6455734372138977,0.0,0.0,0.5085694193840027,-0.034195225685834885,-0.14608177542686462,-3.0746841430664062,0.07659149169921875
422,9.894484281539917,0.6455734372138977,0.0,0.0,0.510857343673706,0.0003881910815834999,-0.03893613442778587,-3.077566623687744,0.08240655064582825
423,9.931571245193481,0.6455734372138977,0.0,0.0,0.52001953125,0.03061964176595211,0.08648578077554703,-3.086286783218384,0.08205056190490723
424,9.950100421905518,0.6455734372138977,0.0,0.0,0.5362846255302429,0.047444600611925125,0.11078242212533951,-3.092869997024536,0.07320401072502136
425,9.980875015258789,0.6455734372138977,0.0,0.0,0.547791600227356,0.05862148851156235,0.15005436539649963,-3.0950767993927,0.06197717785835266
426,9.994920492172241,0.6455734372138977,0.0,0.0,0.5511360764503479,0.07038681954145432,0.2460348904132843,-3.095287322998047,0.052991095930337906
427,10.024048805236816,0.6455734372138977,0.0,0.0,0.527441680431366,0.0892239362001419,0.16495490074157715,-3.096292018890381,0.0441037118434906
428,10.035027980804443,0.6455734372138977,0.0,0.0,0.5478888750076294,0.0853436067700386,0.2964150607585907,-3.094088077545166,0.021362055093050003
429,10.066206693649292,0.5993486642837524,0.0,0.0,0.5192486643791199,0.05396980047225952,0.22438794374465942,-3.08955979347229,0.009718104265630245
430,10.08952784538269,0.5993486642837524,0.0,0.0,0.4998094141483307,0.01853897050023079,-0.01154171023517847,-3.086016893386841,0.012071281671524048
431,10.130440711975098,0.5993486642837524,0.0,0.0,0.4959222078323364,-0.008947441354393959,-0.1275220513343811,-3.085850954055786,0.01893685758113861
432,10.140982389450073,0.5993486642837524,0.0,0.0,0.5020184516906738,-0.032516296952962875,-0.11301472038030624,-3.086923837661743,0.02714153192937374
433,10.166972875595093,0.5993486642837524,0.0,0.0,0.5191400051116943,-0.04827088117599487,0.04019542038440704,-3.0880892276763916,0.034919239580631256
434,10.177089929580688,0.5993486642837524,0.0,0.0,0.5368252992630005,-0.06112540513277054,0.17098931968212128,-3.089172840118408,0.04138103500008583
435,10.206681728363037,0.5993486642837524,0.0,0.0,0.5586850047111511,-0.0774039626121521,0.11696929484605789,-3.0866620540618896,0.045639194548130035
436,10.217274904251099,0.5993486642837524,0.0,0.0,0.5600603818893433,-0.08071108162403107,-0.04024064540863037,-3.0804014205932617,0.04385611042380333
437,10.247631072998047,0.5993486642837524,0.0,0.0,0.5462847352027893,-0.06484355032444,-0.05145197734236717,-3.072657823562622,0.04723721370100975
438,10.259518146514893,0.5993486642837524,0.0,0.0,0.544667661190033,-0.03152361139655113,0.08439285308122635,-3.071531295776367,0.04904286935925484
439,10.28913927078247,0.5993486642837524,0.0,0.0,0.5523437857627869,-0.0034729521721601486,0.18374565243721008,-3.0772604942321777,0.04161762446165085
440,10.299992084503174,0.5993486642837524,0.0,0.0,0.5599461197853088,0.010512558743357658,0.20462681353092194,-3.0833685398101807,0.030905986204743385
441,10.330187320709229,0.5993486642837524,0.0,0.0,0.5626101493835449,0.02300288714468479,0.25201085209846497,-3.08780837059021,0.02147917076945305
442,10.343488216400146,0.5993486642837524,0.0,0.0,0.5618778467178345,0.034449923783540726,0.28331106901168823,-3.091209888458252,0.014311377890408039
443,10.384244441986084,0.5993486642837524,0.0,0.0,0.5614150166511536,0.0467928946018219,0.29553285241127014,-3.093798875808716,0.008186775259673595
444,10.396327257156372,0.5993486642837524,0.0,0.0,0.5593208074569702,0.059139564633369446,0.2738734781742096,-3.0961501598358154,0.004290570970624685
445,10.427018165588379,0.5993486642837524,0.0,0.0,0.5476094484329224,0.07289860397577286,0.22855398058891296,-3.1014533042907715,0.004782302305102348
446,10.442031621932983,0.5993486642837524,0.0,0.0,0.5196713209152222,0.06996289640665054,0.10820900648832321,-3.107239246368408,0.006570877507328987
447,10.476367235183716,0.5993486642837524,0.0,0.0,0.5052263736724854,0.05910734832286835,0.14965879917144775,-3.108754873275757,0.010805370286107063
448,10.489813327789307,0.5993486642837524,0.0,0.0,0.4942099452018738,0.04450462758541107,0.16044896841049194,-3.103943347930908,0.01655731163918972
449,10.523871660232544,0.5993486642837524,0.0,0.0,0.4885648488998413,0.023268263787031174,0.01912158913910389,-3.096252679824829,0.0196401234716177
450,10.534760236740112,0.5993486642837524,0.0,0.0,0.46992844343185425,-0.0033566905185580254,-0.13230487704277039,-3.0867841243743896,0.018682699650526047
451,10.571927547454834,0.5993486642837524,0.0,0.0,0.4552984833717346,-0.020679544657468796,-0.1900802105665207,-3.0784175395965576,0.019530465826392174
452,10.584174156188965,0.5993486642837524,0.0,0.0,0.4472423195838928,-0.03438817337155342,-0.19298161566257477,-3.0730526447296143,0.024206679314374924
453,10.615043878555298,0.5993486642837524,0.0,0.0,0.4444904029369354,-0.04708150029182434,-0.20954062044620514,-3.0695371627807617,0.030662639066576958
454,10.632682085037231,0.5993486642837524,0.0,0.0,0.4497981071472168,-0.0567215196788311,-0.20580843091011047,-3.06701397895813,0.03667809069156647
455,10.665908575057983,0.5993486642837524,0.0,0.0,0.4518343210220337,-0.06825944781303406,-0.14974254369735718,-3.065000295639038,0.04279455542564392
456,10.681679725646973,0.5993486642837524,0.0,0.0,0.4803932011127472,-0.07529494911432266,-0.1762121319770813,-3.0650525093078613,0.04453655332326889
457,10.71208906173706,0.5993486642837524,0.0,0.0,0.47914981842041016,-0.0634094774723053,-0.11172964423894882,-3.067749261856079,0.04308352246880531
458,10.724157094955444,0.5993486642837524,0.0,0.0,0.48136016726493835,-0.03866974636912346,-0.0012812676141038537,-3.0727291107177734,0.05332129821181297
459,10.758553981781006,0.5993486642837524,0.0,0.0,0.5077276825904846,-0.01066815759986639,0.09103798121213913,-3.080254077911377,0.06160476431250572
460,10.774319171905518,0.5993486642837524,0.0,0.0,0.5396103858947754,0.008445998653769493,0.11116620153188705,-3.0867812633514404,0.05510848015546799
461,10.803196907043457,0.5993486642837524,0.0,0.0,0.558430552482605,0.02043081820011139,0.13923808932304382,-3.0901737213134766,0.041892923414707184
462,10.815062284469604,0.5993486642837524,0.0,0.0,0.5672658681869507,0.027896851301193237,0.2022004872560501,-3.0904946327209473,0.03212882578372955
463,10.84535264968872,0.5993486642837524,0.0,0.0,0.5773255825042725,0.03947420418262482,0.23455597460269928,-3.088205099105835,0.027807971462607384
464,10.860373497009277,0.5993486642837524,0.0,0.0,0.5893008708953857,0.05287158489227295,0.20245897769927979,-3.085404634475708,0.026533881202340126
465,10.890542984008789,0.5993486642837524,0.0,0.0,0.5968886613845825,0.060862425714731216,0.1965872347354889,-3.088115692138672,0.0304744653403759
466,10.905207633972168,0.5993486642837524,0.0,0.0,0.5891106128692627,0.06779801100492477,0.038594815880060196,-3.101168155670166,0.04192226007580757
467,10.938984632492065,0.5993486642837524,0.0,0.0,0.5768161416053772,0.0665445327758789,0.17096705734729767,-3.1153430938720703,0.05532805249094963
468,10.950072526931763,0.5993486642837524,0.0,0.0,0.5560660362243652,0.04653215780854225,0.12839585542678833,-3.1189355850219727,0.06331875920295715
469,10.98210620880127,0.5993486642837524,0.0,0.0,0.5298976898193359,0.028680244460701942,-0.017066793516278267,-3.1125340461730957,0.0661623552441597
470,10.994970083236694,0.5993486642837524,0.0,0.0,0.5094751715660095,0.01994285173714161,-0.1086246445775032,-3.1076574325561523,0.06423008441925049
471,11.02438735961914,0.5993486642837524,0.0,0.0,0.48862317204475403,0.012158222496509552,-0.11357524991035461,-3.108391284942627,0.061940986663103104
472,11.036230325698853,0.5993486642837524,0.0,0.0,0.4745287001132965,0.004892696160823107,-0.08998939394950867,-3.1120872497558594,0.06148875504732132
473,11.06736946105957,0.5993486642837524,0.0,0.0,0.4673881232738495,-0.0008634482510387897,-0.07214627414941788,-3.115502119064331,0.06136967986822128
474,11.085721969604492,0.5993486642837524,0.0,0.0,0.4620075225830078,-0.010589261539280415,-0.01607534848153591,-3.1171376705169678,0.06103350967168808
475,11.116952180862427,0.5993486642837524,0.0,0.0,0.4598939120769501,-0.021143559366464615,0.057892438024282455,-3.117093563079834,0.06054436042904854
476,11.131345987319946,0.5993486642837524,0.0,0.0,0.47713595628738403,-0.02740752324461937,-0.10290369391441345,-3.11784029006958,0.05489356815814972
477,11.166512250900269,0.5993486642837524,0.0,0.0,0.474289208650589,-0.04188971593976021,-0.18143850564956665,-3.118867874145508,0.044036176055669785
478,11.178593635559082,0.5993486642837524,0.0,0.0,0.4696286618709564,-0.06312566995620728,-0.2167501002550125,-3.1170077323913574,0.04061945155262947
479,11.209226369857788,0.5993486642837524,0.0,0.0,0.4797137379646301,-0.07177678495645523,-0.27803903818130493,-3.1160495281219482,0.04066905006766319
480,11.219958543777466,0.5993486642837524,0.0,0.0,0.49270790815353394,-0.07204865664243698,-0.3403879404067993,-3.1200547218322754,0.039933525025844574
481,11.249659299850464,0.5993486642837524,0.0,0.0,0.5001605749130249,-0.06979851424694061,-0.3566766083240509,-3.1282236576080322,0.04085497930645943
482,11.260079145431519,0.5993486642837524,0.0,0.0,0.5142307281494141,-0.06681288033723831,-0.31995195150375366,-3.137488603591919,0.04694715514779091
483,11.286922454833984,0.5993486642837524,0.0,0.0,0.5182439088821411,-0.05309351161122322,-0.20350320637226105,3.138698101043701,0.049133751541376114
484,11.298335313796997,0.5993486642837524,0.0,0.0,0.5061153769493103,-0.02768218144774437,0.06625614315271378,3.137535810470581,0.055003318935632706
485,11.338912963867188,0.5993486642837524,0.0,0.0,0.4964979290962219,0.0057861157692968845,0.2553013265132904,3.1373839378356934,0.05974119156599045
486,11.349594116210938,0.5993486642837524,0.0,0.0,0.5023236274719238,0.03289585933089256,0.2629667818546295,3.1368534564971924,0.05415920540690422
487,11.382513761520386,0.5993486642837524,0.0,0.0,0.5089052319526672,0.0595724880695343,0.254712849855423,3.1345345973968506,0.044042058289051056
488,11.398059606552124,0.5993486642837524,0.0,0.0,0.512438178062439,0.08547837287187576,0.34462621808052063,3.1285245418548584,0.036104876548051834
489,11.429300546646118,0.5993486642837524,0.0,0.0,0.4536113440990448,0.11442878097295761,0.3775969445705414,3.1174652576446533,0.034032873809337616
490,11.441378355026245,0.5993486642837524,0.0,0.0,0.48093801736831665,0.07695526629686356,0.4055948853492737,3.107386589050293,0.026710381731390953
491,11.471627712249756,0.5993486642837524,0.0,0.0,0.4685257077217102,0.026451105251908302,0.1674826741218567,3.113034725189209,0.027975166216492653
492,11.482963562011719,0.5993486642837524,0.0,0.0,0.47027772665023804,-0.01437410805374384,0.0028580976650118828,3.1263413429260254,0.03489057347178459
493,11.512874364852905,0.5993486642837524,0.0,0.0,0.4835205376148224,-0.04088498651981354,0.002418770454823971,3.136533737182617,0.040373679250478745
494,11.524304389953613,0.5993486642837524,0.0,0.0,0.5005085468292236,-0.05493671074509621,0.09326605498790741,3.1404833793640137,0.04230920597910881
495,11.559543371200562,0.5993486642837524,0.0,0.0,0.5147178173065186,-0.06942717730998993,0.19609583914279938,-3.1415817737579346,0.04292205348610878
496,11.572195291519165,0.5993486642837524,0.0,0.0,0.5267466902732849,-0.09210456162691116,0.20390920341014862,-3.1375136375427246,0.04450271278619766
497,11.605396032333374,0.5993486642837524,0.0,0.0,0.5505233407020569,-0.11036310344934464,0.019971756264567375,-3.1295812129974365,0.042960792779922485
498,11.616236209869385,0.5993486642837524,0.0,0.0,0.5467815399169922,-0.11337057501077652,-0.10824694484472275,-3.1202809810638428,0.03917328268289566
499,11.652801275253296,0.5993486642837524,0.0,0.0,0.5310876965522766,-0.08899763971567154,-0.0423763282597065,-3.1134495735168457,0.04322272166609764
500,11.6663236618042,0.5993486642837524,0.0,0.0,0.5300319194793701,-0.05687135085463524,0.06985986232757568,-3.1149067878723145,0.046756431460380554
501,11.704002857208252,0.5993486642837524,0.0,0.0,0.5389763712882996,-0.03441375494003296,0.10402470827102661,-3.120082378387451,0.04156813770532608
502,11.714651584625244,0.5993486642837524,0.0,0.0,0.5462430119514465,-0.014606541953980923,0.12282595038414001,-3.1252601146698,0.03321639820933342
503,11.743534803390503,0.5993486642837524,0.0,0.0,0.5572298169136047,0.002748384838923812,0.14213904738426208,-3.1300127506256104,0.026750637218356133
504,11.755059242248535,0.5993486642837524,0.0,0.0,0.5654121041297913,0.022908180952072144,0.1674986332654953,-3.1338112354278564,0.02209516428411007
505,11.786966800689697,0.5993486642837524,0.0,0.0,0.5722231864929199,0.039200909435749054,0.16464930772781372,-3.137308359146118,0.018573734909296036
506,11.798505783081055,0.5993486642837524,0.0,0.0,0.5793243050575256,0.054712869226932526,0.15313073992729187,-3.1397013664245605,0.01636349968612194
507,11.829679489135742,0.5993486642837524,0.0,0.0,0.581903874874115,0.06799023598432541,0.15935689210891724,3.140091896057129,0.01754838228225708
508,11.843066930770874,0.5993486642837524,0.0,0.0,0.5786387920379639,0.07762505114078522,0.1337294578552246,3.132467746734619,0.027327660471200943
509,11.876159429550171,0.5993486642837524,0.0,0.0,0.559585690498352,0.0831829160451889,0.04246775060892105,3.1232166290283203,0.04039045050740242
510,11.889912605285645,0.5993486642837524,0.0,0.0,0.545811116695404,0.06331733614206314,0.24305777251720428,3.1240315437316895,0.04879474639892578
511,11.919307947158813,0.5993486642837524,0.0,0.0,0.5278462767601013,0.031005792319774628,0.14009591937065125,3.135150671005249,0.05461496859788895
512,11.935614347457886,0.5993486642837524,0.0,0.0,0.5125266909599304,0.0071870191022753716,-0.05637618899345398,-3.1347219944000244,0.05554364621639252
513,11.975425958633423,0.5993486642837524,0.0,0.0,0.49805065989494324,-0.008595429360866547,-0.10045109689235687,-3.1281089782714844,0.05407322570681572
514,11.992201566696167,0.5993486642837524,0.0,0.0,0.48442837595939636,-0.024363862350583076,-0.06926237046718597,-3.12607479095459,0.05464806780219078
515,12.027098417282104,0.5993486642837524,0.0,0.0,0.4767707884311676,-0.04085824266076088,-0.05310624837875366,-3.124843120574951,0.0574587918817997
516,12.0423264503479,0.5993486642837524,0.0,0.0,0.47740474343299866,-0.05163908004760742,-0.029662180691957474,-3.1231045722961426,0.060299307107925415
517,12.073286771774292,0.5993486642837524,0.0,0.0,0.4980091154575348,-0.058956343680620193,-0.18286480009555817,-3.121150255203247,0.0577990785241127
518,12.084391355514526,0.5993486642837524,0.0,0.0,0.490610808134079,-0.05798187479376793,-0.15785600244998932,-3.1198647022247314,0.04816427826881409
519,12.118112564086914,0.5993486642837524,0.0,0.0,0.47530409693717957,-0.04344106838107109,-0.03913140296936035,-3.1146817207336426,0.051520396023988724
520,12.13218069076538,0.5993486642837524,0.0,0.0,0.47830113768577576,-0.018284274265170097,0.017652804031968117,-3.109025001525879,0.062414560467004776
521,12.171113967895508,0.5993486642837524,0.0,0.0,0.48572367429733276,0.017635013908147812,0.08833034336566925,-3.108279228210449,0.06697813421487808
522,12.197545289993286,0.5993486642837524,0.0,0.0,0.5008767247200012,0.05086145177483559,0.16877301037311554,-3.112464427947998,0.06113307178020477
523,12.245120286941528,0.5993486642837524,0.0,0.0,0.5175116658210754,0.07423283159732819,0.2372548133134842,-3.117313861846924,0.04763186722993851
524,12.25991177558899,0.5993486642837524,0.0,0.0,0.5231338143348694,0.08919306844472885,0.26849880814552307,-3.1209049224853516,0.03488587960600853
525,12.291112899780273,0.5993486642837524,0.0,0.0,0.48007768392562866,0.11374359577894211,0.24465014040470123,-3.1244280338287354,0.028390655294060707
526,12.30228567123413,0.5993486642837524,0.0,0.0,0.509448766708374,0.09493847191333771,0.2386922687292099,-3.125765800476074,0.01649435982108116
527,12.335570573806763,0.5993486642837524,0.0,0.0,0.4989229142665863,0.06831961870193481,0.12091463059186935,-3.1199920177459717,0.010692034848034382
528,12.350488185882568,0.5993486642837524,0.0,0.0,0.4917925298213959,0.04010501876473427,0.006475724745541811,-3.11456561088562,0.010155665688216686
529,12.385306119918823,0.5993486642837524,0.0,0.0,0.4956815838813782,0.018509384244680405,-0.0473126582801342,-3.113093852996826,0.011761925183236599
530,12.395726442337036,0.5993486642837524,0.0,0.0,0.5086442828178406,0.004220153670758009,-0.04899017885327339,-3.1150336265563965,0.01349733117967844
531,12.42340636253357,0.5993486642837524,0.0,0.0,0.5249051451683044,-0.011646347120404243,0.02535420097410679,-3.1188559532165527,0.01546438131481409
532,12.445948839187622,0.5993486642837524,0.0,0.0,0.5508795976638794,-0.029310787096619606,0.11327917873859406,-3.122434139251709,0.01697961799800396
533,12.479829788208008,0.5993486642837524,0.0,0.0,0.5786125063896179,-0.04531191289424896,0.1603780835866928,-3.124908685684204,0.016340913251042366
534,12.491461038589478,0.5993486642837524,0.0,0.0,0.6064732074737549,-0.06557760387659073,0.16451072692871094,-3.1242454051971436,0.01438865251839161
535,12.52276349067688,0.5993486642837524,0.0,0.0,0.6349208950996399,-0.08528362959623337,-0.014121217653155327,-3.118572473526001,0.01112049538642168
536,12.533671617507935,0.5993486642837524,0.0,0.0,0.6383011341094971,-0.09446222335100174,-0.17359648644924164,-3.11152982711792,0.003943031188100576
537,12.565695524215698,0.5993486642837524,0.0,0.0,0.6141242980957031,-0.08397982269525528,-0.14929398894309998,-3.1038827896118164,0.003979196306318045
538,12.578032493591309,0.5993486642837524,0.0,0.0,0.5966150760650635,-0.050633855164051056,0.1102047711610794,-3.10321307182312,0.007889262400567532
539,12.608278751373291,0.5993486642837524,0.0,0.0,0.5963923335075378,-0.02972874976694584,0.2544584274291992,-3.1090967655181885,0.005781376268714666
540,12.619447946548462,0.5993486642837524,0.0,0.0,0.6048768162727356,-0.02551380544900894,0.18757161498069763,-3.1137938499450684,-9.495393896941096e-05
541,12.652772903442383,0.5993486642837524,0.0,0.0,0.6149303317070007,-0.01779932528734207,0.14586378633975983,-3.115821599960327,-0.006298464722931385
542,12.66485047340393,0.5993486642837524,0.0,0.0,0.6254282593727112,-0.008308926597237587,0.13473503291606903,-3.117630958557129,-0.011148665100336075
543,12.694754123687744,0.5993486642837524,0.0,0.0,0.6290084719657898,0.0029593510553240776,0.1924004852771759,-3.118480920791626,-0.014561375603079796
544,12.706392288208008,0.6872173547744751,0.0,0.0,0.6345252394676208,0.011004140600562096,0.28246280550956726,-3.1180896759033203,-0.016444306820631027
545,12.7366783618927,0.6872173547744751,0.0,0.0,0.6312059760093689,0.017832225188612938,0.3079761862754822,-3.1180243492126465,-0.01549556478857994
546,12.74844765663147,0.6872173547744751,0.0,0.0,0.6301220059394836,0.023823387920856476,0.21253541111946106,-3.1182494163513184,-0.00610962463542819
547,12.782285928726196,0.6872173547744751,0.0,0.0,0.6481557488441467,0.04035169258713722,0.07123621553182602,-3.117581844329834,0.00883588194847107
548,12.795831680297852,0.6872173547744751,0.0,0.0,0.6715405583381653,0.05390779674053192,0.14482763409614563,-3.119795322418213,0.020282726734876633
549,12.831770420074463,0.6872173547744751,0.0,0.0,0.6904404163360596,0.05831250920891762,0.27654728293418884,-3.123990058898926,0.021603023633360863
550,12.843791961669922,0.6872173547744751,0.0,0.0,0.6852778196334839,0.04436555504798889,0.2815721333026886,-3.12678861618042,0.020926540717482567
551,12.880866289138794,0.6872173547744751,0.0,0.0,0.661958634853363,0.012796161696314812,0.07508325576782227,-3.1250603199005127,0.022762136533856392
552,12.893430471420288,0.6872173547744751,0.0,0.0,0.6377859115600586,-0.01874542236328125,-0.10214153677225113,-3.114750623703003,0.02182156778872013
553,12.926483392715454,0.6872173547744751,0.0,0.0,0.6248701810836792,-0.04226525127887726,-0.17825651168823242,-3.099198579788208,0.016493622213602066
554,12.938206195831299,0.6872173547744751,0.0,0.0,0.6100027561187744,-0.05934763327240944,-0.2204466611146927,-3.0831265449523926,0.010009814985096455
555,12.976545095443726,0.6872173547744751,0.0,0.0,0.5956522822380066,-0.07216720283031464,-0.30085039138793945,-3.0688369274139404,0.00753337237983942
556,12.988652229309082,0.6872173547744751,0.0,0.0,0.5890623331069946,-0.07961274683475494,-0.4041619300842285,-3.058722734451294,0.008606872521340847
557,13.019627571105957,0.6872173547744751,0.0,0.0,0.5873709917068481,-0.08536028116941452,-0.4626300036907196,-3.0546069145202637,0.011455962434411049
558,13.040250062942505,0.6872173547744751,0.0,0.0,0.5883005261421204,-0.09496936947107315,-0.42375150322914124,-3.056514263153076,0.017443232238292694
559,13.073168516159058,0.6872173547744751,0.0,0.0,0.6026390790939331,-0.11319267004728317,-0.2579903304576874,-3.060458183288574,0.028227094560861588
560,13.084163427352905,0.48240599036216736,0.0,0.0,0.6120886206626892,-0.0996173694729805,-0.23893815279006958,-3.0652754306793213,0.03288160264492035
561,13.119431734085083,0.48240599036216736,0.0,0.0,0.6034932732582092,-0.0692128911614418,-0.10465075820684433,-3.06819486618042,0.042592603713274
562,13.134663820266724,0.48240599036216736,0.0,0.0,0.6106162667274475,-0.025425663217902184,0.10925976932048798,-3.074052095413208,0.05135887488722801
563,13.167380571365356,0.48240599036216736,0.0,0.0,0.6347214579582214,0.0012431892100721598,0.09501895308494568,-3.081026077270508,0.0477367602288723
564,13.179577350616455,0.48240599036216736,0.0,0.0,0.6554318070411682,0.022040419280529022,0.057709433138370514,-3.0842459201812744,0.035329848527908325
565,13.20967698097229,0.48240599036216736,0.0,0.0,0.6633168458938599,0.038553766906261444,0.12835794687271118,-3.084932804107666,0.022865714505314827
566,13.220914363861084,0.48240599036216736,0.0,0.0,0.659105122089386,0.04672975093126297,0.266104519367218,-3.083484172821045,0.01525366771966219
567,13.251017808914185,0.48240599036216736,0.0,0.0,0.6457299590110779,0.04532657936215401,0.4116862714290619,-3.0835981369018555,0.015811774879693985
568,13.263601779937744,0.48240599036216736,0.0,0.0,0.5868999361991882,0.05080849304795265,0.16136853396892548,-3.090803623199463,0.028821300715208054
569,13.299585342407227,0.48240599036216736,0.0,0.0,0.5640972852706909,0.02858981490135193,0.22316303849220276,-3.098076820373535,0.03675824776291847
570,13.314127922058105,0.48240599036216736,0.0,0.0,0.5139097571372986,0.001974270213395357,0.06280748546123505,-3.0948734283447266,0.04119405895471573
571,13.343765020370483,0.48240599036216736,0.0,0.0,0.4672550559043884,-0.01847299002110958,-0.03562571853399277,-3.088097095489502,0.04353015497326851
572,13.35684847831726,0.48240599036216736,0.0,0.0,0.42980363965034485,-0.032120075076818466,-0.09832259267568588,-3.08420991897583,0.048068154603242874
573,13.390764236450195,0.48240599036216736,0.0,0.0,0.40267494320869446,-0.04292026162147522,-0.11778204143047333,-3.084251642227173,0.05580923333764076
574,13.40713119506836,0.48240599036216736,0.0,0.0,0.3848613500595093,-0.05292748287320137,-0.04703952372074127,-3.0857348442077637,0.06422498822212219
575,13.437995910644531,0.48240599036216736,0.0,0.0,0.3675248324871063,-0.06472248584032059,0.0005983172450214624,-3.085876226425171,0.07198962569236755
576,13.449442386627197,0.48240599036216736,0.0,0.0,0.35142752528190613,-0.07684735208749771,0.04908300191164017,-3.0836565494537354,0.08025278896093369
577,13.48212194442749,0.48240599036216736,0.0,0.0,0.3550238311290741,-0.07459573447704315,0.0024808512534946203,-3.0806002616882324,0.08530224859714508
578,13.49722933769226,0.48240599036216736,0.0,0.0,0.34569332003593445,-0.052648600190877914,-0.007051811087876558,-3.0818119049072266,0.08310040086507797
579,13.52440619468689,0.48240599036216736,0.0,0.0,0.3318125009536743,-0.029665082693099976,0.08616165071725845,-3.0857017040252686,0.08569661527872086
580,13.534502029418945,0.48240599036216736,0.0,0.0,0.3257513642311096,-0.0034094592556357384,0.15432459115982056,-3.089474678039551,0.0921899825334549
581,13.560428380966187,0.48240599036216736,0.0,0.0,0.3285115659236908,0.01612655632197857,0.12349823862314224,-3.092904806137085,0.09565499424934387
582,13.571656942367554,0.48240599036216736,0.0,0.0,0.33027294278144836,0.028957383707165718,0.100258968770504,-3.0937306880950928,0.09234324842691422
583,13.605765104293823,0.48240599036216736,0.0,0.0,0.3303406536579132,0.03844088315963745,0.1049288734793663,-3.0926408767700195,0.08572465926408768
584,13.61671495437622,0.48240599036216736,0.0,0.0,0.3319019377231598,0.047900497913360596,0.1477145552635193,-3.0911800861358643,0.08020563423633575
585,13.648373365402222,0.48240599036216736,0.0,0.0,0.34075599908828735,0.053188737481832504,0.16653457283973694,-3.090367555618286,0.07650387287139893
586,13.661266565322876,0.48240599036216736,0.0,0.0,0.35168635845184326,0.05106773599982262,0.1476157158613205,-3.0895485877990723,0.07217096537351608
587,13.690531253814697,0.48240599036216736,0.0,0.0,0.36075112223625183,0.03638483211398125,0.10435602813959122,-3.0884101390838623,0.06759926676750183
588,13.705047845840454,0.48240599036216736,0.0,0.0,0.3662633001804352,0.011014086194336414,-0.027333710342645645,-3.085829019546509,0.061978552490472794
589,13.735668182373047,0.48240599036216736,0.0,0.0,0.37425997853279114,-0.007670191116631031,-0.10258141160011292,-3.084599256515503,0.05518559738993645
590,13.74780011177063,0.48240599036216736,0.0,0.0,0.3837759792804718,-0.017600150778889656,-0.12385430186986923,-3.087106227874756,0.04990687593817711
591,13.778059244155884,0.48240599036216736,0.0,0.0,0.3978565037250519,-0.02642928622663021,-0.09002868086099625,-3.093130350112915,0.04831207916140556
592,13.789532899856567,0.48240599036216736,0.0,0.0,0.41390106081962585,-0.03582914173603058,-0.04353570565581322,-3.0999491214752197,0.04961720481514931
593,13.820775508880615,0.48240599036216736,0.0,0.0,0.42881089448928833,-0.05031350627541542,-0.034506071358919144,-3.103717803955078,0.054977674037218094
594,13.831794738769531,0.48240599036216736,0.0,0.0,0.43947291374206543,-0.04650561884045601,-0.09830143302679062,-3.103107213973999,0.058796048164367676
595,13.861600637435913,0.48240599036216736,0.0,0.0,0.43768322467803955,-0.03039254993200302,-0.08031599968671799,-3.0978310108184814,0.06481271982192993
596,13.87388014793396,0.48240599036216736,0.0,0.0,0.4290543794631958,0.006957415025681257,0.06125481054186821,-3.0956614017486572,0.06932870298624039
597,13.906807661056519,0.48240599036216736,0.0,0.0,0.43846818804740906,0.038240693509578705,0.1708413064479828,-3.1000924110412598,0.06485792994499207
598,13.922428369522095,0.48240599036216736,0.0,0.0,0.4440692365169525,0.06114849075675011,0.2445751279592514,-3.1060996055603027,0.05180007591843605
599,13.95136570930481,0.48240599036216736,0.0,0.0,0.44616544246673584,0.07799235731363297,0.3691597580909729,-3.1113290786743164,0.03883977234363556
600,13.963454723358154,0.48240599036216736,0.0,0.0,0.4393867254257202,0.0830436423420906,0.41915926337242126,-3.1157331466674805,0.03190400078892708
601,13.996999025344849,0.48240599036216736,0.0,0.0,0.4042744040489197,0.09052176773548126,0.22248026728630066,-3.1205263137817383,0.032196979969739914
602,14.008717060089111,0.48240599036216736,0.0,0.0,0.43495044112205505,0.0509827695786953,0.2545301914215088,-3.115295171737671,0.022363601252436638
603,14.03908634185791,0.48240599036216736,0.0,0.0,0.4366384744644165,-0.012065096758306026,0.07444843649864197,-3.0996291637420654,0.01856791041791439
604,14.050849199295044,0.48240599036216736,0.0,0.0,0.4406103193759918,-0.05961919575929642,-0.11779934167861938,-3.083850622177124,0.021340493112802505
605,14.08558964729309,0.48240599036216736,0.0,0.0,0.4560912251472473,-0.08330993354320526,-0.14755956828594208,-3.077791452407837,0.027559062466025352
606,14.100279569625854,0.48240599036216736,0.0,0.0,0.47907546162605286,-0.08775793761014938,-0.11395955085754395,-3.0815186500549316,0.03378080204129219
607,14.131505489349365,0.48240599036216736,0.0,0.0,0.4894528388977051,-0.10246375948190689,0.005247291177511215,-3.086543560028076,0.043211013078689575
608,14.147799253463745,0.48240599036216736,0.0,0.0,0.48823225498199463,-0.1294981688261032,0.3178430199623108,-3.0824007987976074,0.06272357702255249
609,14.182897329330444,0.48240599036216736,0.0,0.0,0.4936651289463043,-0.13251125812530518,0.09395144134759903,-3.0712616443634033,0.07793617993593216
610,14.195831775665283,0.48240599036216736,0.0,0.0,0.4734953045845032,-0.10840435326099396,-0.020854149013757706,-3.063626766204834,0.08365572988986969
611,14.226238489151001,0.48240599036216736,0.0,0.0,0.45077016949653625,-0.07823454588651657,0.01713772863149643,-3.0674331188201904,0.08322590589523315
612,14.238566398620605,0.48240599036216736,0.0,0.0,0.43655529618263245,-0.05830836668610573,0.051203154027462006,-3.0767810344696045,0.08043309301137924
613,14.268513917922974,0.48240599036216736,0.0,0.0,0.4321005046367645,-0.04339057207107544,0.08474081009626389,-3.0858733654022217,0.07754019647836685
614,14.28032922744751,0.48240599036216736,0.0,0.0,0.4314570724964142,-0.029351022094488144,0.1263849437236786,-3.093763589859009,0.0748400092124939
615,14.315027475357056,0.48240599036216736,0.0,0.0,0.4314180910587311,-0.017960084602236748,0.1572238951921463,-3.1005282402038574,0.07240850478410721
616,14.330987215042114,0.48240599036216736,0.0,0.0,0.43376463651657104,-0.011807823553681374,0.16187572479248047,-3.1045899391174316,0.06928939372301102
617,14.359836339950562,0.48240599036216736,0.0,0.0,0.4325416684150696,-0.006128265988081694,0.14583398401737213,-3.105219602584839,0.06494742631912231
618,14.370816230773926,0.48240599036216736,0.0,0.0,0.4313867688179016,0.004422309808433056,0.11662846803665161,-3.104074716567993,0.05927826464176178
619,14.401174068450928,0.48240599036216736,0.0,0.0,0.43232664465904236,0.02127455174922943,0.1519005447626114,-3.1033873558044434,0.05325420945882797
620,14.414199590682983,0.48240599036216736,0.0,0.0,0.4389509856700897,0.03667271137237549,0.1659185290336609,-3.1043734550476074,0.04970751330256462
621,14.443123817443848,0.48240599036216736,0.0,0.0,0.4474102258682251,0.04651107266545296,0.15283651649951935,-3.1056511402130127,0.04882795736193657
622,14.459507465362549,0.48240599036216736,0.0,0.0,0.45835721492767334,0.05627776309847832,0.12977512180805206,-3.1071362495422363,0.050793472677469254
623,14.489698648452759,0.48240599036216736,0.0,0.0,0.45094984769821167,0.0684019923210144,0.03887065500020981,-3.1092398166656494,0.0543711856007576
624,14.50067687034607,0.48240599036216736,0.0,0.0,0.4530801475048065,0.06175389513373375,0.08080248534679413,-3.1114914417266846,0.05661913752555847
625,14.532217979431152,0.48240599036216736,0.0,0.0,0.4429177939891815,0.047038931399583817,0.12447742372751236,-3.1115572452545166,0.060523487627506256
626,14.544434785842896,0.48240599036216736,0.0,0.0,0.42337870597839355,0.019834382459521294,0.18873225152492523,-3.10764479637146,0.06753309816122055
627,14.574092149734497,0.48240599036216736,0.0,0.0,0.40466073155403137,-0.012668559327721596,0.08096261322498322,-3.096992015838623,0.07274440675973892
628,14.594481706619263,0.48240599036216736,0.0,0.0,0.3911430239677429,-0.0382176898419857,-0.029383493587374687,-3.0840904712677,0.07203726470470428
629,14.624030351638794,0.48240599036216736,0.0,0.0,0.377898633480072,-0.05919471010565758,-0.05154436081647873,-3.0731735229492188,0.068950355052948
630,14.634478569030762,0.48240599036216736,0.0,0.0,0.3650866150856018,-0.07988148182630539,-0.04255250468850136,-3.064478874206543,0.06756071001291275
631,14.709707021713257,0.48240599036216736,0.0,0.0,0.35051941871643066,-0.10370472073554993,-0.10563277453184128,-3.0570106506347656,0.06893371045589447
632,14.722668170928955,0.48240599036216736,0.0,0.0,0.3579026460647583,-0.12359265238046646,-0.13572397828102112,-3.051241874694824,0.07056482881307602
633,14.754123210906982,0.48240599036216736,0.0,0.0,0.35732337832450867,-0.11761055886745453,-0.15657424926757812,-3.0478148460388184,0.06626827269792557
634,14.766038656234741,0.48240599036216736,0.0,0.0,0.3540354371070862,-0.09252265840768814,-0.05584950000047684,-3.046257972717285,0.06972556561231613
635,14.798917055130005,0.48240599036216736,0.0,0.0,0.3655458986759186,-0.055749960243701935,0.048663947731256485,-3.0485479831695557,0.07711151987314224
636,14.810486316680908,0.48240599036216736,0.0,0.0,0.3896595537662506,-0.025161663070321083,0.10578764230012894,-3.053650140762329,0.07771216332912445
637,14.840840816497803,0.48240599036216736,0.0,0.0,0.41154739260673523,-0.003416224615648389,0.07916725426912308,-3.0572028160095215,0.06967043876647949
638,14.852939128875732,0.48240599036216736,0.0,0.0,0.42650294303894043,0.016200292855501175,0.08045034110546112,-3.0574655532836914,0.05827191099524498
639,14.883135080337524,0.48240599036216736,0.0,0.0,0.43598347902297974,0.034028276801109314,0.13203614950180054,-3.0564210414886475,0.04929454252123833
640,14.895936250686646,0.48240599036216736,0.0,0.0,0.44337955117225647,0.049140073359012604,0.16679935157299042,-3.0568528175354004,0.0439954474568367
641,14.926211595535278,0.48240599036216736,0.0,0.0,0.4488367438316345,0.06093069165945053,0.15508125722408295,-3.0596511363983154,0.04239797964692116
642,14.936805963516235,0.48240599036216736,0.0,0.0,0.42218488454818726,0.07790721207857132,0.09504839032888412,-3.0661253929138184,0.0458710640668869
643,14.966801643371582,0.48240599036216736,0.0,0.0,0.43413224816322327,0.07032296806573868,0.11276378482580185,-3.0714261531829834,0.0431893952190876
644,14.978943586349487,0.48240599036216736,0.0,0.0,0.4059184193611145,0.052498478442430496,0.037642672657966614,-3.0703630447387695,0.043874580413103104
645,15.00730586051941,0.48240599036216736,0.0,0.0,0.3807155191898346,0.031805265694856644,-0.1268337070941925,-3.066650629043579,0.046495821326971054
646,15.01780915260315,0.48240599036216736,0.0,0.0,0.36197707056999207,0.016114048659801483,-0.12985847890377045,-3.06368350982666,0.047958143055438995
647,15.048384428024292,0.48240599036216736,0.0,0.0,0.3481879234313965,0.0032392314169555902,-0.10626475512981415,-3.06183123588562,0.04996126517653465
648,15.060147047042847,0.48240599036216736,0.0,0.0,0.3387211561203003,-0.008611113764345646,-0.07672592252492905,-3.061136484146118,0.05211390182375908
649,15.089263916015625,0.48240599036216736,0.0,0.0,0.33272063732147217,-0.019113779067993164,-0.0675787553191185,-3.06060528755188,0.05417417362332344
650,15.09985876083374,0.48240599036216736,0.0,0.0,0.32594841718673706,-0.031915560364723206,-0.020088408142328262,-3.060485601425171,0.056808166205883026
651,15.131293773651123,0.48240599036216736,0.0,0.0,0.33294162154197693,-0.04352729767560959,-0.04411783814430237,-3.0602753162384033,0.05867411941289902
652,15.143285036087036,0.48240599036216736,0.0,0.0,0.3350414037704468,-0.04600884020328522,-0.04473013058304787,-3.0602598190307617,0.05502850189805031
653,15.174438238143921,0.48240599036216736,0.0,0.0,0.3329884111881256,-0.035382334142923355,0.0009412901126779616,-3.0594756603240967,0.056506987661123276
654,15.18512773513794,0.48240599036216736,0.0,0.0,0.3385715186595917,-0.01680348813533783,0.04561809450387955,-3.0605900287628174,0.06410083919763565
655,15.214767456054688,0.48240599036216736,0.0,0.0,0.3533087372779846,0.0032918397337198257,0.03419296815991402,-3.063650131225586,0.07059893757104874
656,15.226605653762817,0.48240599036216736,0.0,0.0,0.3707272708415985,0.024523913860321045,0.028889566659927368,-3.068629264831543,0.06881830841302872
657,15.254794597625732,0.48240599036216736,0.0,0.0,0.3887459635734558,0.04407530277967453,0.07073263823986053,-3.073821783065796,0.058100923895835876
658,15.266284942626953,0.48240599036216736,0.0,0.0,0.40674564242362976,0.06106293946504593,0.1837184876203537,-3.0776991844177246,0.04322286322712898
659,15.295259237289429,0.48240599036216736,0.0,0.0,0.41676855087280273,0.06977927684783936,0.3079916834831238,-3.080512046813965,0.030175477266311646
660,15.317431211471558,0.48240599036216736,0.0,0.0,0.41870176792144775,0.07624220848083496,0.33596184849739075,-3.0822668075561523,0.024737386032938957
661,15.350666999816895,0.48240599036216736,0.0,0.0,0.42728570103645325,0.08941980451345444,0.20546501874923706,-3.0855047702789307,0.016644969582557678
662,15.367503881454468,0.48240599036216736,0.0,0.0,0.43217939138412476,0.08837796747684479,0.18844740092754364,-3.084529399871826,0.003936490043997765
663,15.398463249206543,0.48240599036216736,0.0,0.0,0.41785702109336853,0.06573426723480225,0.06248956918716431,-3.084960699081421,-0.0006092964322306216
664,15.4116690158844,0.48240599036216736,0.0,0.0,0.40432408452033997,0.035686127841472626,-0.10720746964216232,-3.083847761154175,0.0024239218328148127
665,15.447999000549316,0.48240599036216736,0.0,0.0,0.40190812945365906,0.011505917645990849,-0.15172179043293,-3.0831410884857178,0.008549165911972523
666,15.459656715393066,0.48240599036216736,0.0,0.0,0.41348862648010254,-0.0021378332749009132,-0.1141791045665741,-3.0835957527160645,0.015364995226264
667,15.492919206619263,0.48240599036216736,0.0,0.0,0.4268307685852051,-0.015059775672852993,-0.0475284568965435,-3.0858585834503174,0.020533308386802673
668,15.504908561706543,0.48240599036216736,0.0,0.0,0.4437180161476135,-0.031311724334955215,0.04578167945146561,-3.0897300243377686,0.024979641661047935
669,15.538833379745483,0.48240599036216736,0.0,0.0,0.46000996232032776,-0.046694159507751465,0.03961619362235069,-3.093702554702759,0.027906689792871475
670,15.549790382385254,0.48240599036216736,0.0,0.0,0.474834680557251,-0.06285006552934647,-0.012705867178738117,-3.095590114593506,0.03178101032972336
671,15.580234289169312,0.48240599036216736,0.0,0.0,0.47220277786254883,-0.06440718472003937,-0.08531200885772705,-3.0946173667907715,0.03209761530160904
672,15.591988563537598,0.48240599036216736,0.0,0.0,0.45221418142318726,-0.04683983325958252,-0.008094830438494682,-3.0895960330963135,0.03825952485203743
673,15.623961687088013,0.48240599036216736,0.0,0.0,0.4441733956336975,-0.015245011076331139,0.10014190524816513,-3.0892956256866455,0.0427783839404583
674,15.638737678527832,0.48240599036216736,0.0,0.0,0.4463861584663391,0.007588638924062252,0.0903843492269516,-3.094644546508789,0.03620211407542229
675,15.676125049591064,0.48240599036216736,0.0,0.0,0.4476289451122284,0.027118345722556114,0.14353448152542114,-3.1015865802764893,0.024452757090330124
676,15.692196607589722,0.48240599036216736,0.0,0.0,0.442873477935791,0.044111791998147964,0.21851997077465057,-3.1090540885925293,0.015483954921364784
677,15.724427223205566,0.48240599036216736,0.0,0.0,0.4369335174560547,0.0596289187669754,0.23092524707317352,-3.1154844760894775,0.009802158921957016
678,15.735179662704468,0.48240599036216736,0.0,0.0,0.43296951055526733,0.0762828066945076,0.2512151598930359,-3.120687246322632,0.005850883666425943
679,15.762701988220215,0.48240599036216736,0.0,0.0,0.42457595467567444,0.09204201400279999,0.2632291615009308,-3.125948667526245,0.005162219051271677
680,15.773012161254883,0.48240599036216736,0.0,0.0,0.3741137385368347,0.11896120756864548,0.13904239237308502,-3.132676601409912,0.011875885538756847
681,15.827722072601318,0.48240599036216736,0.0,0.0,0.39027702808380127,0.09311161935329437,0.2706960141658783,-3.1362926959991455,0.013366717845201492
682,15.839675903320312,0.48240599036216736,0.0,0.0,0.3786528408527374,0.059479281306266785,0.2034631222486496,-3.1312456130981445,0.0182923823595047
683,15.872385263442993,0.48240599036216736,0.0,0.0,0.36670857667922974,0.020863236859440804,0.0161700751632452,-3.1224067211151123,0.025722825899720192
684,15.884926080703735,0.48240599036216736,0.0,0.0,0.358944833278656,-0.013125878758728504,-0.12575650215148926,-3.1146750450134277,0.03308698162436485
685,15.915855407714844,0.48240599036216736,0.0,0.0,0.36492422223091125,-0.031075725331902504,-0.13368695974349976,-3.1110846996307373,0.038105566054582596
686,15.92760944366455,0.48240599036216736,0.0,0.0,0.36917856335639954,-0.04587115719914436,-0.043268412351608276,-3.1099963188171387,0.04069749638438225
687,15.95632791519165,0.48240599036216736,0.0,0.0,0.37189334630966187,-0.06455595791339874,0.07094519585371017,-3.108449697494507,0.04442784935235977
688,15.970025539398193,0.48240599036216736,0.0,0.0,0.3829079866409302,-0.09000357240438461,0.04332911968231201,-3.1042540073394775,0.04777967929840088
689,16.002214908599854,0.48240599036216736,0.0,0.0,0.3903336226940155,-0.10322029143571854,-0.033841826021671295,-3.098405361175537,0.04576278105378151
690,16.0139639377594,0.48240599036216736,0.0,0.0,0.3874175250530243,-0.10120643675327301,-0.03303049877285957,-3.0917975902557373,0.04650028422474861
691,16.04396367073059,0.48240599036216736,0.0,0.0,0.38550081849098206,-0.08372466266155243,0.010799373500049114,-3.0858962535858154,0.05386621132493019
692,16.055636405944824,0.48240599036216736,0.0,0.0,0.3933817744255066,-0.05183393135666847,0.052321601659059525,-3.0840845108032227,0.06036074087023735
693,16.089158535003662,0.48240599036216736,0.0,0.0,0.41184160113334656,-0.023369256407022476,0.11276073753833771,-3.086928367614746,0.05643417313694954
694,16.10003972053528,0.48240599036216736,0.0,0.0,0.42697444558143616,-0.002558670472353697,0.14536067843437195,-3.0905582904815674,0.045265041291713715
695,16.13978886604309,0.48240599036216736,0.0,0.0,0.44031551480293274,0.01519837137311697,0.14454855024814606,-3.0919058322906494,0.032641272991895676
696,16.150776386260986,0.48240599036216736,0.0,0.0,0.4515905976295471,0.03585787117481232,0.19228607416152954,-3.092033624649048,0.021342521533370018
697,16.18959140777588,0.48240599036216736,0.0,0.0,0.46103179454803467,0.050630368292331696,0.2693064510822296,-3.0937325954437256,0.013557006604969501
698,16.201069593429565,0.48240599036216736,0.0,0.0,0.4675805866718292,0.05949349328875542,0.327096164226532,-3.095208168029785,0.010233322158455849
699,16.231459856033325,0.48240599036216736,0.0,0.0,0.4681870937347412,0.06428726762533188,0.3528040647506714,-3.095721483230591,0.013039746321737766
700,16.243794918060303,0.48240599036216736,0.0,0.0,0.45496270060539246,0.06882321834564209,0.2238510549068451,-3.0995304584503174,0.017598295584321022
701,16.27335834503174,0.48240599036216736,0.0,0.0,0.45034104585647583,0.06177467107772827,0.28245261311531067,-3.0979435443878174,0.013962204568088055
702,16.284433603286743,0.48240599036216736,0.0,0.0,0.42357540130615234,0.035023581236600876,0.2428964078426361,-3.094911575317383,0.014729073271155357
703,16.319904327392578,0.48240599036216736,0.0,0.0,0.3946871757507324,0.0017210295191034675,0.03537454083561897,-3.0885121822357178,0.020560873672366142
704,16.331551790237427,0.48240599036216736,0.0,0.0,0.37692737579345703,-0.020019859075546265,-0.11736147850751877,-3.0839309692382812,0.02720891684293747
705,16.36167025566101,0.48240599036216736,0.0,0.0,0.36920782923698425,-0.03587125241756439,-0.079843670129776,-3.0831940174102783,0.034568533301353455
706,16.37338662147522,0.48240599036216736,0.0,0.0,0.3640713393688202,-0.05181056633591652,0.015709135681390762,-3.0835962295532227,0.04216393455862999
707,16.40505599975586,0.48240599036216736,0.0,0.0,0.3652525246143341,-0.06875176727771759,0.1120782196521759,-3.0835630893707275,0.05029499530792236
708,16.416720867156982,0.7595789432525635,0.0,0.0,0.3691037595272064,-0.06269332021474838,0.06677789986133575,-3.0831289291381836,0.05178684741258621
709,16.447697401046753,0.7595789432525635,0.0,0.0,0.3614964187145233,-0.050479039549827576,0.07390173524618149,-3.0822155475616455,0.05433225631713867
710,16.459978342056274,0.7595789432525635,0.0,0.0,0.3541250228881836,-0.03496038168668747,0.048383790999650955,-3.0826704502105713,0.059787679463624954
711,16.492923974990845,0.7595789432525635,0.0,0.0,0.3471182882785797,-0.0208854079246521,0.018515143543481827,-3.084804058074951,0.06775564700365067
712,16.50682020187378,0.7595789432525635,0.0,0.0,0.3413819372653961,-0.007130580022931099,0.008699947036802769,-3.086829900741577,0.07771091163158417
713,16.53486943244934,0.7595789432525635,0.0,0.0,0.34469980001449585,0.0037665090057998896,0.01656007580459118,-3.0880303382873535,0.0870300903916359
714,16.54795241355896,0.7595789432525635,0.0,0.0,0.3579585552215576,0.01278274692595005,-0.003425301518291235,-3.0873911380767822,0.09257242828607559
715,16.579885244369507,0.7595789432525635,0.0,0.0,0.3736913204193115,0.020085031166672707,0.04908440634608269,-3.0859339237213135,0.09505350142717361
716,16.59484076499939,0.7595789432525635,0.0,0.0,0.39756298065185547,0.027506159618496895,0.07376226037740707,-3.085214138031006,0.09709544479846954
717,16.624058485031128,0.7595789432525635,0.0,0.0,0.4280048608779907,0.028653264045715332,0.05046486854553223,-3.086024284362793,0.098141148686409
718,16.634997129440308,0.7595789432525635,0.0,0.0,0.46163609623908997,0.02303999848663807,0.021341631188988686,-3.0862817764282227,0.09775368869304657
719,16.665141582489014,0.7595789432525635,0.0,0.0,0.492595374584198,0.015887310728430748,0.05243925005197525,-3.0855813026428223,0.09673000127077103
720,16.67999267578125,0.7595789432525635,0.0,0.0,0.5259851813316345,-0.001421055058017373,0.02072685956954956,-3.0846598148345947,0.09603830426931381
721,16.709142208099365,0.7595789432525635,0.0,0.0,0.5589533448219299,-0.029612349346280098,-0.09808802604675293,-3.083542823791504,0.08967217803001404
722,16.719760179519653,0.7595789432525635,0.0,0.0,0.5940769910812378,-0.047492168843746185,-0.14852949976921082,-3.0863142013549805,0.07672180980443954
723,16.749695301055908,0.7595789432525635,0.0,0.0,0.6305148601531982,-0.062360748648643494,-0.16006119549274445,-3.094255208969116,0.06438791751861572
724,16.763553142547607,0.7595789432525635,0.0,0.0,0.6763611435890198,-0.06683023273944855,-0.1562262773513794,-3.105435848236084,0.05566416308283806
725,16.792937755584717,0.7595789432525635,0.0,0.0,0.7091161012649536,-0.07353033870458603,-0.12857764959335327,-3.119229316711426,0.04952305182814598
726,16.803627490997314,0.7595789432525635,0.0,0.0,0.7304849624633789,-0.08947643637657166,-0.028174782171845436,-3.130622625350952,0.04960649088025093
727,16.833750247955322,0.7595789432525635,0.0,0.0,0.7475773096084595,-0.09462781250476837,-0.18246185779571533,-3.1358602046966553,0.04693477228283882
728,16.848376035690308,0.7595789432525635,0.0,0.0,0.730151891708374,-0.06312362849712372,0.05968429148197174,-3.1371958255767822,0.041158005595207214
729,16.88098120689392,0.7595789432525635,0.0,0.0,0.724338710308075,-0.04121203348040581,0.22472935914993286,-3.141472578048706,0.031156713142991066
730,16.89137029647827,0.7595789432525635,0.0,0.0,0.7407298684120178,-0.032491978257894516,0.2239018678665161,3.137537717819214,0.022007493302226067
731,16.9179105758667,0.7595789432525635,0.0,0.0,0.7688887715339661,-0.023962318897247314,0.21128374338150024,3.1337366104125977,0.015552951954305172
732,16.947417974472046,0.7595789432525635,0.0,0.0,0.8011181950569153,-0.015714332461357117,0.1755160242319107,3.1308679580688477,0.010748032480478287
733,16.978952407836914,0.7595789432525635,0.0,0.0,0.8252549767494202,-0.005441849119961262,0.1592278927564621,3.1303787231445312,0.005849121604114771
734,16.99093770980835,0.7595789432525635,0.0,0.0,0.8431353569030762,0.001976130297407508,0.22871412336826324,3.132856845855713,0.00029412179719656706
735,17.021968603134155,0.7595789432525635,0.0,0.0,0.8464565873146057,0.003802657127380371,0.3234952390193939,3.137249231338501,-0.0029113346245139837
736,17.040520191192627,0.7595789432525635,0.0,0.0,0.8448659181594849,0.0053021288476884365,0.3529430329799652,-3.140955686569214,0.0014424643013626337
737,17.071032762527466,0.7595789432525635,0.0,0.0,0.8235949873924255,0.011704216711223125,0.37587934732437134,-3.140674352645874,0.007097666617482901
738,17.08318257331848,0.7595789432525635,0.0,0.0,0.7813643217086792,-0.008762840181589127,0.252360463142395,-3.132046937942505,-0.0007416672306135297
739,17.113476514816284,0.7595789432525635,0.0,0.0,0.7251959443092346,-0.02843635529279709,-0.0633295401930809,-3.124218463897705,1.709768002911005e-05
740,17.125391483306885,0.7595789432525635,0.0,0.0,0.6773362159729004,-0.043017640709877014,-0.07472927123308182,-3.1212596893310547,0.008100992999970913
741,17.154993534088135,0.7595789432525635,0.0,0.0,0.6502599120140076,-0.053975291550159454,-0.0034491762053221464,-3.118783950805664,0.019494982436299324
742,17.168125867843628,0.7595789432525635,0.0,0.0,0.6330379843711853,-0.06380411982536316,0.034647926688194275,-3.115248680114746,0.02908162958920002
743,17.20016360282898,0.7595789432525635,0.0,0.0,0.6200774312019348,-0.07399321347475052,0.056822068989276886,-3.1113555431365967,0.036840684711933136
744,17.212109804153442,0.7595789432525635,0.0,0.0,0.6093857884407043,-0.09109969437122345,0.09671562910079956,-3.1085243225097656,0.04480476304888725
745,17.241787433624268,0.7595789432525635,0.0,0.0,0.6124789118766785,-0.10946772992610931,0.01354190707206726,-3.1074609756469727,0.0527254119515419
746,17.253071784973145,0.7595789432525635,0.0,0.0,0.6215611696243286,-0.12412455677986145,-0.026896873489022255,-3.1093738079071045,0.05486394464969635
747,17.285034894943237,0.7595789432525635,0.0,0.0,0.6301767826080322,-0.1331174671649933,-0.09619369357824326,-3.1084163188934326,0.055943813174963
748,17.301584482192993,0.7595789432525635,0.0,0.0,0.6115661859512329,-0.12493470311164856,-0.01465924084186554,-3.1043272018432617,0.06152607128024101
749,17.332118034362793,0.7595789432525635,0.0,0.0,0.5989758968353271,-0.10507460683584213,0.04666756093502045,-3.0994555950164795,0.07837194204330444
750,17.344510555267334,0.7595789432525635,0.0,0.0,0.602202832698822,-0.07647468894720078,0.018335197120904922,-3.09676194190979,0.09262175858020782
751,17.376431465148926,0.7595789432525635,0.0,0.0,0.6137389540672302,-0.044496044516563416,0.007170210592448711,-3.098609447479248,0.09246526658535004
752,17.39119243621826,0.7595789432525635,0.0,0.0,0.6143051385879517,-0.011621744371950626,0.1385296732187271,-3.1054062843322754,0.08015156537294388
753,17.422418117523193,0.7595789432525635,0.0,0.0,0.614845335483551,0.014146271161735058,0.24465550482273102,-3.113856315612793,0.06677266955375671
754,17.43657636642456,0.7595789432525635,0.0,0.0,0.6165729761123657,0.037270400673151016,0.28951820731163025,-3.1209895610809326,0.05753515288233757
755,17.47151827812195,0.7595789432525635,0.0,0.0,0.6224789023399353,0.06181485205888748,0.2986952066421509,-3.1260263919830322,0.05087482929229736
756,17.483181476593018,0.7595789432525635,0.0,0.0,0.6283894777297974,0.0850180983543396,0.33817923069000244,-3.131131887435913,0.04487263038754463
757,17.51524543762207,0.7595789432525635,0.0,0.0,0.6283075213432312,0.10369786620140076,0.3974853754043579,-3.138488292694092,0.04134710878133774
758,17.5295729637146,0.7595789432525635,0.0,0.0,0.6187486052513123,0.11306103318929672,0.4099833369255066,3.136324644088745,0.04545196518301964
759,17.563698768615723,0.7595789432525635,0.0,0.0,0.5974708199501038,0.11908315122127533,0.12194086611270905,3.129392623901367,0.057477306574583054
760,17.57569408416748,0.7595789432525635,0.0,0.0,0.6111516356468201,0.11240863054990768,0.12199968099594116,3.130521059036255,0.06314482539892197
761,17.609544038772583,0.7595789432525635,0.0,0.0,0.6220855712890625,0.10247417539358139,0.11856819689273834,3.138140916824341,0.06463293731212616
762,17.622827768325806,0.7595789432525635,0.0,0.0,0.6318118572235107,0.09287320077419281,0.1021830141544342,-3.1370198726654053,0.06726528704166412
763,17.65605926513672,0.7595789432525635,0.0,0.0,0.6373724341392517,0.07845449447631836,0.09218447655439377,-3.1298930644989014,0.06917203962802887
764,17.668944835662842,0.7595789432525635,0.0,0.0,0.628862202167511,0.05220445990562439,-0.05190463364124298,-3.123077392578125,0.06893884390592575
765,17.705264806747437,0.7595789432525635,0.0,0.0,0.6270104050636292,0.03404640406370163,-0.129236102104187,-3.1192092895507812,0.06585918366909027
766,17.71820306777954,0.7595789432525635,0.0,0.0,0.6323117017745972,0.022274896502494812,-0.1567007154226303,-3.117988348007202,0.06070398911833763
767,17.749228715896606,0.7595789432525635,0.0,0.0,0.6377266645431519,0.012003159150481224,-0.12240710854530334,-3.1176438331604004,0.05604629963636398
768,17.762084007263184,0.7595789432525635,0.0,0.0,0.6481626629829407,0.0026283753104507923,-0.10262122750282288,-3.1185383796691895,0.0526585653424263
769,17.792476415634155,0.7595789432525635,0.0,0.0,0.6642443537712097,-0.007244698237627745,-0.08678559958934784,-3.1220216751098633,0.04961919039487839
770,17.80785083770752,0.7595789432525635,0.0,0.0,0.6858919262886047,-0.013691067695617676,-0.08840462565422058,-3.12785267829895,0.04701126739382744
771,17.842549562454224,0.7595789432525635,0.0,0.0,0.7080568075180054,-0.025183534249663353,-0.06178218126296997,-3.1345479488372803,0.045688945800065994
772,17.856560230255127,0.7595789432525635,0.0,0.0,0.7393022775650024,-0.04180613532662392,-0.045856647193431854,-3.1392877101898193,0.04553551599383354
773,17.88523769378662,0.7595789432525635,0.0,0.0,0.7659309506416321,-0.05435263365507126,-0.07132621854543686,-3.139573574066162,0.04515959322452545
774,17.89906072616577,0.7595789432525635,0.0,0.0,0.7942380309104919,-0.06145918369293213,-0.22881461679935455,-3.1361372470855713,0.04296683520078659
775,17.929017066955566,0.7595789432525635,0.0,0.0,0.7673442363739014,-0.04879346489906311,-0.22712576389312744,-3.131603717803955,0.03942706063389778
776,17.9434654712677,0.7595789432525635,0.0,0.0,0.7232303619384766,-0.0038758895825594664,0.1628081202507019,-3.134202718734741,0.04314091429114342
777,17.975739240646362,0.7595789432525635,0.0,0.0,0.7117762565612793,0.016352549195289612,0.2893525958061218,3.1401731967926025,0.044269561767578125
778,17.98955774307251,0.7595789432525635,0.0,0.0,0.7208131551742554,0.021802177652716637,0.23554019629955292,3.133927345275879,0.04372459277510643
779,18.018304586410522,0.7595789432525635,0.0,0.0,0.7415310740470886,0.025585880503058434,0.1623479723930359,3.131150484085083,0.042481500655412674
780,18.029141187667847,0.7595789432525635,0.0,0.0,0.7541213035583496,0.03464726731181145,0.13742609322071075,3.1304659843444824,0.04011249542236328
781,18.072391033172607,0.7595789432525635,0.0,0.0,0.7560248374938965,0.045543644577264786,0.1906922459602356,3.1302692890167236,0.03686376288533211
782,18.090595245361328,0.7595789432525635,0.0,0.0,0.752766489982605,0.05252261459827423,0.3107595443725586,3.1299121379852295,0.03525999188423157
783,18.120010375976562,0.7595789432525635,0.0,0.0,0.7425795197486877,0.053167324513196945,0.316154420375824,3.1303551197052,0.03878150135278702
784,18.13671040534973,0.7595789432525635,0.0,0.0,0.7366361618041992,0.05970359593629837,0.1867472529411316,3.131878137588501,0.050529494881629944
785,18.169119119644165,0.7595789432525635,0.0,0.0,0.7363699078559875,0.06785739213228226,0.047545917332172394,3.1329333782196045,0.06982274353504181
786,18.182902336120605,0.7595789432525635,0.0,0.0,0.743748664855957,0.0659676119685173,0.327882319688797,3.1329545974731445,0.07966923713684082
787,18.222230434417725,0.7595789432525635,0.0,0.0,0.7425079345703125,0.03850164636969566,0.4221627116203308,-3.1404619216918945,0.07644972205162048
788,18.233445405960083,0.7595789432525635,0.0,0.0,0.7104015350341797,0.0008233500411733985,0.1243896484375,-3.1276047229766846,0.07302620261907578
789,18.264641761779785,0.7595789432525635,0.0,0.0,0.6751614212989807,-0.03210652992129326,-0.06259848177433014,-3.1159112453460693,0.07295475155115128
790,18.277090787887573,0.7595789432525635,0.0,0.0,0.6555373668670654,-0.05844126641750336,-0.10343542695045471,-3.1073639392852783,0.07483561336994171
791,18.307161808013916,0.7595789432525635,0.0,0.0,0.6458237171173096,-0.08027153462171555,-0.0641937404870987,-3.1002190113067627,0.07657279819250107
792,18.317909240722656,0.7595789432525635,0.0,0.0,0.6512511372566223,-0.09717979282140732,0.016446931287646294,-3.0936615467071533,0.0770677700638771
793,18.348968267440796,0.7595789432525635,0.0,0.0,0.6595993638038635,-0.10050845891237259,0.0243087001144886,-3.091048240661621,0.07044537365436554
794,18.361915588378906,0.7595789432525635,0.0,0.0,0.6534790992736816,-0.09510570764541626,0.02669747918844223,-3.089932680130005,0.06897422671318054
795,18.396595001220703,0.7595789432525635,0.0,0.0,0.6613726019859314,-0.07575719058513641,0.029908224940299988,-3.0883545875549316,0.07605893909931183
796,18.408761262893677,0.7595789432525635,0.0,0.0,0.6910942196846008,-0.042399853467941284,0.12029258161783218,-3.090195894241333,0.07746259868144989
797,18.437827110290527,0.7595789432525635,0.0,0.0,0.7282044291496277,-0.021070141345262527,0.14793604612350464,-3.094058036804199,0.06310971826314926
798,18.449568033218384,0.7595789432525635,0.0,0.0,0.7559255361557007,-0.004812728147953749,0.20375120639801025,-3.0963149070739746,0.04331440478563309
799,18.4859836101532,0.7595789432525635,0.0,0.0,0.7768215537071228,0.0030794639606028795,0.3058110773563385,-3.0965840816497803,0.029104875400662422
800,18.498125553131104,0.7595789432525635,0.0,0.0,0.7917695045471191,0.0038217720575630665,0.3868504464626312,-3.093151330947876,0.02240176685154438
801,18.52769637107849,0.7595789432525635,0.0,0.0,0.8018932342529297,0.0020457152277231216,0.46063095331192017,-3.08778977394104,0.020177867263555527
802,18.552675008773804,0.7595789432525635,0.0,0.0,0.8091158270835876,-0.0017761316848918796,0.5217664241790771,-3.0862839221954346,0.02423841319978237
803,18.58317732810974,0.7595789432525635,0.0,0.0,0.7543219923973083,-0.0051898350939154625,0.23545704782009125,-3.0949504375457764,0.039318498224020004
804,18.59645414352417,0.7595789432525635,0.0,0.0,0.7453938126564026,-0.019449451938271523,0.06994853913784027,-3.1014676094055176,0.04095962271094322
805,18.625355005264282,0.7595789432525635,0.0,0.0,0.7002612352371216,-0.027930254116654396,-0.03223501145839691,-3.1023776531219482,0.03822124004364014
806,18.644099950790405,0.7595789432525635,0.0,0.0,0.6638278961181641,-0.03538395091891289,-0.02567525953054428,-3.1044535636901855,0.03979390859603882
807,18.6763813495636,0.7595789432525635,0.0,0.0,0.6392141580581665,-0.04232736676931381,-0.055008165538311005,-3.108011245727539,0.04550592601299286
808,18.689523935317993,0.7595789432525635,0.0,0.0,0.6230072379112244,-0.05052630603313446,-0.011360359378159046,-3.1134800910949707,0.05353352427482605
809,18.72405433654785,0.7595789432525635,0.0,0.0,0.6173478960990906,-0.056517355144023895,0.029972122982144356,-3.1199817657470703,0.06103724613785744
810,18.734978914260864,0.7595789432525635,0.0,0.0,0.6151759028434753,-0.06385952979326248,0.09582455456256866,-3.1266090869903564,0.0661451518535614
811,18.7676522731781,0.7595789432525635,0.0,0.0,0.616253674030304,-0.07449682801961899,0.1162865161895752,-3.1316680908203125,0.06960106641054153
812,18.78397011756897,0.7595789432525635,0.0,0.0,0.6208108067512512,-0.09283752739429474,0.1390693187713623,-3.1339664459228516,0.07271655648946762
813,18.815547466278076,0.7595789432525635,0.0,0.0,0.6396793723106384,-0.10678420960903168,0.0888892114162445,-3.132350206375122,0.07578879594802856
814,18.834547758102417,0.7595789432525635,0.0,0.0,0.6617528796195984,-0.10941488295793533,-0.1294059455394745,-3.1293129920959473,0.07441724091768265
815,18.86781120300293,0.7595789432525635,0.0,0.0,0.6549369096755981,-0.09818790853023529,-0.14607760310173035,-3.1258394718170166,0.07679368555545807
816,18.884283304214478,0.7595789432525635,0.0,0.0,0.6418913006782532,-0.07013390213251114,-0.07255329936742783,-3.124088764190674,0.09037497639656067
817,18.918695211410522,0.7595789432525635,0.0,0.0,0.6359652280807495,-0.02735844999551773,0.027800526469945908,-3.127614736557007,0.10415931791067123
818,18.93112802505493,0.7595789432525635,0.0,0.0,0.6468833684921265,0.010704964399337769,0.04911816865205765,-3.135826826095581,0.10442239791154861
819,18.962267875671387,0.7595789432525635,0.0,0.0,0.6555743217468262,0.04249884933233261,0.07593026757240295,3.1385624408721924,0.09249794483184814
820,18.974116325378418,0.7595789432525635,0.0,0.0,0.6551730632781982,0.07392354309558868,0.20406067371368408,3.1299853324890137,0.07971362769603729
821,19.00383996963501,0.7595789432525635,0.0,0.0,0.6581190824508667,0.10034529119729996,0.25446969270706177,3.12319016456604,0.07092339545488358
822,19.016364336013794,0.7595789432525635,0.0,0.0,0.6587867140769958,0.12174863368272781,0.2823770344257355,3.118730306625366,0.06510061770677567
823,19.049646139144897,0.7595789432525635,0.0,0.0,0.6460179090499878,0.14267024397850037,0.2564954161643982,3.1129472255706787,0.06659703701734543
824,19.062584161758423,0.7595789432525635,0.0,0.0,0.629459023475647,0.1584140807390213,0.1664879024028778,3.1046457290649414,0.07057588547468185
825,19.092382669448853,0.7595789432525635,0.0,0.0,0.6279923915863037,0.13793782889842987,0.21011772751808167,3.1079821586608887,0.06523678451776505
826,19.103262901306152,0.7595789432525635,0.0,0.0,0.6115576028823853,0.10066048055887222,0.15693403780460358,3.1188783645629883,0.06528579443693161
827,19.189178705215454,0.7595789432525635,0.0,0.0,0.6037887930870056,0.06313672661781311,-0.013193248771131039,3.13035249710083,0.06937026232481003
828,19.20006275177002,0.7595789432525635,0.0,0.0,0.6076322197914124,0.03861033171415329,-0.09100376069545746,3.1358978748321533,0.07072988152503967
829,19.231716632843018,0.7595789432525635,0.0,0.0,0.6172178983688354,0.020108431577682495,-0.055461592972278595,3.135871171951294,0.07015799731016159
830,19.244832754135132,0.7595789432525635,0.0,0.0,0.6299625039100647,0.0032850473653525114,-0.04729335755109787,3.1341054439544678,0.06848694384098053
831,19.27683734893799,0.7595789432525635,0.0,0.0,0.6462010145187378,-0.009902377612888813,-0.06521084159612656,3.1318881511688232,0.0657089576125145
832,19.293792247772217,0.7595789432525635,0.0,0.0,0.6621667146682739,-0.016038507223129272,-0.035677798092365265,3.1284663677215576,0.06240208446979523
833,19.324019193649292,0.7595789432525635,0.0,0.0,0.6836353540420532,-0.03856956958770752,0.03592658042907715,3.124882698059082,0.06050189584493637
834,19.3348867893219,0.7595789432525635,0.0,0.0,0.7151536345481873,-0.059870898723602295,0.02977326698601246,3.124110698699951,0.05750652030110359
835,19.365992307662964,0.7595789432525635,0.0,0.0,0.7399312853813171,-0.0759459063410759,-0.025164075195789337,3.1258857250213623,0.05189168080687523
836,19.37876009941101,0.7595789432525635,0.0,0.0,0.7530495524406433,-0.08679421246051788,-0.20245607197284698,3.1308624744415283,0.047591499984264374
837,19.407867431640625,0.5652563571929932,0.0,0.0,0.7403987646102905,-0.08391421288251877,-0.17436060309410095,3.137211322784424,0.0487939827144146
838,19.418907165527344,0.5652563571929932,0.0,0.0,0.7092037796974182,-0.051800768822431564,0.09918171912431717,3.139516592025757,0.05205458402633667
839,19.45441484451294,0.5652563571929932,0.0,0.0,0.6973913908004761,-0.03411216288805008,0.1943163275718689,3.136993646621704,0.04975331574678421
840,19.46762990951538,0.5652563571929932,0.0,0.0,0.6945136785507202,-0.026243140920996666,0.15495677292346954,3.1337358951568604,0.04470715671777725
841,19.50046396255493,0.5652563571929932,0.0,0.0,0.6998645067214966,-0.020531903952360153,0.09532984346151352,3.1300930976867676,0.040833234786987305
842,19.518116235733032,0.5652563571929932,0.0,0.0,0.7063924074172974,-0.013627241365611553,0.09637086093425751,3.127263307571411,0.036406468600034714
843,19.548435926437378,0.5652563571929932,0.0,0.0,0.701649010181427,-0.0054002804681658745,0.15446579456329346,3.126119613647461,0.031881000846624374
844,19.560612678527832,0.5652563571929932,0.0,0.0,0.6942358016967773,0.0033418454695492983,0.2124999463558197,3.1272032260894775,0.029795734211802483
845,19.590689420700073,0.5652563571929932,0.0,0.0,0.6894543766975403,0.006854269653558731,0.2575831413269043,3.131599187850952,0.029879463836550713
846,19.60140085220337,0.5652563571929932,0.0,0.0,0.6799007058143616,0.013585507869720459,0.23098039627075195,3.137326955795288,0.034778036177158356
847,19.63562798500061,0.5652563571929932,0.0,0.0,0.6655275225639343,0.025058960542082787,0.35318121314048767,3.138531446456909,0.04585668072104454
848,19.650949239730835,0.5652563571929932,0.0,0.0,0.653491199016571,0.02490672469139099,0.29771167039871216,3.1415762901306152,0.04968530684709549
849,19.692275047302246,0.5652563571929932,0.0,0.0,0.6298367381095886,0.015367030166089535,0.2940616011619568,-3.1394147872924805,0.05088847130537033
850,19.70515251159668,0.6957852244377136,0.0,0.0,0.5833745002746582,-0.006217188201844692,0.12038681656122208,-3.1351428031921387,0.05273660272359848
851,19.738729000091553,0.6957852244377136,0.0,0.0,0.5440338253974915,-0.020077494904398918,-0.05483581870794296,-3.127120018005371,0.05435708537697792
852,19.75018286705017,0.6957852244377136,0.0,0.0,0.5058128237724304,-0.030726483091711998,-0.07069307565689087,-3.1212918758392334,0.05833561345934868
853,19.78624176979065,0.6957852244377136,0.0,0.0,0.4737537205219269,-0.041215550154447556,-0.03691567853093147,-3.11741042137146,0.06546161323785782
854,19.80767560005188,0.6957852244377136,0.0,0.0,0.4466319680213928,-0.05189910903573036,0.03584470599889755,-3.1141517162323,0.07379918545484543
855,19.840006828308105,0.6957852244377136,0.0,0.0,0.43732529878616333,-0.06351049244403839,0.060864709317684174,-3.1099302768707275,0.08187145739793777
856,19.85149574279785,0.6957852244377136,0.0,0.0,0.4374421238899231,-0.05495503917336464,0.027457546442747116,-3.1074230670928955,0.07965119183063507
857,19.885303258895874,0.6957852244377136,0.0,0.0,0.42571404576301575,-0.041117385029792786,0.13159778714179993,-3.1042633056640625,0.07750609517097473
858,19.90874433517456,0.6957852244377136,0.0,0.0,0.4207155704498291,-0.02149704284965992,0.18807321786880493,-3.1013777256011963,0.08102770149707794
859,19.9419207572937,0.6957852244377136,0.0,0.0,0.42566752433776855,0.0012644317466765642,0.20016266405582428,-3.1008427143096924,0.08742045611143112
860,19.95245623588562,0.6957852244377136,0.0,0.0,0.43742021918296814,0.020859409123659134,0.1520521491765976,-3.10255765914917,0.0922006219625473
861,19.98888373374939,0.6957852244377136,0.0,0.0,0.4439179301261902,0.033207736909389496,0.09890848398208618,-3.1038503646850586,0.09243957698345184
862,20.000158548355103,0.6957852244377136,0.0,0.0,0.45159128308296204,0.044663142412900925,0.039802052080631256,-3.1032586097717285,0.08830096572637558
863,20.04738998413086,0.6957852244377136,0.0,0.0,0.463500052690506,0.058450210839509964,0.016891328617930412,-3.1020195484161377,0.07933544367551804
864,20.06418466567993,0.6957852244377136,0.0,0.0,0.4759422242641449,0.07111422717571259,0.050727441906929016,-3.1013925075531006,0.06783304363489151
865,20.103037357330322,0.6957852244377136,0.0,0.0,0.4948558509349823,0.08271688967943192,0.06475608795881271,-3.1015987396240234,0.05767371878027916
866,20.115989685058594,0.6957852244377136,0.0,0.0,0.5110834240913391,0.08779158443212509,0.11850939691066742,-3.1025891304016113,0.050425007939338684
867,20.15083408355713,0.6957852244377136,0.0,0.0,0.525320291519165,0.07106693834066391,0.11832121014595032,-3.1012990474700928,0.04664185270667076
868,20.16937017440796,0.6957852244377136,0.0,0.0,0.5447413325309753,0.04586901143193245,-0.08246622234582901,-3.096201181411743,0.04141656309366226
869,20.207432746887207,0.6957852244377136,0.0,0.0,0.5681644678115845,0.033460211008787155,-0.13800162076950073,-3.092819929122925,0.032650161534547806
870,20.23011350631714,0.6957852244377136,0.0,0.0,0.5969870090484619,0.029860220849514008,-0.10654798895120621,-3.0943214893341064,0.026616396382451057
871,20.26620888710022,0.6957852244377136,0.0,0.0,0.6319010853767395,0.024464108049869537,-0.0637703463435173,-3.1011435985565186,0.024272371083498
872,20.277320384979248,0.6957852244377136,0.0,0.0,0.6746121048927307,0.011971873231232166,-0.03134150058031082,-3.10970139503479,0.02341451868414879
873,20.318708181381226,0.6957852244377136,0.0,0.0,0.7237643599510193,-0.003435519989579916,-0.0378597155213356,-3.1162028312683105,0.0211544930934906
874,20.334633827209473,0.6957852244377136,0.0,0.0,0.7582499980926514,-0.01640166901051998,-0.0614050030708313,-3.1181957721710205,0.01780194789171219
875,20.37327814102173,0.6957852244377136,0.0,0.0,0.7634209990501404,-0.026754265651106834,-0.08030034601688385,-3.1135663986206055,0.02027616649866104
876,20.38741970062256,0.6957852244377136,0.0,0.0,0.7639245986938477,-0.020006470382213593,-0.17661446332931519,-3.108151435852051,0.02214767038822174
877,20.420934438705444,0.6957852244377136,0.0,0.0,0.7469251751899719,0.0021639808546751738,0.08029015362262726,-3.1107475757598877,0.0147626381367445
878,20.43275809288025,0.6957852244377136,0.0,0.0,0.7399267554283142,0.0078758355230093,0.19160448014736176,-3.1188814640045166,0.005407810211181641
879,20.46651601791382,0.6957852244377136,0.0,0.0,0.7408044338226318,0.0029702296014875174,0.18166324496269226,-3.1268393993377686,-0.0002509070618543774
880,20.47858166694641,0.6957852244377136,0.0,0.0,0.7496535181999207,-0.0053896126337349415,0.13092586398124695,-3.1325438022613525,-0.002872029785066843
881,20.509876489639282,0.6957852244377136,0.0,0.0,0.7604007720947266,-0.01082532200962305,0.1101958304643631,-3.1359236240386963,-0.005640988238155842
882,20.5233416557312,0.6957852244377136,0.0,0.0,0.770602822303772,-0.015176486223936081,0.09814652800559998,-3.137568473815918,-0.009257538244128227
883,20.55642080307007,0.6957852244377136,0.0,0.0,0.7775617241859436,-0.01841597631573677,0.1510639488697052,-3.137449026107788,-0.012893865816295147
884,20.56758427619934,0.6957852244377136,0.0,0.0,0.7841357588768005,-0.018442878499627113,0.15226046741008759,-3.134476900100708,-0.014401012100279331
885,20.60300064086914,0.6957852244377136,0.0,0.0,0.7920037508010864,-0.022038888186216354,0.14743532240390778,-3.128871440887451,-0.01288266759365797
886,20.615968704223633,0.6957852244377136,0.0,0.0,0.8001934289932251,-0.023393141105771065,0.10185598582029343,-3.126039505004883,-0.0032633738592267036
887,20.651665687561035,0.6957852244377136,0.0,0.0,0.8055267930030823,-0.018433688208460808,0.24025388062000275,-3.1307923793792725,0.011130298487842083
888,20.664628505706787,0.6957852244377136,0.0,0.0,0.7851800918579102,-0.039643436670303345,0.45361894369125366,-3.131798028945923,0.012577883899211884
889,20.697637796401978,0.6957852244377136,0.0,0.0,0.7354085445404053,-0.07180006802082062,0.04505549743771553,-3.1257195472717285,0.016213729977607727
890,20.7121000289917,0.6957852244377136,0.0,0.0,0.6956207156181335,-0.09234479814767838,-0.11975202709436417,-3.117645740509033,0.021314900368452072
891,20.74907422065735,0.6957852244377136,0.0,0.0,0.6677706241607666,-0.10887609422206879,-0.06221464276313782,-3.1097280979156494,0.02700846642255783
892,20.762267112731934,0.6957852244377136,0.0,0.0,0.6432649493217468,-0.12732596695423126,-0.075737364590168,-3.101156711578369,0.03345765545964241
893,20.79962944984436,0.9805779457092285,0.0,0.0,0.6275268793106079,-0.1415918469429016,-0.05207236856222153,-3.093895673751831,0.04066895693540573
894,20.81599521636963,0.9805779457092285,0.0,0.0,0.619583785533905,-0.15559126436710358,0.14495840668678284,-3.089266538619995,0.05072783678770065
895,20.84866714477539,0.9805779457092285,0.0,0.0,0.6272563934326172,-0.15000677108764648,0.04671156406402588,-3.090096950531006,0.053833458572626114
896,20.865503787994385,0.9805779457092285,0.0,0.0,0.6131281852722168,-0.14417517185211182,0.07926546782255173,-3.0925991535186768,0.05850541591644287
897,20.89673662185669,0.9805779457092285,0.0,0.0,0.6081125140190125,-0.13460075855255127,0.10246594250202179,-3.094942808151245,0.07279720157384872
898,20.91441822052002,0.9805779457092285,0.0,0.0,0.6183400750160217,-0.11419826000928879,0.06914201378822327,-3.098437786102295,0.08899828046560287
899,20.94391703605652,0.9805779457092285,0.0,0.0,0.6372432708740234,-0.08692282438278198,0.0382145531475544,-3.1055829524993896,0.09978709369897842
900,20.960919618606567,0.9805779457092285,0.0,0.0,0.6626964211463928,-0.05688251927495003,0.05979093164205551,-3.114656448364258,0.09932827949523926
901,20.9937903881073,0.9805779457092285,0.0,0.0,0.6898735165596008,-0.03243839368224144,0.06805232167243958,-3.122255325317383,0.08609576523303986
902,21.006713151931763,0.9805779457092285,0.0,0.0,0.7136607766151428,-0.010464422404766083,0.12433852255344391,-3.1260671615600586,0.06980714201927185
903,21.038997411727905,0.9805779457092285,0.0,0.0,0.7381297945976257,0.0091792531311512,0.20930951833724976,-3.1261403560638428,0.059108734130859375
904,21.050060033798218,0.9805779457092285,0.0,0.0,0.7681883573532104,0.028634993359446526,0.2534165382385254,-3.123295545578003,0.05369172617793083
905,21.084473133087158,0.9805779457092285,0.0,0.0,0.8038178086280823,0.04722663760185242,0.2536754310131073,-3.1184539794921875,0.04932120069861412
906,21.09873080253601,0.9805779457092285,0.0,0.0,0.8425199389457703,0.06740571558475494,0.2369585931301117,-3.1126036643981934,0.04462762549519539
907,21.138426542282104,0.9805779457092285,0.0,0.0,0.8758461475372314,0.08471082150936127,0.21797576546669006,-3.107586622238159,0.040809303522109985
908,21.1493718624115,0.9805779457092285,0.0,0.0,0.9008044600486755,0.09521131217479706,0.17729991674423218,-3.1069815158843994,0.0408303439617157
909,21.181724786758423,0.9805779457092285,0.0,0.0,0.9052262306213379,0.10499744117259979,0.16061024367809296,-3.1132025718688965,0.04189467802643776
910,21.193253993988037,0.9805779457092285,0.0,0.0,0.8953701257705688,0.07789473235607147,0.17641085386276245,-3.1119778156280518,0.0359039232134819
911,21.22398543357849,0.9805779457092285,0.0,0.0,0.8716027736663818,0.03875567018985748,0.03556641936302185,-3.101304769515991,0.03179771453142166
912,21.23828363418579,0.9805779457092285,0.0,0.0,0.8691602349281311,0.016309235244989395,-0.0732036605477333,-3.0894014835357666,0.029442349448800087
913,21.27345848083496,0.9805779457092285,0.0,0.0,0.8767665028572083,0.0020692588295787573,-0.07685749232769012,-3.0829989910125732,0.02900509350001812
914,21.284343481063843,0.9805779457092285,0.0,0.0,0.8917002081871033,-0.009562275372445583,-0.07523106038570404,-3.0813446044921875,0.031172558665275574
915,21.31425666809082,0.9805779457092285,0.0,0.0,0.9099417328834534,-0.02178110182285309,-0.07962687313556671,-3.0828380584716797,0.03435484692454338
916,21.340937852859497,0.9805779457092285,0.0,0.0,0.9341676235198975,-0.025045055896043777,-0.07557087391614914,-3.088291645050049,0.03696893900632858
917,21.44343400001526,0.9805779457092285,0.0,0.0,0.9549283981323242,-0.035990748554468155,0.002310836222022772,-3.0968761444091797,0.04089804366230965
918,21.45737862586975,0.9805779457092285,0.0,0.0,0.979178786277771,-0.05850937217473984,0.04333525896072388,-3.103121519088745,0.04930473864078522
919,21.490028142929077,0.9805779457092285,0.0,0.0,1.0151171684265137,-0.07377685606479645,-0.09352532029151917,-3.1047918796539307,0.05530736222863197
920,21.500226736068726,0.9805779457092285,0.0,0.0,0.9999656677246094,-0.06429766118526459,-0.32217323780059814,-3.1038570404052734,0.053592562675476074
921,21.534472703933716,0.9805779457092285,0.0,0.0,0.9571256637573242,-0.01720188558101654,0.07627087831497192,-3.108161687850952,0.053635090589523315
922,21.549652338027954,0.9805779457092285,0.0,0.0,0.9374663829803467,0.008717892691493034,0.23989301919937134,-3.1183648109436035,0.05056719854474068
923,21.580414295196533,0.9805779457092285,0.0,0.0,0.9397667646408081,0.021794022992253304,0.2551787495613098,-3.1277592182159424,0.04762580990791321
924,21.592843770980835,0.9805779457092285,0.0,0.0,0.954332172870636,0.030639363452792168,0.2560236155986786,-3.1344070434570312,0.04762481525540352
925,21.623610734939575,0.9805779457092285,0.0,0.0,0.9663689136505127,0.03803112357854843,0.3021807372570038,-3.1379988193511963,0.04978743568062782
926,21.63467788696289,0.9805779457092285,0.0,0.0,0.9680781364440918,0.04140554368495941,0.39213722944259644,-3.138528823852539,0.051564618945121765
927,21.672472715377808,0.9805779457092285,0.0,0.0,0.9596838355064392,0.04342255741357803,0.3771054744720459,-3.137136697769165,0.053748104721307755
928,21.68448495864868,0.9805779457092285,0.0,0.0,0.9518011808395386,0.05014127492904663,0.1965862214565277,-3.1349334716796875,0.060729917138814926
929,21.71765661239624,0.9805779457092285,0.0,0.0,0.9330804944038391,0.06789249926805496,0.0668453797698021,-3.136873483657837,0.07261467725038528
930,21.729748010635376,0.9805779457092285,0.0,0.0,0.939415454864502,0.05943864583969116,0.19259731471538544,-3.134693145751953,0.07234185189008713
931,21.76660656929016,0.9805779457092285,0.0,0.0,0.9214032292366028,0.03511514142155647,0.2200659215450287,-3.128321647644043,0.07287459820508957
932,21.782211780548096,0.9805779457092285,0.0,0.0,0.8873665928840637,-0.004844099748879671,0.07231082022190094,-3.116480827331543,0.07451073080301285
933,21.813438177108765,0.9805779457092285,0.0,0.0,0.86998051404953,-0.03476293012499809,0.011311927810311317,-3.10135555267334,0.07355468720197678
934,21.82609510421753,0.9805779457092285,0.0,0.0,0.8594949245452881,-0.05627172067761421,-0.018373053520917892,-3.0880966186523438,0.07083795964717865
935,21.86279559135437,0.9805779457092285,0.0,0.0,0.8538074493408203,-0.07295843213796616,-0.06929339468479156,-3.0786709785461426,0.06861761212348938
936,21.875169038772583,0.9805779457092285,0.0,0.0,0.8517682552337646,-0.08899300545454025,-0.1052258312702179,-3.0738134384155273,0.06712477654218674
937,21.907346963882446,0.9805779457092285,0.0,0.0,0.8563367128372192,-0.10937781631946564,-0.10285650193691254,-3.073892116546631,0.06711453944444656
938,21.91850256919861,0.9805779457092285,0.0,0.0,0.8663439750671387,-0.13096341490745544,-0.048156462609767914,-3.077368974685669,0.06988726556301117
939,21.949079513549805,0.9805779457092285,0.0,0.0,0.8893160223960876,-0.16152888536453247,-0.06153154373168945,-3.079643487930298,0.07476843893527985
940,21.961538314819336,0.9805779457092285,0.0,0.0,0.9167888760566711,-0.18716923892498016,-0.1429499387741089,-3.079224109649658,0.07693472504615784
941,21.991872549057007,0.9805779457092285,0.0,0.0,0.918385922908783,-0.1955852061510086,-0.12007903307676315,-3.075530767440796,0.08037851750850677
942,22.00286030769348,0.9805779457092285,0.0,0.0,0.9027471542358398,-0.18263480067253113,-0.09358084201812744,-3.072098731994629,0.08943062275648117
943,22.03810429573059,0.9805779457092285,0.0,0.0,0.886748731136322,-0.14831624925136566,0.10846471041440964,-3.0747900009155273,0.09422798454761505
944,22.049132585525513,0.9805779457092285,0.0,0.0,0.893617570400238,-0.13449148833751678,0.12733769416809082,-3.082240343093872,0.08717023581266403
945,22.081692934036255,0.9805779457092285,0.0,0.0,0.9093964099884033,-0.12543101608753204,0.07628811150789261,-3.0894036293029785,0.07434669137001038
946,22.09452986717224,0.9805779457092285,0.0,0.0,0.9226213097572327,-0.11476825177669525,0.048579245805740356,-3.097020149230957,0.06218361109495163
947,22.123337030410767,0.9805779457092285,0.0,0.0,0.9348465800285339,-0.10082388669252396,0.0015102764591574669,-3.104717969894409,0.05192232504487038
948,22.13465976715088,0.9805779457092285,0.0,0.0,0.9458780288696289,-0.08921639621257782,0.015647659078240395,-3.111499309539795,0.04220738634467125
949,22.175949573516846,0.9805779457092285,0.0,0.0,0.9542374014854431,-0.07748833298683167,0.04966757819056511,-3.1167478561401367,0.034353941679000854
950,22.186667919158936,0.9805779457092285,0.0,0.0,0.967785120010376,-0.06558968871831894,0.06086277216672897,-3.119621992111206,0.028034303337335587
951,22.219318866729736,0.9805779457092285,0.0,0.0,0.9855045676231384,-0.05407213419675827,0.06281228363513947,-3.1207950115203857,0.02335771545767784
952,22.232636213302612,0.9805779457092285,0.0,0.0,1.006722331047058,-0.04402991011738777,0.11988681554794312,-3.1259236335754395,0.023147594183683395
953,22.264707565307617,0.9805779457092285,0.0,0.0,1.023413896560669,-0.03842732682824135,0.16930317878723145,3.1395652294158936,0.03218144550919533
954,22.281885862350464,0.9805779457092285,0.0,0.0,0.994644820690155,-0.032428301870822906,0.23290447890758514,3.1143362522125244,0.042032189667224884
955,22.315588235855103,0.9805779457092285,0.0,0.0,0.9501339793205261,-0.03977331891655922,0.062268566340208054,3.1061336994171143,0.04216783493757248
956,22.331644296646118,0.9805779457092285,0.0,0.0,0.9024877548217773,-0.040485743433237076,-0.043511781841516495,3.1117422580718994,0.04185475781559944
957,22.363751888275146,0.9805779457092285,0.0,0.0,0.8686918616294861,-0.030886128544807434,-0.07144714146852493,3.119349241256714,0.046646591275930405
958,22.37625217437744,0.9805779457092285,0.0,0.0,0.8531381487846375,-0.016929687932133675,-0.09890200942754745,3.121370315551758,0.05494123697280884
959,22.40585970878601,0.9805779457092285,0.0,0.0,0.848442018032074,-0.0038034720346331596,-0.1353970170021057,3.118316888809204,0.06203550845384598
960,22.416105270385742,0.9805779457092285,0.0,0.0,0.8466557860374451,0.004716276656836271,-0.07807616889476776,3.111335039138794,0.06595595180988312
961,22.447720289230347,0.9805779457092285,0.0,0.0,0.8529601693153381,0.01022547297179699,-0.0032369322143495083,3.101806879043579,0.06647472828626633
962,22.46031355857849,0.9805779457092285,0.0,0.0,0.8689375519752502,0.01091369241476059,0.055311281234025955,3.092503070831299,0.06302700936794281
963,22.489872455596924,0.9805779457092285,0.0,0.0,0.8946058750152588,0.005569261033087969,0.07290160655975342,3.086846351623535,0.05701166018843651
964,22.505255222320557,0.9805779457092285,0.0,0.0,0.9275749921798706,-0.0017214783001691103,0.050997812300920486,3.0852129459381104,0.05049159377813339
965,22.532561779022217,0.9805779457092285,0.0,0.0,0.9638033509254456,-0.0013758082641288638,-0.001503273844718933,3.0864574909210205,0.04463626816868782
966,22.543210744857788,0.9805779457092285,0.0,0.0,0.9823436141014099,0.007394591346383095,0.04945845529437065,3.090153932571411,0.04348383843898773
967,22.574171781539917,0.9805779457092285,0.0,0.0,0.9777109622955322,0.010998916812241077,0.11858230084180832,3.098067283630371,0.05453704297542572
968,22.586172342300415,0.9805779457092285,0.0,0.0,0.9648297429084778,0.03482472151517868,-0.03313190117478371,3.107581853866577,0.07151056826114655
969,22.618266582489014,0.9805779457092285,0.0,0.0,0.940962016582489,0.08290758728981018,0.08069366216659546,3.103754758834839,0.07082797586917877
970,22.631441593170166,0.9805779457092285,0.0,0.0,0.9207517504692078,0.1215728372335434,0.20581191778182983,3.0901949405670166,0.06042307987809181
971,22.665131092071533,0.9805779457092285,0.0,0.0,0.9040330052375793,0.15048083662986755,0.3311382830142975,3.0746347904205322,0.053280286490917206
972,22.677952527999878,0.9805779457092285,0.0,0.0,0.8987442851066589,0.17004816234111786,0.5041940808296204,3.0627059936523438,0.05204172059893608
973,22.709030389785767,0.9805779457092285,0.0,0.0,0.9071106314659119,0.17638012766838074,0.7197138667106628,3.057762622833252,0.05209343507885933
974,22.724154472351074,0.9805779457092285,0.0,0.0,0.9034349918365479,0.1688595712184906,0.9258396625518799,3.0593984127044678,0.050541214644908905
975,22.755189180374146,0.9805779457092285,0.0,0.0,0.8766358494758606,0.17043377459049225,0.8495922088623047,3.065825939178467,0.05388280749320984
976,22.76658272743225,0.9805779457092285,0.0,0.0,0.8181577324867249,0.20874431729316711,0.35578787326812744,3.0720629692077637,0.07043236494064331
977,22.79960536956787,0.9805779457092285,0.0,0.0,0.8247326016426086,0.18096798658370972,0.10611524432897568,3.0775246620178223,0.08423386514186859
978,22.816152095794678,0.9805779457092285,0.0,0.0,0.8252718448638916,0.1515684425830841,0.13661283254623413,3.088715076446533,0.08993643522262573
979,22.852661609649658,0.9805779457092285,0.0,0.0,0.8134442567825317,0.11820647120475769,0.10891003906726837,3.1037986278533936,0.09671670943498611
980,22.86515974998474,0.9805779457092285,0.0,0.0,0.7984461784362793,0.08080357313156128,-0.03564388304948807,3.1195156574249268,0.10211830586194992
981,22.896608591079712,0.9805779457092285,0.0,0.0,0.7840854525566101,0.04796895384788513,-0.1023741215467453,3.132753849029541,0.1021035760641098
982,22.90848994255066,0.9805779457092285,0.0,0.0,0.7800998091697693,0.023999612778425217,-0.14412826299667358,-3.140559673309326,0.0971117913722992
983,22.938981771469116,0.9805779457092285,0.0,0.0,0.7780181169509888,-0.0027973540127277374,-0.13943907618522644,-3.132734775543213,0.09001171588897705
984,22.95004367828369,0.9805779457092285,0.0,0.0,0.7816084027290344,-0.03158358111977577,-0.13223974406719208,-3.125249147415161,0.08362716436386108
985,22.97991967201233,0.9805779457092285,0.0,0.0,0.7942970395088196,-0.05613475292921066,-0.11843565106391907,-3.1199569702148438,0.07803601026535034
986,22.9920334815979,0.9805779457092285,0.0,0.0,0.8132296204566956,-0.0882321447134018,-0.08012298494577408,-3.1162972450256348,0.0735044926404953
987,23.021961212158203,0.9805779457092285,0.0,0.0,0.833467423915863,-0.11745494604110718,-0.057050153613090515,-3.1109237670898438,0.07119674235582352
988,23.03280234336853,0.9805779457092285,0.0,0.0,0.8563064336776733,-0.14358775317668915,0.010610969737172127,-3.1050021648406982,0.07281380891799927
989,23.062851667404175,0.8594347834587097,0.0,0.0,0.8570328950881958,-0.16140532493591309,-0.043177004903554916,-3.098130941390991,0.07355378568172455
990,23.074176788330078,0.8594347834587097,0.0,0.0,0.8408021926879883,-0.15198437869548798,-0.058541007339954376,-3.089033603668213,0.07929857820272446
991,23.107855319976807,0.8594347834587097,0.0,0.0,0.8271656632423401,-0.11851818859577179,0.13273093104362488,-3.087210178375244,0.0803043395280838
992,23.122117042541504,0.8594347834587097,0.0,0.0,0.8351176381111145,-0.10674494504928589,0.11903972178697586,-3.090970516204834,0.07007670402526855
993,23.159446716308594,0.8594347834587097,0.0,0.0,0.8434741497039795,-0.09550724923610687,0.12236275523900986,-3.0957558155059814,0.05599324405193329
994,23.171062707901,0.8594347834587097,0.0,0.0,0.8607262969017029,-0.08368313312530518,0.15264075994491577,-3.102220296859741,0.04463943839073181
995,23.199857473373413,0.8594347834587097,0.0,0.0,0.8758664727210999,-0.07464870810508728,0.15534307062625885,-3.1068427562713623,0.034801214933395386
996,23.214925289154053,0.8594347834587097,0.0,0.0,0.8851857781410217,-0.06651359796524048,0.1626955270767212,-3.1072099208831787,0.026371685788035393
997,23.253625869750977,0.8594347834587097,0.0,0.0,0.8942241072654724,-0.061319634318351746,0.21764113008975983,-3.1038928031921387,0.019980646669864655
998,23.265422105789185,0.8594347834587097,0.0,0.0,0.8996406197547913,-0.05896051228046417,0.26693326234817505,-3.0991404056549072,0.015494625084102154
999,23.301524877548218,0.8594347834587097,0.0,0.0,0.9073992967605591,-0.056565891951322556,0.2812539339065552,-3.0936336517333984,0.015480635687708855
1000,23.31583046913147,0.8594347834587097,0.0,0.0,0.9253612160682678,-0.05230265110731125,0.2944871783256531,-3.0919241905212402,0.021765129640698433
1001,23.351762771606445,0.8594347834587097,0.0,0.0,0.8948866128921509,-0.05013437196612358,0.28956401348114014,-3.1028621196746826,0.03591861575841904
1002,23.365966320037842,0.8594347834587097,0.0,0.0,0.8787360191345215,-0.057982515543699265,0.1839565932750702,-3.11232852935791,0.037140995264053345
1003,23.39916443824768,0.8594347834587097,0.0,0.0,0.8189622759819031,-0.0675874724984169,-0.015854697674512863,-3.1108450889587402,0.03530271351337433
1004,23.411595344543457,0.8594347834587097,0.0,0.0,0.7724513411521912,-0.06767917424440384,-0.04993443936109543,-3.1079962253570557,0.03859402611851692
1005,23.43980622291565,0.8594347834587097,0.0,0.0,0.7422917485237122,-0.06575721502304077,-0.07081346958875656,-3.108691692352295,0.046209417283535004
1006,23.45566987991333,0.8594347834587097,0.0,0.0,0.7227604985237122,-0.06579022854566574,-0.05665461719036102,-3.1119861602783203,0.054690513759851456
1007,23.488699436187744,0.8594347834587097,0.0,0.0,0.7124666571617126,-0.0656752958893776,-0.05271735042333603,-3.116028308868408,0.061111658811569214
1008,23.50058889389038,0.8594347834587097,0.0,0.0,0.7047938108444214,-0.06897036731243134,-0.0032344870269298553,-3.120802879333496,0.06501936167478561
1009,23.53212881088257,0.8594347834587097,0.0,0.0,0.7028203010559082,-0.08048687875270844,0.04817691445350647,-3.1249029636383057,0.0678008496761322
1010,23.54407787322998,0.8594347834587097,0.0,0.0,0.7095164060592651,-0.09182260930538177,0.06727293133735657,-3.1275360584259033,0.06870110332965851
1011,23.57559561729431,0.8594347834587097,0.0,0.0,0.7193713784217834,-0.10318906605243683,0.05058092996478081,-3.1290082931518555,0.06896094977855682
1012,23.590809106826782,0.8594347834587097,0.0,0.0,0.7397525310516357,-0.10879294574260712,0.0544084869325161,-3.129377841949463,0.07115356624126434
1013,23.62384343147278,0.8594347834587097,0.0,0.0,0.7548805475234985,-0.10364533960819244,-0.19755251705646515,-3.1279008388519287,0.07032342255115509
1014,23.634422063827515,0.8594347834587097,0.0,0.0,0.7404906153678894,-0.08631569892168045,-0.10035066306591034,-3.1247949600219727,0.07412204891443253
1015,23.692287921905518,0.8594347834587097,0.0,0.0,0.7274749279022217,-0.0652306079864502,-0.042819105088710785,-3.122251510620117,0.08654191344976425
1016,23.70490264892578,0.8594347834587097,0.0,0.0,0.7198523283004761,-0.03077191859483719,-0.023973636329174042,-3.1234586238861084,0.0946686714887619
1017,23.73926854133606,0.8594347834587097,0.0,0.0,0.7195544838905334,0.011267664842307568,0.12195935845375061,-3.1321868896484375,0.09093170613050461
1018,23.75076937675476,0.8594347834587097,0.0,0.0,0.7215715646743774,0.044431768357753754,0.2509744465351105,3.1389989852905273,0.0788806676864624
1019,23.783387184143066,0.8594347834587097,0.0,0.0,0.7208825945854187,0.06898879259824753,0.36388909816741943,3.1287496089935303,0.06737808138132095
1020,23.796252250671387,0.8594347834587097,0.0,0.0,0.7185822129249573,0.08905287086963654,0.4059946835041046,3.1227705478668213,0.05971327796578407
1021,23.8364315032959,0.8594347834587097,0.0,0.0,0.7121862173080444,0.10844846069812775,0.4162171483039856,3.1185200214385986,0.05558333173394203
1022,23.85213589668274,0.8594347834587097,0.0,0.0,0.674993634223938,0.13190297782421112,0.30595332384109497,3.1111390590667725,0.053429439663887024
1023,23.88563370704651,0.8594347834587097,0.0,0.0,0.6941121816635132,0.10322820395231247,0.32189005613327026,3.112494468688965,0.03949778527021408
1024,23.899641036987305,0.8594347834587097,0.0,0.0,0.6781370043754578,0.052991487085819244,0.08094463497400284,3.1220998764038086,0.0364362969994545
1025,23.936187982559204,0.8594347834587097,0.0,0.0,0.679108738899231,0.006228440906852484,-0.12286390364170074,3.133516550064087,0.04269349202513695
1026,23.949151039123535,0.8594347834587097,0.0,0.0,0.7008657455444336,-0.02125832438468933,-0.1652923822402954,3.140575408935547,0.049142397940158844
1027,23.98895287513733,0.8594347834587097,0.0,0.0,0.7331721186637878,-0.03088943287730217,-0.08821918070316315,3.1410446166992188,0.05150057002902031
1028,24.000259160995483,0.8594347834587097,0.0,0.0,0.7627468705177307,-0.03684557229280472,0.07216055691242218,3.1362361907958984,0.050899673253297806
1029,24.03754162788391,0.8594347834587097,0.0,0.0,0.7870619297027588,-0.05123938247561455,0.15336905419826508,3.1312363147735596,0.05055946856737137
1030,24.051767587661743,0.8594347834587097,0.0,0.0,0.8021181225776672,-0.07707800716161728,0.06648828834295273,3.1317667961120605,0.05163084715604782
1031,24.08344578742981,0.8594347834587097,0.0,0.0,0.8274569511413574,-0.09785673022270203,-0.10411427915096283,3.1390326023101807,0.05327855423092842
1032,24.096428155899048,0.8594347834587097,0.0,0.0,0.8283868432044983,-0.09854909777641296,-0.2821272313594818,-3.137087821960449,0.04931316897273064
1033,24.133981704711914,0.8594347834587097,0.0,0.0,0.8091700673103333,-0.06759728491306305,-0.05894893407821655,-3.134148120880127,0.04823587089776993
1034,24.14668869972229,0.8594347834587097,0.0,0.0,0.8006439805030823,-0.04014473035931587,0.13046938180923462,-3.1372790336608887,0.04517778381705284
1035,24.181214809417725,0.8594347834587097,0.0,0.0,0.8098703026771545,-0.027296047657728195,0.15839102864265442,-3.1411736011505127,0.03890505060553551
1036,24.193970441818237,0.8594347834587097,0.0,0.0,0.8269274830818176,-0.016718272119760513,0.1371234506368637,3.139458179473877,0.03300663083791733
1037,24.229199409484863,0.8594347834587097,0.0,0.0,0.8487026691436768,-0.0049672601744532585,0.0779583603143692,3.1379661560058594,0.027556834742426872
1038,24.255635738372803,0.8594347834587097,0.0,0.0,0.8646858334541321,0.011567401699721813,0.07600201666355133,3.13720965385437,0.02168048545718193
1039,24.30234932899475,0.8594347834587097,0.0,0.0,0.8784798979759216,0.025386972352862358,0.13284465670585632,3.137761354446411,0.0169380996376276
1040,24.314952611923218,0.8594347834587097,0.0,0.0,0.8844548463821411,0.03428447246551514,0.23300161957740784,3.1400060653686523,0.014846579171717167
1041,24.347513437271118,0.8594347834587097,0.0,0.0,0.8836718201637268,0.042311493307352066,0.28933390974998474,-3.1414296627044678,0.02014370821416378
1042,24.360777378082275,0.8594347834587097,0.0,0.0,0.8829138875007629,0.049943115562200546,0.2584346532821655,3.1393494606018066,0.037089988589286804
1043,24.397753715515137,0.8594347834587097,0.0,0.0,0.8611444234848022,0.0547325499355793,0.342016339302063,3.1324281692504883,0.047087833285331726
1044,24.410526752471924,0.8594347834587097,0.0,0.0,0.8165143728256226,0.03566049784421921,0.2161504477262497,3.137540578842163,0.04665832594037056
1045,24.443599700927734,0.8594347834587097,0.0,0.0,0.7617844343185425,0.017353173345327377,0.006797390524297953,-3.1380889415740967,0.05007174238562584
1046,24.45513081550598,0.8594347834587097,0.0,0.0,0.7300641536712646,0.0069914148189127445,-0.018310546875,-3.1339223384857178,0.05556158348917961
1047,24.48908758163452,0.8594347834587097,0.0,0.0,0.705750584602356,-0.0034853415563702583,-0.05068593844771385,-3.1319265365600586,0.057189445942640305
1048,24.50022840499878,0.8594347834587097,0.0,0.0,0.6803227663040161,-0.01422520074993372,-0.028569579124450684,-3.1287946701049805,0.05905027687549591
1049,24.533079147338867,0.8594347834587097,0.0,0.0,0.665448009967804,-0.020119402557611465,-0.015941152349114418,-3.125530242919922,0.06389795243740082
1050,24.5454843044281,0.8594347834587097,0.0,0.0,0.6585415005683899,-0.025576649233698845,0.011088182218372822,-3.124739170074463,0.06904768943786621
1051,24.576969146728516,0.8594347834587097,0.0,0.0,0.6567701101303101,-0.03334685415029526,0.04486991465091705,-3.1260406970977783,0.07288360595703125
1052,24.59144115447998,0.8594347834587097,0.0,0.0,0.6617425680160522,-0.046506498008966446,0.08134333789348602,-3.1279797554016113,0.07545118033885956
1053,24.62278127670288,0.8594347834587097,0.0,0.0,0.6730404496192932,-0.06027688831090927,0.11058944463729858,-3.1287078857421875,0.07638593763113022
1054,24.633946657180786,0.8594347834587097,0.0,0.0,0.6911200284957886,-0.07646409422159195,0.12055803835391998,-3.1276674270629883,0.07607875019311905
1055,24.673566818237305,0.8594347834587097,0.0,0.0,0.7085676789283752,-0.08835698664188385,0.12560929358005524,-3.124882459640503,0.0758604109287262
1056,24.685441732406616,0.8594347834587097,0.0,0.0,0.7308179140090942,-0.10764789581298828,0.14017100632190704,-3.1203882694244385,0.07818767428398132
1057,24.72027587890625,0.8594347834587097,0.0,0.0,0.7594079375267029,-0.12341491878032684,0.15411417186260223,-3.112304925918579,0.08196403086185455
1058,24.731112003326416,0.8594347834587097,0.0,0.0,0.7879452705383301,-0.1344926357269287,0.006784014403820038,-3.100470542907715,0.08566813170909882
1059,24.766655683517456,0.8594347834587097,0.0,0.0,0.7866010069847107,-0.1348584145307541,-0.12353574484586716,-3.086992025375366,0.08737143874168396
1060,24.776679039001465,0.8594347834587097,0.0,0.0,0.7672544121742249,-0.11514637619256973,-0.03253722935914993,-3.0767440795898438,0.094231978058815
1061,24.806757926940918,0.8594347834587097,0.0,0.0,0.7455790638923645,-0.08350475877523422,0.16053056716918945,-3.0770535469055176,0.09755909442901611
1062,24.817919731140137,0.8594347834587097,0.0,0.0,0.7412145733833313,-0.06660764664411545,0.1649205982685089,-3.083594799041748,0.09038885682821274
1063,24.850679397583008,0.8594347834587097,0.0,0.0,0.7435229420661926,-0.05462058261036873,0.11615557968616486,-3.090362787246704,0.07798974961042404
1064,24.863905906677246,0.8594347834587097,0.0,0.0,0.745613694190979,-0.03968055173754692,0.0890483409166336,-3.0965464115142822,0.06599913537502289
1065,24.893943309783936,0.8594347834587097,0.0,0.0,0.7479822635650635,-0.019746828824281693,0.08963026106357574,-3.103370428085327,0.05621972680091858
1066,24.906535625457764,0.8594347834587097,0.0,0.0,0.7526208758354187,0.0009450132492929697,0.14441326260566711,-3.11130690574646,0.04875862970948219
1067,24.939964771270752,0.8594347834587097,0.0,0.0,0.7582810521125793,0.017999213188886642,0.18992096185684204,-3.1179773807525635,0.04345459118485451
1068,24.95122265815735,0.8594347834587097,0.0,0.0,0.7657654881477356,0.029737910255789757,0.22367501258850098,-3.1224288940429688,0.03998926654458046
1069,24.99086093902588,0.8594347834587097,0.0,0.0,0.7723514437675476,0.03868205100297928,0.18325215578079224,-3.1257081031799316,0.040379591286182404
1070,25.002063989639282,0.8594347834587097,0.0,0.0,0.7823753952980042,0.050120893865823746,0.07273615896701813,-3.1266844272613525,0.04661004990339279
1071,25.03987741470337,0.8594347834587097,0.0,0.0,0.7683300375938416,0.08223924785852432,0.011253774166107178,-3.128754138946533,0.05779249221086502
1072,25.05098295211792,0.8594347834587097,0.0,0.0,0.8015162348747253,0.07238378375768661,0.2637537717819214,-3.1293694972991943,0.05515051260590553
1073,25.08312439918518,0.8594347834587097,0.0,0.0,0.7750558257102966,0.0456029549241066,0.22770877182483673,-3.1235623359680176,0.054438650608062744
1074,25.09645438194275,0.8594347834587097,0.0,0.0,0.7382472157478333,0.010116800665855408,-0.0552520826458931,-3.1137261390686035,0.058776263147592545
1075,25.126418352127075,0.8594347834587097,0.0,0.0,0.7156911492347717,-0.014713861048221588,-0.1686856746673584,-3.1044328212738037,0.06186480447649956
1076,25.139519453048706,0.8594347834587097,0.0,0.0,0.703489363193512,-0.0330253504216671,-0.15869808197021484,-3.0978331565856934,0.06369694322347641
1077,25.16978883743286,0.8594347834587097,0.0,0.0,0.6963271498680115,-0.050301142036914825,-0.15473446249961853,-3.0932235717773438,0.06537504494190216
1078,25.18285083770752,0.8594347834587097,0.0,0.0,0.6955219507217407,-0.06535274535417557,-0.12574580311775208,-3.089822769165039,0.0671931728720665
1079,25.214736461639404,0.8594347834587097,0.0,0.0,0.6996433138847351,-0.08215483278036118,-0.07077118009328842,-3.0879368782043457,0.06885609775781631
1080,25.230117082595825,0.8594347834587097,0.0,0.0,0.7220495343208313,-0.09848397970199585,-0.050153948366642,-3.0880866050720215,0.06922589242458344
1081,25.262301921844482,0.8594347834587097,0.0,0.0,0.7215157151222229,-0.100721575319767,-0.055642109364271164,-3.0910942554473877,0.06366907805204391
1082,25.27457284927368,0.8594347834587097,0.0,0.0,0.7131780982017517,-0.09120993316173553,-0.03526400029659271,-3.091866970062256,0.06987481564283371
1083,25.30544686317444,0.8594347834587097,0.0,0.0,0.7178305387496948,-0.06149968132376671,0.03482680767774582,-3.0931270122528076,0.08021017909049988
1084,25.316550731658936,0.8594347834587097,0.0,0.0,0.7382412552833557,-0.02942679263651371,0.13400891423225403,-3.099883794784546,0.08002129197120667
1085,25.348259925842285,0.8594347834587097,0.0,0.0,0.7620128393173218,-0.010004577226936817,0.17508827149868011,-3.1077792644500732,0.06831426918506622
1086,25.362873554229736,0.8594347834587097,0.0,0.0,0.7888760566711426,0.004267343319952488,0.1875450164079666,-3.1112890243530273,0.05489350110292435
1087,25.394349098205566,0.8594347834587097,0.0,0.0,0.8114010095596313,0.017161281779408455,0.2322436273097992,-3.110903263092041,0.04506280645728111
1088,25.410663604736328,0.8594347834587097,0.0,0.0,0.8270359635353088,0.028145186603069305,0.30953359603881836,-3.1076407432556152,0.039599593728780746
1089,25.447892665863037,0.8594347834587097,0.0,0.0,0.8415975570678711,0.033431559801101685,0.36796122789382935,-3.1024558544158936,0.036283478140830994
1090,25.461941242218018,0.8594347834587097,0.0,0.0,0.845567524433136,0.03136605769395828,0.42601531744003296,-3.0996925830841064,0.03578997030854225
1091,25.491193771362305,0.8594347834587097,0.0,0.0,0.8399412035942078,0.027036694809794426,0.40017449855804443,-3.1029930114746094,0.045275792479515076
1092,25.502277135849,0.8594347834587097,0.0,0.0,0.8229315876960754,0.02704733796417713,0.2811565101146698,-3.11085844039917,0.05653424933552742
1093,25.5339298248291,0.8594347834587097,0.0,0.0,0.7916432023048401,0.0004682927392423153,0.19588211178779602,-3.104140043258667,0.04888676851987839
1094,25.54616618156433,0.8594347834587097,0.0,0.0,0.7466332912445068,-0.023544680327177048,0.05914462357759476,-3.0931124687194824,0.042653683573007584
1095,25.579956531524658,0.8594347834587097,0.0,0.0,0.7125023603439331,-0.036517463624477386,-0.08191454410552979,-3.087183952331543,0.043112222105264664
1096,25.59213662147522,0.8594347834587097,0.0,0.0,0.6866773366928101,-0.049092672765254974,-0.12848711013793945,-3.0872745513916016,0.04930209368467331
1097,25.62124729156494,0.8594347834587097,0.0,0.0,0.6760485768318176,-0.060207292437553406,-0.07929912209510803,-3.0887832641601562,0.057838670909404755
1098,25.644570112228394,0.8594347834587097,0.0,0.0,0.6713348627090454,-0.07333651185035706,-0.010922965593636036,-3.089782476425171,0.06563768535852432
1099,25.675372838974,0.8594347834587097,0.0,0.0,0.6773574948310852,-0.0938759595155716,0.19150692224502563,-3.0892512798309326,0.07338429987430573
1100,25.6856210231781,0.8594347834587097,0.0,0.0,0.6879623532295227,-0.09448070824146271,0.03893164172768593,-3.088958978652954,0.07346491515636444
1101,25.720103979110718,0.8594347834587097,0.0,0.0,0.6798667907714844,-0.08914338797330856,0.047035716474056244,-3.0876519680023193,0.07843423634767532
1102,25.7354519367218,0.8594347834587097,0.0,0.0,0.6785337328910828,-0.07225380092859268,0.045279715210199356,-3.0868844985961914,0.09174312651157379
1103,25.767359972000122,0.8594347834587097,0.0,0.0,0.6917759776115417,-0.04257062077522278,0.046429626643657684,-3.0904486179351807,0.1007910817861557
1104,25.785310983657837,0.8594347834587097,0.0,0.0,0.7116793990135193,-0.0125341285020113,0.08439181745052338,-3.0990259647369385,0.09445484727621078
1105,25.8223614692688,0.8594347834587097,0.0,0.0,0.7333136200904846,0.007738987449556589,0.05677666515111923,-3.1089987754821777,0.0782899335026741
1106,25.834503412246704,0.8594347834587097,0.0,0.0,0.7509541511535645,0.026377778500318527,0.07540541142225266,-3.1162705421447754,0.06177949905395508
1107,25.86487364768982,0.8594347834587097,0.0,0.0,0.7700260281562805,0.044998303055763245,0.11136528849601746,-3.1200602054595947,0.04991292208433151
1108,25.876559734344482,0.8594347834587097,0.0,0.0,0.7925248146057129,0.06324493885040283,0.11851310729980469,-3.120854139328003,0.041202619671821594
1109,25.90280842781067,0.8594347834587097,0.0,0.0,0.815143883228302,0.07948309183120728,0.11342757940292358,-3.1197659969329834,0.03381037712097168
1110,25.9126935005188,0.8594347834587097,0.0,0.0,0.8348143696784973,0.09555033594369888,0.14865197241306305,-3.1221721172332764,0.028729185461997986
1111,25.94324517250061,0.8594347834587097,0.0,0.0,0.8300482034683228,0.11311031877994537,0.015237657353281975,-3.1314172744750977,0.027149595320224762
1112,25.954692363739014,0.8594347834587097,0.0,0.0,0.8241418600082397,0.11776342988014221,0.10479827970266342,-3.1400933265686035,0.019181711599230766
1113,25.988704681396484,0.8594347834587097,0.0,0.0,0.7896449565887451,0.09773195534944534,-0.0024414111394435167,3.1411449909210205,0.013283171691000462
1114,26.002245903015137,0.8594347834587097,0.0,0.0,0.7619879245758057,0.08273933082818985,-0.06594210863113403,-3.138173818588257,0.008361131884157658
1115,26.0351243019104,0.8594347834587097,0.0,0.0,0.7489576935768127,0.07620894908905029,-0.07964257895946503,-3.1330573558807373,0.006361943669617176
1116,26.056499004364014,0.8594347834587097,0.0,0.0,0.7430579662322998,0.07047462463378906,-0.05249692499637604,-3.128781795501709,0.00727387610822916
1117,26.091692686080933,0.8594347834587097,0.0,0.0,0.7473576664924622,0.06994657218456268,-0.0658450573682785,-3.126193046569824,0.010026934556663036
1118,26.11693048477173,0.8594347834587097,0.0,0.0,0.7580108642578125,0.07384331524372101,-0.08482257276773453,-3.127635955810547,0.0126137500628829
1119,26.152395963668823,0.8594347834587097,0.0,0.0,0.773962676525116,0.07587528228759766,-0.03740464150905609,-3.1341640949249268,0.013578874059021473
1120,26.1664457321167,0.8594347834587097,0.0,0.0,0.796625554561615,0.07560154795646667,0.01605801470577717,3.1385912895202637,0.013044727966189384
1121,26.199560165405273,0.8594347834587097,0.0,0.0,0.8244990706443787,0.07104955613613129,0.036937519907951355,3.127359628677368,0.011609607376158237
1122,26.216867446899414,0.8594347834587097,0.0,0.0,0.8571417331695557,0.05951359122991562,-0.0011027880245819688,3.119534492492676,0.010624964721500874
1123,26.251232862472534,0.8594347834587097,0.0,0.0,0.8918102383613586,0.05237662419676781,-0.040237732231616974,3.1182658672332764,0.010768132284283638
1124,26.266895055770874,0.8594347834587097,0.0,0.0,0.9214406609535217,0.0508253313601017,-0.04775314778089523,3.1239089965820312,0.01390268187969923
1125,26.300620555877686,0.8594347834587097,0.0,0.0,0.9282004237174988,0.05161627382040024,-0.052825652062892914,3.137561321258545,0.02396468259394169
1126,26.316284894943237,0.8594347834587097,0.0,0.0,0.9045187830924988,0.08054482936859131,0.11610231548547745,-3.1390461921691895,0.02803702838718891
1127,26.35025382041931,0.8594347834587097,0.0,0.0,0.8836696743965149,0.09960608184337616,0.221958726644516,3.1384787559509277,0.02277330867946148
1128,26.366114854812622,0.8594347834587097,0.0,0.0,0.8764923214912415,0.10477322340011597,0.21324536204338074,3.128075122833252,0.018077395856380463
1129,26.399468421936035,0.8594347834587097,0.0,0.0,0.8788614869117737,0.09881044924259186,0.20115739107131958,3.1193008422851562,0.017618397250771523
1130,26.41210436820984,0.8594347834587097,0.0,0.0,0.8792054653167725,0.08976712077856064,0.2599438428878784,3.1163315773010254,0.020469291135668755
1131,26.443206310272217,0.8594347834587097,0.0,0.0,0.8786993622779846,0.08140953630208969,0.33438557386398315,3.1192820072174072,0.025248723104596138
1132,26.456103563308716,0.8594347834587097,0.0,0.0,0.873489499092102,0.07852183282375336,0.386730432510376,3.1251280307769775,0.028623593971133232
1133,26.48641538619995,0.8594347834587097,0.0,0.0,0.8644335269927979,0.0828159973025322,0.27696025371551514,3.129305839538574,0.033437330275774
1134,26.5008442401886,0.8594347834587097,0.0,0.0,0.8588800430297852,0.08919589966535568,0.024476051330566406,3.128225803375244,0.04598650336265564
1135,26.532328367233276,0.8594347834587097,0.0,0.0,0.8584962487220764,0.09262833744287491,-0.013137543573975563,3.1224889755249023,0.06359265744686127
1136,26.54498863220215,0.8594347834587097,0.0,0.0,0.8457268476486206,0.0880424827337265,0.07751550525426865,3.1221764087677,0.07792939990758896
1137,26.580589056015015,0.8594347834587097,0.0,0.0,0.8426335453987122,0.0618460513651371,0.2708452641963959,3.12976336479187,0.0863887146115303
1138,26.597951412200928,0.8594347834587097,0.0,0.0,0.8148815631866455,0.021946480497717857,0.1722699999809265,-3.1379177570343018,0.09090831875801086
1139,26.630367755889893,0.8594347834587097,0.0,0.0,0.7862609028816223,-0.014372318983078003,0.004931686446070671,-3.120248556137085,0.09421128034591675
1140,26.641971111297607,0.8594347834587097,0.0,0.0,0.7712439298629761,-0.04095442593097687,-0.07885633409023285,-3.1077873706817627,0.09525449573993683
1141,26.676841020584106,0.8594347834587097,0.0,0.0,0.7613320350646973,-0.06574200093746185,-0.1141977310180664,-3.1001577377319336,0.0952652245759964
1142,26.68797016143799,0.8594347834587097,0.0,0.0,0.759108304977417,-0.08534296602010727,-0.10395568609237671,-3.0942769050598145,0.09498900175094604
1143,26.723283529281616,0.8594347834587097,0.0,0.0,0.7530792951583862,-0.10410212725400925,-0.0425255186855793,-3.0900347232818604,0.09552231431007385
1144,26.734116077423096,0.8594347834587097,0.0,0.0,0.7827255129814148,-0.12253168225288391,-0.040507569909095764,-3.088688850402832,0.091644287109375
1145,26.766283750534058,0.8594347834587097,0.0,0.0,0.7673240303993225,-0.13150851428508759,-0.08844982832670212,-3.0890378952026367,0.08078356087207794
1146,26.78041934967041,0.8594347834587097,0.0,0.0,0.7484642267227173,-0.1300899237394333,-0.0981127917766571,-3.0862843990325928,0.08560527861118317
1147,26.81033158302307,0.8594347834587097,0.0,0.0,0.745043933391571,-0.10417229682207108,-0.033879976719617844,-3.0846822261810303,0.09449376165866852
1148,26.823816776275635,0.8594347834587097,0.0,0.0,0.7599796056747437,-0.08049338310956955,0.06399152427911758,-3.0878872871398926,0.0918220654129982
1149,26.854341983795166,0.8594347834587097,0.0,0.0,0.7779148817062378,-0.06712360680103302,0.0822749212384224,-3.0912222862243652,0.07847175747156143
1150,26.865437507629395,0.8594347834587097,0.0,0.0,0.7954205274581909,-0.05620279163122177,0.07577623426914215,-3.0940775871276855,0.06384658813476562
1151,26.895987033843994,0.8594347834587097,0.0,0.0,0.8128831386566162,-0.04488149657845497,0.10367661714553833,-3.096590518951416,0.053024306893348694
1152,26.915324449539185,0.8594347834587097,0.0,0.0,0.8329787254333496,-0.034742966294288635,0.11623772978782654,-3.097191095352173,0.046042557805776596
1153,26.94743847846985,0.8594347834587097,0.0,0.0,0.8519992828369141,-0.02258109487593174,0.1488475203514099,-3.0951719284057617,0.04000880569219589
1154,26.963724851608276,0.8594347834587097,0.0,0.0,0.8670715689659119,-0.017931202426552773,0.20225581526756287,-3.0939135551452637,0.03532746806740761
1155,26.994502067565918,0.8594347834587097,0.0,0.0,0.8745777606964111,-0.01933315023779869,0.2572304606437683,-3.099086284637451,0.03590508550405502
1156,27.009220361709595,0.8594347834587097,0.0,0.0,0.8747168183326721,-0.022680476307868958,0.2744073271751404,-3.1129744052886963,0.047190140932798386
1157,27.042983293533325,0.8594347834587097,0.0,0.0,0.8465366363525391,-0.022892598062753677,0.0609152615070343,-3.130012273788452,0.06255340576171875
1158,27.06508779525757,0.8594347834587097,0.0,0.0,0.8066322803497314,-0.03420134633779526,0.019467152655124664,-3.1370394229888916,0.06973040848970413
1159,27.10149645805359,0.8594347834587097,0.0,0.0,0.7649893164634705,-0.04569230228662491,-0.020169436931610107,-3.1337172985076904,0.07041965425014496
1160,27.129897832870483,0.8594347834587097,0.0,0.0,0.7369691729545593,-0.049650777131319046,-0.033174850046634674,-3.125872850418091,0.07074829936027527
1161,27.162248134613037,0.8594347834587097,0.0,0.0,0.7172949910163879,-0.04929998517036438,-0.05424325913190842,-3.1209425926208496,0.07123363018035889
1162,27.17542815208435,0.8594347834587097,0.0,0.0,0.7043986320495605,-0.04766981303691864,-0.10104873776435852,-3.121119737625122,0.07196597754955292
1163,27.208173990249634,0.8594347834587097,0.0,0.0,0.6912346482276917,-0.050727300345897675,-0.09875290840864182,-3.1246771812438965,0.07291439175605774
1164,27.2208468914032,0.8594347834587097,0.0,0.0,0.6854692101478577,-0.054821111261844635,-0.06105943024158478,-3.1291680335998535,0.07436863332986832
1165,27.252986192703247,0.8594347834587097,0.0,0.0,0.6873764991760254,-0.06329265236854553,0.014879569411277771,-3.1333694458007812,0.07498780637979507
1166,27.266063451766968,0.8594347834587097,0.0,0.0,0.7002005577087402,-0.07124019414186478,0.04204105585813522,-3.137202501296997,0.07299374043941498
1167,27.2987220287323,0.8594347834587097,0.0,0.0,0.7165683507919312,-0.07908398658037186,0.05713608115911484,-3.140695095062256,0.06885720789432526
1168,27.312470197677612,0.8594347834587097,0.0,0.0,0.7373508810997009,-0.09244166314601898,0.0014683189801871777,3.139563798904419,0.06506450474262238
1169,27.344967365264893,0.8594347834587097,0.0,0.0,0.7602683305740356,-0.10225585103034973,-0.03973403573036194,3.136946678161621,0.06350697576999664
1170,27.35663366317749,0.8594347834587097,0.0,0.0,0.7817184925079346,-0.10656816512346268,0.00803076196461916,3.1331264972686768,0.06600593775510788
1171,27.390918254852295,0.8594347834587097,0.0,0.0,0.8184623122215271,-0.109459288418293,-0.19760680198669434,3.129110097885132,0.06858906149864197
1172,27.403002977371216,0.8594347834587097,0.0,0.0,0.8101142048835754,-0.09440378844738007,-0.27651023864746094,3.126760244369507,0.0676729753613472
1173,27.44087862968445,0.8594347834587097,0.0,0.0,0.7781489491462708,-0.051526933908462524,0.00834703166037798,3.1231529712677,0.07481728494167328
1174,27.451830625534058,0.8594347834587097,0.0,0.0,0.7655899524688721,-0.01152212917804718,0.20152059197425842,3.115811586380005,0.07890277355909348
1175,27.490216493606567,0.8594347834587097,0.0,0.0,0.766136646270752,0.015998300164937973,0.16067826747894287,3.108781099319458,0.07525793462991714
1176,27.502068519592285,0.8594347834587097,0.0,0.0,0.7733154892921448,0.043072644621133804,0.13302940130233765,3.103269577026367,0.06882097572088242
1177,27.53643536567688,0.8594347834587097,0.0,0.0,0.7750298380851746,0.07150532305240631,0.1534852385520935,3.097943067550659,0.06371032446622849
1178,27.556748628616333,0.8594347834587097,0.0,0.0,0.7779053449630737,0.09704942256212234,0.20236405730247498,3.0937187671661377,0.05987341329455376
1179,27.590831995010376,0.8594347834587097,0.0,0.0,0.775725781917572,0.12431726604700089,0.24535739421844482,3.0913174152374268,0.056489087641239166
1180,27.606220483779907,0.8594347834587097,0.0,0.0,0.7689127326011658,0.14928492903709412,0.23547537624835968,3.0892765522003174,0.056368958204984665
1181,27.636595487594604,0.8594347834587097,0.0,0.0,0.7396528720855713,0.18140451610088348,0.11885374784469604,3.0844504833221436,0.06470083445310593
1182,27.652560710906982,0.8594347834587097,0.0,0.0,0.7220882177352905,0.17888541519641876,0.11855044960975647,3.0792148113250732,0.07479401677846909
1183,27.686849117279053,0.8594347834587097,0.0,0.0,0.71053147315979,0.15991872549057007,0.25350502133369446,3.086073875427246,0.07867436856031418
1184,27.70032048225403,0.8594347834587097,0.0,0.0,0.6851552128791809,0.12738388776779175,0.08881707489490509,3.0986692905426025,0.0830669179558754
1185,27.737795114517212,0.8594347834587097,0.0,0.0,0.6598021984100342,0.09949029982089996,-0.07772725820541382,3.109053611755371,0.08826065808534622
1186,27.75072479248047,0.8594347834587097,0.0,0.0,0.6487488150596619,0.0842481479048729,-0.10606043040752411,3.112046957015991,0.08915342390537262
1187,27.785095930099487,0.8594347834587097,0.0,0.0,0.6439816355705261,0.07476131618022919,-0.07525641471147537,3.1099162101745605,0.0856897309422493
1188,27.798650979995728,0.8594347834587097,0.0,0.0,0.6361166834831238,0.058898307383060455,-0.02861015498638153,3.107379674911499,0.08142092823982239
1189,27.835293531417847,0.8594347834587097,0.0,0.0,0.6321191191673279,0.03324083238840103,-0.027257513254880905,3.1075968742370605,0.07949883490800858
1190,27.85161542892456,0.8594347834587097,0.0,0.0,0.6417492032051086,0.011645065620541573,0.002398368436843157,3.109910011291504,0.07829242944717407
1191,27.88469099998474,0.8594347834587097,0.0,0.0,0.657147228717804,-0.006998926401138306,0.009877593256533146,3.112027168273926,0.0758056640625
1192,27.89794683456421,0.8594347834587097,0.0,0.0,0.6773555278778076,-0.023840682581067085,0.06766659021377563,3.1131701469421387,0.07378172129392624
1193,27.939575910568237,0.8594347834587097,0.0,0.0,0.7041786909103394,-0.03550618514418602,0.17178820073604584,3.1127326488494873,0.07223168015480042
1194,27.950794458389282,0.8594347834587097,0.0,0.0,0.7324625849723816,-0.05623489245772362,0.13352498412132263,3.113438367843628,0.07014469802379608
1195,27.981417417526245,0.8594347834587097,0.0,0.0,0.7477129697799683,-0.07606114447116852,-0.1275620013475418,3.1198205947875977,0.06548535078763962
1196,27.994805335998535,0.8594347834587097,0.0,0.0,0.7358338832855225,-0.06737092137336731,-0.24820548295974731,3.1307241916656494,0.06713943183422089
1197,28.02645969390869,0.8594347834587097,0.0,0.0,0.715008020401001,-0.02686525508761406,-0.0469597727060318,3.1344103813171387,0.07367825508117676
1198,28.039649724960327,0.8594347834587097,0.0,0.0,0.7135423421859741,0.005738598294556141,0.08447553217411041,3.1302602291107178,0.07369263470172882
1199,28.073236227035522,0.8594347834587097,0.0,0.0,0.7209622859954834,0.026491619646549225,0.12693855166435242,3.12546443939209,0.0654030367732048
1200,28.084922313690186,0.8594347834587097,0.0,0.0,0.7338559627532959,0.04192552715539932,0.17010244727134705,3.1232926845550537,0.05586767941713333
1201,28.193947076797485,0.8594347834587097,0.0,0.0,0.7455862164497375,0.05559349060058594,0.25174036622047424,3.1236233711242676,0.04862356185913086
1202,28.206586122512817,0.8594347834587097,0.0,0.0,0.7535814046859741,0.06918402016162872,0.2784169912338257,3.1267199516296387,0.04325861856341362
1203,28.240912914276123,0.8594347834587097,0.0,0.0,0.7677401304244995,0.08833588659763336,0.20646187663078308,3.132741689682007,0.03819185867905617
1204,28.25166630744934,0.8594347834587097,0.0,0.0,0.7826113700866699,0.11557935178279877,0.18059611320495605,3.1374735832214355,0.03307778760790825
1205,28.281399250030518,0.8594347834587097,0.0,0.0,0.7291203141212463,0.14770886301994324,0.06483964622020721,3.1336863040924072,0.03405759111046791
1206,28.29400634765625,0.8594347834587097,0.0,0.0,0.7575714588165283,0.10220177471637726,0.369893878698349,3.1291396617889404,0.027819201350212097
1207,28.331182718276978,0.8594347834587097,0.0,0.0,0.7333322763442993,0.05139938369393349,0.06547694653272629,-3.137479066848755,0.025836259126663208
1208,28.347733974456787,0.8594347834587097,0.0,0.0,0.7242579460144043,0.014694325625896454,-0.13800615072250366,-3.1197478771209717,0.029601750895380974
1209,28.386228322982788,0.8594347834587097,0.0,0.0,0.7244755625724792,-0.012643392197787762,-0.19393688440322876,-3.1123790740966797,0.03487549349665642
1210,28.39826989173889,0.8594347834587097,0.0,0.0,0.7393326759338379,-0.04395021125674248,-0.16678854823112488,-3.1107544898986816,0.040073055773973465
1211,28.43108892440796,0.8594347834587097,0.0,0.0,0.7629541754722595,-0.06007503718137741,-0.05102306604385376,-3.1119160652160645,0.04330155998468399
1212,28.446839809417725,0.8594347834587097,0.0,0.0,0.785296618938446,-0.07714802771806717,0.1154884621500969,-3.1155760288238525,0.046227239072322845
1213,28.47578501701355,0.8594347834587097,0.0,0.0,0.8128310441970825,-0.11041570454835892,0.2119482159614563,-3.115067481994629,0.05071359500288963
1214,28.486292362213135,0.8594347834587097,0.0,0.0,0.8344600200653076,-0.13800758123397827,-0.05184463411569595,-3.1073410511016846,0.048937469720840454
1215,28.521348476409912,0.8594347834587097,0.0,0.0,0.8204087615013123,-0.1376347541809082,-0.1705058068037033,-3.0951592922210693,0.04988521710038185
1216,28.540149450302124,0.8594347834587097,0.0,0.0,0.7949022054672241,-0.10085073858499527,0.03499438613653183,-3.091803550720215,0.05539412796497345
1217,28.569273471832275,0.8594347834587097,0.0,0.0,0.7944309115409851,-0.07734207063913345,0.1559838205575943,-3.0987963676452637,0.05409638583660126
1218,28.582910776138306,0.8594347834587097,0.0,0.0,0.8035255074501038,-0.06794369220733643,0.1769941747188568,-3.1062099933624268,0.046415574848651886
1219,28.612571477890015,0.8594347834587097,0.0,0.0,0.8214044570922852,-0.06280804425477982,0.13207213580608368,-3.1104023456573486,0.037923358380794525
1220,28.626285791397095,0.8594347834587097,0.0,0.0,0.8425250053405762,-0.05526634678244591,0.09663929045200348,-3.112121105194092,0.02939656935632229
1221,28.655179262161255,0.8594347834587097,0.0,0.0,0.859699010848999,-0.04453163966536522,0.09968830645084381,-3.111917018890381,0.02132546715438366
1222,28.666213035583496,0.8594347834587097,0.0,0.0,0.8742933869361877,-0.033399734646081924,0.14085280895233154,-3.1103241443634033,0.01442700158804655
1223,28.697017431259155,0.8594347834587097,0.0,0.0,0.8865123987197876,-0.026979565620422363,0.20732782781124115,-3.107515573501587,0.00849983561784029
1224,28.710792303085327,0.8594347834587097,0.0,0.0,0.8917940855026245,-0.022811301052570343,0.27487391233444214,-3.1049928665161133,0.006768937222659588
1225,28.74620246887207,0.8594347834587097,0.0,0.0,0.8781893253326416,-0.012262395583093166,0.3547201454639435,-3.1065611839294434,0.013095375150442123
1226,28.7619845867157,0.8594347834587097,0.0,0.0,0.8726281523704529,-0.019541088491678238,0.28077566623687744,-3.1130120754241943,0.016925610601902008
1227,28.794596433639526,0.8594347834587097,0.0,0.0,0.8261273503303528,-0.032420989125967026,0.12422020733356476,-3.117347478866577,0.018753942102193832
1228,28.81014370918274,0.8594347834587097,0.0,0.0,0.7735723853111267,-0.04645533859729767,0.0060985879972577095,-3.1151230335235596,0.024492504075169563
1229,28.84089994430542,0.8594347834587097,0.0,0.0,0.7378661632537842,-0.05334281921386719,-0.02260623127222061,-3.1095707416534424,0.031665630638599396
1230,28.859060287475586,0.8594347834587097,0.0,0.0,0.7142519950866699,-0.05642453581094742,-0.0721646174788475,-3.1061017513275146,0.03958382457494736
1231,28.89159369468689,0.8594347834587097,0.0,0.0,0.6973421573638916,-0.05921666696667671,-0.10025648772716522,-3.1061925888061523,0.047508273273706436
1232,28.9092960357666,0.8594347834587097,0.0,0.0,0.6867203712463379,-0.06364043056964874,-0.03275495395064354,-3.1088459491729736,0.05524946749210358
1233,28.939663648605347,0.8594347834587097,0.0,0.0,0.689882218837738,-0.07120529562234879,-0.004219303838908672,-3.1118979454040527,0.06171382591128349
1234,28.950807332992554,0.8594347834587097,0.0,0.0,0.6991533637046814,-0.0825931504368782,-0.0926075354218483,-3.1163859367370605,0.05926203727722168
1235,28.980663776397705,0.8594347834587097,0.0,0.0,0.7033481001853943,-0.10145928710699081,-0.11201554536819458,-3.1188488006591797,0.0559098944067955
1236,28.993760108947754,0.8594347834587097,0.0,0.0,0.7144033908843994,-0.11469242721796036,-0.13392417132854462,-3.1200315952301025,0.055124662816524506
1237,29.026154279708862,0.8594347834587097,0.0,0.0,0.7286768555641174,-0.11676076054573059,-0.08599112182855606,-3.122154474258423,0.05738736316561699
1238,29.038821935653687,0.4200543463230133,0.0,0.0,0.7395877838134766,-0.12282148003578186,0.029391232877969742,-3.1240618228912354,0.06543684005737305
1239,29.07251811027527,0.4200543463230133,0.0,0.0,0.736447811126709,-0.11410879343748093,-0.1216769814491272,-3.1235334873199463,0.07722877711057663
1240,29.08337903022766,0.4200543463230133,0.0,0.0,0.7172532677650452,-0.06606412678956985,-0.0676230937242508,-3.128262996673584,0.07893858104944229
1241,29.11946177482605,0.4200543463230133,0.0,0.0,0.7114803194999695,-0.024314135313034058,0.08920085430145264,-3.137944221496582,0.07165855169296265
1242,29.134840488433838,0.4200543463230133,0.0,0.0,0.7203404307365417,0.0028868913650512695,0.13267900049686432,3.1387076377868652,0.06123453378677368
1243,29.167747974395752,0.4200543463230133,0.0,0.0,0.7294431924819946,0.028817087411880493,0.13387873768806458,3.136855125427246,0.050833866000175476
1244,29.182313680648804,0.4200543463230133,0.0,0.0,0.7326821088790894,0.05629614740610123,0.14040371775627136,3.137322425842285,0.040366388857364655
1245,29.215582847595215,0.4200543463230133,0.0,0.0,0.7227414846420288,0.08245927840471268,0.310802161693573,3.1369614601135254,0.028142554685473442
1246,29.228987216949463,0.4200543463230133,0.0,0.0,0.6997159719467163,0.08617643266916275,0.5931884050369263,3.1338467597961426,0.01893245056271553
1247,29.25763177871704,0.4200543463230133,0.0,0.0,0.6683478951454163,0.0772397369146347,0.6972794532775879,3.128218173980713,0.022748084738850594
1248,29.268290042877197,0.4200543463230133,0.0,0.0,0.5802419185638428,0.09241136163473129,-0.2701258063316345,3.1191797256469727,0.044769879430532455
1249,29.299447059631348,0.4200543463230133,0.0,0.0,0.5344909429550171,0.03947559744119644,0.40688005089759827,3.116680145263672,0.05088229849934578
1250,29.315677642822266,0.4200543463230133,0.0,0.0,0.45127204060554504,-0.016662925481796265,0.23410430550575256,3.130511522293091,0.053669314831495285
1251,29.354408264160156,0.4200543463230133,0.0,0.0,0.3833594024181366,-0.05599186196923256,-0.05841676890850067,3.1409475803375244,0.05528147146105766
1252,29.369285821914673,0.4200543463230133,0.0,0.0,0.3299503028392792,-0.08269764482975006,-0.09484195709228516,-3.140899658203125,0.05826590210199356
1253,29.40635061264038,0.4200543463230133,0.0,0.0,0.2900565266609192,-0.10059375315904617,0.006713557988405228,-3.1405951976776123,0.06428338587284088
1254,29.42011046409607,0.4200543463230133,0.0,0.0,0.25913429260253906,-0.11215616017580032,0.19680744409561157,-3.1362414360046387,0.07338757067918777
1255,29.453351974487305,0.4200543463230133,0.0,0.0,0.2622162997722626,-0.09783705323934555,0.23254245519638062,-3.1277401447296143,0.0787353590130806
1256,29.46615219116211,0.4200543463230133,0.0,0.0,0.2583540081977844,-0.06289365887641907,0.16509594023227692,-3.1224400997161865,0.07185043394565582
1257,29.500406742095947,0.4200543463230133,0.0,0.0,0.2467290461063385,-0.026204165071249008,0.12588845193386078,-3.1203956604003906,0.06727536767721176
1258,29.513817310333252,0.4200543463230133,0.0,0.0,0.2367142140865326,0.007395934779196978,0.025104189291596413,-3.1204304695129395,0.06820584088563919
1259,29.543838024139404,0.4200543463230133,0.0,0.0,0.22237496078014374,0.03747664764523506,-0.057863570749759674,-3.1230404376983643,0.07371722906827927
1260,29.55638861656189,0.4200543463230133,0.0,0.0,0.21099479496479034,0.06409551203250885,-0.0566757395863533,-3.1281514167785645,0.0824398398399353
1261,29.586692094802856,0.4200543463230133,0.0,0.0,0.20457275211811066,0.08392155170440674,-0.11996036022901535,-3.133617401123047,0.09103374183177948
1262,29.60348629951477,0.4200543463230133,0.0,0.0,0.2146882861852646,0.088748998939991,-0.13579276204109192,-3.1362357139587402,0.09614995867013931
1263,29.638347864151,0.4200543463230133,0.0,0.0,0.23005782067775726,0.0781908631324768,0.005179880186915398,-3.133056879043579,0.097495898604393
1264,29.65047550201416,0.4200543463230133,0.0,0.0,0.2501382827758789,0.058726802468299866,0.174172505736351,-3.120781898498535,0.09464826434850693
1265,29.68474817276001,0.4200543463230133,0.0,0.0,0.27297842502593994,0.04209418594837189,0.1530311107635498,-3.106255054473877,0.08851198107004166
1266,29.698934078216553,0.4200543463230133,0.0,0.0,0.2789387106895447,0.02028837613761425,0.05116579309105873,-3.0984904766082764,0.08026214689016342
1267,29.731597900390625,0.4200543463230133,0.0,0.0,0.27332600951194763,-0.012336485087871552,-0.12217167764902115,-3.0970404148101807,0.07371436059474945
1268,29.745091676712036,0.4200543463230133,0.0,0.0,0.2696886658668518,-0.03817641735076904,-0.1808677762746811,-3.0995850563049316,0.07038001716136932
1269,29.775155067443848,0.4200543463230133,0.0,0.0,0.27132320404052734,-0.05732762813568115,-0.12254504859447479,-3.1021087169647217,0.07073074579238892
1270,29.78618550300598,0.4200543463230133,0.0,0.0,0.27724719047546387,-0.07731393724679947,-0.013711821287870407,-3.1011974811553955,0.07285423576831818
1271,29.822880029678345,0.4200543463230133,0.0,0.0,0.2907291352748871,-0.08748568594455719,0.025809181854128838,-3.097163200378418,0.073561891913414
1272,29.840962171554565,0.4200543463230133,0.0,0.0,0.30181917548179626,-0.08086913079023361,0.04140087962150574,-3.094475746154785,0.07087616622447968
1273,29.87596297264099,0.4200543463230133,0.0,0.0,0.30997055768966675,-0.06182913854718208,-0.0026243659667670727,-3.0932211875915527,0.06929454207420349
1274,29.886903524398804,0.4200543463230133,0.0,0.0,0.3158362805843353,-0.030316241085529327,0.015398836694657803,-3.094961643218994,0.06908929347991943
1275,29.918838500976562,0.4200543463230133,0.0,0.0,0.33051714301109314,0.0026397155597805977,0.03212795406579971,-3.0982306003570557,0.06599688529968262
1276,29.931869745254517,0.4200543463230133,0.0,0.0,0.35061341524124146,0.035404957830905914,0.11328354477882385,-3.100959300994873,0.05396110564470291
1277,29.965147733688354,0.4200543463230133,0.0,0.0,0.36992406845092773,0.061308518052101135,0.22299036383628845,-3.102659225463867,0.0356534905731678
1278,29.983055114746094,0.4200543463230133,0.0,0.0,0.37646129727363586,0.07324238866567612,0.32986319065093994,-3.104177474975586,0.01932739093899727
1279,30.014540672302246,0.4200543463230133,0.0,0.0,0.36673837900161743,0.07770374417304993,0.279838502407074,-3.109679698944092,0.0033989378716796637
1280,30.02593159675598,0.4200543463230133,0.0,0.0,0.3677562475204468,0.05485152825713158,0.26386505365371704,-3.1100425720214844,-0.01145961880683899
1281,30.05575942993164,0.4200543463230133,0.0,0.0,0.36187636852264404,0.014110302552580833,0.058186158537864685,-3.104799270629883,-0.016360696405172348
1282,30.069806337356567,0.4200543463230133,0.0,0.0,0.3670582175254822,-0.019443629309535027,-0.09452296048402786,-3.0984039306640625,-0.015732992440462112
1283,30.10089135169983,0.4200543463230133,0.0,0.0,0.38061970472335815,-0.040765371173620224,-0.14646822214126587,-3.095637321472168,-0.012285086326301098
1284,30.11516761779785,0.4200543463230133,0.0,0.0,0.4004248082637787,-0.05507386475801468,-0.04769862815737724,-3.0977280139923096,-0.0068394518457353115
1285,30.148241996765137,0.4200543463230133,0.0,0.0,0.42820096015930176,-0.06869727373123169,-0.03968983143568039,-3.1014013290405273,-0.0010228806640952826
1286,30.162190914154053,0.4200543463230133,0.0,0.0,0.43549641966819763,-0.072539322078228,-0.041013363748788834,-3.104207754135132,-0.0007915887399576604
1287,30.1992347240448,0.4200543463230133,0.0,0.0,0.426906555891037,-0.0628540888428688,0.011986788362264633,-3.1000168323516846,0.004976179916411638
1288,30.216050386428833,0.4200543463230133,0.0,0.0,0.4253067672252655,-0.029659077525138855,0.17759716510772705,-3.0955405235290527,0.01036656741052866
1289,30.24950647354126,0.4200543463230133,0.0,0.0,0.4327877163887024,-0.0053473785519599915,0.17211057245731354,-3.096926212310791,0.008081715553998947
1290,30.26407265663147,0.4200543463230133,0.0,0.0,0.44403931498527527,0.012093649245798588,0.07837430387735367,-3.1008501052856445,0.00019413605332374573
1291,30.29622507095337,0.4200543463230133,0.0,0.0,0.4498228430747986,0.032899368554353714,0.073150634765625,-3.1061275005340576,-0.00866479892283678
1292,30.309533834457397,0.4200543463230133,0.0,0.0,0.45269128680229187,0.054853055626153946,0.12294391542673111,-3.112582206726074,-0.015429498627781868
1293,30.342028379440308,0.4200543463230133,0.0,0.0,0.45570260286331177,0.07429131865501404,0.26065170764923096,-3.119471311569214,-0.020092587918043137
1294,30.356380224227905,0.4200543463230133,0.0,0.0,0.45380645990371704,0.0908949002623558,0.3164672553539276,-3.125195264816284,-0.02204251103103161
1295,30.38874650001526,0.4200543463230133,0.0,0.0,0.45240503549575806,0.10411104559898376,0.30256208777427673,-3.130216360092163,-0.018514372408390045
1296,30.399457931518555,0.4200543463230133,0.0,0.0,0.4166988432407379,0.13283157348632812,0.009328795596957207,-3.1387581825256348,-0.008310194127261639
1297,30.445512056350708,0.4200543463230133,0.0,0.0,0.4212581217288971,0.12309836596250534,0.14822031557559967,3.1379222869873047,-0.005857476033270359
1298,30.46010661125183,0.4200543463230133,0.0,0.0,0.3872334361076355,0.10616327077150345,0.13943400979042053,3.138737440109253,0.0013521824730560184
1299,30.49670171737671,0.4200543463230133,0.0,0.0,0.35940080881118774,0.08208119869232178,0.025285955518484116,-3.140619993209839,0.011186209507286549
1300,30.50878667831421,0.4200543463230133,0.0,0.0,0.3364831805229187,0.060771383345127106,-0.04151909798383713,-3.1350555419921875,0.017479294911026955
1301,30.539958953857422,0.4200543463230133,0.0,0.0,0.3225353956222534,0.04942785203456879,-0.054795440286397934,-3.1314404010772705,0.021107826381921768
1302,30.55058789253235,0.4200543463230133,0.0,0.0,0.31115394830703735,0.041025273501873016,-0.04362930357456207,-3.1306512355804443,0.023236481472849846
1303,30.58211612701416,0.4200543463230133,0.0,0.0,0.2995423972606659,0.032616861164569855,-0.07631155848503113,-3.1315324306488037,0.02533704973757267
1304,30.60629630088806,0.4200543463230133,0.0,0.0,0.28791889548301697,0.021288279443979263,-0.08171401172876358,-3.1329421997070312,0.028893912211060524
1305,30.643230438232422,0.4200543463230133,0.0,0.0,0.28580421209335327,0.006761009804904461,-0.02070976421236992,-3.1328883171081543,0.03310280293226242
1306,30.659642934799194,0.4200543463230133,0.0,0.0,0.2856418490409851,-0.007221032399684191,-0.06653189659118652,-3.1311168670654297,0.03132200613617897
1307,30.69397282600403,0.4200543463230133,0.0,0.0,0.2796702980995178,-0.024786174297332764,-0.1320934295654297,-3.1263794898986816,0.029089991003274918
1308,30.708220720291138,0.4200543463230133,0.0,0.0,0.2746235430240631,-0.04026731103658676,-0.15147191286087036,-3.1213672161102295,0.029113084077835083
1309,30.740208625793457,0.4200543463230133,0.0,0.0,0.2735815644264221,-0.051262177526950836,-0.1523067057132721,-3.118448257446289,0.031490594148635864
1310,30.750797986984253,0.4200543463230133,0.0,0.0,0.277718722820282,-0.057073596864938736,-0.181367889046669,-3.1177220344543457,0.035676006227731705
1311,30.782170295715332,0.4200543463230133,0.0,0.0,0.2851942181587219,-0.05569234490394592,-0.14003412425518036,-3.119692802429199,0.03796562924981117
1312,30.795249462127686,0.4200543463230133,0.0,0.0,0.2803613543510437,-0.04683703929185867,-0.02921072393655777,-3.1211142539978027,0.04177670180797577
1313,30.824740409851074,0.4200543463230133,0.0,0.0,0.27787885069847107,-0.03206061199307442,0.02062208764255047,-3.1195220947265625,0.05122283473610878
1314,30.84443187713623,0.4200543463230133,0.0,0.0,0.28102928400039673,-0.007826383225619793,0.029407260939478874,-3.117962598800659,0.060320984572172165
1315,30.880600929260254,0.4200543463230133,0.0,0.0,0.2849791944026947,0.023080211132764816,0.07644866406917572,-3.1215596199035645,0.06288101524114609
1316,30.8978533744812,0.4200543463230133,0.0,0.0,0.29525476694107056,0.04780270904302597,0.07144634425640106,-3.1279830932617188,0.05682405084371567
1317,30.930452585220337,0.4200543463230133,0.0,0.0,0.30290812253952026,0.06905771791934967,0.07532811164855957,-3.1333401203155518,0.045861877501010895
1318,30.94321894645691,0.4200543463230133,0.0,0.0,0.3066321015357971,0.08865313977003098,0.14187079668045044,-3.1381642818450928,0.03629736229777336
1319,30.97478199005127,0.4200543463230133,0.0,0.0,0.2736290991306305,0.11561304330825806,0.17881780862808228,3.138742208480835,0.0310585368424654
1320,30.986175060272217,0.9948345422744751,0.0,0.0,0.3072182536125183,0.1057768389582634,0.12980389595031738,3.1341798305511475,0.021697508171200752
1321,31.02280306816101,0.9948345422744751,0.0,0.0,0.31796661019325256,0.0991796925663948,0.11000485718250275,3.13796067237854,0.013829033821821213
1322,31.03494691848755,0.9948345422744751,0.0,0.0,0.3224605321884155,0.10748231410980225,0.10316473245620728,-3.1337766647338867,0.010097355581820011
1323,31.07757329940796,0.9948345422744751,0.0,0.0,0.31592002511024475,0.13220153748989105,0.11773691326379776,-3.126875400543213,0.015595116652548313
1324,31.091789484024048,0.9948345422744751,0.0,0.0,0.30940014123916626,0.16267523169517517,0.17949078977108002,-3.1327340602874756,0.030316710472106934
1325,31.12616729736328,0.9948345422744751,0.0,0.0,0.3266243636608124,0.1763654500246048,0.0630912184715271,3.1376044750213623,0.046903252601623535
1326,31.13770580291748,0.9948345422744751,0.0,0.0,0.3597293794155121,0.18013913929462433,0.07826903462409973,3.126797676086426,0.0578932948410511
1327,31.168062210083008,0.9948345422744751,0.0,0.0,0.4050016403198242,0.16688701510429382,0.07587676495313644,3.125535011291504,0.0609750896692276
1328,31.18037509918213,0.9948345422744751,0.0,0.0,0.4514796733856201,0.1360388994216919,0.09991808980703354,3.1322405338287354,0.058817677199840546
1329,31.209742307662964,0.9948345422744751,0.0,0.0,0.5022450089454651,0.1033862829208374,0.010282598435878754,3.1402626037597656,0.05207064002752304
1330,31.22162961959839,0.9948345422744751,0.0,0.0,0.5438705682754517,0.07622802257537842,-0.07857846468687057,-3.1406357288360596,0.04377805069088936
1331,31.254361152648926,0.9948345422744751,0.0,0.0,0.5932180285453796,0.05560360103845596,-0.09873566031455994,3.1371774673461914,0.0406004898250103
1332,31.266554594039917,0.9948345422744751,0.0,0.0,0.6570256948471069,0.040474843233823776,-0.1078992635011673,3.128302574157715,0.04238348826766014
1333,31.305516004562378,0.9948345422744751,0.0,0.0,0.730188250541687,0.030446689575910568,-0.10475988686084747,3.1180901527404785,0.04422171413898468
1334,31.316590785980225,0.9948345422744751,0.0,0.0,0.7967190146446228,0.020777631551027298,-0.04949386790394783,3.1067163944244385,0.04163433611392975
1335,31.34810185432434,0.9948345422744751,0.0,0.0,0.8534247279167175,0.009962908923625946,0.005889321677386761,3.0934293270111084,0.0357782281935215
1336,31.361400604248047,0.9948345422744751,0.0,0.0,0.9053131937980652,-0.002233478706330061,-0.016921447589993477,3.082127332687378,0.02844972349703312
1337,31.39241647720337,0.9948345422744751,0.0,0.0,0.9429240822792053,-0.009602224454283714,-0.24261078238487244,3.077115297317505,0.021817496046423912
1338,31.404621362686157,0.9948345422744751,0.0,0.0,0.924765944480896,0.008945895358920097,-0.16906841099262238,3.0718111991882324,0.01138860173523426
1339,31.438026189804077,0.9948345422744751,0.0,0.0,0.8935272693634033,0.047557227313518524,0.28844061493873596,3.0635693073272705,0.0026703604962676764
1340,31.448336839675903,0.9948345422744751,0.0,0.0,0.8978716731071472,0.05110935866832733,0.40553998947143555,3.057072162628174,-0.004688845947384834
1341,31.47885274887085,0.9948345422744751,0.0,0.0,0.9213232398033142,0.040175892412662506,0.3264206647872925,3.058537006378174,-0.007645413279533386
1342,31.49052667617798,0.9948345422744751,0.0,0.0,0.9545283317565918,0.033453743904829025,0.1995038092136383,3.0650739669799805,-0.010128939524292946
1343,31.51781439781189,0.9948345422744751,0.0,0.0,0.9795796871185303,0.03654015436768532,0.12196219712495804,3.0719799995422363,-0.015190589241683483
1344,31.528276205062866,0.9948345422744751,0.0,0.0,1.0000566244125366,0.04679505154490471,0.10810872912406921,3.07724928855896,-0.020209748297929764
1345,31.556581735610962,0.9948345422744751,0.0,0.0,1.0286297798156738,0.05762604996562004,0.15373089909553528,3.081315517425537,-0.024517813697457314
1346,31.568097829818726,0.9948345422744751,0.0,0.0,1.061177372932434,0.06856272369623184,0.19494609534740448,3.087078332901001,-0.02801346965134144
1347,31.601929426193237,0.9948345422744751,0.0,0.0,1.0908493995666504,0.07925394177436829,0.2198043167591095,3.0952184200286865,-0.028868749737739563
1348,31.613796710968018,0.9948345422744751,0.0,0.0,1.1103930473327637,0.08988411724567413,0.26002413034439087,3.099756956100464,-0.023384254425764084
1349,31.643121242523193,0.9948345422744751,0.0,0.0,1.069187045097351,0.09001079946756363,0.11632093042135239,3.0941550731658936,-0.009327567182481289
1350,31.655643939971924,0.9948345422744751,0.0,0.0,1.0210398435592651,0.058540765196084976,0.13376939296722412,3.10102915763855,-0.010320366360247135
1351,31.68565034866333,0.9948345422744751,0.0,0.0,0.9650487899780273,0.0322146862745285,0.052303239703178406,3.117171287536621,-0.011250441893935204
1352,31.698375940322876,0.9948345422744751,0.0,0.0,0.9329057931900024,0.021318616345524788,-0.035673610866069794,3.1282224655151367,-0.005021283403038979
1353,31.73248839378357,0.9948345422744751,0.0,0.0,0.909014105796814,0.011177810840308666,-0.05477352440357208,3.132458209991455,0.006165049504488707
1354,31.74791431427002,0.9948345422744751,0.0,0.0,0.9049792289733887,0.0038000193890184164,-0.03399812430143356,3.1353492736816406,0.017989082261919975
1355,31.78184485435486,0.9948345422744751,0.0,0.0,0.9138065576553345,0.0010940381325781345,-0.010440271347761154,3.1364517211914062,0.024204133078455925
1356,31.799817323684692,0.9948345422744751,0.0,0.0,0.923846960067749,-0.0037977956235408783,0.03345184773206711,3.1345438957214355,0.02557346597313881
1357,31.830410957336426,0.9948345422744751,0.0,0.0,0.938559353351593,-0.013819318264722824,0.04635629430413246,3.1302714347839355,0.02578204683959484
1358,31.84324073791504,0.9948345422744751,0.0,0.0,0.9597482085227966,-0.03420240059494972,0.05010564625263214,3.127450942993164,0.027384629473090172
1359,31.875675916671753,0.9948345422744751,0.0,0.0,0.9851669669151306,-0.049401119351387024,0.044949185103178024,3.129255533218384,0.03196104243397713
1360,31.889188289642334,0.9948345422744751,0.0,0.0,1.0010422468185425,-0.060934871435165405,0.08461479842662811,3.135357618331909,0.04265245795249939
1361,31.918318033218384,0.9948345422744751,0.0,0.0,1.020269751548767,-0.05834410712122917,-0.16088449954986572,-3.140225410461426,0.055096741765737534
1362,31.933260202407837,0.9948345422744751,0.0,0.0,0.9859153628349304,-0.03665097430348396,-0.12598615884780884,-3.1369762420654297,0.061139363795518875
1363,31.96381449699402,0.9948345422744751,0.0,0.0,0.9404594302177429,-0.0006807970348745584,0.14406432211399078,3.1409850120544434,0.06726088374853134
1364,31.975706815719604,0.9948345422744751,0.0,0.0,0.9139395952224731,0.017584215849637985,0.22718600928783417,3.1308233737945557,0.0699777603149414
1365,32.00806450843811,0.9948345422744751,0.0,0.0,0.9020224213600159,0.025518745183944702,0.18855558335781097,3.122410297393799,0.07287468761205673
1366,32.02477145195007,0.9948345422744751,0.0,0.0,0.9041056632995605,0.03326509892940521,0.13627737760543823,3.116628646850586,0.07680892199277878
1367,32.055253982543945,0.9948345422744751,0.0,0.0,0.9049040079116821,0.04414033517241478,0.12724773585796356,3.112738847732544,0.08032067120075226
1368,32.069880962371826,0.9948345422744751,0.0,0.0,0.9032059907913208,0.057438742369413376,0.10943590104579926,3.110671043395996,0.08455663919448853
1369,32.1066460609436,0.9948345422744751,0.0,0.0,0.9030365347862244,0.07179117202758789,0.10166430473327637,3.1104209423065186,0.08959606289863586
1370,32.11709141731262,0.9948345422744751,0.0,0.0,0.906295120716095,0.08950324356555939,0.0881023034453392,3.1103150844573975,0.09627740830183029
1371,32.14655590057373,0.9948345422744751,0.0,0.0,0.9110074043273926,0.10780615359544754,0.0824284628033638,3.1081953048706055,0.1058516651391983
1372,32.1588933467865,0.9948345422744751,0.0,0.0,0.8972492814064026,0.13367508351802826,0.033293209969997406,3.1010634899139404,0.1225888580083847
1373,32.19329380989075,0.9948345422744751,0.0,0.0,0.9032965898513794,0.1374809592962265,-0.057232603430747986,3.0919418334960938,0.14289899170398712
1374,32.20557260513306,0.9948345422744751,0.0,0.0,0.9237557053565979,0.14618730545043945,0.049000270664691925,3.0864169597625732,0.15903623402118683
1375,32.23473787307739,0.9948345422744751,0.0,0.0,0.9343265891075134,0.14363110065460205,0.13722458481788635,3.0859780311584473,0.16644933819770813
1376,32.24691891670227,0.9948345422744751,0.0,0.0,0.9106568098068237,0.1280103176832199,0.11585018783807755,3.0922634601593018,0.16955110430717468
1377,32.276772022247314,0.9948345422744751,0.0,0.0,0.8782568573951721,0.11129482835531235,-0.0038904137909412384,3.1050913333892822,0.16883885860443115
1378,32.29110383987427,0.9948345422744751,0.0,0.0,0.855556070804596,0.10155702382326126,0.008859721943736076,3.1181156635284424,0.1629352569580078
1379,32.32182693481445,0.9948345422744751,0.0,0.0,0.8445225954055786,0.09676416218280792,0.014470231719315052,3.1289913654327393,0.15433886647224426
1380,32.34045052528381,0.9948345422744751,0.0,0.0,0.8398234844207764,0.09742292016744614,-0.006535885855555534,3.1360902786254883,0.14338482916355133
1381,32.37721014022827,0.9948345422744751,0.0,0.0,0.834257960319519,0.09594807028770447,0.006872361525893211,3.1390745639801025,0.13134591281414032
1382,32.40082359313965,0.9948345422744751,0.0,0.0,0.8327313661575317,0.09028271585702896,0.02846221625804901,3.1399450302124023,0.12020859867334366
1383,32.44064521789551,0.9948345422744751,0.0,0.0,0.8424595594406128,0.08429943025112152,0.04833271726965904,3.139596462249756,0.10958144813776016
1384,32.45763683319092,0.9948345422744751,0.0,0.0,0.8628875613212585,0.07847552001476288,0.08433862030506134,3.1382598876953125,0.09906288981437683
1385,32.488619804382324,0.9948345422744751,0.0,0.0,0.8933882117271423,0.0708102360367775,0.0989106148481369,3.1354663372039795,0.0890549048781395
1386,32.49923133850098,0.9948345422744751,0.0,0.0,0.931906521320343,0.06096922233700752,0.08629976212978363,3.1327600479125977,0.08000021427869797
1387,32.534322023391724,0.9948345422744751,0.0,0.0,0.9700403213500977,0.056595683097839355,0.0772014707326889,3.1304657459259033,0.07174849510192871
1388,32.54853820800781,0.9948345422744751,0.0,0.0,1.0005253553390503,0.05154327675700188,0.09625840187072754,3.1280617713928223,0.06654991209506989
1389,32.58287167549133,0.9948345422744751,0.0,0.0,1.0306264162063599,0.04416723921895027,0.0988135114312172,3.1296329498291016,0.06721439957618713
1390,32.59453463554382,0.9948345422744751,0.0,0.0,1.0593918561935425,0.03267533332109451,-0.09868495166301727,3.1387689113616943,0.07274980843067169
1391,32.622713804244995,0.9948345422744751,0.0,0.0,1.0297491550445557,0.0512256920337677,-0.07788524776697159,-3.139007806777954,0.06973424553871155
1392,32.63318490982056,0.9948345422744751,0.0,0.0,0.9968339800834656,0.07950960099697113,0.15654981136322021,3.1398863792419434,0.0642666146159172
1393,32.65934634208679,0.9948345422744751,0.0,0.0,0.9845162034034729,0.09339775890111923,0.23418405652046204,3.1293673515319824,0.05556491017341614
1394,32.67024779319763,0.9948345422744751,0.0,0.0,0.9869681596755981,0.09746633470058441,0.24243983626365662,3.118624210357666,0.048545319586992264
1395,32.70155191421509,0.9948345422744751,0.0,0.0,0.9941017031669617,0.09584905207157135,0.2603135108947754,3.1113457679748535,0.044234756380319595
1396,32.713918924331665,0.9948345422744751,0.0,0.0,0.9999577403068542,0.0913647785782814,0.25308847427368164,3.1094706058502197,0.040986932814121246
1397,32.74311447143555,0.9948345422744751,0.0,0.0,1.0028942823410034,0.09328755736351013,0.2521759271621704,3.112278461456299,0.03694644570350647
1398,32.75442385673523,0.9948345422744751,0.0,0.0,1.0089550018310547,0.09774008393287659,0.3443114161491394,3.116821765899658,0.031792283058166504
1399,32.78433918952942,0.9948345422744751,0.0,0.0,1.0047146081924438,0.09598731994628906,0.4026464819908142,3.1222684383392334,0.028774602338671684
1400,32.79602789878845,0.9948345422744751,0.0,0.0,0.989567220211029,0.0960410088300705,0.33073902130126953,3.126887798309326,0.03702450171113014
1401,32.825217962265015,0.9948345422744751,0.0,0.0,0.9525052309036255,0.1004510447382927,0.17774920165538788,3.124683380126953,0.05616343766450882
1402,32.842252254486084,0.9948345422744751,0.0,0.0,0.9310914874076843,0.052632153034210205,0.47472602128982544,3.132932186126709,0.054700132459402084
1403,32.875548362731934,0.9948345422744751,0.0,0.0,0.8742351531982422,-0.0028741799760609865,0.1803453117609024,-3.133620500564575,0.05425787717103958
1404,32.888912200927734,0.9948345422744751,0.0,0.0,0.8279159665107727,-0.04126160219311714,-0.16006417572498322,-3.12268328666687,0.05854835733771324
1405,32.918750286102295,0.9948345422744751,0.0,0.0,0.7973018288612366,-0.07178516685962677,-0.2045038640499115,-3.1197025775909424,0.06724846363067627
1406,32.93405818939209,0.9948345422744751,0.0,0.0,0.7848606109619141,-0.09929297119379044,-0.1252088099718094,-3.1154661178588867,0.07717274129390717
1407,32.968337535858154,0.9948345422744751,0.0,0.0,0.779484748840332,-0.1208166852593422,-0.08689014613628387,-3.1083285808563232,0.08396723866462708
1408,32.98080229759216,0.9948345422744751,0.0,0.0,0.7850693464279175,-0.1389467567205429,0.011704416014254093,-3.1016623973846436,0.08866602927446365
1409,33.00971603393555,0.9948345422744751,0.0,0.0,0.788447380065918,-0.14154306054115295,-0.009874865412712097,-3.0995497703552246,0.08587191998958588
1410,33.020235776901245,0.9948345422744751,0.0,0.0,0.7719433903694153,-0.1370883584022522,0.04012572392821312,-3.0999858379364014,0.08784612268209457
1411,33.05245923995972,0.9948345422744751,0.0,0.0,0.7643325924873352,-0.12240860611200333,0.007471238262951374,-3.1005356311798096,0.09871844202280045
1412,33.064528703689575,0.9948345422744751,0.0,0.0,0.7724398970603943,-0.092032790184021,0.04355141520500183,-3.104196310043335,0.10661713778972626
1413,33.09894919395447,0.9948345422744751,0.0,0.0,0.7918910980224609,-0.06330420076847076,0.12965887784957886,-3.1114325523376465,0.10138395428657532
1414,33.114524602890015,0.9948345422744751,0.0,0.0,0.8169720768928528,-0.046957794576883316,0.1638030707836151,-3.11735200881958,0.08736010640859604
1415,33.142611026763916,0.9948345422744751,0.0,0.0,0.8430595993995667,-0.03412340208888054,0.184676855802536,-3.118694305419922,0.07370835542678833
1416,33.16372585296631,0.9948345422744751,0.0,0.0,0.8704850077629089,-0.019274402409791946,0.23229403793811798,-3.11627459526062,0.0643911361694336
1417,33.19280648231506,0.9948345422744751,0.0,0.0,0.8987375497817993,-0.004798772744834423,0.2829356789588928,-3.1114752292633057,0.058586105704307556
1418,33.207398414611816,0.9948345422744751,0.0,0.0,0.9271551966667175,0.0020552692003548145,0.30188730359077454,-3.1046924591064453,0.0535290390253067
1419,33.236000537872314,0.9948345422744751,0.0,0.0,0.9493075609207153,0.008741119876503944,0.341463565826416,-3.096255302429199,0.04885808005928993
1420,33.24788761138916,0.9948345422744751,0.0,0.0,0.9705456495285034,0.014377430081367493,0.37826651334762573,-3.088625907897949,0.04727606475353241
1421,33.27786469459534,0.9948345422744751,0.0,0.0,0.9852047562599182,0.012588055804371834,0.35075414180755615,-3.0878241062164307,0.051906321197748184
1422,33.29080247879028,0.9948345422744751,0.0,0.0,0.9645134210586548,0.021350068971514702,0.2852083146572113,-3.0981574058532715,0.06548205763101578
1423,33.321521520614624,0.9948345422744751,0.0,0.0,0.9586594104766846,0.0013529600109905005,0.018260028213262558,-3.1047093868255615,0.06996379792690277
1424,33.332945585250854,0.9948345422744751,0.0,0.0,0.9218180775642395,-0.01773311197757721,-0.121660016477108,-3.1005377769470215,0.0669190064072609
1425,33.362815141677856,0.9948345422744751,0.0,0.0,0.8913795948028564,-0.032656144350767136,-0.1231837123632431,-3.0947654247283936,0.06347081810235977
1426,33.38011717796326,0.9948345422744751,0.0,0.0,0.8698724508285522,-0.045009415596723557,-0.10724698752164841,-3.0917656421661377,0.061320558190345764
1427,33.424829959869385,0.9948345422744751,0.0,0.0,0.8550444841384888,-0.05815134570002556,-0.10340353101491928,-3.090120553970337,0.06156299635767937
1428,33.43781089782715,0.9948345422744751,0.0,0.0,0.8479524850845337,-0.06970648467540741,-0.12173309177160263,-3.089107036590576,0.06376640498638153
1429,33.47355127334595,0.9948345422744751,0.0,0.0,0.8494174480438232,-0.0801786258816719,-0.0880199670791626,-3.0902864933013916,0.06689973920583725
1430,33.49121427536011,0.9948345422744751,0.0,0.0,0.8596758246421814,-0.09126728028059006,-0.0036518434062600136,-3.0941359996795654,0.07032407820224762
1431,33.52229952812195,0.9948345422744751,0.0,0.0,0.8775116801261902,-0.11071288585662842,0.049783386290073395,-3.0981528759002686,0.073438860476017
1432,33.533535957336426,0.9948345422744751,0.0,0.0,0.8979297876358032,-0.12987007200717926,0.0860840231180191,-3.0987894535064697,0.07593152672052383
1433,33.56666302680969,0.9948345422744751,0.0,0.0,0.9152159094810486,-0.14525048434734344,0.049537982791662216,-3.095639705657959,0.07836699485778809
1434,33.579998254776,0.9948345422744751,0.0,0.0,0.9203971028327942,-0.14817342162132263,-0.08480066806077957,-3.08811354637146,0.08363386988639832
1435,33.612720012664795,0.9948345422744751,0.0,0.0,0.8979456424713135,-0.12205342948436737,-0.09581588953733444,-3.0837597846984863,0.0927324891090393
1436,33.62453842163086,0.9948345422744751,0.0,0.0,0.8817117810249329,-0.08024921268224716,0.03671933710575104,-3.0921077728271484,0.09849851578474045
1437,33.655558824539185,0.9948345422744751,0.0,0.0,0.885132372379303,-0.05509808287024498,0.07557962834835052,-3.1067264080047607,0.09182095527648926
1438,33.66625905036926,0.9948345422744751,0.0,0.0,0.8904277086257935,-0.03590266406536102,0.13373559713363647,-3.1195623874664307,0.08004472404718399
1439,33.698771953582764,0.9948345422744751,0.0,0.0,0.9083459377288818,-0.020647993311285973,0.16254869103431702,-3.12910532951355,0.0707019492983818
1440,33.71008586883545,0.9948345422744751,0.0,0.0,0.933475911617279,-0.008112451061606407,0.15605095028877258,-3.134215831756592,0.06235371530056
1441,33.73838210105896,0.9948345422744751,0.0,0.0,0.9524602293968201,0.006889772601425648,0.15864786505699158,-3.1355111598968506,0.05365576595067978
1442,33.74885654449463,0.9948345422744751,0.0,0.0,0.9705675840377808,0.02094687521457672,0.19925880432128906,-3.135133743286133,0.04474153742194176
1443,33.77558469772339,0.9948345422744751,0.0,0.0,0.984409511089325,0.03000788204371929,0.25813308358192444,-3.1331875324249268,0.03637086972594261
1444,33.78599786758423,0.9948345422744751,0.0,0.0,0.987468957901001,0.03446364402770996,0.32426807284355164,-3.1303422451019287,0.032839320600032806
1445,33.814101219177246,0.9948345422744751,0.0,0.0,0.9438988566398621,0.053503286093473434,0.14460264146327972,-3.131058692932129,0.04006863757967949
1446,33.82601523399353,0.9948345422744751,0.0,0.0,0.9570156335830688,0.028712689876556396,0.3050040900707245,-3.1342415809631348,0.037490371614694595
1447,33.85425519943237,0.9948345422744751,0.0,0.0,0.9085318446159363,-0.013772428035736084,0.10336905717849731,-3.1292803287506104,0.03493775054812431
1448,33.86677551269531,0.9948345422744751,0.0,0.0,0.8640360832214355,-0.05277249217033386,-0.040753073990345,-3.118941307067871,0.0371701680123806
1449,33.901275396347046,0.9948345422744751,0.0,0.0,0.8402226567268372,-0.08206754922866821,-0.09712190181016922,-3.109370708465576,0.041787222027778625
1450,33.915358543395996,0.9948345422744751,0.0,0.0,0.83146733045578,-0.10466879606246948,-0.0854707881808281,-3.1013619899749756,0.04677707701921463
1451,33.94592070579529,0.9948345422744751,0.0,0.0,0.8306238055229187,-0.12058445811271667,-0.09177489578723907,-3.0942463874816895,0.05069795995950699
1452,33.96401643753052,0.9948345422744751,0.0,0.0,0.8321673274040222,-0.12791922688484192,-0.09993955492973328,-3.0909128189086914,0.052484817802906036
1453,34.00031805038452,0.9948345422744751,0.0,0.0,0.8297652006149292,-0.13970889151096344,-0.03307769447565079,-3.093205690383911,0.05659925192594528
1454,34.0133101940155,0.9948345422744751,0.0,0.0,0.8578414916992188,-0.16119413077831268,-0.014980879612267017,-3.0976452827453613,0.061041321605443954
1455,34.0441210269928,0.9948345422744751,0.0,0.0,0.8553359508514404,-0.16451066732406616,-0.15314359962940216,-3.1007235050201416,0.05547093600034714
1456,34.05737543106079,0.9948345422744751,0.0,0.0,0.8388192653656006,-0.1473582684993744,-0.11922726035118103,-3.1009438037872314,0.0590258426964283
1457,34.08951950073242,0.9948345422744751,0.0,0.0,0.8386681079864502,-0.11007357388734818,0.09171687066555023,-3.104562759399414,0.06294319033622742
1458,34.10052943229675,0.9948345422744751,0.0,0.0,0.8566384315490723,-0.08681029826402664,0.1411743313074112,-3.1109373569488525,0.0566495880484581
1459,34.13478112220764,0.9948345422744751,0.0,0.0,0.8778830766677856,-0.06667929142713547,0.12348988652229309,-3.116318702697754,0.0431155264377594
1460,34.15029335021973,0.9948345422744751,0.0,0.0,0.8969741463661194,-0.046789467334747314,0.11690190434455872,-3.1216816902160645,0.030313406139612198
1461,34.18837094306946,0.9948345422744751,0.0,0.0,0.9131380915641785,-0.025317242369055748,0.14424139261245728,-3.126253128051758,0.021807309240102768
1462,34.199464321136475,0.9948345422744751,0.0,0.0,0.9313098788261414,-0.00824760552495718,0.1718462109565735,-3.129514455795288,0.016466520726680756
1463,34.231080055236816,0.9948345422744751,0.0,0.0,0.9490389227867126,0.00286884605884552,0.2327268123626709,-3.132050037384033,0.012809159234166145
1464,34.243980407714844,0.9948345422744751,0.0,0.0,0.9637806415557861,0.009152858518064022,0.2675532102584839,-3.1350481510162354,0.01170185673981905
1465,34.27607703208923,0.9948345422744751,0.0,0.0,0.9761183857917786,0.01836847886443138,0.30317598581314087,-3.1388652324676514,0.016161033883690834
1466,34.288899660110474,0.9948345422744751,0.0,0.0,0.9692498445510864,0.03046300821006298,0.30174824595451355,3.134247303009033,0.026416251435875893
1467,34.32366728782654,0.9948345422744751,0.0,0.0,0.9645386338233948,0.019967079162597656,0.2684057354927063,3.1301255226135254,0.01839187555015087
1468,34.337743282318115,0.9948345422744751,0.0,0.0,0.9076077342033386,-0.0017943043494597077,-0.044229377061128616,3.1329314708709717,0.012725266627967358
1469,34.37345814704895,0.9948345422744751,0.0,0.0,0.8617546558380127,-0.01236377190798521,-0.08121973276138306,3.1374051570892334,0.016107236966490746
1470,34.38354778289795,0.9948345422744751,0.0,0.0,0.8409897089004517,-0.01591060310602188,-0.06146957725286484,3.1406643390655518,0.02528500370681286
1471,34.415313720703125,0.9948345422744751,0.0,0.0,0.8337531089782715,-0.01663747988641262,-0.06766709685325623,-3.1411728858947754,0.03395770862698555
1472,34.42803430557251,0.9948345422744751,0.0,0.0,0.8336200714111328,-0.018632587045431137,-0.04232674837112427,-3.1413650512695312,0.03896927461028099
1473,34.46435546875,0.9948345422744751,0.0,0.0,0.8396852612495422,-0.021180693060159683,0.007805849425494671,3.139939308166504,0.04081586003303528
1474,34.47687220573425,0.9948345422744751,0.0,0.0,0.8524795174598694,-0.027866749092936516,0.08036961406469345,3.136404514312744,0.04083982855081558
1475,34.50780177116394,0.9948345422744751,0.0,0.0,0.8724175691604614,-0.04119802266359329,0.08351675420999527,3.1330645084381104,0.03912130743265152
1476,34.522934436798096,0.9948345422744751,0.0,0.0,0.8954423666000366,-0.05054962635040283,0.08866488188505173,3.1307804584503174,0.03760024160146713
1477,34.552184104919434,0.9948345422744751,0.0,0.0,0.9203255772590637,-0.06714995205402374,0.019819222390651703,3.1305079460144043,0.03818996623158455
1478,34.56548810005188,0.9948345422744751,0.0,0.0,0.9414694309234619,-0.08044704049825668,-0.04376616328954697,3.1353652477264404,0.04318772628903389
1479,34.59762382507324,0.9948345422744751,0.0,0.0,0.9580264687538147,-0.07798650115728378,-0.1573120355606079,-3.1387672424316406,0.05484972149133682
1480,34.609116077423096,0.9948345422744751,0.0,0.0,0.9517529606819153,-0.05424251779913902,-0.29321444034576416,-3.1327128410339355,0.06389909982681274
1481,34.64049816131592,0.9948345422744751,0.0,0.0,0.9223446249961853,-0.0022584821563214064,-0.004879235289990902,-3.135946273803711,0.06911947578191757
1482,34.652193546295166,0.9948345422744751,0.0,0.0,0.9056963324546814,0.03327089920639992,0.11794811487197876,3.1355888843536377,0.0680912658572197
1483,34.68645787239075,0.9948345422744751,0.0,0.0,0.9056326150894165,0.05411640554666519,0.08258922398090363,3.123309373855591,0.06569625437259674
1484,34.70024633407593,0.9948345422744751,0.0,0.0,0.9132058024406433,0.0733874961733818,0.04756871238350868,3.113646984100342,0.06506981700658798
1485,34.73589634895325,0.9948345422744751,0.0,0.0,0.9197697639465332,0.0932818204164505,0.08489910513162613,3.1071670055389404,0.06568585336208344
1486,34.74820423126221,0.9948345422744751,0.0,0.0,0.9218657612800598,0.11165708303451538,0.16478249430656433,3.104008436203003,0.0666414201259613
1487,34.77971911430359,0.9948345422744751,0.0,0.0,0.9175658226013184,0.12948422133922577,0.29134443402290344,3.101229190826416,0.06777528673410416
1488,34.79147696495056,0.9948345422744751,0.0,0.0,0.902877688407898,0.14427834749221802,0.28061002492904663,3.0981807708740234,0.07345245033502579
1489,34.82340335845947,0.9948345422744751,0.0,0.0,0.8291754126548767,0.1864292174577713,-0.0526752695441246,3.0962131023406982,0.08826571702957153
1490,34.836905002593994,0.9948345422744751,0.0,0.0,0.8533667922019958,0.13172173500061035,0.35395190119743347,3.100165843963623,0.08579982072114944
1491,34.87468433380127,0.9948345422744751,0.0,0.0,0.8128060102462769,0.08685164153575897,0.20916332304477692,3.1176505088806152,0.08728672564029694
1492,34.88562083244324,0.9948345422744751,0.0,0.0,0.7850974202156067,0.053618453443050385,-0.022545643150806427,3.132213592529297,0.09314505010843277
1493,34.91339921951294,0.9948345422744751,0.0,0.0,0.772556483745575,0.029225103557109833,-0.07650962471961975,3.1387929916381836,0.09542244672775269
1494,34.92384386062622,0.9948345422744751,0.0,0.0,0.7680758237838745,0.004549373872578144,-0.02952457219362259,3.1410155296325684,0.09232965111732483
1495,34.95909094810486,0.9948345422744751,0.0,0.0,0.7662866711616516,-0.026787064969539642,0.02850811369717121,-3.139622688293457,0.08706361800432205
1496,34.969969749450684,0.9948345422744751,0.0,0.0,0.7664546370506287,-0.06418246030807495,-0.01437629945576191,-3.1348729133605957,0.08352019637823105
1497,35.00239634513855,0.9948345422744751,0.0,0.0,0.7830279469490051,-0.1007356345653534,-0.04072030633687973,-3.129770278930664,0.08244840800762177
1498,35.015429735183716,0.9948345422744751,0.0,0.0,0.8126185536384583,-0.11940830200910568,-0.18648913502693176,-3.1276352405548096,0.07643451541662216
1499,35.04623627662659,0.9948345422744751,0.0,0.0,0.803469181060791,-0.11783535033464432,-0.17909160256385803,-3.1287972927093506,0.0697329118847847
1500,35.05838227272034,0.9948345422744751,0.0,0.0,0.7919449806213379,-0.10020918399095535,-0.13068360090255737,-3.128349542617798,0.07690425217151642
