t_step,wall_time_s,cmd_vx,cmd_vy,cmd_wz,act_vx,act_vy,act_wz,roll,pitch
0,0.027449369430541992,0.5667065382003784,0.0,0.0,-0.059673670679330826,0.018824419006705284,0.2870471775531769,-3.137068033218384,-0.0030381004326045513
1,0.2770974636077881,0.5667065382003784,0.0,0.0,-0.05375421419739723,0.01316412165760994,0.11016151309013367,-3.1260480880737305,-0.0224283616989851
2,0.3102879524230957,0.5667065382003784,0.0,0.0,-0.052516818046569824,0.007621541619300842,0.02793481945991516,-3.11429762840271,-0.044207897037267685
3,0.3434269428253174,0.5667065382003784,0.0,0.0,-0.04529555141925812,0.0024977540597319603,0.08521950989961624,-3.1060454845428467,-0.06222693994641304
4,0.3569648265838623,0.5667065382003784,0.0,0.0,-0.033050213009119034,-0.0012027760967612267,0.21993328630924225,-3.10141658782959,-0.07604479044675827
5,0.38892197608947754,0.5667065382003784,0.0,0.0,-0.010152296163141727,-0.006241965107619762,0.3666073679924011,-3.0993547439575195,-0.08729081600904465
6,0.40927720069885254,0.5667065382003784,0.0,0.0,0.007890556007623672,-0.0073104556649923325,0.48600590229034424,-3.1014785766601562,-0.09597539156675339
7,0.4561312198638916,0.5667065382003784,0.0,0.0,0.018204303458333015,-0.005520518869161606,0.5501397848129272,-3.106248140335083,-0.09627439081668854
8,0.46908020973205566,0.5667065382003784,0.0,0.0,0.011513959616422653,0.00013015791773796082,0.48232826590538025,-3.1140925884246826,-0.08276936411857605
9,0.4998011589050293,0.5667065382003784,0.0,0.0,-0.05658555403351784,0.009430202655494213,0.4426160454750061,-3.123075246810913,-0.04650517553091049
10,0.5112967491149902,0.5667065382003784,0.0,0.0,0.05620558187365532,-0.1975226253271103,-0.03367087244987488,-3.0966410636901855,-0.00976463034749031
11,0.5582795143127441,0.5667065382003784,0.0,0.0,0.0030920212157070637,-0.11901021003723145,0.09771948307752609,-3.0303518772125244,-0.022708836942911148
12,0.5705907344818115,0.5667065382003784,0.0,0.0,-0.03280574083328247,-0.006842516362667084,0.17718981206417084,-3.0088250637054443,-0.02178899757564068
13,0.5997493267059326,0.5667065382003784,0.0,0.0,-0.04916403070092201,0.0581846684217453,0.10725121200084686,-3.001831293106079,-0.027935268357396126
14,0.6119544506072998,0.5667065382003784,0.0,0.0,-0.06524161994457245,0.07281241565942764,0.006058515980839729,-2.9902915954589844,-0.037385243922472
15,0.6477870941162109,0.5667065382003784,0.0,0.0,-0.07728032767772675,0.0697140172123909,-0.17468705773353577,-2.9776389598846436,-0.03963680937886238
16,0.6584227085113525,0.5667065382003784,0.0,0.0,-0.07472816854715347,0.07408402860164642,-0.1390298306941986,-2.9774575233459473,-0.037115007638931274
17,0.6888751983642578,0.5667065382003784,0.0,0.0,-0.05731295794248581,0.09221719950437546,0.12088212370872498,-2.9987101554870605,-0.03641042858362198
18,0.7006816864013672,0.5667065382003784,0.0,0.0,0.015223042108118534,0.07906554639339447,-0.0922805666923523,-3.026991844177246,-0.04430920258164406
19,0.7340409755706787,0.5667065382003784,0.0,0.0,0.07043460011482239,0.0627671331167221,-0.05769525095820427,-3.038001775741577,-0.06428773701190948
20,0.7502515316009521,0.5667065382003784,0.0,0.0,0.1239369809627533,0.03413265198469162,0.023994140326976776,-3.0317535400390625,-0.07914814352989197
21,0.7841002941131592,0.5667065382003784,0.0,0.0,0.18419913947582245,0.0133577985689044,0.07054807990789413,-3.022165536880493,-0.0870404839515686
22,0.8068697452545166,0.5667065382003784,0.0,0.0,0.24456366896629333,-0.0009945158381015062,0.02939334698021412,-3.019144058227539,-0.09720026701688766
23,0.8361725807189941,0.5667065382003784,0.0,0.0,0.2858186662197113,-0.014006833545863628,-0.030500255525112152,-3.020541191101074,-0.11181198805570602
24,0.8487441539764404,0.5667065382003784,0.0,0.0,0.3166499733924866,-0.035136833786964417,-0.06183122098445892,-3.0183582305908203,-0.12328566610813141
25,0.8816912174224854,0.5667065382003784,0.0,0.0,0.3447408080101013,-0.04430988058447838,-0.2036798596382141,-3.0116078853607178,-0.1293875277042389
26,0.8938288688659668,0.5667065382003784,0.0,0.0,0.3552471995353699,-0.03950109705328941,-0.18207567930221558,-3.0086700916290283,-0.1318289041519165
27,0.9255459308624268,0.5667065382003784,0.0,0.0,0.371346652507782,-0.02421535924077034,-0.02355758100748062,-3.011199951171875,-0.13121870160102844
28,0.9396710395812988,0.5667065382003784,0.0,0.0,0.3933153450489044,-0.0036178622394800186,0.136618971824646,-3.017425298690796,-0.13626928627490997
29,0.968620777130127,0.5667065382003784,0.0,0.0,0.4118767976760864,0.0232144296169281,0.2550309896469116,-3.025639772415161,-0.14691326022148132
30,0.97991943359375,0.5667065382003784,0.0,0.0,0.43612024188041687,0.05076683312654495,0.4529806673526764,-3.0353639125823975,-0.15978318452835083
31,1.0100395679473877,0.5667065382003784,0.0,0.0,0.45405200123786926,0.06827402114868164,0.5733593702316284,-3.045933485031128,-0.171233132481575
32,1.0222525596618652,0.5667065382003784,0.0,0.0,0.46395325660705566,0.08154088258743286,0.6198427081108093,-3.057040214538574,-0.17649540305137634
33,1.0507919788360596,0.5667065382003784,0.0,0.0,0.4704333543777466,0.09813759475946426,0.4995172321796417,-3.0698907375335693,-0.17287547886371613
34,1.061659574508667,0.5667065382003784,0.0,0.0,0.47828930616378784,0.11251938343048096,0.23959597945213318,-3.083461284637451,-0.17008645832538605
35,1.117522954940796,0.5667065382003784,0.0,0.0,0.46654555201530457,0.10826251655817032,0.11852297931909561,-3.0938313007354736,-0.17119216918945312
36,1.1290757656097412,0.5667065382003784,0.0,0.0,0.4376494884490967,0.08907260000705719,0.14200159907341003,-3.104785919189453,-0.15927046537399292
37,1.1593396663665771,0.5667065382003784,0.0,0.0,0.4243626892566681,0.05375131964683533,0.16838787496089935,-3.1080427169799805,-0.14082784950733185
38,1.1735217571258545,0.5667065382003784,0.0,0.0,0.4215727746486664,0.010217946022748947,0.012514619156718254,-3.1014552116394043,-0.1284707635641098
39,1.2032949924468994,0.5667065382003784,0.0,0.0,0.4203774034976959,-0.024564234539866447,-0.07311179488897324,-3.0925822257995605,-0.12301521748304367
40,1.219123125076294,0.5667065382003784,0.0,0.0,0.419972687959671,-0.04927196353673935,-0.13854847848415375,-3.085845708847046,-0.11797545105218887
41,1.2517738342285156,0.5667065382003784,0.0,0.0,0.42328599095344543,-0.06990746408700943,-0.15337203443050385,-3.0822255611419678,-0.1096038743853569
42,1.2703444957733154,0.5667065382003784,0.0,0.0,0.4296034574508667,-0.08932474255561829,-0.16030314564704895,-3.079604387283325,-0.09819003939628601
43,1.3032057285308838,0.5667065382003784,0.0,0.0,0.4465309977531433,-0.10617361217737198,-0.08774127066135406,-3.076536178588867,-0.0834168940782547
44,1.3152120113372803,0.5667065382003784,0.0,0.0,0.4505319893360138,-0.10090553760528564,-0.07205192744731903,-3.0750255584716797,-0.07500927150249481
45,1.343761920928955,0.5667065382003784,0.0,0.0,0.44598668813705444,-0.08323173224925995,0.04681204631924629,-3.0734775066375732,-0.06241071969270706
46,1.3586595058441162,0.5667065382003784,0.0,0.0,0.45802953839302063,-0.05070975422859192,0.1513945460319519,-3.0728371143341064,-0.050003781914711
47,1.3922522068023682,0.5667065382003784,0.0,0.0,0.48393261432647705,-0.01732758805155754,0.16978178918361664,-3.075486660003662,-0.04847631976008415
48,1.4061839580535889,0.5667065382003784,0.0,0.0,0.5054258108139038,0.01133736316114664,0.1993739902973175,-3.0808613300323486,-0.05540883168578148
49,1.4353713989257812,0.5667065382003784,0.0,0.0,0.524331271648407,0.03170677274465561,0.2734828293323517,-3.086531400680542,-0.06152409315109253
50,1.449786901473999,0.5667065382003784,0.0,0.0,0.5380995869636536,0.0467342808842659,0.36261826753616333,-3.0905261039733887,-0.06437431275844574
51,1.478740930557251,0.5667065382003784,0.0,0.0,0.5488553047180176,0.05549244582653046,0.4486270248889923,-3.0933308601379395,-0.0639004185795784
52,1.4944109916687012,0.5667065382003784,0.0,0.0,0.5551251769065857,0.05605851858854294,0.48793619871139526,-3.0969367027282715,-0.056967128068208694
53,1.526667833328247,0.5667065382003784,0.0,0.0,0.5418491363525391,0.05922287330031395,0.23645436763763428,-3.105243444442749,-0.045458316802978516
54,1.5420596599578857,0.5667065382003784,0.0,0.0,0.5326035618782043,0.0548161044716835,0.20493997633457184,-3.1114003658294678,-0.04092860221862793
55,1.5721101760864258,0.5667065382003784,0.0,0.0,0.5095750689506531,0.035038720816373825,0.23004893958568573,-3.114039897918701,-0.03318115696310997
56,1.5855913162231445,0.5667065382003784,0.0,0.0,0.48365160822868347,0.003690108424052596,0.022025788202881813,-3.109043836593628,-0.023967638611793518
57,1.6153714656829834,0.5667065382003784,0.0,0.0,0.4638562500476837,-0.0203249529004097,-0.07761399447917938,-3.100771903991699,-0.016152463853359222
58,1.6352825164794922,0.5667065382003784,0.0,0.0,0.4500749111175537,-0.0374981127679348,-0.1021149680018425,-3.0940394401550293,-0.006955855526030064
59,1.6653878688812256,0.5667065382003784,0.0,0.0,0.44669029116630554,-0.04837692901492119,-0.09267392754554749,-3.0902624130249023,0.004152372013777494
60,1.6760096549987793,0.5667065382003784,0.0,0.0,0.4485815465450287,-0.057390522211790085,-0.04833259433507919,-3.0890777111053467,0.014595385640859604
61,1.707503080368042,0.5667065382003784,0.0,0.0,0.45321419835090637,-0.07192634791135788,0.06586674600839615,-3.0887606143951416,0.025352943688631058
62,1.719109058380127,0.5667065382003784,0.0,0.0,0.4529905617237091,-0.06008389592170715,0.04029042273759842,-3.0900001525878906,0.03130039945244789
63,1.748399257659912,0.5667065382003784,0.0,0.0,0.44635647535324097,-0.043858014047145844,0.014018137007951736,-3.0905001163482666,0.04126976430416107
64,1.7613623142242432,0.5667065382003784,0.0,0.0,0.45011571049690247,-0.015099456533789635,-0.00467086723074317,-3.0913853645324707,0.051448993384838104
65,1.793778896331787,0.5667065382003784,0.0,0.0,0.46108052134513855,0.015803854912519455,0.05623134225606918,-3.0972723960876465,0.054132863879203796
66,1.8058662414550781,0.5667065382003784,0.0,0.0,0.474063515663147,0.038341671228408813,0.1582893282175064,-3.104346990585327,0.04782675579190254
67,1.8339018821716309,0.5667065382003784,0.0,0.0,0.48190444707870483,0.05077281966805458,0.21861068904399872,-3.1083931922912598,0.038316842168569565
68,1.844437599182129,0.5667065382003784,0.0,0.0,0.48379626870155334,0.06395959109067917,0.25246429443359375,-3.108670473098755,0.030564438551664352
69,1.8761484622955322,0.5667065382003784,0.0,0.0,0.48540589213371277,0.08066000044345856,0.2516357898712158,-3.1079812049865723,0.02688959613442421
70,1.8918845653533936,0.5667065382003784,0.0,0.0,0.44984859228134155,0.10845927894115448,0.22166278958320618,-3.1107900142669678,0.028019435703754425
71,1.9277243614196777,0.5667065382003784,0.0,0.0,0.4676211476325989,0.09834245592355728,0.2111242413520813,-3.115522861480713,0.024119842797517776
72,1.9427721500396729,0.5667065382003784,0.0,0.0,0.4524737000465393,0.08046035468578339,0.24179263412952423,-3.115234613418579,0.025494905188679695
73,1.9742913246154785,0.5667065382003784,0.0,0.0,0.44214698672294617,0.053402237594127655,0.13357998430728912,-3.109497308731079,0.03189486637711525
74,1.9872629642486572,0.5667065382003784,0.0,0.0,0.43282216787338257,0.02562231570482254,-0.03646647185087204,-3.1023411750793457,0.03665858507156372
75,2.022092819213867,0.5667065382003784,0.0,0.0,0.4307634234428406,0.009214312769472599,-0.09297053515911102,-3.0995121002197266,0.03822063282132149
76,2.0339443683624268,0.5667065382003784,0.0,0.0,0.4310419261455536,-0.005607204977422953,-0.028948018327355385,-3.1009392738342285,0.03817029297351837
77,2.066415309906006,0.5667065382003784,0.0,0.0,0.4320361614227295,-0.02489546872675419,-0.0012788523454219103,-3.1029269695281982,0.03862043842673302
78,2.0770397186279297,0.5667065382003784,0.0,0.0,0.43767914175987244,-0.04853401705622673,0.006954827345907688,-3.1030354499816895,0.04004476219415665
79,2.1074087619781494,0.5667065382003784,0.0,0.0,0.4485434889793396,-0.07048163563013077,0.0011594563256949186,-3.1002652645111084,0.04166575148701668
80,2.1199514865875244,0.5667065382003784,0.0,0.0,0.4611853063106537,-0.0925225019454956,0.04347742348909378,-3.096369981765747,0.04420170187950134
81,2.1519057750701904,0.5667065382003784,0.0,0.0,0.4837784767150879,-0.11116261780261993,-0.0001063075615093112,-3.0928869247436523,0.04747815430164337
82,2.1662371158599854,0.5667065382003784,0.0,0.0,0.49772849678993225,-0.1158786192536354,-0.0918215662240982,-3.0913889408111572,0.04531947523355484
83,2.1922035217285156,0.5667065382003784,0.0,0.0,0.48461803793907166,-0.10961978882551193,-0.041431527584791183,-3.0889804363250732,0.047211553901433945
84,2.2029786109924316,0.5667065382003784,0.0,0.0,0.47017085552215576,-0.08856216818094254,0.005003770347684622,-3.0862526893615723,0.05696187913417816
85,2.2405130863189697,0.5667065382003784,0.0,0.0,0.4685886800289154,-0.05747288838028908,0.10109061002731323,-3.0882110595703125,0.06299939006567001
86,2.253103256225586,0.5667065382003784,0.0,0.0,0.47568097710609436,-0.034064389765262604,0.16038846969604492,-3.093214273452759,0.05888911709189415
87,2.2817628383636475,0.5667065382003784,0.0,0.0,0.48012787103652954,-0.017318103462457657,0.17392675578594208,-3.0968730449676514,0.05083414912223816
88,2.292546510696411,0.5667065382003784,0.0,0.0,0.48244374990463257,-9.187578689306974e-05,0.1792319267988205,-3.0990262031555176,0.044106375426054
89,2.323000907897949,0.5667065382003784,0.0,0.0,0.4869229197502136,0.021163979545235634,0.22828762233257294,-3.1014492511749268,0.03870526701211929
90,2.3347904682159424,0.5667065382003784,0.0,0.0,0.4884834289550781,0.039892517030239105,0.21547678112983704,-3.104288339614868,0.03418710082769394
91,2.36409592628479,0.5667065382003784,0.0,0.0,0.49525681138038635,0.06321120262145996,0.1702100932598114,-3.105626106262207,0.030567103996872902
92,2.381850004196167,0.5667065382003784,0.0,0.0,0.5017445683479309,0.08667013794183731,0.1411060392856598,-3.1064939498901367,0.02791711688041687
93,2.4171457290649414,0.5667065382003784,0.0,0.0,0.4894152581691742,0.11679165065288544,0.12481853365898132,-3.110821485519409,0.029569607228040695
94,2.436711311340332,0.5667065382003784,0.0,0.0,0.4980040192604065,0.12044243514537811,0.02138178050518036,-3.1174752712249756,0.029974941164255142
95,2.4668092727661133,0.5667065382003784,0.0,0.0,0.4893512725830078,0.11793632805347443,-0.00957600399851799,-3.1233675479888916,0.034637756645679474
96,2.4775006771087646,0.5667065382003784,0.0,0.0,0.4796809256076813,0.10691815614700317,0.10629810392856598,-3.1243319511413574,0.04406411200761795
97,2.507692575454712,0.5667065382003784,0.0,0.0,0.47420674562454224,0.08544711023569107,0.09042099863290787,-3.118457078933716,0.05273963138461113
98,2.519806146621704,0.5667065382003784,0.0,0.0,0.4669645130634308,0.06322692334651947,-0.020005447790026665,-3.1096556186676025,0.05487600713968277
99,2.549870014190674,0.5667065382003784,0.0,0.0,0.46156254410743713,0.04887579753994942,-0.072868712246418,-3.1045873165130615,0.051578108221292496
100,2.5684449672698975,0.5667065382003784,0.0,0.0,0.45421674847602844,0.033258672803640366,-0.07347829639911652,-3.104078769683838,0.04832107201218605
101,2.6001670360565186,0.5667065382003784,0.0,0.0,0.4521697163581848,0.017995893955230713,-0.12307465076446533,-3.1046836376190186,0.04776104912161827
102,2.617949962615967,0.5667065382003784,0.0,0.0,0.45700615644454956,0.002841219073161483,-0.0856175571680069,-3.1052796840667725,0.04831630364060402
103,2.6543946266174316,0.5667065382003784,0.0,0.0,0.46607038378715515,-0.015714241191744804,-0.06293445825576782,-3.106126546859741,0.0488717146217823
104,2.666598081588745,0.5667065382003784,0.0,0.0,0.47810178995132446,-0.02982695773243904,-0.06030387431383133,-3.1079940795898438,0.04962931573390961
105,2.6976330280303955,0.5667065382003784,0.0,0.0,0.49179524183273315,-0.04049627110362053,-0.020466331392526627,-3.111570119857788,0.051427874714136124
106,2.712183952331543,0.5667065382003784,0.0,0.0,0.5089427828788757,-0.059635862708091736,0.037478312849998474,-3.113752841949463,0.05538108944892883
107,2.742987871170044,0.5667065382003784,0.0,0.0,0.5336050391197205,-0.07182420790195465,-0.0802493691444397,-3.111715793609619,0.056146711111068726
108,2.757704734802246,0.5667065382003784,0.0,0.0,0.5336907505989075,-0.07022499293088913,-0.0925346165895462,-3.1047019958496094,0.05762290209531784
109,2.793781280517578,0.5667065382003784,0.0,0.0,0.5235806107521057,-0.05258966237306595,-0.09830337762832642,-3.0989975929260254,0.06481534987688065
110,2.80915904045105,0.5667065382003784,0.0,0.0,0.5207247138023376,-0.01817375421524048,-0.008710331283509731,-3.099722146987915,0.06807877123355865
111,2.8448145389556885,0.5667065382003784,0.0,0.0,0.5287124514579773,0.007394971325993538,0.05214037746191025,-3.106309413909912,0.060064494609832764
112,2.8590993881225586,0.5667065382003784,0.0,0.0,0.5320561528205872,0.028051607310771942,0.14486311376094818,-3.113830327987671,0.048812445253133774
113,2.890780210494995,0.5667065382003784,0.0,0.0,0.5370610952377319,0.04273493215441704,0.21605151891708374,-3.1194283962249756,0.04062870144844055
114,2.903114080429077,0.5667065382003784,0.0,0.0,0.541566014289856,0.05799992009997368,0.23993930220603943,-3.1209635734558105,0.035230107605457306
115,2.935288429260254,0.5667065382003784,0.0,0.0,0.5490663051605225,0.07336302101612091,0.26077744364738464,-3.1199076175689697,0.03036513365805149
116,2.945911407470703,0.5667065382003784,0.0,0.0,0.548904538154602,0.08975247293710709,0.26579803228378296,-3.118748664855957,0.026742158457636833
117,2.974966049194336,0.5667065382003784,0.0,0.0,0.5477892160415649,0.10587440431118011,0.2318774312734604,-3.1189353466033936,0.028333062306046486
118,2.990170955657959,0.5667065382003784,0.0,0.0,0.5279625654220581,0.12493040412664413,0.16139237582683563,-3.123814105987549,0.03449690341949463
119,3.018001079559326,0.5667065382003784,0.0,0.0,0.5224901437759399,0.12089084833860397,0.19496379792690277,-3.126075029373169,0.0322040356695652
120,3.028801918029785,0.5667065382003784,0.0,0.0,0.49852535128593445,0.10435808449983597,0.19710829854011536,-3.124847412109375,0.03403753414750099
121,3.058359384536743,0.5667065382003784,0.0,0.0,0.4696013331413269,0.0782734826207161,0.039401181042194366,-3.119119882583618,0.038789212703704834
122,3.075164556503296,0.5667065382003784,0.0,0.0,0.44747471809387207,0.05856530740857124,-0.1058453768491745,-3.1130754947662354,0.04334551468491554
123,3.112338066101074,0.5667065382003784,0.0,0.0,0.43024808168411255,0.04410484433174133,-0.14326775074005127,-3.110907554626465,0.047773100435733795
124,3.1245696544647217,0.5667065382003784,0.0,0.0,0.41915014386177063,0.0327799990773201,-0.11198313534259796,-3.111978769302368,0.05311986804008484
125,3.157824754714966,0.5667065382003784,0.0,0.0,0.4156043231487274,0.021786056458950043,-0.05617191642522812,-3.1145710945129395,0.058095451444387436
126,3.170701503753662,0.5667065382003784,0.0,0.0,0.4136357307434082,0.009147107601165771,0.009599709883332253,-3.116745948791504,0.06114960089325905
127,3.200889825820923,0.5667065382003784,0.0,0.0,0.41179928183555603,-0.007631666027009487,0.014761081896722317,-3.117680549621582,0.06335913389921188
128,3.2190937995910645,0.5667065382003784,0.0,0.0,0.4145843982696533,-0.02509431727230549,0.021522680297493935,-3.117506265640259,0.06515931338071823
129,3.250833511352539,0.5667065382003784,0.0,0.0,0.42247462272644043,-0.04379241541028023,0.06960107386112213,-3.1164333820343018,0.06638892740011215
130,3.261587142944336,0.5667065382003784,0.0,0.0,0.4346723258495331,-0.05841090530157089,0.09737082570791245,-3.1141793727874756,0.06674648076295853
131,3.2906570434570312,0.5667065382003784,0.0,0.0,0.4448825418949127,-0.07458008825778961,0.1446724683046341,-3.1098875999450684,0.06757712364196777
132,3.316263437271118,0.5667065382003784,0.0,0.0,0.4577706456184387,-0.08498905599117279,0.03866159915924072,-3.1035425662994385,0.06770701706409454
133,3.357604503631592,0.5667065382003784,0.0,0.0,0.4662081301212311,-0.08995682001113892,-0.012936360202729702,-3.0964229106903076,0.06884186714887619
134,3.3722152709960938,0.5667065382003784,0.0,0.0,0.47230395674705505,-0.08951206505298615,-0.03039286658167839,-3.090240240097046,0.07222683727741241
135,3.4111578464508057,0.5667065382003784,0.0,0.0,0.4745153784751892,-0.07972816377878189,-0.07188856601715088,-3.085815906524658,0.07860799878835678
136,3.423280715942383,0.5667065382003784,0.0,0.0,0.47379469871520996,-0.05987703800201416,-0.07131469249725342,-3.0853147506713867,0.08556616306304932
137,3.4525389671325684,0.5667065382003784,0.0,0.0,0.4747070372104645,-0.028681915253400803,0.01776058040559292,-3.090023994445801,0.08596530556678772
138,3.4640860557556152,0.5667065382003784,0.0,0.0,0.48522093892097473,-0.004848042037338018,0.06003612279891968,-3.0973572731018066,0.07481749355792999
139,3.4925239086151123,0.5667065382003784,0.0,0.0,0.4956680238246918,0.016321929171681404,0.12687736749649048,-3.102250814437866,0.058269523084163666
140,3.5049211978912354,0.5667065382003784,0.0,0.0,0.501592218875885,0.0373547226190567,0.19122688472270966,-3.1055996417999268,0.04499691352248192
141,3.534722328186035,0.5667065382003784,0.0,0.0,0.5104052424430847,0.05771590396761894,0.2581633925437927,-3.1092681884765625,0.03577233850955963
142,3.5454883575439453,0.5667065382003784,0.0,0.0,0.5144728422164917,0.07093947380781174,0.2972258925437927,-3.1135411262512207,0.028007423505187035
143,3.5823333263397217,0.5667065382003784,0.0,0.0,0.5132746696472168,0.08544956147670746,0.24298492074012756,-3.117530345916748,0.024636056274175644
144,3.600301742553711,0.5667065382003784,0.0,0.0,0.4994780719280243,0.10426443815231323,0.12206868082284927,-3.122664451599121,0.02419896423816681
145,3.6299538612365723,0.5667065382003784,0.0,0.0,0.4967047870159149,0.09816582500934601,0.16190364956855774,-3.1233224868774414,0.01802726462483406
146,3.6414549350738525,0.5667065382003784,0.0,0.0,0.48120272159576416,0.0792568027973175,0.2238675057888031,-3.119346857070923,0.017912954092025757
147,3.6737966537475586,0.5667065382003784,0.0,0.0,0.46583497524261475,0.04772128537297249,0.09270091354846954,-3.111154794692993,0.022090226411819458
148,3.6860766410827637,0.5667065382003784,0.0,0.0,0.4575226902961731,0.02140801027417183,-0.08793458342552185,-3.103290319442749,0.02489444427192211
149,3.716245651245117,0.5667065382003784,0.0,0.0,0.45207783579826355,0.00038011965807527304,-0.08391115814447403,-3.1007354259490967,0.026026807725429535
150,3.7274508476257324,0.5667065382003784,0.0,0.0,0.45438259840011597,-0.01685081422328949,-0.017481569200754166,-3.1005895137786865,0.027251509949564934
151,3.757730007171631,0.5667065382003784,0.0,0.0,0.45896753668785095,-0.03407767415046692,-0.0029926304705441,-3.0999398231506348,0.02776315063238144
152,3.772677183151245,0.5667065382003784,0.0,0.0,0.46490272879600525,-0.05412448197603226,0.03943029046058655,-3.0978827476501465,0.028515923768281937
153,3.8006091117858887,0.5667065382003784,0.0,0.0,0.4751797020435333,-0.07312627136707306,0.0444662868976593,-3.0952508449554443,0.029688796028494835
154,3.814718246459961,0.5667065382003784,0.0,0.0,0.4899548590183258,-0.08637389540672302,0.030798811465501785,-3.092822551727295,0.031423985958099365
155,3.845940589904785,0.5667065382003784,0.0,0.0,0.487534761428833,-0.08728130161762238,-0.009771759621798992,-3.090860366821289,0.030958790332078934
156,3.8577916622161865,0.5667065382003784,0.0,0.0,0.47340553998947144,-0.06949926912784576,-0.013235144317150116,-3.0872042179107666,0.03876060992479324
157,3.8859381675720215,0.5667065382003784,0.0,0.0,0.4738493263721466,-0.03437500819563866,0.068387471139431,-3.0886905193328857,0.04716082289814949
158,3.8980603218078613,0.5667065382003784,0.0,0.0,0.4886420667171478,-0.004499179311096668,0.10909156501293182,-3.0947389602661133,0.04485970363020897
159,3.926642656326294,0.5667065382003784,0.0,0.0,0.5051080584526062,0.01830153912305832,0.08508971333503723,-3.100741147994995,0.0347554013133049
160,3.9382967948913574,0.5667065382003784,0.0,0.0,0.5114569067955017,0.0417419895529747,0.1039356142282486,-3.106555223464966,0.024127136915922165
161,3.9672975540161133,0.5667065382003784,0.0,0.0,0.5156567096710205,0.0628148689866066,0.15712501108646393,-3.1124486923217773,0.01717211678624153
162,3.978025197982788,0.5667065382003784,0.0,0.0,0.5191667675971985,0.08190182596445084,0.20110413432121277,-3.1180379390716553,0.01295624952763319
163,4.01010799407959,0.5667065382003784,0.0,0.0,0.518333375453949,0.09459737688302994,0.25969013571739197,-3.1255626678466797,0.011978661641478539
164,4.025727272033691,0.5667065382003784,0.0,0.0,0.47882750630378723,0.11354245245456696,-0.015589303337037563,-3.1356189250946045,0.01777634210884571
165,4.059386253356934,0.5667065382003784,0.0,0.0,0.48510056734085083,0.1034642904996872,0.0760030671954155,3.1402029991149902,0.020384926348924637
166,4.072359561920166,0.5667065382003784,0.0,0.0,0.47333791851997375,0.09212769567966461,0.1322711855173111,-3.140778064727783,0.02414369396865368
167,4.10098123550415,0.5667065382003784,0.0,0.0,0.4602842628955841,0.07380672544240952,0.1430179327726364,-3.133424758911133,0.028350330889225006
168,4.1148436069488525,0.5667065382003784,0.0,0.0,0.4472048580646515,0.05134575814008713,-0.003940314520150423,-3.124159812927246,0.030085090547800064
169,4.146167755126953,0.9855608940124512,0.0,0.0,0.43469223380088806,0.03360239043831825,-0.13922907412052155,-3.1174447536468506,0.028443433344364166
170,4.158088445663452,0.9855608940124512,0.0,0.0,0.4216890335083008,0.024196285754442215,-0.1122988685965538,-3.1155683994293213,0.02927670069038868
171,4.186748266220093,0.9855608940124512,0.0,0.0,0.41497108340263367,0.0160188190639019,-0.019048258662223816,-3.1164402961730957,0.03597516193985939
172,4.200327396392822,0.9855608940124512,0.0,0.0,0.4205951988697052,0.005560019984841347,0.0356777049601078,-3.1164138317108154,0.043473128229379654
173,4.232104301452637,0.9855608940124512,0.0,0.0,0.43470147252082825,0.008413474075496197,0.09402444958686829,-3.115084171295166,0.04345043748617172
174,4.243030548095703,0.9855608940124512,0.0,0.0,0.44821104407310486,0.016803253442049026,0.13157989084720612,-3.111902952194214,0.04344891011714935
175,4.271881341934204,0.9855608940124512,0.0,0.0,0.46489545702934265,0.03052939660847187,0.172410249710083,-3.1092283725738525,0.04714934155344963
176,4.2843217849731445,0.9855608940124512,0.0,0.0,0.4911896586418152,0.04439910501241684,0.161721333861351,-3.1098248958587646,0.0530439056456089
177,4.314683675765991,0.9855608940124512,0.0,0.0,0.5215672254562378,0.05580270662903786,0.15141990780830383,-3.1127474308013916,0.05731973424553871
178,4.32571816444397,0.9855608940124512,0.0,0.0,0.5551847219467163,0.06399822235107422,0.12304073572158813,-3.115018844604492,0.058909062296152115
179,4.355757236480713,0.9855608940124512,0.0,0.0,0.587502121925354,0.06827186048030853,0.12697523832321167,-3.1159749031066895,0.05837403982877731
180,4.368192911148071,0.9855608940124512,0.0,0.0,0.6201081275939941,0.06745310872793198,0.16771279275417328,-3.1157467365264893,0.05736279860138893
181,4.396922588348389,0.9855608940124512,0.0,0.0,0.6489249467849731,0.05144629627466202,0.1374753713607788,-3.114522933959961,0.055172890424728394
182,4.407410621643066,0.9855608940124512,0.0,0.0,0.6809597015380859,0.02739025093615055,-0.03857831656932831,-3.1115329265594482,0.04724055901169777
183,4.433772802352905,0.9855608940124512,0.0,0.0,0.7195584774017334,0.016254862770438194,-0.09598523378372192,-3.110776424407959,0.03314899653196335
184,4.444445848464966,0.9855608940124512,0.0,0.0,0.7631412744522095,0.014552198350429535,-0.04329707473516464,-3.115701198577881,0.020183706656098366
185,4.486285209655762,0.9855608940124512,0.0,0.0,0.8135558366775513,0.011839284561574459,-0.016805801540613174,-3.125962495803833,0.011099040508270264
186,4.500900030136108,0.9855608940124512,0.0,0.0,0.866515576839447,-0.0009351947228424251,-0.02673947811126709,-3.138655185699463,0.004583979491144419
187,4.533932209014893,0.9855608940124512,0.0,0.0,0.9210043549537659,-0.01371875312179327,-0.01955135352909565,3.1319193840026855,-0.00033278888440690935
188,4.544652462005615,0.9855608940124512,0.0,0.0,0.9698725938796997,-0.02703295648097992,-0.09492812305688858,3.1210718154907227,-0.003999768756330013
189,4.575451135635376,0.9855608940124512,0.0,0.0,1.0091131925582886,-0.026101641356945038,-0.3396575450897217,3.1137757301330566,-0.00949779897928238
190,4.591404676437378,0.9855608940124512,0.0,0.0,0.9826105833053589,0.013183383271098137,-0.020288951694965363,3.106170177459717,-0.019179491326212883
191,4.620233058929443,0.9855608940124512,0.0,0.0,0.9672244191169739,0.040417104959487915,0.24122650921344757,3.096916913986206,-0.02599439024925232
192,4.632055997848511,0.9855608940124512,0.0,0.0,0.9873644113540649,0.04929879307746887,0.2681565284729004,3.0899524688720703,-0.028145132586359978
193,4.66034460067749,0.9855608940124512,0.0,0.0,1.030115008354187,0.053986601531505585,0.23537103831768036,3.0864744186401367,-0.025071866810321808
194,4.672374248504639,0.9855608940124512,0.0,0.0,1.0725208520889282,0.05808142200112343,0.19883160293102264,3.087750196456909,-0.020473690703511238
195,4.700454473495483,0.9855608940124512,0.0,0.0,1.0972671508789062,0.06671412289142609,0.28963080048561096,3.0941901206970215,-0.017480632290244102
196,4.711172103881836,0.9855608940124512,0.0,0.0,1.1080267429351807,0.06952222436666489,0.4724946618080139,3.104107141494751,-0.015193534083664417
197,4.741065740585327,0.9855608940124512,0.0,0.0,1.097752332687378,0.07212257385253906,0.5508875846862793,3.1136841773986816,-0.007858612574636936
198,4.753222942352295,0.9855608940124512,0.0,0.0,1.0539072751998901,0.0765150785446167,0.3062604069709778,3.1153383255004883,0.0121449651196599
199,4.782446384429932,0.9855608940124512,0.0,0.0,1.007379174232483,0.045431721955537796,0.1870252937078476,3.1179096698760986,0.02087283693253994
200,4.79436731338501,0.9855608940124512,0.0,0.0,0.938860297203064,0.00043100398033857346,0.0010969799477607012,3.1291496753692627,0.023782264441251755
201,4.82311487197876,0.9855608940124512,0.0,0.0,0.8863088488578796,-0.03317311406135559,-0.09546016901731491,-3.1408302783966064,0.029725655913352966
202,4.8351075649261475,0.9855608940124512,0.0,0.0,0.8496448397636414,-0.05954594910144806,-0.08823947608470917,-3.130756139755249,0.0395967923104763
203,4.863013982772827,0.9855608940124512,0.0,0.0,0.828912079334259,-0.07804461568593979,-0.12030132114887238,-3.1225953102111816,0.05109648406505585
204,4.875497579574585,0.9855608940124512,0.0,0.0,0.8168776035308838,-0.09237958490848541,-0.1118728518486023,-3.116800546646118,0.06159450113773346
205,4.909703016281128,0.9855608940124512,0.0,0.0,0.8154561519622803,-0.1053573340177536,-0.0388379842042923,-3.113191604614258,0.0691908746957779
206,4.921860933303833,0.9855608940124512,0.0,0.0,0.8180384039878845,-0.12178955227136612,0.05257697403430939,-3.111215591430664,0.0736498013138771
207,4.950770139694214,0.6455734372138977,0.0,0.0,0.8465844392776489,-0.13179519772529602,-0.091556616127491,-3.112638235092163,0.06722553819417953
208,4.965417146682739,0.6455734372138977,0.0,0.0,0.8200939297676086,-0.12948618829250336,-0.1593988686800003,-3.116037130355835,0.05484787002205849
209,4.99630880355835,0.6455734372138977,0.0,0.0,0.7946214079856873,-0.0994584709405899,-0.030013181269168854,-3.117702007293701,0.05633476749062538
210,5.007792234420776,0.6455734372138977,0.0,0.0,0.7982907295227051,-0.06993768364191055,0.09981387108564377,-3.1213574409484863,0.05669163912534714
211,5.0357506275177,0.6455734372138977,0.0,0.0,0.8254895210266113,-0.05067956820130348,0.03946954011917114,-3.1229183673858643,0.04894541576504707
212,5.049490213394165,0.6455734372138977,0.0,0.0,0.8412697315216064,-0.03226815164089203,0.020548749715089798,-3.1222875118255615,0.03684835508465767
213,5.079792737960815,0.6455734372138977,0.0,0.0,0.8425752520561218,-0.012353520840406418,0.07654605805873871,-3.1205661296844482,0.02867690660059452
214,5.0928778648376465,0.6455734372138977,0.0,0.0,0.8403456211090088,0.0025553633458912373,0.20626401901245117,-3.1187262535095215,0.02611909992992878
215,5.124330759048462,0.6455734372138977,0.0,0.0,0.8313352465629578,0.009826578199863434,0.34209907054901123,-3.120506525039673,0.029965993016958237
216,5.1393749713897705,0.6455734372138977,0.0,0.0,0.8161417245864868,0.00696946494281292,0.39831534028053284,-3.13104510307312,0.044478703290224075
217,5.168689012527466,0.6455734372138977,0.0,0.0,0.7551762461662292,0.007159046828746796,0.29875946044921875,3.137495279312134,0.05884009599685669
218,5.182253122329712,0.6455734372138977,0.0,0.0,0.6979456543922424,-0.005991075653582811,0.12101101130247116,-3.141319513320923,0.05998176708817482
219,5.210174083709717,0.6455734372138977,0.0,0.0,0.6406425833702087,-0.008856146596372128,0.060330480337142944,-3.1306817531585693,0.06243285909295082
220,5.222201347351074,0.6455734372138977,0.0,0.0,0.5997678637504578,-0.004571560304611921,-0.010511866770684719,-3.126002311706543,0.07023686170578003
221,5.251971960067749,0.6455734372138977,0.0,0.0,0.5773717164993286,0.0033729374408721924,-0.0737316757440567,-3.129509449005127,0.078946053981781
222,5.262410640716553,0.6455734372138977,0.0,0.0,0.5573151707649231,0.005465157795697451,-0.05452440306544304,-3.1363894939422607,0.08481848984956741
223,5.29582667350769,0.6455734372138977,0.0,0.0,0.5404370427131653,0.0057042259722948074,0.00333262886852026,3.13999342918396,0.0881744846701622
224,5.311033725738525,0.6455734372138977,0.0,0.0,0.5283562541007996,0.00655002286657691,0.06897556781768799,3.134448289871216,0.08951081335544586
225,5.345977306365967,0.6455734372138977,0.0,0.0,0.5172699093818665,0.0015670987777411938,0.07708649337291718,3.1317787170410156,0.08951939642429352
226,5.3576109409332275,0.6455734372138977,0.0,0.0,0.5137069225311279,-0.0065729678608477116,0.057032737880945206,3.131288766860962,0.08825210481882095
227,5.389424085617065,0.6455734372138977,0.0,0.0,0.5104678273200989,-0.015235517174005508,-0.00182343868073076,3.130683183670044,0.0862526074051857
228,5.402031421661377,0.6455734372138977,0.0,0.0,0.5121281743049622,-0.017641831189393997,-0.0017801692010834813,3.129659652709961,0.08690617233514786
229,5.429196834564209,0.6455734372138977,0.0,0.0,0.5213830471038818,-0.01725078746676445,0.04142400994896889,3.126577615737915,0.09057292342185974
230,5.441029071807861,0.6455734372138977,0.0,0.0,0.5406140685081482,-0.01948380284011364,0.09138411283493042,3.1223044395446777,0.09512976557016373
231,5.4687066078186035,0.6455734372138977,0.0,0.0,0.5637357234954834,-0.02121627703309059,0.08508752286434174,3.11967396736145,0.09690415114164352
232,5.486636161804199,0.6455734372138977,0.0,0.0,0.5833083391189575,-0.02567388117313385,0.06016366183757782,3.1205663681030273,0.09626122564077377
233,5.519521713256836,0.6455734372138977,0.0,0.0,0.5991259813308716,-0.03007865883409977,0.06440947204828262,3.1250321865081787,0.0953499898314476
234,5.5303966999053955,0.6455734372138977,0.0,0.0,0.6107004880905151,-0.029893221333622932,0.06501199305057526,3.130570411682129,0.0950276330113411
235,5.556825399398804,0.6455734372138977,0.0,0.0,0.6143267154693604,-0.02771368809044361,-0.07232056558132172,3.1385626792907715,0.09683218598365784
236,5.567319393157959,0.6455734372138977,0.0,0.0,0.5923800468444824,-0.018335901200771332,-0.10714881867170334,-3.1370749473571777,0.09970869868993759
237,5.616492986679077,0.6455734372138977,0.0,0.0,0.5643932819366455,0.01169600524008274,0.08539267629384995,-3.1363701820373535,0.10272843390703201
238,5.627995252609253,0.6455734372138977,0.0,0.0,0.5464942455291748,0.03548222407698631,0.17422513663768768,3.1386427879333496,0.09898646175861359
239,5.656607151031494,0.6455734372138977,0.0,0.0,0.5364372730255127,0.05224098265171051,0.24290341138839722,3.128030300140381,0.09164673835039139
240,5.6689536571502686,0.6455734372138977,0.0,0.0,0.5257159471511841,0.059220846742391586,0.23708851635456085,3.1203413009643555,0.08523093909025192
241,5.698019504547119,0.6455734372138977,0.0,0.0,0.5141232013702393,0.06476181745529175,0.2108566164970398,3.1173853874206543,0.08185426890850067
242,5.7086241245269775,0.6455734372138977,0.0,0.0,0.5023326277732849,0.07550154626369476,0.18959540128707886,3.116882562637329,0.08028601109981537
243,5.739072799682617,0.6455734372138977,0.0,0.0,0.4889635741710663,0.08543432503938675,0.1359734833240509,3.116042375564575,0.0806012824177742
244,5.751044034957886,0.6455734372138977,0.0,0.0,0.44756844639778137,0.10569089651107788,0.1363336443901062,3.112656593322754,0.08269324898719788
245,5.77975606918335,0.6455734372138977,0.0,0.0,0.4669843912124634,0.08029937744140625,0.19728824496269226,3.114764451980591,0.07468380033969879
246,5.796302080154419,0.6455734372138977,0.0,0.0,0.4638771116733551,0.04537398740649223,0.14616593718528748,3.123173475265503,0.07342331111431122
247,5.825541973114014,0.6455734372138977,0.0,0.0,0.4667240083217621,0.005883799400180578,0.017685987055301666,3.134690284729004,0.07755979150533676
248,5.837662935256958,0.6455734372138977,0.0,0.0,0.4779824912548065,-0.023740684613585472,-0.11342138051986694,-3.136449098587036,0.07885222882032394
249,5.872351884841919,0.6455734372138977,0.0,0.0,0.4907321035861969,-0.04207238554954529,-0.11310535669326782,-3.1296346187591553,0.07536203414201736
250,5.885184049606323,0.6455734372138977,0.0,0.0,0.503507137298584,-0.06120164692401886,-0.029497642070055008,-3.127437114715576,0.07149210572242737
251,5.915062189102173,0.6455734372138977,0.0,0.0,0.5167480707168579,-0.08471450209617615,0.008871291764080524,-3.1255550384521484,0.06906035542488098
252,5.928216218948364,0.6455734372138977,0.0,0.0,0.5387859344482422,-0.11074122786521912,0.017273832112550735,-3.1215567588806152,0.0673878863453865
253,5.959985256195068,0.6455734372138977,0.0,0.0,0.5482582449913025,-0.12094566971063614,0.030724933370947838,-3.1159064769744873,0.06206723675131798
254,5.971721172332764,0.6455734372138977,0.0,0.0,0.540674090385437,-0.11683616042137146,0.009047204628586769,-3.1090643405914307,0.06375937908887863
255,5.999764919281006,0.6455734372138977,0.0,0.0,0.5423086285591125,-0.09989567846059799,-0.052741941064596176,-3.103748321533203,0.06912919133901596
256,6.011419773101807,0.6455734372138977,0.0,0.0,0.545558750629425,-0.060757823288440704,0.17254388332366943,-3.105710506439209,0.06737662851810455
257,6.048414707183838,0.6455734372138977,0.0,0.0,0.5623030066490173,-0.04059206321835518,0.20947472751140594,-3.113264799118042,0.05736028403043747
258,6.061954021453857,0.6455734372138977,0.0,0.0,0.5817813873291016,-0.028483541682362556,0.17433704435825348,-3.118342638015747,0.04381849244236946
259,6.090943813323975,0.6455734372138977,0.0,0.0,0.5985158085823059,-0.012916767969727516,0.16304558515548706,-3.1206557750701904,0.03182132542133331
260,6.103979110717773,0.6455734372138977,0.0,0.0,0.6138637661933899,0.004367887508124113,0.22649972140789032,-3.121904134750366,0.022719260305166245
261,6.131533861160278,0.6455734372138977,0.0,0.0,0.6298260688781738,0.01873782090842724,0.27876830101013184,-3.12076997756958,0.016865793615579605
262,6.142775774002075,0.6455734372138977,0.0,0.0,0.646047055721283,0.03037898615002632,0.2918742001056671,-3.1168503761291504,0.012979807332158089
263,6.172803640365601,0.6455734372138977,0.0,0.0,0.6608856320381165,0.040023695677518845,0.27775412797927856,-3.11140513420105,0.011128364130854607
264,6.185072422027588,0.6455734372138977,0.0,0.0,0.6741200685501099,0.047138165682554245,0.2549821138381958,-3.1085290908813477,0.01405870821326971
265,6.21517014503479,0.6455734372138977,0.0,0.0,0.6608670353889465,0.05686689913272858,0.19531995058059692,-3.1155149936676025,0.022449593991041183
266,6.2293243408203125,0.6455734372138977,0.0,0.0,0.6544297337532043,0.05156052112579346,0.22137244045734406,-3.1204335689544678,0.021055307239294052
267,6.262179374694824,0.6455734372138977,0.0,0.0,0.6181479692459106,0.03318147361278534,0.07002684473991394,-3.118105888366699,0.020724186673760414
268,6.276256561279297,0.6455734372138977,0.0,0.0,0.5884653925895691,0.02238941192626953,-0.04260297492146492,-3.1114020347595215,0.021712349727749825
269,6.305550575256348,0.6455734372138977,0.0,0.0,0.5654641389846802,0.016159769147634506,-0.06648600846529007,-3.10646915435791,0.0254716444760561
270,6.3212058544158936,0.6455734372138977,0.0,0.0,0.5498307943344116,0.011465688236057758,-0.07103703171014786,-3.1045310497283936,0.03213769942522049
271,6.350377321243286,0.6455734372138977,0.0,0.0,0.540876567363739,0.005329031031578779,-0.04479915648698807,-3.1049644947052,0.040209513157606125
272,6.362240552902222,0.6455734372138977,0.0,0.0,0.5429580211639404,-0.00011406226258259267,0.03819269686937332,-3.107235908508301,0.04731938615441322
273,6.391661167144775,0.6455734372138977,0.0,0.0,0.5491834878921509,-0.004982136655598879,0.06007222831249237,-3.1115171909332275,0.05102033540606499
274,6.403913974761963,0.6455734372138977,0.0,0.0,0.5555107593536377,-0.014921169728040695,0.0688062459230423,-3.1164145469665527,0.052832186222076416
275,6.432014465332031,0.6455734372138977,0.0,0.0,0.5663244724273682,-0.02572028897702694,0.0590115524828434,-3.120425224304199,0.054039232432842255
276,6.443418502807617,0.6455734372138977,0.0,0.0,0.5768231749534607,-0.03730618953704834,0.06684206426143646,-3.1223485469818115,0.05674940347671509
277,6.474712133407593,0.6455734372138977,0.0,0.0,0.5950598120689392,-0.050009217113256454,0.12385847419500351,-3.121513843536377,0.06298498064279556
278,6.487283229827881,0.6455734372138977,0.0,0.0,0.6276021599769592,-0.05464192479848862,0.004424311686307192,-3.1173365116119385,0.06856505572795868
279,6.5163047313690186,0.6455734372138977,0.0,0.0,0.6294094324111938,-0.05456855148077011,-0.0752834603190422,-3.112656831741333,0.06988800317049026
280,6.53351092338562,0.6455734372138977,0.0,0.0,0.6147351264953613,-0.04826083034276962,-0.1496727615594864,-3.1052277088165283,0.07801040261983871
281,6.562275648117065,0.6455734372138977,0.0,0.0,0.595000684261322,-0.01954115368425846,-0.026387671008706093,-3.101306676864624,0.08679794520139694
282,6.574542284011841,0.6455734372138977,0.0,0.0,0.5821213722229004,0.0109080970287323,0.10961680859327316,-3.1074984073638916,0.08819577842950821
283,6.606424331665039,0.6455734372138977,0.0,0.0,0.5757752060890198,0.028695136308670044,0.14639370143413544,-3.117655038833618,0.08319034427404404
284,6.619951248168945,0.6455734372138977,0.0,0.0,0.5747870802879333,0.037638477981090546,0.1328878551721573,-3.124526262283325,0.07714192569255829
285,6.647812366485596,0.6455734372138977,0.0,0.0,0.5654969215393066,0.0470823273062706,0.09530581533908844,-3.1267528533935547,0.07170899212360382
286,6.658054351806641,0.6455734372138977,0.0,0.0,0.5533062815666199,0.0609997883439064,0.06880256533622742,-3.12715482711792,0.06858518719673157
287,6.684295177459717,0.6455734372138977,0.0,0.0,0.5444921255111694,0.08187653124332428,0.079670749604702,-3.1293115615844727,0.06781399995088577
288,6.694335699081421,0.6455734372138977,0.0,0.0,0.5215968489646912,0.10570129007101059,0.09683819115161896,-3.1354165077209473,0.0663444921374321
289,6.734241724014282,0.6455734372138977,0.0,0.0,0.5180225372314453,0.09436097741127014,0.17445231974124908,-3.138263702392578,0.05808638036251068
290,6.745001316070557,0.6455734372138977,0.0,0.0,0.5045017004013062,0.06110323593020439,0.17762155830860138,-3.133435010910034,0.05579134821891785
291,6.776968002319336,0.6455734372138977,0.0,0.0,0.49565568566322327,0.018809476867318153,0.0028945286758244038,-3.1225523948669434,0.06008458137512207
292,6.794031143188477,0.6455734372138977,0.0,0.0,0.49398329854011536,-0.01887134462594986,-0.13743776082992554,-3.1116673946380615,0.06443314999341965
293,6.824413061141968,0.6455734372138977,0.0,0.0,0.5038026571273804,-0.04019545391201973,-0.12032845616340637,-3.1055960655212402,0.06620260328054428
294,6.83642578125,0.6455734372138977,0.0,0.0,0.5141142010688782,-0.0534176342189312,-0.03258664906024933,-3.104081392288208,0.06559870392084122
295,6.86614727973938,0.6455734372138977,0.0,0.0,0.5211235880851746,-0.06641877442598343,0.04719791188836098,-3.1048192977905273,0.06552179902791977
296,6.877366542816162,0.6455734372138977,0.0,0.0,0.5316013097763062,-0.09669795632362366,0.09628268331289291,-3.103799343109131,0.06684555113315582
297,6.908441781997681,0.6455734372138977,0.0,0.0,0.5424259901046753,-0.11059165745973587,-0.012144220061600208,-3.098195791244507,0.06471150368452072
298,6.920938730239868,0.6455734372138977,0.0,0.0,0.5419241786003113,-0.114839106798172,-0.09536971151828766,-3.0897018909454346,0.06638333946466446
299,6.952013969421387,0.6455734372138977,0.0,0.0,0.538987934589386,-0.09481172263622284,-0.08342599123716354,-3.0826029777526855,0.07277978211641312
300,6.962807655334473,0.6455734372138977,0.0,0.0,0.5472033619880676,-0.05890297889709473,0.06580978631973267,-3.084136962890625,0.07419249415397644
301,6.994951248168945,0.6455734372138977,0.0,0.0,0.5624834895133972,-0.037800174206495285,0.13909375667572021,-3.0903711318969727,0.06412319839000702
302,7.009314775466919,0.6455734372138977,0.0,0.0,0.5803898572921753,-0.02617698535323143,0.1320231705904007,-3.093689203262329,0.04966641962528229
303,7.041247129440308,0.6455734372138977,0.0,0.0,0.5944939255714417,-0.01301694754511118,0.1431972235441208,-3.0936083793640137,0.03706275299191475
304,7.05354905128479,0.6455734372138977,0.0,0.0,0.6088640093803406,0.0016776623670011759,0.18746992945671082,-3.0926265716552734,0.028711967170238495
305,7.081823110580444,0.6455734372138977,0.0,0.0,0.6229981780052185,0.012736935168504715,0.24889196455478668,-3.091688632965088,0.022195523604750633
306,7.092472314834595,0.6455734372138977,0.0,0.0,0.6323326826095581,0.0187553521245718,0.25986573100090027,-3.0888545513153076,0.016345879063010216
307,7.122210741043091,0.6455734372138977,0.0,0.0,0.6437560319900513,0.02879531867802143,0.25126102566719055,-3.0845465660095215,0.013856223784387112
308,7.134025812149048,0.6455734372138977,0.0,0.0,0.6552351713180542,0.03572223335504532,0.2546755075454712,-3.0851399898529053,0.017313310876488686
309,7.163285732269287,0.6455734372138977,0.0,0.0,0.6502262949943542,0.043548669666051865,0.2486049383878708,-3.092369794845581,0.01855684071779251
310,7.184527397155762,0.6455734372138977,0.0,0.0,0.6343832612037659,0.03362670913338661,0.22666005790233612,-3.0950844287872314,0.01403407659381628
311,7.216417074203491,0.6455734372138977,0.0,0.0,0.5929297804832458,0.008851997554302216,0.045378077775239944,-3.0930986404418945,0.013817249797284603
312,7.230520725250244,0.6455734372138977,0.0,0.0,0.5625874400138855,-0.006219091825187206,-0.08672711998224258,-3.0871739387512207,0.01723768562078476
313,7.26052713394165,0.6455734372138977,0.0,0.0,0.5383330583572388,-0.018835105001926422,-0.1265007108449936,-3.083603620529175,0.023776555433869362
314,7.272921085357666,0.6455734372138977,0.0,0.0,0.5252299904823303,-0.0284029021859169,-0.11825007945299149,-3.082162857055664,0.03285471722483635
315,7.304853439331055,0.6455734372138977,0.0,0.0,0.5202250480651855,-0.03831992298364639,-0.07133238762617111,-3.0827271938323975,0.042037468403577805
316,7.31899881362915,0.6455734372138977,0.0,0.0,0.5199622511863708,-0.04954630881547928,0.008171172812581062,-3.0853564739227295,0.04972502961754799
317,7.3531622886657715,0.6455734372138977,0.0,0.0,0.5236255526542664,-0.058864567428827286,0.052009839564561844,-3.088944435119629,0.05567165091633797
318,7.366016149520874,0.6455734372138977,0.0,0.0,0.5340350270271301,-0.07504133880138397,0.062240760773420334,-3.0909311771392822,0.05997725948691368
319,7.394288063049316,0.6455734372138977,0.0,0.0,0.546556293964386,-0.08179588615894318,-0.012306041084229946,-3.09074330329895,0.05760426074266434
320,7.409409999847412,0.6455734372138977,0.0,0.0,0.5458799600601196,-0.08482469618320465,-0.03401893004775047,-3.086721897125244,0.056727875024080276
321,7.437768936157227,0.6455734372138977,0.0,0.0,0.546643078327179,-0.08048081398010254,-0.07652094215154648,-3.0799736976623535,0.0626283586025238
322,7.4504969120025635,0.6455734372138977,0.0,0.0,0.553248405456543,-0.06301525980234146,-0.09719695895910263,-3.0743086338043213,0.07217077910900116
323,7.478374481201172,0.6455734372138977,0.0,0.0,0.558767557144165,-0.031960997730493546,-0.03795380890369415,-3.075187921524048,0.07939186692237854
324,7.49018120765686,0.6455734372138977,0.0,0.0,0.5706292986869812,-0.0009475549450144172,0.05245369300246239,-3.0833899974823,0.0783877894282341
325,7.520742416381836,0.6455734372138977,0.0,0.0,0.5854934453964233,0.022462772205471992,0.13072346150875092,-3.0929415225982666,0.0675511434674263
326,7.53240966796875,0.6455734372138977,0.0,0.0,0.6030057668685913,0.03583222255110741,0.15134255588054657,-3.098334550857544,0.05424793064594269
327,7.5621819496154785,0.6455734372138977,0.0,0.0,0.6120716333389282,0.04768217355012894,0.1748487502336502,-3.098874092102051,0.043088022619485855
328,7.574118137359619,0.6455734372138977,0.0,0.0,0.6190032362937927,0.06332428008317947,0.20386476814746857,-3.0977234840393066,0.03513011708855629
329,7.601973533630371,0.6455734372138977,0.0,0.0,0.623062252998352,0.07833987474441528,0.18429851531982422,-3.098386287689209,0.03119763173162937
330,7.616048812866211,0.6455734372138977,0.0,0.0,0.6085181832313538,0.10150163620710373,0.036570921540260315,-3.104309558868408,0.031099833548069
331,7.647763252258301,0.6455734372138977,0.0,0.0,0.6229054927825928,0.10195743292570114,0.2087099850177765,-3.105729579925537,0.020024145022034645
332,7.661751747131348,0.6455734372138977,0.0,0.0,0.5982971787452698,0.07816573232412338,0.24554869532585144,-3.102163553237915,0.016341207548975945
333,7.693289756774902,0.6455734372138977,0.0,0.0,0.5753183364868164,0.044743530452251434,-0.0133430864661932,-3.095552682876587,0.019386950880289078
334,7.705700159072876,0.6455734372138977,0.0,0.0,0.5642522573471069,0.022705404087901115,-0.11056102067232132,-3.090949535369873,0.023543894290924072
335,7.73929238319397,0.6455734372138977,0.0,0.0,0.5646894574165344,0.008208340033888817,-0.1021333783864975,-3.089463949203491,0.029291542246937752
336,7.7542970180511475,0.6455734372138977,0.0,0.0,0.5725547075271606,-0.00027915785904042423,-0.09024067223072052,-3.0904576778411865,0.03473686799407005
337,7.782613277435303,0.6455734372138977,0.0,0.0,0.5841785669326782,-0.011000210419297218,0.014288553968071938,-3.094388961791992,0.039440371096134186
338,7.796459913253784,0.6455734372138977,0.0,0.0,0.5999084711074829,-0.025859570130705833,0.0729682445526123,-3.0988714694976807,0.04300692677497864
339,7.8232340812683105,0.6455734372138977,0.0,0.0,0.6166845560073853,-0.04556603357195854,0.08907995373010635,-3.100851535797119,0.04542648419737816
340,7.8336968421936035,0.6455734372138977,0.0,0.0,0.6406930088996887,-0.0629970133304596,-0.0365641824901104,-3.0990285873413086,0.046100273728370667
341,7.865044593811035,0.6455734372138977,0.0,0.0,0.6423650979995728,-0.06634846329689026,-0.16233958303928375,-3.0961782932281494,0.04333915188908577
342,7.87626314163208,0.6455734372138977,0.0,0.0,0.6233449578285217,-0.056691043078899384,-0.16966448724269867,-3.092256784439087,0.04710979759693146
343,7.91721510887146,0.6455734372138977,0.0,0.0,0.6075934767723083,-0.021895933896303177,0.04700249433517456,-3.092714786529541,0.053040653467178345
344,7.927809238433838,0.6455734372138977,0.0,0.0,0.6084812879562378,0.004345143213868141,0.13621634244918823,-3.099797010421753,0.05172525718808174
345,7.962156295776367,0.6455734372138977,0.0,0.0,0.6203111410140991,0.01942976377904415,0.11977940797805786,-3.1069493293762207,0.045032352209091187
346,7.984256744384766,0.6455734372138977,0.0,0.0,0.6204596757888794,0.033856697380542755,0.1402202844619751,-3.112116813659668,0.037994664162397385
347,8.043946981430054,0.6455734372138977,0.0,0.0,0.6149584650993347,0.049078091979026794,0.18258632719516754,-3.116081714630127,0.034736666828393936
348,8.057391881942749,0.6455734372138977,0.0,0.0,0.6137037873268127,0.0646783709526062,0.15075139701366425,-3.1191279888153076,0.03440697118639946
349,8.094398021697998,0.6455734372138977,0.0,0.0,0.6149299740791321,0.0832943543791771,0.09758470952510834,-3.1214725971221924,0.03462734818458557
350,8.106677055358887,0.6455734372138977,0.0,0.0,0.6245311498641968,0.10754843056201935,0.09685076028108597,-3.1233339309692383,0.03496115654706955
351,8.13602328300476,0.6455734372138977,0.0,0.0,0.628859281539917,0.12384070456027985,0.1573340892791748,-3.125999927520752,0.03613521158695221
352,8.153143644332886,0.6455734372138977,0.0,0.0,0.6046414375305176,0.1334570050239563,0.02184295281767845,-3.132659912109375,0.04245365038514137
353,8.18058156967163,0.6455734372138977,0.0,0.0,0.5901737809181213,0.12977443635463715,0.09613274782896042,-3.138334274291992,0.04648655280470848
354,8.192142724990845,0.6455734372138977,0.0,0.0,0.5709143877029419,0.11804365366697311,0.23845714330673218,-3.136403799057007,0.052944302558898926
355,8.221335887908936,0.6455734372138977,0.0,0.0,0.5491078495979309,0.09565418213605881,0.17388668656349182,-3.128408432006836,0.060278646647930145
356,8.23304796218872,0.6455734372138977,0.0,0.0,0.5268983840942383,0.07274322211742401,0.00829656608402729,-3.118821144104004,0.06430192291736603
357,8.2645423412323,0.6455734372138977,0.0,0.0,0.5104371905326843,0.05935070291161537,-0.10188229382038116,-3.1136388778686523,0.06375343352556229
358,8.277596473693848,0.6455734372138977,0.0,0.0,0.4932979643344879,0.04733535274863243,-0.1137022152543068,-3.1140542030334473,0.06284212321043015
359,8.307518720626831,0.6455734372138977,0.0,0.0,0.4820413887500763,0.03457950800657272,-0.05979878827929497,-3.116217613220215,0.06407395750284195
360,8.322919368743896,0.6455734372138977,0.0,0.0,0.47777798771858215,0.021523628383874893,-0.04593871533870697,-3.117351770401001,0.06534300744533539
361,8.35096001625061,0.6455734372138977,0.0,0.0,0.47515538334846497,0.00744344387203455,-0.03966602683067322,-3.1176886558532715,0.06526128947734833
362,8.364484786987305,0.6455734372138977,0.0,0.0,0.47359779477119446,-0.009209033101797104,-0.011001307517290115,-3.1180243492126465,0.06559579819440842
363,8.39188027381897,0.6455734372138977,0.0,0.0,0.47943127155303955,-0.025200894102454185,0.035173870623111725,-3.118192195892334,0.06714329868555069
364,8.403830528259277,0.6455734372138977,0.0,0.0,0.4901381731033325,-0.04306066781282425,0.03188355267047882,-3.117753028869629,0.06881757825613022
365,8.431739568710327,0.6455734372138977,0.0,0.0,0.504324734210968,-0.05978098511695862,0.039026033133268356,-3.117541790008545,0.07081370055675507
366,8.442999601364136,0.6455734372138977,0.0,0.0,0.5243147015571594,-0.07969842851161957,0.026296375319361687,-3.116907835006714,0.07276401668787003
367,8.474074363708496,0.6455734372138977,0.0,0.0,0.5488976240158081,-0.0907597690820694,0.01534554734826088,-3.115001916885376,0.07368996739387512
368,8.48555040359497,0.6455734372138977,0.0,0.0,0.5655856132507324,-0.09764125198125839,-0.08099605143070221,-3.1143200397491455,0.07207811623811722
369,8.512871503829956,0.6455734372138977,0.0,0.0,0.5646834969520569,-0.09651587903499603,-0.044031549245119095,-3.1112594604492188,0.07432161271572113
370,8.524778604507446,0.6455734372138977,0.0,0.0,0.5580270886421204,-0.08372825384140015,0.011733857914805412,-3.106923818588257,0.08233723044395447
371,8.55448579788208,0.6455734372138977,0.0,0.0,0.5494627356529236,-0.05510423332452774,0.07455625385046005,-3.1064751148223877,0.08770499378442764
372,8.567222118377686,0.6455734372138977,0.0,0.0,0.550319254398346,-0.026100117713212967,0.1295609325170517,-3.112086772918701,0.08294463902711868
373,8.595669031143188,0.6455734372138977,0.0,0.0,0.555186927318573,-0.002957969903945923,0.14241467416286469,-3.119807481765747,0.07080739736557007
374,8.60744333267212,0.6455734372138977,0.0,0.0,0.5594832897186279,0.017952097579836845,0.16048620641231537,-3.126711368560791,0.05814242362976074
375,8.635506629943848,0.6455734372138977,0.0,0.0,0.5630271434783936,0.04002014547586441,0.23153287172317505,-3.1323957443237305,0.047910917550325394
376,8.646174907684326,0.6455734372138977,0.0,0.0,0.5668328404426575,0.0624052993953228,0.2778187692165375,-3.1369123458862305,0.039619822055101395
377,8.678272485733032,0.6455734372138977,0.0,0.0,0.5736536383628845,0.08470071107149124,0.2463417500257492,-3.1392581462860107,0.03129420429468155
378,8.690041780471802,0.6455734372138977,0.0,0.0,0.5813829898834229,0.1086999922990799,0.23756586015224457,-3.140728712081909,0.023747270926833153
379,8.721406936645508,0.6455734372138977,0.0,0.0,0.584255039691925,0.12928509712219238,0.2720688283443451,3.138789415359497,0.021069342270493507
380,8.733340978622437,0.6455734372138977,0.0,0.0,0.570988118648529,0.14377854764461517,0.2149154096841812,3.132481336593628,0.021756652742624283
381,8.761913061141968,0.6455734372138977,0.0,0.0,0.5551159381866455,0.13064320385456085,0.23682858049869537,3.132890462875366,0.019102364778518677
382,8.773950576782227,0.6455734372138977,0.0,0.0,0.5316630601882935,0.1024150401353836,0.17283645272254944,3.1394858360290527,0.024066893383860588
383,8.802021265029907,0.6455734372138977,0.0,0.0,0.5168806910514832,0.07169089466333389,-0.017542079091072083,-3.133626937866211,0.0316268689930439
384,8.817423820495605,0.6455734372138977,0.0,0.0,0.5103720426559448,0.049193210899829865,-0.0887056514620781,-3.1262450218200684,0.03558298572897911
385,8.845446586608887,0.6455734372138977,0.0,0.0,0.5135665535926819,0.03611449524760246,-0.07817377895116806,-3.123206853866577,0.037113532423973083
386,8.858710050582886,0.6455734372138977,0.0,0.0,0.5180012583732605,0.02425040304660797,-0.06863632053136826,-3.1231799125671387,0.03687339648604393
387,8.893754243850708,0.6455734372138977,0.0,0.0,0.5245262980461121,0.010940909385681152,-0.031695831567049026,-3.124882221221924,0.036068737506866455
388,8.904547929763794,0.6455734372138977,0.0,0.0,0.5331529378890991,-0.004586504306644201,-0.013090964406728745,-3.1269617080688477,0.03527139872312546
389,8.980204105377197,0.6455734372138977,0.0,0.0,0.5448322296142578,-0.021537773311138153,0.001371431048028171,-3.128718852996826,0.035320669412612915
390,8.991814613342285,0.6455734372138977,0.0,0.0,0.562821626663208,-0.038344964385032654,0.010955795645713806,-3.1304192543029785,0.03560614958405495
391,9.021718978881836,0.6455734372138977,0.0,0.0,0.5863213539123535,-0.05224119499325752,0.053567204624414444,-3.130167007446289,0.03582845628261566
392,9.033754587173462,0.6455734372138977,0.0,0.0,0.6087794303894043,-0.07017768174409866,0.05655106157064438,-3.1260902881622314,0.03634001687169075
393,9.062422037124634,0.6455734372138977,0.0,0.0,0.6320074200630188,-0.07836088538169861,-0.09440993517637253,-3.119313955307007,0.03490127995610237
394,9.077582836151123,0.6455734372138977,0.0,0.0,0.6177117228507996,-0.07287365198135376,-0.1135697290301323,-3.1133337020874023,0.03268061950802803
395,9.108386039733887,0.6455734372138977,0.0,0.0,0.596425473690033,-0.04476398229598999,0.06460946053266525,-3.1113407611846924,0.03757850080728531
396,9.12053894996643,0.6455734372138977,0.0,0.0,0.5916978716850281,-0.01954353228211403,0.1737266182899475,-3.115962266921997,0.039119284600019455
397,9.149850606918335,0.6455734372138977,0.0,0.0,0.5981775522232056,-0.0014241429744288325,0.21890920400619507,-3.122074842453003,0.0344044528901577
398,9.162006378173828,0.6455734372138977,0.0,0.0,0.6105626821517944,0.009622964076697826,0.18988972902297974,-3.126519203186035,0.027785880491137505
399,9.193363904953003,0.6455734372138977,0.0,0.0,0.6190618872642517,0.02248404547572136,0.18117672204971313,-3.1287143230438232,0.02152535691857338
400,9.205370903015137,0.6455734372138977,0.0,0.0,0.6224335432052612,0.038172055035829544,0.22325226664543152,-3.1297593116760254,0.017027907073497772
401,9.233133554458618,0.6455734372138977,0.0,0.0,0.625575840473175,0.0538724921643734,0.2362481951713562,-3.1300320625305176,0.014371919445693493
402,9.246267080307007,0.6455734372138977,0.0,0.0,0.6267366409301758,0.06600810587406158,0.2323783040046692,-3.1306684017181396,0.01383606344461441
403,9.274567604064941,0.6455734372138977,0.0,0.0,0.6234057545661926,0.07279536128044128,0.22882725298404694,-3.1369409561157227,0.02034260891377926
404,9.290498733520508,0.6455734372138977,0.0,0.0,0.6057706475257874,0.07969480007886887,0.006130678113549948,3.1341142654418945,0.03091052547097206
405,9.32242465019226,0.6455734372138977,0.0,0.0,0.5901121497154236,0.07218170166015625,0.20717670023441315,3.1304266452789307,0.03392765671014786
406,9.334103345870972,0.6455734372138977,0.0,0.0,0.565339982509613,0.04831824079155922,0.26490288972854614,3.1369543075561523,0.0395205020904541
407,9.364948987960815,0.6455734372138977,0.0,0.0,0.541704535484314,0.020703183487057686,0.05923710763454437,-3.1342153549194336,0.045498088002204895
408,9.376615285873413,0.6455734372138977,0.0,0.0,0.5225034952163696,0.00012861241702921689,-0.09088713675737381,-3.123241424560547,0.04781520366668701
409,9.407535791397095,0.6455734372138977,0.0,0.0,0.5046833753585815,-0.017244547605514526,-0.1010630875825882,-3.116659164428711,0.04941359907388687
410,9.419805765151978,0.6455734372138977,0.0,0.0,0.4931762218475342,-0.033377937972545624,-0.07655936479568481,-3.1127707958221436,0.05276981368660927
411,9.450842142105103,0.6455734372138977,0.0,0.0,0.4889086186885834,-0.04692930728197098,-0.05075895041227341,-3.110229730606079,0.05627535283565521
412,9.461464643478394,0.6455734372138977,0.0,0.0,0.48555657267570496,-0.06242766231298447,0.005857720039784908,-3.10760235786438,0.05985203757882118
413,9.500334978103638,0.6455734372138977,0.0,0.0,0.5038727521896362,-0.07261231541633606,-0.011300436221063137,-3.105299472808838,0.05975230410695076
414,9.517573833465576,0.6455734372138977,0.0,0.0,0.4953821003437042,-0.06852693855762482,0.014835136942565441,-3.104917526245117,0.05471445247530937
415,9.549171686172485,0.6455734372138977,0.0,0.0,0.48467037081718445,-0.0577881745994091,0.0658300369977951,-3.102703809738159,0.06181568652391434
416,9.561712265014648,0.6455734372138977,0.0,0.0,0.49149835109710693,-0.032010871917009354,0.07267125695943832,-3.0997891426086426,0.0734737291932106
417,9.59319019317627,0.6455734372138977,0.0,0.0,0.5110791325569153,-0.00198270077817142,0.058428119868040085,-3.1019556522369385,0.07523368299007416
418,9.608441829681396,0.6455734372138977,0.0,0.0,0.5299990773200989,0.0233930591493845,0.08021656423807144,-3.1067955493927,0.06281209737062454
419,9.637502431869507,0.6455734372138977,0.0,0.0,0.5440414547920227,0.04329052194952965,0.15921950340270996,-3.1113181114196777,0.045034926384687424
420,9.649763107299805,0.6455734372138977,0.0,0.0,0.5527589321136475,0.05631021782755852,0.28526005148887634,-3.1141750812530518,0.03078477270901203
421,9.683180093765259,0.6455734372138977,0.0,0.0,0.5576879978179932,0.06494740396738052,0.34728556871414185,-3.1149096488952637,0.022323308512568474
422,9.694433212280273,0.6455734372138977,0.0,0.0,0.5563043355941772,0.07597680389881134,0.2806921601295471,-3.113328456878662,0.018137995153665543
423,9.723281621932983,0.6455734372138977,0.0,0.0,0.5610530972480774,0.07855302840471268,0.2846175730228424,-3.11327862739563,0.008716600947082043
424,9.735217809677124,0.6455734372138977,0.0,0.0,0.5585323572158813,0.06370218843221664,0.26422736048698425,-3.109640598297119,-0.0028182596433907747
425,9.762912511825562,0.6455734372138977,0.0,0.0,0.5404595136642456,0.030669379979372025,0.049522481858730316,-3.1043295860290527,-0.005949740298092365
426,9.77794098854065,0.6455734372138977,0.0,0.0,0.5266045928001404,-0.003383723320439458,-0.10963581502437592,-3.097543239593506,-0.0013418274465948343
427,9.806891441345215,0.6455734372138977,0.0,0.0,0.5304591059684753,-0.024798013269901276,-0.17165440320968628,-3.092517852783203,0.007986736483871937
428,9.818937301635742,0.6455734372138977,0.0,0.0,0.5476217269897461,-0.03198681026697159,-0.14049792289733887,-3.0916638374328613,0.0170915387570858
429,9.852648973464966,0.5993486642837524,0.0,0.0,0.5631826519966125,-0.03985169529914856,-0.030762894079089165,-3.0953922271728516,0.02468058466911316
430,9.866669654846191,0.5993486642837524,0.0,0.0,0.5865879058837891,-0.053392115980386734,0.0791153758764267,-3.1004488468170166,0.0327109731733799
431,9.895077466964722,0.5993486642837524,0.0,0.0,0.6057711243629456,-0.06457307189702988,-0.054391395300626755,-3.1031014919281006,0.03250398486852646
432,9.907034635543823,0.5993486642837524,0.0,0.0,0.5949625372886658,-0.06594551354646683,-0.16620509326457977,-3.096614122390747,0.032942719757556915
433,9.934263229370117,0.5993486642837524,0.0,0.0,0.5823273062705994,-0.03587694093585014,0.011718248017132282,-3.0897865295410156,0.03697679936885834
434,9.946301937103271,0.5993486642837524,0.0,0.0,0.5879501700401306,-0.011915589682757854,0.07413048297166824,-3.0909130573272705,0.03603111580014229
435,9.975446701049805,0.5993486642837524,0.0,0.0,0.598914623260498,0.005296674557030201,0.07042182981967926,-3.0950443744659424,0.02871641516685486
436,9.989859819412231,0.5993486642837524,0.0,0.0,0.6070090532302856,0.02058594860136509,0.07789763808250427,-3.099123001098633,0.01921040751039982
437,10.022679805755615,0.5993486642837524,0.0,0.0,0.6101564764976501,0.03584323078393936,0.15401054918766022,-3.1019208431243896,0.011371869593858719
438,10.0388023853302,0.5993486642837524,0.0,0.0,0.6142061948776245,0.05006540194153786,0.2703859210014343,-3.1037044525146484,0.006498406641185284
439,10.067726135253906,0.5993486642837524,0.0,0.0,0.6139739155769348,0.06169487163424492,0.33690497279167175,-3.103816270828247,0.003709098557010293
440,10.078341960906982,0.5993486642837524,0.0,0.0,0.6120956540107727,0.07219485938549042,0.31087568402290344,-3.102865219116211,0.006106813438236713
441,10.115788221359253,0.5993486642837524,0.0,0.0,0.5777412056922913,0.09015752375125885,-0.017333688214421272,-3.1060476303100586,0.015538090839982033
442,10.135421752929688,0.5993486642837524,0.0,0.0,0.5806863307952881,0.07550519704818726,0.1687254160642624,-3.1134626865386963,0.01928081177175045
443,10.165807962417603,0.5993486642837524,0.0,0.0,0.547623872756958,0.04347468540072441,0.24100957810878754,-3.113635301589966,0.024828262627124786
444,10.17841124534607,0.5993486642837524,0.0,0.0,0.5171484351158142,0.0032625622116029263,0.016407735645771027,-3.1061112880706787,0.03122481144964695
445,10.20974063873291,0.5993486642837524,0.0,0.0,0.48695099353790283,-0.028332429006695747,-0.16250582039356232,-3.097843885421753,0.03491600602865219
446,10.222402811050415,0.5993486642837524,0.0,0.0,0.4616241455078125,-0.05484256520867348,-0.21229180693626404,-3.093452215194702,0.039889492094516754
447,10.252728700637817,0.5993486642837524,0.0,0.0,0.4501211643218994,-0.07134085148572922,-0.12845191359519958,-3.0905165672302246,0.0464969240128994
448,10.264325618743896,0.5993486642837524,0.0,0.0,0.43949946761131287,-0.08755223453044891,-0.0359221026301384,-3.0862090587615967,0.053874801844358444
449,10.30136752128601,0.5993486642837524,0.0,0.0,0.42879602313041687,-0.10329868644475937,0.05570897087454796,-3.0807623863220215,0.0628182590007782
450,10.33155632019043,0.5993486642837524,0.0,0.0,0.45153021812438965,-0.09758198261260986,-0.026049386709928513,-3.0795445442199707,0.0656786635518074
451,10.369967460632324,0.5993486642837524,0.0,0.0,0.4538525640964508,-0.08382860571146011,-0.07470085471868515,-3.0843183994293213,0.06280586123466492
452,10.38767123222351,0.5993486642837524,0.0,0.0,0.45247265696525574,-0.0641191154718399,-0.004204196855425835,-3.087578773498535,0.06567620486021042
453,10.422759532928467,0.5993486642837524,0.0,0.0,0.4660581648349762,-0.03293491527438164,0.08224279433488846,-3.0897693634033203,0.07107160985469818
454,10.435094118118286,0.5993486642837524,0.0,0.0,0.49191826581954956,-0.0024569553788751364,0.13869056105613708,-3.0926594734191895,0.06855659931898117
455,10.464036226272583,0.5993486642837524,0.0,0.0,0.51573246717453,0.02202151156961918,0.16445451974868774,-3.0945451259613037,0.05680151656270027
456,10.485244512557983,0.5993486642837524,0.0,0.0,0.5344825387001038,0.03842558711767197,0.17278732359409332,-3.094510793685913,0.04284394904971123
457,10.516720533370972,0.5993486642837524,0.0,0.0,0.5472843647003174,0.05876576527953148,0.20662273466587067,-3.0926170349121094,0.03140135109424591
458,10.53471326828003,0.5993486642837524,0.0,0.0,0.5613227486610413,0.0746113583445549,0.2667993903160095,-3.0894107818603516,0.024094108492136
459,10.564008951187134,0.5993486642837524,0.0,0.0,0.567192554473877,0.08219701051712036,0.3318062126636505,-3.088733196258545,0.022446585819125175
460,10.575599431991577,0.5993486642837524,0.0,0.0,0.5214143991470337,0.09240412712097168,0.10044653713703156,-3.096750259399414,0.03088969737291336
461,10.603986978530884,0.5993486642837524,0.0,0.0,0.5297707915306091,0.07089351117610931,0.15780381858348846,-3.1068289279937744,0.03564651310443878
462,10.61652159690857,0.5993486642837524,0.0,0.0,0.5007714629173279,0.038888007402420044,0.04320850595831871,-3.104815721511841,0.040710702538490295
463,10.646658182144165,0.5993486642837524,0.0,0.0,0.4788760542869568,0.014377233572304249,-0.10741665214300156,-3.097083568572998,0.04468316212296486
464,10.658424854278564,0.5993486642837524,0.0,0.0,0.4654494822025299,-0.0012664045207202435,-0.17726202309131622,-3.0930404663085938,0.04741232842206955
465,10.692154169082642,0.5993486642837524,0.0,0.0,0.45852401852607727,-0.014351335354149342,-0.10892315208911896,-3.0941104888916016,0.050406064838171005
466,10.70465874671936,0.5993486642837524,0.0,0.0,0.4608035087585449,-0.02376236394047737,-0.05418182536959648,-3.097351312637329,0.05244097113609314
467,10.733263969421387,0.5993486642837524,0.0,0.0,0.46385109424591064,-0.032607465982437134,-0.058414168655872345,-3.100717067718506,0.051764339208602905
468,10.744065761566162,0.5993486642837524,0.0,0.0,0.46170198917388916,-0.04881662502884865,-0.06514102220535278,-3.1032822132110596,0.050429053604602814
469,10.775411128997803,0.5993486642837524,0.0,0.0,0.4641723036766052,-0.0651577040553093,-0.05837474763393402,-3.1049718856811523,0.050339940935373306
470,10.787467002868652,0.5993486642837524,0.0,0.0,0.47278815507888794,-0.07921247184276581,-0.05171307176351547,-3.1062872409820557,0.05084944888949394
471,10.815803289413452,0.5993486642837524,0.0,0.0,0.4846765697002411,-0.09641731530427933,-0.05232881009578705,-3.1070239543914795,0.05152421444654465
472,10.829760074615479,0.5993486642837524,0.0,0.0,0.49974381923675537,-0.11295123398303986,-0.06210000813007355,-3.107179641723633,0.052538275718688965
473,10.861271619796753,0.5993486642837524,0.0,0.0,0.510147750377655,-0.12418033927679062,-0.01927950419485569,-3.1058430671691895,0.05647164210677147
474,10.87438702583313,0.5993486642837524,0.0,0.0,0.5206673741340637,-0.13998228311538696,0.06139750778675079,-3.1009652614593506,0.06737391650676727
475,10.90261459350586,0.5993486642837524,0.0,0.0,0.529725968837738,-0.13158558309078217,-0.04780692979693413,-3.0946288108825684,0.07567297667264938
476,10.913971424102783,0.5993486642837524,0.0,0.0,0.5254704356193542,-0.10897523164749146,-0.07983935624361038,-3.091750144958496,0.08470509201288223
477,10.943634510040283,0.5993486642837524,0.0,0.0,0.5130977034568787,-0.07452014833688736,-0.057419098913669586,-3.096123456954956,0.09226156771183014
478,10.955343246459961,0.5993486642837524,0.0,0.0,0.5002878308296204,-0.03901571407914162,0.0739041194319725,-3.106950521469116,0.09329312294721603
479,10.98528003692627,0.5993486642837524,0.0,0.0,0.49748852849006653,-0.017639072611927986,0.12756066024303436,-3.117125988006592,0.08940648287534714
480,10.995847463607788,0.5993486642837524,0.0,0.0,0.5008086562156677,0.0014169313944876194,0.11695381999015808,-3.1216683387756348,0.08333184570074081
481,11.025558471679688,0.5993486642837524,0.0,0.0,0.5071150064468384,0.02758481353521347,0.16338028013706207,-3.1228652000427246,0.07648944854736328
482,11.037374258041382,0.5993486642837524,0.0,0.0,0.5142841339111328,0.05550483241677284,0.19174258410930634,-3.1239123344421387,0.07102662324905396
483,11.067455291748047,0.5993486642837524,0.0,0.0,0.5228971242904663,0.07980681210756302,0.1500309556722641,-3.1246776580810547,0.06742704659700394
484,11.086871147155762,0.5993486642837524,0.0,0.0,0.5242695212364197,0.1052289828658104,0.16470548510551453,-3.12764835357666,0.06699175387620926
485,11.115873098373413,0.5993486642837524,0.0,0.0,0.46334317326545715,0.13902811706066132,0.10078886896371841,-3.1354305744171143,0.0726451724767685
486,11.129607439041138,0.5993486642837524,0.0,0.0,0.4995431900024414,0.10993969440460205,0.14932537078857422,-3.1412603855133057,0.07027292251586914
487,11.222472429275513,0.5993486642837524,0.0,0.0,0.4880307912826538,0.06659554690122604,0.11751596629619598,-3.1352381706237793,0.07122153043746948
488,11.234595775604248,0.5993486642837524,0.0,0.0,0.48031583428382874,0.02016972191631794,-0.0010688832262530923,-3.1225037574768066,0.07479798048734665
489,11.26388430595398,0.5993486642837524,0.0,0.0,0.48186254501342773,-0.012933369725942612,-0.03435027226805687,-3.1111738681793213,0.07469462603330612
490,11.27599310874939,0.5993486642837524,0.0,0.0,0.48740917444229126,-0.03793910890817642,-0.07263801991939545,-3.1044483184814453,0.07201589643955231
491,11.304741621017456,0.5993486642837524,0.0,0.0,0.4927014410495758,-0.0628022700548172,-0.13409832119941711,-3.100970506668091,0.06964164972305298
492,11.316558599472046,0.5993486642837524,0.0,0.0,0.5031998157501221,-0.08776560425758362,-0.15024778246879578,-3.0993545055389404,0.06943268328905106
493,11.345735311508179,0.5993486642837524,0.0,0.0,0.5186387300491333,-0.10068149864673615,-0.1422232687473297,-3.100093364715576,0.06917046755552292
494,11.359145164489746,0.5993486642837524,0.0,0.0,0.5251080393791199,-0.1143253967165947,-0.0765298381447792,-3.1027796268463135,0.07068924605846405
495,11.387808561325073,0.5993486642837524,0.0,0.0,0.5390576720237732,-0.13050216436386108,-0.018810316920280457,-3.1027040481567383,0.075046606361866
496,11.401112794876099,0.5993486642837524,0.0,0.0,0.5408189296722412,-0.1258479356765747,-0.05525141954421997,-3.1002514362335205,0.07556384801864624
497,11.43061089515686,0.5993486642837524,0.0,0.0,0.5341593623161316,-0.09713141620159149,0.02164221927523613,-3.0974719524383545,0.07818061113357544
498,11.44589877128601,0.5993486642837524,0.0,0.0,0.5375257730484009,-0.06118704006075859,0.13485075533390045,-3.1007256507873535,0.076388418674469
499,11.482194185256958,0.5993486642837524,0.0,0.0,0.5490388870239258,-0.03318006545305252,0.18524405360221863,-3.1077935695648193,0.06789274513721466
500,11.492771863937378,0.5993486642837524,0.0,0.0,0.5653718113899231,-0.014659196138381958,0.1603429764509201,-3.114466905593872,0.057849761098623276
501,11.526240587234497,0.5993486642837524,0.0,0.0,0.5781816244125366,0.002745503094047308,0.16332027316093445,-3.1185622215270996,0.04910704120993614
502,11.538732767105103,0.5993486642837524,0.0,0.0,0.5864643454551697,0.02130873128771782,0.19926461577415466,-3.120741605758667,0.043312594294548035
503,11.567354917526245,0.5993486642837524,0.0,0.0,0.5962440371513367,0.036326274275779724,0.2317652851343155,-3.120950937271118,0.03950655087828636
504,11.577605724334717,0.5993486642837524,0.0,0.0,0.6048220992088318,0.04985206574201584,0.2561223804950714,-3.1185595989227295,0.03634556382894516
505,11.605550050735474,0.5993486642837524,0.0,0.0,0.6105101704597473,0.06086470186710358,0.23908747732639313,-3.1165711879730225,0.03555557504296303
506,11.617870092391968,0.5993486642837524,0.0,0.0,0.6173629760742188,0.0704689770936966,0.1958334892988205,-3.118239402770996,0.040091920644044876
507,11.646466493606567,0.5993486642837524,0.0,0.0,0.60435551404953,0.0837801918387413,0.17570793628692627,-3.126375198364258,0.04592365399003029
508,11.657884359359741,0.5993486642837524,0.0,0.0,0.5907696485519409,0.08008574694395065,0.176796093583107,-3.1298811435699463,0.04453087970614433
509,11.68617868423462,0.5993486642837524,0.0,0.0,0.5563850998878479,0.06401652097702026,0.08369762450456619,-3.1275486946105957,0.0455474890768528
510,11.706128358840942,0.5993486642837524,0.0,0.0,0.5233724117279053,0.050061460584402084,-0.023037660866975784,-3.1200265884399414,0.04827602952718735
511,11.73977518081665,0.5993486642837524,0.0,0.0,0.5029378533363342,0.04467067867517471,-0.08510565012693405,-3.1136534214019775,0.05210953205823898
512,11.751407384872437,0.5993486642837524,0.0,0.0,0.4904801547527313,0.044160135090351105,-0.11820776760578156,-3.1121628284454346,0.05567006766796112
513,11.784637689590454,0.5993486642837524,0.0,0.0,0.4814196825027466,0.042028311640024185,-0.07787726074457169,-3.1151680946350098,0.0589827299118042
514,11.794978857040405,0.5993486642837524,0.0,0.0,0.47438862919807434,0.03588148579001427,-0.026242388412356377,-3.1201417446136475,0.06171273812651634
515,11.824325323104858,0.5993486642837524,0.0,0.0,0.47119978070259094,0.027950037270784378,0.023088444024324417,-3.1255550384521484,0.06384523957967758
516,11.836158514022827,0.5993486642837524,0.0,0.0,0.476725697517395,0.02412273734807968,-0.00571976974606514,-3.130211114883423,0.06399145722389221
517,11.865130424499512,0.5993486642837524,0.0,0.0,0.4802405536174774,0.014133738353848457,-0.007178781554102898,-3.1330373287200928,0.06218665838241577
518,11.87552285194397,0.5993486642837524,0.0,0.0,0.4885934591293335,0.004555949941277504,0.012737298384308815,-3.1348118782043457,0.06121605634689331
519,11.904112577438354,0.5993486642837524,0.0,0.0,0.5031607747077942,-0.005636571440845728,0.05565749108791351,-3.1365926265716553,0.061687249690294266
520,11.918810367584229,0.5993486642837524,0.0,0.0,0.5260254144668579,-0.013713371939957142,0.08049625158309937,-3.137640953063965,0.06253765523433685
521,11.945609092712402,0.5993486642837524,0.0,0.0,0.5526250600814819,-0.017357394099235535,0.12695185840129852,-3.1369168758392334,0.06264432519674301
522,11.958852529525757,0.5993486642837524,0.0,0.0,0.5768651962280273,-0.024476388469338417,0.12393791973590851,-3.1349804401397705,0.06198756396770477
523,11.986761093139648,0.5993486642837524,0.0,0.0,0.5971181988716125,-0.03580562025308609,0.07636476308107376,-3.1302449703216553,0.06121624633669853
524,11.998169183731079,0.5993486642837524,0.0,0.0,0.6116951107978821,-0.03794250264763832,-0.008513731881976128,-3.122894525527954,0.06168091297149658
525,12.026160955429077,0.5993486642837524,0.0,0.0,0.6031733751296997,-0.034744348376989365,-0.1105690747499466,-3.117525815963745,0.06349244713783264
526,12.038176774978638,0.5993486642837524,0.0,0.0,0.5764404535293579,-0.012142062187194824,0.033432357013225555,-3.1152713298797607,0.06911177188158035
527,12.069969654083252,0.5993486642837524,0.0,0.0,0.5649706721305847,0.011223544366657734,0.09666696935892105,-3.1197731494903564,0.0700344368815422
528,12.083611488342285,0.5993486642837524,0.0,0.0,0.5553237795829773,0.031334150582551956,0.1589493304491043,-3.128690242767334,0.06377631425857544
529,12.112481594085693,0.5993486642837524,0.0,0.0,0.5484864711761475,0.044323619455099106,0.17609860002994537,-3.13788104057312,0.057346053421497345
530,12.12474799156189,0.5993486642837524,0.0,0.0,0.5450677275657654,0.0546678826212883,0.14390385150909424,3.1394078731536865,0.051884204149246216
531,12.153118133544922,0.5993486642837524,0.0,0.0,0.5435531735420227,0.06704575568437576,0.15755823254585266,3.136106014251709,0.04715773090720177
532,12.169612646102905,0.5993486642837524,0.0,0.0,0.5388189554214478,0.0816301628947258,0.2254437357187271,3.1334495544433594,0.04364703595638275
533,12.199180126190186,0.5993486642837524,0.0,0.0,0.5295307636260986,0.09433488547801971,0.25175970792770386,3.130993604660034,0.04286777228116989
534,12.210224390029907,0.5993486642837524,0.0,0.0,0.516126811504364,0.10607057809829712,0.18918828666210175,3.1300930976867676,0.048215627670288086
535,12.240837574005127,0.5993486642837524,0.0,0.0,0.49684450030326843,0.12396179139614105,0.2248685359954834,3.129629611968994,0.0509711429476738
536,12.26068902015686,0.5993486642837524,0.0,0.0,0.5053430199623108,0.11178214848041534,0.20342354476451874,3.134652614593506,0.04503517597913742
537,12.350050687789917,0.5993486642837524,0.0,0.0,0.4946826994419098,0.09648579359054565,0.15132032334804535,3.1399459838867188,0.04517294093966484
538,12.362311363220215,0.5993486642837524,0.0,0.0,0.492876261472702,0.08066246658563614,0.14574500918388367,-3.1379103660583496,0.05107100307941437
539,12.393436908721924,0.5993486642837524,0.0,0.0,0.49472612142562866,0.05933232605457306,0.17990674078464508,-3.130145788192749,0.05634983256459236
540,12.40588665008545,0.5993486642837524,0.0,0.0,0.4914598762989044,0.032161153852939606,0.05001973360776901,-3.119361162185669,0.056820131838321686
541,12.436395645141602,0.5993486642837524,0.0,0.0,0.4834041893482208,0.006726283114403486,-0.05554250255227089,-3.1100261211395264,0.05387148633599281
542,12.447932243347168,0.5993486642837524,0.0,0.0,0.48228171467781067,-0.012549237348139286,-0.07178717851638794,-3.104459285736084,0.05145822837948799
543,12.478384971618652,0.5993486642837524,0.0,0.0,0.4864540100097656,-0.032486140727996826,-0.034174349159002304,-3.101738929748535,0.049926016479730606
544,12.490850448608398,0.6872173547744751,0.0,0.0,0.49708354473114014,-0.05457831546664238,0.001716767088510096,-3.0999844074249268,0.048653434962034225
545,12.51923394203186,0.6872173547744751,0.0,0.0,0.5102053284645081,-0.07904835790395737,0.03522670269012451,-3.097494602203369,0.047850802540779114
546,12.531593799591064,0.6872173547744751,0.0,0.0,0.5250704288482666,-0.10519794374704361,0.008566105738282204,-3.0935685634613037,0.0487307645380497
547,12.5614595413208,0.6872173547744751,0.0,0.0,0.5439977645874023,-0.12219391018152237,0.06225065514445305,-3.0889883041381836,0.051166608929634094
548,12.579209089279175,0.6872173547744751,0.0,0.0,0.5420011281967163,-0.12342151254415512,0.011964179575443268,-3.0857348442077637,0.05229407176375389
549,12.607403755187988,0.6872173547744751,0.0,0.0,0.5352922677993774,-0.10976088047027588,-0.01997940056025982,-3.0828452110290527,0.06099230423569679
550,12.622165203094482,0.6872173547744751,0.0,0.0,0.5387851595878601,-0.0805339589715004,0.027517370879650116,-3.084482431411743,0.06819745898246765
551,12.650977849960327,0.6872173547744751,0.0,0.0,0.5540634989738464,-0.05623912066221237,0.05193924903869629,-3.090195655822754,0.0646635964512825
552,12.661450386047363,0.6872173547744751,0.0,0.0,0.5697802901268005,-0.037127017974853516,0.10344641655683517,-3.095379590988159,0.053162381052970886
553,12.690728902816772,0.6872173547744751,0.0,0.0,0.5805254578590393,-0.020244069397449493,0.16344130039215088,-3.0988388061523438,0.04184442013502121
554,12.703516483306885,0.6872173547744751,0.0,0.0,0.5913935303688049,-0.00451442738994956,0.21437335014343262,-3.1012747287750244,0.03445420786738396
555,12.731907367706299,0.6872173547744751,0.0,0.0,0.6072642803192139,0.010952914133667946,0.21529431641101837,-3.102138042449951,0.029591675847768784
556,12.742505073547363,0.6872173547744751,0.0,0.0,0.6281351447105408,0.025559017434716225,0.16751092672348022,-3.1002604961395264,0.024105120450258255
557,12.772895097732544,0.6872173547744751,0.0,0.0,0.6495494842529297,0.044949181377887726,0.16352657973766327,-3.0976722240448,0.01786305382847786
558,12.784754753112793,0.6872173547744751,0.0,0.0,0.6685993671417236,0.05868200212717056,0.18156950175762177,-3.0964584350585938,0.012184691615402699
559,12.816774606704712,0.6872173547744751,0.0,0.0,0.6785805821418762,0.06363777071237564,0.21856233477592468,-3.0966718196868896,0.011410154402256012
560,12.82936143875122,0.48240599036216736,0.0,0.0,0.6681421995162964,0.06888094544410706,0.2064502090215683,-3.101170539855957,0.014480646699666977
561,12.861135959625244,0.48240599036216736,0.0,0.0,0.6500024199485779,0.04797903820872307,0.1768878996372223,-3.1003472805023193,0.01066446490585804
562,12.873090028762817,0.48240599036216736,0.0,0.0,0.6125515699386597,0.014276964589953423,0.05463600903749466,-3.09409236907959,0.008517456240952015
563,12.90026068687439,0.48240599036216736,0.0,0.0,0.5868672728538513,-0.009631351567804813,-0.07490897923707962,-3.0857036113739014,0.008600507862865925
564,12.911422729492188,0.48240599036216736,0.0,0.0,0.5689435005187988,-0.027848487719893456,-0.0981266051530838,-3.0807394981384277,0.012500882148742676
565,12.94079065322876,0.48240599036216736,0.0,0.0,0.5608831644058228,-0.04342888295650482,-0.08729413151741028,-3.0774872303009033,0.020115233957767487
566,12.953692197799683,0.48240599036216736,0.0,0.0,0.5628769397735596,-0.05522720888257027,-0.06828510016202927,-3.0756876468658447,0.02779017761349678
567,12.980463027954102,0.48240599036216736,0.0,0.0,0.5676739811897278,-0.0689019039273262,0.01365011278539896,-3.076881170272827,0.033784814178943634
568,12.994234323501587,0.48240599036216736,0.0,0.0,0.5703542828559875,-0.08403885364532471,0.047481391578912735,-3.079115152359009,0.0400046706199646
569,13.023295879364014,0.48240599036216736,0.0,0.0,0.5728826522827148,-0.10034054517745972,0.07385057210922241,-3.0782887935638428,0.04891360178589821
570,13.03516936302185,0.48240599036216736,0.0,0.0,0.5663599371910095,-0.09848279505968094,-0.012643154710531235,-3.0750815868377686,0.05400671809911728
571,13.06272006034851,0.48240599036216736,0.0,0.0,0.536261260509491,-0.07674619555473328,0.01185992918908596,-3.0732202529907227,0.05854124575853348
572,13.074167728424072,0.48240599036216736,0.0,0.0,0.5158244967460632,-0.047527559101581573,0.07466750591993332,-3.078800916671753,0.06136547774076462
573,13.102617025375366,0.48240599036216736,0.0,0.0,0.5094486474990845,-0.026506606489419937,0.07495352625846863,-3.08852219581604,0.057599835097789764
574,13.113300800323486,0.48240599036216736,0.0,0.0,0.5014161467552185,-0.010486621409654617,0.12241624295711517,-3.097888946533203,0.050953786820173264
575,13.140944480895996,0.48240599036216736,0.0,0.0,0.49161574244499207,0.0024555085692554712,0.1553274393081665,-3.1055521965026855,0.04642767086625099
576,13.15552568435669,0.48240599036216736,0.0,0.0,0.48266538977622986,0.013944788835942745,0.1622905433177948,-3.1105988025665283,0.04361865296959877
577,13.189496755599976,0.48240599036216736,0.0,0.0,0.4716096818447113,0.02724212221801281,0.17193032801151276,-3.114210367202759,0.04163557291030884
578,13.201843976974487,0.48240599036216736,0.0,0.0,0.46048903465270996,0.03976533189415932,0.14818748831748962,-3.117281436920166,0.04159393534064293
579,13.229705333709717,0.48240599036216736,0.0,0.0,0.4514354467391968,0.05050705745816231,0.14764076471328735,-3.120398998260498,0.045130565762519836
580,13.240953207015991,0.48240599036216736,0.0,0.0,0.4464997947216034,0.06501419097185135,0.13384287059307098,-3.1259658336639404,0.05290338024497032
581,13.272181510925293,0.48240599036216736,0.0,0.0,0.4331883192062378,0.07868775725364685,-0.006074345670640469,-3.132903814315796,0.062117163091897964
582,13.284228801727295,0.48240599036216736,0.0,0.0,0.4293607175350189,0.08079101145267487,-0.007652906235307455,-3.1364426612854004,0.06579578667879105
583,13.312002658843994,0.48240599036216736,0.0,0.0,0.4185642898082733,0.07644256949424744,0.08333869278430939,-3.136526584625244,0.06967989355325699
584,13.329018831253052,0.48240599036216736,0.0,0.0,0.4105929732322693,0.06992262601852417,0.21637988090515137,-3.1323952674865723,0.07441152632236481
585,13.36482548713684,0.48240599036216736,0.0,0.0,0.4095918834209442,0.05967557802796364,0.23957383632659912,-3.1258280277252197,0.0762401670217514
586,13.376116514205933,0.48240599036216736,0.0,0.0,0.3970143496990204,0.04358089715242386,0.14178447425365448,-3.1180551052093506,0.07371421903371811
587,13.46568751335144,0.48240599036216736,0.0,0.0,0.376837819814682,0.02268439531326294,-0.03447102755308151,-3.1098170280456543,0.06987222284078598
588,13.476291418075562,0.48240599036216736,0.0,0.0,0.35675960779190063,0.004129079170525074,-0.10656015574932098,-3.1016006469726562,0.0654229149222374
589,13.506062269210815,0.48240599036216736,0.0,0.0,0.3415265679359436,-0.011302875354886055,-0.10927480459213257,-3.0941598415374756,0.06375914812088013
590,13.518613576889038,0.48240599036216736,0.0,0.0,0.3291955888271332,-0.025413762778043747,-0.12005637586116791,-3.088204860687256,0.06475139409303665
591,13.54825472831726,0.48240599036216736,0.0,0.0,0.3225004971027374,-0.03870336338877678,-0.078101247549057,-3.0837998390197754,0.06772441416978836
592,13.559061527252197,0.48240599036216736,0.0,0.0,0.32611843943595886,-0.054079316556453705,-0.03563673794269562,-3.0799124240875244,0.07085218280553818
593,13.588889598846436,0.48240599036216736,0.0,0.0,0.329486221075058,-0.04886588081717491,-0.035959433764219284,-3.0771336555480957,0.0687127560377121
594,13.601163625717163,0.48240599036216736,0.0,0.0,0.3283267021179199,-0.03333374485373497,0.003130642231553793,-3.0757758617401123,0.07051626592874527
595,13.628239393234253,0.48240599036216736,0.0,0.0,0.33331093192100525,-0.01236909069120884,0.04005366936326027,-3.0766403675079346,0.07625912874937057
596,13.64095950126648,0.48240599036216736,0.0,0.0,0.3438049554824829,0.01270146295428276,0.07511500269174576,-3.079768180847168,0.07995818555355072
597,13.670619487762451,0.48240599036216736,0.0,0.0,0.36097022891044617,0.028444763273000717,0.03342989459633827,-3.083662271499634,0.0767102837562561
598,13.681209325790405,0.48240599036216736,0.0,0.0,0.3602859377861023,0.040668386965990067,0.03823745623230934,-3.086761474609375,0.06737581640481949
599,13.709755659103394,0.48240599036216736,0.0,0.0,0.36849334836006165,0.042770031839609146,0.07515780627727509,-3.089496374130249,0.05481459200382233
600,13.722968578338623,0.48240599036216736,0.0,0.0,0.37350401282310486,0.03164399415254593,0.15485693514347076,-3.0877857208251953,0.04365943744778633
601,13.753239154815674,0.48240599036216736,0.0,0.0,0.3806019127368927,0.009334644302725792,0.1243426501750946,-3.0815207958221436,0.03767223283648491
602,13.764859676361084,0.48240599036216736,0.0,0.0,0.38975897431373596,-0.018804404884576797,-0.06600262224674225,-3.074077606201172,0.033389732241630554
603,13.794111967086792,0.48240599036216736,0.0,0.0,0.4021141231060028,-0.03606979176402092,-0.14911147952079773,-3.071047782897949,0.0295302364975214
604,13.809460878372192,0.48240599036216736,0.0,0.0,0.41750916838645935,-0.05142351984977722,-0.1151207983493805,-3.0740156173706055,0.02977558597922325
605,13.842498779296875,0.48240599036216736,0.0,0.0,0.43943920731544495,-0.07057070732116699,-0.048311732709407806,-3.0796926021575928,0.033579908311367035
606,13.855027675628662,0.48240599036216736,0.0,0.0,0.4670872390270233,-0.08452381938695908,0.04406217858195305,-3.084150791168213,0.03891157731413841
607,13.882760286331177,0.48240599036216736,0.0,0.0,0.496554970741272,-0.10267318040132523,0.0433826707303524,-3.0831615924835205,0.04504561051726341
608,13.89508605003357,0.48240599036216736,0.0,0.0,0.5025586485862732,-0.10645050555467606,-0.008030375465750694,-3.07746958732605,0.04664734750986099
609,13.924087047576904,0.48240599036216736,0.0,0.0,0.4848690629005432,-0.09256187081336975,0.029435861855745316,-3.0723485946655273,0.05035434663295746
610,13.936052799224854,0.48240599036216736,0.0,0.0,0.47008952498435974,-0.0678522139787674,0.08511106669902802,-3.0745956897735596,0.052276428788900375
611,13.964481353759766,0.48240599036216736,0.0,0.0,0.4682541489601135,-0.04974064230918884,0.07714764028787613,-3.0831804275512695,0.04719765856862068
612,13.975915670394897,0.48240599036216736,0.0,0.0,0.4687008559703827,-0.03420823812484741,0.05736733227968216,-3.092982530593872,0.03835373371839523
613,14.0033118724823,0.48240599036216736,0.0,0.0,0.47170233726501465,-0.01772170327603817,0.07512278854846954,-3.1029608249664307,0.02970951236784458
614,14.01553225517273,0.48240599036216736,0.0,0.0,0.4732040464878082,-0.0024838089011609554,0.12967602908611298,-3.113178014755249,0.022851277142763138
615,14.047195434570312,0.48240599036216736,0.0,0.0,0.4728122651576996,0.009292077273130417,0.20173266530036926,-3.1222081184387207,0.018519718199968338
616,14.05858850479126,0.48240599036216736,0.0,0.0,0.4718438982963562,0.013632978312671185,0.24904507398605347,-3.127434492111206,0.01663234271109104
617,14.087647676467896,0.48240599036216736,0.0,0.0,0.4703245162963867,0.01913422904908657,0.22020763158798218,-3.127964973449707,0.017652593553066254
618,14.099974870681763,0.48240599036216736,0.0,0.0,0.4764205813407898,0.032058004289865494,0.12324865907430649,-3.124842405319214,0.019267138093709946
619,14.128113985061646,0.48240599036216736,0.0,0.0,0.49120625853538513,0.05319168046116829,0.10162071138620377,-3.120030164718628,0.01897045411169529
620,14.139805793762207,0.48240599036216736,0.0,0.0,0.5094250440597534,0.0711338147521019,0.10090932250022888,-3.117086172103882,0.018576670438051224
621,14.167394161224365,0.48240599036216736,0.0,0.0,0.5208554863929749,0.08172047138214111,0.08507240563631058,-3.11814546585083,0.022066306322813034
622,14.177845001220703,0.48240599036216736,0.0,0.0,0.5175983309745789,0.09037242829799652,0.04654560983181,-3.1248443126678467,0.028910988941788673
623,14.20609998703003,0.48240599036216736,0.0,0.0,0.5039818286895752,0.08609649538993835,0.12402172386646271,-3.1296353340148926,0.03149011731147766
624,14.218532800674438,0.48240599036216736,0.0,0.0,0.47411346435546875,0.06718770414590836,0.1542760729789734,-3.129099130630493,0.0382312536239624
625,14.245388746261597,0.48240599036216736,0.0,0.0,0.4452194571495056,0.04415002837777138,-0.021028678864240646,-3.1209561824798584,0.04401981085538864
626,14.257187366485596,0.48240599036216736,0.0,0.0,0.4205886125564575,0.027479400858283043,-0.05351927503943443,-3.1103720664978027,0.04567091166973114
627,14.28595781326294,0.48240599036216736,0.0,0.0,0.3993093967437744,0.014346335083246231,-0.033239323645830154,-3.1014182567596436,0.046613920480012894
628,14.296523094177246,0.48240599036216736,0.0,0.0,0.38325098156929016,0.005076880566775799,-0.049036212265491486,-3.0957765579223633,0.04831552878022194
629,14.326166868209839,0.48240599036216736,0.0,0.0,0.37171676754951477,-0.0035978187806904316,-0.045400220900774,-3.0932822227478027,0.05009419471025467
630,14.338418006896973,0.48240599036216736,0.0,0.0,0.3630807101726532,-0.013888102024793625,-0.0121797826141119,-3.092913866043091,0.05115867406129837
631,14.36723780632019,0.48240599036216736,0.0,0.0,0.35267892479896545,-0.029255393892526627,-0.03898709639906883,-3.092705249786377,0.05175624415278435
632,14.3776216506958,0.48240599036216736,0.0,0.0,0.34524282813072205,-0.0451526902616024,-0.024249402806162834,-3.091747283935547,0.05303565040230751
633,14.40750765800476,0.48240599036216736,0.0,0.0,0.34122955799102783,-0.06262300908565521,-0.02498641423881054,-3.090303659439087,0.05484732985496521
634,14.419048070907593,0.48240599036216736,0.0,0.0,0.34038540720939636,-0.07902346551418304,0.005877288989722729,-3.087756395339966,0.05778215453028679
635,14.446784973144531,0.48240599036216736,0.0,0.0,0.34535807371139526,-0.09418010711669922,0.024700390174984932,-3.0841012001037598,0.06225055083632469
636,14.466013193130493,0.48240599036216736,0.0,0.0,0.35640162229537964,-0.09713643789291382,0.0027019318658858538,-3.081159830093384,0.06368017941713333
637,14.495118618011475,0.48240599036216736,0.0,0.0,0.3539886176586151,-0.09498553723096848,0.010352881625294685,-3.078441858291626,0.06513164192438126
638,14.505568265914917,0.48240599036216736,0.0,0.0,0.3464186191558838,-0.08389559388160706,0.03032984770834446,-3.076296806335449,0.07194127887487411
639,14.5319185256958,0.48240599036216736,0.0,0.0,0.34392914175987244,-0.06510239094495773,0.022886184975504875,-3.076216220855713,0.08179084956645966
640,14.541832447052002,0.48240599036216736,0.0,0.0,0.3425048887729645,-0.0421726331114769,0.03649492934346199,-3.0796985626220703,0.08830966800451279
641,14.566662073135376,0.48240599036216736,0.0,0.0,0.3431112468242645,-0.021587787196040154,0.05408575013279915,-3.0855369567871094,0.0886368602514267
642,14.57828140258789,0.48240599036216736,0.0,0.0,0.3477683365345001,-0.002139780204743147,0.037994008511304855,-3.089893341064453,0.08182940632104874
643,14.607279539108276,0.48240599036216736,0.0,0.0,0.3518531620502472,0.019454864785075188,0.08129262179136276,-3.0931854248046875,0.07046664506196976
644,14.618996143341064,0.48240599036216736,0.0,0.0,0.35284459590911865,0.04238178953528404,0.16821688413619995,-3.097789764404297,0.059540607035160065
645,14.649176120758057,0.48240599036216736,0.0,0.0,0.323063462972641,0.07089976221323013,0.13869769871234894,-3.104647159576416,0.05201513320207596
646,14.659780979156494,0.48240599036216736,0.0,0.0,0.3463342487812042,0.07594729959964752,0.12769386172294617,-3.1108853816986084,0.040865860879421234
647,14.688908815383911,0.48240599036216736,0.0,0.0,0.34463533759117126,0.06767797470092773,0.14872553944587708,-3.1123032569885254,0.03421898931264877
648,14.70080018043518,0.48240599036216736,0.0,0.0,0.3426653742790222,0.0439748652279377,0.14030824601650238,-3.109069347381592,0.03589141368865967
649,14.728814601898193,0.48240599036216736,0.0,0.0,0.3506033718585968,0.01583312824368477,-0.037438660860061646,-3.1024093627929688,0.03933223336935043
650,14.740600347518921,0.48240599036216736,0.0,0.0,0.35695555806159973,-0.006551721133291721,-0.09284556657075882,-3.098309278488159,0.03857405111193657
651,14.76905632019043,0.48240599036216736,0.0,0.0,0.3663561940193176,-0.019778231158852577,-0.06324604153633118,-3.0992634296417236,0.037320416420698166
652,14.779476881027222,0.48240599036216736,0.0,0.0,0.3769962191581726,-0.032175809144973755,-0.02344234101474285,-3.103217601776123,0.036772582679986954
653,14.807950735092163,0.48240599036216736,0.0,0.0,0.3869560956954956,-0.043394673615694046,-0.018008699640631676,-3.106583833694458,0.03783556446433067
654,14.820964813232422,0.48240599036216736,0.0,0.0,0.4002019762992859,-0.06008066236972809,0.010135715827345848,-3.1066880226135254,0.041938070207834244
655,14.849655628204346,0.48240599036216736,0.0,0.0,0.4117347300052643,-0.06586845219135284,-0.07011635601520538,-3.1026084423065186,0.04288826137781143
656,14.865187644958496,0.48240599036216736,0.0,0.0,0.4141009747982025,-0.05671301484107971,-0.09650743752717972,-3.094583034515381,0.04638473317027092
657,14.893550634384155,0.48240599036216736,0.0,0.0,0.4128926992416382,-0.02599792368710041,0.01553754135966301,-3.0905559062957764,0.05127863585948944
658,14.906019687652588,0.48240599036216736,0.0,0.0,0.4217614233493805,0.006541120819747448,0.14748243987560272,-3.094252347946167,0.05093348026275635
659,14.933428287506104,0.48240599036216736,0.0,0.0,0.43861034512519836,0.02747369185090065,0.18960465490818024,-3.099416732788086,0.042529910802841187
660,14.943978548049927,0.48240599036216736,0.0,0.0,0.44973260164260864,0.04094812646508217,0.18853957951068878,-3.1019365787506104,0.032375235110521317
661,14.974334955215454,0.48240599036216736,0.0,0.0,0.45238909125328064,0.05549916997551918,0.20581024885177612,-3.1032259464263916,0.02552056312561035
662,14.986340284347534,0.48240599036216736,0.0,0.0,0.4572080969810486,0.07205478101968765,0.18018405139446259,-3.104534864425659,0.021168773993849754
663,15.013156652450562,0.48240599036216736,0.0,0.0,0.4610779285430908,0.08811875432729721,0.14317858219146729,-3.1062185764312744,0.01795864664018154
664,15.024383783340454,0.48240599036216736,0.0,0.0,0.4434037208557129,0.10238642990589142,0.09319084882736206,-3.1122872829437256,0.017594410106539726
665,15.055291891098022,0.48240599036216736,0.0,0.0,0.4384559988975525,0.09332425892353058,0.17496995627880096,-3.1149604320526123,0.012529544532299042
666,15.067389726638794,0.48240599036216736,0.0,0.0,0.4221760332584381,0.067349374294281,0.14731311798095703,-3.111264944076538,0.012891586869955063
667,15.095253705978394,0.48240599036216736,0.0,0.0,0.40352773666381836,0.032624803483486176,-0.054566577076911926,-3.10302734375,0.015051009133458138
668,15.107598066329956,0.48240599036216736,0.0,0.0,0.39075857400894165,0.006634269375354052,-0.12730643153190613,-3.0949370861053467,0.017692308872938156
669,15.135950565338135,0.48240599036216736,0.0,0.0,0.3832954168319702,-0.012059671804308891,-0.12822629511356354,-3.0899040699005127,0.02266647480428219
670,15.146602869033813,0.48240599036216736,0.0,0.0,0.3850173354148865,-0.024640196934342384,-0.11552754044532776,-3.0882391929626465,0.0295261200517416
671,15.175633907318115,0.48240599036216736,0.0,0.0,0.39058348536491394,-0.035702548921108246,-0.06803052127361298,-3.0891265869140625,0.03550367429852486
672,15.187814474105835,0.48240599036216736,0.0,0.0,0.3976690471172333,-0.05196746811270714,0.012426461093127728,-3.0903732776641846,0.041175808757543564
673,15.22236943244934,0.48240599036216736,0.0,0.0,0.41105401515960693,-0.07139921188354492,0.03596525266766548,-3.0893983840942383,0.04534884914755821
674,15.23508095741272,0.48240599036216736,0.0,0.0,0.42084071040153503,-0.08519358932971954,-0.018646761775016785,-3.0852510929107666,0.04321200028061867
675,15.261932373046875,0.48240599036216736,0.0,0.0,0.4173772931098938,-0.08981352299451828,-0.050943173468112946,-3.077183246612549,0.043123673647642136
676,15.273766279220581,0.48240599036216736,0.0,0.0,0.41448789834976196,-0.08075618743896484,-0.08221007138490677,-3.069092273712158,0.049068182706832886
677,15.303847312927246,0.48240599036216736,0.0,0.0,0.4140791893005371,-0.058748722076416016,-0.08672381192445755,-3.067122459411621,0.05602269619703293
678,15.316904544830322,0.48240599036216736,0.0,0.0,0.4169948697090149,-0.029592305421829224,0.013166988268494606,-3.074126720428467,0.05716945230960846
679,15.344288110733032,0.48240599036216736,0.0,0.0,0.42759865522384644,-0.011761187575757504,0.0552302747964859,-3.0839083194732666,0.04966234415769577
680,15.356019735336304,0.48240599036216736,0.0,0.0,0.4387049973011017,0.000328170252032578,0.06656713783740997,-3.0889580249786377,0.03853030130267143
681,15.383622646331787,0.48240599036216736,0.0,0.0,0.44642552733421326,0.015845386311411858,0.12468019872903824,-3.0905520915985107,0.029206614941358566
682,15.394108057022095,0.48240599036216736,0.0,0.0,0.45600855350494385,0.02987191453576088,0.15123088657855988,-3.0905942916870117,0.022900957614183426
683,15.422917604446411,0.48240599036216736,0.0,0.0,0.46434080600738525,0.04785222187638283,0.16913346946239471,-3.0892674922943115,0.01789180561900139
684,15.43428897857666,0.48240599036216736,0.0,0.0,0.471250057220459,0.0595199279487133,0.2196711301803589,-3.0891103744506836,0.014417550526559353
685,15.47400975227356,0.48240599036216736,0.0,0.0,0.4719422161579132,0.06819552183151245,0.19474969804286957,-3.0906500816345215,0.015994666144251823
686,15.48682427406311,0.48240599036216736,0.0,0.0,0.45450878143310547,0.0805843323469162,0.14531998336315155,-3.0962283611297607,0.023564137518405914
687,15.516548871994019,0.48240599036216736,0.0,0.0,0.4579170048236847,0.07813569158315659,0.24133463203907013,-3.0973660945892334,0.02231295220553875
688,15.526979207992554,0.48240599036216736,0.0,0.0,0.4330321252346039,0.05942842736840248,0.22157979011535645,-3.0960419178009033,0.025164969265460968
689,15.55658745765686,0.48240599036216736,0.0,0.0,0.4065696895122528,0.03197023645043373,0.05410771071910858,-3.091369390487671,0.0304754339158535
690,15.56847071647644,0.48240599036216736,0.0,0.0,0.38808637857437134,0.01146495807915926,-0.03824958950281143,-3.0849716663360596,0.03319917246699333
691,15.596468210220337,0.48240599036216736,0.0,0.0,0.37279561161994934,-0.004632520955055952,-0.03739739581942558,-3.079904317855835,0.035051509737968445
692,15.609882116317749,0.48240599036216736,0.0,0.0,0.3608912229537964,-0.01810065098106861,-0.05513974651694298,-3.076882839202881,0.03779297694563866
693,15.645076990127563,0.48240599036216736,0.0,0.0,0.3535383343696594,-0.031062906607985497,-0.005183909088373184,-3.0765676498413086,0.04110695794224739
694,15.662757158279419,0.48240599036216736,0.0,0.0,0.3480464816093445,-0.0479922778904438,0.015503715723752975,-3.076686143875122,0.044181644916534424
695,15.689344882965088,0.48240599036216736,0.0,0.0,0.34293803572654724,-0.0717071145772934,-0.0035792673006653786,-3.0748097896575928,0.04697063937783241
696,15.702537536621094,0.48240599036216736,0.0,0.0,0.3504483997821808,-0.0823388397693634,-0.059550151228904724,-3.0716073513031006,0.04721590876579285
697,15.73210859298706,0.48240599036216736,0.0,0.0,0.34555870294570923,-0.08265497535467148,-0.014094971120357513,-3.0671653747558594,0.04766636714339256
698,15.746020317077637,0.48240599036216736,0.0,0.0,0.3418441414833069,-0.06838232278823853,0.031993117183446884,-3.063054084777832,0.055922508239746094
699,15.775262355804443,0.48240599036216736,0.0,0.0,0.3472334146499634,-0.0448300875723362,0.05926299840211868,-3.0625128746032715,0.06798293441534042
700,15.788538694381714,0.48240599036216736,0.0,0.0,0.35932666063308716,-0.018043432384729385,0.06415420025587082,-3.0662384033203125,0.07559633255004883
701,15.816386938095093,0.48240599036216736,0.0,0.0,0.3730536103248596,0.007231959141790867,0.10174090415239334,-3.0732274055480957,0.07408491522073746
702,15.82818078994751,0.48240599036216736,0.0,0.0,0.3876305818557739,0.026103291660547256,0.12271513044834137,-3.079314947128296,0.06491578370332718
703,15.862487077713013,0.48240599036216736,0.0,0.0,0.3997027277946472,0.04147517308592796,0.15675896406173706,-3.0816423892974854,0.05260342359542847
704,15.874226093292236,0.48240599036216736,0.0,0.0,0.4055466651916504,0.055287715047597885,0.19457769393920898,-3.0822670459747314,0.04203033819794655
705,15.902603387832642,0.48240599036216736,0.0,0.0,0.407852441072464,0.07309708744287491,0.22745457291603088,-3.08396577835083,0.03612843528389931
706,15.91552472114563,0.48240599036216736,0.0,0.0,0.40390798449516296,0.09466627240180969,0.1844104826450348,-3.089385986328125,0.03275534510612488
707,15.943225622177124,0.48240599036216736,0.0,0.0,0.4121544659137726,0.10219212621450424,0.21363407373428345,-3.0931310653686523,0.021531036123633385
708,15.955193996429443,0.7595789432525635,0.0,0.0,0.3996533453464508,0.09586236625909805,0.2314494401216507,-3.0951764583587646,0.016135016456246376
709,15.98364806175232,0.7595789432525635,0.0,0.0,0.39314374327659607,0.08236206322908401,0.11867047846317291,-3.0951974391937256,0.018602197989821434
710,15.994500637054443,0.7595789432525635,0.0,0.0,0.3962056040763855,0.07216373831033707,-0.04071320220828056,-3.092850923538208,0.02270406298339367
711,16.02436876296997,0.7595789432525635,0.0,0.0,0.39922890067100525,0.06779135018587112,-0.07139505445957184,-3.0899605751037598,0.026796068996191025
712,16.040319204330444,0.7595789432525635,0.0,0.0,0.4109348952770233,0.07264386117458344,0.014286995865404606,-3.0873162746429443,0.03214605897665024
713,16.067698001861572,0.7595789432525635,0.0,0.0,0.4293554723262787,0.07880546152591705,0.11247438937425613,-3.0852646827697754,0.03745665028691292
714,16.079031229019165,0.7595789432525635,0.0,0.0,0.4523961842060089,0.08028405159711838,0.09165561944246292,-3.0840635299682617,0.04026521369814873
715,16.1096134185791,0.7595789432525635,0.0,0.0,0.46957170963287354,0.0772266685962677,0.09940820932388306,-3.0839149951934814,0.03942300006747246
716,16.12146282196045,0.7595789432525635,0.0,0.0,0.4847865402698517,0.0653088390827179,0.05143119394779205,-3.082859992980957,0.036914851516485214
717,16.153123140335083,0.7595789432525635,0.0,0.0,0.49259352684020996,0.042443614453077316,-0.12346331775188446,-3.0802531242370605,0.03162530064582825
718,16.16773819923401,0.7595789432525635,0.0,0.0,0.5057214498519897,0.027536887675523758,-0.17443230748176575,-3.078488349914551,0.024738436564803123
719,16.195104360580444,0.7595789432525635,0.0,0.0,0.5249463319778442,0.015727229416370392,-0.1388658732175827,-3.079582452774048,0.020168539136648178
720,16.20687508583069,0.7595789432525635,0.0,0.0,0.5548542141914368,0.00541888689622283,-0.145535409450531,-3.0824053287506104,0.01868756115436554
721,16.234292030334473,0.7595789432525635,0.0,0.0,0.5888651013374329,-0.0034019092563539743,-0.15359431505203247,-3.0863466262817383,0.018057553097605705
722,16.245014905929565,0.7595789432525635,0.0,0.0,0.6283584237098694,-0.005927576217800379,-0.12110795080661774,-3.094020128250122,0.018468670547008514
723,16.27395796775818,0.7595789432525635,0.0,0.0,0.6690978407859802,-0.014521866105496883,-0.10182856023311615,-3.1061391830444336,0.01914762333035469
724,16.285821437835693,0.7595789432525635,0.0,0.0,0.7101481556892395,-0.02140996977686882,-0.07120390236377716,-3.118391752243042,0.020926034078001976
725,16.317195892333984,0.7595789432525635,0.0,0.0,0.7386520504951477,-0.03172549232840538,-0.044151365756988525,-3.1273908615112305,0.026311757043004036
726,16.328269720077515,0.7595789432525635,0.0,0.0,0.7611066102981567,-0.03584280610084534,-0.1374235898256302,-3.1318671703338623,0.03337612375617027
727,16.358494997024536,0.7595789432525635,0.0,0.0,0.7418630123138428,-0.013473816215991974,-0.016512587666511536,-3.137286901473999,0.03279361501336098
728,16.37063217163086,0.7595789432525635,0.0,0.0,0.724765956401825,0.013443958014249802,0.19661425054073334,3.1374969482421875,0.02954563871026039
729,16.397789239883423,0.7595789432525635,0.0,0.0,0.7249520421028137,0.027473103255033493,0.27002888917922974,3.128796339035034,0.025119448080658913
730,16.409509420394897,0.7595789432525635,0.0,0.0,0.7411065101623535,0.03412606567144394,0.23667782545089722,3.1230037212371826,0.023078633472323418
731,16.438135862350464,0.7595789432525635,0.0,0.0,0.763608992099762,0.04182754084467888,0.22142770886421204,3.119781732559204,0.02216506376862526
732,16.45043659210205,0.7595789432525635,0.0,0.0,0.7786252498626709,0.04908517748117447,0.248307466506958,3.118903875350952,0.0211293064057827
733,16.478331327438354,0.7595789432525635,0.0,0.0,0.7871316075325012,0.0575983040034771,0.3107239007949829,3.120579242706299,0.019926538690924644
734,16.490296125411987,0.7595789432525635,0.0,0.0,0.7899402379989624,0.06079971417784691,0.37781822681427,3.124567747116089,0.01893199235200882
735,16.517518997192383,0.7595789432525635,0.0,0.0,0.7785197496414185,0.06290266662836075,0.34381306171417236,3.128774404525757,0.024876857176423073
736,16.528263568878174,0.7595789432525635,0.0,0.0,0.7520120739936829,0.07246711850166321,0.14044280350208282,3.129840612411499,0.040325384587049484
737,16.55889105796814,0.7595789432525635,0.0,0.0,0.7397265434265137,0.056817762553691864,0.2521360516548157,3.1333131790161133,0.04689978063106537
738,16.570982456207275,0.7595789432525635,0.0,0.0,0.7016301155090332,0.02033129148185253,0.1750357449054718,-3.1406824588775635,0.05240821838378906
739,16.59845519065857,0.7595789432525635,0.0,0.0,0.670583188533783,-0.011767885647714138,-0.06567339599132538,-3.1277687549591064,0.05732814967632294
740,16.609720468521118,0.7595789432525635,0.0,0.0,0.6432203054428101,-0.038678236305713654,-0.13365256786346436,-3.1182658672332764,0.05986163765192032
741,16.641215801239014,0.7595789432525635,0.0,0.0,0.6274865865707397,-0.0597255639731884,-0.05721345171332359,-3.1109113693237305,0.06305229663848877
742,16.65312623977661,0.7595789432525635,0.0,0.0,0.6166737675666809,-0.07901609688997269,-0.018785318359732628,-3.1042654514312744,0.06620330363512039
743,16.680412530899048,0.7595789432525635,0.0,0.0,0.6082634329795837,-0.09686151146888733,0.01277895737439394,-3.0980963706970215,0.0697847455739975
744,16.691914319992065,0.7595789432525635,0.0,0.0,0.6277238726615906,-0.1114388033747673,-0.06731051206588745,-3.0946781635284424,0.06871838867664337
745,16.726354360580444,0.7595789432525635,0.0,0.0,0.6155517101287842,-0.12242496013641357,-0.13430237770080566,-3.093984365463257,0.06296145170927048
746,16.74155831336975,0.7595789432525635,0.0,0.0,0.6046586632728577,-0.11649596691131592,-0.12919524312019348,-3.0906267166137695,0.0717896893620491
747,16.77597212791443,0.7595789432525635,0.0,0.0,0.6121625304222107,-0.08775758743286133,-0.025191955268383026,-3.0888688564300537,0.0863952487707138
748,16.787484884262085,0.7595789432525635,0.0,0.0,0.6366539001464844,-0.05429330840706825,0.09919271618127823,-3.091987133026123,0.0929819867014885
749,16.81309223175049,0.7595789432525635,0.0,0.0,0.6669007539749146,-0.036369822919368744,0.08519647270441055,-3.0953996181488037,0.08604129403829575
750,16.828408002853394,0.7595789432525635,0.0,0.0,0.6881158947944641,-0.024186594411730766,0.06928957998752594,-3.0949254035949707,0.0734533742070198
751,16.85829758644104,0.7595789432525635,0.0,0.0,0.7013342976570129,-0.012686388567090034,0.06562596559524536,-3.0913805961608887,0.06310930848121643
752,16.870640754699707,0.7595789432525635,0.0,0.0,0.7152632474899292,-0.0002509037731215358,0.09290046989917755,-3.0862443447113037,0.05570411682128906
753,16.89860510826111,0.7595789432525635,0.0,0.0,0.7340277433395386,0.016967516392469406,0.1449972540140152,-3.0809290409088135,0.05013167858123779
754,16.909138917922974,0.7595789432525635,0.0,0.0,0.7544770240783691,0.03405186906456947,0.17837651073932648,-3.0766966342926025,0.04659617692232132
755,16.939480304718018,0.7595789432525635,0.0,0.0,0.7737433314323425,0.047937266528606415,0.2142300009727478,-3.077049970626831,0.046230290085077286
756,16.951331615447998,0.7595789432525635,0.0,0.0,0.7657831907272339,0.0511527918279171,0.33363422751426697,-3.085481643676758,0.045175615698099136
757,16.979941606521606,0.7595789432525635,0.0,0.0,0.7321507930755615,0.03739641606807709,0.11390883475542068,-3.0896482467651367,0.03944365307688713
758,16.991647243499756,0.7595789432525635,0.0,0.0,0.6874004006385803,0.02318974770605564,0.003749729599803686,-3.089724540710449,0.037972789257764816
759,17.021381855010986,0.7595789432525635,0.0,0.0,0.6576896905899048,0.017340894788503647,-0.0790574848651886,-3.0892677307128906,0.04254971817135811
760,17.03315258026123,0.7595789432525635,0.0,0.0,0.641616702079773,0.014391480013728142,-0.09628560394048691,-3.0920464992523193,0.05009573698043823
761,17.060553550720215,0.7595789432525635,0.0,0.0,0.6331688761711121,0.00915216002613306,-0.07254990935325623,-3.096386671066284,0.05783125385642052
762,17.072511434555054,0.7595789432525635,0.0,0.0,0.6336946487426758,0.00629582442343235,0.042190346866846085,-3.102461099624634,0.06425481289625168
763,17.102744102478027,0.7595789432525635,0.0,0.0,0.6384514570236206,-0.0012640849454328418,0.19523115456104279,-3.110158920288086,0.06869056820869446
764,17.116263151168823,0.7595789432525635,0.0,0.0,0.6470138430595398,-0.01635502092540264,0.18566635251045227,-3.1168456077575684,0.06950682401657104
765,17.14637804031372,0.7595789432525635,0.0,0.0,0.6615021228790283,-0.031624965369701385,0.08616596460342407,-3.1217169761657715,0.06564609706401825
766,17.1590416431427,0.7595789432525635,0.0,0.0,0.6751034259796143,-0.04616878926753998,0.022616123780608177,-3.124591112136841,0.059721849858760834
767,17.187285900115967,0.7595789432525635,0.0,0.0,0.6917044520378113,-0.060663629323244095,0.035779282450675964,-3.1257619857788086,0.05678195133805275
768,17.20047688484192,0.7595789432525635,0.0,0.0,0.7153821587562561,-0.0722656399011612,0.07833288609981537,-3.1252756118774414,0.05856974422931671
769,17.233648777008057,0.7595789432525635,0.0,0.0,0.7485626339912415,-0.07293914258480072,-0.1527097523212433,-3.1241655349731445,0.0608462430536747
770,17.24845576286316,0.7595789432525635,0.0,0.0,0.7458403706550598,-0.0645284578204155,-0.24910616874694824,-3.123899221420288,0.061411052942276
771,17.27710747718811,0.7595789432525635,0.0,0.0,0.718761146068573,-0.03271395340561867,0.028045551851391792,-3.1243226528167725,0.06975991278886795
772,17.291861057281494,0.7595789432525635,0.0,0.0,0.707868754863739,-0.0002472114865668118,0.16616055369377136,-3.128608226776123,0.07617103308439255
773,17.324342250823975,0.7595789432525635,0.0,0.0,0.707432746887207,0.02430601231753826,0.11098801344633102,-3.1343884468078613,0.07156814634799957
774,17.339998245239258,0.7595789432525635,0.0,0.0,0.7073907852172852,0.04881501942873001,0.0776081308722496,-3.1405558586120605,0.06275123357772827
775,17.367677927017212,0.7595789432525635,0.0,0.0,0.7005112767219543,0.07395345717668533,0.15941868722438812,3.1351022720336914,0.05536175146698952
776,17.37821865081787,0.7595789432525635,0.0,0.0,0.6870548725128174,0.09836181998252869,0.24887262284755707,3.1274402141571045,0.05173640698194504
777,17.4123432636261,0.7595789432525635,0.0,0.0,0.6796907782554626,0.12111055105924606,0.28034916520118713,3.122818946838379,0.051043350249528885
778,17.425117015838623,0.7595789432525635,0.0,0.0,0.6699668765068054,0.14671652019023895,0.23426897823810577,3.121039867401123,0.0529664047062397
779,17.45503330230713,0.7595789432525635,0.0,0.0,0.6372137665748596,0.17567360401153564,0.0725516751408577,3.1167144775390625,0.06202799454331398
780,17.46716856956482,0.7595789432525635,0.0,0.0,0.6234110593795776,0.18136930465698242,0.09459488093852997,3.1110355854034424,0.06864285469055176
781,17.49607276916504,0.7595789432525635,0.0,0.0,0.607144296169281,0.17842106521129608,0.16344687342643738,3.1116862297058105,0.07546726614236832
782,17.508050441741943,0.7595789432525635,0.0,0.0,0.5878777503967285,0.16621463000774384,0.20299696922302246,3.1170129776000977,0.0853266716003418
783,17.540022611618042,0.7595789432525635,0.0,0.0,0.5745490789413452,0.15105649828910828,0.051777586340904236,3.124237298965454,0.09349244832992554
784,17.551964282989502,0.7595789432525635,0.0,0.0,0.5546895861625671,0.13485613465309143,-0.02770131267607212,3.1287267208099365,0.0959327444434166
785,17.58122706413269,0.7595789432525635,0.0,0.0,0.5398042798042297,0.11963782459497452,0.011942173354327679,3.1292073726654053,0.09482138603925705
786,17.592071056365967,0.7595789432525635,0.0,0.0,0.5298178195953369,0.10574447363615036,0.019549312070012093,3.1292929649353027,0.09169244766235352
787,17.622204303741455,0.7595789432525635,0.0,0.0,0.5266509652137756,0.09672002494335175,0.03653633967041969,3.1300816535949707,0.08805961906909943
788,17.634085178375244,0.7595789432525635,0.0,0.0,0.5237318277359009,0.08648141473531723,0.011673202738165855,3.130577802658081,0.08400837332010269
789,17.661150455474854,0.7595789432525635,0.0,0.0,0.521416962146759,0.07195083051919937,0.019115904346108437,3.130004405975342,0.08141742646694183
790,17.67338490486145,0.7595789432525635,0.0,0.0,0.5292640328407288,0.05966300889849663,0.04032912105321884,3.127845525741577,0.08052976429462433
791,17.702175617218018,0.7595789432525635,0.0,0.0,0.5446512699127197,0.04781290888786316,0.059748873114585876,3.1249945163726807,0.079422727227211
792,17.712729454040527,0.7595789432525635,0.0,0.0,0.5653675198554993,0.036040451377630234,0.09272754192352295,3.122828483581543,0.07730210572481155
793,17.742374181747437,0.7595789432525635,0.0,0.0,0.5884138345718384,0.023035407066345215,0.0876273661851883,3.1209802627563477,0.07385861128568649
794,17.755128383636475,0.7595789432525635,0.0,0.0,0.6115016341209412,0.008084059692919254,0.06826363503932953,3.1193552017211914,0.07031646370887756
795,17.786880254745483,0.7595789432525635,0.0,0.0,0.6386076211929321,-0.006928990129381418,0.0768224447965622,3.1185145378112793,0.06706853955984116
796,17.799782037734985,0.7595789432525635,0.0,0.0,0.6719006896018982,-0.013891074806451797,0.11752689629793167,3.118149995803833,0.06339839100837708
797,17.828365802764893,0.7595789432525635,0.0,0.0,0.7043827772140503,-0.01967885158956051,0.13431315124034882,3.118253707885742,0.05861442908644676
798,17.841220378875732,0.7595789432525635,0.0,0.0,0.7247504591941833,-0.03310966119170189,0.045059215277433395,3.1227834224700928,0.054573699831962585
799,17.869551420211792,0.7595789432525635,0.0,0.0,0.7299805283546448,-0.048550065606832504,-0.08093801140785217,3.135221242904663,0.05527433380484581
800,17.87965679168701,0.7595789432525635,0.0,0.0,0.7419596314430237,-0.03857938200235367,-0.1958678513765335,-3.13409423828125,0.05766080692410469
801,17.90597915649414,0.7595789432525635,0.0,0.0,0.7141512632369995,-0.009518466889858246,0.04475116729736328,-3.1313283443450928,0.05380948260426521
802,17.916340112686157,0.7595789432525635,0.0,0.0,0.6999854445457458,0.009220128878951073,0.1417383998632431,-3.1368789672851562,0.047196127474308014
803,17.94490623474121,0.7595789432525635,0.0,0.0,0.6902828216552734,0.02077491022646427,0.14136600494384766,3.1381828784942627,0.038689494132995605
804,17.95693588256836,0.7595789432525635,0.0,0.0,0.6923438310623169,0.029630064964294434,0.13260309398174286,3.129619836807251,0.03286844119429588
805,17.98850989341736,0.7595789432525635,0.0,0.0,0.7012456059455872,0.03741173818707466,0.1518915593624115,3.1219708919525146,0.030068414285779
806,18.000812292099,0.7595789432525635,0.0,0.0,0.7090561985969543,0.042555708438158035,0.20904748141765594,3.1158974170684814,0.029234228655695915
807,18.03788423538208,0.7595789432525635,0.0,0.0,0.7120776176452637,0.045129433274269104,0.25008270144462585,3.1132638454437256,0.029278691858053207
808,18.04990291595459,0.7595789432525635,0.0,0.0,0.7142062187194824,0.04735331982374191,0.23214998841285706,3.115251302719116,0.030659865587949753
809,18.088361740112305,0.7595789432525635,0.0,0.0,0.7209740877151489,0.05274977907538414,0.18726032972335815,3.1212892532348633,0.03420226648449898
810,18.101759433746338,0.7595789432525635,0.0,0.0,0.731217622756958,0.06240154430270195,0.13791263103485107,3.128819227218628,0.03969879448413849
811,18.13005757331848,0.7595789432525635,0.0,0.0,0.7436535358428955,0.0763799175620079,0.08207476139068604,3.135416269302368,0.047702427953481674
812,18.145359754562378,0.7595789432525635,0.0,0.0,0.7460026741027832,0.08412887156009674,0.26409193873405457,3.139493942260742,0.05217345803976059
813,18.180805206298828,0.7595789432525635,0.0,0.0,0.7437943816184998,0.06890728324651718,0.28780418634414673,-3.1377947330474854,0.048616133630275726
814,18.194453239440918,0.7595789432525635,0.0,0.0,0.7066612839698792,0.03840106725692749,0.09100885689258575,-3.1306140422821045,0.04964885488152504
815,18.22878384590149,0.7595789432525635,0.0,0.0,0.6712563633918762,0.006433730013668537,-0.061643242835998535,-3.1210598945617676,0.05591443553566933
816,18.24268913269043,0.7595789432525635,0.0,0.0,0.6519856452941895,-0.018364695832133293,-0.1115294024348259,-3.1116366386413574,0.060346998274326324
817,18.27420425415039,0.7595789432525635,0.0,0.0,0.6396170854568481,-0.03794541954994202,-0.10845498740673065,-3.10434889793396,0.06298235058784485
818,18.28969407081604,0.7595789432525635,0.0,0.0,0.632462739944458,-0.054259512573480606,-0.06092219054698944,-3.0988149642944336,0.06549444049596786
819,18.31835174560547,0.7595789432525635,0.0,0.0,0.6286134719848633,-0.0724998414516449,0.00954192690551281,-3.0947468280792236,0.06836593896150589
820,18.331382751464844,0.7595789432525635,0.0,0.0,0.6404048800468445,-0.09364915639162064,-0.0025429660454392433,-3.0919361114501953,0.07000613212585449
821,18.361494064331055,0.7595789432525635,0.0,0.0,0.648735523223877,-0.10593371093273163,-0.13983847200870514,-3.092242479324341,0.06460891664028168
822,18.373432874679565,0.7595789432525635,0.0,0.0,0.6358017921447754,-0.10429979860782623,-0.1559506058692932,-3.091116189956665,0.06418411433696747
823,18.401632070541382,0.7595789432525635,0.0,0.0,0.6287999749183655,-0.08122923970222473,-0.08857680857181549,-3.088858127593994,0.07394527643918991
824,18.415924549102783,0.7595789432525635,0.0,0.0,0.6399145722389221,-0.04271745681762695,0.10588421672582626,-3.0923595428466797,0.08036017417907715
825,18.446560382843018,0.7595789432525635,0.0,0.0,0.6677199602127075,-0.022434771060943604,0.15005169808864594,-3.097944736480713,0.07358012348413467
826,18.458324193954468,0.7595789432525635,0.0,0.0,0.6855109333992004,-0.0059301285073161125,0.17305859923362732,-3.0998024940490723,0.05991519242525101
827,18.488307237625122,0.7595789432525635,0.0,0.0,0.7009135484695435,0.007136129774153233,0.21468226611614227,-3.0992116928100586,0.0492684468626976
828,18.50165343284607,0.7595789432525635,0.0,0.0,0.7134265303611755,0.020454101264476776,0.25954151153564453,-3.0968852043151855,0.04277869313955307
829,18.53077530860901,0.7595789432525635,0.0,0.0,0.7243045568466187,0.030598238110542297,0.26993730664253235,-3.0946462154388428,0.03851625695824623
830,18.54168677330017,0.7595789432525635,0.0,0.0,0.7315881252288818,0.03597542271018028,0.274021178483963,-3.093381643295288,0.037166282534599304
831,18.569984912872314,0.7595789432525635,0.0,0.0,0.7001543045043945,0.05166720226407051,0.20022739470005035,-3.0952060222625732,0.04145188257098198
832,18.582887887954712,0.7595789432525635,0.0,0.0,0.7249335050582886,0.043828416615724564,0.20837336778640747,-3.0987401008605957,0.037442587316036224
833,18.62015175819397,0.7595789432525635,0.0,0.0,0.700038492679596,0.021361902356147766,0.17544199526309967,-3.098179817199707,0.0331154465675354
834,18.635292530059814,0.7595789432525635,0.0,0.0,0.6665114164352417,-0.008623776957392693,-0.005810875911265612,-3.090339183807373,0.032486267387866974
835,18.666548490524292,0.7595789432525635,0.0,0.0,0.6410112977027893,-0.031064875423908234,-0.10363763570785522,-3.0809803009033203,0.03367607668042183
836,18.681992769241333,0.7595789432525635,0.0,0.0,0.6256268620491028,-0.0467289499938488,-0.1426243633031845,-3.073786735534668,0.03830036148428917
837,18.712789058685303,0.5652563571929932,0.0,0.0,0.6234748363494873,-0.05369138345122337,-0.18136700987815857,-3.0693984031677246,0.045339394360780716
838,18.72453999519348,0.5652563571929932,0.0,0.0,0.6261972188949585,-0.06130841746926308,-0.23809026181697845,-3.0690712928771973,0.050773341208696365
839,18.752623081207275,0.5652563571929932,0.0,0.0,0.6301347017288208,-0.07405467331409454,-0.18428684771060944,-3.073690414428711,0.05353308096528053
840,18.7685649394989,0.5652563571929932,0.0,0.0,0.632499635219574,-0.08615114539861679,-0.13327065110206604,-3.080538034439087,0.05690363794565201
841,18.799309015274048,0.5652563571929932,0.0,0.0,0.633929431438446,-0.1022406816482544,-0.046956680715084076,-3.085373878479004,0.06489577889442444
842,18.811723232269287,0.5652563571929932,0.0,0.0,0.6421487331390381,-0.10147411376237869,-0.16901226341724396,-3.085026741027832,0.07090646028518677
843,18.844906330108643,0.5652563571929932,0.0,0.0,0.6166155934333801,-0.0789601281285286,-0.11533983051776886,-3.0812013149261475,0.07541438192129135
844,18.856984853744507,0.5652563571929932,0.0,0.0,0.5922320485115051,-0.03833979368209839,0.10504995286464691,-3.084808588027954,0.08054780215024948
845,18.886508226394653,0.5652563571929932,0.0,0.0,0.5888398289680481,-0.013516251929104328,0.09748348593711853,-3.0937607288360596,0.07748213410377502
846,18.89872121810913,0.5652563571929932,0.0,0.0,0.5855229496955872,0.0030489321798086166,0.0744476318359375,-3.101287364959717,0.06862868368625641
847,18.926026582717896,0.5652563571929932,0.0,0.0,0.5771946310997009,0.01966877095401287,0.09672269970178604,-3.1070449352264404,0.061203304678201675
848,18.938339710235596,0.5652563571929932,0.0,0.0,0.5659369826316833,0.03731917962431908,0.13341598212718964,-3.112114429473877,0.056641895323991776
849,18.966519355773926,0.5652563571929932,0.0,0.0,0.560655415058136,0.05482972040772438,0.15039211511611938,-3.116010904312134,0.053285978734493256
850,18.977819681167603,0.6957852244377136,0.0,0.0,0.5534171462059021,0.07263819128274918,0.18490369617938995,-3.119126558303833,0.04993275925517082
851,19.077909469604492,0.6957852244377136,0.0,0.0,0.5409214496612549,0.09003611654043198,0.144357830286026,-3.1234023571014404,0.051536012440919876
852,19.090787649154663,0.6957852244377136,0.0,0.0,0.5303805470466614,0.10896997153759003,0.07405395805835724,-3.130108594894409,0.06178491190075874
853,19.11921238899231,0.6957852244377136,0.0,0.0,0.5300903916358948,0.12942200899124146,-0.038240037858486176,-3.139441967010498,0.0697258785367012
854,19.131115913391113,0.6957852244377136,0.0,0.0,0.5298116207122803,0.13698431849479675,0.018475990742444992,3.14068865776062,0.0701495036482811
855,19.158434629440308,0.6957852244377136,0.0,0.0,0.525139331817627,0.1360158920288086,0.05678403377532959,3.1415395736694336,0.07330529391765594
856,19.17067837715149,0.6957852244377136,0.0,0.0,0.5262562036514282,0.13398411870002747,0.1440875232219696,-3.1378333568573,0.07902659475803375
857,19.19982886314392,0.6957852244377136,0.0,0.0,0.5367211699485779,0.13262896239757538,0.22777561843395233,-3.131856918334961,0.08301462233066559
858,19.214344024658203,0.6957852244377136,0.0,0.0,0.5412899851799011,0.1250356137752533,0.22224563360214233,-3.1258482933044434,0.0827428549528122
859,19.242788076400757,0.6957852244377136,0.0,0.0,0.5332443714141846,0.1050606444478035,0.10595535486936569,-3.1199910640716553,0.08000826835632324
860,19.254587173461914,0.6957852244377136,0.0,0.0,0.5245617032051086,0.08506758511066437,0.005818607285618782,-3.114184856414795,0.0761280208826065
861,19.282958984375,0.6957852244377136,0.0,0.0,0.5263796448707581,0.0716787725687027,0.01852595992386341,-3.1106760501861572,0.07101481407880783
862,19.294156312942505,0.6957852244377136,0.0,0.0,0.5350571274757385,0.06241675093770027,0.017353955656290054,-3.10976243019104,0.06383956223726273
863,19.324178457260132,0.6957852244377136,0.0,0.0,0.5420480966567993,0.05006073787808418,-0.006543539930135012,-3.110934019088745,0.0564764179289341
864,19.33631992340088,0.6957852244377136,0.0,0.0,0.5516220331192017,0.03331906348466873,-0.012760773301124573,-3.1132850646972656,0.051942724734544754
865,19.364020586013794,0.6957852244377136,0.0,0.0,0.5697145462036133,0.01704632304608822,-0.03993780165910721,-3.115959644317627,0.05021895095705986
866,19.37528085708618,0.6957852244377136,0.0,0.0,0.5955613851547241,-0.00013455242151394486,0.00793374516069889,-3.1197702884674072,0.049607325345277786
867,19.41146993637085,0.6957852244377136,0.0,0.0,0.6289593577384949,-0.015512789599597454,0.011210531927645206,-3.1247215270996094,0.04848218709230423
868,19.423445224761963,0.6957852244377136,0.0,0.0,0.6565401554107666,-0.029971029609441757,0.004187639802694321,-3.1281344890594482,0.04726971685886383
869,19.450977325439453,0.6957852244377136,0.0,0.0,0.6781919002532959,-0.041693150997161865,-0.061153072863817215,-3.127498149871826,0.049877285957336426
870,19.461193561553955,0.6957852244377136,0.0,0.0,0.6781489849090576,-0.03749814257025719,-0.16840620338916779,-3.12512469291687,0.052852991968393326
871,19.493186950683594,0.6957852244377136,0.0,0.0,0.6560178995132446,-0.007452470250427723,-0.011701042763888836,-3.1240899562835693,0.05864681676030159
872,19.50973606109619,0.6957852244377136,0.0,0.0,0.6448578238487244,0.02581939846277237,0.14312238991260529,-3.129366159439087,0.060514021664857864
873,19.54082202911377,0.6957852244377136,0.0,0.0,0.6460673809051514,0.047266922891139984,0.13726426661014557,-3.1373531818389893,0.05537763983011246
874,19.55338954925537,0.6957852244377136,0.0,0.0,0.6489286422729492,0.06639081239700317,0.13776810467243195,3.1387503147125244,0.04829281568527222
875,19.579668521881104,0.6957852244377136,0.0,0.0,0.649140477180481,0.087217316031456,0.2087276130914688,3.1321046352386475,0.043839629739522934
876,19.59148097038269,0.6957852244377136,0.0,0.0,0.6477761268615723,0.10281994938850403,0.2371610403060913,3.1267201900482178,0.041720498353242874
877,19.619924783706665,0.6957852244377136,0.0,0.0,0.6419284343719482,0.11901040375232697,0.21478624641895294,3.124061346054077,0.04057611897587776
878,19.633281230926514,0.6957852244377136,0.0,0.0,0.6341004967689514,0.13745084404945374,0.15976150333881378,3.1218209266662598,0.04289884865283966
879,19.66179847717285,0.6957852244377136,0.0,0.0,0.608894944190979,0.1635957956314087,0.08219218999147415,3.115908145904541,0.04874153062701225
880,19.673250436782837,0.6957852244377136,0.0,0.0,0.6094098091125488,0.1548045128583908,0.14936348795890808,3.1148369312286377,0.04570510610938072
881,19.700873851776123,0.6957852244377136,0.0,0.0,0.5906954407691956,0.13334420323371887,0.15577247738838196,3.119816780090332,0.047535136342048645
882,19.711758375167847,0.6957852244377136,0.0,0.0,0.5750375986099243,0.10413933545351028,0.027165137231349945,3.1283955574035645,0.05413893982768059
883,19.740808486938477,0.6957852244377136,0.0,0.0,0.5661908984184265,0.07657656818628311,-0.022050194442272186,3.1376428604125977,0.0583127997815609
884,19.753806114196777,0.6957852244377136,0.0,0.0,0.5683663487434387,0.060931041836738586,-0.08397510647773743,-3.139897346496582,0.05730213224887848
885,19.780932426452637,0.6957852244377136,0.0,0.0,0.5698161125183105,0.04594310000538826,-0.0345628447830677,-3.139270067214966,0.053653422743082047
886,19.792688131332397,0.6957852244377136,0.0,0.0,0.5758193731307983,0.03006015159189701,-0.014360420405864716,-3.138984441757202,0.04984874278306961
887,19.825003623962402,0.6957852244377136,0.0,0.0,0.583587646484375,0.01301142293959856,0.007792314980179071,-3.138040065765381,0.04652820900082588
888,19.836708307266235,0.6957852244377136,0.0,0.0,0.5949839353561401,-0.010394248180091381,-0.0018184478394687176,-3.137312889099121,0.04447370395064354
889,19.863943576812744,0.6957852244377136,0.0,0.0,0.6122530102729797,-0.02941741794347763,-0.035968564450740814,-3.1373629570007324,0.042868997901678085
890,19.875866889953613,0.6957852244377136,0.0,0.0,0.6349337697029114,-0.045669201761484146,0.004791914019733667,-3.1383063793182373,0.04237090051174164
891,19.911309719085693,0.6957852244377136,0.0,0.0,0.6644260287284851,-0.06437226384878159,0.05995654687285423,-3.137965440750122,0.04300308600068092
892,19.923367023468018,0.6957852244377136,0.0,0.0,0.6950146555900574,-0.08305644243955612,0.008302826434373856,-3.13307785987854,0.043692074716091156
893,19.95351266860962,0.9805779457092285,0.0,0.0,0.7038899660110474,-0.0923381894826889,-0.0968485027551651,-3.124492645263672,0.041852522641420364
894,19.965315341949463,0.9805779457092285,0.0,0.0,0.6986255049705505,-0.09376507252454758,-0.11910411715507507,-3.11318302154541,0.0469222217798233
895,19.992135047912598,0.9805779457092285,0.0,0.0,0.7027828097343445,-0.08989372849464417,-0.11936767399311066,-3.1038002967834473,0.05905753746628761
896,20.003730535507202,0.9805779457092285,0.0,0.0,0.7060955762863159,-0.0709925964474678,-0.02045818418264389,-3.1001057624816895,0.06980831921100616
897,20.031519412994385,0.9805779457092285,0.0,0.0,0.7029751539230347,-0.04186772182583809,0.1877114176750183,-3.1064305305480957,0.07307443767786026
898,20.04996132850647,0.9805779457092285,0.0,0.0,0.7107855081558228,-0.02720467559993267,0.20449939370155334,-3.11712384223938,0.06655260175466537
899,20.07906436920166,0.9805779457092285,0.0,0.0,0.724964439868927,-0.018376993015408516,0.1980574131011963,-3.126096487045288,0.05671252682805061
900,20.0946147441864,0.9805779457092285,0.0,0.0,0.7412130236625671,-0.008963252417743206,0.19130943715572357,-3.131897449493408,0.050048138946294785
901,20.19100046157837,0.9805779457092285,0.0,0.0,0.7627403736114502,0.0015134306158870459,0.16820071637630463,-3.1352028846740723,0.04633856937289238
902,20.20722246170044,0.9805779457092285,0.0,0.0,0.788243293762207,0.012491503730416298,0.16398108005523682,-3.136413812637329,0.04349644109606743
903,20.235041856765747,0.9805779457092285,0.0,0.0,0.8142739534378052,0.022035028785467148,0.17294113337993622,-3.135493755340576,0.04180813208222389
904,20.248093128204346,0.9805779457092285,0.0,0.0,0.8438985347747803,0.033191606402397156,0.14507170021533966,-3.1324243545532227,0.041730787605047226
905,20.282219409942627,0.9805779457092285,0.0,0.0,0.8797547221183777,0.04579022526741028,0.09810216724872589,-3.1274895668029785,0.041906725615262985
906,20.298428297042847,0.9805779457092285,0.0,0.0,0.9208264350891113,0.061024583876132965,0.09023216366767883,-3.1218130588531494,0.041911520063877106
907,20.32713270187378,0.9805779457092285,0.0,0.0,0.9569502472877502,0.074419304728508,0.10514765977859497,-3.1175811290740967,0.04275807365775108
908,20.340260982513428,0.9805779457092285,0.0,0.0,0.9574494957923889,0.09145208448171616,0.1113608181476593,-3.119515895843506,0.046713996678590775
909,20.375543355941772,0.9805779457092285,0.0,0.0,0.9696335792541504,0.07867875695228577,0.13898169994354248,-3.1254894733428955,0.045804712921381
910,20.387904405593872,0.9805779457092285,0.0,0.0,0.9407256841659546,0.05213620141148567,0.03462502360343933,-3.1245734691619873,0.04341929033398628
911,20.417023420333862,0.9805779457092285,0.0,0.0,0.9117976427078247,0.025866204872727394,-0.006300318520516157,-3.114835262298584,0.040731508284807205
912,20.428192615509033,0.9805779457092285,0.0,0.0,0.9045600295066833,0.010626169852912426,-0.033906448632478714,-3.1026976108551025,0.03915487974882126
913,20.45701551437378,0.9805779457092285,0.0,0.0,0.9054985046386719,0.0015057409182190895,-0.03337705507874489,-3.0944604873657227,0.037525907158851624
914,20.46908164024353,0.9805779457092285,0.0,0.0,0.9096370339393616,-0.005865218583494425,-0.05096820741891861,-3.0909101963043213,0.03677448257803917
915,20.499777793884277,0.9805779457092285,0.0,0.0,0.915118396282196,-0.016330596059560776,-0.06264058500528336,-3.090697765350342,0.03743311017751694
916,20.510969638824463,0.9805779457092285,0.0,0.0,0.9311129450798035,-0.02020983397960663,-0.08256720751523972,-3.0938549041748047,0.03869962319731712
917,20.54218554496765,0.9805779457092285,0.0,0.0,0.9499613046646118,-0.02865118719637394,-0.03621677681803703,-3.1005609035491943,0.04062187299132347
918,20.555935859680176,0.9805779457092285,0.0,0.0,0.9731512665748596,-0.046269070357084274,0.02445892058312893,-3.1070480346679688,0.04568096995353699
919,20.585599660873413,0.9805779457092285,0.0,0.0,1.0036849975585938,-0.06421909481287003,0.01802334561944008,-3.1092512607574463,0.05304914712905884
920,20.595829725265503,0.9805779457092285,0.0,0.0,1.0168572664260864,-0.06962627917528152,-0.2650607228279114,-3.1064794063568115,0.05800896883010864
921,20.625303983688354,0.9805779457092285,0.0,0.0,0.9878882169723511,-0.03892362117767334,-0.10314734280109406,-3.103699207305908,0.06087171286344528
922,20.640816926956177,0.9805779457092285,0.0,0.0,0.9616780877113342,-0.005058830603957176,0.08924933522939682,-3.109600782394409,0.06065519526600838
923,20.669172525405884,0.9805779457092285,0.0,0.0,0.9531615376472473,0.01341136172413826,0.0930912122130394,-3.1202893257141113,0.0573500357568264
924,20.68135142326355,0.9805779457092285,0.0,0.0,0.9556121826171875,0.026162398979067802,0.06714145094156265,-3.130523681640625,0.05577685311436653
925,20.711350202560425,0.9805779457092285,0.0,0.0,0.9654257297515869,0.0352470837533474,0.05825146660208702,-3.1379611492156982,0.05687455087900162
926,20.725173950195312,0.9805779457092285,0.0,0.0,0.9662412405014038,0.042473822832107544,0.11944545060396194,-3.1412343978881836,0.05828908458352089
927,20.75693154335022,0.9805779457092285,0.0,0.0,0.9594912528991699,0.05076975002884865,0.1655610203742981,3.141479253768921,0.060522012412548065
928,20.769087314605713,0.9805779457092285,0.0,0.0,0.9551047682762146,0.05991804227232933,0.11414951086044312,-3.141044855117798,0.06424348056316376
929,20.799195289611816,0.9805779457092285,0.0,0.0,0.951830267906189,0.07338762283325195,0.02154882252216339,3.1407535076141357,0.07299861311912537
930,20.81098246574402,0.9805779457092285,0.0,0.0,0.9416733980178833,0.0937468409538269,-0.03836763650178909,3.1333069801330566,0.08771049976348877
931,20.840416431427002,0.9805779457092285,0.0,0.0,0.9496270418167114,0.09332719445228577,0.2048049122095108,3.128406286239624,0.09145238995552063
932,20.853387594223022,0.9805779457092285,0.0,0.0,0.9298585057258606,0.07160279154777527,0.3284897208213806,3.129189968109131,0.09073331952095032
933,20.88283348083496,0.9805779457092285,0.0,0.0,0.8966853022575378,0.03629184514284134,0.18564963340759277,3.13814640045166,0.08977853506803513
934,20.897702932357788,0.9805779457092285,0.0,0.0,0.8716908097267151,0.012059023603796959,0.04750549793243408,-3.1326048374176025,0.08614490181207657
935,20.932157278060913,0.9805779457092285,0.0,0.0,0.8555840849876404,-0.004476528614759445,0.012809774838387966,-3.124204158782959,0.08187785744667053
936,20.943101167678833,0.9805779457092285,0.0,0.0,0.8435282111167908,-0.020368918776512146,-0.018674001097679138,-3.119483709335327,0.07792392373085022
937,20.975156784057617,0.9805779457092285,0.0,0.0,0.8341962695121765,-0.041158277541399,-0.03898116946220398,-3.1168205738067627,0.07533564418554306
938,20.988603353500366,0.9805779457092285,0.0,0.0,0.8363495469093323,-0.05986274406313896,-0.021655675023794174,-3.1160004138946533,0.07421672344207764
939,21.016419410705566,0.9805779457092285,0.0,0.0,0.8482816815376282,-0.08342356979846954,0.028868110850453377,-3.116086006164551,0.07340162992477417
940,21.027557134628296,0.9805779457092285,0.0,0.0,0.8691875338554382,-0.10766611248254776,0.09133616089820862,-3.1150364875793457,0.07276289910078049
941,21.0657742023468,0.9805779457092285,0.0,0.0,0.8943226933479309,-0.128271222114563,0.14924828708171844,-3.110722780227661,0.07363396883010864
942,21.077467679977417,0.9805779457092285,0.0,0.0,0.9079721570014954,-0.1426977515220642,0.009299883618950844,-3.1047213077545166,0.07241373509168625
943,21.106298208236694,0.9805779457092285,0.0,0.0,0.8924985527992249,-0.14129529893398285,-0.09511764347553253,-3.096259593963623,0.07701703161001205
944,21.11861562728882,0.9805779457092285,0.0,0.0,0.8754075169563293,-0.11343799531459808,-0.04589756578207016,-3.0924363136291504,0.08530790358781815
945,21.152411699295044,0.9805779457092285,0.0,0.0,0.8745929598808289,-0.08119367808103561,0.07285978645086288,-3.098148822784424,0.08384446799755096
946,21.16387915611267,0.9805779457092285,0.0,0.0,0.88385009765625,-0.06336917728185654,0.07281263917684555,-3.107609748840332,0.07269033789634705
947,21.19525408744812,0.9805779457092285,0.0,0.0,0.8958677053451538,-0.04731425642967224,0.07638189941644669,-3.115985870361328,0.05970659852027893
948,21.207597017288208,0.9805779457092285,0.0,0.0,0.9067961573600769,-0.032294079661369324,0.08212699741125107,-3.12312650680542,0.04878738150000572
949,21.236323356628418,0.9805779457092285,0.0,0.0,0.9176084399223328,-0.015361014753580093,0.09826004505157471,-3.128437042236328,0.0403251089155674
950,21.24657678604126,0.9805779457092285,0.0,0.0,0.935541033744812,0.003107834607362747,0.09526927769184113,-3.1311776638031006,0.032667793333530426
951,21.312926530838013,0.9805779457092285,0.0,0.0,0.9580928683280945,0.02278502844274044,0.05542002245783806,-3.131066083908081,0.02438633143901825
952,21.324574947357178,0.9805779457092285,0.0,0.0,0.980945348739624,0.038258228451013565,0.08702479302883148,-3.1306614875793457,0.016802160069346428
953,21.3584566116333,0.9805779457092285,0.0,0.0,0.9976720213890076,0.05069229006767273,0.12046606838703156,-3.1348509788513184,0.015233411453664303
954,21.3709454536438,0.9805779457092285,0.0,0.0,1.0152857303619385,0.06496354192495346,0.1368177831172943,3.138779401779175,0.021404407918453217
955,21.398321628570557,0.9805779457092285,0.0,0.0,1.0042364597320557,0.07779218256473541,0.23548951745033264,3.125732898712158,0.027061181142926216
956,21.4173846244812,0.9805779457092285,0.0,0.0,0.9746087789535522,0.0618981271982193,0.1936626434326172,3.123253107070923,0.02386189065873623
957,21.445942163467407,0.9805779457092285,0.0,0.0,0.9260047078132629,0.04115752503275871,0.0010529292048886418,3.1289901733398438,0.023305756971240044
958,21.458553075790405,0.9805779457092285,0.0,0.0,0.8971979022026062,0.03271174430847168,-0.08608920127153397,3.134613037109375,0.02805207669734955
959,21.497572660446167,0.9805779457092285,0.0,0.0,0.8878515362739563,0.03057936765253544,-0.11360820382833481,3.135524034500122,0.03389247506856918
960,21.51098608970642,0.9805779457092285,0.0,0.0,0.8860037326812744,0.027180751785635948,-0.0853743851184845,3.1330065727233887,0.03804539889097214
961,21.54611897468567,0.9805779457092285,0.0,0.0,0.8908041715621948,0.023966502398252487,-0.05236669257283211,3.1287147998809814,0.04006427899003029
962,21.55833625793457,0.9805779457092285,0.0,0.0,0.9030597805976868,0.018399978056550026,0.0062401206232607365,3.1229209899902344,0.03960462659597397
963,21.586843729019165,0.9805779457092285,0.0,0.0,0.9230429530143738,0.007341763004660606,0.06788820028305054,3.117171287536621,0.03724917769432068
964,21.598212242126465,0.9805779457092285,0.0,0.0,0.951030969619751,-0.008016380481421947,0.0866205021739006,3.1126294136047363,0.0341155007481575
965,21.626330614089966,0.9805779457092285,0.0,0.0,0.9836215376853943,-0.019045669585466385,0.0629449412226677,3.11094331741333,0.031026924028992653
966,21.640367031097412,0.9805779457092285,0.0,0.0,1.0075874328613281,-0.023687250912189484,0.08655605465173721,3.113649368286133,0.03130478411912918
967,21.6697940826416,0.9805779457092285,0.0,0.0,1.021464228630066,-0.030186844989657402,0.047202110290527344,3.1230812072753906,0.04057890921831131
968,21.683419942855835,0.9805779457092285,0.0,0.0,1.0120015144348145,-0.019508076831698418,-0.09366799890995026,3.1337316036224365,0.051272861659526825
969,21.711615800857544,0.9805779457092285,0.0,0.0,0.9778176546096802,0.01699681580066681,0.12096856534481049,3.1347808837890625,0.05483056977391243
970,21.723322868347168,0.9805779457092285,0.0,0.0,0.9580574035644531,0.04034780338406563,0.1982824206352234,3.1259567737579346,0.0490749217569828
971,21.751935958862305,0.9805779457092285,0.0,0.0,0.9460412859916687,0.052589207887649536,0.18093366920948029,3.113687038421631,0.043856024742126465
972,21.765541076660156,0.9805779457092285,0.0,0.0,0.944409966468811,0.06060269474983215,0.18776902556419373,3.102541208267212,0.04390522465109825
973,21.794278621673584,0.9805779457092285,0.0,0.0,0.9532666802406311,0.06508129090070724,0.24190235137939453,3.095823049545288,0.046415120363235474
974,21.805994987487793,0.9805779457092285,0.0,0.0,0.956559419631958,0.06587464362382889,0.33024072647094727,3.0946686267852783,0.04776514321565628
975,21.83722233772278,0.9805779457092285,0.0,0.0,0.9509020447731018,0.070047527551651,0.36786895990371704,3.0987508296966553,0.0486111119389534
976,21.850140810012817,0.9805779457092285,0.0,0.0,0.9472010135650635,0.07730617374181747,0.30517932772636414,3.1054298877716064,0.051542263478040695
977,21.878620862960815,0.9805779457092285,0.0,0.0,0.948957622051239,0.09117370843887329,0.15700611472129822,3.112593412399292,0.058500200510025024
978,21.89048171043396,0.9805779457092285,0.0,0.0,0.9339865446090698,0.1196540892124176,0.03176436945796013,3.11543869972229,0.07009107619524002
979,21.919195890426636,0.9805779457092285,0.0,0.0,0.9350581765174866,0.10859977453947067,0.12796753644943237,3.1132237911224365,0.0761987566947937
980,21.933571815490723,0.9805779457092285,0.0,0.0,0.9119680523872375,0.08486749976873398,0.21550938487052917,3.1162145137786865,0.08012668043375015
981,21.967320919036865,0.9805779457092285,0.0,0.0,0.8762543797492981,0.04870709031820297,0.08801162242889404,3.1275904178619385,0.08396884053945541
982,21.97951078414917,0.9805779457092285,0.0,0.0,0.8517369627952576,0.025668980553746223,-0.09003733098506927,3.141310214996338,0.0848349928855896
983,22.00810432434082,0.9805779457092285,0.0,0.0,0.8318789005279541,0.007281880360096693,-0.11658866703510284,-3.1333611011505127,0.0847415030002594
984,22.020010232925415,0.9805779457092285,0.0,0.0,0.819635272026062,-0.011173786595463753,-0.08855577558279037,-3.127317428588867,0.08575189113616943
985,22.04810094833374,0.9805779457092285,0.0,0.0,0.8165232539176941,-0.02966747060418129,-0.07302659004926682,-3.1226396560668945,0.08651234209537506
986,22.05882430076599,0.9805779457092285,0.0,0.0,0.8202646374702454,-0.04950094595551491,-0.036632634699344635,-3.1188578605651855,0.08646683394908905
987,22.090054035186768,0.9805779457092285,0.0,0.0,0.8315432071685791,-0.06702374666929245,0.020147066563367844,-3.1159558296203613,0.08655426651239395
988,22.10135293006897,0.9805779457092285,0.0,0.0,0.847684919834137,-0.08328638970851898,0.0579005628824234,-3.115664005279541,0.08713697642087936
989,22.138770580291748,0.8594347834587097,0.0,0.0,0.866489589214325,-0.10687322169542313,0.09095194935798645,-3.115987777709961,0.0892307311296463
990,22.154112339019775,0.8594347834587097,0.0,0.0,0.8914875388145447,-0.13147948682308197,0.08195024728775024,-3.1123485565185547,0.09250973910093307
991,22.182562589645386,0.8594347834587097,0.0,0.0,0.894322395324707,-0.13832056522369385,-0.1054779589176178,-3.10581111907959,0.09203621000051498
992,22.19350838661194,0.8594347834587097,0.0,0.0,0.8666082620620728,-0.12363645434379578,-0.17064940929412842,-3.0985069274902344,0.0955316498875618
993,22.225066900253296,0.8594347834587097,0.0,0.0,0.8344510793685913,-0.08128146082162857,0.10253790020942688,-3.099440097808838,0.09936704486608505
994,22.238916873931885,0.8594347834587097,0.0,0.0,0.8292475342750549,-0.05959115922451019,0.21466372907161713,-3.106931209564209,0.09601041674613953
995,22.267465591430664,0.8594347834587097,0.0,0.0,0.8342370390892029,-0.05088460072875023,0.17418400943279266,-3.112290143966675,0.0879950299859047
996,22.282289505004883,0.8594347834587097,0.0,0.0,0.8396677374839783,-0.03925517946481705,0.17627355456352234,-3.115077018737793,0.07962176948785782
997,22.315902709960938,0.8594347834587097,0.0,0.0,0.8436796069145203,-0.0243998970836401,0.20565253496170044,-3.1173934936523438,0.07283682376146317
998,22.3365261554718,0.8594347834587097,0.0,0.0,0.8469070792198181,-0.009409546852111816,0.2345876842737198,-3.119718551635742,0.06719385832548141
999,22.387901782989502,0.8594347834587097,0.0,0.0,0.8526935577392578,0.003930026665329933,0.2079470455646515,-3.1200876235961914,0.06172620877623558
1000,22.40744686126709,0.8594347834587097,0.0,0.0,0.8615701198577881,0.01603841781616211,0.18550889194011688,-3.1189236640930176,0.05678682029247284
1001,22.45253872871399,0.8594347834587097,0.0,0.0,0.8666723966598511,0.026224540546536446,0.1816055178642273,-3.1205010414123535,0.05601929500699043
1002,22.464229583740234,0.8594347834587097,0.0,0.0,0.8698181509971619,0.03610233590006828,0.15648861229419708,-3.126979351043701,0.06365422904491425
1003,22.49557638168335,0.8594347834587097,0.0,0.0,0.861932635307312,0.0473286509513855,0.16422834992408752,-3.1381123065948486,0.07554855942726135
1004,22.509021043777466,0.8594347834587097,0.0,0.0,0.8504139184951782,0.0395386666059494,0.2663710117340088,3.1407265663146973,0.0783967673778534
1005,22.538810968399048,0.8594347834587097,0.0,0.0,0.8123021125793457,0.012589899823069572,0.10041980445384979,-3.1380038261413574,0.07892997562885284
1006,22.552446842193604,0.8594347834587097,0.0,0.0,0.7800045609474182,-0.007529780734330416,-0.009759947657585144,-3.1285452842712402,0.07958939671516418
1007,22.582095623016357,0.8594347834587097,0.0,0.0,0.7605339288711548,-0.019065389409661293,-0.08049209415912628,-3.1213464736938477,0.07984165102243423
1008,22.593360900878906,0.8594347834587097,0.0,0.0,0.7454590797424316,-0.03013749048113823,-0.07879714667797089,-3.1183605194091797,0.08012747764587402
1009,22.62897229194641,0.8594347834587097,0.0,0.0,0.7339694499969482,-0.045012082904577255,-0.04680661857128143,-3.1170904636383057,0.08183721452951431
1010,22.64067792892456,0.8594347834587097,0.0,0.0,0.7342936992645264,-0.055983759462833405,-0.022434983402490616,-3.117002248764038,0.0833645686507225
1011,22.67295742034912,0.8594347834587097,0.0,0.0,0.7364097237586975,-0.06808612495660782,-0.01935250125825405,-3.118621349334717,0.08341686427593231
1012,22.68476963043213,0.8594347834587097,0.0,0.0,0.7439067959785461,-0.0810232162475586,0.02437772788107395,-3.121117115020752,0.08404750376939774
1013,22.715277433395386,0.8594347834587097,0.0,0.0,0.7576168179512024,-0.10237940400838852,0.10498425364494324,-3.1215453147888184,0.08554955571889877
1014,22.726196765899658,0.8594347834587097,0.0,0.0,0.7638787031173706,-0.1148543432354927,0.018110085278749466,-3.1164541244506836,0.08684820681810379
1015,22.75744915008545,0.8594347834587097,0.0,0.0,0.7611477971076965,-0.11105494946241379,-0.06643259525299072,-3.1079657077789307,0.09247735142707825
1016,22.769389390945435,0.8594347834587097,0.0,0.0,0.750584602355957,-0.09329056739807129,-0.12572863698005676,-3.1020419597625732,0.10142294317483902
1017,22.79808497428894,0.8594347834587097,0.0,0.0,0.7415802478790283,-0.0570971742272377,-0.022935286164283752,-3.1048874855041504,0.10618636757135391
1018,22.80899429321289,0.8594347834587097,0.0,0.0,0.7416999936103821,-0.02471325546503067,0.10354845970869064,-3.1160619258880615,0.09966537356376648
1019,22.837541818618774,0.8594347834587097,0.0,0.0,0.7461968660354614,-0.006674070376902819,0.09095505625009537,-3.127763032913208,0.08706662058830261
1020,22.848899841308594,0.8594347834587097,0.0,0.0,0.7463410496711731,0.0064936173148453236,0.017596177756786346,-3.1336052417755127,0.07411069422960281
1021,22.877914905548096,0.8594347834587097,0.0,0.0,0.7452446818351746,0.02255403809249401,-0.01027083769440651,-3.1349904537200928,0.06317064166069031
1022,22.896132946014404,0.8594347834587097,0.0,0.0,0.743984043598175,0.04072804003953934,-0.011940635740756989,-3.133679151535034,0.055473532527685165
1023,22.92776656150818,0.8594347834587097,0.0,0.0,0.7484514117240906,0.061220433562994,-0.025073612108826637,-3.1304032802581787,0.05026049166917801
1024,22.942760229110718,0.8594347834587097,0.0,0.0,0.749140202999115,0.08529525250196457,-0.011898189783096313,-3.1296002864837646,0.046561405062675476
1025,22.97517490386963,0.8594347834587097,0.0,0.0,0.7410786747932434,0.1098041906952858,-0.010243454948067665,-3.135371446609497,0.05042843893170357
1026,22.989770889282227,0.8594347834587097,0.0,0.0,0.7291917204856873,0.13469336926937103,-0.19478800892829895,3.135559320449829,0.062080081552267075
1027,23.019052982330322,0.8594347834587097,0.0,0.0,0.7217690944671631,0.14992010593414307,0.08929751813411713,3.1266794204711914,0.06375128775835037
1028,23.03027892112732,0.8594347834587097,0.0,0.0,0.705169677734375,0.1406252533197403,0.21934786438941956,3.1262214183807373,0.0634804517030716
1029,23.060539960861206,0.8594347834587097,0.0,0.0,0.6764487028121948,0.1150033101439476,0.16288596391677856,3.1323087215423584,0.06634165346622467
1030,23.07212805747986,0.8594347834587097,0.0,0.0,0.6482151746749878,0.08096230775117874,-0.03795929253101349,-3.1399190425872803,0.06768546253442764
1031,23.11647391319275,0.8594347834587097,0.0,0.0,0.6191444993019104,0.04996565356850624,-0.25701647996902466,-3.126692771911621,0.06281431019306183
1032,23.12705159187317,0.8594347834587097,0.0,0.0,0.5973188281059265,0.03430074825882912,-0.36070388555526733,-3.115186929702759,0.05592319741845131
1033,23.15783667564392,0.8594347834587097,0.0,0.0,0.5863187909126282,0.025872627273201942,-0.3884482979774475,-3.1070263385772705,0.05274821072816849
1034,23.17327857017517,0.8594347834587097,0.0,0.0,0.5756534337997437,0.017410725355148315,-0.4253295958042145,-3.0996947288513184,0.05303679406642914
1035,23.200819730758667,0.8594347834587097,0.0,0.0,0.5744597315788269,0.012395755387842655,-0.4318384528160095,-3.093383312225342,0.053936321288347244
1036,23.211629629135132,0.8594347834587097,0.0,0.0,0.580166757106781,0.00945510994642973,-0.4389449954032898,-3.0904619693756104,0.051795728504657745
1037,23.241981029510498,0.8594347834587097,0.0,0.0,0.5889506340026855,0.00842093862593174,-0.4498821496963501,-3.091421127319336,0.046884868294000626
1038,23.25382375717163,0.8594347834587097,0.0,0.0,0.5995120406150818,0.0009166238596662879,-0.4214833676815033,-3.095799684524536,0.04145132005214691
1039,23.28230309486389,0.8594347834587097,0.0,0.0,0.6157435178756714,-0.014588648453354836,-0.3954490125179291,-3.1007304191589355,0.03701688349246979
1040,23.292160511016846,0.8594347834587097,0.0,0.0,0.6386007070541382,-0.033119771629571915,-0.42131733894348145,-3.104759454727173,0.03292352333664894
1041,23.321699857711792,0.8594347834587097,0.0,0.0,0.6671879887580872,-0.04119601473212242,-0.4655225872993469,-3.10947585105896,0.028658298775553703
1042,23.33361005783081,0.8594347834587097,0.0,0.0,0.6922022104263306,-0.03906469792127609,-0.4747107923030853,-3.1183319091796875,0.02636241354048252
1043,23.364949941635132,0.8594347834587097,0.0,0.0,0.7140318155288696,-0.04002569243311882,-0.42511165142059326,-3.130265235900879,0.029999373480677605
1044,23.377049207687378,0.8594347834587097,0.0,0.0,0.7402330040931702,-0.04923701286315918,-0.18950286507606506,-3.1398138999938965,0.04052615910768509
1045,23.405313730239868,0.8594347834587097,0.0,0.0,0.7695925831794739,-0.05081045627593994,-0.2012251317501068,3.1398186683654785,0.05025753006339073
1046,23.41697382926941,0.8594347834587097,0.0,0.0,0.7666687965393066,-0.03423396125435829,-0.017172921448946,-3.14102840423584,0.05707234889268875
1047,23.445470571517944,0.8594347834587097,0.0,0.0,0.7489198446273804,-0.0014883978292346,0.23105505108833313,3.1407594680786133,0.05896878242492676
1048,23.45816135406494,0.8594347834587097,0.0,0.0,0.7441761493682861,0.01821909472346306,0.29915302991867065,3.134531259536743,0.05233418568968773
1049,23.491340160369873,0.8594347834587097,0.0,0.0,0.7526224255561829,0.029418999329209328,0.24659115076065063,3.1278107166290283,0.04486452415585518
1050,23.501293897628784,0.8594347834587097,0.0,0.0,0.7632455825805664,0.04107820987701416,0.22868800163269043,3.1215779781341553,0.039560817182064056
1051,23.527210235595703,0.8594347834587097,0.0,0.0,0.7684303522109985,0.055276814848184586,0.26821160316467285,3.1162705421447754,0.036439165472984314
1052,23.537545442581177,0.8594347834587097,0.0,0.0,0.7745276093482971,0.06565031409263611,0.3241230249404907,3.112691640853882,0.03493412956595421
1053,23.573907136917114,0.8594347834587097,0.0,0.0,0.7798199653625488,0.07140753418207169,0.3316202163696289,3.11360764503479,0.03484505042433739
1054,23.58683753013611,0.8594347834587097,0.0,0.0,0.7814311385154724,0.08124512434005737,0.27634432911872864,3.116687774658203,0.038183681666851044
1055,23.61507797241211,0.8594347834587097,0.0,0.0,0.7894638180732727,0.09579851478338242,0.16402235627174377,3.1192479133605957,0.04605967178940773
1056,23.62688684463501,0.8594347834587097,0.0,0.0,0.7910410165786743,0.10678860545158386,0.12255348265171051,3.121206283569336,0.049867402762174606
1057,23.655970096588135,0.8594347834587097,0.0,0.0,0.7941907644271851,0.09656129032373428,0.23795734345912933,3.127436399459839,0.04605591297149658
1058,23.667633533477783,0.8594347834587097,0.0,0.0,0.7780460119247437,0.06948449462652206,0.20032823085784912,3.136411666870117,0.04745439440011978
1059,23.699949741363525,0.8594347834587097,0.0,0.0,0.7567425966262817,0.03227216377854347,-0.026309417560696602,-3.1347575187683105,0.0506989061832428
1060,23.714168548583984,0.8594347834587097,0.0,0.0,0.7445955276489258,0.0011740023037418723,-0.1107766330242157,-3.1219964027404785,0.05042916163802147
1061,23.745870113372803,0.8594347834587097,0.0,0.0,0.7374394536018372,-0.025945762172341347,-0.08085507154464722,-3.1107442378997803,0.04850243404507637
1062,23.7579083442688,0.8594347834587097,0.0,0.0,0.7356545925140381,-0.048624422401189804,-0.08086957037448883,-3.1013424396514893,0.047927383333444595
1063,23.787677764892578,0.8594347834587097,0.0,0.0,0.740838885307312,-0.06705532968044281,-0.08687997609376907,-3.095099449157715,0.04829660430550575
1064,23.799861431121826,0.8594347834587097,0.0,0.0,0.7515419125556946,-0.0797167643904686,-0.09146475046873093,-3.0930347442626953,0.048266034573316574
1065,23.82804822921753,0.8594347834587097,0.0,0.0,0.7593013644218445,-0.09044443070888519,-0.08601032197475433,-3.0956919193267822,0.049961529672145844
1066,23.840086221694946,0.8594347834587097,0.0,0.0,0.7626464366912842,-0.11695747077465057,0.05051147937774658,-3.099321126937866,0.05774647742509842
1067,23.867552042007446,0.8594347834587097,0.0,0.0,0.7822045087814331,-0.13236810266971588,-0.06035615876317024,-3.0973973274230957,0.06764934957027435
1068,23.8781476020813,0.8594347834587097,0.0,0.0,0.7797723412513733,-0.12897725403308868,-0.18271493911743164,-3.089195966720581,0.07389285415410995
1069,23.907382488250732,0.8594347834587097,0.0,0.0,0.7623334527015686,-0.09399344027042389,-0.06024798005819321,-3.084994077682495,0.07919925451278687
1070,23.91964864730835,0.8594347834587097,0.0,0.0,0.760487973690033,-0.06290970742702484,0.059666458517313004,-3.090205192565918,0.07850713282823563
1071,23.94991135597229,0.8594347834587097,0.0,0.0,0.7636648416519165,-0.04238320514559746,0.13583683967590332,-3.0986366271972656,0.07289084047079086
1072,23.960670709609985,0.8594347834587097,0.0,0.0,0.773057758808136,-0.03130050376057625,0.11707883328199387,-3.105346202850342,0.06721631437540054
1073,23.98980951309204,0.8594347834587097,0.0,0.0,0.7840991020202637,-0.018323630094528198,0.10606101900339127,-3.1087279319763184,0.061156775802373886
1074,24.005116939544678,0.8594347834587097,0.0,0.0,0.7922264933586121,-0.0033873259089887142,0.09422624856233597,-3.109557628631592,0.05488002300262451
1075,24.035070419311523,0.8594347834587097,0.0,0.0,0.7997691631317139,0.01346878707408905,0.0970611646771431,-3.1085238456726074,0.04933876544237137
1076,24.051945209503174,0.8594347834587097,0.0,0.0,0.8085769414901733,0.027802100405097008,0.1243724524974823,-3.1071629524230957,0.04544787108898163
1077,24.081253051757812,0.8594347834587097,0.0,0.0,0.8144187927246094,0.03758428245782852,0.1598718762397766,-3.107567071914673,0.0448136180639267
1078,24.091976404190063,0.8594347834587097,0.0,0.0,0.819338858127594,0.0460113100707531,0.14341330528259277,-3.111820936203003,0.050936467945575714
1079,24.122917413711548,0.8594347834587097,0.0,0.0,0.8106954097747803,0.05933050066232681,-0.0003617409383878112,-3.1219229698181152,0.06315295398235321
1080,24.134228229522705,0.8594347834587097,0.0,0.0,0.8180969953536987,0.06427501142024994,0.1877116858959198,-3.1296305656433105,0.06494607776403427
1081,24.162784576416016,0.8594347834587097,0.0,0.0,0.7915940880775452,0.04640582948923111,0.2311829775571823,-3.1316940784454346,0.06487821787595749
1082,24.17446732521057,0.8594347834587097,0.0,0.0,0.752856433391571,0.01909453049302101,0.03369259834289551,-3.1250414848327637,0.06483020633459091
1083,24.206090927124023,0.8594347834587097,0.0,0.0,0.7254950404167175,0.003389195539057255,-0.07192844897508621,-3.115557909011841,0.06380118429660797
1084,24.218019247055054,0.8594347834587097,0.0,0.0,0.7074498534202576,-0.005947650410234928,-0.08915986865758896,-3.1090238094329834,0.06417293846607208
1085,24.24727511405945,0.8594347834587097,0.0,0.0,0.6918513178825378,-0.016715973615646362,-0.09159659594297409,-3.1054320335388184,0.06634797900915146
1086,24.260721683502197,0.8594347834587097,0.0,0.0,0.6854999661445618,-0.024659568443894386,-0.08801648765802383,-3.1040613651275635,0.0695333182811737
1087,24.292136430740356,0.8594347834587097,0.0,0.0,0.6883795857429504,-0.032474350184202194,-0.010704928077757359,-3.1051883697509766,0.07182911038398743
1088,24.304691791534424,0.8594347834587097,0.0,0.0,0.6940646767616272,-0.044640783220529556,0.031053338199853897,-3.1071488857269287,0.07258234173059464
1089,24.3446044921875,0.8594347834587097,0.0,0.0,0.7058166265487671,-0.06117192283272743,0.03246195986866951,-3.1092400550842285,0.07249625027179718
1090,24.356197357177734,0.8594347834587097,0.0,0.0,0.7242968082427979,-0.08462116867303848,0.0102506959810853,-3.1105213165283203,0.07161609083414078
1091,24.387548208236694,0.8594347834587097,0.0,0.0,0.7477033734321594,-0.09986255317926407,0.00558086670935154,-3.110961437225342,0.07028894126415253
1092,24.401066064834595,0.8594347834587097,0.0,0.0,0.7652894854545593,-0.11065127700567245,0.07239525765180588,-3.1109068393707275,0.07166372239589691
1093,24.437119245529175,0.8594347834587097,0.0,0.0,0.7862427234649658,-0.11686112731695175,0.032176658511161804,-3.109823226928711,0.07566763460636139
1094,24.45028042793274,0.8594347834587097,0.0,0.0,0.782077431678772,-0.11631351709365845,-0.0007604788988828659,-3.1048734188079834,0.08093965798616409
1095,24.479540824890137,0.8594347834587097,0.0,0.0,0.7693296670913696,-0.10250681638717651,-0.07145187258720398,-3.099604368209839,0.08930227160453796
1096,24.491129398345947,0.8594347834587097,0.0,0.0,0.7509639263153076,-0.06472523510456085,0.045026928186416626,-3.102482795715332,0.0905587449669838
1097,24.523936986923218,0.8594347834587097,0.0,0.0,0.7506728172302246,-0.038920577615499496,0.08794934302568436,-3.1130752563476562,0.08080185949802399
1098,24.53632616996765,0.8594347834587097,0.0,0.0,0.7544467449188232,-0.01916552521288395,0.10149262845516205,-3.123849868774414,0.06782244890928268
1099,24.567546606063843,0.8594347834587097,0.0,0.0,0.759830117225647,0.0012851638020947576,0.1615525484085083,-3.133115768432617,0.05727871134877205
1100,24.58272099494934,0.8594347834587097,0.0,0.0,0.7648609280586243,0.01821502484381199,0.21914160251617432,-3.140612840652466,0.05039354786276817
1101,24.68276619911194,0.8594347834587097,0.0,0.0,0.7725767493247986,0.03222796320915222,0.27679258584976196,3.138178586959839,0.045406147837638855
1102,24.69403314590454,0.8594347834587097,0.0,0.0,0.7812424898147583,0.045250874012708664,0.32497233152389526,3.13765025138855,0.04083063080906868
1103,24.73129153251648,0.8594347834587097,0.0,0.0,0.7881524562835693,0.056093744933605194,0.3612642288208008,3.1405222415924072,0.036900028586387634
1104,24.743375539779663,0.8594347834587097,0.0,0.0,0.7903768420219421,0.06781718134880066,0.338061660528183,-3.1389787197113037,0.03732859343290329
1105,24.77585458755493,0.8594347834587097,0.0,0.0,0.7829146981239319,0.08763594180345535,0.15891768038272858,-3.1392483711242676,0.04404817521572113
1106,24.790295600891113,0.8594347834587097,0.0,0.0,0.7888345718383789,0.08829843252897263,0.19533872604370117,-3.140427350997925,0.04379255324602127
1107,24.82286286354065,0.8594347834587097,0.0,0.0,0.7837952971458435,0.07598389685153961,0.2170642912387848,-3.140231132507324,0.043785084038972855
1108,24.834651947021484,0.8594347834587097,0.0,0.0,0.7571089267730713,0.044823210686445236,0.035702358931303024,-3.1355133056640625,0.04567385092377663
1109,24.868698596954346,0.8594347834587097,0.0,0.0,0.7355254888534546,0.017687108367681503,-0.1341845840215683,-3.12719464302063,0.04866420850157738
1110,24.882357358932495,0.8594347834587097,0.0,0.0,0.7219367623329163,-0.004178917501121759,-0.1342134028673172,-3.1201345920562744,0.05023037642240524
1111,24.91288661956787,0.8594347834587097,0.0,0.0,0.7165825963020325,-0.02276795357465744,-0.09134653210639954,-3.1144886016845703,0.051847029477357864
1112,24.92476201057434,0.8594347834587097,0.0,0.0,0.7199488878250122,-0.037443552166223526,-0.06719838827848434,-3.111021041870117,0.052877865731716156
1113,24.955497980117798,0.8594347834587097,0.0,0.0,0.7287369966506958,-0.05134817212820053,-0.029876168817281723,-3.1104791164398193,0.05301966890692711
1114,24.967260360717773,0.8594347834587097,0.0,0.0,0.7425932884216309,-0.07185309380292892,0.02280726470053196,-3.1117374897003174,0.052836138755083084
1115,24.998461961746216,0.8594347834587097,0.0,0.0,0.7613025307655334,-0.09324707835912704,0.04817063733935356,-3.1124107837677,0.05219082906842232
1116,25.010937929153442,0.8594347834587097,0.0,0.0,0.7856533527374268,-0.11311552673578262,-0.005282130558043718,-3.1113123893737793,0.051103971898555756
1117,25.042897939682007,0.8594347834587097,0.0,0.0,0.7855806350708008,-0.11749587208032608,-0.12905655801296234,-3.1104438304901123,0.04867466539144516
1118,25.057875156402588,0.8594347834587097,0.0,0.0,0.7717446684837341,-0.1062476709485054,-0.17689481377601624,-3.107891082763672,0.05421655625104904
1119,25.09349822998047,0.8594347834587097,0.0,0.0,0.7628560066223145,-0.06890641152858734,0.0062914337031543255,-3.1089155673980713,0.06011223420500755
1120,25.105254888534546,0.8594347834587097,0.0,0.0,0.7718418836593628,-0.04131355881690979,0.09768687933683395,-3.1154870986938477,0.05675418674945831
1121,25.137561559677124,0.8594347834587097,0.0,0.0,0.7878128290176392,-0.022914480417966843,0.09243933856487274,-3.121689796447754,0.04711966961622238
1122,25.149749040603638,0.8594347834587097,0.0,0.0,0.8054425120353699,-0.0056348866783082485,0.11137031763792038,-3.1263248920440674,0.03779635205864906
1123,25.179014921188354,0.8594347834587097,0.0,0.0,0.8182715773582458,0.010772446170449257,0.15437136590480804,-3.129523515701294,0.03162558004260063
1124,25.190854787826538,0.8594347834587097,0.0,0.0,0.8303965926170349,0.024939047172665596,0.14809000492095947,-3.130223035812378,0.028171157464385033
1125,25.219934225082397,0.8594347834587097,0.0,0.0,0.8481871485710144,0.042512115091085434,0.10793329030275345,-3.1277289390563965,0.025009654462337494
1126,25.232979774475098,0.8594347834587097,0.0,0.0,0.8691092729568481,0.06146037578582764,0.11511754989624023,-3.125218629837036,0.021639075130224228
1127,25.278218507766724,0.8594347834587097,0.0,0.0,0.8837792277336121,0.07535041123628616,0.17203298211097717,-3.1261610984802246,0.020568417385220528
1128,25.29069495201111,0.8594347834587097,0.0,0.0,0.8580961227416992,0.0939331203699112,0.07587605714797974,-3.132906198501587,0.02574293315410614
1129,25.31975245475769,0.8594347834587097,0.0,0.0,0.8496022820472717,0.08140671253204346,0.11951680481433868,-3.141533374786377,0.02880273200571537
1130,25.333850622177124,0.8594347834587097,0.0,0.0,0.8021160364151001,0.05453953519463539,0.09038375318050385,-3.139521360397339,0.0325041338801384
1131,25.36327314376831,0.8594347834587097,0.0,0.0,0.7698404788970947,0.03272011876106262,-0.0026863962411880493,-3.1286463737487793,0.03736993297934532
1132,25.38112473487854,0.8594347834587097,0.0,0.0,0.75203537940979,0.023267684504389763,-0.12482339888811111,-3.1191000938415527,0.03969971090555191
1133,25.41528630256653,0.8594347834587097,0.0,0.0,0.7393633723258972,0.018682416528463364,-0.16296415030956268,-3.1160781383514404,0.04171381890773773
1134,25.42601203918457,0.8594347834587097,0.0,0.0,0.7353756427764893,0.013835802674293518,-0.12399295717477798,-3.1170923709869385,0.04363801330327988
1135,25.45771861076355,0.8594347834587097,0.0,0.0,0.7345685362815857,0.006334909703582525,-0.08942227810621262,-3.120307683944702,0.043994780629873276
1136,25.47288155555725,0.8594347834587097,0.0,0.0,0.7384189367294312,-0.004367933142930269,-0.07093348354101181,-3.124845266342163,0.0443812720477581
1137,25.504068851470947,0.8594347834587097,0.0,0.0,0.7499943375587463,-0.01633068360388279,-0.05776306986808777,-3.128788948059082,0.04509984329342842
1138,25.517998456954956,0.8594347834587097,0.0,0.0,0.768047034740448,-0.02959589660167694,-0.038466811180114746,-3.132455587387085,0.04633127897977829
1139,25.558817625045776,0.8594347834587097,0.0,0.0,0.7932578921318054,-0.043133921921253204,-0.046212390065193176,-3.136235237121582,0.04765835404396057
1140,25.574211597442627,0.8594347834587097,0.0,0.0,0.8179848790168762,-0.05262992903590202,-0.024456892162561417,-3.137944221496582,0.0497376024723053
1141,25.610971689224243,0.8594347834587097,0.0,0.0,0.8310138583183289,-0.05774083733558655,0.0614221952855587,-3.135237693786621,0.05732988566160202
1142,25.62296175956726,0.8594347834587097,0.0,0.0,0.8317729830741882,-0.05633324384689331,0.048987701535224915,-3.129460573196411,0.0677684023976326
1143,25.651521921157837,0.8594347834587097,0.0,0.0,0.8077267408370972,-0.04036029800772667,0.06837104260921478,-3.124849557876587,0.07499897480010986
1144,25.66582727432251,0.8594347834587097,0.0,0.0,0.7876806855201721,-0.015851877629756927,0.14584611356258392,-3.12874698638916,0.07488001137971878
1145,25.6997332572937,0.8594347834587097,0.0,0.0,0.7754969596862793,0.001389617333188653,0.17506030201911926,-3.1394906044006348,0.06809704750776291
1146,25.720367670059204,0.8594347834587097,0.0,0.0,0.7733860015869141,0.007861727848649025,0.14319078624248505,3.132413148880005,0.06101922318339348
1147,25.799615383148193,0.8594347834587097,0.0,0.0,0.767928957939148,0.01659761555492878,0.1611994504928589,3.1240808963775635,0.05497566610574722
1148,25.81477403640747,0.8594347834587097,0.0,0.0,0.762782871723175,0.02507825195789337,0.2260333150625229,3.1177892684936523,0.05033234879374504
1149,25.84792399406433,0.8594347834587097,0.0,0.0,0.758582592010498,0.03343202546238899,0.2511119842529297,3.1143414974212646,0.047001324594020844
1150,25.859455108642578,0.8594347834587097,0.0,0.0,0.7598721981048584,0.04306725412607193,0.2245008945465088,3.113497734069824,0.04439122602343559
1151,25.88990616798401,0.8594347834587097,0.0,0.0,0.768343985080719,0.05326241999864578,0.21319159865379333,3.11496639251709,0.04281077906489372
1152,25.903949975967407,0.8594347834587097,0.0,0.0,0.781482994556427,0.06494966894388199,0.19297435879707336,3.117924451828003,0.04342416301369667
1153,25.93205690383911,0.8594347834587097,0.0,0.0,0.8011586666107178,0.08085355162620544,0.18997284770011902,3.122530937194824,0.04544183984398842
1154,25.944467782974243,0.8594347834587097,0.0,0.0,0.8139374256134033,0.08926510065793991,0.17384867370128632,3.1263742446899414,0.05065124109387398
1155,25.977526426315308,0.8594347834587097,0.0,0.0,0.8074564933776855,0.09983351826667786,0.03796156123280525,3.1237070560455322,0.062323957681655884
1156,25.99295663833618,0.8594347834587097,0.0,0.0,0.8076103925704956,0.09854158014059067,0.09240137040615082,3.119687795639038,0.06902068108320236
1157,26.02692437171936,0.8594347834587097,0.0,0.0,0.7963607311248779,0.08440574258565903,0.17330168187618256,3.121293544769287,0.07347060739994049
1158,26.039546251296997,0.8594347834587097,0.0,0.0,0.7672568559646606,0.058807190507650375,0.06740047037601471,3.130807876586914,0.0761944055557251
1159,26.07810640335083,0.8594347834587097,0.0,0.0,0.7430467009544373,0.03951137885451317,-0.03047177568078041,-3.1390697956085205,0.07614404708147049
1160,26.089349508285522,0.8594347834587097,0.0,0.0,0.7300552725791931,0.027846792712807655,-0.050996921956539154,-3.128671646118164,0.0740794911980629
1161,26.118783712387085,0.8594347834587097,0.0,0.0,0.7201449275016785,0.01782093569636345,-0.038753997534513474,-3.1227469444274902,0.0708385556936264
1162,26.132087469100952,0.8594347834587097,0.0,0.0,0.7152833938598633,0.008744410239160061,-0.041260767728090286,-3.1197783946990967,0.06759709864854813
1163,26.163984060287476,0.8594347834587097,0.0,0.0,0.7116492986679077,-0.004219427704811096,-0.030292600393295288,-3.118245840072632,0.06465164572000504
1164,26.174736499786377,0.8594347834587097,0.0,0.0,0.7164242267608643,-0.018692201003432274,-0.015385625883936882,-3.1179513931274414,0.06265147030353546
1165,26.20341157913208,0.8594347834587097,0.0,0.0,0.7304121255874634,-0.03822971135377884,0.027969257906079292,-3.118558645248413,0.06076670065522194
1166,26.216386318206787,0.8594347834587097,0.0,0.0,0.7550438642501831,-0.05636270344257355,0.055865269154310226,-3.119138717651367,0.05802129954099655
1167,26.24489736557007,0.8594347834587097,0.0,0.0,0.7817742824554443,-0.06797269731760025,0.084317147731781,-3.11995005607605,0.05478676036000252
1168,26.262244939804077,0.8594347834587097,0.0,0.0,0.8018760085105896,-0.08393702656030655,0.0764627531170845,-3.1203956604003906,0.05382630228996277
1169,26.291945219039917,0.8594347834587097,0.0,0.0,0.8212916254997253,-0.09806250780820847,0.020985282957553864,-3.1177237033843994,0.057003412395715714
1170,26.303632736206055,0.8594347834587097,0.0,0.0,0.8188194632530212,-0.09654580056667328,-0.08261365443468094,-3.1138556003570557,0.05905412137508392
1171,26.331528425216675,0.8594347834587097,0.0,0.0,0.7967461943626404,-0.07528890669345856,-0.08852145820856094,-3.1112403869628906,0.06440047919750214
1172,26.350637674331665,0.8594347834587097,0.0,0.0,0.7805917859077454,-0.03657469525933266,0.12167876958847046,-3.117295980453491,0.06604128330945969
1173,26.381887435913086,0.8594347834587097,0.0,0.0,0.786302387714386,-0.014124087989330292,0.1815125197172165,-3.1283795833587646,0.0597270168364048
1174,26.392499923706055,0.8594347834587097,0.0,0.0,0.7995993494987488,-0.0001756857382133603,0.1824357807636261,-3.1372554302215576,0.051087796688079834
1175,26.426119804382324,0.8594347834587097,0.0,0.0,0.8089240789413452,0.012662454508244991,0.16807302832603455,3.1402103900909424,0.04419226944446564
1176,26.438000679016113,0.8594347834587097,0.0,0.0,0.8150215744972229,0.028019597753882408,0.1890174150466919,3.136869192123413,0.039001330733299255
1177,26.46882462501526,0.8594347834587097,0.0,0.0,0.8215543627738953,0.043775685131549835,0.21301622688770294,3.1352365016937256,0.03515387699007988
1178,26.479490280151367,0.8594347834587097,0.0,0.0,0.8315862417221069,0.05761498212814331,0.2254015952348709,3.135695695877075,0.03186950087547302
1179,26.508626222610474,0.8594347834587097,0.0,0.0,0.8390730619430542,0.07173173129558563,0.222490593791008,3.136854410171509,0.031150853261351585
1180,26.52225637435913,0.8594347834587097,0.0,0.0,0.8459252715110779,0.08433493971824646,0.1704481989145279,3.136436700820923,0.03647323697805405
1181,26.55107307434082,0.8594347834587097,0.0,0.0,0.8428103923797607,0.09636754542589188,0.09669139236211777,3.1303911209106445,0.04489227384328842
1182,26.56176519393921,0.8594347834587097,0.0,0.0,0.8225809931755066,0.09754420071840286,0.21116960048675537,3.124478816986084,0.04599772393703461
1183,26.591189861297607,0.8594347834587097,0.0,0.0,0.782846987247467,0.07673027366399765,0.15571343898773193,3.126783847808838,0.04750673845410347
1184,26.612937688827515,0.8594347834587097,0.0,0.0,0.7449098825454712,0.05823146551847458,-0.052161719650030136,3.134648561477661,0.05132509022951126
1185,26.64153790473938,0.8594347834587097,0.0,0.0,0.7195603847503662,0.047264400869607925,-0.09879744052886963,3.140305280685425,0.05657070130109787
1186,26.653080701828003,0.8594347834587097,0.0,0.0,0.7077757716178894,0.04119955748319626,-0.09022940695285797,-3.140537738800049,0.060959506779909134
1187,26.680140256881714,0.8594347834587097,0.0,0.0,0.7036778926849365,0.039188969880342484,-0.08802442252635956,3.1412792205810547,0.06275290995836258
1188,26.69095778465271,0.8594347834587097,0.0,0.0,0.6972922682762146,0.03255952522158623,-0.04314453899860382,3.137005567550659,0.06368862837553024
1189,26.722670078277588,0.8594347834587097,0.0,0.0,0.6966282725334167,0.01777135394513607,-0.014170343056321144,3.132474899291992,0.06584550440311432
1190,26.734302282333374,0.8594347834587097,0.0,0.0,0.7097291350364685,0.004860080778598785,0.03039686754345894,3.1294443607330322,0.06735242903232574
1191,26.761839628219604,0.8594347834587097,0.0,0.0,0.7298426628112793,-0.007051317021250725,0.04789130389690399,3.1279850006103516,0.06680426001548767
1192,26.773847818374634,0.8594347834587097,0.0,0.0,0.7544212937355042,-0.017356574535369873,0.10528141260147095,3.1277828216552734,0.0664626732468605
1193,26.80867052078247,0.8594347834587097,0.0,0.0,0.7842581272125244,-0.023343276232481003,0.1966451108455658,3.127901315689087,0.06728003919124603
1194,26.821053504943848,0.8594347834587097,0.0,0.0,0.8091483116149902,-0.038343265652656555,0.15291202068328857,3.131387948989868,0.06884709000587463
1195,26.848792552947998,0.8594347834587097,0.0,0.0,0.8266163468360901,-0.048312801867723465,-0.13495409488677979,-3.141416549682617,0.07136285305023193
1196,26.858994722366333,0.8594347834587097,0.0,0.0,0.804295003414154,-0.03384022414684296,-0.213764026761055,-3.1327884197235107,0.07350216060876846
1197,26.884504318237305,0.8594347834587097,0.0,0.0,0.7727305889129639,0.006871109362691641,0.08135539293289185,-3.134641647338867,0.07837752252817154
1198,26.894541025161743,0.8594347834587097,0.0,0.0,0.7661774158477783,0.03023209422826767,0.16536355018615723,3.1390631198883057,0.07570087909698486
1199,26.925413846969604,0.8594347834587097,0.0,0.0,0.766913652420044,0.0445479191839695,0.17129160463809967,3.1304118633270264,0.06773421913385391
1200,26.938642263412476,0.8594347834587097,0.0,0.0,0.7724540829658508,0.055262308567762375,0.19928786158561707,3.124605417251587,0.060676343739032745
1201,26.968980073928833,0.8594347834587097,0.0,0.0,0.7754479050636292,0.06490906327962875,0.29473841190338135,3.121504068374634,0.05594141036272049
1202,26.987436771392822,0.8594347834587097,0.0,0.0,0.7731499671936035,0.07319186627864838,0.3272981345653534,3.1216623783111572,0.052516330033540726
1203,27.019438982009888,0.8594347834587097,0.0,0.0,0.7750840783119202,0.08554413914680481,0.23104724287986755,3.125812292098999,0.04932156577706337
1204,27.034337043762207,0.8594347834587097,0.0,0.0,0.7807568311691284,0.10917890071868896,0.1442604959011078,3.1302549839019775,0.04604573920369148
1205,27.06431531906128,0.8594347834587097,0.0,0.0,0.7451835870742798,0.14463715255260468,0.07775624841451645,3.1271157264709473,0.047077443450689316
1206,27.07521939277649,0.8594347834587097,0.0,0.0,0.7514180541038513,0.12200000882148743,0.08143135905265808,3.1212143898010254,0.045728154480457306
1207,27.105900049209595,0.8594347834587097,0.0,0.0,0.7319042682647705,0.09118078649044037,0.18473288416862488,3.126549482345581,0.049213066697120667
1208,27.118746757507324,0.8594347834587097,0.0,0.0,0.7171496748924255,0.055060014128685,0.11256352066993713,3.1407134532928467,0.05674682557582855
1209,27.150797367095947,0.8594347834587097,0.0,0.0,0.7089917659759521,0.024853773415088654,-0.015573648735880852,-3.127495288848877,0.06059585139155388
1210,27.161104440689087,0.8594347834587097,0.0,0.0,0.7056220769882202,0.0023511163890361786,-0.0687427967786789,-3.1182847023010254,0.06018904224038124
1211,27.19292140007019,0.8594347834587097,0.0,0.0,0.7106333374977112,-0.01611972413957119,-0.06499860435724258,-3.1146514415740967,0.05813862010836601
1212,27.204869985580444,0.8594347834587097,0.0,0.0,0.7199271321296692,-0.036457609385252,-0.05120666325092316,-3.1131224632263184,0.055188167840242386
1213,27.237943172454834,0.8594347834587097,0.0,0.0,0.7346979975700378,-0.0595206655561924,-0.0019850842654705048,-3.111531972885132,0.05239633470773697
1214,27.270040035247803,0.8594347834587097,0.0,0.0,0.7564361095428467,-0.08127536624670029,0.0065352534875273705,-3.1095972061157227,0.04919090121984482
1215,27.298764944076538,0.8594347834587097,0.0,0.0,0.7761048078536987,-0.1066431999206543,0.0120385205373168,-3.1067395210266113,0.04671749845147133
1216,27.311943292617798,0.8594347834587097,0.0,0.0,0.7964348793029785,-0.12292398512363434,0.021671663969755173,-3.1035754680633545,0.04699049890041351
1217,27.343584775924683,0.8594347834587097,0.0,0.0,0.7997339367866516,-0.12653808295726776,0.02493392676115036,-3.1017987728118896,0.0473545677959919
1218,27.35827875137329,0.8594347834587097,0.0,0.0,0.7824782133102417,-0.11342068016529083,0.02159782312810421,-3.0989809036254883,0.052690017968416214
1219,27.3876211643219,0.8594347834587097,0.0,0.0,0.7716993689537048,-0.0833655446767807,0.1076955795288086,-3.1004974842071533,0.056281838566064835
1220,27.401491165161133,0.8594347834587097,0.0,0.0,0.7792803049087524,-0.06056153401732445,0.17614488303661346,-3.106837034225464,0.049375586211681366
1221,27.432175397872925,0.8594347834587097,0.0,0.0,0.7961010932922363,-0.04371468722820282,0.21246623992919922,-3.1142067909240723,0.03781125321984291
1222,27.444182872772217,0.8594347834587097,0.0,0.0,0.8174321055412292,-0.03052438236773014,0.20867377519607544,-3.1210081577301025,0.027712715789675713
1223,27.47430968284607,0.8594347834587097,0.0,0.0,0.8348489999771118,-0.01719118095934391,0.20826010406017303,-3.1259939670562744,0.019660623744130135
1224,27.486696481704712,0.8594347834587097,0.0,0.0,0.8459915518760681,-0.003526122309267521,0.23385189473628998,-3.1284589767456055,0.013144205324351788
1225,27.51330041885376,0.8594347834587097,0.0,0.0,0.85828697681427,0.008130700327455997,0.2741777300834656,-3.128401517868042,0.008765831589698792
1226,27.525567054748535,0.8594347834587097,0.0,0.0,0.8709549307823181,0.013890380971133709,0.3326142728328705,-3.128225088119507,0.006814541295170784
1227,27.555280685424805,0.8594347834587097,0.0,0.0,0.8770678043365479,0.014722106978297234,0.3789159059524536,-3.1305484771728516,0.01030698325484991
1228,27.569034576416016,0.8594347834587097,0.0,0.0,0.8552579879760742,0.0267043337225914,0.26152122020721436,-3.1367945671081543,0.024350082501769066
1229,27.60027003288269,0.8594347834587097,0.0,0.0,0.854884147644043,0.018569789826869965,0.26632294058799744,3.137655735015869,0.034685876220464706
1230,27.62273621559143,0.8594347834587097,0.0,0.0,0.8126131296157837,0.002442196011543274,0.0035837963223457336,3.1355180740356445,0.037339892238378525
1231,27.658321857452393,0.8594347834587097,0.0,0.0,0.7678495049476624,-0.006965685170143843,-0.10668106377124786,3.139400005340576,0.04059325531125069
1232,27.671624422073364,0.8594347834587097,0.0,0.0,0.7383837103843689,-0.010994485579431057,-0.07215917855501175,-3.1399409770965576,0.04533568024635315
1233,27.700327157974243,0.8594347834587097,0.0,0.0,0.7177823781967163,-0.014485906809568405,-0.062498532235622406,-3.1372501850128174,0.05054403096437454
1234,27.7108371257782,0.8594347834587097,0.0,0.0,0.7023486495018005,-0.0165694747120142,-0.0944165512919426,-3.136880874633789,0.055439144372940063
1235,27.73960018157959,0.8594347834587097,0.0,0.0,0.6939071416854858,-0.018744828179478645,-0.045576613396406174,-3.139587640762329,0.06028291583061218
1236,27.751588821411133,0.8594347834587097,0.0,0.0,0.6931682825088501,-0.02278207615017891,0.0025047981180250645,3.1393253803253174,0.06381940096616745
1237,27.781728744506836,0.8594347834587097,0.0,0.0,0.6993247866630554,-0.03018677979707718,0.04606100544333458,3.1352200508117676,0.06532333791255951
1238,27.798872709274292,0.4200543463230133,0.0,0.0,0.7120143175125122,-0.04401208087801933,0.06596822291612625,3.133058547973633,0.06555390357971191
1239,27.82950711250305,0.4200543463230133,0.0,0.0,0.7267777323722839,-0.059924524277448654,-0.09185927361249924,3.1315083503723145,0.06258291751146317
1240,27.841427087783813,0.4200543463230133,0.0,0.0,0.7258338332176208,-0.06588985025882721,-0.21899786591529846,3.128600597381592,0.05768118053674698
1241,27.873857975006104,0.4200543463230133,0.0,0.0,0.7082467675209045,-0.06440462917089462,-0.20486758649349213,3.127103805541992,0.06175335496664047
1242,27.888549089431763,0.4200543463230133,0.0,0.0,0.6794058084487915,-0.03755244240164757,-0.3287380039691925,3.125953197479248,0.07553157210350037
1243,27.917348623275757,0.4200543463230133,0.0,0.0,0.6281166076660156,0.0147939994931221,-0.12149038910865784,3.1203010082244873,0.08391892164945602
1244,27.931702136993408,0.4200543463230133,0.0,0.0,0.5842424035072327,0.05531121417880058,0.042077768594026566,3.1127052307128906,0.08673156052827835
1245,27.961668491363525,0.4200543463230133,0.0,0.0,0.5418530106544495,0.08606599271297455,0.09358444809913635,3.107975959777832,0.08794330805540085
1246,27.974467515945435,0.4200543463230133,0.0,0.0,0.5121026039123535,0.11126971989870071,0.16384387016296387,3.105618476867676,0.08975400030612946
1247,28.002625226974487,0.4200543463230133,0.0,0.0,0.48086297512054443,0.1303405612707138,0.18380749225616455,3.1046202182769775,0.09180328249931335
1248,28.023995399475098,0.4200543463230133,0.0,0.0,0.44190698862075806,0.1463700383901596,0.20444869995117188,3.1026031970977783,0.09626971930265427
1249,28.05687713623047,0.4200543463230133,0.0,0.0,0.3523026406764984,0.18053649365901947,0.15815766155719757,3.0998308658599854,0.1067483052611351
1250,28.069348573684692,0.4200543463230133,0.0,0.0,0.3637673556804657,0.13377703726291656,0.15100328624248505,3.1006627082824707,0.10846269875764847
1251,28.100741386413574,0.4200543463230133,0.0,0.0,0.3479323089122772,0.08969766646623611,0.08336323499679565,3.111682653427124,0.1079154834151268
1252,28.113248109817505,0.4200543463230133,0.0,0.0,0.3363819122314453,0.05257364735007286,0.04294893145561218,3.1249687671661377,0.10558921098709106
1253,28.157387256622314,0.4200543463230133,0.0,0.0,0.32328173518180847,0.02319944091141224,0.013073410838842392,3.1350014209747314,0.10480803996324539
1254,28.169305562973022,0.4200543463230133,0.0,0.0,0.3179430365562439,-0.003193601267412305,-0.0068634022027254105,-3.141430377960205,0.1063382625579834
1255,28.196817874908447,0.4200543463230133,0.0,0.0,0.31829339265823364,-0.026444174349308014,0.04572175443172455,-3.1374282836914062,0.10507205873727798
1256,28.208231925964355,0.4200543463230133,0.0,0.0,0.31236666440963745,-0.05091950297355652,0.0930456593632698,-3.1323916912078857,0.1023859828710556
1257,28.240760803222656,0.4200543463230133,0.0,0.0,0.302094966173172,-0.0709318146109581,0.053136590868234634,-3.123727321624756,0.10175114125013351
1258,28.255016088485718,0.4200543463230133,0.0,0.0,0.29343152046203613,-0.07632465660572052,-0.020473435521125793,-3.1138150691986084,0.10357654839754105
1259,28.284058570861816,0.4200543463230133,0.0,0.0,0.28650954365730286,-0.07428891956806183,-0.036259960383176804,-3.105569362640381,0.10510814189910889
1260,28.296090841293335,0.4200543463230133,0.0,0.0,0.2781171202659607,-0.06811564415693283,-0.004950566217303276,-3.098396062850952,0.10636259615421295
1261,28.326881170272827,0.4200543463230133,0.0,0.0,0.2749372124671936,-0.0631372481584549,-0.025583669543266296,-3.092953681945801,0.10702332109212875
1262,28.341798067092896,0.4200543463230133,0.0,0.0,0.26835551857948303,-0.05519998446106911,-0.02061108872294426,-3.088940382003784,0.10615245252847672
1263,28.372539281845093,0.4200543463230133,0.0,0.0,0.26256248354911804,-0.046075742691755295,-0.03419269248843193,-3.0861458778381348,0.10593418776988983
1264,28.384618997573853,0.4200543463230133,0.0,0.0,0.25742822885513306,-0.039410706609487534,0.034568510949611664,-3.0839920043945312,0.10568980872631073
1265,28.417140007019043,0.4200543463230133,0.0,0.0,0.2559639513492584,-0.03365374356508255,0.06867018342018127,-3.081591844558716,0.10516643524169922
1266,28.42933940887451,0.4200543463230133,0.0,0.0,0.2583279311656952,-0.02925093099474907,0.03155430033802986,-3.078458786010742,0.10290200263261795
1267,28.461007595062256,0.4200543463230133,0.0,0.0,0.26013821363449097,-0.02035360597074032,-0.028189320117235184,-3.0747482776641846,0.09943325072526932
1268,28.473500967025757,0.4200543463230133,0.0,0.0,0.2604174315929413,-0.006169935222715139,-0.05214748531579971,-3.0725719928741455,0.09644097834825516
1269,28.50224757194519,0.4200543463230133,0.0,0.0,0.2602066397666931,0.013291029259562492,-0.007686500437557697,-3.07267427444458,0.0938388854265213
1270,28.515859842300415,0.4200543463230133,0.0,0.0,0.2692377269268036,0.03171001374721527,0.0359836108982563,-3.073572874069214,0.08812928944826126
1271,28.549793481826782,0.4200543463230133,0.0,0.0,0.2823953330516815,0.05169456824660301,0.1241314560174942,-3.073608636856079,0.07500885426998138
1272,28.565349817276,0.4200543463230133,0.0,0.0,0.2950058877468109,0.07497531175613403,0.22685980796813965,-3.074216842651367,0.05749738588929176
1273,28.59531593322754,0.4200543463230133,0.0,0.0,0.3032231330871582,0.09672681242227554,0.28532305359840393,-3.0770843029022217,0.037244174629449844
1274,28.60698890686035,0.4200543463230133,0.0,0.0,0.32333263754844666,0.10013771057128906,0.2973930239677429,-3.0797126293182373,0.014425295405089855
1275,28.6354718208313,0.4200543463230133,0.0,0.0,0.33966177701950073,0.08350960165262222,0.2289566695690155,-3.0814707279205322,-0.0012839955743402243
1276,28.648645401000977,0.4200543463230133,0.0,0.0,0.3527127802371979,0.03670225292444229,0.02907448261976242,-3.0814356803894043,-0.00808301568031311
1277,28.681995630264282,0.4200543463230133,0.0,0.0,0.37480446696281433,-0.005337807349860668,-0.12917043268680573,-3.077948808670044,-0.009833665564656258
1278,28.69331955909729,0.4200543463230133,0.0,0.0,0.40403512120246887,-0.026987018063664436,-0.14984270930290222,-3.075599193572998,-0.009322443045675755
1279,28.726139068603516,0.4200543463230133,0.0,0.0,0.4327489733695984,-0.03945004194974899,-0.05713943392038345,-3.0776894092559814,-0.0068260482512414455
1280,28.74961495399475,0.4200543463230133,0.0,0.0,0.4571974575519562,-0.05520571395754814,0.05121989548206329,-3.080247640609741,-9.86568265943788e-05
1281,28.78089213371277,0.4200543463230133,0.0,0.0,0.4762629270553589,-0.07192354649305344,-0.008758745156228542,-3.076519250869751,0.009391448460519314
1282,28.799045085906982,0.4200543463230133,0.0,0.0,0.4686102867126465,-0.07140468806028366,-0.08561873435974121,-3.0700602531433105,0.01278269849717617
1283,28.830150365829468,0.4200543463230133,0.0,0.0,0.4492145776748657,-0.050531476736068726,0.0280073881149292,-3.0683023929595947,0.012970853596925735
1284,28.84600329399109,0.4200543463230133,0.0,0.0,0.43843626976013184,-0.03612971305847168,0.11343835294246674,-3.072934627532959,0.00990410428494215
1285,28.87612795829773,0.4200543463230133,0.0,0.0,0.4357183873653412,-0.028160445392131805,0.10979755222797394,-3.0784759521484375,0.0061882976442575455
1286,28.888227462768555,0.4200543463230133,0.0,0.0,0.43548843264579773,-0.016956746578216553,0.14608651399612427,-3.0844035148620605,0.0026384724769741297
1287,28.918095350265503,0.4200543463230133,0.0,0.0,0.4391462802886963,-0.00928825419396162,0.18483752012252808,-3.0907058715820312,-4.118494689464569e-05
1288,28.93564486503601,0.4200543463230133,0.0,0.0,0.4410999119281769,-0.0030526022892445326,0.23715639114379883,-3.095601797103882,-0.0018746113637462258
1289,28.965588569641113,0.4200543463230133,0.0,0.0,0.43926772475242615,0.0026461794041097164,0.22593683004379272,-3.099198579788208,-0.0023404229432344437
1290,28.97710347175598,0.4200543463230133,0.0,0.0,0.4373723268508911,0.007631112355738878,0.15158501267433167,-3.1007769107818604,-0.0015376845840364695
1291,29.009389400482178,0.4200543463230133,0.0,0.0,0.4402044117450714,0.015736743807792664,0.0936782956123352,-3.0999913215637207,0.000768493686337024
1292,29.02368688583374,0.4200543463230133,0.0,0.0,0.4465877115726471,0.02373088151216507,0.07550287246704102,-3.0994231700897217,0.004690344911068678
1293,29.05221390724182,0.4200543463230133,0.0,0.0,0.45621684193611145,0.029241763055324554,0.09305056929588318,-3.101088523864746,0.010762501507997513
1294,29.076945304870605,0.4200543463230133,0.0,0.0,0.46945706009864807,0.037274859845638275,0.0706975907087326,-3.104271173477173,0.018370773643255234
1295,29.176759243011475,0.4200543463230133,0.0,0.0,0.4681900441646576,0.044875506311655045,0.049119025468826294,-3.1085710525512695,0.027435746043920517
1296,29.190227270126343,0.4200543463230133,0.0,0.0,0.48062771558761597,0.04312821477651596,0.11180616915225983,-3.114670991897583,0.032802700996398926
1297,29.21950101852417,0.4200543463230133,0.0,0.0,0.46958303451538086,0.033416181802749634,0.1863594949245453,-3.1188395023345947,0.03555157408118248
1298,29.23751473426819,0.4200543463230133,0.0,0.0,0.43683844804763794,0.012069175019860268,0.11341103911399841,-3.1178767681121826,0.0416187085211277
1299,29.26948094367981,0.4200543463230133,0.0,0.0,0.4108073115348816,-0.009872104972600937,-0.010321838781237602,-3.11128568649292,0.04713302478194237
1300,29.28348135948181,0.4200543463230133,0.0,0.0,0.3885146379470825,-0.02759971097111702,-0.01771874725818634,-3.1014227867126465,0.04793892800807953
1301,29.322006702423096,0.4200543463230133,0.0,0.0,0.3697936534881592,-0.040749117732048035,-0.029734257608652115,-3.0918376445770264,0.04816429689526558
1302,29.33580732345581,0.4200543463230133,0.0,0.0,0.35087746381759644,-0.05362320318818092,-0.036187779158353806,-3.084211587905884,0.04985121265053749
1303,29.36303448677063,0.4200543463230133,0.0,0.0,0.3332745432853699,-0.06700947135686874,-0.0705973356962204,-3.0792288780212402,0.05364293232560158
1304,29.377453088760376,0.4200543463230133,0.0,0.0,0.3322528004646301,-0.08122800290584564,-0.06334222108125687,-3.0763721466064453,0.057947929948568344
1305,29.40640377998352,0.4200543463230133,0.0,0.0,0.3269677460193634,-0.06873952597379684,-0.06620519608259201,-3.074448823928833,0.05527307838201523
1306,29.419708013534546,0.4200543463230133,0.0,0.0,0.3180333375930786,-0.045477140694856644,0.026860250160098076,-3.0727972984313965,0.057825129479169846
1307,29.449270486831665,0.4200543463230133,0.0,0.0,0.32091546058654785,-0.013825338333845139,0.05843003839254379,-3.0739173889160156,0.06397660821676254
1308,29.46810555458069,0.4200543463230133,0.0,0.0,0.33500543236732483,0.01739063672721386,0.045849382877349854,-3.0789380073547363,0.06492593139410019
1309,29.50170397758484,0.4200543463230133,0.0,0.0,0.35048067569732666,0.041072357445955276,0.041907042264938354,-3.083688974380493,0.056593939661979675
1310,29.519421815872192,0.4200543463230133,0.0,0.0,0.35858407616615295,0.06093877553939819,0.08139096200466156,-3.0865867137908936,0.043791867792606354
1311,29.552222967147827,0.4200543463230133,0.0,0.0,0.36180371046066284,0.0778295025229454,0.15112684667110443,-3.089170217514038,0.032683324068784714
1312,29.56298518180847,0.4200543463230133,0.0,0.0,0.33694472908973694,0.0982111245393753,0.21008479595184326,-3.093801975250244,0.026629043743014336
1313,29.59751558303833,0.4200543463230133,0.0,0.0,0.34516528248786926,0.09700068086385727,0.19693343341350555,-3.100267171859741,0.01976485177874565
1314,29.610074520111084,0.4200543463230133,0.0,0.0,0.3339063227176666,0.08677468448877335,0.17955735325813293,-3.1035869121551514,0.016931166872382164
1315,29.642456769943237,0.4200543463230133,0.0,0.0,0.32018694281578064,0.06734338402748108,0.07365207374095917,-3.1014838218688965,0.017810920253396034
1316,29.6639506816864,0.4200543463230133,0.0,0.0,0.31228402256965637,0.050266701728105545,-0.0858309417963028,-3.0978338718414307,0.019091075286269188
1317,29.694557666778564,0.4200543463230133,0.0,0.0,0.30602332949638367,0.03833489120006561,-0.09933065623044968,-3.098267078399658,0.020050762221217155
1318,29.707046031951904,0.4200543463230133,0.0,0.0,0.3029896914958954,0.0281711146235466,-0.08630882203578949,-3.1025540828704834,0.022801268845796585
1319,29.736433267593384,0.4200543463230133,0.0,0.0,0.3043087124824524,0.017714697867631912,-0.024905536323785782,-3.1085360050201416,0.027206752449274063
1320,29.749555587768555,0.9948345422744751,0.0,0.0,0.3124361038208008,0.008444016799330711,-0.005032400134950876,-3.1131575107574463,0.030734123662114143
1321,29.777998447418213,0.9948345422744751,0.0,0.0,0.322152316570282,0.0006281820824369788,0.13115917146205902,-3.113805055618286,0.03289226442575455
1322,29.79020929336548,0.9948345422744751,0.0,0.0,0.3280627727508545,-0.013432608917355537,0.2967950701713562,-3.1097216606140137,0.03403913974761963
1323,29.818899154663086,0.9948345422744751,0.0,0.0,0.33715927600860596,-0.010954286903142929,0.2424471080303192,-3.103696823120117,0.03272252902388573
1324,29.83359932899475,0.9948345422744751,0.0,0.0,0.3377153277397156,-0.0038107512518763542,0.23415368795394897,-3.0991430282592773,0.0321071594953537
1325,29.86242175102234,0.9948345422744751,0.0,0.0,0.34062641859054565,0.0045583671890199184,0.22443963587284088,-3.097707509994507,0.03665836155414581
1326,29.87422776222229,0.9948345422744751,0.0,0.0,0.35296744108200073,0.012338557280600071,0.1806243658065796,-3.099152088165283,0.044017493724823
1327,29.903836250305176,0.9948345422744751,0.0,0.0,0.37252381443977356,0.01594645157456398,0.12197054922580719,-3.101125717163086,0.04969610646367073
1328,29.917410373687744,0.9948345422744751,0.0,0.0,0.38908249139785767,0.016174307093024254,0.16757652163505554,-3.1012439727783203,0.054766323417425156
1329,29.94617509841919,0.9948345422744751,0.0,0.0,0.41220027208328247,0.01379274483770132,0.19359222054481506,-3.1007111072540283,0.06268277019262314
1330,29.970553159713745,0.9948345422744751,0.0,0.0,0.4423978924751282,0.012246889993548393,0.18362444639205933,-3.1014769077301025,0.07070375233888626
1331,29.99852752685547,0.9948345422744751,0.0,0.0,0.48164474964141846,0.002138205338269472,0.113105408847332,-3.1037425994873047,0.07783699780702591
1332,30.010087490081787,0.9948345422744751,0.0,0.0,0.5257583856582642,-0.015453480184078217,0.01017344743013382,-3.1048293113708496,0.08147736638784409
1333,30.041560173034668,0.9948345422744751,0.0,0.0,0.5770549178123474,-0.03249271586537361,-0.11322501301765442,-3.106611490249634,0.08055994659662247
1334,30.054447650909424,0.9948345422744751,0.0,0.0,0.6289888620376587,-0.04517540708184242,-0.13633982837200165,-3.112135410308838,0.07532084733247757
1335,30.083362817764282,0.9948345422744751,0.0,0.0,0.6867084503173828,-0.05477302521467209,-0.12935185432434082,-3.1226067543029785,0.07088316977024078
1336,30.096123218536377,0.9948345422744751,0.0,0.0,0.7505027651786804,-0.06005154550075531,-0.11715291440486908,-3.1355443000793457,0.06802979111671448
1337,30.134392023086548,0.9948345422744751,0.0,0.0,0.8043920993804932,-0.06871241331100464,-0.08604761213064194,3.13425612449646,0.0654900074005127
1338,30.14536714553833,0.9948345422744751,0.0,0.0,0.8449691534042358,-0.07855116575956345,-0.06577733159065247,3.1221864223480225,0.0645662248134613
1339,30.176175117492676,0.9948345422744751,0.0,0.0,0.8783549070358276,-0.08481570333242416,-0.10818657279014587,3.114778518676758,0.06617310643196106
1340,30.189225673675537,0.9948345422744751,0.0,0.0,0.8749347925186157,-0.06393936276435852,-0.09482669830322266,3.108802080154419,0.06244871765375137
1341,30.288668632507324,0.9948345422744751,0.0,0.0,0.8545812368392944,-0.01976260170340538,0.2124364674091339,3.099987030029297,0.05593066290020943
1342,30.301443338394165,0.9948345422744751,0.0,0.0,0.8681170344352722,0.0011937827803194523,0.28475603461265564,3.0901496410369873,0.04466508701443672
1343,30.33098840713501,0.9948345422744751,0.0,0.0,0.901516318321228,0.016833307221531868,0.293561726808548,3.084817409515381,0.03278685361146927
1344,30.341977834701538,0.9948345422744751,0.0,0.0,0.936087965965271,0.03242292255163193,0.29307231307029724,3.0833098888397217,0.02309577539563179
1345,30.37214970588684,0.9948345422744751,0.0,0.0,0.9657831192016602,0.048288408666849136,0.3449195623397827,3.0847880840301514,0.015559530816972256
1346,30.38551688194275,0.9948345422744751,0.0,0.0,0.9955732226371765,0.06152728199958801,0.4204391837120056,3.0899243354797363,0.009153514169156551
1347,30.413284301757812,0.9948345422744751,0.0,0.0,1.017867088317871,0.06843595206737518,0.5066469311714172,3.09941029548645,0.0028743634466081858
1348,30.426809310913086,0.9948345422744751,0.0,0.0,1.0184575319290161,0.0723862424492836,0.592119574546814,3.1109070777893066,0.001802012207917869
1349,30.46252942085266,0.9948345422744751,0.0,0.0,0.9781468510627747,0.07712604850530624,0.39540889859199524,3.116292953491211,0.012584283016622066
1350,30.47402048110962,0.9948345422744751,0.0,0.0,0.9481660723686218,0.04914124682545662,0.23320680856704712,3.1216821670532227,0.016647526994347572
1351,30.50226879119873,0.9948345422744751,0.0,0.0,0.8987149000167847,0.007812635973095894,-0.02976299822330475,3.131308078765869,0.01856868527829647
1352,30.515333890914917,0.9948345422744751,0.0,0.0,0.8648313283920288,-0.021578969433903694,-0.13042989373207092,3.140198230743408,0.022422412410378456
1353,30.54642415046692,0.9948345422744751,0.0,0.0,0.8391962051391602,-0.050559092313051224,-0.08590207993984222,-3.137040138244629,0.029888343065977097
1354,30.557987213134766,0.9948345422744751,0.0,0.0,0.8353205323219299,-0.07129497081041336,-0.04794291406869888,-3.131110668182373,0.04035421460866928
1355,30.595292806625366,0.9948345422744751,0.0,0.0,0.8460650444030762,-0.08037140220403671,-0.03833165764808655,-3.126666784286499,0.047712791711091995
1356,30.60725498199463,0.9948345422744751,0.0,0.0,0.8544195294380188,-0.08704718947410583,4.646996967494488e-05,-3.1257693767547607,0.051049623638391495
1357,30.63590717315674,0.9948345422744751,0.0,0.0,0.8627809882164001,-0.09779364615678787,0.04905424267053604,-3.1285202503204346,0.054263390600681305
1358,30.646549224853516,0.9948345422744751,0.0,0.0,0.8780496716499329,-0.12463993579149246,0.09726566076278687,-3.130354166030884,0.05896497890353203
1359,30.678590536117554,0.9948345422744751,0.0,0.0,0.9172715544700623,-0.13916842639446259,-0.08285050094127655,-3.129049301147461,0.0587252713739872
1360,30.690067052841187,0.9948345422744751,0.0,0.0,0.9075620174407959,-0.13298767805099487,-0.15097585320472717,-3.128143548965454,0.0539376363158226
1361,30.717829942703247,0.9948345422744751,0.0,0.0,0.8847347497940063,-0.102242112159729,0.012174457311630249,-3.128659248352051,0.06067874655127525
1362,30.73408269882202,0.9948345422744751,0.0,0.0,0.8815343976020813,-0.06790734082460403,0.17653222382068634,-3.1333298683166504,0.06610473245382309
1363,30.768887281417847,0.9948345422744751,0.0,0.0,0.8962216377258301,-0.044508762657642365,0.19064776599407196,-3.139162063598633,0.060809895396232605
1364,30.782451152801514,0.9948345422744751,0.0,0.0,0.9155217409133911,-0.02650447189807892,0.15722641348838806,3.138946533203125,0.05054551362991333
1365,30.813273668289185,0.9948345422744751,0.0,0.0,0.9288226962089539,-0.006125020794570446,0.1562843769788742,3.135171890258789,0.041326120495796204
1366,30.82522201538086,0.9948345422744751,0.0,0.0,0.9431629776954651,0.013712001033127308,0.1923145055770874,3.1329188346862793,0.03444020822644234
1367,30.855535984039307,0.9948345422744751,0.0,0.0,0.9558466672897339,0.029812339693307877,0.298749715089798,3.1337876319885254,0.02892833761870861
1368,30.867541074752808,0.9948345422744751,0.0,0.0,0.9659572243690491,0.044614728540182114,0.3807257413864136,3.1381101608276367,0.025183558464050293
1369,30.896373748779297,0.9948345422744751,0.0,0.0,0.9706507325172424,0.055715519934892654,0.40495869517326355,3.141544818878174,0.026950834318995476
1370,30.907814264297485,0.9948345422744751,0.0,0.0,0.9399447441101074,0.07463131844997406,0.11205409467220306,3.1345419883728027,0.04141621291637421
1371,30.940348386764526,0.9948345422744751,0.0,0.0,0.9342408180236816,0.07146713137626648,0.1709245890378952,3.1203689575195312,0.0521443746984005
1372,30.952661752700806,0.9948345422744751,0.0,0.0,0.8867605328559875,0.05612190440297127,0.09033775329589844,3.1152918338775635,0.05624951794743538
1373,30.98219323158264,0.9948345422744751,0.0,0.0,0.8425284624099731,0.042148344218730927,0.024065103381872177,3.120185136795044,0.05766976252198219
1374,30.99327826499939,0.9948345422744751,0.0,0.0,0.8142216205596924,0.03806464001536369,-0.02329268306493759,3.1263766288757324,0.05864592269062996
1375,31.021612882614136,0.9948345422744751,0.0,0.0,0.7904980778694153,0.03852943703532219,-0.1243840903043747,3.1280314922332764,0.06025015190243721
1376,31.03470253944397,0.9948345422744751,0.0,0.0,0.7715752124786377,0.037262771278619766,-0.11064593493938446,3.1252102851867676,0.0638742670416832
1377,31.070770502090454,0.9948345422744751,0.0,0.0,0.7625430226325989,0.03583844378590584,-0.06633715331554413,3.1212925910949707,0.06819096952676773
1378,31.084250450134277,0.9948345422744751,0.0,0.0,0.7607576847076416,0.032181862741708755,-0.011670559644699097,3.116274118423462,0.07123327255249023
1379,31.114896059036255,0.9948345422744751,0.0,0.0,0.7682561278343201,0.028753506019711494,0.013358991593122482,3.110802412033081,0.07267425954341888
1380,31.12587857246399,0.9948345422744751,0.0,0.0,0.7845765352249146,0.024076595902442932,0.023207388818264008,3.1055619716644287,0.07229363173246384
1381,31.155147552490234,0.9948345422744751,0.0,0.0,0.8072918057441711,0.013757739216089249,0.05480492487549782,3.101844549179077,0.07131136953830719
1382,31.16720461845398,0.9948345422744751,0.0,0.0,0.8395019769668579,0.0013159955851733685,0.05741441249847412,3.0999391078948975,0.07073946297168732
1383,31.19649386405945,0.9948345422744751,0.0,0.0,0.8779452443122864,-0.007102753035724163,0.059503279626369476,3.0990848541259766,0.06972425431013107
1384,31.20804524421692,0.9948345422744751,0.0,0.0,0.9188610315322876,-0.007088628131896257,0.11799612641334534,3.0994815826416016,0.06867697834968567
1385,31.242127656936646,0.9948345422744751,0.0,0.0,0.9576941728591919,-0.01482386514544487,0.09131018072366714,3.1029586791992188,0.06791061908006668
1386,31.253978967666626,0.9948345422744751,0.0,0.0,0.9764528274536133,-0.02264123037457466,-0.04113912582397461,3.115402936935425,0.06888172775506973
1387,31.28368043899536,0.9948345422744751,0.0,0.0,0.9616612792015076,-0.003552591660991311,-0.16415458917617798,3.1288695335388184,0.07035022228956223
1388,31.294899940490723,0.9948345422744751,0.0,0.0,0.9268028736114502,0.033366609364748,0.14769956469535828,3.129026174545288,0.06756837666034698
1389,31.32505440711975,0.9948345422744751,0.0,0.0,0.9175126552581787,0.04722540080547333,0.17783904075622559,3.12076473236084,0.057995278388261795
1390,31.335294485092163,0.9948345422744751,0.0,0.0,0.9164601564407349,0.054941803216934204,0.18222083151340485,3.1122753620147705,0.04651876166462898
1391,31.405375957489014,0.9948345422744751,0.0,0.0,0.9181156754493713,0.061503078788518906,0.212164968252182,3.1056034564971924,0.03834175691008568
1392,31.417829275131226,0.9948345422744751,0.0,0.0,0.9327272772789001,0.06317902356386185,0.22584697604179382,3.101667642593384,0.03437521308660507
1393,31.44580101966858,0.9948345422744751,0.0,0.0,0.947021484375,0.06385133415460587,0.22305816411972046,3.1017298698425293,0.031749971210956573
1394,31.457340955734253,0.9948345422744751,0.0,0.0,0.9625791907310486,0.0680857002735138,0.23593956232070923,3.1049540042877197,0.02848971076309681
1395,31.485157251358032,0.9948345422744751,0.0,0.0,0.9768871068954468,0.07624663412570953,0.2550097107887268,3.1091156005859375,0.024483952671289444
1396,31.49575185775757,0.9948345422744751,0.0,0.0,0.9907324910163879,0.08526746183633804,0.2170143723487854,3.115060567855835,0.02207150310277939
1397,31.529595136642456,0.9948345422744751,0.0,0.0,1.0058897733688354,0.0962318480014801,0.17550237476825714,3.122525930404663,0.02394292876124382
1398,31.54756808280945,0.9948345422744751,0.0,0.0,0.9930716156959534,0.10506422817707062,0.11016730964183807,3.1234896183013916,0.03078826330602169
1399,31.579184770584106,0.9948345422744751,0.0,0.0,0.9707624316215515,0.08680825680494308,0.1890200972557068,3.1227314472198486,0.030599165707826614
1400,31.592264652252197,0.9948345422744751,0.0,0.0,0.9203654527664185,0.048041991889476776,0.09789706021547318,3.131882429122925,0.03312645107507706
1401,31.62074899673462,0.9948345422744751,0.0,0.0,0.8851433992385864,0.015463265590369701,0.007698294706642628,-3.1361000537872314,0.03900591656565666
1402,31.632957458496094,0.9948345422744751,0.0,0.0,0.8679999113082886,-0.008118996396660805,-0.04477311670780182,-3.123194932937622,0.04366960749030113
1403,31.66722083091736,0.9948345422744751,0.0,0.0,0.8604157567024231,-0.023848773911595345,-0.07058204710483551,-3.114865303039551,0.047263551503419876
1404,31.68105983734131,0.9948345422744751,0.0,0.0,0.8582440614700317,-0.03512497618794441,-0.11996491253376007,-3.110521078109741,0.05079222843050957
1405,31.710601806640625,0.9948345422744751,0.0,0.0,0.8601312041282654,-0.049403101205825806,-0.09558692574501038,-3.1100590229034424,0.05436674505472183
1406,31.722757577896118,0.9948345422744751,0.0,0.0,0.8735200762748718,-0.06319477409124374,-0.013865824788808823,-3.1124353408813477,0.05784890800714493
1407,31.751657962799072,0.9948345422744751,0.0,0.0,0.8892431259155273,-0.07801467925310135,0.028297998011112213,-3.116086483001709,0.06103062257170677
1408,31.76221752166748,0.9948345422744751,0.0,0.0,0.9074829816818237,-0.10367611795663834,0.06630658358335495,-3.1167728900909424,0.06637610495090485
1409,31.819416284561157,0.9948345422744751,0.0,0.0,0.9396259188652039,-0.11887411773204803,-0.12023190408945084,-3.112013339996338,0.07009383291006088
1410,31.82943892478943,0.9948345422744751,0.0,0.0,0.9363170862197876,-0.11497972160577774,-0.11560708284378052,-3.105064630508423,0.07079404592514038
1411,31.85992193222046,0.9948345422744751,0.0,0.0,0.9139801859855652,-0.09493469446897507,-0.05098936706781387,-3.1013498306274414,0.07764077931642532
1412,31.872498273849487,0.9948345422744751,0.0,0.0,0.8969749808311462,-0.061320532113313675,0.09922191500663757,-3.1062986850738525,0.08133739978075027
1413,31.900493621826172,0.9948345422744751,0.0,0.0,0.8974830508232117,-0.03963366523385048,0.14144891500473022,-3.1170387268066406,0.07466878741979599
1414,31.91118836402893,0.9948345422744751,0.0,0.0,0.9068465828895569,-0.026011740788817406,0.13483259081840515,-3.1273510456085205,0.06395364552736282
1415,31.94650101661682,0.9948345422744751,0.0,0.0,0.9174181222915649,-0.01386635284870863,0.11793385446071625,-3.1346933841705322,0.05410399287939072
1416,31.961545944213867,0.9948345422744751,0.0,0.0,0.9274044036865234,0.0006203939556144178,0.13547855615615845,-3.139246702194214,0.045824095606803894
1417,31.996562242507935,0.9948345422744751,0.0,0.0,0.9366013407707214,0.015712283551692963,0.1775093972682953,3.1414132118225098,0.03929261863231659
1418,32.00859189033508,0.9948345422744751,0.0,0.0,0.9506188035011292,0.026578258723020554,0.22766289114952087,3.141050338745117,0.034130316227674484
1419,32.040160179138184,0.9948345422744751,0.0,0.0,0.9641850590705872,0.03929575905203819,0.26572421193122864,-3.139387845993042,0.030604654923081398
1420,32.05217099189758,0.9948345422744751,0.0,0.0,0.9818336963653564,0.051138319075107574,0.28415489196777344,-3.1336851119995117,0.03034711442887783
1421,32.088128089904785,0.9948345422744751,0.0,0.0,0.994555652141571,0.05908866971731186,0.24019545316696167,-3.1307029724121094,0.03594350442290306
1422,32.10347533226013,0.9948345422744751,0.0,0.0,0.9883494973182678,0.07373175770044327,0.1619122326374054,-3.1383919715881348,0.04866461828351021
1423,32.136494398117065,0.9948345422744751,0.0,0.0,0.9847284555435181,0.06870581954717636,0.30173540115356445,3.137143850326538,0.05117759108543396
1424,32.15252876281738,0.9948345422744751,0.0,0.0,0.9403166174888611,0.04217306151986122,0.06659884750843048,3.137136697769165,0.051133956760168076
1425,32.17958974838257,0.9948345422744751,0.0,0.0,0.9011664390563965,0.02351842261850834,-0.06950674206018448,-3.14156174659729,0.05284624174237251
1426,32.19899773597717,0.9948345422744751,0.0,0.0,0.8761966228485107,0.009753107093274593,-0.05181111395359039,-3.138258457183838,0.05598757043480873
1427,32.234941244125366,0.9948345422744751,0.0,0.0,0.8611356019973755,-0.0034324571024626493,-0.016440339386463165,-3.1359546184539795,0.05966895446181297
1428,32.24579381942749,0.9948345422744751,0.0,0.0,0.8541873693466187,-0.01316804438829422,-0.02142994850873947,-3.1343421936035156,0.06321161985397339
1429,32.27500247955322,0.9948345422744751,0.0,0.0,0.8536321520805359,-0.02134404145181179,-0.007617832161486149,-3.134350538253784,0.06632985919713974
1430,32.28631949424744,0.9948345422744751,0.0,0.0,0.8609610795974731,-0.03164471685886383,0.04427938163280487,-3.136460781097412,0.06857737898826599
1431,32.3131947517395,0.9948345422744751,0.0,0.0,0.8778070211410522,-0.04711077734827995,0.09112900495529175,-3.1393814086914062,0.06922806054353714
1432,32.3245632648468,0.9948345422744751,0.0,0.0,0.9008808135986328,-0.06233031675219536,0.1366858333349228,-3.140871047973633,0.06851974874734879
1433,32.3528265953064,0.9948345422744751,0.0,0.0,0.927418053150177,-0.0828644335269928,0.17017978429794312,-3.138580322265625,0.06868935376405716
1434,32.363160371780396,0.9948345422744751,0.0,0.0,0.9664131999015808,-0.09729523956775665,-0.03333299234509468,-3.1313586235046387,0.06829631328582764
1435,32.39100670814514,0.9948345422744751,0.0,0.0,0.9588096737861633,-0.09452421218156815,-0.22669076919555664,-3.124603271484375,0.06613992899656296
1436,32.40475845336914,0.9948345422744751,0.0,0.0,0.9275888800621033,-0.06699677556753159,-0.0699605643749237,-3.121689796447754,0.07326479256153107
1437,32.43397116661072,0.9948345422744751,0.0,0.0,0.9109943509101868,-0.0334891751408577,0.12755106389522552,-3.1259617805480957,0.07817543298006058
1438,32.45473647117615,0.9948345422744751,0.0,0.0,0.9064124226570129,-0.011941755190491676,0.1724248230457306,-3.1339187622070312,0.07404714077711105
1439,32.48909878730774,0.9948345422744751,0.0,0.0,0.9135845899581909,0.0032336460426449776,0.13841362297534943,-3.1414291858673096,0.06738636642694473
1440,32.49937558174133,0.9948345422744751,0.0,0.0,0.9235144853591919,0.017592011019587517,0.1172531247138977,3.136155843734741,0.06152339652180672
1441,32.52972388267517,0.9948345422744751,0.0,0.0,0.9269465804100037,0.03456979617476463,0.12932737171649933,3.132415294647217,0.057817138731479645
1442,32.54220962524414,0.9948345422744751,0.0,0.0,0.9331186413764954,0.050924334675073624,0.17677612602710724,3.129580020904541,0.055678121745586395
1443,32.57487106323242,0.9948345422744751,0.0,0.0,0.9384674429893494,0.06452220678329468,0.21005459129810333,3.1281068325042725,0.05439268797636032
1444,32.58773899078369,0.9948345422744751,0.0,0.0,0.939523458480835,0.07612382620573044,0.22457341849803925,3.1287503242492676,0.05699004605412483
1445,32.61789798736572,0.9948345422744751,0.0,0.0,0.9392678141593933,0.0891401544213295,0.1442432403564453,3.130180835723877,0.0681978389620781
1446,32.63155817985535,0.9948345422744751,0.0,0.0,0.9321085214614868,0.11272653192281723,0.14094915986061096,3.1294829845428467,0.07946484535932541
1447,32.66465902328491,0.9948345422744751,0.0,0.0,0.9435713887214661,0.09471818804740906,0.308008074760437,3.1334383487701416,0.07875040173530579
1448,32.67780780792236,0.9948345422744751,0.0,0.0,0.9065163135528564,0.057767074555158615,0.1793472021818161,-3.140268087387085,0.08078192919492722
1449,32.70713973045349,0.9948345422744751,0.0,0.0,0.8755929470062256,0.025032492354512215,-0.021019261330366135,-3.1284749507904053,0.08647753298282623
1450,32.71844172477722,0.9948345422744751,0.0,0.0,0.8624973297119141,0.0014145337045192719,-0.045420095324516296,-3.120370388031006,0.09114636480808258
1451,32.750476121902466,0.9948345422744751,0.0,0.0,0.8619822263717651,-0.01540154218673706,-0.01896371878683567,-3.1152243614196777,0.09308473765850067
1452,32.765202045440674,0.9948345422744751,0.0,0.0,0.8649539947509766,-0.02851870469748974,-0.010111214593052864,-3.1131482124328613,0.09159471094608307
1453,32.79484581947327,0.9948345422744751,0.0,0.0,0.8674988746643066,-0.047078415751457214,0.0108964117243886,-3.1140077114105225,0.08983299881219864
1454,32.80684781074524,0.9948345422744751,0.0,0.0,0.8796687126159668,-0.07032707333564758,0.020278170704841614,-3.116119384765625,0.08981955051422119
1455,32.834064245224,0.9948345422744751,0.0,0.0,0.8983580470085144,-0.08985597640275955,0.04297557473182678,-3.1177978515625,0.09127067774534225
1456,32.85135531425476,0.9948345422744751,0.0,0.0,0.9178749322891235,-0.11252345889806747,0.12476638704538345,-3.116647243499756,0.09650175273418427
1457,32.87975525856018,0.9948345422744751,0.0,0.0,0.9405392408370972,-0.14606064558029175,0.191722109913826,-3.1084494590759277,0.10811377316713333
1458,32.89112377166748,0.9948345422744751,0.0,0.0,0.9703271389007568,-0.16054706275463104,-0.16552765667438507,-3.0953543186187744,0.11750945448875427
1459,32.91904163360596,0.9948345422744751,0.0,0.0,0.9615234732627869,-0.13621604442596436,-0.14604540169239044,-3.086108684539795,0.1260591745376587
1460,32.93190121650696,0.9948345422744751,0.0,0.0,0.922034502029419,-0.0854741781949997,0.13707146048545837,-3.0947234630584717,0.1330714225769043
1461,32.96230101585388,0.9948345422744751,0.0,0.0,0.9094410538673401,-0.06257537752389908,0.14021801948547363,-3.1121175289154053,0.13056114315986633
1462,32.97444939613342,0.9948345422744751,0.0,0.0,0.9217143058776855,-0.05253075435757637,0.08476918935775757,-3.1257667541503906,0.12148753553628922
1463,33.00335931777954,0.9948345422744751,0.0,0.0,0.9375482797622681,-0.037035390734672546,0.13236063718795776,-3.1351048946380615,0.11313082277774811
1464,33.014371156692505,0.9948345422744751,0.0,0.0,0.9640961289405823,-0.024265270680189133,0.14232777059078217,-3.1415672302246094,0.10897121578454971
1465,33.04853272438049,0.9948345422744751,0.0,0.0,0.994245171546936,-0.014169909991323948,0.09988272935152054,3.1391072273254395,0.10499357432126999
1466,33.059858322143555,0.9948345422744751,0.0,0.0,1.0160199403762817,-0.003553115064278245,0.06769740581512451,3.140645980834961,0.09858657419681549
1467,33.09181785583496,0.9948345422744751,0.0,0.0,1.0316756963729858,0.011019140481948853,0.06721541285514832,-3.1378610134124756,0.09066727012395859
1468,33.10398745536804,0.9948345422744751,0.0,0.0,1.0463365316390991,0.026238923892378807,0.09837435930967331,-3.131183624267578,0.08311343938112259
1469,33.137226581573486,0.9948345422744751,0.0,0.0,1.0225183963775635,0.04932834580540657,0.27313247323036194,-3.1273298263549805,0.07732728868722916
1470,33.15108323097229,0.9948345422744751,0.0,0.0,0.9975254535675049,0.03918495029211044,0.2520992159843445,-3.130521774291992,0.07041647285223007
1471,33.186359882354736,0.9948345422744751,0.0,0.0,0.9578377604484558,0.023935725912451744,-0.03168122097849846,-3.1355841159820557,0.06395568698644638
1472,33.2010064125061,0.9948345422744751,0.0,0.0,0.9046609997749329,0.0034969006665050983,-0.09376859664916992,-3.1350767612457275,0.058987315744161606
1473,33.23131847381592,0.9948345422744751,0.0,0.0,0.862230122089386,-0.016793446615338326,-0.17836183309555054,-3.124779224395752,0.05262693762779236
1474,33.24385094642639,0.9948345422744751,0.0,0.0,0.8260107040405273,-0.03388356417417526,-0.2730633616447449,-3.108839273452759,0.04231421276926994
1475,33.27756190299988,0.9948345422744751,0.0,0.0,0.7881408333778381,-0.04940810427069664,-0.4031646251678467,-3.0920755863189697,0.03132568672299385
1476,33.29112887382507,0.9948345422744751,0.0,0.0,0.753280758857727,-0.06269154697656631,-0.5753739476203918,-3.0785515308380127,0.022626174613833427
1477,33.32044959068298,0.9948345422744751,0.0,0.0,0.7119964957237244,-0.08255285024642944,-0.8276038765907288,-3.0690643787384033,0.01609174907207489
1478,33.34346628189087,0.9948345422744751,0.0,0.0,0.7126482129096985,-0.08089149743318558,-0.9898753762245178,-3.0628702640533447,0.010175162926316261
1479,33.37529706954956,0.9948345422744751,0.0,0.0,0.7472796440124512,-0.05942356586456299,-0.8957768678665161,-3.056156635284424,0.01565227285027504
1480,33.3894407749176,0.9948345422744751,0.0,0.0,0.7876006364822388,-0.01722186803817749,-0.8476352691650391,-3.052434206008911,0.0275277066975832
1481,33.41788983345032,0.9948345422744751,0.0,0.0,0.8015615940093994,0.0008736883755773306,-0.9967259168624878,-3.060093879699707,0.03358206897974014
1482,33.43256855010986,0.9948345422744751,0.0,0.0,0.8249708414077759,0.00790017656981945,-0.9126331806182861,-3.076251745223999,0.035211458802223206
1483,33.46286869049072,0.9948345422744751,0.0,0.0,0.8619548678398132,0.01819208823144436,-0.757188081741333,-3.100848913192749,0.03240187466144562
1484,33.475250244140625,0.9948345422744751,0.0,0.0,0.8978548645973206,0.025836631655693054,-0.7341315150260925,-3.130364418029785,0.023211628198623657
1485,33.50420832633972,0.9948345422744751,0.0,0.0,0.9105145931243896,0.03969274461269379,-0.7061277627944946,3.126666784286499,0.009959296323359013
1486,33.5160448551178,0.9948345422744751,0.0,0.0,0.9079142212867737,0.07584796845912933,-0.207861989736557,3.1053037643432617,-0.0027169606182724237
1487,33.55247664451599,0.9948345422744751,0.0,0.0,0.946073055267334,0.10611695051193237,0.0316685289144516,3.087290048599243,-0.021934837102890015
1488,33.57188582420349,0.9948345422744751,0.0,0.0,0.9737727642059326,0.1021491140127182,0.21407824754714966,3.0828397274017334,-0.03591291978955269
1489,33.59833073616028,0.9948345422744751,0.0,0.0,0.9914852380752563,0.09303788095712662,0.31936001777648926,3.092648983001709,-0.040210288017988205
1490,33.60799813270569,0.9948345422744751,0.0,0.0,1.012693166732788,0.10471847653388977,0.3853164315223694,3.1090357303619385,-0.04341193661093712
1491,33.63530158996582,0.9948345422744751,0.0,0.0,1.0367431640625,0.1307310163974762,0.4172958731651306,3.1235804557800293,-0.051226656883955
1492,33.6461079120636,0.9948345422744751,0.0,0.0,1.0488368272781372,0.1475987583398819,0.4863086938858032,3.1327097415924072,-0.05921346694231033
1493,33.68617582321167,0.9948345422744751,0.0,0.0,1.0374857187271118,0.1461157649755478,0.45316630601882935,3.132194995880127,-0.0539017878472805
1494,33.702940464019775,0.9948345422744751,0.0,0.0,0.9767723083496094,0.1341840624809265,0.18995487689971924,3.1220149993896484,-0.036246441304683685
1495,33.73439812660217,0.9948345422744751,0.0,0.0,0.9136637449264526,0.06550370156764984,0.22935187816619873,3.131063461303711,-0.03178807348012924
1496,33.749733209609985,0.9948345422744751,0.0,0.0,0.8500567078590393,0.0019852728582918644,-0.053766049444675446,-3.132070541381836,-0.02403361164033413
1497,33.78019976615906,0.9948345422744751,0.0,0.0,0.8077123761177063,-0.04338819161057472,-0.22431790828704834,-3.1195528507232666,-0.010566139593720436
1498,33.79504108428955,0.9948345422744751,0.0,0.0,0.7890042066574097,-0.0764806717634201,-0.26301106810569763,-3.1137475967407227,0.004237805027514696
1499,33.82443332672119,0.9948345422744751,0.0,0.0,0.7866900563240051,-0.10196972638368607,-0.20029902458190918,-3.1088078022003174,0.01692260056734085
1500,33.83642268180847,0.9948345422744751,0.0,0.0,0.7922022342681885,-0.11836341768503189,-0.07360201328992844,-3.1039669513702393,0.026428520679473877
1501,33.87920689582825,0.9948345422744751,0.0,0.0,0.7986593842506409,-0.13799060881137848,0.12657755613327026,-3.100844144821167,0.036461953073740005
1502,33.8904447555542,0.9948345422744751,0.0,0.0,0.8075736165046692,-0.14435182511806488,0.10525999218225479,-3.1011016368865967,0.04411591216921806
1503,33.923667192459106,0.9948345422744751,0.0,0.0,0.7994109392166138,-0.14998966455459595,0.03684546798467636,-3.1004180908203125,0.05508575215935707
1504,33.94056010246277,0.9948345422744751,0.0,0.0,0.7981389164924622,-0.13847579061985016,-0.051228031516075134,-3.09733247756958,0.07174170017242432
1505,33.969770431518555,0.9948345422744751,0.0,0.0,0.8111546039581299,-0.10839112102985382,-0.006614881567656994,-3.0976510047912598,0.08230102807283401
1506,33.98253393173218,0.9948345422744751,0.0,0.0,0.8296098709106445,-0.08312808722257614,0.06863689422607422,-3.1023459434509277,0.07793287932872772
1507,34.01089525222778,0.9948345422744751,0.0,0.0,0.8460387587547302,-0.06693019717931747,0.1471732258796692,-3.1070058345794678,0.06596209853887558
1508,34.0231249332428,0.42765700817108154,0.0,0.0,0.8641650080680847,-0.054664384573698044,0.22338365018367767,-3.1088147163391113,0.05710073933005333
1509,34.05169224739075,0.42765700817108154,0.0,0.0,0.9066210985183716,-0.05024774372577667,0.21758688986301422,-3.1042330265045166,0.04901953041553497
1510,34.06540584564209,0.42765700817108154,0.0,0.0,0.9215087294578552,-0.04377457872033119,0.26951223611831665,-3.089963912963867,0.035812169313430786
1511,34.09511137008667,0.42765700817108154,0.0,0.0,0.9117831587791443,-0.04074684903025627,0.4322431683540344,-3.0722272396087646,0.022599009796977043
1512,34.10972619056702,0.42765700817108154,0.0,0.0,0.8822662234306335,-0.05827859416604042,0.6489585638046265,-3.062234878540039,0.016019877046346664
1513,34.144120931625366,0.42765700817108154,0.0,0.0,0.8241157531738281,-0.09474940598011017,0.7455871105194092,-3.0637056827545166,0.029954522848129272
1514,34.158562898635864,0.42765700817108154,0.0,0.0,0.713442325592041,-0.09459307044744492,0.16172903776168823,-3.0719902515411377,0.049760203808546066
1515,34.18910789489746,0.42765700817108154,0.0,0.0,0.6147204041481018,-0.08536402136087418,-0.032280609011650085,-3.0719292163848877,0.04917531833052635
1516,34.20019602775574,0.42765700817108154,0.0,0.0,0.5072581768035889,-0.07724717259407043,-0.03503755107522011,-3.0774576663970947,0.054959166795015335
1517,34.22926068305969,0.42765700817108154,0.0,0.0,0.4260091185569763,-0.07421256601810455,0.011345084756612778,-3.0862011909484863,0.06850071996450424
1518,34.24133539199829,0.42765700817108154,0.0,0.0,0.37238502502441406,-0.07584621757268906,0.15148207545280457,-3.0951876640319824,0.083217091858387
1519,34.271371841430664,0.42765700817108154,0.0,0.0,0.3676171898841858,-0.05987910181283951,0.06725157797336578,-3.104534149169922,0.08843265473842621
1520,34.284974098205566,0.42765700817108154,0.0,0.0,0.35005226731300354,-0.03385774791240692,0.06342748552560806,-3.1136462688446045,0.07620862126350403
1521,34.32687258720398,0.42765700817108154,0.0,0.0,0.3177780210971832,-0.008280268870294094,0.17499998211860657,-3.1162967681884766,0.06860356032848358
1522,34.345330476760864,0.42765700817108154,0.0,0.0,0.2950993776321411,0.018469959497451782,0.15801185369491577,-3.118346929550171,0.07503794133663177
1523,34.38594579696655,0.42765700817108154,0.0,0.0,0.27747753262519836,0.04275596886873245,0.05385935679078102,-3.121558427810669,0.08814319968223572
1524,34.39788460731506,0.42765700817108154,0.0,0.0,0.26645106077194214,0.06894323974847794,-0.05006696283817291,-3.1264078617095947,0.10258419066667557
1525,34.42794585227966,0.42765700817108154,0.0,0.0,0.265665739774704,0.09550883620977402,-0.15590229630470276,-3.130441904067993,0.11298353224992752
1526,34.43974280357361,0.42765700817108154,0.0,0.0,0.2738393545150757,0.12182828783988953,-0.09403355419635773,-3.129818916320801,0.11729932576417923
1527,34.46842432022095,0.42765700817108154,0.0,0.0,0.28619301319122314,0.13508948683738708,0.03259362280368805,-3.127241373062134,0.11605204641819
1528,34.48450684547424,0.42765700817108154,0.0,0.0,0.30552607774734497,0.13716262578964233,0.08180095255374908,-3.121605396270752,0.1092199757695198
1529,34.51411843299866,0.42765700817108154,0.0,0.0,0.3169141709804535,0.13113155961036682,0.10854258388280869,-3.1159913539886475,0.09950718283653259
1530,34.525301456451416,0.42765700817108154,0.0,0.0,0.3175171911716461,0.10821675509214401,0.05567419156432152,-3.113227128982544,0.09003777801990509
1531,34.55449914932251,0.42765700817108154,0.0,0.0,0.31286439299583435,0.08242899924516678,0.024391602724790573,-3.113780975341797,0.0820094496011734
1532,34.56766986846924,0.42765700817108154,0.0,0.0,0.313064843416214,0.06338171660900116,-0.048737164586782455,-3.1173863410949707,0.07472068071365356
1533,34.59534668922424,0.42765700817108154,0.0,0.0,0.3116436302661896,0.044650252908468246,-0.07732178270816803,-3.122164487838745,0.06850607693195343
1534,34.60761904716492,0.42765700817108154,0.0,0.0,0.3156388998031616,0.027075031772255898,-0.008500795811414719,-3.126513719558716,0.06518013030290604
1535,34.635526180267334,0.42765700817108154,0.0,0.0,0.32701241970062256,0.01185972522944212,0.03562520444393158,-3.129732370376587,0.06268717348575592
1536,34.64644122123718,0.42765700817108154,0.0,0.0,0.3406299650669098,-0.001211726339533925,0.06047005206346512,-3.1308631896972656,0.059486765414476395
1537,34.676671504974365,0.42765700817108154,0.0,0.0,0.3537057340145111,-0.016751239076256752,0.08827854692935944,-3.1287412643432617,0.05631093680858612
1538,34.689383029937744,0.42765700817108154,0.0,0.0,0.36596131324768066,-0.031925018876791,0.09898236393928528,-3.124190330505371,0.05379350110888481
1539,34.71727633476257,0.42765700817108154,0.0,0.0,0.37474578619003296,-0.04475613683462143,0.023569248616695404,-3.118777275085449,0.053146254271268845
1540,34.729698181152344,0.42765700817108154,0.0,0.0,0.38132402300834656,-0.04357108473777771,-0.0811299979686737,-3.115748643875122,0.05291488766670227
1541,34.774770736694336,0.42765700817108154,0.0,0.0,0.3860720694065094,-0.03350025415420532,-0.08948251605033875,-3.1120829582214355,0.055447448045015335
1542,34.7865936756134,0.42765700817108154,0.0,0.0,0.38680973649024963,-0.011375180445611477,-0.0608203262090683,-3.108494281768799,0.0585523322224617
1543,34.818702936172485,0.42765700817108154,0.0,0.0,0.39157834649086,0.027605587616562843,0.07862617075443268,-3.1095774173736572,0.05563122406601906
1544,34.829639196395874,0.42765700817108154,0.0,0.0,0.4056214690208435,0.05714927613735199,0.16556814312934875,-3.116243362426758,0.04223103076219559
1545,34.8591947555542,0.42765700817108154,0.0,0.0,0.4144132137298584,0.07828619331121445,0.20461434125900269,-3.123467206954956,0.0263233445584774
1546,34.87106966972351,0.42765700817108154,0.0,0.0,0.4213775098323822,0.09609603136777878,0.27478736639022827,-3.1292974948883057,0.013076256960630417
1547,34.89990496635437,0.42765700817108154,0.0,0.0,0.42203250527381897,0.10901494324207306,0.438163161277771,-3.13557767868042,0.0036088377237319946
1548,34.911009073257446,0.42765700817108154,0.0,0.0,0.35345083475112915,0.12976357340812683,0.30608344078063965,3.1396048069000244,0.0029074479825794697
1549,34.94185662269592,0.42765700817108154,0.0,0.0,0.38025322556495667,0.0783027783036232,0.2956567704677582,3.137291193008423,-0.0015214462764561176
1550,34.95342707633972,0.42765700817108154,0.0,0.0,0.3658562898635864,0.025019578635692596,0.06688234210014343,-3.1337151527404785,0.000776858942117542
1551,34.986178398132324,0.42765700817108154,0.0,0.0,0.36268219351768494,-0.01573457568883896,-0.1122264489531517,-3.1203229427337646,0.006526540033519268
1552,34.99979066848755,0.42765700817108154,0.0,0.0,0.36735594272613525,-0.0415491983294487,-0.11969204246997833,-3.1135761737823486,0.012353559955954552
1553,35.0299756526947,0.42765700817108154,0.0,0.0,0.3783762454986572,-0.05962562561035156,-0.0179233830422163,-3.113070011138916,0.01807064190506935
1554,35.04122710227966,0.42765700817108154,0.0,0.0,0.3885185718536377,-0.07607753574848175,0.06714614480733871,-3.114213705062866,0.023427415639162064
1555,35.06890273094177,0.42765700817108154,0.0,0.0,0.3957885503768921,-0.09592390060424805,0.13235318660736084,-3.1121575832366943,0.03042454645037651
1556,35.07926917076111,0.42765700817108154,0.0,0.0,0.40062734484672546,-0.1021886020898819,0.05949066951870918,-3.1057040691375732,0.03436365723609924
1557,35.10978722572327,0.42765700817108154,0.0,0.0,0.38704195618629456,-0.09272114932537079,0.039127904921770096,-3.096506357192993,0.03872700408101082
1558,35.1234450340271,0.42765700817108154,0.0,0.0,0.3784627616405487,-0.06825213879346848,0.045175932347774506,-3.090676784515381,0.04398869723081589
1559,35.15228986740112,0.42765700817108154,0.0,0.0,0.37599462270736694,-0.04155939444899559,0.14635851979255676,-3.091484546661377,0.043209996074438095
1560,35.16278576850891,0.42765700817108154,0.0,0.0,0.3746669590473175,-0.021898621693253517,0.19892479479312897,-3.095633029937744,0.03803672641515732
1561,35.19291067123413,0.42765700817108154,0.0,0.0,0.37289053201675415,-0.007037604693323374,0.19878116250038147,-3.0996196269989014,0.03190481662750244
1562,35.20483756065369,0.42765700817108154,0.0,0.0,0.3695119619369507,0.008153771050274372,0.183289036154747,-3.103198528289795,0.027183707803487778
1563,35.23345470428467,0.42765700817108154,0.0,0.0,0.3653346300125122,0.02750786580145359,0.17408454418182373,-3.1075761318206787,0.023595057427883148
1564,35.25262975692749,0.42765700817108154,0.0,0.0,0.36582979559898376,0.04725487902760506,0.19535934925079346,-3.1124935150146484,0.020170245319604874
1565,35.28562116622925,0.42765700817108154,0.0,0.0,0.3644266128540039,0.06914713978767395,0.17667028307914734,-3.117347240447998,0.017579516395926476
1566,35.29816174507141,0.42765700817108154,0.0,0.0,0.36390742659568787,0.08585894852876663,0.17936401069164276,-3.122650384902954,0.018261194229125977
1567,35.33075499534607,0.42765700817108154,0.0,0.0,0.35572192072868347,0.10078206658363342,0.07883017510175705,-3.1311073303222656,0.02127751335501671
1568,35.341546297073364,0.42765700817108154,0.0,0.0,0.3517104685306549,0.1046394407749176,0.06668280810117722,-3.135378360748291,0.020337948575615883
1569,35.370911598205566,0.42765700817108154,0.0,0.0,0.3379823863506317,0.09779789298772812,0.10151904076337814,-3.1365866661071777,0.023544415831565857
1570,35.38214564323425,0.42765700817108154,0.0,0.0,0.32925671339035034,0.08421260118484497,0.16163530945777893,-3.1338002681732178,0.03133716434240341
1571,35.417752504348755,0.42765700817108154,0.0,0.0,0.3269077241420746,0.0651693344116211,0.10248003154993057,-3.126741647720337,0.03716283664107323
1572,35.4288649559021,0.42765700817108154,0.0,0.0,0.3178880214691162,0.045067645609378815,-0.09935198724269867,-3.1188199520111084,0.03729674965143204
1573,35.46730709075928,0.42765700817108154,0.0,0.0,0.30487319827079773,0.02853553742170334,-0.1702253520488739,-3.113980531692505,0.03578294813632965
1574,35.47841238975525,0.42765700817108154,0.0,0.0,0.29915839433670044,0.013455377891659737,-0.0955088883638382,-3.1119937896728516,0.035737279802560806
1575,35.51056694984436,0.42765700817108154,0.0,0.0,0.2960609197616577,-0.003985119517892599,-0.04304507374763489,-3.1106390953063965,0.03575834259390831
1576,35.52272176742554,0.42765700817108154,0.0,0.0,0.2966780364513397,-0.020853040739893913,-0.02541118860244751,-3.108171224594116,0.03537895530462265
1577,35.55172252655029,0.42765700817108154,0.0,0.0,0.29723337292671204,-0.039419736713171005,-0.030722513794898987,-3.1044716835021973,0.03458881378173828
1578,35.562366008758545,0.42765700817108154,0.0,0.0,0.2993374466896057,-0.058723315596580505,-0.062014833092689514,-3.100635290145874,0.03428274020552635
1579,35.59436655044556,0.42765700817108154,0.0,0.0,0.3031734824180603,-0.07916560024023056,-0.10134823620319366,-3.097227096557617,0.034711360931396484
1580,35.60560607910156,0.42765700817108154,0.0,0.0,0.309016615152359,-0.09773461520671844,-0.08995265513658524,-3.0947940349578857,0.03650534152984619
1581,35.63866591453552,0.42765700817108154,0.0,0.0,0.31753695011138916,-0.1144002377986908,-0.0335753932595253,-3.092850685119629,0.040684543550014496
1582,35.65088438987732,0.42765700817108154,0.0,0.0,0.33744874596595764,-0.12103946506977081,-0.019256209954619408,-3.091188430786133,0.042878761887550354
1583,35.6820764541626,0.42765700817108154,0.0,0.0,0.3310893476009369,-0.1181553304195404,0.02344060130417347,-3.0901222229003906,0.04338353872299194
1584,35.70363140106201,0.42765700817108154,0.0,0.0,0.31688788533210754,-0.10520601272583008,0.058942291885614395,-3.088021755218506,0.05236987769603729
1585,35.747419357299805,0.42765700817108154,0.0,0.0,0.31430283188819885,-0.08218101412057877,0.038592368364334106,-3.0873258113861084,0.0616324245929718
1586,35.76408410072327,0.42765700817108154,0.0,0.0,0.31781718134880066,-0.058487240225076675,0.040323927998542786,-3.090235948562622,0.06119897589087486
1587,35.79884743690491,0.42765700817108154,0.0,0.0,0.3174359202384949,-0.039345063269138336,0.029458768665790558,-3.094698905944824,0.05416301265358925
1588,35.80974888801575,0.42765700817108154,0.0,0.0,0.31466785073280334,-0.017147228121757507,0.08514243364334106,-3.099512815475464,0.04653927683830261
1589,35.83630394935608,0.42765700817108154,0.0,0.0,0.31312599778175354,0.0030708354897797108,0.10829555243253708,-3.104614496231079,0.040572524070739746
1590,35.84601712226868,0.42765700817108154,0.0,0.0,0.31098926067352295,0.018771640956401825,0.0942021831870079,-3.1090710163116455,0.0370764285326004
1591,35.894306659698486,0.42765700817108154,0.0,0.0,0.30680376291275024,0.03807665407657623,0.07333127409219742,-3.1134252548217773,0.03701309114694595
1592,35.906347036361694,0.42765700817108154,0.0,0.0,0.3106984496116638,0.05672512575984001,0.10565166175365448,-3.118276357650757,0.030733395367860794
1593,35.93451189994812,0.42765700817108154,0.0,0.0,0.3140292763710022,0.0614868588745594,0.1395084112882614,-3.1191537380218506,0.01849343068897724
1594,35.94568729400635,0.42765700817108154,0.0,0.0,0.3131111264228821,0.0573304258286953,0.18731185793876648,-3.1180899143218994,0.012698305770754814
1595,35.973973989486694,0.42765700817108154,0.0,0.0,0.3171212673187256,0.04184369742870331,0.19315357506275177,-3.114903688430786,0.014076324179768562
1596,35.98616433143616,0.42765700817108154,0.0,0.0,0.3259514272212982,0.014560016803443432,0.04509078338742256,-3.1088554859161377,0.016887791454792023
1597,36.01532959938049,0.42765700817108154,0.0,0.0,0.3362421691417694,-0.008456757292151451,-0.05619712173938751,-3.1028411388397217,0.01655912771821022
1598,36.0263466835022,0.42765700817108154,0.0,0.0,0.34741583466529846,-0.024489829316735268,-0.06545974314212799,-3.1006839275360107,0.01466418243944645
1599,36.05582928657532,0.42765700817108154,0.0,0.0,0.35774216055870056,-0.039814792573451996,-0.022098790854215622,-3.1015117168426514,0.014308772049844265
1600,36.06729865074158,0.42765700817108154,0.0,0.0,0.3698309361934662,-0.0629529133439064,-0.053057488054037094,-3.1029510498046875,0.016010716557502747
1601,36.09534406661987,0.42765700817108154,0.0,0.0,0.3840302526950836,-0.08316254615783691,-0.038509756326675415,-3.1021530628204346,0.019346153363585472
1602,36.112114667892456,0.42765700817108154,0.0,0.0,0.4166887700557709,-0.093413345515728,-0.12105558812618256,-3.100402355194092,0.020593343302607536
1603,36.14875268936157,0.42765700817108154,0.0,0.0,0.41046106815338135,-0.0915226936340332,-0.0613686665892601,-3.0995728969573975,0.01923944614827633
1604,36.15937566757202,0.42765700817108154,0.0,0.0,0.39107316732406616,-0.07434777170419693,0.039695918560028076,-3.0983667373657227,0.027858572080731392
1605,36.19160294532776,0.42765700817108154,0.0,0.0,0.38433513045310974,-0.04692211002111435,0.11319579929113388,-3.0996434688568115,0.03662902116775513
1606,36.20484948158264,0.42765700817108154,0.0,0.0,0.38788384199142456,-0.02332766354084015,0.08370068669319153,-3.104357957839966,0.03508415445685387
1607,36.24118638038635,0.42765700817108154,0.0,0.0,0.39137253165245056,-0.0021886962931603193,0.05737444758415222,-3.110045909881592,0.026426833122968674
1608,36.25648736953735,0.42765700817108154,0.0,0.0,0.39098942279815674,0.02001091092824936,0.1372278928756714,-3.1165733337402344,0.018264958634972572
1609,36.28551459312439,0.42765700817108154,0.0,0.0,0.3862806558609009,0.040943291038274765,0.21713736653327942,-3.123899221420288,0.014310051687061787
1610,36.2998046875,0.42765700817108154,0.0,0.0,0.38605254888534546,0.05607170611619949,0.2625780999660492,-3.1297688484191895,0.013031015172600746
1611,36.32929968833923,0.42765700817108154,0.0,0.0,0.38319915533065796,0.07333986461162567,0.2203522026538849,-3.1322343349456787,0.013439944013953209
1612,36.3433620929718,0.42765700817108154,0.0,0.0,0.3827509582042694,0.08926711231470108,0.18432438373565674,-3.1330718994140625,0.015956377610564232
1613,36.37374401092529,0.42765700817108154,0.0,0.0,0.3486066162586212,0.1157374233007431,0.08657946437597275,-3.137230157852173,0.022908847779035568
1614,36.386892318725586,0.42765700817108154,0.0,0.0,0.35609328746795654,0.10537329316139221,0.16942915320396423,3.141166925430298,0.026079583913087845
1615,36.417152643203735,0.42765700817108154,0.0,0.0,0.34248900413513184,0.08944687992334366,0.22985070943832397,-3.139497995376587,0.03115912899374962
1616,36.42797923088074,0.42765700817108154,0.0,0.0,0.3336523771286011,0.06731130927801132,0.20151019096374512,-3.1322593688964844,0.037838082760572433
1617,36.45981025695801,0.42765700817108154,0.0,0.0,0.32251787185668945,0.04452110081911087,0.030027806758880615,-3.1230766773223877,0.04012922942638397
1618,36.47765111923218,0.42765700817108154,0.0,0.0,0.30709749460220337,0.024318652227520943,-0.10745717585086823,-3.1165144443511963,0.04005568102002144
1619,36.507667541503906,0.42765700817108154,0.0,0.0,0.29723384976387024,0.00921632070094347,-0.10008107125759125,-3.1130177974700928,0.04119260236620903
1620,36.519572496414185,0.42765700817108154,0.0,0.0,0.29028579592704773,-0.009647078812122345,-0.00812416709959507,-3.110492467880249,0.04374931380152702
1621,36.548890113830566,0.42765700817108154,0.0,0.0,0.29021114110946655,-0.02887752093374729,0.0877155065536499,-3.1072261333465576,0.0460393987596035
1622,36.55965495109558,0.42765700817108154,0.0,0.0,0.2908962368965149,-0.049928247928619385,0.1051243245601654,-3.101713180541992,0.046390119940042496
1623,36.59380507469177,0.42765700817108154,0.0,0.0,0.3012463450431824,-0.06042655557394028,0.03966904431581497,-3.094971179962158,0.042564939707517624
1624,36.60592555999756,0.42765700817108154,0.0,0.0,0.29405519366264343,-0.05956755951046944,0.04938900098204613,-3.089791774749756,0.0379469096660614
1625,36.64289951324463,0.42765700817108154,0.0,0.0,0.2881157696247101,-0.04673155024647713,0.045736633241176605,-3.0874335765838623,0.041640959680080414
1626,36.659748792648315,0.42765700817108154,0.0,0.0,0.28947317600250244,-0.024936819449067116,0.031171180307865143,-3.088845729827881,0.04930035397410393
1627,36.691442251205444,0.42765700817108154,0.0,0.0,0.29710566997528076,0.0026275392156094313,0.07045187801122665,-3.0935921669006348,0.054605185985565186
1628,36.703502893447876,0.42765700817108154,0.0,0.0,0.3125912845134735,0.023590655997395515,0.08243412524461746,-3.0979864597320557,0.052802570164203644
1629,36.732300758361816,0.42765700817108154,0.0,0.0,0.3229866325855255,0.04265570268034935,0.08516234904527664,-3.0998897552490234,0.045301467180252075
1630,36.744041204452515,0.42765700817108154,0.0,0.0,0.33191242814064026,0.059103500097990036,0.1073046624660492,-3.101255416870117,0.03692673146724701
1631,36.774758100509644,0.42765700817108154,0.0,0.0,0.33855491876602173,0.07640577107667923,0.11746611446142197,-3.102987051010132,0.030119817703962326
1632,36.78677296638489,0.42765700817108154,0.0,0.0,0.335493803024292,0.09668801724910736,0.14625337719917297,-3.1060025691986084,0.024309109896421432
1633,36.8178927898407,0.42765700817108154,0.0,0.0,0.34511518478393555,0.10205691307783127,0.20219695568084717,-3.1068148612976074,0.014070814475417137
1634,36.82858872413635,0.42765700817108154,0.0,0.0,0.33888643980026245,0.0893806517124176,0.23943307995796204,-3.106069326400757,0.00880449078977108
1635,36.85897254943848,0.42765700817108154,0.0,0.0,0.333365261554718,0.05903023108839989,0.09974653273820877,-3.1027257442474365,0.010506045073270798
1636,36.87125563621521,0.42765700817108154,0.0,0.0,0.33318376541137695,0.029736783355474472,-0.01797206699848175,-3.0970757007598877,0.01269215252250433
1637,36.90185546875,0.42765700817108154,0.0,0.0,0.33720698952674866,0.010074354708194733,-0.049141306430101395,-3.0936999320983887,0.014493389055132866
1638,36.912654638290405,0.42765700817108154,0.0,0.0,0.3454893231391907,-0.0028494857251644135,0.010077797807753086,-3.0940167903900146,0.017552128061652184
1639,36.94660258293152,0.42765700817108154,0.0,0.0,0.35550665855407715,-0.022734569385647774,0.023261934518814087,-3.095595598220825,0.021230624988675117
1640,36.956812143325806,0.42765700817108154,0.0,0.0,0.36670151352882385,-0.046140383929014206,0.025570906698703766,-3.0965335369110107,0.025048833340406418
1641,36.985862493515015,0.42765700817108154,0.0,0.0,0.3798702657222748,-0.06162958964705467,0.05504041910171509,-3.0966293811798096,0.03004331886768341
1642,36.99611020088196,0.42765700817108154,0.0,0.0,0.3980206549167633,-0.08242711424827576,0.11688874661922455,-3.0937466621398926,0.03787108138203621
1643,37.03239822387695,0.42765700817108154,0.0,0.0,0.41243019700050354,-0.09487559646368027,-0.03717075288295746,-3.0849449634552,0.043023984879255295
1644,37.04599094390869,0.42765700817108154,0.0,0.0,0.40701529383659363,-0.09338267147541046,-0.12048186361789703,-3.0727996826171875,0.048158492892980576
1645,37.079129457473755,0.42765700817108154,0.0,0.0,0.39271166920661926,-0.07767236977815628,-0.09723030775785446,-3.064602851867676,0.05537838116288185
1646,37.098313093185425,0.42765700817108154,0.0,0.0,0.37799686193466187,-0.054421938955783844,0.05535726994276047,-3.064701795578003,0.060391876846551895
1647,37.127835512161255,0.42765700817108154,0.0,0.0,0.3725033700466156,-0.039749469608068466,0.08316125720739365,-3.0693538188934326,0.059677254408597946
1648,37.14972949028015,0.42765700817108154,0.0,0.0,0.36767348647117615,-0.02673976868391037,0.08210346847772598,-3.0737152099609375,0.05342324450612068
1649,37.18234372138977,0.42765700817108154,0.0,0.0,0.3583545982837677,-0.013638554140925407,0.10015446692705154,-3.0778698921203613,0.047298043966293335
1650,37.1930251121521,0.42765700817108154,0.0,0.0,0.3467971086502075,0.004679625853896141,0.142104372382164,-3.0832226276397705,0.044402092695236206
1651,37.221057415008545,0.42765700817108154,0.0,0.0,0.33686646819114685,0.02246776409447193,0.14746306836605072,-3.0898489952087402,0.043184418231248856
1652,37.232582092285156,0.42765700817108154,0.0,0.0,0.3306858241558075,0.03624097630381584,0.09720312803983688,-3.0956382751464844,0.042775657027959824
1653,37.27663612365723,0.42765700817108154,0.0,0.0,0.3213489353656769,0.05145864188671112,0.05299703776836395,-3.10076642036438,0.043665822595357895
1654,37.288941860198975,0.42765700817108154,0.0,0.0,0.30953162908554077,0.06504449993371964,0.13935454189777374,-3.1065118312835693,0.04060550034046173
1655,37.3184609413147,0.42765700817108154,0.0,0.0,0.3029680848121643,0.05921255424618721,0.13946115970611572,-3.1079866886138916,0.033821672201156616
1656,37.32910943031311,0.42765700817108154,0.0,0.0,0.29182443022727966,0.04493742436170578,0.1066698357462883,-3.10729718208313,0.03297445923089981
1657,37.35994505882263,0.42765700817108154,0.0,0.0,0.2864113450050354,0.02440439537167549,0.10916569083929062,-3.1034584045410156,0.0371258407831192
1658,37.37199282646179,0.42765700817108154,0.0,0.0,0.2870382070541382,-0.0013622200349345803,0.04290328174829483,-3.0955922603607178,0.04146667942404747
1659,37.400432109832764,0.42765700817108154,0.0,0.0,0.28386467695236206,-0.030884016305208206,-0.05560527741909027,-3.0860533714294434,0.04259634390473366
1660,37.41184878349304,0.42765700817108154,0.0,0.0,0.2788575291633606,-0.05853183940052986,-0.11004213243722916,-3.077029228210449,0.04203398525714874
1661,37.44129681587219,0.42765700817108154,0.0,0.0,0.2789185345172882,-0.07517734169960022,-0.14361603558063507,-3.070807456970215,0.04158683866262436
1662,37.45303010940552,0.42765700817108154,0.0,0.0,0.2782738208770752,-0.08645787835121155,-0.11819739639759064,-3.067566156387329,0.04308777675032616
1663,37.48260235786438,0.42765700817108154,0.0,0.0,0.2768794298171997,-0.10390880703926086,0.06334159523248672,-3.065743923187256,0.04889762029051781
1664,37.49328947067261,0.42765700817108154,0.0,0.0,0.28473562002182007,-0.09876565635204315,0.0447523333132267,-3.065316915512085,0.052396439015865326
1665,37.52755951881409,0.42765700817108154,0.0,0.0,0.2879024147987366,-0.08445394784212112,0.0012566237710416317,-3.067476987838745,0.05510270595550537
1666,37.53989768028259,0.42765700817108154,0.0,0.0,0.29542288184165955,-0.06232094392180443,-0.014865667559206486,-3.0709388256073,0.05751771852374077
1667,37.56838607788086,0.42765700817108154,0.0,0.0,0.3103342652320862,-0.034511152654886246,0.05572802573442459,-3.0760810375213623,0.05412757024168968
1668,37.57925200462341,0.42765700817108154,0.0,0.0,0.3245750963687897,-0.012235958129167557,0.12564165890216827,-3.080505132675171,0.04474957287311554
1669,37.60813045501709,0.42765700817108154,0.0,0.0,0.33792978525161743,0.007685042452067137,0.18624354898929596,-3.0825631618499756,0.03485997021198273
1670,37.62100386619568,0.42765700817108154,0.0,0.0,0.35411182045936584,0.025460973381996155,0.22943459451198578,-3.0823683738708496,0.025824425742030144
1671,37.65003228187561,0.42765700817108154,0.0,0.0,0.36665078997612,0.04039933532476425,0.2291177660226822,-3.080592155456543,0.017938459292054176
1672,37.66793942451477,0.42765700817108154,0.0,0.0,0.37731337547302246,0.054986875504255295,0.22837196290493011,-3.0784685611724854,0.012223999947309494
1673,37.69576978683472,0.42765700817108154,0.0,0.0,0.3865966796875,0.06671527773141861,0.21710307896137238,-3.078099250793457,0.009488500654697418
1674,37.708975315093994,0.42765700817108154,0.0,0.0,0.3582042157649994,0.08074169605970383,0.16510505974292755,-3.0817856788635254,0.011285743676126003
1675,37.73931550979614,0.42765700817108154,0.0,0.0,0.37492650747299194,0.06546512246131897,0.12077808380126953,-3.0871100425720215,0.009817576967179775
1676,37.77075672149658,0.42765700817108154,0.0,0.0,0.36386924982070923,0.04969096556305885,0.17229752242565155,-3.087369203567505,0.011851848103106022
1677,37.79894185066223,0.42765700817108154,0.0,0.0,0.3515014052391052,0.024360060691833496,0.17007514834403992,-3.0816426277160645,0.015755027532577515
1678,37.81069540977478,0.42765700817108154,0.0,0.0,0.3393338918685913,-0.003622224787250161,-0.020246122032403946,-3.0722451210021973,0.017998836934566498
1679,37.84252953529358,0.42765700817108154,0.0,0.0,0.3267636299133301,-0.024939287453889847,-0.13320578634738922,-3.0660293102264404,0.01850362867116928
1680,37.854252099990845,0.42765700817108154,0.0,0.0,0.32066774368286133,-0.042236536741256714,-0.10796447098255157,-3.063824415206909,0.0217973031103611
1681,37.883556604385376,0.42765700817108154,0.0,0.0,0.32215139269828796,-0.05660661309957504,-0.05802881717681885,-3.0630033016204834,0.026253024116158485
1682,37.89415097236633,0.42765700817108154,0.0,0.0,0.32316353917121887,-0.07425855100154877,0.011678744107484818,-3.061288595199585,0.03145841509103775
1683,37.92361879348755,0.42765700817108154,0.0,0.0,0.338041216135025,-0.0878496766090393,-0.051427192986011505,-3.0580108165740967,0.03369414061307907
1684,37.93527841567993,0.42765700817108154,0.0,0.0,0.33615902066230774,-0.08289540559053421,-0.014258005656301975,-3.0564591884613037,0.03170359134674072
1685,37.96346616744995,0.42765700817108154,0.0,0.0,0.3329620957374573,-0.06700126826763153,0.04215352609753609,-3.0546839237213135,0.037268541753292084
1686,37.97542881965637,0.42765700817108154,0.0,0.0,0.3444623053073883,-0.04239015281200409,0.015583714470267296,-3.054173469543457,0.04394528269767761
1687,38.00448822975159,0.42765700817108154,0.0,0.0,0.36242619156837463,-0.014040421694517136,0.053021397441625595,-3.057753801345825,0.04161921516060829
1688,38.02018189430237,0.42765700817108154,0.0,0.0,0.3786484897136688,0.00881322380155325,0.10805459320545197,-3.063194990158081,0.03075057826936245
1689,38.05598568916321,0.42765700817108154,0.0,0.0,0.3901688754558563,0.025583388283848763,0.18608121573925018,-3.067990779876709,0.018758084625005722
1690,38.069151639938354,0.42765700817108154,0.0,0.0,0.39688026905059814,0.036545515060424805,0.21917709708213806,-3.0706028938293457,0.01035264041274786
1691,38.095757246017456,0.42765700817108154,0.0,0.0,0.40019291639328003,0.04912875220179558,0.24007666110992432,-3.0727744102478027,0.006729463115334511
1692,38.10710787773132,0.42765700817108154,0.0,0.0,0.4089473783969879,0.06736884266138077,0.19806766510009766,-3.0776779651641846,0.007734824437648058
1693,38.14172387123108,0.42765700817108154,0.0,0.0,0.4067401587963104,0.08010419458150864,0.12568657100200653,-3.0863373279571533,0.005810273811221123
1694,38.15461230278015,0.42765700817108154,0.0,0.0,0.3936477601528168,0.07898873835802078,0.1499483287334442,-3.092968702316284,0.002054899465292692
1695,38.18503713607788,0.42765700817108154,0.0,0.0,0.3723253905773163,0.06454190611839294,0.14113827049732208,-3.0958406925201416,0.0063043818809092045
1696,38.20219159126282,0.42765700817108154,0.0,0.0,0.352223664522171,0.04051581025123596,0.041311975568532944,-3.0922229290008545,0.012361030094325542
1697,38.23735976219177,0.42765700817108154,0.0,0.0,0.3407607972621918,0.024642031639814377,-0.09099629521369934,-3.0855929851531982,0.014985696412622929
1698,38.24849843978882,0.42765700817108154,0.0,0.0,0.3328503370285034,0.015793077647686005,-0.13891226053237915,-3.0825729370117188,0.015679234638810158
1699,38.27777051925659,0.42765700817108154,0.0,0.0,0.3254052996635437,0.005227618385106325,-0.08888579905033112,-3.084139823913574,0.01698642037808895
1700,38.2896614074707,0.42765700817108154,0.0,0.0,0.32029086351394653,-0.00775276031345129,-0.031115993857383728,-3.0875158309936523,0.019704727455973625
1701,38.31723093986511,0.42765700817108154,0.0,0.0,0.3197866976261139,-0.020224109292030334,-0.015445524826645851,-3.0902459621429443,0.022742975503206253
1702,38.333168745040894,0.42765700817108154,0.0,0.0,0.3213159739971161,-0.031836193054914474,-0.00982604455202818,-3.09183669090271,0.025162052363157272
1703,38.36189913749695,0.42765700817108154,0.0,0.0,0.3252656161785126,-0.048271216452121735,-0.053843867033720016,-3.091132879257202,0.02663182094693184
1704,38.3732967376709,0.42765700817108154,0.0,0.0,0.32841724157333374,-0.06856139749288559,-0.051569532603025436,-3.089655637741089,0.02749088779091835
1705,38.40270638465881,0.42765700817108154,0.0,0.0,0.3364773690700531,-0.08471261709928513,-0.04604433849453926,-3.088665723800659,0.029726868495345116
1706,38.4131805896759,0.42765700817108154,0.0,0.0,0.344471275806427,-0.09658055752515793,-0.01988775096833706,-3.0880775451660156,0.0341373085975647
1707,38.44216251373291,0.42765700817108154,0.0,0.0,0.3652227222919464,-0.10290002822875977,-0.06596249341964722,-3.0877935886383057,0.03937436640262604
1708,38.45390319824219,0.42765700817108154,0.0,0.0,0.3646317422389984,-0.09931725263595581,-0.03696247935295105,-3.086987257003784,0.04073214530944824
1709,38.48190879821777,0.42765700817108154,0.0,0.0,0.35265660285949707,-0.08769981563091278,-0.011231232434511185,-3.0825724601745605,0.049665216356515884
1710,38.493669748306274,0.42765700817108154,0.0,0.0,0.34429967403411865,-0.06016308441758156,0.05927034467458725,-3.0787031650543213,0.061749137938022614
1711,38.523597240448,0.42765700817108154,0.0,0.0,0.3458416759967804,-0.03135231137275696,0.0661732405424118,-3.080824613571167,0.06694211810827255
1712,38.53578805923462,0.42765700817108154,0.0,0.0,0.34837105870246887,-0.00985932070761919,0.043985046446323395,-3.0861997604370117,0.06222449615597725
1713,38.564863204956055,0.42765700817108154,0.0,0.0,0.34445637464523315,0.009013940580189228,0.11291886866092682,-3.091744899749756,0.055121053010225296
1714,38.575433015823364,0.42765700817108154,0.0,0.0,0.3397744297981262,0.02610963024199009,0.15062452852725983,-3.0956857204437256,0.050293248146772385
1715,38.608078956604004,0.42765700817108154,0.0,0.0,0.3310910761356354,0.041747331619262695,0.14513343572616577,-3.0986828804016113,0.0480760894715786
1716,38.620564699172974,0.42765700817108154,0.0,0.0,0.29968440532684326,0.0630987286567688,0.1407129019498825,-3.104346752166748,0.049271516501903534
1717,38.65316319465637,0.42765700817108154,0.0,0.0,0.31106606125831604,0.05847884714603424,0.18277598917484283,-3.1057770252227783,0.04309913143515587
1718,38.6670868396759,0.42765700817108154,0.0,0.0,0.30636897683143616,0.037200964987277985,0.1534155011177063,-3.103156566619873,0.040739405900239944
1719,38.69513988494873,0.42765700817108154,0.0,0.0,0.303171306848526,0.0037839326541870832,0.05416940152645111,-3.0968453884124756,0.0421675480902195
1720,38.706607818603516,0.42765700817108154,0.0,0.0,0.3027278482913971,-0.02900758758187294,-0.03200329467654228,-3.08892822265625,0.04352434724569321
1721,38.739994764328,0.42765700817108154,0.0,0.0,0.3063046634197235,-0.046089474111795425,-0.052068330347537994,-3.0846903324127197,0.04386284947395325
1722,38.75582242012024,0.42765700817108154,0.0,0.0,0.30978256464004517,-0.05710078403353691,0.0003673606552183628,-3.085306167602539,0.04518800601363182
1723,38.78453588485718,0.42765700817108154,0.0,0.0,0.31253981590270996,-0.07798688113689423,0.13444431126117706,-3.085423231124878,0.04895443096756935
1724,38.79515862464905,0.42765700817108154,0.0,0.0,0.31872329115867615,-0.08496180921792984,0.1351289451122284,-3.0819175243377686,0.05140283331274986
1725,38.82464051246643,0.42765700817108154,0.0,0.0,0.32051119208335876,-0.082201287150383,0.09916333854198456,-3.0764734745025635,0.054658155888319016
1726,38.84099245071411,0.42765700817108154,0.0,0.0,0.32163292169570923,-0.07044599950313568,0.022344637662172318,-3.07253360748291,0.058591898530721664
1727,38.86943173408508,0.42765700817108154,0.0,0.0,0.3228774070739746,-0.04846791923046112,-0.020648866891860962,-3.072758674621582,0.061273086816072464
1728,38.880882263183594,0.42765700817108154,0.0,0.0,0.3277055025100708,-0.022567234933376312,0.04400241747498512,-3.0787508487701416,0.058862634003162384
1729,38.91182494163513,0.8323118686676025,0.0,0.0,0.33854323625564575,-0.0030198991298675537,0.09123013913631439,-3.0854289531707764,0.050016727298498154
1730,38.92841148376465,0.8323118686676025,0.0,0.0,0.3379303514957428,0.006448039785027504,0.10080645978450775,-3.0884857177734375,0.041863445192575455
1731,38.960505962371826,0.8323118686676025,0.0,0.0,0.3301028907299042,0.02060873806476593,0.10627541691064835,-3.0913100242614746,0.04439595341682434
1732,38.974488973617554,0.8323118686676025,0.0,0.0,0.3067410886287689,0.04325411468744278,0.13627874851226807,-3.096998929977417,0.05399995297193527
1733,39.006980419158936,0.8323118686676025,0.0,0.0,0.34027886390686035,0.043974604457616806,0.039505165070295334,-3.100728988647461,0.05952363461256027
1734,39.01916003227234,0.8323118686676025,0.0,0.0,0.36010751128196716,0.04896404594182968,0.006896353326737881,-3.0997860431671143,0.06276899576187134
1735,39.05132508277893,0.8323118686676025,0.0,0.0,0.38368576765060425,0.05657641217112541,-0.0020770025439560413,-3.0977792739868164,0.06630038470029831
1736,39.062742471694946,0.8323118686676025,0.0,0.0,0.41027867794036865,0.06648662686347961,0.023695524781942368,-3.0975699424743652,0.07029780000448227
1737,39.09155511856079,0.8323118686676025,0.0,0.0,0.44194844365119934,0.07100711762905121,0.013944046571850777,-3.0994420051574707,0.0743807703256607
1738,39.10367178916931,0.8323118686676025,0.0,0.0,0.4771091341972351,0.07483119517564774,0.04613153636455536,-3.1008923053741455,0.07734289020299911
1739,39.13492512702942,0.8323118686676025,0.0,0.0,0.5189254879951477,0.07193482667207718,0.03860359638929367,-3.1002209186553955,0.07902295142412186
1740,39.14575719833374,0.8323118686676025,0.0,0.0,0.5590913891792297,0.06084035709500313,0.057307168841362,-3.0965821743011475,0.07803330570459366
1741,39.25312852859497,0.8323118686676025,0.0,0.0,0.5937646627426147,0.03666994720697403,0.06824434548616409,-3.0906929969787598,0.07551538199186325
1742,39.265520095825195,0.8323118686676025,0.0,0.0,0.6298084855079651,0.007457256317138672,-0.06854994595050812,-3.0840606689453125,0.06895215064287186
1743,39.29939246177673,0.8323118686676025,0.0,0.0,0.6713516712188721,-0.010271551087498665,-0.10528755933046341,-3.0828821659088135,0.05573663488030434
1744,39.31279516220093,0.8323118686676025,0.0,0.0,0.7159677743911743,-0.021417656913399696,-0.07229132950305939,-3.089146852493286,0.04258259758353233
1745,39.3442747592926,0.8323118686676025,0.0,0.0,0.7665408253669739,-0.031247757375240326,-0.0680144727230072,-3.1007964611053467,0.03328787162899971
1746,39.35878562927246,0.8323118686676025,0.0,0.0,0.8038319945335388,-0.04326190799474716,-0.07814238220453262,-3.114168167114258,0.027864720672369003
1747,39.38776397705078,0.8323118686676025,0.0,0.0,0.8277777433395386,-0.06303262710571289,-0.1191021278500557,-3.124764919281006,0.028982138261198997
1748,39.39943885803223,0.8323118686676025,0.0,0.0,0.8637698888778687,-0.07329322397708893,-0.17401377856731415,-3.1299915313720703,0.034147072583436966
1749,39.429887533187866,0.8323118686676025,0.0,0.0,0.8538891673088074,-0.05040644109249115,-0.04217987135052681,-3.1361277103424072,0.027258651331067085
1750,39.441123247146606,0.8323118686676025,0.0,0.0,0.8334202766418457,-0.02154422551393509,0.2145688235759735,3.139385461807251,0.0182940736413002
1751,39.47452521324158,0.8323118686676025,0.0,0.0,0.8380697965621948,-0.009619124233722687,0.30364295840263367,3.131707191467285,0.011424245312809944
1752,39.487060546875,0.8323118686676025,0.0,0.0,0.8653184175491333,-0.003600178984925151,0.29399093985557556,3.126055955886841,0.009563272818922997
1753,39.51466417312622,0.8323118686676025,0.0,0.0,0.9050093293190002,0.002210141159594059,0.23695389926433563,3.121997117996216,0.010636800900101662
1754,39.52590489387512,0.8323118686676025,0.0,0.0,0.9387865662574768,0.007052204106003046,0.1708214282989502,3.121757984161377,0.010598227381706238
1755,39.55672883987427,0.8323118686676025,0.0,0.0,0.9523327350616455,0.017936691641807556,0.22880315780639648,3.1244940757751465,0.007668786682188511
1756,39.56938362121582,0.8323118686676025,0.0,0.0,0.9536949992179871,0.02228747494518757,0.3510269522666931,3.126394033432007,0.005564983934164047
1757,39.59817695617676,0.8323118686676025,0.0,0.0,0.9429915547370911,0.022506719455122948,0.3995973467826843,3.128652334213257,0.01137362327426672
1758,39.60964798927307,0.8323118686676025,0.0,0.0,0.8956494331359863,0.031343117356300354,0.2345947027206421,3.128994941711426,0.030596377328038216
1759,39.63877487182617,0.8323118686676025,0.0,0.0,0.8704987168312073,0.00460035540163517,0.19852405786514282,3.1277594566345215,0.04449831321835518
1760,39.650702714920044,0.8323118686676025,0.0,0.0,0.8063415884971619,-0.023653903976082802,-0.047870926558971405,3.1363914012908936,0.0472533144056797
1761,39.68221998214722,0.8323118686676025,0.0,0.0,0.7434581518173218,-0.04112658649682999,-0.13138237595558167,-3.134429931640625,0.05105290189385414
1762,39.696529150009155,0.8323118686676025,0.0,0.0,0.7062143683433533,-0.04892568662762642,-0.12611566483974457,-3.1257848739624023,0.05996309965848923
1763,39.72606325149536,0.8323118686676025,0.0,0.0,0.6833568215370178,-0.055200714617967606,-0.10203256458044052,-3.120156764984131,0.06851712614297867
1764,39.73844528198242,0.8323118686676025,0.0,0.0,0.6653441786766052,-0.06265772134065628,-0.08060233294963837,-3.114656448364258,0.07430039346218109
1765,39.76699781417847,0.8323118686676025,0.0,0.0,0.6477118730545044,-0.07063623517751694,-0.08195847272872925,-3.1100072860717773,0.07836316525936127
1766,39.78461837768555,0.8323118686676025,0.0,0.0,0.6339981555938721,-0.07774656265974045,-0.08486564457416534,-3.1086137294769287,0.08232703059911728
1767,39.814751863479614,0.8323118686676025,0.0,0.0,0.6254798769950867,-0.08879276365041733,-0.0644572451710701,-3.1098358631134033,0.08661582320928574
1768,39.82706952095032,0.8323118686676025,0.0,0.0,0.624666690826416,-0.10635553300380707,-0.03744322806596756,-3.1105103492736816,0.09135080128908157
1769,39.85649394989014,0.8323118686676025,0.0,0.0,0.6418637633323669,-0.11883369833230972,-0.05960891768336296,-3.1087989807128906,0.0944947674870491
1770,39.869553327560425,0.8323118686676025,0.0,0.0,0.6492213010787964,-0.11757440119981766,-0.013363020494580269,-3.106607437133789,0.09324982762336731
1771,39.90077447891235,0.8323118686676025,0.0,0.0,0.6401099562644958,-0.1085803285241127,0.07662265002727509,-3.1048829555511475,0.09889242053031921
1772,39.91643166542053,0.8323118686676025,0.0,0.0,0.6401077508926392,-0.09862787276506424,0.07988409698009491,-3.104696035385132,0.11199188977479935
1773,39.9492027759552,0.8323118686676025,0.0,0.0,0.6479483842849731,-0.08500126004219055,0.025094691663980484,-3.1051175594329834,0.1234816387295723
1774,39.95994329452515,0.8323118686676025,0.0,0.0,0.6535215377807617,-0.06462543457746506,0.01492464728653431,-3.1075596809387207,0.12831330299377441
1775,39.98943781852722,0.8323118686676025,0.0,0.0,0.6602184176445007,-0.04015924036502838,0.03072076104581356,-3.112706422805786,0.1233120709657669
1776,40.00638008117676,0.8323118686676025,0.0,0.0,0.6686007380485535,-0.011706359684467316,0.10097061097621918,-3.119774103164673,0.10736175626516342
1777,40.04266953468323,0.8323118686676025,0.0,0.0,0.6795474290847778,0.012172652408480644,0.188446044921875,-3.1272976398468018,0.08624491840600967
1778,40.06169033050537,0.8323118686676025,0.0,0.0,0.6894608736038208,0.03547317534685135,0.29720667004585266,-3.1329233646392822,0.06847666203975677
1779,40.104163646698,0.8323118686676025,0.0,0.0,0.7095707654953003,0.056085508316755295,0.35403764247894287,-3.136395215988159,0.05634922906756401
1780,40.11710524559021,0.8323118686676025,0.0,0.0,0.7347643375396729,0.07679522782564163,0.3815663456916809,-3.137178897857666,0.04654930159449577
1781,40.15125298500061,0.8323118686676025,0.0,0.0,0.7644820809364319,0.09955750405788422,0.3955514132976532,-3.13503098487854,0.036576416343450546
1782,40.170682430267334,0.8323118686676025,0.0,0.0,0.7813311219215393,0.11291821300983429,0.4405779540538788,-3.1316792964935303,0.028036067262291908
1783,40.202226877212524,0.8323118686676025,0.0,0.0,0.7213040590286255,0.13055653870105743,0.18403303623199463,-3.1328604221343994,0.029977329075336456
1784,40.21445178985596,0.8323118686676025,0.0,0.0,0.747388482093811,0.0955701470375061,0.14716845750808716,-3.1347975730895996,0.026604825630784035
1785,40.24511647224426,0.8323118686676025,0.0,0.0,0.7242535948753357,0.05718882381916046,0.00329041201621294,-3.1249585151672363,0.02545236423611641
1786,40.26772952079773,0.8323118686676025,0.0,0.0,0.7117375731468201,0.028201214969158173,-0.10249709337949753,-3.111997604370117,0.025742629542946815
1787,40.29703688621521,0.8323118686676025,0.0,0.0,0.7066683769226074,0.005776712670922279,-0.13583391904830933,-3.103285312652588,0.0271805040538311
1788,40.31706404685974,0.8323118686676025,0.0,0.0,0.7139188647270203,-0.006164174992591143,-0.16401392221450806,-3.099597930908203,0.030659055337309837
1789,40.39147758483887,0.8323118686676025,0.0,0.0,0.7249681949615479,-0.016442790627479553,-0.18591071665287018,-3.0996716022491455,0.03447164595127106
1790,40.40515971183777,0.8323118686676025,0.0,0.0,0.7408563494682312,-0.024706674739718437,-0.16497786343097687,-3.103403329849243,0.0374947153031826
1791,40.43674111366272,0.8323118686676025,0.0,0.0,0.7599577903747559,-0.032133400440216064,-0.1129690408706665,-3.11122465133667,0.03957227244973183
1792,40.44851851463318,0.8323118686676025,0.0,0.0,0.7805947065353394,-0.04689459502696991,-0.06850709766149521,-3.119666576385498,0.04277295991778374
1793,40.47731614112854,0.8323118686676025,0.0,0.0,0.8044909834861755,-0.06761296093463898,-0.07549404352903366,-3.122788190841675,0.047955963760614395
1794,40.48934197425842,0.8323118686676025,0.0,0.0,0.8320846557617188,-0.07759981602430344,-0.11700692772865295,-3.118429183959961,0.05390755832195282
1795,40.51783084869385,0.8323118686676025,0.0,0.0,0.8167108297348022,-0.07310572266578674,-0.14393623173236847,-3.113086700439453,0.05488119646906853
1796,40.52855920791626,0.8323118686676025,0.0,0.0,0.7884911298751831,-0.04844602569937706,-0.0006338008679449558,-3.111856460571289,0.05708733946084976
1797,40.5598201751709,0.8323118686676025,0.0,0.0,0.7711102962493896,-0.02562936395406723,0.122635118663311,-3.1176133155822754,0.05420468747615814
1798,40.57686471939087,0.8323118686676025,0.0,0.0,0.7665295004844666,-0.012982756830751896,0.15765894949436188,-3.1269853115081787,0.0498126782476902
1799,40.6070876121521,0.8323118686676025,0.0,0.0,0.768234372138977,-0.006819253321737051,0.142177551984787,-3.1361162662506104,0.04754331335425377
1800,40.6235249042511,0.8323118686676025,0.0,0.0,0.7738721966743469,-0.0019310361240059137,0.13270947337150574,3.1401429176330566,0.046537965536117554
1801,40.65163230895996,0.8323118686676025,0.0,0.0,0.7797234058380127,0.003476231824606657,0.10534540563821793,3.136441707611084,0.04500246047973633
1802,40.662094593048096,0.8323118686676025,0.0,0.0,0.7828068733215332,0.008865383453667164,0.12189897149801254,3.1350696086883545,0.04317331686615944
1803,40.69139742851257,0.8323118686676025,0.0,0.0,0.7848116159439087,0.01362098939716816,0.1606387197971344,3.134519577026367,0.043613728135824203
1804,40.70580339431763,0.8323118686676025,0.0,0.0,0.7900915741920471,0.017267566174268723,0.12315890938043594,3.136061191558838,0.046633280813694
1805,40.73511219024658,0.8323118686676025,0.0,0.0,0.8021752238273621,0.02522416226565838,0.05696874111890793,3.140212059020996,0.05260787531733513
1806,40.74633979797363,0.8323118686676025,0.0,0.0,0.8263745903968811,0.04101236164569855,0.024402188137173653,-3.1375904083251953,0.060056619346141815
1807,40.777305603027344,0.8323118686676025,0.0,0.0,0.8472185730934143,0.05446625128388405,0.12016879767179489,-3.1333179473876953,0.06547757238149643
1808,40.78977918624878,0.8323118686676025,0.0,0.0,0.8513229489326477,0.05471884459257126,0.2883889079093933,-3.1322450637817383,0.06693144887685776
1809,40.817769050598145,0.8323118686676025,0.0,0.0,0.8378030061721802,0.03431249409914017,0.2794315814971924,-3.13044810295105,0.06521552801132202
1810,40.828142166137695,0.8323118686676025,0.0,0.0,0.7975574731826782,0.0023969286121428013,0.0032926518470048904,-3.1224424839019775,0.06436039507389069
1811,40.85837459564209,0.8323118686676025,0.0,0.0,0.7645776867866516,-0.02062983065843582,-0.09359769523143768,-3.1115882396698,0.06523425132036209
1812,40.87596344947815,0.8323118686676025,0.0,0.0,0.7467639446258545,-0.03806854784488678,-0.1053023636341095,-3.1025538444519043,0.06739570945501328
1813,40.90417814254761,0.8323118686676025,0.0,0.0,0.7355138063430786,-0.053270354866981506,-0.10549063235521317,-3.0951955318450928,0.06956305354833603
1814,40.91586661338806,0.8323118686676025,0.0,0.0,0.7304293513298035,-0.06565135717391968,-0.07285288721323013,-3.089384078979492,0.07119733840227127
1815,40.94460463523865,0.8323118686676025,0.0,0.0,0.728259801864624,-0.08122681081295013,-0.013512320816516876,-3.086812734603882,0.0720982551574707
1816,40.95636820793152,0.8323118686676025,0.0,0.0,0.7329584360122681,-0.09490431100130081,0.038116224110126495,-3.0875189304351807,0.07241856306791306
1817,40.984150648117065,0.8323118686676025,0.0,0.0,0.7563902735710144,-0.11065856367349625,0.030437763780355453,-3.0887982845306396,0.07022929936647415
1818,40.99474811553955,0.8323118686676025,0.0,0.0,0.7482836246490479,-0.1131083220243454,-0.06024124100804329,-3.0894579887390137,0.06379605829715729
1819,41.023378133773804,0.8323118686676025,0.0,0.0,0.7326393723487854,-0.09879440814256668,-0.05465707182884216,-3.087869882583618,0.07001754641532898
1820,41.034799575805664,0.8323118686676025,0.0,0.0,0.7354894280433655,-0.06580180674791336,0.02486659213900566,-3.0891451835632324,0.07691431045532227
1821,41.07066011428833,0.8323118686676025,0.0,0.0,0.7484936714172363,-0.035231418907642365,0.11700040102005005,-3.0964128971099854,0.07200640439987183
1822,41.08194637298584,0.8323118686676025,0.0,0.0,0.769432008266449,-0.01674627885222435,0.06563019007444382,-3.1048500537872314,0.05897246301174164
1823,41.11335372924805,0.8323118686676025,0.0,0.0,0.786819577217102,0.002751082181930542,0.07474343478679657,-3.1113083362579346,0.044066283851861954
1824,41.12500786781311,0.8323118686676025,0.0,0.0,0.7996113300323486,0.020971858873963356,0.18245182931423187,-3.1159660816192627,0.03350764885544777
1825,41.156920194625854,0.8323118686676025,0.0,0.0,0.8104856014251709,0.03219142556190491,0.3011370599269867,-3.1177430152893066,0.027725093066692352
1826,41.16886377334595,0.8323118686676025,0.0,0.0,0.8193079233169556,0.036954525858163834,0.37072184681892395,-3.1167097091674805,0.025083256885409355
1827,41.19603514671326,0.8323118686676025,0.0,0.0,0.8211318254470825,0.03913632780313492,0.3611190617084503,-3.1167452335357666,0.027773087844252586
1828,41.20784306526184,0.8323118686676025,0.0,0.0,0.8128655552864075,0.05718867480754852,0.13172081112861633,-3.1207375526428223,0.03841020166873932
1829,41.23575496673584,0.8323118686676025,0.0,0.0,0.8334194421768188,0.06235835701227188,0.21713325381278992,-3.126386880874634,0.04162454232573509
1830,41.24616098403931,0.8323118686676025,0.0,0.0,0.8218067288398743,0.04998771473765373,0.23262955248355865,-3.1299803256988525,0.04063451662659645
1831,41.27509570121765,0.8323118686676025,0.0,0.0,0.7860162854194641,0.019605517387390137,0.08290998637676239,-3.1266589164733887,0.040396224707365036
1832,41.28721213340759,0.8323118686676025,0.0,0.0,0.757641077041626,-0.0030490579083561897,-0.07946820557117462,-3.1184980869293213,0.04008915647864342
1833,41.315788984298706,0.8323118686676025,0.0,0.0,0.7358986735343933,-0.02019207738339901,-0.1113537847995758,-3.11187481880188,0.04170782491564751
1834,41.32622003555298,0.8323118686676025,0.0,0.0,0.7264881730079651,-0.03178180381655693,-0.11434362083673477,-3.107408046722412,0.045917145907878876
1835,41.35519480705261,0.8323118686676025,0.0,0.0,0.7263040542602539,-0.04086892679333687,-0.09171083569526672,-3.105548858642578,0.0494990348815918
1836,41.37120270729065,0.8323118686676025,0.0,0.0,0.7298460006713867,-0.050128158181905746,-0.043397318571805954,-3.1058349609375,0.05096125230193138
1837,41.4018394947052,0.8323118686676025,0.0,0.0,0.7353293299674988,-0.0648006796836853,0.0001477980986237526,-3.108116626739502,0.051531415432691574
1838,41.41640329360962,0.8323118686676025,0.0,0.0,0.7494834661483765,-0.08791353553533554,0.009737534448504448,-3.110896348953247,0.05157062038779259
1839,41.44313645362854,0.8323118686676025,0.0,0.0,0.7682026028633118,-0.10729055106639862,-0.022751430049538612,-3.111973524093628,0.05018262937664986
1840,41.45336556434631,0.8323118686676025,0.0,0.0,0.7893983721733093,-0.11384367942810059,-0.0342385433614254,-3.1113390922546387,0.05084673687815666
1841,41.50581765174866,0.8323118686676025,0.0,0.0,0.7847545742988586,-0.11485700309276581,-0.11423777788877487,-3.110212564468384,0.05114847421646118
1842,41.51735830307007,0.8323118686676025,0.0,0.0,0.7671069502830505,-0.09789867699146271,-0.13002008199691772,-3.1050772666931152,0.05904987081885338
1843,41.54650926589966,0.8323118686676025,0.0,0.0,0.7534589767456055,-0.055978719145059586,0.06628895550966263,-3.1063294410705566,0.06431794911623001
1844,41.55772280693054,0.8323118686676025,0.0,0.0,0.7556072473526001,-0.026859520003199577,0.15327344834804535,-3.1144261360168457,0.05972806364297867
1845,41.5855176448822,0.8323118686676025,0.0,0.0,0.7679106593132019,-0.007760996930301189,0.13658903539180756,-3.1223390102386475,0.05064684897661209
1846,41.59610652923584,0.8323118686676025,0.0,0.0,0.7766119837760925,0.011358837597072124,0.14265450835227966,-3.129037618637085,0.04270792752504349
1847,41.625000953674316,0.8323118686676025,0.0,0.0,0.7823643088340759,0.030839595943689346,0.18939468264579773,-3.1341326236724854,0.03792186453938484
1848,41.638836145401,0.8323118686676025,0.0,0.0,0.789094090461731,0.047955624759197235,0.2714214622974396,-3.1370127201080322,0.03420552238821983
1849,41.66666030883789,0.8323118686676025,0.0,0.0,0.7906907796859741,0.05751451849937439,0.3704482614994049,-3.1388163566589355,0.030988549813628197
1850,41.6771445274353,0.8323118686676025,0.0,0.0,0.7830299735069275,0.06237024441361427,0.3565126955509186,-3.141037702560425,0.03349519893527031
1851,41.709036350250244,0.8323118686676025,0.0,0.0,0.7502083778381348,0.08756480365991592,0.0564790740609169,3.140023708343506,0.04621289670467377
1852,41.720975399017334,0.8323118686676025,0.0,0.0,0.7716625332832336,0.08914681524038315,0.18579307198524475,3.137241840362549,0.052929673343896866
1853,41.750789165496826,0.8323118686676025,0.0,0.0,0.7686358094215393,0.08304057270288467,0.2895675301551819,3.1359663009643555,0.05453534796833992
1854,41.762704372406006,0.8323118686676025,0.0,0.0,0.7495970726013184,0.058470699936151505,0.15211303532123566,3.1380879878997803,0.05634038522839546
1855,41.79195713996887,0.8323118686676025,0.0,0.0,0.7199880480766296,0.031080320477485657,-0.10900069773197174,-3.1384921073913574,0.056787941604852676
1856,41.805424213409424,0.8323118686676025,0.0,0.0,0.696414053440094,0.010531194508075714,-0.15351220965385437,-3.1319456100463867,0.05794772133231163
1857,41.837636947631836,0.8323118686676025,0.0,0.0,0.6814948916435242,-0.00923633761703968,-0.11316898465156555,-3.1263065338134766,0.06030222028493881
1858,41.85023283958435,0.8323118686676025,0.0,0.0,0.6795760989189148,-0.022475838661193848,-0.07193271070718765,-3.1213808059692383,0.062057677656412125
1859,41.879674434661865,0.5581201314926147,0.0,0.0,0.679383397102356,-0.03688478097319603,-0.03275609016418457,-3.1174557209014893,0.06203564256429672
1860,41.89158511161804,0.5581201314926147,0.0,0.0,0.6857291460037231,-0.058590490370988846,-0.05333579331636429,-3.1153454780578613,0.05958747863769531
1861,41.92133831977844,0.5581201314926147,0.0,0.0,0.6934612393379211,-0.07966162264347076,-0.1169973835349083,-3.115257501602173,0.05320901423692703
1862,41.93210458755493,0.5581201314926147,0.0,0.0,0.6934816837310791,-0.09453877806663513,-0.14784105122089386,-3.1158573627471924,0.04836328327655792
1863,41.961039304733276,0.5581201314926147,0.0,0.0,0.6875163912773132,-0.10358748584985733,-0.09682460874319077,-3.1139144897460938,0.05329461768269539
1864,41.97393202781677,0.5581201314926147,0.0,0.0,0.6601640582084656,-0.09209779649972916,-0.09382463991641998,-3.1113600730895996,0.06319065392017365
1865,42.002763509750366,0.5581201314926147,0.0,0.0,0.6257942914962769,-0.061949145048856735,-0.02295294776558876,-3.109959602355957,0.07249322533607483
1866,42.01621103286743,0.5581201314926147,0.0,0.0,0.6019933223724365,-0.032890476286411285,0.0422787107527256,-3.1131913661956787,0.07424643635749817
1867,42.045591592788696,0.5581201314926147,0.0,0.0,0.5805739760398865,-0.014036791399121284,0.03177498281002045,-3.118544578552246,0.07178249955177307
1868,42.065903663635254,0.5581201314926147,0.0,0.0,0.5575857162475586,0.0026678768917918205,0.03702659159898758,-3.123716354370117,0.06931740790605545
1869,42.094783544540405,0.5581201314926147,0.0,0.0,0.5344793200492859,0.019135629758238792,0.08790897578001022,-3.1286139488220215,0.06817271560430527
1870,42.10698628425598,0.5581201314926147,0.0,0.0,0.5154569745063782,0.03229343518614769,0.1172574833035469,-3.132097005844116,0.06825880706310272
1871,42.13498544692993,0.5581201314926147,0.0,0.0,0.49604877829551697,0.043073173612356186,0.15609662234783173,-3.133546829223633,0.06927774101495743
1872,42.150813579559326,0.5581201314926147,0.0,0.0,0.4737050533294678,0.05604207515716553,0.163705512881279,-3.13466215133667,0.0736604556441307
1873,42.17945408821106,0.5581201314926147,0.0,0.0,0.4387699067592621,0.0740843117237091,0.0940864160656929,-3.1376335620880127,0.08033415675163269
1874,42.19623422622681,0.5581201314926147,0.0,0.0,0.4296569526195526,0.07251689583063126,0.123183973133564,-3.1380629539489746,0.08013635873794556
1875,42.23077082633972,0.5581201314926147,0.0,0.0,0.41762590408325195,0.0643027275800705,0.13325388729572296,-3.135255813598633,0.08049723505973816
1876,42.242337465286255,0.5581201314926147,0.0,0.0,0.4109569489955902,0.058139484375715256,0.14943858981132507,-3.1305789947509766,0.0839625895023346
1877,42.27142381668091,0.5581201314926147,0.0,0.0,0.41255271434783936,0.05511932075023651,0.15024590492248535,-3.1245110034942627,0.08747775107622147
1878,42.28378748893738,0.5581201314926147,0.0,0.0,0.4164651930332184,0.05708206444978714,0.125728577375412,-3.1185483932495117,0.08833779394626617
1879,42.31462478637695,0.5581201314926147,0.0,0.0,0.42038577795028687,0.06046057492494583,0.0893077701330185,-3.114199161529541,0.08701405674219131
1880,42.32590460777283,0.5581201314926147,0.0,0.0,0.4231191575527191,0.06362485885620117,0.1004716008901596,-3.1104273796081543,0.08463697135448456
1881,42.354657888412476,0.5581201314926147,0.0,0.0,0.42792969942092896,0.06292945146560669,0.1039910614490509,-3.106153726577759,0.08190277963876724
1882,42.3670175075531,0.5581201314926147,0.0,0.0,0.4345035254955292,0.05879001319408417,0.11375018209218979,-3.10122013092041,0.07781177014112473
1883,42.39664578437805,0.5581201314926147,0.0,0.0,0.44490984082221985,0.0546473003923893,0.13786019384860992,-3.0955352783203125,0.07211519777774811
1884,42.4083411693573,0.5581201314926147,0.0,0.0,0.4545028507709503,0.04298669099807739,0.15922115743160248,-3.0899457931518555,0.06518068164587021
1885,42.43997001647949,0.5581201314926147,0.0,0.0,0.45955321192741394,0.017194144427776337,0.1337340772151947,-3.083188533782959,0.05739391967654228
1886,42.45371985435486,0.5581201314926147,0.0,0.0,0.4650484621524811,-0.01197759434580803,-0.02842254936695099,-3.074985980987549,0.04828769713640213
1887,42.48524284362793,0.5581201314926147,0.0,0.0,0.47445157170295715,-0.02739488147199154,-0.12068452686071396,-3.0705366134643555,0.03922411426901817
1888,42.49820828437805,0.5581201314926147,0.0,0.0,0.4833894371986389,-0.03810327872633934,-0.17185208201408386,-3.072549819946289,0.03422202542424202
1889,42.52668499946594,0.5581201314926147,0.0,0.0,0.49863117933273315,-0.05282381922006607,-0.14421986043453217,-3.078514337539673,0.03426578268408775
1890,42.538272857666016,0.5581201314926147,0.0,0.0,0.520964503288269,-0.07358045130968094,-0.06476524472236633,-3.0835282802581787,0.03833523392677307
1891,42.56991910934448,0.5581201314926147,0.0,0.0,0.5712063908576965,-0.08993794769048691,-0.1637747585773468,-3.085707902908325,0.03845686838030815
1892,42.58026623725891,0.5581201314926147,0.0,0.0,0.5776495337486267,-0.08994180709123611,-0.15110033750534058,-3.086238384246826,0.031080150976777077
1893,42.63836431503296,0.5581201314926147,0.0,0.0,0.5612754225730896,-0.06714881956577301,0.02701156958937645,-3.0851476192474365,0.03351707011461258
1894,42.6504430770874,0.5581201314926147,0.0,0.0,0.5625743865966797,-0.03683163598179817,0.13206835091114044,-3.087738037109375,0.03618815168738365
1895,42.679767370224,0.5581201314926147,0.0,0.0,0.5793376564979553,-0.012060016393661499,0.16742141544818878,-3.093337059020996,0.028353368863463402
1896,42.691192388534546,0.5581201314926147,0.0,0.0,0.5931026935577393,0.0078038424253463745,0.16730846464633942,-3.099496841430664,0.016438648104667664
1897,42.71963548660278,0.5581201314926147,0.0,0.0,0.6045374274253845,0.02512238547205925,0.20501357316970825,-3.1054232120513916,0.00667346827685833
1898,42.73225402832031,0.5581201314926147,0.0,0.0,0.6126604676246643,0.040578387677669525,0.3046450912952423,-3.1090469360351562,-0.0005246382788755
1899,42.76066017150879,0.5581201314926147,0.0,0.0,0.6174901127815247,0.05119162052869797,0.40796804428100586,-3.1097347736358643,-0.00560723477974534
1900,42.77350091934204,0.5581201314926147,0.0,0.0,0.6148214936256409,0.05123642832040787,0.5437878966331482,-3.1075756549835205,-0.007342893164604902
1901,42.804970026016235,0.5581201314926147,0.0,0.0,0.6032683849334717,0.05045979097485542,0.5462338924407959,-3.105938196182251,0.0016269187908619642
1902,42.817622661590576,0.5581201314926147,0.0,0.0,0.5797880291938782,0.05989859625697136,0.3674103319644928,-3.109269618988037,0.013363673351705074
1903,42.8461651802063,0.5581201314926147,0.0,0.0,0.565659761428833,0.050483863800764084,0.26189666986465454,-3.1085598468780518,0.015204910188913345
1904,42.85873866081238,0.5581201314926147,0.0,0.0,0.5374038815498352,0.02927592769265175,0.04339250549674034,-3.109663963317871,0.017724692821502686
1905,42.88785243034363,0.5581201314926147,0.0,0.0,0.4990966022014618,0.001308957813307643,-0.18093758821487427,-3.1081295013427734,0.020474834367632866
1906,42.899290561676025,0.5581201314926147,0.0,0.0,0.4577251672744751,-0.027237605303525925,-0.16500884294509888,-3.100703239440918,0.024392539635300636
1907,42.92878794670105,0.5581201314926147,0.0,0.0,0.42975160479545593,-0.047366827726364136,-0.13933242857456207,-3.088043212890625,0.030943451449275017
1908,42.94127655029297,0.5581201314926147,0.0,0.0,0.41047123074531555,-0.05994084104895592,-0.1807059347629547,-3.07645583152771,0.03892568498849869
1909,42.97009897232056,0.5581201314926147,0.0,0.0,0.3976825177669525,-0.06899715960025787,-0.18162666261196136,-3.069265604019165,0.04693840071558952
1910,42.983914613723755,0.5581201314926147,0.0,0.0,0.39542603492736816,-0.07738998532295227,-0.1799163669347763,-3.06496262550354,0.05398036539554596
1911,43.018967151641846,0.5581201314926147,0.0,0.0,0.39156845211982727,-0.062369510531425476,-0.11661572754383087,-3.064476490020752,0.05531458184123039
1912,43.034093379974365,0.5581201314926147,0.0,0.0,0.3899500370025635,-0.034999724477529526,-0.004563391208648682,-3.0668962001800537,0.060730308294296265
1913,43.06328368186951,0.5581201314926147,0.0,0.0,0.40422868728637695,-0.004048772621899843,0.06475955247879028,-3.073110818862915,0.06534065306186676
1914,43.07763457298279,0.5581201314926147,0.0,0.0,0.42592453956604004,0.021582795307040215,0.08599121868610382,-3.0790927410125732,0.06194692477583885
1915,43.1087543964386,0.5581201314926147,0.0,0.0,0.4438228905200958,0.04112844914197922,0.1400662213563919,-3.0826668739318848,0.053027134388685226
1916,43.12285399436951,0.5581201314926147,0.0,0.0,0.4543522298336029,0.05643964558839798,0.1678558886051178,-3.084083318710327,0.04431562498211861
1917,43.1516330242157,0.5581201314926147,0.0,0.0,0.46609288454055786,0.07614581286907196,0.18336698412895203,-3.0830776691436768,0.03839815407991409
1918,43.162328004837036,0.5581201314926147,0.0,0.0,0.47538721561431885,0.09177874773740768,0.20382419228553772,-3.083369255065918,0.03678863123059273
1919,43.19281554222107,0.5581201314926147,0.0,0.0,0.47104933857917786,0.10667067021131516,0.09223765134811401,-3.0873284339904785,0.04102041944861412
1920,43.205997467041016,0.5581201314926147,0.0,0.0,0.471821665763855,0.10875074565410614,0.1901053786277771,-3.093971014022827,0.0441940538585186
1921,43.23398542404175,0.5581201314926147,0.0,0.0,0.4649782180786133,0.09823549538850784,0.21019582450389862,-3.095625638961792,0.04674677923321724
1922,43.244497299194336,0.5581201314926147,0.0,0.0,0.45587998628616333,0.07774336636066437,0.10559149086475372,-3.0928990840911865,0.04868834465742111
1923,43.27464485168457,0.5581201314926147,0.0,0.0,0.43399778008461,0.050060223788022995,-0.09730634838342667,-3.086841344833374,0.048044148832559586
1924,43.28747034072876,0.5581201314926147,0.0,0.0,0.4178319275379181,0.030773932114243507,-0.13813871145248413,-3.0808298587799072,0.04775084927678108
1925,43.31643891334534,0.5581201314926147,0.0,0.0,0.41045457124710083,0.0175090990960598,-0.10825945436954498,-3.0762217044830322,0.04927146062254906
1926,43.32843375205994,0.5581201314926147,0.0,0.0,0.4058818817138672,0.00555511424317956,-0.10041064023971558,-3.0737063884735107,0.05143235623836517
1927,43.35861253738403,0.5581201314926147,0.0,0.0,0.4073637127876282,-0.0043477024883031845,-0.07976876944303513,-3.073779582977295,0.053427960723638535
1928,43.371402978897095,0.5581201314926147,0.0,0.0,0.40898752212524414,-0.01963859796524048,-0.06905613094568253,-3.0749831199645996,0.05449479818344116
1929,43.39933490753174,0.5581201314926147,0.0,0.0,0.41571128368377686,-0.036853376775979996,-0.0456879548728466,-3.075674533843994,0.05456623062491417
1930,43.412065267562866,0.5581201314926147,0.0,0.0,0.42424553632736206,-0.05620348080992699,-0.08339843153953552,-3.0756332874298096,0.053009528666734695
1931,43.450397968292236,0.5581201314926147,0.0,0.0,0.43453752994537354,-0.07423807680606842,-0.08748242259025574,-3.074735164642334,0.05177144333720207
1932,43.46604681015015,0.5581201314926147,0.0,0.0,0.4457385838031769,-0.09119190275669098,-0.07227521389722824,-3.0751724243164062,0.05265841260552406
1933,43.49393582344055,0.5581201314926147,0.0,0.0,0.4586622714996338,-0.101839080452919,-0.03446623682975769,-3.07761287689209,0.05719560384750366
1934,43.50649833679199,0.5581201314926147,0.0,0.0,0.47087520360946655,-0.10998595505952835,0.088868148624897,-3.0789694786071777,0.06517095863819122
1935,43.535468101501465,0.5581201314926147,0.0,0.0,0.4752403199672699,-0.11173565685749054,-0.00786526221781969,-3.077035903930664,0.07028007507324219
1936,43.546075105667114,0.5581201314926147,0.0,0.0,0.4693116247653961,-0.10174739360809326,-0.053680337965488434,-3.0723397731781006,0.0754207968711853
1937,43.57481265068054,0.5581201314926147,0.0,0.0,0.45820513367652893,-0.07862083613872528,-0.004987209104001522,-3.0715866088867188,0.0798385888338089
1938,43.58685231208801,0.5581201314926147,0.0,0.0,0.45117610692977905,-0.052178047597408295,0.06602421402931213,-3.0773541927337646,0.0791952982544899
1939,43.617700815200806,0.5581201314926147,0.0,0.0,0.4516175091266632,-0.032410990446805954,0.11981837451457977,-3.086207389831543,0.07297934591770172
1940,43.628695011138916,0.5581201314926147,0.0,0.0,0.45404571294784546,-0.017270836979150772,0.10638723522424698,-3.0931358337402344,0.06462940573692322
1941,43.65990924835205,0.5581201314926147,0.0,0.0,0.45423200726509094,-0.0009102296316996217,0.0718906968832016,-3.097785711288452,0.05639713630080223
1942,43.67331838607788,0.5581201314926147,0.0,0.0,0.45604491233825684,0.02113370969891548,0.141331285238266,-3.1019766330718994,0.05008377507328987
1943,43.70587086677551,0.5581201314926147,0.0,0.0,0.46099191904067993,0.04367654025554657,0.21305790543556213,-3.107146739959717,0.045356616377830505
1944,43.71582794189453,0.5581201314926147,0.0,0.0,0.4660069942474365,0.06076768413186073,0.22220948338508606,-3.111424684524536,0.040429480373859406
1945,43.76278495788574,0.5581201314926147,0.0,0.0,0.46638062596321106,0.07363320142030716,0.21384409070014954,-3.113586902618408,0.03865444287657738
1946,43.77997612953186,0.5581201314926147,0.0,0.0,0.46376338601112366,0.09058960527181625,0.16496677696704865,-3.1160831451416016,0.042886558920145035
1947,43.809698820114136,0.5581201314926147,0.0,0.0,0.4605313539505005,0.099909707903862,0.12396036088466644,-3.120626926422119,0.04417591914534569
1948,43.8219838142395,0.5581201314926147,0.0,0.0,0.46170198917388916,0.09639735519886017,0.13226421177387238,-3.1194591522216797,0.041045304387807846
1949,43.85843634605408,0.5581201314926147,0.0,0.0,0.45526763796806335,0.08752622455358505,0.16939717531204224,-3.116124391555786,0.04275866970419884
1950,43.87381839752197,0.5581201314926147,0.0,0.0,0.44804075360298157,0.06686242669820786,0.1433713734149933,-3.1116647720336914,0.048863112926483154
1951,43.902729988098145,0.5581201314926147,0.0,0.0,0.4391947090625763,0.03601669520139694,0.033023662865161896,-3.1041693687438965,0.053008951246738434
1952,43.91529178619385,0.5581201314926147,0.0,0.0,0.43426311016082764,0.010802626609802246,-0.04878770560026169,-3.0950400829315186,0.051614679396152496
1953,43.94602370262146,0.5581201314926147,0.0,0.0,0.42846694588661194,-0.009279756806790829,-0.04611610248684883,-3.0877861976623535,0.048058729618787766
1954,43.96083211898804,0.5581201314926147,0.0,0.0,0.42349886894226074,-0.02767200581729412,-0.07254880666732788,-3.0826900005340576,0.04631524533033371
1955,43.992072343826294,0.5581201314926147,0.0,0.0,0.42202016711235046,-0.044210225343704224,-0.09372498095035553,-3.0795865058898926,0.046822767704725266
1956,44.004433155059814,0.5581201314926147,0.0,0.0,0.4230395555496216,-0.0635550320148468,-0.09418445080518723,-3.0785727500915527,0.04919643700122833
1957,44.03226685523987,0.5581201314926147,0.0,0.0,0.43052199482917786,-0.08650189638137817,-0.04998898133635521,-3.0782904624938965,0.05319860950112343
1958,44.04306674003601,0.5581201314926147,0.0,0.0,0.45070382952690125,-0.1081627681851387,0.005670388229191303,-3.0767383575439453,0.057102859020233154
1959,44.07466697692871,0.5581201314926147,0.0,0.0,0.4637943208217621,-0.11325637996196747,-0.03292645514011383,-3.0752687454223633,0.05449669808149338
1960,44.086557388305664,0.5581201314926147,0.0,0.0,0.4572022259235382,-0.10748797655105591,-0.00707395002245903,-3.0732460021972656,0.056206077337265015
1961,44.11511278152466,0.5581201314926147,0.0,0.0,0.4523969292640686,-0.09002801030874252,0.04090449586510658,-3.0711612701416016,0.06471665948629379
1962,44.128530740737915,0.5581201314926147,0.0,0.0,0.4628456234931946,-0.060365207493305206,0.09399425983428955,-3.071294069290161,0.06786620616912842
1963,44.15983486175537,0.5581201314926147,0.0,0.0,0.48079538345336914,-0.0344645120203495,0.1045311763882637,-3.074495792388916,0.0575106218457222
1964,44.172780990600586,0.5581201314926147,0.0,0.0,0.49242347478866577,-0.011140401475131512,0.15914958715438843,-3.079763650894165,0.042544227093458176
1965,44.200565338134766,0.5581201314926147,0.0,0.0,0.4999118149280548,0.006208023056387901,0.19323435425758362,-3.086164712905884,0.031617723405361176
1966,44.21241474151611,0.5581201314926147,0.0,0.0,0.5102351307868958,0.018166787922382355,0.20109887421131134,-3.090668201446533,0.024181349202990532
1967,44.24130582809448,0.5581201314926147,0.0,0.0,0.517833948135376,0.03289506956934929,0.20141355693340302,-3.0930845737457275,0.0182492695748806
1968,44.25400424003601,0.5581201314926147,0.0,0.0,0.5311657786369324,0.04835047200322151,0.2089851051568985,-3.0952799320220947,0.013011643663048744
1969,44.28200888633728,0.5581201314926147,0.0,0.0,0.5416613817214966,0.06036608666181564,0.21938291192054749,-3.096808671951294,0.009226184338331223
1970,44.300747871398926,0.5581201314926147,0.0,0.0,0.5243738889694214,0.07527244836091995,0.20225535333156586,-3.0980944633483887,0.009438727051019669
1971,44.328535318374634,0.5581201314926147,0.0,0.0,0.526985228061676,0.06635439395904541,0.27608150243759155,-3.0997965335845947,0.006918015424162149
1972,44.34312987327576,0.5581201314926147,0.0,0.0,0.49878624081611633,0.0431397520005703,0.16244712471961975,-3.0990407466888428,0.00912896916270256
1973,44.37565732002258,0.5581201314926147,0.0,0.0,0.4718276262283325,0.016162319108843803,-0.04217441380023956,-3.095568895339966,0.014886121265590191
1974,44.389206647872925,0.5581201314926147,0.0,0.0,0.4535674452781677,-0.005054253153502941,-0.11362020671367645,-3.092453718185425,0.02095923200249672
1975,44.41780066490173,0.5581201314926147,0.0,0.0,0.44673800468444824,-0.02023390494287014,-0.05666738376021385,-3.0902955532073975,0.027788985520601273
1976,44.42832803726196,0.5581201314926147,0.0,0.0,0.4439062178134918,-0.03445250540971756,0.013786534778773785,-3.088799238204956,0.03459937497973442
1977,44.45993661880493,0.5581201314926147,0.0,0.0,0.44454169273376465,-0.04633864015340805,0.06348622590303421,-3.088055372238159,0.04124065861105919
1978,44.47269320487976,0.5581201314926147,0.0,0.0,0.46110591292381287,-0.049816858023405075,0.0030879215337336063,-3.088191509246826,0.04395059123635292
1979,44.50050187110901,0.5581201314926147,0.0,0.0,0.45469340682029724,-0.04290167614817619,0.018299201503396034,-3.0896875858306885,0.040634699165821075
1980,44.511194944381714,0.5581201314926147,0.0,0.0,0.44632673263549805,-0.03063708357512951,0.03780702129006386,-3.0892951488494873,0.04555603116750717
1981,44.54517698287964,0.5581201314926147,0.0,0.0,0.4492031931877136,-0.0106499083340168,0.013161789625883102,-3.0887913703918457,0.0535244345664978
1982,44.5568790435791,0.5581201314926147,0.0,0.0,0.4610329866409302,0.011162441223859787,-0.01487761177122593,-3.0904812812805176,0.05610870197415352
1983,44.588080406188965,0.5581201314926147,0.0,0.0,0.4664376378059387,0.040887631475925446,0.127336323261261,-3.095055103302002,0.05104539170861244
1984,44.60050106048584,0.5581201314926147,0.0,0.0,0.48348531126976013,0.06344678997993469,0.20165953040122986,-3.099884510040283,0.039824385195970535
1985,44.62994885444641,0.5581201314926147,0.0,0.0,0.49779975414276123,0.08574946969747543,0.2740783393383026,-3.103454113006592,0.025687934830784798
1986,44.64348268508911,0.5581201314926147,0.0,0.0,0.5073370337486267,0.1060531735420227,0.32629209756851196,-3.1070544719696045,0.014170071110129356
1987,44.67492198944092,0.5581201314926147,0.0,0.0,0.5093958973884583,0.12191835045814514,0.37792202830314636,-3.1124446392059326,0.00897675659507513
1988,44.687090158462524,0.5581201314926147,0.0,0.0,0.4888961911201477,0.14353452622890472,0.20685508847236633,-3.122784376144409,0.010234815999865532
1989,44.71675109863281,0.5581201314926147,0.0,0.0,0.5042681097984314,0.14377489686012268,0.19048534333705902,-3.128333568572998,0.002407859545201063
1990,44.72752904891968,0.5581201314926147,0.0,0.0,0.4908048212528229,0.12740473449230194,0.16617627441883087,-3.129615545272827,0.0010650490876287222
1991,44.75767230987549,0.5581201314926147,0.0,0.0,0.4770474433898926,0.09800169616937637,0.009192673489451408,-3.125861406326294,0.006102857645601034
1992,44.7695586681366,0.5581201314926147,0.0,0.0,0.4748815596103668,0.07728616148233414,-0.09632455557584763,-3.1203174591064453,0.010773833841085434
1993,44.8028404712677,0.5581201314926147,0.0,0.0,0.47980618476867676,0.06427470594644547,-0.06930044293403625,-3.1180214881896973,0.013949276879429817
1994,44.81333374977112,0.5581201314926147,0.0,0.0,0.4908100664615631,0.055474262684583664,-0.024494998157024384,-3.1193370819091797,0.015321613289415836
1995,44.83865690231323,0.5581201314926147,0.0,0.0,0.5043278932571411,0.04750041291117668,-0.00020237453281879425,-3.124009609222412,0.014759209007024765
1996,44.85136437416077,0.5581201314926147,0.0,0.0,0.517253577709198,0.034335631877183914,0.009537193924188614,-3.1299448013305664,0.013906363397836685
1997,44.88425636291504,0.5581201314926147,0.0,0.0,0.5330866575241089,0.0193826574832201,0.003608387429267168,-3.134732723236084,0.014205919578671455
1998,44.89529013633728,0.5581201314926147,0.0,0.0,0.5527662634849548,0.004470441956073046,-0.008767597377300262,-3.1375253200531006,0.01565907709300518
1999,44.929646015167236,0.5581201314926147,0.0,0.0,0.574263870716095,-0.005882623139768839,-0.006605076137930155,-3.136953830718994,0.01866810955107212
2000,44.941776514053345,0.5581201314926147,0.0,0.0,0.5930766463279724,-0.019154757261276245,-0.009436428546905518,-3.131887435913086,0.024938460439443588
2001,44.98234176635742,0.5581201314926147,0.0,0.0,0.6100234985351562,-0.0245966799557209,-0.1724919080734253,-3.1228532791137695,0.03281404450535774
2002,44.99296545982361,0.5581201314926147,0.0,0.0,0.5840293765068054,-0.013734421692788601,-0.0970451682806015,-3.1165013313293457,0.03783257678151131
2003,45.021403312683105,0.5581201314926147,0.0,0.0,0.5524072647094727,0.014464023523032665,0.18023905158042908,-3.1179378032684326,0.04405604675412178
2004,45.036837100982666,0.5581201314926147,0.0,0.0,0.5362716913223267,0.026278553530573845,0.2197732925415039,-3.1251814365386963,0.045070480555295944
2005,45.06528449058533,0.5581201314926147,0.0,0.0,0.5246914029121399,0.02914751134812832,0.17638136446475983,-3.131680965423584,0.04407266154885292
2006,45.076740026474,0.5581201314926147,0.0,0.0,0.5175124406814575,0.030580732971429825,0.1718522310256958,-3.135963201522827,0.04443999379873276
2007,45.11123776435852,0.5581201314926147,0.0,0.0,0.5083037614822388,0.03143087029457092,0.16972796618938446,-3.1379787921905518,0.04614138975739479
2008,45.12348175048828,0.5581201314926147,0.0,0.0,0.49605584144592285,0.03602486848831177,0.19627869129180908,-3.1381728649139404,0.049138523638248444
2009,45.15171694755554,0.5581201314926147,0.0,0.0,0.486728698015213,0.043574634939432144,0.20900310575962067,-3.136049509048462,0.05281558632850647
2010,45.17194175720215,0.5581201314926147,0.0,0.0,0.4777873456478119,0.049991924315690994,0.17078299820423126,-3.132014751434326,0.05700976029038429
2011,45.19928503036499,0.5581201314926147,0.0,0.0,0.46856972575187683,0.05736108496785164,0.10420863330364227,-3.128726005554199,0.06431496888399124
2012,45.20983624458313,0.5581201314926147,0.0,0.0,0.46124765276908875,0.06662392616271973,0.011990467086434364,-3.1281063556671143,0.07655248045921326
2013,45.240089654922485,0.5581201314926147,0.0,0.0,0.44879233837127686,0.07664962112903595,-0.029314793646335602,-3.1315293312072754,0.09102770686149597
2014,45.254080057144165,0.5581201314926147,0.0,0.0,0.4501242935657501,0.06838230043649673,0.0483718067407608,-3.131179094314575,0.09748239815235138
2015,45.28585958480835,0.5581201314926147,0.0,0.0,0.4536155164241791,0.0594240203499794,0.1319405436515808,-3.123547077178955,0.10113053023815155
2016,45.29614734649658,0.5581201314926147,0.0,0.0,0.4606552720069885,0.05361337214708328,0.14211338758468628,-3.113826274871826,0.10257108509540558
2017,45.329689741134644,0.5581201314926147,0.0,0.0,0.47047391533851624,0.05128955841064453,0.13055698573589325,-3.106046438217163,0.10159986466169357
2018,45.34481930732727,0.5581201314926147,0.0,0.0,0.479036808013916,0.04863883927464485,0.14032256603240967,-3.1008141040802,0.09910107403993607
2019,45.376564264297485,0.5581201314926147,0.0,0.0,0.48698312044143677,0.04210066795349121,0.15343618392944336,-3.096633195877075,0.09595353156328201
2020,45.388633012771606,0.5581201314926147,0.0,0.0,0.49312201142311096,0.03158244490623474,0.16751839220523834,-3.0915138721466064,0.09150848537683487
2021,45.41769099235535,0.5581201314926147,0.0,0.0,0.49155792593955994,0.012467178516089916,0.1256544142961502,-3.084818124771118,0.0860631912946701
2022,45.42823553085327,0.5581201314926147,0.0,0.0,0.47769027948379517,-0.020600756630301476,-0.038605161011219025,-3.0752532482147217,0.07914285361766815
2023,45.457600116729736,0.5581201314926147,0.0,0.0,0.4678715765476227,-0.0496925450861454,-0.1342259794473648,-3.063605785369873,0.07054707407951355
2024,45.470587491989136,0.5581201314926147,0.0,0.0,0.46014389395713806,-0.07320278137922287,-0.16104397177696228,-3.053816318511963,0.06437547504901886
2025,45.50386047363281,0.5581201314926147,0.0,0.0,0.45722970366477966,-0.09047077596187592,-0.210324227809906,-3.0470588207244873,0.06277357041835785
2026,45.51634907722473,0.5581201314926147,0.0,0.0,0.45800215005874634,-0.10468970239162445,-0.23039394617080688,-3.044639825820923,0.06386280059814453
2027,45.54552626609802,0.5581201314926147,0.0,0.0,0.46088528633117676,-0.13260012865066528,-0.010294241830706596,-3.0447521209716797,0.06833918392658234
2028,45.55813002586365,0.5581201314926147,0.0,0.0,0.47503533959388733,-0.1203094869852066,-0.02903509885072708,-3.045884370803833,0.0690658688545227
2029,45.591437578201294,0.5581201314926147,0.0,0.0,0.4685279428958893,-0.09543201327323914,0.06549090892076492,-3.050248861312866,0.07081817835569382
2030,45.60369801521301,0.5581201314926147,0.0,0.0,0.4772966504096985,-0.06521965563297272,0.1172918900847435,-3.0565032958984375,0.07065284997224808
2031,45.63141655921936,0.5581201314926147,0.0,0.0,0.49403828382492065,-0.03877627104520798,0.1622156947851181,-3.062337875366211,0.05963929370045662
2032,45.64292597770691,0.5581201314926147,0.0,0.0,0.5077041983604431,-0.016348673030734062,0.21685676276683807,-3.0674984455108643,0.04446879029273987
2033,45.67170596122742,0.5581201314926147,0.0,0.0,0.5194075703620911,0.004218417685478926,0.2545619606971741,-3.072847366333008,0.032015807926654816
2034,45.683570861816406,0.5581201314926147,0.0,0.0,0.5313266515731812,0.024060780182480812,0.2805582284927368,-3.0781304836273193,0.02293069288134575
2035,45.71629595756531,0.5581201314926147,0.0,0.0,0.5435361266136169,0.03794817999005318,0.29370149970054626,-3.0819509029388428,0.015980461612343788
2036,45.72678828239441,0.5581201314926147,0.0,0.0,0.5515041351318359,0.04393555968999863,0.35322850942611694,-3.0851004123687744,0.01110456045717001
2037,45.75716209411621,0.5581201314926147,0.0,0.0,0.5521988868713379,0.04119086265563965,0.3946168124675751,-3.091529369354248,0.011128505691885948
2038,45.76888370513916,0.5581201314926147,0.0,0.0,0.5298628211021423,0.044073253870010376,0.10176046192646027,-3.1019654273986816,0.017606260254979134
2039,45.80093288421631,0.5581201314926147,0.0,0.0,0.5298987627029419,0.04070822522044182,0.13723985850811005,-3.1085243225097656,0.016309618949890137
2040,45.813414096832275,0.5581201314926147,0.0,0.0,0.5025018453598022,0.02282600663602352,0.14145860075950623,-3.1096549034118652,0.01795857772231102
2041,45.84673810005188,0.5581201314926147,0.0,0.0,0.4736335277557373,-0.0015680254437029362,-0.03223450481891632,-3.1027979850769043,0.021583713591098785
2042,45.86800146102905,0.5581201314926147,0.0,0.0,0.4497491121292114,-0.017886999994516373,-0.16161057353019714,-3.0935373306274414,0.023750251159071922
2043,45.913527727127075,0.5581201314926147,0.0,0.0,0.4314029812812805,-0.027975501492619514,-0.14950433373451233,-3.0872671604156494,0.028617139905691147
2044,45.929755449295044,0.5581201314926147,0.0,0.0,0.42323511838912964,-0.036289919167757034,-0.10944068431854248,-3.0832536220550537,0.03626018390059471
2045,45.95823049545288,0.5581201314926147,0.0,0.0,0.41918638348579407,-0.04655599594116211,-0.06629731506109238,-3.0811007022857666,0.04336261749267578
2046,45.981139183044434,0.5581201314926147,0.0,0.0,0.4215761721134186,-0.052747827023267746,0.001300452509894967,-3.080895185470581,0.04917062073945999
2047,46.01171588897705,0.5581201314926147,0.0,0.0,0.42743119597435,-0.06642725318670273,0.059850431978702545,-3.080693006515503,0.05332140624523163
2048,46.027584075927734,0.5581201314926147,0.0,0.0,0.43285104632377625,-0.06980898976325989,0.05621602013707161,-3.0793709754943848,0.05172061547636986
2049,46.057145833969116,0.5581201314926147,0.0,0.0,0.43286120891571045,-0.06812134385108948,0.08292724192142487,-3.0755679607391357,0.052129510790109634
2050,46.06873345375061,0.5581201314926147,0.0,0.0,0.43791326880455017,-0.057085417211055756,0.03786139935255051,-3.072603464126587,0.05674159899353981
2051,46.09903883934021,0.5581201314926147,0.0,0.0,0.4491787254810333,-0.03953197970986366,-0.013560820370912552,-3.0736141204833984,0.06192143261432648
2052,46.10957074165344,0.5581201314926147,0.0,0.0,0.4613538086414337,-0.018285082653164864,-0.042910609394311905,-3.077784538269043,0.06383921951055527
2053,46.13890790939331,0.5581201314926147,0.0,0.0,0.4726148247718811,0.008185339160263538,0.06348057836294174,-3.0852549076080322,0.059287089854478836
2054,46.150715589523315,0.5581201314926147,0.0,0.0,0.49209868907928467,0.02659730054438114,0.16142189502716064,-3.091768264770508,0.046368349343538284
2055,46.182292222976685,0.5581201314926147,0.0,0.0,0.5091376900672913,0.040759287774562836,0.2636664807796478,-3.093304395675659,0.031998950988054276
2056,46.19263982772827,0.5581201314926147,0.0,0.0,0.526390016078949,0.05178380757570267,0.3286534547805786,-3.0906147956848145,0.02159813791513443
2057,46.220710039138794,0.5581201314926147,0.0,0.0,0.5345011949539185,0.057547539472579956,0.41589584946632385,-3.086268901824951,0.015366881154477596
2058,46.23212909698486,0.5581201314926147,0.0,0.0,0.5328196287155151,0.05797816067934036,0.4329695701599121,-3.08378005027771,0.0172547809779644
2059,46.26284217834473,0.5581201314926147,0.0,0.0,0.5250652432441711,0.0643632635474205,0.2289731353521347,-3.0874948501586914,0.015274129807949066
2060,46.27945375442505,0.5581201314926147,0.0,0.0,0.5102637410163879,0.04914083331823349,0.2132248729467392,-3.0848355293273926,0.0075547946617007256
2061,46.3103973865509,0.5581201314926147,0.0,0.0,0.4777783751487732,0.013842555694282055,0.009667498990893364,-3.0806334018707275,0.007356980815529823
2062,46.325764656066895,0.7239711880683899,0.0,0.0,0.4556151032447815,-0.013695000670850277,-0.14682771265506744,-3.0753962993621826,0.012195184826850891
2063,46.3584463596344,0.7239711880683899,0.0,0.0,0.448624849319458,-0.027408307418227196,-0.13714763522148132,-3.072333335876465,0.020949624478816986
2064,46.37093496322632,0.7239711880683899,0.0,0.0,0.4467746615409851,-0.039623651653528214,-0.046794645488262177,-3.0715880393981934,0.032127100974321365
2065,46.40076303482056,0.7239711880683899,0.0,0.0,0.4496920108795166,-0.0549883134663105,0.04121583700180054,-3.0721282958984375,0.04385877028107643
2066,46.42211031913757,0.7239711880683899,0.0,0.0,0.4760821461677551,-0.06206001341342926,-0.015420804731547832,-3.07405424118042,0.04725165665149689
2067,46.453444719314575,0.7239711880683899,0.0,0.0,0.4817122519016266,-0.06564679741859436,0.023662570863962173,-3.0767576694488525,0.041398245841264725
2068,46.465548276901245,0.7239711880683899,0.0,0.0,0.4803582429885864,-0.060727931559085846,0.12448686361312866,-3.0764963626861572,0.04166164994239807
2069,46.495471239089966,0.7239711880683899,0.0,0.0,0.4881812632083893,-0.0481242872774601,0.1661641150712967,-3.076266050338745,0.04917667806148529
2070,46.50821232795715,0.7239711880683899,0.0,0.0,0.5071008801460266,-0.027043603360652924,0.16089066863059998,-3.0780351161956787,0.057098276913166046
2071,46.54611301422119,0.7239711880683899,0.0,0.0,0.5352696180343628,0.0031135552562773228,0.1832859218120575,-3.0836453437805176,0.05683550983667374
2072,46.562036752700806,0.7239711880683899,0.0,0.0,0.5672609806060791,0.02914462983608246,0.1882306933403015,-3.0916802883148193,0.043804831802845
2073,46.5990948677063,0.7239711880683899,0.0,0.0,0.5986831784248352,0.04983527585864067,0.2217167317867279,-3.097902536392212,0.02466508187353611
2074,46.61133146286011,0.7239711880683899,0.0,0.0,0.6249722242355347,0.06883187592029572,0.3123508095741272,-3.1014811992645264,0.009145812131464481
2075,46.640501737594604,0.7239711880683899,0.0,0.0,0.6532377600669861,0.08120644092559814,0.39596813917160034,-3.102480173110962,-0.0008862204267643392
2076,46.65229392051697,0.7239711880683899,0.0,0.0,0.6753635406494141,0.08458352833986282,0.42832207679748535,-3.1002025604248047,-0.0075947982259094715
2077,46.68084263801575,0.7239711880683899,0.0,0.0,0.6930138468742371,0.08560855686664581,0.43658578395843506,-3.0966498851776123,-0.010089585557579994
2078,46.70038175582886,0.7239711880683899,0.0,0.0,0.6692928671836853,0.10146427154541016,0.2156972736120224,-3.0967342853546143,-0.008029368706047535
2079,46.73212552070618,0.7239711880683899,0.0,0.0,0.7035478949546814,0.08516816049814224,0.17657634615898132,-3.097355604171753,-0.01734890043735504
2080,46.74698758125305,0.7239711880683899,0.0,0.0,0.6746469140052795,0.05692874267697334,-0.03318749740719795,-3.0929861068725586,-0.023358875885605812
2081,46.77599382400513,0.7239711880683899,0.0,0.0,0.6489337682723999,0.0314762257039547,-0.14732670783996582,-3.0873897075653076,-0.02111716940999031
2082,46.788254737854004,0.7239711880683899,0.0,0.0,0.6384660005569458,0.011153212748467922,-0.14262157678604126,-3.082990884780884,-0.013087524101138115
2083,46.820196866989136,0.7239711880683899,0.0,0.0,0.6446873545646667,-0.0025560706853866577,-0.13774338364601135,-3.0799007415771484,-0.0027966152410954237
2084,46.832061529159546,0.7239711880683899,0.0,0.0,0.6606296300888062,-0.007583407685160637,-0.13616864383220673,-3.0801146030426025,0.005325261503458023
2085,46.8628613948822,0.7239711880683899,0.0,0.0,0.6751353740692139,-0.013834699988365173,-0.09960155189037323,-3.0859103202819824,0.01087309792637825
2086,46.87521195411682,0.7239711880683899,0.0,0.0,0.6935490965843201,-0.025190703570842743,-0.02253272384405136,-3.095299243927002,0.01641751453280449
2087,46.91085624694824,0.7239711880683899,0.0,0.0,0.7147309184074402,-0.03901354968547821,0.04848229140043259,-3.102410316467285,0.023334240540862083
2088,46.923277616500854,0.7239711880683899,0.0,0.0,0.7482185959815979,-0.054800525307655334,-0.050602931529283524,-3.1041059494018555,0.029492758214473724
2089,46.952539920806885,0.7239711880683899,0.0,0.0,0.7444702386856079,-0.05642077326774597,-0.15791094303131104,-3.1017277240753174,0.028653759509325027
2090,46.96328663825989,0.7239711880683899,0.0,0.0,0.7190496921539307,-0.02699654921889305,0.07330744713544846,-3.100867748260498,0.032121092081069946
2091,46.994065046310425,0.7239711880683899,0.0,0.0,0.7133852243423462,-0.003120843321084976,0.15491919219493866,-3.1069459915161133,0.03215516731142998
2092,47.006422996520996,0.7239711880683899,0.0,0.0,0.7167671322822571,0.011966058053076267,0.11350579559803009,-3.115241765975952,0.02582668699324131
2093,47.03824782371521,0.7239711880683899,0.0,0.0,0.7253183126449585,0.023599235340952873,0.07360637187957764,-3.1230573654174805,0.01823277771472931
2094,47.049267292022705,0.7239711880683899,0.0,0.0,0.7315435409545898,0.035192470997571945,0.0973002016544342,-3.1285414695739746,0.011116718873381615
2095,47.12440347671509,0.7239711880683899,0.0,0.0,0.7310167551040649,0.048332493752241135,0.16074109077453613,-3.1308460235595703,0.005643955431878567
2096,47.13743257522583,0.7239711880683899,0.0,0.0,0.7341994643211365,0.062200069427490234,0.26893728971481323,-3.1298046112060547,0.0012717634672299027
2097,47.16848182678223,0.7239711880683899,0.0,0.0,0.7318479418754578,0.06681381911039352,0.34544438123703003,-3.1265032291412354,-0.0019093367736786604
2098,47.181694746017456,0.7239711880683899,0.0,0.0,0.7216554880142212,0.06795754283666611,0.331243097782135,-3.1246328353881836,0.0028367654886096716
2099,47.21035861968994,0.7239711880683899,0.0,0.0,0.7015634775161743,0.07262030988931656,0.1010083258152008,-3.129270553588867,0.014663664624094963
2100,47.224334716796875,0.7239711880683899,0.0,0.0,0.6746354103088379,0.06791382282972336,0.2185787558555603,-3.1314914226531982,0.016758646816015244
2101,47.252872467041016,0.7239711880683899,0.0,0.0,0.6399219036102295,0.04199584946036339,0.2011975646018982,-3.1286158561706543,0.017564808949828148
2102,47.26417303085327,0.7239711880683899,0.0,0.0,0.5986586809158325,0.008906572125852108,0.03551227226853371,-3.119985342025757,0.018557239323854446
2103,47.292335510253906,0.7239711880683899,0.0,0.0,0.562820553779602,-0.01759474352002144,-0.09090927243232727,-3.1083431243896484,0.01992020383477211
2104,47.30414438247681,0.7239711880683899,0.0,0.0,0.535738468170166,-0.0363205149769783,-0.10913945734500885,-3.098295211791992,0.0232080090790987
2105,47.33498668670654,0.7239711880683899,0.0,0.0,0.5189690589904785,-0.053581781685352325,-0.1292664259672165,-3.089768171310425,0.027786772698163986
2106,47.349592447280884,0.7239711880683899,0.0,0.0,0.5267944931983948,-0.05706266313791275,-0.16747421026229858,-3.082707405090332,0.02449357882142067
2107,47.3783061504364,0.7239711880683899,0.0,0.0,0.5176708698272705,-0.04714387282729149,-0.067361980676651,-3.076335906982422,0.019334759563207626
2108,47.39006185531616,0.7239711880683899,0.0,0.0,0.5204393267631531,-0.02136891894042492,0.053792569786310196,-3.0734970569610596,0.024519862607121468
2109,47.41851353645325,0.7239711880683899,0.0,0.0,0.5527330040931702,0.007711905986070633,0.0375334806740284,-3.076137065887451,0.03037753701210022
2110,47.432512044906616,0.7239711880683899,0.0,0.0,0.5906273722648621,0.03204858675599098,0.07138307392597198,-3.0814220905303955,0.024923050776124
2111,47.46521973609924,0.7239711880683899,0.0,0.0,0.6209995150566101,0.04784953221678734,0.1320415437221527,-3.0844521522521973,0.011694533750414848
2112,47.47980093955994,0.7239711880683899,0.0,0.0,0.6436684727668762,0.056170009076595306,0.1854954957962036,-3.083082914352417,-0.002872996963560581
2113,47.50880813598633,0.7239711880683899,0.0,0.0,0.6396929025650024,0.06821560114622116,0.25866368412971497,-3.079397439956665,-0.015052164904773235
2114,47.52097511291504,0.7239711880683899,0.0,0.0,0.6566686630249023,0.07079614698886871,0.2015806883573532,-3.0789425373077393,-0.02886071987450123
2115,47.550111532211304,0.7239711880683899,0.0,0.0,0.6561768651008606,0.06915675848722458,0.16270923614501953,-3.0827383995056152,-0.04078599810600281
2116,47.56582236289978,0.7239711880683899,0.0,0.0,0.640616238117218,0.05414615198969841,0.04447843134403229,-3.086606502532959,-0.045707277953624725
2117,47.60494589805603,0.7239711880683899,0.0,0.0,0.6299847364425659,0.038630712777376175,-0.0518079437315464,-3.0870869159698486,-0.046291533857584
2118,47.6169056892395,0.7239711880683899,0.0,0.0,0.6253347992897034,0.026699984446167946,-0.09428316354751587,-3.084568977355957,-0.044052377343177795
2119,47.645808935165405,0.7239711880683899,0.0,0.0,0.6279093623161316,0.018435070291161537,-0.09889757633209229,-3.0821454524993896,-0.03889267146587372
2120,47.65791916847229,0.7239711880683899,0.0,0.0,0.6389204859733582,0.01138351857662201,-0.08497609198093414,-3.0825648307800293,-0.03310132771730423
2121,47.68635272979736,0.7239711880683899,0.0,0.0,0.6586034893989563,0.009412838146090508,-0.0783131793141365,-3.086879253387451,-0.0285824965685606
2122,47.70106863975525,0.7239711880683899,0.0,0.0,0.6790031790733337,0.00492946058511734,-0.0449661985039711,-3.0947341918945312,-0.0240732841193676
2123,47.72964787483215,0.7239711880683899,0.0,0.0,0.7018433213233948,-0.005684250965714455,-0.01744571328163147,-3.1030874252319336,-0.017046164721250534
2124,47.742183685302734,0.7239711880683899,0.0,0.0,0.7278196811676025,-0.02303900197148323,-0.03829236328601837,-3.1071341037750244,-0.007596165873110294
2125,47.77463340759277,0.7239711880683899,0.0,0.0,0.7576733827590942,-0.039163995534181595,-0.032538361847400665,-3.1042563915252686,0.004469648469239473
2126,47.78809881210327,0.7239711880683899,0.0,0.0,0.7907962203025818,-0.04829894006252289,-0.13465705513954163,-3.093508243560791,0.020574606955051422
2127,47.818845987319946,0.7239711880683899,0.0,0.0,0.7824682593345642,-0.03399103134870529,-0.23057854175567627,-3.0828423500061035,0.03298838809132576
2128,47.82969903945923,0.7239711880683899,0.0,0.0,0.7697206139564514,0.00520139979198575,-0.05383986234664917,-3.079486131668091,0.038215748965740204
2129,47.86072015762329,0.7239711880683899,0.0,0.0,0.7488729953765869,0.03232771158218384,0.10637374222278595,-3.0837604999542236,0.03792763501405716
2130,47.884026765823364,0.7239711880683899,0.0,0.0,0.7349421381950378,0.04311307892203331,0.11672927439212799,-3.0900797843933105,0.038930051028728485
2131,47.91583228111267,0.7239711880683899,0.0,0.0,0.7212598919868469,0.04824203625321388,0.10020210593938828,-3.0947248935699463,0.041383519768714905
2132,47.9262318611145,0.7239711880683899,0.0,0.0,0.7006597518920898,0.057165637612342834,0.08840097486972809,-3.097385883331299,0.044598232954740524
2133,47.95625281333923,0.7239711880683899,0.0,0.0,0.683799684047699,0.07146167010068893,0.0566142275929451,-3.0998785495758057,0.0481431744992733
2134,47.968815326690674,0.7239711880683899,0.0,0.0,0.6674045324325562,0.08409594744443893,0.058565519750118256,-3.1031291484832764,0.05295906960964203
2135,47.99729371070862,0.7239711880683899,0.0,0.0,0.6331390738487244,0.09762489795684814,0.09366031736135483,-3.1103627681732178,0.0583370216190815
2136,48.01039433479309,0.7239711880683899,0.0,0.0,0.6385343074798584,0.08963852375745773,0.15719912946224213,-3.1182591915130615,0.05417750030755997
2137,48.04275035858154,0.7239711880683899,0.0,0.0,0.6280660629272461,0.07513722032308578,0.15380531549453735,-3.125347375869751,0.06115822121500969
2138,48.05479288101196,0.7239711880683899,0.0,0.0,0.6162179112434387,0.05994857847690582,0.1274431049823761,-3.1309008598327637,0.07838661968708038
2139,48.08334231376648,0.7239711880683899,0.0,0.0,0.6655228137969971,-0.016665732488036156,0.17470307648181915,-3.107757568359375,0.07818450033664703
2140,48.09379291534424,0.7239711880683899,0.0,0.0,0.6928717494010925,-0.059633053839206696,0.07165388762950897,-3.0731894969940186,0.07612486183643341
2141,48.123650312423706,0.7239711880683899,0.0,0.0,0.7046518325805664,-0.06455055624246597,0.09435229003429413,-3.0576438903808594,0.07700413465499878
2142,48.13613939285278,0.7239711880683899,0.0,0.0,0.716074526309967,-0.06014016270637512,0.09100589156150818,-3.064438819885254,0.08622606843709946
2143,48.16798686981201,0.7239711880683899,0.0,0.0,0.7390824556350708,-0.07361137121915817,0.008898742496967316,-3.080655336380005,0.09849857538938522
2144,48.180973529815674,0.7239711880683899,0.0,0.0,0.7600250840187073,-0.11430612206459045,0.012355873361229897,-3.0905039310455322,0.11252591013908386
2145,48.208759784698486,0.7239711880683899,0.0,0.0,0.7963449954986572,-0.15602734684944153,-0.03118612989783287,-3.088230609893799,0.12686385214328766
2146,48.2193648815155,0.7239711880683899,0.0,0.0,0.7740224599838257,-0.15944035351276398,-0.1611010879278183,-3.0809905529022217,0.13189011812210083
2147,48.249542474746704,0.7239711880683899,0.0,0.0,0.7113574743270874,-0.15118981897830963,-0.03217398747801781,-3.0717103481292725,0.14612601697444916
2148,48.26543712615967,0.7239711880683899,0.0,0.0,0.7219763994216919,-0.1044309139251709,-0.08153244107961655,-3.076392889022827,0.14483177661895752
2149,48.29721713066101,0.7239711880683899,0.0,0.0,0.7557351589202881,-0.07754625380039215,0.07599415630102158,-3.093233346939087,0.13782998919487
2150,48.30859112739563,0.7239711880683899,0.0,0.0,0.8007785677909851,-0.07417832314968109,0.22554251551628113,-3.1106467247009277,0.12950235605239868
2151,48.33795714378357,0.7239711880683899,0.0,0.0,0.8501380681991577,-0.07990851253271103,0.2507147192955017,-3.119727373123169,0.12218569964170456
2152,48.350407123565674,0.7239711880683899,0.0,0.0,0.8949012160301208,-0.08642105013132095,0.14090371131896973,-3.1193017959594727,0.11706728488206863
2153,48.38161301612854,0.7239711880683899,0.0,0.0,0.9182078838348389,-0.08945202827453613,0.06328408420085907,-3.11065411567688,0.11390642076730728
2154,48.39248991012573,0.7239711880683899,0.0,0.0,0.9231714606285095,-0.08003334701061249,0.146570086479187,-3.0980801582336426,0.11156366765499115
2155,48.42420816421509,0.7239711880683899,0.0,0.0,0.9152109026908875,-0.07288041710853577,0.3075563311576843,-3.0883469581604004,0.11133579164743423
2156,48.436748027801514,0.7239711880683899,0.0,0.0,0.8744986057281494,-0.08796948939561844,0.38775554299354553,-3.084354877471924,0.12016071379184723
2157,48.46622014045715,0.7239711880683899,0.0,0.0,0.7677607536315918,-0.09699093550443649,0.32334762811660767,-3.090756893157959,0.14300888776779175
2158,48.477192401885986,0.7239711880683899,0.0,0.0,0.733124315738678,-0.10236544162034988,0.26521623134613037,-3.086841583251953,0.15336750447750092
2159,48.512192487716675,0.7239711880683899,0.0,0.0,0.6746569871902466,-0.11830952018499374,-0.004925459623336792,-3.0683133602142334,0.15612490475177765
2160,48.52655267715454,0.7239711880683899,0.0,0.0,0.6176093220710754,-0.12326453626155853,-0.19073079526424408,-3.053006649017334,0.1527312994003296
2161,48.56052565574646,0.7239711880683899,0.0,0.0,0.5747214555740356,-0.11601196229457855,-0.3055642247200012,-3.051270008087158,0.14704202115535736
2162,48.57256293296814,0.7239711880683899,0.0,0.0,0.5606637001037598,-0.0992606058716774,-0.255614697933197,-3.0620768070220947,0.14301905035972595
2163,48.600826263427734,0.7239711880683899,0.0,0.0,0.5562602281570435,-0.09208404272794724,-0.22071541845798492,-3.0724990367889404,0.14628711342811584
2164,48.6114661693573,0.7239711880683899,0.0,0.0,0.5524330139160156,-0.08918164670467377,-0.27199944853782654,-3.0756897926330566,0.15325425565242767
2165,48.643330097198486,0.7239711880683899,0.0,0.0,0.5479719638824463,-0.08445240557193756,-0.31007838249206543,-3.0754568576812744,0.15942329168319702
2166,48.65529251098633,0.7239711880683899,0.0,0.0,0.5449357032775879,-0.07483002543449402,-0.3213907778263092,-3.0777812004089355,0.16187439858913422
2167,48.68352913856506,0.7239711880683899,0.0,0.0,0.5398054718971252,-0.07360300421714783,-0.22483959794044495,-3.085405111312866,0.16134077310562134
2168,48.694228410720825,0.7239711880683899,0.0,0.0,0.5454963445663452,-0.0829160138964653,-0.174265518784523,-3.094360589981079,0.1579195261001587
2169,48.72489404678345,0.7239711880683899,0.0,0.0,0.5623111724853516,-0.09740860015153885,-0.19784680008888245,-3.0998687744140625,0.14961962401866913
2170,48.736862897872925,0.7239711880683899,0.0,0.0,0.5876602530479431,-0.10771425068378448,-0.25827980041503906,-3.1028923988342285,0.13754086196422577
2171,48.76605772972107,0.7239711880683899,0.0,0.0,0.6130258440971375,-0.11129371076822281,-0.26189759373664856,-3.1059274673461914,0.12529326975345612
2172,48.77891802787781,0.7239711880683899,0.0,0.0,0.6390230655670166,-0.10797474533319473,-0.2633697986602783,-3.1115715503692627,0.11647815257310867
2173,48.80872440338135,0.7239711880683899,0.0,0.0,0.6621530055999756,-0.09924593567848206,-0.24112136662006378,-3.121976137161255,0.11153571307659149
2174,48.83108115196228,0.7239711880683899,0.0,0.0,0.6731358170509338,-0.09488073736429214,-0.1810433566570282,-3.1349756717681885,0.11096056550741196
2175,48.86221671104431,0.7239711880683899,0.0,0.0,0.687232494354248,-0.10673946887254715,-0.08352848887443542,3.1393120288848877,0.11667871475219727
2176,48.8744010925293,0.7239711880683899,0.0,0.0,0.6922709941864014,-0.09530848264694214,-0.1556430160999298,3.1365573406219482,0.11828068643808365
2177,48.9038405418396,0.7239711880683899,0.0,0.0,0.6792446970939636,-0.05807235836982727,0.004644632339477539,3.134150743484497,0.11606944352388382
2178,48.916481256484985,0.7239711880683899,0.0,0.0,0.6710237860679626,-0.02166665531694889,0.15235328674316406,3.1266069412231445,0.1063200831413269
2179,48.94547247886658,0.7239711880683899,0.0,0.0,0.6737618446350098,0.0038247699849307537,0.20303598046302795,3.1177468299865723,0.09450890868902206
2180,48.9575834274292,0.7239711880683899,0.0,0.0,0.6843593716621399,0.02340262569487095,0.19284051656723022,3.1112618446350098,0.08535366505384445
2181,48.98896312713623,0.7239711880683899,0.0,0.0,0.6989181637763977,0.044288069009780884,0.22684183716773987,3.107428550720215,0.0779661163687706
2182,49.00149202346802,0.7239711880683899,0.0,0.0,0.7070266604423523,0.06125626713037491,0.22895625233650208,3.105984687805176,0.07087188959121704
2183,49.0308735370636,0.7239711880683899,0.0,0.0,0.7117463946342468,0.07669863104820251,0.20711515843868256,3.1074652671813965,0.06342379748821259
2184,49.042765855789185,0.7239711880683899,0.0,0.0,0.7120925188064575,0.094011090695858,0.2017231583595276,3.1101107597351074,0.057193975895643234
2185,49.0729501247406,0.7239711880683899,0.0,0.0,0.7111985087394714,0.112519271671772,0.17977258563041687,3.113720178604126,0.054462507367134094
2186,49.084524393081665,0.7239711880683899,0.0,0.0,0.6991063952445984,0.13119947910308838,0.22188647091388702,3.1167969703674316,0.052765198051929474
2187,49.11437463760376,0.7239711880683899,0.0,0.0,0.6981371641159058,0.12054197490215302,0.2547319531440735,3.1236681938171387,0.043657589703798294
2188,49.12612748146057,0.7239711880683899,0.0,0.0,0.6686407327651978,0.09158747643232346,0.11191383004188538,3.1313717365264893,0.04104442521929741
2189,49.15741539001465,0.7239711880683899,0.0,0.0,0.6430018544197083,0.05938227102160454,-0.0613178014755249,3.13968825340271,0.045297928154468536
2190,49.17235827445984,0.7239711880683899,0.0,0.0,0.6342509388923645,0.034841060638427734,-0.11166658997535706,-3.1367604732513428,0.04995959252119064
2191,49.20068860054016,0.7239711880683899,0.0,0.0,0.6360942125320435,0.01728990115225315,-0.08146509528160095,-3.13124418258667,0.05311008542776108
2192,49.211846590042114,0.7239711880683899,0.0,0.0,0.6446609497070312,0.003855580696836114,-0.015217368490993977,-3.127825975418091,0.054241426289081573
2193,49.24446749687195,0.7239711880683899,0.0,0.0,0.6553136110305786,-0.007473611272871494,0.0355033203959465,-3.1270158290863037,0.05363169685006142
2194,49.256473541259766,0.7239711880683899,0.0,0.0,0.667121410369873,-0.022790012881159782,0.05219913274049759,-3.128528594970703,0.05260482430458069
2195,49.29049277305603,0.7239711880683899,0.0,0.0,0.683022677898407,-0.04257214441895485,0.08350905776023865,-3.1301331520080566,0.05221093073487282
2196,49.302042722702026,0.7239711880683899,0.0,0.0,0.7043405175209045,-0.0642494484782219,0.06322406232357025,-3.129483461380005,0.051914893090724945
2197,49.33560657501221,0.7239711880683899,0.0,0.0,0.7187584638595581,-0.08263679593801498,0.024081870913505554,-3.1237330436706543,0.05277810990810394
2198,49.347458362579346,0.7239711880683899,0.0,0.0,0.7320451140403748,-0.09585922211408615,-0.005070682615041733,-3.1128976345062256,0.05842118337750435
2199,49.38271903991699,0.7239711880683899,0.0,0.0,0.7260876297950745,-0.10011596232652664,-0.08259746432304382,-3.1012461185455322,0.06334973126649857
2200,49.39343309402466,0.7239711880683899,0.0,0.0,0.6981891989707947,-0.0878252238035202,-0.009936473332345486,-3.0918660163879395,0.06928583979606628
2201,49.42640423774719,0.7239711880683899,0.0,0.0,0.6736724972724915,-0.06768366694450378,0.09158869087696075,-3.0909628868103027,0.07138308882713318
2202,49.439066648483276,0.7239711880683899,0.0,0.0,0.6557396054267883,-0.05737055838108063,0.05744224414229393,-3.0972697734832764,0.06770598143339157
2203,49.470149755477905,0.7239711880683899,0.0,0.0,0.6462458372116089,-0.05304957926273346,0.03420958295464516,-3.1055972576141357,0.06353911757469177
2204,49.48417401313782,0.7239711880683899,0.0,0.0,0.631868302822113,-0.04713836684823036,0.11381705105304718,-3.113497257232666,0.0621412955224514
2205,49.51947379112244,0.7239711880683899,0.0,0.0,0.6199036836624146,-0.046130549162626266,0.13778579235076904,-3.11910343170166,0.06302188336849213
2206,49.531107902526855,0.7239711880683899,0.0,0.0,0.6087243556976318,-0.046987175941467285,0.11332236230373383,-3.1204397678375244,0.0642663836479187
2207,49.567604541778564,0.7239711880683899,0.0,0.0,0.6033207178115845,-0.04459003359079361,0.08749332278966904,-3.1192426681518555,0.06648796051740646
2208,49.57892203330994,0.7239711880683899,0.0,0.0,0.603843092918396,-0.03895171731710434,0.06472954154014587,-3.1172115802764893,0.06777118891477585
2209,49.61327338218689,0.7239711880683899,0.0,0.0,0.6114034056663513,-0.03414877876639366,0.053525134921073914,-3.1141445636749268,0.06813980638980865
2210,49.625240087509155,0.7239711880683899,0.0,0.0,0.6235496997833252,-0.028478514403104782,0.03307262435555458,-3.109372854232788,0.06907500326633453
2211,49.65478491783142,0.7239711880683899,0.0,0.0,0.6390566229820251,-0.022515268996357918,0.053046103566884995,-3.103134870529175,0.07140925526618958
2212,49.66700601577759,0.7239711880683899,0.0,0.0,0.6599100232124329,-0.01582392305135727,0.02171066589653492,-3.0978238582611084,0.07622741162776947
2213,49.69918489456177,0.7239711880683899,0.0,0.0,0.6892454624176025,-0.0059046875685453415,0.029513122513890266,-3.0936522483825684,0.08007723838090897
2214,49.71008634567261,0.7239711880683899,0.0,0.0,0.7147703766822815,-0.0004703739832621068,0.0315055288374424,-3.090003728866577,0.08349918574094772
2215,49.73933029174805,0.7239711880683899,0.0,0.0,0.7414686679840088,0.006324601359665394,0.05292752385139465,-3.0892481803894043,0.0883573666214943
2216,49.75127935409546,0.7239711880683899,0.0,0.0,0.7546936273574829,0.009503760375082493,0.31078076362609863,-3.0979702472686768,0.09471942484378815
2217,49.78324818611145,0.7239711880683899,0.0,0.0,0.7504594922065735,-0.004257160238921642,0.2810569405555725,-3.1069915294647217,0.09644020348787308
2218,49.794567823410034,0.7239711880683899,0.0,0.0,0.7135908603668213,-0.026284992694854736,0.01566716656088829,-3.1078989505767822,0.09506873786449432
2219,49.8262083530426,0.7239711880683899,0.0,0.0,0.6784079074859619,-0.04128996655344963,-0.09821127355098724,-3.1026294231414795,0.09280794858932495
2220,49.84336829185486,0.7239711880683899,0.0,0.0,0.652367115020752,-0.05306655168533325,-0.049794308841228485,-3.0951907634735107,0.09111615270376205
2221,49.87592673301697,0.7239711880683899,0.0,0.0,0.6334620714187622,-0.06282814592123032,-0.03304073214530945,-3.0881850719451904,0.08954078704118729
2222,49.887977838516235,0.7239711880683899,0.0,0.0,0.6163493394851685,-0.07218634337186813,-0.07348918169736862,-3.084135055541992,0.0874774232506752
2223,49.92300081253052,0.7239711880683899,0.0,0.0,0.6014642119407654,-0.08430210500955582,-0.03664478287100792,-3.082510232925415,0.08661486953496933
2224,49.93475818634033,0.7239711880683899,0.0,0.0,0.593097984790802,-0.10002941638231277,0.03819652646780014,-3.0820460319519043,0.08703598380088806
2225,49.963300704956055,0.7239711880683899,0.0,0.0,0.6048014760017395,-0.11413124203681946,-0.00216321786865592,-3.081392288208008,0.08549497276544571
2226,49.97652053833008,0.7239711880683899,0.0,0.0,0.6097564697265625,-0.10961658507585526,-0.029187701642513275,-3.081620216369629,0.07747459411621094
2227,50.008055448532104,0.7239711880683899,0.0,0.0,0.5998640656471252,-0.09610368311405182,-0.024137692525982857,-3.0817928314208984,0.07702415436506271
2228,50.019965171813965,0.7239711880683899,0.0,0.0,0.5982510447502136,-0.07046804577112198,-0.018580362200737,-3.0828981399536133,0.08630742877721786
2229,50.04996657371521,0.7239711880683899,0.0,0.0,0.6129562854766846,-0.032539002597332,0.009778350591659546,-3.088466167449951,0.09287436306476593
2230,50.06229877471924,0.7239711880683899,0.0,0.0,0.6390193104743958,-0.0018791683251038194,0.019348647445440292,-3.0973377227783203,0.08543582260608673
2231,50.0923810005188,0.7239711880683899,0.0,0.0,0.6600439548492432,0.01995989680290222,0.031418558210134506,-3.1039416790008545,0.06809039413928986
2232,50.10422205924988,0.7239711880683899,0.0,0.0,0.6710470914840698,0.04184294864535332,0.13176998496055603,-3.107065200805664,0.05169596150517464
2233,50.134077072143555,0.7239711880683899,0.0,0.0,0.6846346855163574,0.05992860719561577,0.2058352828025818,-3.1075828075408936,0.04028443619608879
2234,50.145880937576294,0.7239711880683899,0.0,0.0,0.6975866556167603,0.07324487715959549,0.26046162843704224,-3.106449604034424,0.03203027695417404
2235,50.177083015441895,0.7239711880683899,0.0,0.0,0.7030290961265564,0.08672808855772018,0.2956075668334961,-3.1092700958251953,0.029291024431586266
2236,50.18941903114319,0.7239711880683899,0.0,0.0,0.6937289237976074,0.10147862136363983,0.06540621072053909,-3.118509531021118,0.029244042932987213
2237,50.22198486328125,0.7239711880683899,0.0,0.0,0.6850581765174866,0.09671924263238907,0.18390637636184692,-3.122070789337158,0.0211600661277771
2238,50.23531770706177,0.7239711880683899,0.0,0.0,0.6577886939048767,0.07016637921333313,0.08957945555448532,-3.117565155029297,0.01679975539445877
2239,50.270326137542725,0.7239711880683899,0.0,0.0,0.6339423656463623,0.04807506874203682,-0.05626679211854935,-3.1093571186065674,0.016534099355340004
2240,50.28239989280701,0.7239711880683899,0.0,0.0,0.6190009117126465,0.031320881098508835,-0.06315967440605164,-3.103975772857666,0.021327264606952667
2241,50.312172412872314,0.7239711880683899,0.0,0.0,0.6207683086395264,0.024829544126987457,-0.08961724489927292,-3.1019933223724365,0.028496265411376953
2242,50.32641339302063,0.7239711880683899,0.0,0.0,0.629682183265686,0.0199405737221241,-0.06646178662776947,-3.104349136352539,0.03390370309352875
2243,50.36491560935974,0.7239711880683899,0.0,0.0,0.6430010199546814,0.013738732784986496,-0.00020649656653404236,-3.110203742980957,0.036836471408605576
2244,50.3771870136261,0.7239711880683899,0.0,0.0,0.6581252813339233,0.0014028996229171753,0.03631050884723663,-3.1178317070007324,0.038087621331214905
2245,50.408225774765015,0.7239711880683899,0.0,0.0,0.6774072647094727,-0.012402807362377644,0.053727902472019196,-3.1244170665740967,0.03869030252099037
2246,50.418933629989624,0.7239711880683899,0.0,0.0,0.7007070779800415,-0.028672393411397934,0.06462445855140686,-3.127119302749634,0.039632201194763184
2247,50.44847106933594,0.7239711880683899,0.0,0.0,0.7206027507781982,-0.04273299127817154,0.0440342053771019,-3.1247589588165283,0.041370004415512085
2248,50.47006344795227,0.7239711880683899,0.0,0.0,0.7411807179450989,-0.0502476841211319,-0.15904945135116577,-3.1183934211730957,0.043756153434515
2249,50.50059413909912,0.7239711880683899,0.0,0.0,0.722263514995575,-0.043256375938653946,-0.2372569441795349,-3.1129472255706787,0.04464744031429291
2250,50.51592946052551,0.7239711880683899,0.0,0.0,0.6930294036865234,-0.009843507781624794,0.007140732370316982,-3.113450288772583,0.05049065127968788
2251,50.548648834228516,0.7239711880683899,0.0,0.0,0.6779904961585999,0.013796543702483177,0.08317694067955017,-3.1218676567077637,0.05207982286810875
2252,50.56662106513977,0.7239711880683899,0.0,0.0,0.6772941946983337,0.027578260749578476,0.07263493537902832,-3.1312332153320312,0.04890885576605797
2253,50.59702968597412,0.7239711880683899,0.0,0.0,0.6764979362487793,0.03773112595081329,0.07124586403369904,-3.13855242729187,0.04488365352153778
2254,50.60866117477417,0.7239711880683899,0.0,0.0,0.6766017079353333,0.04745684191584587,0.10313288122415543,3.140213966369629,0.04162014275789261
2255,50.63938117027283,0.7239711880683899,0.0,0.0,0.6753138899803162,0.060560159385204315,0.17477110028266907,3.138230085372925,0.0391208752989769
2256,50.65287208557129,0.7239711880683899,0.0,0.0,0.6750361919403076,0.07072002440690994,0.23607610166072845,3.1389365196228027,0.03797481581568718
2257,50.68975019454956,0.7239711880683899,0.0,0.0,0.6738268733024597,0.07910612225532532,0.2331969439983368,-3.1412205696105957,0.040670882910490036
2258,50.70253562927246,0.7239711880683899,0.0,0.0,0.6738759875297546,0.09492665529251099,0.15334902703762054,-3.139183759689331,0.047531791031360626
2259,50.73223614692688,0.7239711880683899,0.0,0.0,0.6503170728683472,0.12239664793014526,0.015090265311300755,-3.140941858291626,0.05791015550494194
2260,50.74599814414978,0.7239711880683899,0.0,0.0,0.6667795777320862,0.11507027596235275,0.06595068424940109,3.139810085296631,0.06263694912195206
2261,50.78321027755737,0.7239711880683899,0.0,0.0,0.6686418652534485,0.10424723476171494,0.19266349077224731,-3.1404364109039307,0.0644393041729927
2262,50.80004692077637,0.7239711880683899,0.0,0.0,0.6605193018913269,0.08329437673091888,0.22063609957695007,-3.1336276531219482,0.06809553503990173
2263,50.83152151107788,0.7239711880683899,0.0,0.0,0.6445397138595581,0.051841966807842255,0.04969770461320877,-3.124034881591797,0.07055673003196716
2264,50.84326362609863,0.7239711880683899,0.0,0.0,0.6295801997184753,0.025304703041911125,-0.08365195989608765,-3.113826274871826,0.06920929998159409
2265,50.877201080322266,0.7239711880683899,0.0,0.0,0.620729923248291,0.004617609549313784,-0.12018579989671707,-3.1071388721466064,0.0667276382446289
2266,50.89163136482239,0.7239711880683899,0.0,0.0,0.6174596548080444,-0.014182799495756626,-0.09175637364387512,-3.103330373764038,0.06432493031024933
2267,50.92068362236023,0.7239711880683899,0.0,0.0,0.6193425059318542,-0.03560652211308479,-0.03637568652629852,-3.100400686264038,0.06179118528962135
2268,50.93251419067383,0.7239711880683899,0.0,0.0,0.625874936580658,-0.0580715537071228,-0.0026008295826613903,-3.0974650382995605,0.05930240452289581
2269,50.961912393569946,0.7239711880683899,0.0,0.0,0.6385977864265442,-0.08199094980955124,-0.006930619943886995,-3.094759702682495,0.057813528925180435
2270,50.973687171936035,0.7239711880683899,0.0,0.0,0.6458399891853333,-0.08627350628376007,-0.05322224646806717,-3.094459295272827,0.05420666188001633
2271,51.00301384925842,0.7239711880683899,0.0,0.0,0.6344685554504395,-0.07509731501340866,-0.0206469539552927,-3.093447685241699,0.05664559826254845
2272,51.016451597213745,0.7239711880683899,0.0,0.0,0.6333841681480408,-0.0437411367893219,0.1418992578983307,-3.0934269428253174,0.06282311677932739
2273,51.049659967422485,0.7239711880683899,0.0,0.0,0.6563243865966797,-0.019844423979520798,0.1742984801530838,-3.0957844257354736,0.05957051366567612
2274,51.06023716926575,0.7239711880683899,0.0,0.0,0.6773706078529358,-0.0013291890500113368,0.16571210324764252,-3.097827196121216,0.04590727761387825
2275,51.100428104400635,0.7239711880683899,0.0,0.0,0.6891602873802185,0.015886254608631134,0.22006915509700775,-3.0998480319976807,0.031969308853149414
2276,51.11590886116028,0.7239711880683899,0.0,0.0,0.6984741687774658,0.03205210343003273,0.2780340909957886,-3.10129451751709,0.022658446803689003
2277,51.15420722961426,0.7239711880683899,0.0,0.0,0.713375449180603,0.045128896832466125,0.3082068860530853,-3.1005094051361084,0.015462483279407024
2278,51.16652703285217,0.7239711880683899,0.0,0.0,0.7239676117897034,0.05078737810254097,0.3198015093803406,-3.096714496612549,0.00919350702315569
2279,51.1958544254303,0.7239711880683899,0.0,0.0,0.7311926484107971,0.05581972375512123,0.3302314877510071,-3.0936031341552734,0.007767568342387676
2280,51.2076518535614,0.7239711880683899,0.0,0.0,0.7167515158653259,0.06541654467582703,0.27139419317245483,-3.098253011703491,0.010407264344394207
2281,51.23818254470825,0.7239711880683899,0.0,0.0,0.7073325514793396,0.057078681886196136,0.28388145565986633,-3.102365493774414,0.002598798368126154
2282,51.25339341163635,0.7239711880683899,0.0,0.0,0.6647788286209106,0.03315307945013046,0.07467810809612274,-3.101743221282959,-0.0018527803476899862
2283,51.28596901893616,0.7239711880683899,0.0,0.0,0.6233976483345032,0.014160078018903732,-0.04644559696316719,-3.0975143909454346,0.0011905821738764644
2284,51.30001711845398,0.7239711880683899,0.0,0.0,0.5999178290367126,0.003011716064065695,-0.0822029560804367,-3.094087600708008,0.01009878795593977
2285,51.33173704147339,0.7239711880683899,0.0,0.0,0.5888406038284302,-0.005537752993404865,-0.0672454833984375,-3.0936410427093506,0.02002953179180622
2286,51.343754291534424,0.7239711880683899,0.0,0.0,0.5892875790596008,-0.011460118927061558,0.0013515055179595947,-3.0969862937927246,0.028123261407017708
2287,51.3739378452301,0.7239711880683899,0.0,0.0,0.5928878784179688,-0.02092873863875866,0.04451550543308258,-3.1036674976348877,0.032735902816057205
2288,51.38568568229675,0.7239711880683899,0.0,0.0,0.5989732146263123,-0.037515465170145035,0.0823163092136383,-3.1109259128570557,0.03461266681551933
2289,51.41637420654297,0.7239711880683899,0.0,0.0,0.6102591156959534,-0.05795128270983696,0.09118726849555969,-3.116023302078247,0.03412334993481636
2290,51.428415298461914,0.7239711880683899,0.0,0.0,0.6252395510673523,-0.07398242503404617,0.10650209337472916,-3.117598056793213,0.032696958631277084
2291,51.4632523059845,0.7239711880683899,0.0,0.0,0.6458315849304199,-0.08509602397680283,0.05374639108777046,-3.1158177852630615,0.03199315816164017
2292,51.47494316101074,0.7239711880683899,0.0,0.0,0.6515952944755554,-0.08997134864330292,-0.07100020349025726,-3.1136529445648193,0.029854808002710342
2293,51.50680088996887,0.7239711880683899,0.0,0.0,0.6337295770645142,-0.08561776578426361,-0.10522820800542831,-3.1087706089019775,0.03459121286869049
2294,51.520592212677,0.7239711880683899,0.0,0.0,0.616123378276825,-0.061660800129175186,-0.04287628084421158,-3.105079174041748,0.04541594535112381
2295,51.60698175430298,0.7239711880683899,0.0,0.0,0.6107314825057983,-0.02868826314806938,0.07504832744598389,-3.1094396114349365,0.05039083585143089
2296,51.61925792694092,0.7239711880683899,0.0,0.0,0.6142768263816833,-0.005647587589919567,0.12066920846700668,-3.1185572147369385,0.045951541513204575
2297,51.655855655670166,0.7239711880683899,0.0,0.0,0.6139913201332092,0.010604700073599815,0.11899669468402863,-3.126664161682129,0.0388975590467453
2298,51.66888475418091,0.7239711880683899,0.0,0.0,0.6085875630378723,0.026401041075587273,0.13086019456386566,-3.1322147846221924,0.03400183841586113
2299,51.704211711883545,0.7239711880683899,0.0,0.0,0.6034597754478455,0.04357085004448891,0.13883866369724274,-3.1349334716796875,0.0320097841322422
2300,51.72185397148132,0.7239711880683899,0.0,0.0,0.5980433821678162,0.0649157389998436,0.17593002319335938,-3.135638475418091,0.032076794654130936
2301,51.75612831115723,0.7239711880683899,0.0,0.0,0.5982459187507629,0.08725979924201965,0.17425544559955597,-3.1361618041992188,0.03402328863739967
2302,51.774120569229126,0.8591888546943665,0.0,0.0,0.5903706550598145,0.11192263662815094,0.17629584670066833,-3.1372787952423096,0.029792545363307
2303,51.803383588790894,0.8591888546943665,0.0,0.0,0.5886320471763611,0.12035254389047623,0.196378692984581,-3.136239528656006,0.019055256620049477
2304,51.81666588783264,0.8591888546943665,0.0,0.0,0.5801430940628052,0.12307075411081314,0.14873233437538147,-3.135854482650757,0.015613537281751633
2305,51.8456392288208,0.8591888546943665,0.0,0.0,0.5803749561309814,0.12244618684053421,0.12890678644180298,-3.136725902557373,0.020547088235616684
2306,51.8575119972229,0.8591888546943665,0.0,0.0,0.5906316041946411,0.1185375452041626,0.12824170291423798,-3.1351215839385986,0.026387616991996765
2307,51.88620615005493,0.8591888546943665,0.0,0.0,0.6112887859344482,0.11530008912086487,0.09010821580886841,-3.1312575340270996,0.0273915883153677
2308,51.899601459503174,0.8591888546943665,0.0,0.0,0.6222891807556152,0.10253922641277313,-0.010797853581607342,-3.1267549991607666,0.022171204909682274
2309,51.92967367172241,0.8591888546943665,0.0,0.0,0.6228213310241699,0.07946515083312988,-0.06250022351741791,-3.1209871768951416,0.014725752174854279
2310,51.94267249107361,0.8591888546943665,0.0,0.0,0.626652717590332,0.054871395230293274,-0.16629083454608917,-3.113157033920288,0.006480002775788307
2311,51.97255516052246,0.8591888546943665,0.0,0.0,0.6354485154151917,0.03610717132687569,-0.22992688417434692,-3.106419801712036,-0.0010338859865441918
2312,51.986268520355225,0.8591888546943665,0.0,0.0,0.6471877694129944,0.02255062945187092,-0.26497024297714233,-3.102965831756592,-0.004597837571054697
2313,52.021382331848145,0.8591888546943665,0.0,0.0,0.6666150093078613,0.013179589994251728,-0.2911243140697479,-3.1039819717407227,-0.00512982252985239
2314,52.03331184387207,0.8591888546943665,0.0,0.0,0.6957845687866211,0.006898598279803991,-0.2974391579627991,-3.1095550060272217,-0.004792594350874424
2315,52.067108154296875,0.8591888546943665,0.0,0.0,0.735475480556488,-0.0005459426902234554,-0.2534663677215576,-3.1186559200286865,-0.006323867477476597
2316,52.077898025512695,0.8591888546943665,0.0,0.0,0.7757079601287842,-0.016611360013484955,-0.21049007773399353,-3.1268088817596436,-0.007874196395277977
2317,52.11018943786621,0.8591888546943665,0.0,0.0,0.8168193101882935,-0.03307973966002464,-0.23566867411136627,-3.132302761077881,-0.009072428569197655
2318,52.13903045654297,0.8591888546943665,0.0,0.0,0.8474084734916687,-0.04627762362360954,-0.24850554764270782,-3.1338088512420654,-0.009297654032707214
2319,52.186344385147095,0.8591888546943665,0.0,0.0,0.846119225025177,-0.05200141668319702,-0.19638635218143463,-3.1299402713775635,-0.0022336135152727365
2320,52.20117449760437,0.8591888546943665,0.0,0.0,0.8492481708526611,-0.025975337252020836,-0.08265630155801773,-3.125657320022583,0.008726757951080799
2321,52.240145206451416,0.8591888546943665,0.0,0.0,0.8512370586395264,0.013532080687582493,0.06442412734031677,-3.13073992729187,0.004703132435679436
2322,52.25256705284119,0.8591888546943665,0.0,0.0,0.8654831051826477,0.038962338119745255,0.12850713729858398,-3.1394078731536865,-0.0010167016880586743
2323,52.283888816833496,0.8591888546943665,0.0,0.0,0.8807390332221985,0.057969845831394196,0.20025569200515747,3.136277198791504,-0.0006255092448554933
2324,52.29468774795532,0.8591888546943665,0.0,0.0,0.901344895362854,0.06550265103578568,0.2421385496854782,3.133002758026123,0.004133138805627823
2325,52.324288845062256,0.8591888546943665,0.0,0.0,0.9148501753807068,0.07211218774318695,0.3369184732437134,3.135201930999756,0.006934112869203091
2326,52.33602833747864,0.8591888546943665,0.0,0.0,0.9194529056549072,0.08187217265367508,0.41015625,3.140244960784912,0.007142060436308384
2327,52.36747169494629,0.8591888546943665,0.0,0.0,0.919341504573822,0.0869191437959671,0.4298029839992523,-3.136503219604492,0.009796901606023312
2328,52.37907385826111,0.8591888546943665,0.0,0.0,0.8891880512237549,0.09320250153541565,0.2886776924133301,-3.1334736347198486,0.021011129021644592
2329,52.411826372146606,0.8591888546943665,0.0,0.0,0.8672611713409424,0.08018040657043457,0.17742079496383667,-3.131483554840088,0.030803367495536804
2330,52.42538595199585,0.8591888546943665,0.0,0.0,0.8193418383598328,0.04910993576049805,0.0991201251745224,-3.1294822692871094,0.04309900104999542
2331,52.45580291748047,0.8591888546943665,0.0,0.0,0.7685519456863403,0.00953792966902256,-0.11132098734378815,-3.12365984916687,0.060076698660850525
2332,52.468411684036255,0.8591888546943665,0.0,0.0,0.729991614818573,-0.02561994642019272,-0.13381288945674896,-3.1168134212493896,0.07518022507429123
2333,52.49613356590271,0.8591888546943665,0.0,0.0,0.7098190188407898,-0.055527567863464355,-0.0873752310872078,-3.1074140071868896,0.08692494034767151
2334,52.50828409194946,0.8591888546943665,0.0,0.0,0.700718343257904,-0.07675593346357346,-0.0592036247253418,-3.097452163696289,0.09658272564411163
2335,52.53969097137451,0.8591888546943665,0.0,0.0,0.69896000623703,-0.09219492971897125,-0.053509362041950226,-3.09169340133667,0.10489223897457123
2336,52.55700206756592,0.8591888546943665,0.0,0.0,0.6986940503120422,-0.10563095659017563,-0.08243785798549652,-3.090271472930908,0.11093485355377197
2337,52.58748459815979,0.8591888546943665,0.0,0.0,0.6985572576522827,-0.12025885283946991,-0.04656149074435234,-3.091496229171753,0.11554552614688873
2338,52.60130023956299,0.8591888546943665,0.0,0.0,0.70330810546875,-0.1399587094783783,-0.010422913357615471,-3.0923140048980713,0.12047380954027176
2339,52.63056182861328,0.8591888546943665,0.0,0.0,0.7044146656990051,-0.14849284291267395,-0.06752369552850723,-3.0927395820617676,0.1205677017569542
2340,52.648255586624146,0.8591888546943665,0.0,0.0,0.6924402713775635,-0.1428825557231903,-0.04049336910247803,-3.09035325050354,0.12784947454929352
2341,52.71662926673889,0.8591888546943665,0.0,0.0,0.6861311197280884,-0.12278379499912262,0.007818750105798244,-3.0900139808654785,0.14007696509361267
2342,52.72763156890869,0.8591888546943665,0.0,0.0,0.6815344095230103,-0.09160143882036209,0.14258484542369843,-3.0948901176452637,0.1462831199169159
2343,52.762327671051025,0.8591888546943665,0.0,0.0,0.6919271349906921,-0.07612378895282745,0.11271553486585617,-3.1011569499969482,0.13991282880306244
2344,52.7783637046814,0.8591888546943665,0.0,0.0,0.701878547668457,-0.06105326861143112,0.0828154981136322,-3.1043055057525635,0.1266198456287384
2345,52.808067083358765,0.8591888546943665,0.0,0.0,0.7102046012878418,-0.04443458840250969,0.11185300350189209,-3.10634183883667,0.11566120386123657
2346,52.820624589920044,0.8591888546943665,0.0,0.0,0.7218432426452637,-0.028966113924980164,0.15353769063949585,-3.1069796085357666,0.10968311876058578
2347,52.84870910644531,0.8591888546943665,0.0,0.0,0.7371973395347595,-0.012985927052795887,0.21929249167442322,-3.1050281524658203,0.1073026955127716
2348,52.86324071884155,0.8591888546943665,0.0,0.0,0.7563543915748596,0.001340922201052308,0.2467118352651596,-3.100578546524048,0.10734020173549652
2349,52.89479637145996,0.8591888546943665,0.0,0.0,0.7781909108161926,0.013761898502707481,0.24837839603424072,-3.094635009765625,0.10742534697055817
2350,52.90658164024353,0.8591888546943665,0.0,0.0,0.7926586270332336,0.022063003852963448,0.23600701987743378,-3.090510845184326,0.10829108953475952
2351,52.93451404571533,0.8591888546943665,0.0,0.0,0.8059599995613098,0.031257934868335724,0.21139302849769592,-3.090569019317627,0.1132236048579216
2352,52.94502639770508,0.8591888546943665,0.0,0.0,0.795904815196991,0.04301025718450546,0.20092807710170746,-3.0962159633636475,0.12075334787368774
2353,52.973071575164795,0.8591888546943665,0.0,0.0,0.8096174597740173,0.028123611584305763,0.16531895101070404,-3.0963501930236816,0.11294253915548325
2354,52.98508310317993,0.8591888546943665,0.0,0.0,0.7727488279342651,-4.9539521569386125e-06,-0.051743295043706894,-3.0902557373046875,0.10150448977947235
2355,53.013046741485596,0.8591888546943665,0.0,0.0,0.738609254360199,-0.022488271817564964,-0.05768784135580063,-3.0818278789520264,0.09469052404165268
2356,53.024807929992676,0.8591888546943665,0.0,0.0,0.7169840931892395,-0.042777467519044876,-0.07540630549192429,-3.073579788208008,0.09248476475477219
2357,53.05639886856079,0.8591888546943665,0.0,0.0,0.7026170492172241,-0.05945674702525139,-0.11259763687849045,-3.0666966438293457,0.09277074784040451
2358,53.07978296279907,0.8591888546943665,0.0,0.0,0.6966195106506348,-0.07165388017892838,-0.13720600306987762,-3.061980724334717,0.0952300950884819
2359,53.11549186706543,0.8591888546943665,0.0,0.0,0.6960984468460083,-0.08283740282058716,-0.12893231213092804,-3.0603630542755127,0.09772786498069763
2360,53.1352756023407,0.8591888546943665,0.0,0.0,0.7014684677124023,-0.09423308819532394,-0.05833732336759567,-3.063302993774414,0.09915702790021896
2361,53.167804479599,0.8591888546943665,0.0,0.0,0.7085704207420349,-0.11039247363805771,-0.02686038613319397,-3.069150686264038,0.09954264760017395
2362,53.18367290496826,0.8591888546943665,0.0,0.0,0.719071626663208,-0.1344621777534485,0.013856574892997742,-3.0743513107299805,0.1001366674900055
2363,53.21656036376953,0.8591888546943665,0.0,0.0,0.7390847206115723,-0.14435096085071564,-0.05791248381137848,-3.075660467147827,0.09918101131916046
2364,53.22745680809021,0.8591888546943665,0.0,0.0,0.7328720092773438,-0.13869957625865936,-0.06211157515645027,-3.0726959705352783,0.10127439349889755
2365,53.257572889328,0.8591888546943665,0.0,0.0,0.7247581481933594,-0.1134069561958313,-0.007533838972449303,-3.071906089782715,0.10876204073429108
2366,53.27015972137451,0.8591888546943665,0.0,0.0,0.7264620661735535,-0.07902662456035614,0.08731444925069809,-3.078843116760254,0.10923004895448685
2367,53.30398774147034,0.8591888546943665,0.0,0.0,0.7453270554542542,-0.05662337690591812,0.07521302998065948,-3.0890612602233887,0.09675478935241699
2368,53.32087206840515,0.8591888546943665,0.0,0.0,0.7614257335662842,-0.03747405484318733,0.11665336042642593,-3.097024440765381,0.07958357036113739
2369,53.34878325462341,0.8591888546943665,0.0,0.0,0.7722644805908203,-0.0199895016849041,0.17918460071086884,-3.1029293537139893,0.06702500581741333
2370,53.36077284812927,0.8591888546943665,0.0,0.0,0.7818917632102966,-0.005474624689668417,0.21754927933216095,-3.1063590049743652,0.05938136577606201
2371,53.3905611038208,0.8591888546943665,0.0,0.0,0.7983953356742859,0.009212099015712738,0.20282915234565735,-3.1055517196655273,0.052949510514736176
2372,53.40244793891907,0.8591888546943665,0.0,0.0,0.8136725425720215,0.021955903619527817,0.20004184544086456,-3.104357957839966,0.04596516862511635
2373,53.4350688457489,0.8591888546943665,0.0,0.0,0.8246831893920898,0.03539854660630226,0.1917538195848465,-3.106893539428711,0.04324214532971382
2374,53.45471167564392,0.8591888546943665,0.0,0.0,0.8124931454658508,0.05601973459124565,0.13614289462566376,-3.1138012409210205,0.047009486705064774
2375,53.48630142211914,0.8591888546943665,0.0,0.0,0.8254815936088562,0.054653942584991455,0.20495468378067017,-3.1218199729919434,0.04614957049489021
2376,53.49950623512268,0.8591888546943665,0.0,0.0,0.8040618896484375,0.03913155943155289,0.16836605966091156,-3.1249022483825684,0.04515776410698891
2377,53.52875542640686,0.8591888546943665,0.0,0.0,0.7701978087425232,0.014982067048549652,-0.043928682804107666,-3.119276762008667,0.044807229191064835
2378,53.542484521865845,0.8591888546943665,0.0,0.0,0.7451914548873901,0.0013048944529145956,-0.11533372104167938,-3.109718084335327,0.0444214791059494
2379,53.57261395454407,0.8591888546943665,0.0,0.0,0.733446478843689,-0.005494255572557449,-0.0947730764746666,-3.1024794578552246,0.046062178909778595
2380,53.58453011512756,0.6977612972259521,0.0,0.0,0.7289886474609375,-0.011043992824852467,-0.08587650954723358,-3.0985183715820312,0.04902045801281929
2381,53.61514186859131,0.6977612972259521,0.0,0.0,0.7331226468086243,-0.01591549627482891,-0.11240894347429276,-3.097116708755493,0.05076028034090996
2382,53.629162311553955,0.6977612972259521,0.0,0.0,0.7392581701278687,-0.021580643951892853,-0.10572835057973862,-3.0987632274627686,0.049690842628479004
2383,53.66784596443176,0.6977612972259521,0.0,0.0,0.7476871609687805,-0.03069293685257435,-0.06268566846847534,-3.104053497314453,0.04806819558143616
2384,53.67884373664856,0.6977612972259521,0.0,0.0,0.7598577737808228,-0.03810561075806618,-0.033699408173561096,-3.111098527908325,0.047667454928159714
2385,53.71058654785156,0.6977612972259521,0.0,0.0,0.7696110010147095,-0.04759245738387108,0.013234971091151237,-3.115262269973755,0.05125177279114723
2386,53.72331976890564,0.6977612972259521,0.0,0.0,0.778231143951416,-0.05797281488776207,-0.0345076248049736,-3.112611770629883,0.06062845140695572
2387,53.75223231315613,0.6977612972259521,0.0,0.0,0.7619282603263855,-0.05412228778004646,-0.2081162929534912,-3.1071581840515137,0.06692355871200562
2388,53.76641511917114,0.6977612972259521,0.0,0.0,0.72959303855896,-0.022244639694690704,-0.09052471816539764,-3.105623722076416,0.0710272416472435
2389,53.79307794570923,0.6977612972259521,0.0,0.0,0.7044799327850342,0.009837474673986435,0.10136903077363968,-3.1137540340423584,0.06974024325609207
2390,53.80334448814392,0.6977612972259521,0.0,0.0,0.6908149719238281,0.024373747408390045,0.11924797296524048,-3.1244168281555176,0.0681917741894722
2391,53.8450813293457,0.6977612972259521,0.0,0.0,0.6827950477600098,0.032555971294641495,0.07898247241973877,-3.132413387298584,0.06824515759944916
2392,53.858739376068115,0.6977612972259521,0.0,0.0,0.6752848029136658,0.04017357528209686,0.08784568309783936,-3.1369476318359375,0.06831968575716019
2393,53.89216589927673,0.6977612972259521,0.0,0.0,0.6620915532112122,0.048724982887506485,0.12246602028608322,-3.1385338306427,0.06916386634111404
2394,53.904186964035034,0.6977612972259521,0.0,0.0,0.6498998403549194,0.05986812338232994,0.1487462818622589,-3.1389245986938477,0.07134867459535599
2395,53.93575143814087,0.6977612972259521,0.0,0.0,0.6392436027526855,0.07218660414218903,0.10721515119075775,-3.1378707885742188,0.0743246078491211
2396,53.951746225357056,0.6977612972259521,0.0,0.0,0.6326130628585815,0.08785092830657959,0.02509135752916336,-3.134925603866577,0.07935476303100586
2397,53.983378171920776,0.6977612972259521,0.0,0.0,0.6256701350212097,0.11123970150947571,0.045290231704711914,-3.134727716445923,0.08589134365320206
2398,53.994669914245605,0.6977612972259521,0.0,0.0,0.625001847743988,0.11755446344614029,0.08270035684108734,-3.135909080505371,0.08684444427490234
2399,54.02724003791809,0.6977612972259521,0.0,0.0,0.6237508654594421,0.11345306783914566,0.149316668510437,-3.1347386837005615,0.0852745845913887
2400,54.042800426483154,0.6977612972259521,0.0,0.0,0.6203301548957825,0.1063130646944046,0.18947407603263855,-3.131995677947998,0.08665116876363754
2401,54.07818055152893,0.6977612972259521,0.0,0.0,0.6144850254058838,0.09003105014562607,0.17427045106887817,-3.128809928894043,0.08968215435743332
2402,54.0902042388916,0.6977612972259521,0.0,0.0,0.59780353307724,0.06183863803744316,0.05855249613523483,-3.122194528579712,0.09052582830190659
2403,54.12706446647644,0.6977612972259521,0.0,0.0,0.5842694044113159,0.038020480424165726,-0.073907770216465,-3.1127798557281494,0.087368443608284
2404,54.14021420478821,0.6977612972259521,0.0,0.0,0.5712983012199402,0.01844395510852337,-0.09915224462747574,-3.1049604415893555,0.08196865767240524
2405,54.17268705368042,0.6977612972259521,0.0,0.0,0.5635088086128235,0.00047224658192135394,-0.08745436370372772,-3.1002328395843506,0.07819381356239319
2406,54.18446922302246,0.6977612972259521,0.0,0.0,0.5585484504699707,-0.023285426199436188,-0.06989559531211853,-3.0979514122009277,0.07644438743591309
2407,54.21418356895447,0.6977612972259521,0.0,0.0,0.5637022256851196,-0.04711993411183357,-0.06007016450166702,-3.0962135791778564,0.0759538859128952
2408,54.22854828834534,0.6977612972259521,0.0,0.0,0.5746471285820007,-0.07098747789859772,-0.03220633044838905,-3.09470534324646,0.07522567361593246
2409,54.263378620147705,0.6977612972259521,0.0,0.0,0.5894004106521606,-0.09281644970178604,0.03883662447333336,-3.0926074981689453,0.07510147988796234
2410,54.27501845359802,0.6977612972259521,0.0,0.0,0.61494380235672,-0.11364031583070755,0.09008361399173737,-3.088911294937134,0.07439426332712173
2411,54.30700922012329,0.6977612972259521,0.0,0.0,0.6183008551597595,-0.12948201596736908,0.01371457427740097,-3.0832366943359375,0.07001956552267075
2412,54.324196338653564,0.6977612972259521,0.0,0.0,0.6105741262435913,-0.13269837200641632,-0.05631563067436218,-3.073648452758789,0.07411742210388184
2413,54.35922646522522,0.6977612972259521,0.0,0.0,0.6023674607276917,-0.11170341819524765,-0.022232091054320335,-3.0674870014190674,0.08217615634202957
2414,54.37234354019165,0.6977612972259521,0.0,0.0,0.6009724140167236,-0.08182981610298157,0.04286766052246094,-3.0714282989501953,0.08352003246545792
2415,54.40281915664673,0.6977612972259521,0.0,0.0,0.6107233762741089,-0.06331935524940491,0.060852356255054474,-3.0805509090423584,0.07374730706214905
2416,54.41394805908203,0.6977612972259521,0.0,0.0,0.6217066645622253,-0.052785661071538925,0.04773974046111107,-3.087887763977051,0.060041774064302444
2417,54.45001554489136,0.6977612972259521,0.0,0.0,0.6309664845466614,-0.042275674641132355,0.03517616540193558,-3.0918638706207275,0.04798804596066475
2418,54.463414669036865,0.6977612972259521,0.0,0.0,0.6410079598426819,-0.027025897055864334,0.047512903809547424,-3.094353437423706,0.038291048258543015
2419,54.5014808177948,0.6977612972259521,0.0,0.0,0.6547136902809143,-0.01168855931609869,0.08781750500202179,-3.097036123275757,0.03022775985300541
2420,54.51256847381592,0.6977612972259521,0.0,0.0,0.6700339913368225,0.0031459820456802845,0.09345687925815582,-3.0982401371002197,0.02283424511551857
2421,54.544533014297485,0.6977612972259521,0.0,0.0,0.68778395652771,0.015865465626120567,0.09804246574640274,-3.097489595413208,0.01611534133553505
2422,54.568432092666626,0.6977612972259521,0.0,0.0,0.7058089375495911,0.027010859921574593,0.1090509220957756,-3.0972745418548584,0.012150543741881847
2423,54.59944725036621,0.6977612972259521,0.0,0.0,0.7214050889015198,0.03555956110358238,0.12980352342128754,-3.099879741668701,0.01227846834808588
2424,54.610397815704346,0.6977612972259521,0.0,0.0,0.7166562080383301,0.045534897595644,0.14819389581680298,-3.1072847843170166,0.017420867457985878
2425,54.64519643783569,0.6977612972259521,0.0,0.0,0.6928232908248901,0.03298759460449219,0.20858709514141083,-3.1120316982269287,0.01741653122007847
2426,54.65714120864868,0.6977612972259521,0.0,0.0,0.6516321897506714,0.008800148963928223,0.023957259953022003,-3.108290672302246,0.019985657185316086
2427,54.68638896942139,0.6977612972259521,0.0,0.0,0.6151831746101379,-0.00976600218564272,-0.029904546216130257,-3.099316120147705,0.023789674043655396
2428,54.69872760772705,0.6977612972259521,0.0,0.0,0.5894656181335449,-0.023191992193460464,-0.03533593937754631,-3.0905377864837646,0.029697127640247345
2429,54.733206033706665,0.6977612972259521,0.0,0.0,0.574766218662262,-0.031796976923942566,-0.050444699823856354,-3.0851855278015137,0.03693776950240135
2430,54.74469256401062,0.6977612972259521,0.0,0.0,0.5687628388404846,-0.03672603890299797,-0.07793784141540527,-3.0838229656219482,0.043565817177295685
2431,54.77604913711548,0.6977612972259521,0.0,0.0,0.5631511807441711,-0.04668433964252472,-0.0482083223760128,-3.0860953330993652,0.049470577389001846
2432,54.78802227973938,0.6977612972259521,0.0,0.0,0.5643258094787598,-0.05767476558685303,0.0164225734770298,-3.0903172492980957,0.05514441430568695
2433,54.820703983306885,0.6977612972259521,0.0,0.0,0.5713118314743042,-0.07400640845298767,0.06621403992176056,-3.0934386253356934,0.0595378614962101
2434,54.84178876876831,0.6977612972259521,0.0,0.0,0.584073007106781,-0.09277942776679993,0.09346093237400055,-3.0933759212493896,0.06188958138227463
2435,54.87425231933594,0.6977612972259521,0.0,0.0,0.6058061718940735,-0.1069951131939888,-0.01130153052508831,-3.0900628566741943,0.060531891882419586
2436,54.88527870178223,0.6977612972259521,0.0,0.0,0.6189537048339844,-0.11803402006626129,-0.12745079398155212,-3.084310293197632,0.057163603603839874
2437,54.96202063560486,0.6977612972259521,0.0,0.0,0.6166372895240784,-0.1132659912109375,-0.1186111718416214,-3.079457998275757,0.05911944806575775
2438,54.977461099624634,0.6977612972259521,0.0,0.0,0.6074791550636292,-0.09488014876842499,-0.03757423534989357,-3.0789310932159424,0.06908665597438812
2439,55.01076889038086,0.6977612972259521,0.0,0.0,0.6074886918067932,-0.0680423229932785,0.030667021870613098,-3.0830719470977783,0.07850948721170425
2440,55.03561043739319,0.6977612972259521,0.0,0.0,0.618632972240448,-0.04141221567988396,0.06883116811513901,-3.0905492305755615,0.07637088000774384
2441,55.06986856460571,0.6977612972259521,0.0,0.0,0.6330573558807373,-0.020683584734797478,0.06617657095193863,-3.0981552600860596,0.06370408833026886
2442,55.08434867858887,0.6977612972259521,0.0,0.0,0.6436036825180054,-0.000392570742405951,0.11382248997688293,-3.1036806106567383,0.048919521272182465
2443,55.115511894226074,0.6977612972259521,0.0,0.0,0.6499636769294739,0.021714510396122932,0.20555369555950165,-3.108257293701172,0.03835039213299751
2444,55.126331090927124,0.6977612972259521,0.0,0.0,0.6641139388084412,0.04275999218225479,0.22869199514389038,-3.1107993125915527,0.03080122545361519
2445,55.159597635269165,0.6977612972259521,0.0,0.0,0.6823306083679199,0.06544436514377594,0.21318039298057556,-3.110795259475708,0.022807221859693527
2446,55.17445158958435,0.6977612972259521,0.0,0.0,0.697358250617981,0.08617948740720749,0.20908355712890625,-3.110267162322998,0.01526613999158144
2447,55.20909810066223,0.6977612972259521,0.0,0.0,0.7026902437210083,0.09770569205284119,0.2683548927307129,-3.1111137866973877,0.01268939208239317
2448,55.22109007835388,0.6977612972259521,0.0,0.0,0.6766462922096252,0.10626912862062454,0.200432687997818,-3.1174986362457275,0.015976158902049065
2449,55.25080871582031,0.6977612972259521,0.0,0.0,0.656886875629425,0.09419535845518112,0.19377362728118896,-3.119971513748169,0.014924364164471626
2450,55.26186776161194,0.6977612972259521,0.0,0.0,0.6129399538040161,0.06690705567598343,0.01790156215429306,-3.1156692504882812,0.019259754568338394
2451,55.30055069923401,0.6977612972259521,0.0,0.0,0.5831997394561768,0.04825018346309662,-0.1168617233633995,-3.109117269515991,0.027873285114765167
2452,55.3118839263916,0.6977612972259521,0.0,0.0,0.5673131942749023,0.035646069794893265,-0.12168903648853302,-3.106076955795288,0.0365985706448555
2453,55.341819763183594,0.6977612972259521,0.0,0.0,0.5633140802383423,0.027925899252295494,-0.08342371135950089,-3.1060705184936523,0.04343443363904953
2454,55.35674047470093,0.6977612972259521,0.0,0.0,0.5611456036567688,0.020530788227915764,-0.06141531839966774,-3.1088054180145264,0.0473739318549633
2455,55.38556528091431,0.6977612972259521,0.0,0.0,0.5613106489181519,0.01273449044674635,-0.031068377196788788,-3.1143381595611572,0.04983607679605484
2456,55.39661359786987,0.6977612972259521,0.0,0.0,0.564643144607544,0.0006019279826432467,0.01322126854211092,-3.120431661605835,0.05190631374716759
2457,55.4263482093811,0.6977612972259521,0.0,0.0,0.573501467704773,-0.015865394845604897,0.04049557447433472,-3.1246485710144043,0.053562894463539124
2458,55.43821620941162,0.6977612972259521,0.0,0.0,0.5895504951477051,-0.030819855630397797,0.02695913426578045,-3.1261606216430664,0.053855057805776596
2459,55.46693754196167,0.6977612972259521,0.0,0.0,0.6067829132080078,-0.044891078025102615,0.03602167218923569,-3.1260461807250977,0.05364946275949478
2460,55.4776394367218,0.6977612972259521,0.0,0.0,0.6253432035446167,-0.05783805623650551,0.02772173099219799,-3.125685214996338,0.05428626388311386
2461,55.50713086128235,0.6977612972259521,0.0,0.0,0.6455208659172058,-0.07114321738481522,0.056247491389513016,-3.1239168643951416,0.05668528005480766
2462,55.51957297325134,0.6977612972259521,0.0,0.0,0.677911102771759,-0.07941560447216034,-0.13095501065254211,-3.1197032928466797,0.05760319158434868
2463,55.54933977127075,0.6977612972259521,0.0,0.0,0.6684840321540833,-0.07760616391897202,-0.16366904973983765,-3.114478588104248,0.056247301399707794
2464,55.565842390060425,0.6977612972259521,0.0,0.0,0.6447124481201172,-0.0568905808031559,-0.050259023904800415,-3.1104443073272705,0.06314267963171005
2465,55.59886145591736,0.6977612972259521,0.0,0.0,0.6290605068206787,-0.025257905945181847,0.1419660449028015,-3.1140193939208984,0.06770843267440796
2466,55.6228666305542,0.6977612972259521,0.0,0.0,0.6299088597297668,-0.011376679874956608,0.08129628002643585,-3.12170672416687,0.06402241438627243
2467,55.65434956550598,0.6977612972259521,0.0,0.0,0.6310085654258728,-0.00037885422352701426,0.01647268235683441,-3.1279873847961426,0.05596395954489708
2468,55.666385650634766,0.6977612972259521,0.0,0.0,0.6247100830078125,0.017579875886440277,0.04141543060541153,-3.134035587310791,0.04842478409409523
2469,55.69560170173645,0.6977612972259521,0.0,0.0,0.623007595539093,0.035772185772657394,0.12647037208080292,-3.1405646800994873,0.043613556772470474
2470,55.70731258392334,0.6977612972259521,0.0,0.0,0.6269386410713196,0.05004153400659561,0.20361149311065674,3.138442039489746,0.041281167417764664
2471,55.73618793487549,0.6977612972259521,0.0,0.0,0.6313930749893188,0.06625368446111679,0.19317585229873657,3.138557195663452,0.039475105702877045
2472,55.747068881988525,0.6977612972259521,0.0,0.0,0.6382843255996704,0.08470399677753448,0.18953582644462585,3.141022205352783,0.037656597793102264
2473,55.77708673477173,0.6977612972259521,0.0,0.0,0.6445697546005249,0.10335203260183334,0.15367543697357178,-3.140911102294922,0.03909832611680031
2474,55.78906321525574,0.6977612972259521,0.0,0.0,0.6257107853889465,0.1317337155342102,0.068647101521492,3.140119791030884,0.046631209552288055
2475,55.820005655288696,0.6977612972259521,0.0,0.0,0.6370370388031006,0.12896651029586792,0.06936374306678772,3.135309934616089,0.05295725166797638
2476,55.83220171928406,0.6977612972259521,0.0,0.0,0.6376770734786987,0.12550757825374603,0.12063317745923996,3.1348328590393066,0.05725381150841713
2477,55.86738920211792,0.6977612972259521,0.0,0.0,0.632768988609314,0.11210093647241592,0.17014703154563904,3.1384499073028564,0.06222414970397949
2478,55.88660192489624,0.6977612972259521,0.0,0.0,0.615900993347168,0.08852959424257278,0.07995826005935669,-3.1369950771331787,0.06579255312681198
2479,55.9173309803009,0.6977612972259521,0.0,0.0,0.5965302586555481,0.06497824192047119,-0.03900531306862831,-3.1270480155944824,0.06730484962463379
2480,55.928353786468506,0.6977612972259521,0.0,0.0,0.5839529037475586,0.04762063920497894,-0.06327036023139954,-3.119309663772583,0.06715139746665955
2481,55.96198534965515,0.6977612972259521,0.0,0.0,0.5772765278816223,0.031679365783929825,-0.05311916023492813,-3.115250825881958,0.06621228158473969
2482,55.9756395816803,0.6977612972259521,0.0,0.0,0.5782271027565002,0.015855705365538597,-0.021716689690947533,-3.113051652908325,0.06453090906143188
2483,56.08228802680969,0.6977612972259521,0.0,0.0,0.5821229219436646,-0.001230937778018415,-0.021307412534952164,-3.111121892929077,0.06169511005282402
2484,56.09377145767212,0.6977612972259521,0.0,0.0,0.5898141264915466,-0.020054830238223076,0.004152714274823666,-3.1094207763671875,0.05972680822014809
2485,56.128785610198975,0.6977612972259521,0.0,0.0,0.6044209599494934,-0.04159756377339363,0.05625946447253227,-3.108264446258545,0.0586920790374279
2486,56.143349170684814,0.6977612972259521,0.0,0.0,0.6242433190345764,-0.06256597489118576,0.03330173343420029,-3.107537031173706,0.05686323344707489
2487,56.17506289482117,0.6977612972259521,0.0,0.0,0.6424545049667358,-0.08505239337682724,0.02680162340402603,-3.107030153274536,0.055020079016685486
2488,56.18713593482971,0.6977612972259521,0.0,0.0,0.6574544310569763,-0.09960358589887619,0.05153234302997589,-3.1066205501556396,0.05567571893334389
2489,56.21790027618408,0.6977612972259521,0.0,0.0,0.681096613407135,-0.11432123184204102,-0.029059797525405884,-3.104766368865967,0.0579461045563221
2490,56.2294716835022,0.6977612972259521,0.0,0.0,0.6690009832382202,-0.11571253091096878,-0.08789879828691483,-3.099928855895996,0.057825054973363876
2491,56.262855529785156,0.6977612972259521,0.0,0.0,0.6472870111465454,-0.09836500883102417,-0.02800302952528,-3.0950024127960205,0.06368070095777512
2492,56.2782621383667,0.6977612972259521,0.0,0.0,0.6355039477348328,-0.07363788038492203,0.06552340090274811,-3.095691204071045,0.06589337438344955
2493,56.31061005592346,0.6977612972259521,0.0,0.0,0.6332962512969971,-0.056834060698747635,0.05438052862882614,-3.1004326343536377,0.05995998531579971
2494,56.324275732040405,0.6977612972259521,0.0,0.0,0.6260933876037598,-0.03729499876499176,0.10584968328475952,-3.1071176528930664,0.051617059856653214
2495,56.35384511947632,0.6977612972259521,0.0,0.0,0.6281644105911255,-0.022537045180797577,0.1133166179060936,-3.11480975151062,0.04563378170132637
2496,56.36634635925293,0.6977612972259521,0.0,0.0,0.6303725838661194,-0.00905263889580965,0.1568601429462433,-3.1210989952087402,0.040991369634866714
2497,56.39575123786926,0.6977612972259521,0.0,0.0,0.6320715546607971,0.001152574084699154,0.18548855185508728,-3.1250553131103516,0.03848038986325264
2498,56.40972542762756,0.6977612972259521,0.0,0.0,0.636078953742981,0.013481744565069675,0.16203302145004272,-3.126213788986206,0.03634464368224144
2499,56.441914319992065,0.6977612972259521,0.0,0.0,0.6449790596961975,0.028664400801062584,0.08911322802305222,-3.1241421699523926,0.03289094567298889
2500,56.454424142837524,0.6977612972259521,0.0,0.0,0.6604097485542297,0.046197205781936646,0.046221982687711716,-3.1199612617492676,0.028840580955147743
2501,56.50025963783264,0.6977612972259521,0.0,0.0,0.6790005564689636,0.06540357321500778,0.07298222184181213,-3.1168813705444336,0.025906072929501534
2502,56.515503883361816,0.6977612972259521,0.0,0.0,0.6901521682739258,0.0769948810338974,0.1414041519165039,-3.117208242416382,0.027128903195261955
2503,56.545265674591064,0.6977612972259521,0.0,0.0,0.6764393448829651,0.08101863414049149,0.21540743112564087,-3.120830535888672,0.030374668538570404
2504,56.56339955329895,0.6977612972259521,0.0,0.0,0.660033106803894,0.06265361607074738,0.24127717316150665,-3.1190247535705566,0.029861824586987495
2505,56.59465289115906,0.6977612972259521,0.0,0.0,0.6268224716186523,0.03185245767235756,0.06402232497930527,-3.112224817276001,0.033846840262413025
2506,56.61044120788574,0.6977612972259521,0.0,0.0,0.6030064225196838,0.005686549935489893,-0.06621522456407547,-3.103137969970703,0.038722481578588486
2507,56.640711307525635,0.6977612972259521,0.0,0.0,0.5850861072540283,-0.016961490735411644,-0.09538477659225464,-3.09574818611145,0.04260147735476494
2508,56.65252089500427,0.6977612972259521,0.0,0.0,0.5739733576774597,-0.036925047636032104,-0.05690351873636246,-3.0896949768066406,0.04769062250852585
2509,56.68226718902588,0.6977612972259521,0.0,0.0,0.5724709630012512,-0.04924823343753815,-0.04453137516975403,-3.0856330394744873,0.05292297527194023
2510,56.695119857788086,0.6977612972259521,0.0,0.0,0.572923481464386,-0.0610068254172802,-0.030069192871451378,-3.0848734378814697,0.05746987834572792
2511,56.72940444946289,0.6977612972259521,0.0,0.0,0.574134349822998,-0.07932788878679276,0.031347375363111496,-3.0848629474639893,0.06282073259353638
2512,56.744545221328735,0.6977612972259521,0.0,0.0,0.6014277935028076,-0.09492361545562744,-0.026947714388370514,-3.0848042964935303,0.06288580596446991
2513,56.78009819984436,0.6977612972259521,0.0,0.0,0.597437858581543,-0.10446052253246307,-0.05445130541920662,-3.083792209625244,0.05642944201827049
2514,56.79146862030029,0.6977612972259521,0.0,0.0,0.5858651995658875,-0.10341855138540268,-0.02524254471063614,-3.078859567642212,0.061890024691820145
2515,56.82091498374939,0.6977612972259521,0.0,0.0,0.581164538860321,-0.08380565047264099,0.03623156622052193,-3.074594497680664,0.07463981211185455
2516,56.83278679847717,0.6977612972259521,0.0,0.0,0.5891245603561401,-0.05207695811986923,0.11817976087331772,-3.0775444507598877,0.08138378709554672
2517,56.86032557487488,0.6977612972259521,0.0,0.0,0.6089469790458679,-0.030552787706255913,0.10127504169940948,-3.0850982666015625,0.07278773188591003
2518,56.87359881401062,0.6977612972259521,0.0,0.0,0.6217991709709167,-0.016691941767930984,0.08799679577350616,-3.0922739505767822,0.058317866176366806
2519,56.90407156944275,0.6977612972259521,0.0,0.0,0.6296563148498535,-0.003078309353441,0.10773291438817978,-3.0966379642486572,0.046726733446121216
2520,56.920276165008545,0.6977612972259521,0.0,0.0,0.6391928791999817,0.014780881814658642,0.14472493529319763,-3.0984771251678467,0.03888416662812233
2521,56.94963502883911,0.6977612972259521,0.0,0.0,0.6520724892616272,0.028692342340946198,0.21117205917835236,-3.1002719402313232,0.03297916427254677
2522,56.96084022521973,0.6977612972259521,0.0,0.0,0.6570097208023071,0.03515894338488579,0.27108293771743774,-3.103156566619873,0.02993146888911724
2523,56.991002321243286,0.6977612972259521,0.0,0.0,0.6601981520652771,0.04084278270602226,0.2333432137966156,-3.1060631275177,0.033965229988098145
2524,57.0063202381134,0.6977612972259521,0.0,0.0,0.6470756530761719,0.055874016135931015,0.11006727814674377,-3.109457015991211,0.037341102957725525
2525,57.038285970687866,0.973573625087738,0.0,0.0,0.6535895466804504,0.04605929180979729,0.17999553680419922,-3.1083920001983643,0.032442010939121246
2526,57.05113887786865,0.973573625087738,0.0,0.0,0.6366649866104126,0.030487501993775368,0.15569323301315308,-3.1040050983428955,0.03361940756440163
2527,57.0821692943573,0.973573625087738,0.0,0.0,0.6304798722267151,0.011922881007194519,-0.02877506986260414,-3.0972979068756104,0.03802993521094322
2528,57.094844341278076,0.973573625087738,0.0,0.0,0.6187967658042908,-0.0070846411399543285,-0.21247704327106476,-3.089743137359619,0.039092790335416794
2529,57.12719750404358,0.973573625087738,0.0,0.0,0.6022263169288635,-0.025253083556890488,-0.27209919691085815,-3.081850290298462,0.03960174694657326
2530,57.13734412193298,0.973573625087738,0.0,0.0,0.5951513051986694,-0.03993074223399162,-0.3018164038658142,-3.074450969696045,0.0418454073369503
2531,57.20032072067261,0.973573625087738,0.0,0.0,0.5959175825119019,-0.051824409514665604,-0.30545371770858765,-3.068659543991089,0.04483998194336891
2532,57.21095013618469,0.973573625087738,0.0,0.0,0.6045865416526794,-0.05937780439853668,-0.32277143001556396,-3.0648000240325928,0.0480581633746624
2533,57.24405002593994,0.973573625087738,0.0,0.0,0.6155040860176086,-0.06583769619464874,-0.28645122051239014,-3.0641603469848633,0.05185419321060181
2534,57.25601291656494,0.973573625087738,0.0,0.0,0.6337182521820068,-0.08015953749418259,-0.1679796278476715,-3.066824197769165,0.05797238647937775
2535,57.28485369682312,0.973573625087738,0.0,0.0,0.6649429798126221,-0.08514533936977386,-0.16475021839141846,-3.07059383392334,0.0614016093313694
2536,57.301146507263184,0.973573625087738,0.0,0.0,0.6883223056793213,-0.07816106081008911,-0.09544109553098679,-3.0729827880859375,0.06891309469938278
2537,57.33255934715271,0.973573625087738,0.0,0.0,0.7166435122489929,-0.058463066816329956,-0.01856347918510437,-3.077195644378662,0.08274666965007782
2538,57.34304428100586,0.973573625087738,0.0,0.0,0.7510618567466736,-0.03139295428991318,0.06346573680639267,-3.085003137588501,0.09361434727907181
2539,57.374807357788086,0.973573625087738,0.0,0.0,0.7832996249198914,-0.0014240985037758946,0.1699284315109253,-3.095820188522339,0.09161482751369476
2540,57.38643956184387,0.973573625087738,0.0,0.0,0.8253893852233887,0.01535416767001152,0.18119288980960846,-3.105207920074463,0.07690480351448059
2541,57.42842388153076,0.973573625087738,0.0,0.0,0.8675093650817871,0.024809937924146652,0.1730843186378479,-3.108182668685913,0.06144242733716965
2542,57.440709590911865,0.973573625087738,0.0,0.0,0.9037677645683289,0.032596953213214874,0.2043726146221161,-3.10465407371521,0.05097147822380066
2543,57.46956825256348,0.973573625087738,0.0,0.0,0.9325505495071411,0.03733503445982933,0.2912435233592987,-3.0960307121276855,0.044233616441488266
2544,57.48326063156128,0.973573625087738,0.0,0.0,0.9529448747634888,0.043882183730602264,0.35794883966445923,-3.0856518745422363,0.04062948003411293
2545,57.51476049423218,0.973573625087738,0.0,0.0,0.9614771604537964,0.044695403426885605,0.3903053402900696,-3.0820610523223877,0.04345466196537018
2546,57.525771379470825,0.973573625087738,0.0,0.0,0.9422677159309387,0.04078587144613266,0.2090958058834076,-3.090543031692505,0.04789167642593384
2547,57.56144714355469,0.973573625087738,0.0,0.0,0.9158241748809814,0.008180636912584305,-0.05325847119092941,-3.087873935699463,0.03700505197048187
2548,57.573211431503296,0.973573625087738,0.0,0.0,0.8739449977874756,-0.020355137065052986,-0.08177196979522705,-3.08027720451355,0.02899976074695587
2549,57.60247349739075,0.973573625087738,0.0,0.0,0.8557600378990173,-0.038200654089450836,-0.08317458629608154,-3.0731678009033203,0.031055979430675507
2550,57.61955642700195,0.973573625087738,0.0,0.0,0.8551468849182129,-0.048724692314863205,-0.12364823371171951,-3.069810628890991,0.038500141352415085
2551,57.65194654464722,0.973573625087738,0.0,0.0,0.8641588687896729,-0.055437784641981125,-0.16082881391048431,-3.0693535804748535,0.04623319208621979
2552,57.66311287879944,0.973573625087738,0.0,0.0,0.8756974339485168,-0.06261333078145981,-0.11715412884950638,-3.0722503662109375,0.0506916381418705
2553,57.6958909034729,0.973573625087738,0.0,0.0,0.8894381523132324,-0.07901560515165329,-0.01852022483944893,-3.0797512531280518,0.052667148411273956
2554,57.70765042304993,0.973573625087738,0.0,0.0,0.9105884432792664,-0.09559088200330734,-0.0013666357845067978,-3.089268445968628,0.052611347287893295
2555,57.73639416694641,0.973573625087738,0.0,0.0,0.9214407205581665,-0.11055814474821091,0.0068161687813699245,-3.0958516597747803,0.0536896176636219
2556,57.74956440925598,0.973573625087738,0.0,0.0,0.9382407069206238,-0.11830516159534454,-0.06630067527294159,-3.097893238067627,0.05789986252784729
2557,57.79584741592407,0.973573625087738,0.0,0.0,0.917045533657074,-0.09996740520000458,-0.0734655037522316,-3.0999655723571777,0.057468581944704056
2558,57.81004762649536,0.973573625087738,0.0,0.0,0.8866850733757019,-0.0625629872083664,0.103970006108284,-3.10782527923584,0.05781920999288559
2559,57.83981466293335,0.973573625087738,0.0,0.0,0.8824278712272644,-0.03586822375655174,0.16737395524978638,-3.120001792907715,0.05257347971200943
2560,57.85218405723572,0.973573625087738,0.0,0.0,0.8884450793266296,-0.015020521357655525,0.19740471243858337,-3.1323394775390625,0.04551217705011368
2561,57.88256525993347,0.973573625087738,0.0,0.0,0.9047915935516357,0.000639736361335963,0.1984691321849823,3.140587091445923,0.041303444653749466
2562,57.8932831287384,0.973573625087738,0.0,0.0,0.9147657155990601,0.01727757602930069,0.2098228484392166,3.1336071491241455,0.038616031408309937
2563,57.926706314086914,0.973573625087738,0.0,0.0,0.9235298037528992,0.03184282407164574,0.2174421101808548,3.1296613216400146,0.036161985248327255
2564,57.938398599624634,0.973573625087738,0.0,0.0,0.928425133228302,0.04226934164762497,0.26458871364593506,3.1277143955230713,0.033817827701568604
2565,57.966180086135864,0.973573625087738,0.0,0.0,0.9308339953422546,0.048775967210531235,0.27962955832481384,3.124084949493408,0.03494518995285034
2566,57.97673749923706,0.973573625087738,0.0,0.0,0.9335271120071411,0.05649886652827263,0.2023250013589859,3.1193172931671143,0.04310382157564163
2567,58.01025748252869,0.973573625087738,0.0,0.0,0.9312998652458191,0.0750606581568718,0.037593744695186615,3.1133267879486084,0.05769025534391403
2568,58.027992963790894,0.973573625087738,0.0,0.0,0.9428493976593018,0.08214601129293442,0.2502018213272095,3.108104705810547,0.062409672886133194
2569,58.0659441947937,0.973573625087738,0.0,0.0,0.9156764149665833,0.0630214512348175,0.25359630584716797,3.1073498725891113,0.06232665851712227
2570,58.07963943481445,0.973573625087738,0.0,0.0,0.8815981149673462,0.03850429505109787,0.052403561770915985,3.11476731300354,0.06311091780662537
2571,58.11532235145569,0.973573625087738,0.0,0.0,0.8559539318084717,0.021622858941555023,-0.051621295511722565,3.123215436935425,0.06279998272657394
2572,58.12839651107788,0.973573625087738,0.0,0.0,0.8453310132026672,0.012377631850540638,-0.073928102850914,3.128913640975952,0.06253580749034882
2573,58.15772008895874,0.973573625087738,0.0,0.0,0.8422116637229919,0.005143121350556612,-0.05855843424797058,3.1311252117156982,0.06116247549653053
2574,58.169822692871094,0.973573625087738,0.0,0.0,0.84083092212677,-0.00947325024753809,0.010123452171683311,3.1317451000213623,0.05951504036784172
2575,58.20061182975769,0.973573625087738,0.0,0.0,0.8492645621299744,-0.018971413373947144,-0.0010243775323033333,3.1312925815582275,0.05762743204832077
2576,58.213298320770264,0.973573625087738,0.0,0.0,0.8624023795127869,-0.033285871148109436,0.027694499120116234,3.12906551361084,0.05579468235373497
2577,58.24424767494202,0.973573625087738,0.0,0.0,0.8860094547271729,-0.048276137560606,0.05971410870552063,3.127342939376831,0.0542977899312973
2578,58.25548601150513,0.973573625087738,0.0,0.0,0.9183428883552551,-0.06678194552659988,0.11886166036128998,3.1270015239715576,0.053286101669073105
2579,58.28202414512634,0.973573625087738,0.0,0.0,0.9511874318122864,-0.08116655051708221,0.12828753888607025,3.130241870880127,0.05262210965156555
2580,58.29232668876648,0.973573625087738,0.0,0.0,0.9747755527496338,-0.09361264854669571,0.05422826111316681,3.1387972831726074,0.05468520522117615
2581,58.320046186447144,0.973573625087738,0.0,0.0,0.9779852032661438,-0.09956888854503632,-0.17904214560985565,-3.132122755050659,0.05708726868033409
2582,58.334851026535034,0.973573625087738,0.0,0.0,0.9508963823318481,-0.07360763847827911,-0.015162985771894455,-3.121720314025879,0.060418352484703064
2583,58.375765562057495,0.973573625087738,0.0,0.0,0.9299209713935852,-0.04617972671985626,0.1362990438938141,-3.1211400032043457,0.059723950922489166
2584,58.392096281051636,0.973573625087738,0.0,0.0,0.9241498708724976,-0.030935630202293396,0.11651219427585602,-3.1266605854034424,0.05403824523091316
2585,58.422906160354614,0.973573625087738,0.0,0.0,0.9244957566261292,-0.018636904656887054,0.09812310338020325,-3.1341140270233154,0.0479876846075058
2586,58.43555045127869,0.973573625087738,0.0,0.0,0.9292719960212708,-0.008908032439649105,0.12060729414224625,-3.141244411468506,0.04462253302335739
2587,58.46655797958374,0.973573625087738,0.0,0.0,0.9320806264877319,-0.0012837790418416262,0.10722354799509048,3.1376357078552246,0.042680997401475906
2588,58.4773428440094,0.973573625087738,0.0,0.0,0.9366297125816345,0.007947499863803387,0.11023911833763123,3.1364409923553467,0.04020248353481293
2589,58.506696939468384,0.973573625087738,0.0,0.0,0.9427289366722107,0.01643100567162037,0.13989537954330444,3.1365396976470947,0.03790700435638428
2590,58.518800497055054,0.973573625087738,0.0,0.0,0.9501317143440247,0.02647336758673191,0.12426962703466415,3.1379730701446533,0.037896666675806046
2591,58.54924511909485,0.973573625087738,0.0,0.0,0.9607442617416382,0.03826823830604553,0.07375364750623703,-3.1414577960968018,0.04173966869711876
2592,58.5605354309082,0.973573625087738,0.0,0.0,0.9629353284835815,0.053327057510614395,0.09355814009904861,-3.1395936012268066,0.04970423877239227
2593,58.59281396865845,0.973573625087738,0.0,0.0,0.952648401260376,0.04735208675265312,0.1956668347120285,-3.1383776664733887,0.05453091487288475
2594,58.609461069107056,0.973573625087738,0.0,0.0,0.929242730140686,0.0193665511906147,0.2362821400165558,-3.13358998298645,0.057242944836616516
2595,58.6387095451355,0.973573625087738,0.0,0.0,0.8873276710510254,-0.022156454622745514,0.035291485488414764,-3.121201753616333,0.05881231278181076
2596,58.64986443519592,0.973573625087738,0.0,0.0,0.8567986488342285,-0.05171043798327446,-0.09271104633808136,-3.107037305831909,0.059808399528265
2597,58.67970252037048,0.973573625087738,0.0,0.0,0.8436436057090759,-0.07075800746679306,-0.12156075984239578,-3.0979132652282715,0.061630673706531525
2598,58.69474124908447,0.973573625087738,0.0,0.0,0.8364248871803284,-0.08817022293806076,-0.13966552913188934,-3.0916998386383057,0.06326764076948166
2599,58.724711418151855,0.973573625087738,0.0,0.0,0.8358456492424011,-0.09971854835748672,-0.1365097165107727,-3.086141586303711,0.0638570711016655
2600,58.738621950149536,0.973573625087738,0.0,0.0,0.8379113674163818,-0.11485233157873154,-0.04317455366253853,-3.0829970836639404,0.06387456506490707
2601,58.7677686214447,0.973573625087738,0.0,0.0,0.8639479875564575,-0.13249287009239197,-0.015970932319760323,-3.0826807022094727,0.06169654801487923
2602,58.77831673622131,0.973573625087738,0.0,0.0,0.8628648519515991,-0.13706344366073608,-0.08652335405349731,-3.085517644882202,0.0531313493847847
2603,58.809141635894775,0.973573625087738,0.0,0.0,0.8545083403587341,-0.12585514783859253,-0.09421364963054657,-3.087211847305298,0.057986706495285034
2604,58.82162117958069,0.973573625087738,0.0,0.0,0.8666872382164001,-0.09118751436471939,0.0019105616956949234,-3.092165470123291,0.0657581314444542
2605,58.85077452659607,0.973573625087738,0.0,0.0,0.8949047327041626,-0.05927518382668495,0.1343085765838623,-3.102738857269287,0.06181645020842552
2606,58.86233973503113,0.973573625087738,0.0,0.0,0.9361235499382019,-0.04578286409378052,0.14333301782608032,-3.11201548576355,0.04842667654156685
2607,58.89293932914734,0.973573625087738,0.0,0.0,0.9699353575706482,-0.035585567355155945,0.13469043374061584,-3.1159682273864746,0.03418206423521042
2608,58.90485167503357,0.973573625087738,0.0,0.0,0.996399462223053,-0.025726990774273872,0.14128829538822174,-3.1152522563934326,0.024140678346157074
2609,58.936537742614746,0.973573625087738,0.0,0.0,1.0182304382324219,-0.015692342072725296,0.18352186679840088,-3.1096599102020264,0.017579589039087296
2610,58.94882774353027,0.973573625087738,0.0,0.0,1.0360229015350342,-0.005379269830882549,0.2641258239746094,-3.1014633178710938,0.013200024142861366
2611,58.980273723602295,0.973573625087738,0.0,0.0,1.0518749952316284,5.725491791963577e-05,0.35690057277679443,-3.0984878540039062,0.012209039181470871
2612,58.994014501571655,0.973573625087738,0.0,0.0,1.0457838773727417,-0.011387694627046585,0.39340949058532715,-3.106847047805786,0.020802553743124008
2613,59.02814817428589,0.973573625087738,0.0,0.0,0.9913697838783264,-0.009053748100996017,0.09235779196023941,-3.120814323425293,0.027953816577792168
2614,59.04014611244202,0.973573625087738,0.0,0.0,0.9413620233535767,-0.005809692665934563,-0.0269732978194952,-3.1236915588378906,0.022341150790452957
2615,59.06862473487854,0.973573625087738,0.0,0.0,0.8983022570610046,0.0033386368304491043,0.0016320692375302315,-3.12373685836792,0.023386115208268166
2616,59.08022356033325,0.973573625087738,0.0,0.0,0.8710952401161194,0.012795684859156609,-0.0025202231481671333,-3.125004768371582,0.0313655324280262
2617,59.10913157463074,0.973573625087738,0.0,0.0,0.8584117293357849,0.021705610677599907,-0.04463686794042587,-3.1301183700561523,0.04163576290011406
2618,59.122610569000244,0.973573625087738,0.0,0.0,0.8547475337982178,0.02691791020333767,-0.04646161198616028,-3.1394026279449463,0.050919413566589355
2619,59.15217089653015,0.973573625087738,0.0,0.0,0.8609302639961243,0.028339644894003868,0.0130305839702487,3.1323962211608887,0.057415999472141266
2620,59.16264462471008,0.973573625087738,0.0,0.0,0.8758341670036316,0.025593778118491173,0.09577912092208862,3.120589256286621,0.06025487557053566
2621,59.19305229187012,0.973573625087738,0.0,0.0,0.8987686634063721,0.024370983242988586,0.11205217242240906,3.110656976699829,0.0601683109998703
2622,59.20584034919739,0.973573625087738,0.0,0.0,0.9255610108375549,0.016814419999718666,0.12887056171894073,3.105043888092041,0.0599660649895668
2623,59.2351508140564,0.973573625087738,0.0,0.0,0.9555773138999939,0.011686522513628006,0.09332301467657089,3.105576753616333,0.061308328062295914
2624,59.25097942352295,0.973573625087738,0.0,0.0,0.9768255949020386,0.007014409638941288,0.0353175550699234,3.1134183406829834,0.06523244082927704
2625,59.283124685287476,0.973573625087738,0.0,0.0,0.9876012802124023,0.02287653088569641,-0.3049547076225281,3.125901937484741,0.07152099907398224
2626,59.29628133773804,0.973573625087738,0.0,0.0,0.9508610367774963,0.059574954211711884,-0.034658025950193405,3.126636266708374,0.07176312059164047
2627,59.32693886756897,0.973573625087738,0.0,0.0,0.9233134984970093,0.090314581990242,0.20390796661376953,3.1174652576446533,0.06880755722522736
2628,59.341426372528076,0.973573625087738,0.0,0.0,0.908348798751831,0.1049153208732605,0.28193214535713196,3.1053786277770996,0.06385177373886108
2629,59.36949586868286,0.973573625087738,0.0,0.0,0.9031133651733398,0.10736565291881561,0.2804687023162842,3.0967040061950684,0.06202816590666771
2630,59.40145134925842,0.973573625087738,0.0,0.0,0.8980307579040527,0.10531968623399734,0.24491654336452484,3.0936777591705322,0.06269757449626923
2631,59.44766426086426,0.973573625087738,0.0,0.0,0.8876499533653259,0.11012891680002213,0.203199103474617,3.0947656631469727,0.0637962818145752
2632,59.459331035614014,0.973573625087738,0.0,0.0,0.8823197484016418,0.11953543871641159,0.15198858082294464,3.098015785217285,0.06459034234285355
2633,59.48918437957764,0.973573625087738,0.0,0.0,0.8780867457389832,0.13800548017024994,0.10244527459144592,3.1019067764282227,0.06549160182476044
2634,59.50079298019409,0.973573625087738,0.0,0.0,0.8714719414710999,0.1581859290599823,0.028791744261980057,3.1022489070892334,0.0702567845582962
2635,59.53007650375366,0.973573625087738,0.0,0.0,0.8595584034919739,0.1744266301393509,0.0882619172334671,3.0984578132629395,0.07338577508926392
2636,59.54155898094177,0.973573625087738,0.0,0.0,0.856477677822113,0.15774108469486237,0.2080250233411789,3.1021649837493896,0.06962398439645767
2637,59.57560324668884,0.973573625087738,0.0,0.0,0.8323923349380493,0.12783285975456238,0.15033258497714996,3.111684799194336,0.0735587552189827
2638,59.58751463890076,0.973573625087738,0.0,0.0,0.8196132779121399,0.09569750726222992,-0.003764677792787552,3.1236512660980225,0.08091757446527481
2639,59.616353034973145,0.973573625087738,0.0,0.0,0.8153129816055298,0.06792764365673065,-0.03903544694185257,3.1358587741851807,0.08039920032024384
2640,59.62743854522705,0.973573625087738,0.0,0.0,0.8181385397911072,0.04456435143947601,-0.03635016828775406,-3.1379334926605225,0.07327744364738464
2641,59.66299867630005,0.973573625087738,0.0,0.0,0.821241021156311,0.021406978368759155,-0.06431351602077484,-3.1326074600219727,0.06492634862661362
2642,59.67522048950195,0.973573625087738,0.0,0.0,0.8336240649223328,-0.0005276727606542408,-0.061524633318185806,-3.1307058334350586,0.058969009667634964
2643,59.708189964294434,0.973573625087738,0.0,0.0,0.8521113991737366,-0.019684385508298874,-0.059763625264167786,-3.1306350231170654,0.05385945364832878
2644,59.72039175033569,0.973573625087738,0.0,0.0,0.8748632669448853,-0.04158291593194008,-0.041577424854040146,-3.1317992210388184,0.04936797171831131
2645,59.750601291656494,0.973573625087738,0.0,0.0,0.8996727466583252,-0.0621931292116642,-0.031150491908192635,-3.1333024501800537,0.046477191150188446
2646,59.765153884887695,0.973573625087738,0.0,0.0,0.9255489110946655,-0.0857216864824295,-0.031062360852956772,-3.1329662799835205,0.04596170783042908
2647,59.80367136001587,0.973573625087738,0.0,0.0,0.9570772051811218,-0.10899832844734192,-0.053991109132766724,-3.126329183578491,0.04804213345050812
2648,59.817776918411255,0.973573625087738,0.0,0.0,0.9653381705284119,-0.11526858061552048,-0.1482607126235962,-3.116342306137085,0.04770129546523094
2649,59.84916543960571,0.973573625087738,0.0,0.0,0.9386664032936096,-0.0952189639210701,-0.030913256108760834,-3.1086504459381104,0.04895374923944473
2650,59.859837770462036,0.973573625087738,0.0,0.0,0.921339213848114,-0.06894003599882126,0.18386735022068024,-3.1091768741607666,0.047938719391822815
2651,59.893348932266235,0.973573625087738,0.0,0.0,0.9209151268005371,-0.05935613438487053,0.18551518023014069,-3.114283800125122,0.042452845722436905
2652,59.9055290222168,0.973573625087738,0.0,0.0,0.9306815266609192,-0.053673528134822845,0.11369878798723221,-3.1200878620147705,0.03508933633565903
2653,59.934587478637695,0.973573625087738,0.0,0.0,0.9398590922355652,-0.043308380991220474,0.10206971317529678,-3.1272199153900146,0.02858537994325161
2654,59.94497203826904,0.973573625087738,0.0,0.0,0.9544211030006409,-0.03628391772508621,0.07361728698015213,-3.134517192840576,0.02387363649904728
2655,59.97623109817505,0.973573625087738,0.0,0.0,0.9693527221679688,-0.02930467016994953,0.05941636487841606,-3.138307571411133,0.019100818783044815
2656,59.988030195236206,0.973573625087738,0.0,0.0,0.9815057516098022,-0.021765783429145813,0.11617064476013184,-3.138671636581421,0.014812542125582695
2657,60.01793670654297,0.973573625087738,0.0,0.0,0.9911368489265442,-0.017143558710813522,0.18187567591667175,-3.1379687786102295,0.013571886345744133
2658,60.02941608428955,0.973573625087738,0.0,0.0,1.0000346899032593,-0.012789689935743809,0.197598397731781,-3.138305425643921,0.01857035420835018
2659,60.070045709609985,0.973573625087738,0.0,0.0,1.016785740852356,-0.0038780318573117256,0.20148026943206787,3.140528678894043,0.032112497836351395
2660,60.08217644691467,0.973573625087738,0.0,0.0,0.9960305690765381,-0.004963245242834091,0.3635929822921753,3.1304283142089844,0.04666397348046303
2661,60.114662408828735,0.973573625087738,0.0,0.0,0.9556938409805298,-0.022771403193473816,0.12060530483722687,3.1290714740753174,0.050221581012010574
2662,60.12589740753174,0.973573625087738,0.0,0.0,0.8979947566986084,-0.03677593916654587,0.008046602830290794,3.1349966526031494,0.05314125493168831
2663,60.15567708015442,0.973573625087738,0.0,0.0,0.8608853816986084,-0.04162706062197685,-0.0160845760256052,3.140538215637207,0.059582244604825974
2664,60.16738152503967,0.973573625087738,0.0,0.0,0.8362992405891418,-0.04540092498064041,-0.041478678584098816,3.1413540840148926,0.06593411415815353
2665,60.199445962905884,0.973573625087738,0.0,0.0,0.8194933533668518,-0.049680761992931366,-0.04259255528450012,3.140104293823242,0.07092983275651932
2666,60.21015906333923,0.973573625087738,0.0,0.0,0.8094968795776367,-0.05365698039531708,-0.016307445243000984,3.138159990310669,0.07434671372175217
2667,60.242231369018555,0.973573625087738,0.0,0.0,0.804466962814331,-0.0617898628115654,0.07510922849178314,3.136153221130371,0.0767061859369278
2668,60.254048109054565,0.973573625087738,0.0,0.0,0.8082984089851379,-0.07653141766786575,0.10004852712154388,3.134746789932251,0.07806866616010666
2669,60.282912492752075,0.973573625087738,0.0,0.0,0.8228471875190735,-0.09191051870584488,0.04042980074882507,3.133535861968994,0.07626615464687347
2670,60.29440689086914,0.973573625087738,0.0,0.0,0.8398029804229736,-0.10765166580677032,0.03521065413951874,3.133852005004883,0.07485194504261017
2671,60.32519793510437,0.973573625087738,0.0,0.0,0.8643872141838074,-0.12276674062013626,0.009080402553081512,3.135568618774414,0.07504045963287354
2672,60.33747124671936,0.973573625087738,0.0,0.0,0.8930095434188843,-0.1260511577129364,0.0033649071119725704,3.137448310852051,0.07603849470615387
2673,60.36788487434387,0.973573625087738,0.0,0.0,0.907635509967804,-0.12406392395496368,-0.1008361354470253,3.1375467777252197,0.07787217199802399
2674,60.378514528274536,0.973573625087738,0.0,0.0,0.8921161890029907,-0.11104682832956314,-0.1420263946056366,3.139439582824707,0.08546633273363113
2675,60.40837073326111,0.973573625087738,0.0,0.0,0.8764563798904419,-0.07383871078491211,0.032317034900188446,3.1397151947021484,0.09522797912359238
2676,60.42099189758301,0.973573625087738,0.0,0.0,0.8742625117301941,-0.038345277309417725,0.115176722407341,3.134899377822876,0.09366431087255478
2677,60.449668407440186,0.973573625087738,0.0,0.0,0.8792722821235657,-0.009165700525045395,0.08767464756965637,3.127941370010376,0.08179453760385513
2678,60.461756467819214,0.973573625087738,0.0,0.0,0.8859637379646301,0.020177211612462997,0.09070640802383423,3.119987726211548,0.06884343922138214
2679,60.49474501609802,0.973573625087738,0.0,0.0,0.8897386193275452,0.04982274770736694,0.17503952980041504,3.1113481521606445,0.05954098328948021
2680,60.50523376464844,0.973573625087738,0.0,0.0,0.8976647853851318,0.07181493192911148,0.3040854334831238,3.103956699371338,0.05237347260117531
2681,60.56437420845032,0.973573625087738,0.0,0.0,0.899635374546051,0.08798450231552124,0.3938961625099182,3.10062837600708,0.0457223579287529
2682,60.578912019729614,0.973573625087738,0.0,0.0,0.8963831067085266,0.1027524396777153,0.3845135569572449,3.1024842262268066,0.04289215803146362
2683,60.61033368110657,0.973573625087738,0.0,0.0,0.8470533490180969,0.134511336684227,0.10386328399181366,3.1044633388519287,0.049107663333415985
2684,60.62333369255066,0.973573625087738,0.0,0.0,0.8502820134162903,0.11249009519815445,0.19842104613780975,3.105677604675293,0.05134989693760872
2685,60.65528893470764,0.973573625087738,0.0,0.0,0.8249877095222473,0.08028850704431534,0.20468534529209137,3.1151270866394043,0.055332258343696594
2686,60.66699290275574,0.973573625087738,0.0,0.0,0.7986190319061279,0.03932337090373039,-0.037822023034095764,3.1284937858581543,0.06137906387448311
2687,60.695693254470825,0.973573625087738,0.0,0.0,0.7793723940849304,0.005566570907831192,-0.16654077172279358,3.1395320892333984,0.06546206027269363
2688,60.71090292930603,0.973573625087738,0.0,0.0,0.7755823731422424,-0.01720278710126877,-0.14532233774662018,-3.1367785930633545,0.06782199442386627
2689,60.74353361129761,0.973573625087738,0.0,0.0,0.7797963619232178,-0.032992519438266754,-0.11653459817171097,-3.132716417312622,0.06792669743299484
2690,60.75548195838928,0.973573625087738,0.0,0.0,0.7871060371398926,-0.04541079327464104,-0.08214561641216278,-3.131143093109131,0.06592004001140594
2691,60.783615589141846,0.973573625087738,0.0,0.0,0.7994616031646729,-0.05342070758342743,-0.017649080604314804,-3.13297963142395,0.06282258778810501
2692,60.79413652420044,0.973573625087738,0.0,0.0,0.8133447766304016,-0.06358955055475235,0.04443121701478958,-3.1369566917419434,0.05914977192878723
2693,60.8261821269989,0.973573625087738,0.0,0.0,0.826423168182373,-0.08332566916942596,0.03199813514947891,-3.139716386795044,0.0568646602332592
2694,60.84589886665344,0.973573625087738,0.0,0.0,0.8491271138191223,-0.1195431798696518,-0.025152459740638733,-3.1377456188201904,0.056679531931877136
2695,60.87598538398743,0.973573625087738,0.0,0.0,0.8808530569076538,-0.1400764435529709,-0.23640801012516022,-3.1321258544921875,0.05337405577301979
2696,60.88766551017761,0.973573625087738,0.0,0.0,0.8917818665504456,-0.1318938136100769,-0.3020872473716736,-3.128553867340088,0.04874509572982788
2697,60.9173846244812,0.973573625087738,0.0,0.0,0.8749954104423523,-0.09948087483644485,-0.0990130677819252,-3.13030743598938,0.0476163774728775
2698,60.92795944213867,0.973573625087738,0.0,0.0,0.8625078201293945,-0.0639038160443306,0.1423138678073883,-3.1357309818267822,0.0483657605946064
2699,60.95725727081299,0.973573625087738,0.0,0.0,0.8717312216758728,-0.04087214544415474,0.2506263852119446,-3.1404404640197754,0.04532972723245621
2700,60.968780279159546,0.973573625087738,0.0,0.0,0.9044908881187439,-0.0259153600782156,0.24288271367549896,3.140617609024048,0.0403180792927742
2701,60.996809005737305,0.973573625087738,0.0,0.0,0.9370805025100708,-0.009704850614070892,0.2256487011909485,3.1409454345703125,0.03470464050769806
2702,61.01089358329773,0.973573625087738,0.0,0.0,0.9586675763130188,0.009347678162157536,0.23409144580364227,-3.139960527420044,0.030386831611394882
2703,61.04084825515747,0.973573625087738,0.0,0.0,0.9726763963699341,0.022093389183282852,0.31934240460395813,-3.1365609169006348,0.026611901819705963
2704,61.054444551467896,0.973573625087738,0.0,0.0,0.9729186296463013,0.02580655924975872,0.4209117293357849,-3.133678674697876,0.025851093232631683
2705,61.08462166786194,0.973573625087738,0.0,0.0,0.9679293632507324,0.027162931859493256,0.41020140051841736,-3.133129596710205,0.03481603041291237
2706,61.095452547073364,0.973573625087738,0.0,0.0,0.948991060256958,0.03748191148042679,0.254027396440506,-3.1386516094207764,0.05558714270591736
2707,61.132187366485596,0.973573625087738,0.0,0.0,0.9370661377906799,0.027686849236488342,0.30855101346969604,3.1399497985839844,0.06552249193191528
2708,61.143685817718506,0.973573625087738,0.0,0.0,0.8885495066642761,-0.0008505856385454535,0.08619195967912674,-3.1406681537628174,0.06680689007043839
2709,61.174943923950195,0.973573625087738,0.0,0.0,0.839500904083252,-0.02163802646100521,-0.025306152179837227,-3.133542060852051,0.06826508045196533
2710,61.18890571594238,0.973573625087738,0.0,0.0,0.8128530979156494,-0.031130880117416382,-0.0763811469078064,-3.1291849613189697,0.07303936779499054
2711,61.223761558532715,0.973573625087738,0.0,0.0,0.7975353598594666,-0.03734736517071724,-0.09952933341264725,-3.1290695667266846,0.07781942933797836
2712,61.242690563201904,0.973573625087738,0.0,0.0,0.7860526442527771,-0.04554443061351776,-0.06911389529705048,-3.1300230026245117,0.08119082450866699
2713,61.27623653411865,0.973573625087738,0.0,0.0,0.7802782654762268,-0.05485554784536362,0.00815686583518982,-3.130610704421997,0.08304377645254135
2714,61.28920221328735,0.973573625087738,0.0,0.0,0.7790431976318359,-0.06551919132471085,0.0482247918844223,-3.1310415267944336,0.0832720696926117
2715,61.32562017440796,0.973573625087738,0.0,0.0,0.7815504670143127,-0.08239313960075378,0.07996974140405655,-3.131481647491455,0.08329613506793976
2716,61.338950634002686,0.973573625087738,0.0,0.0,0.7969123721122742,-0.10463891178369522,0.0728997066617012,-3.131929397583008,0.08339160680770874
2717,61.372135400772095,0.973573625087738,0.0,0.0,0.821403980255127,-0.1282784789800644,0.00044651085045188665,-3.1322133541107178,0.08196430653333664
2718,61.38753390312195,0.973573625087738,0.0,0.0,0.8462312817573547,-0.14303256571292877,0.024853115901350975,-3.1315712928771973,0.08137553185224533
2719,61.4170024394989,0.973573625087738,0.0,0.0,0.8756012320518494,-0.16026771068572998,0.07449864596128464,-3.127995252609253,0.08573665469884872
2720,61.42804670333862,0.973573625087738,0.0,0.0,0.8946941494941711,-0.1649809628725052,-0.06273705512285233,-3.121419668197632,0.09015293419361115
2721,61.46092939376831,0.973573625087738,0.0,0.0,0.8870236873626709,-0.15163321793079376,-0.12783390283584595,-3.1146864891052246,0.09677323698997498
2722,61.4780707359314,0.973573625087738,0.0,0.0,0.8660316467285156,-0.11169569939374924,0.07016293704509735,-3.1150426864624023,0.1021837368607521
2723,61.51354241371155,0.973573625087738,0.0,0.0,0.8638366460800171,-0.08279213309288025,0.10981372743844986,-3.1226980686187744,0.09798979759216309
2724,61.52597618103027,0.973573625087738,0.0,0.0,0.8664484024047852,-0.058241914957761765,0.10384916514158249,-3.1324517726898193,0.08613321930170059
2725,61.55721044540405,0.973573625087738,0.0,0.0,0.8769395351409912,-0.03776790201663971,0.07073752582073212,3.1412711143493652,0.07297280430793762
2726,61.57622170448303,0.973573625087738,0.0,0.0,0.8827624917030334,-0.01626901514828205,0.04790542274713516,3.1335694789886475,0.06098586693406105
2727,61.67289400100708,0.973573625087738,0.0,0.0,0.885818362236023,0.008105942979454994,0.08396013081073761,3.1271605491638184,0.05097351595759392
2728,61.685513496398926,0.973573625087738,0.0,0.0,0.8902989029884338,0.03134071081876755,0.15069502592086792,3.1212196350097656,0.04339388385415077
2729,61.71359992027283,0.973573625087738,0.0,0.0,0.9021429419517517,0.051299773156642914,0.1687798649072647,3.116529703140259,0.03730197995901108
2730,61.72868800163269,0.973573625087738,0.0,0.0,0.9152116775512695,0.07069329172372818,0.1670287549495697,3.1140074729919434,0.032279301434755325
2731,61.76032853126526,0.973573625087738,0.0,0.0,0.9274300932884216,0.0899394303560257,0.14299923181533813,3.1130058765411377,0.03232649341225624
2732,61.775256872177124,0.973573625087738,0.0,0.0,0.9263555407524109,0.1148538589477539,-0.011309795081615448,3.107478141784668,0.038476549088954926
2733,61.81284713745117,0.973573625087738,0.0,0.0,0.9289258122444153,0.12461402267217636,0.1480264663696289,3.1011290550231934,0.037430427968502045
2734,61.82605242729187,0.973573625087738,0.0,0.0,0.9091033339500427,0.11146408319473267,0.20795148611068726,3.1002206802368164,0.03601979836821556
2735,61.85760998725891,0.973573625087738,0.0,0.0,0.8723087310791016,0.08305341750383377,0.06186707317829132,3.107640266418457,0.036590877920389175
2736,61.87023997306824,0.973573625087738,0.0,0.0,0.8504173755645752,0.06496193259954453,-0.06479313224554062,3.1186201572418213,0.035941485315561295
2737,61.900827169418335,0.7733386158943176,0.0,0.0,0.8360394239425659,0.053250622004270554,-0.09079249203205109,3.1263668537139893,0.033923543989658356
2738,61.91152000427246,0.7733386158943176,0.0,0.0,0.8286198973655701,0.04199080914258957,-0.06081676483154297,3.130838632583618,0.03238990902900696
2739,61.941017150878906,0.7733386158943176,0.0,0.0,0.8302000761032104,0.03523983806371689,-0.07085096091032028,3.133458375930786,0.030816370621323586
2740,61.95290517807007,0.7733386158943176,0.0,0.0,0.8356887102127075,0.031022043898701668,-0.05313301086425781,3.1328649520874023,0.028059102594852448
2741,61.985732316970825,0.7733386158943176,0.0,0.0,0.8425192832946777,0.026854081079363823,-0.05061543360352516,3.1281228065490723,0.025106988847255707
2742,62.00020432472229,0.7733386158943176,0.0,0.0,0.8523503541946411,0.02231653593480587,-0.028235193341970444,3.121270179748535,0.024318788200616837
2743,62.03536367416382,0.7733386158943176,0.0,0.0,0.8632907867431641,0.012316806241869926,-0.0061627598479390144,3.117574691772461,0.02818612940609455
2744,62.046090841293335,0.7733386158943176,0.0,0.0,0.8826633095741272,0.004307188093662262,-0.055560119450092316,3.1204137802124023,0.03765616565942764
2745,62.08538293838501,0.7733386158943176,0.0,0.0,0.8857216835021973,0.007171823177486658,-0.2846338450908661,3.12467622756958,0.04401446506381035
2746,62.09639048576355,0.7733386158943176,0.0,0.0,0.8556879162788391,0.03755953535437584,-0.03711438551545143,3.125969648361206,0.045953039079904556
2747,62.12609934806824,0.7733386158943176,0.0,0.0,0.8278657793998718,0.06315508484840393,0.18615411221981049,3.1211042404174805,0.04502222314476967
2748,62.138142347335815,0.9470860958099365,0.0,0.0,0.8132763504981995,0.06976599991321564,0.18548880517482758,3.113994598388672,0.043603189289569855
2749,62.17092227935791,0.9470860958099365,0.0,0.0,0.7923939824104309,0.0702742338180542,0.1542617380619049,3.1087818145751953,0.045352090150117874
2750,62.18290615081787,0.9470860958099365,0.0,0.0,0.7668896913528442,0.07219412177801132,0.12509459257125854,3.1066460609436035,0.05319684371352196
2751,62.21889853477478,0.9470860958099365,0.0,0.0,0.7459620237350464,0.08222603797912598,0.08161842823028564,3.106306552886963,0.06456262618303299
2752,62.23554611206055,0.9470860958099365,0.0,0.0,0.6931402087211609,0.11077761650085449,0.07715189456939697,3.1010403633117676,0.0619385726749897
2753,62.268271684646606,0.9470860958099365,0.0,0.0,0.701463520526886,0.10900191217660904,0.3290427029132843,3.1018943786621094,0.037930309772491455
2754,62.27972483634949,0.9470860958099365,0.0,0.0,0.6682853102684021,0.06982550024986267,0.18268173933029175,3.1049346923828125,0.040526602417230606
2755,62.312628746032715,0.9470860958099365,0.0,0.0,0.6735467910766602,0.03213128447532654,0.004278294742107391,3.1087687015533447,0.0638662800192833
2756,62.326268911361694,0.9470860958099365,0.0,0.0,0.7051887512207031,-0.002697310410439968,-0.036924198269844055,3.115903377532959,0.08008534461259842
2757,62.3584840297699,0.9470860958099365,0.0,0.0,0.7446310520172119,-0.029197154566645622,0.029784832149744034,3.12233304977417,0.083948515355587
2758,62.3705940246582,0.9470860958099365,0.0,0.0,0.7872644662857056,-0.051043689250946045,-0.04261878505349159,3.1275627613067627,0.07988206297159195
2759,62.40235209465027,0.9470860958099365,0.0,0.0,0.8188430070877075,-0.08516302704811096,-0.2246422916650772,3.130244493484497,0.06674817204475403
2760,62.41474533081055,0.9470860958099365,0.0,0.0,0.843320906162262,-0.1177562028169632,-0.34206148982048035,3.128422260284424,0.05371065437793732
2761,62.44376754760742,0.9470860958099365,0.0,0.0,0.8721111416816711,-0.13269497454166412,-0.43359214067459106,3.1221275329589844,0.049307968467473984
2762,62.45936846733093,0.9470860958099365,0.0,0.0,0.9099263548851013,-0.12682555615901947,-0.47828209400177,3.109537363052368,0.0504433736205101
2763,62.49033331871033,0.9470860958099365,0.0,0.0,0.9407673478126526,-0.13639798760414124,-0.38544103503227234,3.095719575881958,0.055309731513261795
2764,62.50399088859558,0.9470860958099365,0.0,0.0,0.9914883971214294,-0.14148667454719543,-0.25966960191726685,3.0898470878601074,0.057255376130342484
2765,62.53283333778381,0.9470860958099365,0.0,0.0,0.9740068912506104,-0.1243288591504097,-0.1292629987001419,3.0896599292755127,0.05340974032878876
2766,62.54554009437561,0.9470860958099365,0.0,0.0,0.8970435857772827,-0.07816652953624725,-0.020585034042596817,3.0873827934265137,0.052968695759773254
2767,62.57708787918091,0.9470860958099365,0.0,0.0,0.8335227370262146,-0.033341191709041595,0.14015427231788635,3.0795021057128906,0.04426029324531555
2768,62.5890953540802,0.9470860958099365,0.0,0.0,0.798672616481781,-0.00855736993253231,0.17470213770866394,3.073544979095459,0.02791241556406021
2769,62.61767578125,0.9470860958099365,0.0,0.0,0.7846673727035522,0.008892792277038097,0.17725770175457,3.074209451675415,0.0112020093947649
2770,62.63284206390381,0.9470860958099365,0.0,0.0,0.7742894887924194,0.03405534476041794,0.349032461643219,3.0792224407196045,-0.0033263484947383404
2771,62.66233563423157,0.9470860958099365,0.0,0.0,0.8268811702728271,0.022639991715550423,0.7459368705749512,3.084761142730713,-0.014777258969843388
2772,62.67560386657715,0.9470860958099365,0.0,0.0,0.9271242618560791,-0.017166346311569214,0.6714178919792175,3.087808132171631,-0.014542899094522
2773,62.70493984222412,0.9470860958099365,0.0,0.0,1.0076981782913208,-0.04604281485080719,0.37164539098739624,3.0938940048217773,-0.0032007545232772827
2774,62.72045111656189,0.9470860958099365,0.0,0.0,1.03685462474823,-0.025745637714862823,0.30483976006507874,3.1009626388549805,0.0057871052995324135
2775,62.751089334487915,0.9470860958099365,0.0,0.0,1.0480648279190063,-0.010049572214484215,0.3677295446395874,3.108595848083496,0.007478897925466299
2776,62.76246881484985,0.9470860958099365,0.0,0.0,1.0379133224487305,-0.006579382345080376,0.4752081632614136,3.1182093620300293,0.008655941113829613
2777,62.80875897407532,0.9470860958099365,0.0,0.0,1.0090411901474,0.005800142418593168,0.4696786403656006,3.1277241706848145,0.019002491608262062
2778,62.822875022888184,0.9470860958099365,0.0,0.0,0.9824216961860657,-0.014945834875106812,0.28232499957084656,3.1385498046875,0.03557799011468887
2779,62.853708028793335,0.9470860958099365,0.0,0.0,0.9982805252075195,-0.042950376868247986,0.08978249877691269,-3.133211135864258,0.04889904707670212
2780,62.86632323265076,0.9470860958099365,0.0,0.0,1.0317416191101074,-0.07036634534597397,-0.05571065843105316,-3.116403818130493,0.04166412726044655
2781,62.89920163154602,0.9470860958099365,0.0,0.0,1.0566922426223755,-0.09261246770620346,-0.12915417551994324,-3.0973949432373047,0.0245358869433403
2782,62.91070604324341,0.9470860958099365,0.0,0.0,1.0810431241989136,-0.1141832023859024,-0.2021956592798233,-3.0807809829711914,0.008758461102843285
2783,62.944899797439575,0.9470860958099365,0.0,0.0,1.0897125005722046,-0.12378929555416107,-0.3111039400100708,-3.068692922592163,-0.005153875332325697
2784,62.95828986167908,0.9470860958099365,0.0,0.0,1.0699076652526855,-0.12218482792377472,-0.47766566276550293,-3.066267967224121,-0.01498387847095728
2785,62.99017643928528,0.9470860958099365,0.0,0.0,1.0510307550430298,-0.12306110560894012,-0.5738140344619751,-3.0689914226531982,-0.01452540885657072
2786,63.007394313812256,0.9470860958099365,0.0,0.0,1.0505636930465698,-0.12837237119674683,-0.47824645042419434,-3.074267625808716,-0.0020166176836937666
2787,63.039342403411865,0.9470860958099365,0.0,0.0,1.0715287923812866,-0.134370356798172,-0.18920600414276123,-3.0770792961120605,0.020509179681539536
2788,63.052201986312866,0.9470860958099365,0.0,0.0,1.0869075059890747,-0.12923546135425568,-0.36615851521492004,-3.0781009197235107,0.03657851740717888
2789,63.0803439617157,0.9470860958099365,0.0,0.0,1.0376273393630981,-0.09108338505029678,-0.18656028807163239,-3.0810701847076416,0.04000454023480415
2790,63.09322166442871,0.9470860958099365,0.0,0.0,0.9954046010971069,-0.05752679705619812,0.10876422375440598,-3.0880491733551025,0.045163072645664215
2791,63.12675452232361,0.9470860958099365,0.0,0.0,0.9662778377532959,-0.04298662766814232,0.13224023580551147,-3.09332013130188,0.04996224120259285
2792,63.138463735580444,0.9470860958099365,0.0,0.0,0.9436134696006775,-0.03096526488661766,0.021154621616005898,-3.0975725650787354,0.05448516830801964
2793,63.167537689208984,0.9470860958099365,0.0,0.0,0.9278932809829712,-0.01847361959517002,-0.07223976403474808,-3.102457284927368,0.05786095932126045
2794,63.17816758155823,0.9470860958099365,0.0,0.0,0.9099823236465454,-0.005328393541276455,-0.0007976479828357697,-3.1072535514831543,0.060845956206321716
2795,63.21301865577698,0.9470860958099365,0.0,0.0,0.8901175260543823,0.005243681371212006,0.09168750792741776,-3.109848737716675,0.06620573252439499
2796,63.22631573677063,0.9470860958099365,0.0,0.0,0.8753314018249512,0.018476400524377823,0.1400265395641327,-3.109278917312622,0.07398621737957001
2797,63.25715208053589,0.9470860958099365,0.0,0.0,0.867630660533905,0.030787784606218338,0.0964667871594429,-3.1067819595336914,0.08352018147706985
2798,63.26918959617615,0.9470860958099365,0.0,0.0,0.8675178289413452,0.046185411512851715,-0.006366005167365074,-3.105696439743042,0.09629098325967789
2799,63.298497915267944,0.9470860958099365,0.0,0.0,0.8520352244377136,0.07291935384273529,-0.16617147624492645,-3.1129186153411865,0.11559934914112091
2800,63.31016564369202,0.9470860958099365,0.0,0.0,0.8810677528381348,0.08148987591266632,-0.03765643388032913,-3.124946355819702,0.13105814158916473
2801,63.342406272888184,0.9470860958099365,0.0,0.0,0.8883458971977234,0.08610032498836517,0.20335179567337036,-3.1346333026885986,0.13785435259342194
2802,63.355628490448,0.9470860958099365,0.0,0.0,0.8780032992362976,0.07071056962013245,0.28714558482170105,-3.1394546031951904,0.14268867671489716
2803,63.38425278663635,0.9470860958099365,0.0,0.0,0.8480138778686523,0.04488298296928406,0.10632076859474182,-3.136678695678711,0.14502666890621185
2804,63.39562463760376,0.9470860958099365,0.0,0.0,0.8172672390937805,0.02616826258599758,-0.03145876154303551,-3.1293752193450928,0.14309927821159363
2805,63.427138566970825,0.9470860958099365,0.0,0.0,0.793023943901062,0.012000340968370438,-0.038778968155384064,-3.122818946838379,0.1371794193983078
2806,63.438846588134766,0.9470860958099365,0.0,0.0,0.7726023197174072,-0.0037071057595312595,0.024229086935520172,-3.117781639099121,0.129473477602005
2807,63.46682143211365,0.9470860958099365,0.0,0.0,0.7553184032440186,-0.02487192675471306,0.05684594064950943,-3.1134655475616455,0.12180013954639435
2808,63.47767162322998,0.9470860958099365,0.0,0.0,0.7497163414955139,-0.04811083525419235,0.06435564905405045,-3.109117269515991,0.11514599621295929
2809,63.50950622558594,0.9470860958099365,0.0,0.0,0.7530516982078552,-0.0728529617190361,-0.07931074500083923,-3.1055798530578613,0.1059919148683548
2810,63.52575898170471,0.9470860958099365,0.0,0.0,0.7508647441864014,-0.10448932647705078,-0.14850756525993347,-3.1021924018859863,0.09939831495285034
2811,63.55897879600525,0.9470860958099365,0.0,0.0,0.7587166428565979,-0.1305036097764969,-0.18724308907985687,-3.1000263690948486,0.09790685772895813
2812,63.570921659469604,0.9470860958099365,0.0,0.0,0.7720449566841125,-0.14914099872112274,-0.15642806887626648,-3.100449323654175,0.1001100167632103
2813,63.60072565078735,0.9470860958099365,0.0,0.0,0.7951362729072571,-0.1527683287858963,-0.11178764700889587,-3.103614568710327,0.1030450239777565
2814,63.61159348487854,0.9470860958099365,0.0,0.0,0.7894132733345032,-0.14604023098945618,-0.03464021906256676,-3.10599684715271,0.10535087436437607
2815,63.64218878746033,0.9470860958099365,0.0,0.0,0.7787492871284485,-0.1293422281742096,-0.07243255525827408,-3.105825185775757,0.11267630755901337
2816,63.65662717819214,0.9470860958099365,0.0,0.0,0.7778497934341431,-0.0950397253036499,-0.0039555467665195465,-3.1072747707366943,0.11376502364873886
2817,63.69202494621277,0.9470860958099365,0.0,0.0,0.7884730696678162,-0.06378442049026489,0.07702502608299255,-3.1126279830932617,0.10111337155103683
2818,63.706072092056274,0.9470860958099365,0.0,0.0,0.7986070513725281,-0.036737699061632156,0.13053765892982483,-3.1190056800842285,0.0822364091873169
2819,63.73462271690369,0.9470860958099365,0.0,0.0,0.8113453388214111,-0.013270559720695019,0.17813681066036224,-3.125385046005249,0.06627718359231949
2820,63.74531435966492,0.9470860958099365,0.0,0.0,0.8227214217185974,0.01078121829777956,0.22427789866924286,-3.130882501602173,0.05534084886312485
2821,63.77559566497803,0.9470860958099365,0.0,0.0,0.841892421245575,0.03267930448055267,0.22210295498371124,-3.1344354152679443,0.04688752815127373
2822,63.7906608581543,0.9470860958099365,0.0,0.0,0.8635454177856445,0.05010600760579109,0.27224087715148926,-3.1357481479644775,0.037940386682748795
2823,63.8251371383667,0.9470860958099365,0.0,0.0,0.8751150369644165,0.06036216765642166,0.328627347946167,-3.13700008392334,0.030727732926607132
2824,63.83741283416748,0.9470860958099365,0.0,0.0,0.8805742263793945,0.06823142617940903,0.3290111720561981,-3.1391823291778564,0.029789280146360397
2825,63.86694836616516,0.9470860958099365,0.0,0.0,0.8749068379402161,0.08813603967428207,0.16903577744960785,3.139848232269287,0.0351412408053875
2826,63.87726068496704,0.9470860958099365,0.0,0.0,0.8810333013534546,0.07902379333972931,0.30686816573143005,3.1405324935913086,0.029872773215174675
2827,63.90324115753174,0.9470860958099365,0.0,0.0,0.8428383469581604,0.04231948405504227,0.09009119868278503,-3.136545419692993,0.02764802798628807
2828,63.91355848312378,0.9470860958099365,0.0,0.0,0.8107040524482727,0.00873489398509264,-0.06002567708492279,-3.127779960632324,0.032007478177547455
2829,63.94477081298828,0.9470860958099365,0.0,0.0,0.8015371561050415,-0.013951527886092663,-0.08523915708065033,-3.120762825012207,0.038193922489881516
2830,63.95742964744568,0.9470860958099365,0.0,0.0,0.8027482628822327,-0.03063061088323593,-0.08483631908893585,-3.116485357284546,0.04324407875537872
2831,63.98760533332825,0.9470860958099365,0.0,0.0,0.8120408058166504,-0.04217517003417015,-0.05291885882616043,-3.1143434047698975,0.04650823399424553
2832,63.99990677833557,0.9470860958099365,0.0,0.0,0.8244799375534058,-0.054141815751791,0.008160551078617573,-3.114514112472534,0.047318972647190094
2833,64.0317747592926,0.9470860958099365,0.0,0.0,0.8394997715950012,-0.06707105785608292,0.060759287327528,-3.1170637607574463,0.04677297919988632
2834,64.04292392730713,0.9470860958099365,0.0,0.0,0.856220006942749,-0.08620158582925797,0.07909563928842545,-3.120170831680298,0.04648147150874138
2835,64.07350778579712,0.9470860958099365,0.0,0.0,0.869933545589447,-0.109527088701725,0.07936795055866241,-3.1191112995147705,0.04947701469063759
2836,64.09397792816162,0.9470860958099365,0.0,0.0,0.8935714960098267,-0.12105181813240051,-0.07671670615673065,-3.1137499809265137,0.05344487354159355
2837,64.12532877922058,0.9470860958099365,0.0,0.0,0.8822334408760071,-0.11533429473638535,-0.17442283034324646,-3.105705499649048,0.05648898705840111
2838,64.141268491745,0.9470860958099365,0.0,0.0,0.8591870069503784,-0.0791657343506813,-0.0024486202746629715,-3.103278160095215,0.06292227655649185
2839,64.18268370628357,0.9470860958099365,0.0,0.0,0.8543635606765747,-0.04559529200196266,0.16617977619171143,-3.1102254390716553,0.06298621743917465
2840,64.2084903717041,0.9470860958099365,0.0,0.0,0.865484356880188,-0.029501108452677727,0.14750832319259644,-3.119405746459961,0.056851040571928024
2841,64.24847722053528,0.9470860958099365,0.0,0.0,0.8788416981697083,-0.016340680420398712,0.11139093339443207,-3.125962972640991,0.04893288016319275
2842,64.26003289222717,0.9470860958099365,0.0,0.0,0.8842707276344299,-0.0008466503932140768,0.13919809460639954,-3.1305673122406006,0.04288938269019127
2843,64.29386448860168,0.9470860958099365,0.0,0.0,0.8897679448127747,0.014460484497249126,0.15798145532608032,-3.133261203765869,0.039806343615055084
2844,64.30915451049805,0.9470860958099365,0.0,0.0,0.8999582529067993,0.03146671503782272,0.15643776953220367,-3.133450508117676,0.037124257534742355
2845,64.33862280845642,0.9470860958099365,0.0,0.0,0.9152935743331909,0.04822252318263054,0.128495991230011,-3.1324403285980225,0.03376832231879234
2846,64.35072493553162,0.9470860958099365,0.0,0.0,0.9274648427963257,0.061466965824365616,0.1301412135362625,-3.132760763168335,0.03223935142159462
2847,64.38024711608887,0.9470860958099365,0.0,0.0,0.9332475066184998,0.07255307585000992,0.12926554679870605,-3.1374988555908203,0.039177410304546356
2848,64.3935661315918,0.9470860958099365,0.0,0.0,0.9162559509277344,0.08703624457120895,0.09027979522943497,3.1350793838500977,0.05098593607544899
2849,64.42340421676636,0.9470860958099365,0.0,0.0,0.8961769342422485,0.07004701346158981,0.2492876648902893,3.133450746536255,0.05215658247470856
2850,64.43517684936523,0.9470860958099365,0.0,0.0,0.851028323173523,0.036487381905317307,0.1334955394268036,-3.140204429626465,0.05430823192000389
2851,64.46471786499023,0.9470860958099365,0.0,0.0,0.8216278553009033,0.015576035715639591,-0.05191101133823395,-3.1279101371765137,0.05694642663002014
2852,64.47627449035645,0.9470860958099365,0.0,0.0,0.8037457466125488,0.005107159726321697,-0.15920992195606232,-3.122835874557495,0.058759406208992004
2853,64.51161098480225,0.9470860958099365,0.0,0.0,0.7923625707626343,-0.0069155399687588215,-0.11054868251085281,-3.123387098312378,0.06076520308852196
2854,64.52459478378296,0.9470860958099365,0.0,0.0,0.7889289259910583,-0.020976390689611435,-0.06433765590190887,-3.12351131439209,0.062155675143003464
2855,64.55421781539917,0.9470860958099365,0.0,0.0,0.7926014065742493,-0.033513594418764114,-0.008495239540934563,-3.122673749923706,0.06168016791343689
2856,64.56589198112488,0.9470860958099365,0.0,0.0,0.8020628094673157,-0.04528879374265671,0.03991028666496277,-3.1226139068603516,0.05907311663031578
2857,64.59858274459839,0.9470860958099365,0.0,0.0,0.8140437602996826,-0.06018855422735214,0.0566609725356102,-3.1242387294769287,0.05582290142774582
2858,64.60917067527771,0.9470860958099365,0.0,0.0,0.8312512636184692,-0.08167549967765808,0.004983557388186455,-3.1272828578948975,0.05342501774430275
2859,64.64055967330933,0.9470860958099365,0.0,0.0,0.8514202237129211,-0.09979799389839172,-0.027460701763629913,-3.1298906803131104,0.053198471665382385
2860,64.65255188941956,0.9470860958099365,0.0,0.0,0.8756927847862244,-0.11212194710969925,-0.00302195455878973,-3.1311421394348145,0.057343740016222
2861,64.68331503868103,0.9470860958099365,0.0,0.0,0.8948884010314941,-0.11694762110710144,-0.12490686774253845,-3.1312761306762695,0.06072097271680832
2862,64.69670414924622,0.9470860958099365,0.0,0.0,0.8812088370323181,-0.10221970081329346,-0.12999171018600464,-3.127819061279297,0.06590056419372559
2863,64.72769141197205,0.9470860958099365,0.0,0.0,0.86110520362854,-0.06301513314247131,0.062025755643844604,-3.1287050247192383,0.07098319381475449
2864,64.74002003669739,0.9470860958099365,0.0,0.0,0.8561067581176758,-0.030208585783839226,0.18629445135593414,-3.13592529296875,0.06700606644153595
2865,64.76895713806152,0.9470860958099365,0.0,0.0,0.8654821515083313,-0.009797421284019947,0.16304054856300354,3.1389458179473877,0.05727466940879822
2866,64.7872405052185,0.9470860958099365,0.0,0.0,0.8764643669128418,0.010282585397362709,0.13405081629753113,3.1316843032836914,0.047748222947120667
2867,64.8220887184143,0.9470860958099365,0.0,0.0,0.8838921785354614,0.032315682619810104,0.16752947866916656,3.1250431537628174,0.04127783700823784
2868,64.83443069458008,0.9470860958099365,0.0,0.0,0.8937675356864929,0.050646960735321045,0.20320461690425873,3.120562791824341,0.03626364842057228
2869,64.86230897903442,0.9470860958099365,0.0,0.0,0.8994498252868652,0.06864969432353973,0.3077608048915863,3.117774724960327,0.03014516830444336
2870,64.87602663040161,0.9470860958099365,0.0,0.0,0.9003022909164429,0.07733488827943802,0.35174819827079773,3.115786075592041,0.026113076135516167
2871,64.90559911727905,0.9470860958099365,0.0,0.0,0.8971218466758728,0.08758266270160675,0.2774234712123871,3.114910125732422,0.03027118369936943
2872,64.91734147071838,0.9470860958099365,0.0,0.0,0.8803703784942627,0.10671025514602661,0.0913941040635109,3.1111342906951904,0.039985496550798416
2873,64.94760775566101,0.9470860958099365,0.0,0.0,0.8718157410621643,0.09642955660820007,0.21800480782985687,3.111340284347534,0.04110679775476456
2874,64.95874118804932,0.9470860958099365,0.0,0.0,0.8355789184570312,0.0635763555765152,0.15913107991218567,3.119079113006592,0.045077208429574966
2875,64.98742175102234,0.9470860958099365,0.0,0.0,0.8096375465393066,0.032506249845027924,-0.006365012377500534,3.1317858695983887,0.05008682608604431
2876,64.99773383140564,0.9470860958099365,0.0,0.0,0.7934956550598145,0.01029969286173582,-0.1174546629190445,3.1414918899536133,0.052012134343385696
2877,65.02464723587036,0.9470860958099365,0.0,0.0,0.783940315246582,-0.007145529147237539,-0.11318076401948929,-3.1369314193725586,0.05357450991868973
2878,65.03478598594666,0.9470860958099365,0.0,0.0,0.7825443148612976,-0.023879220709204674,-0.05393679067492485,-3.1339974403381348,0.055629242211580276
2879,65.06575512886047,0.9470860958099365,0.0,0.0,0.7889307737350464,-0.039625197649002075,-0.02757980301976204,-3.131387948989868,0.056825973093509674
2880,65.07715082168579,0.9470860958099365,0.0,0.0,0.8019885420799255,-0.05114342272281647,-0.0019936931785196066,-3.130662679672241,0.056452177464962006
2881,65.1072506904602,0.9470860958099365,0.0,0.0,0.8182371258735657,-0.06823736429214478,0.024507446214556694,-3.1315081119537354,0.05563896894454956
2882,65.1194121837616,0.9470860958099365,0.0,0.0,0.8323376178741455,-0.08801965415477753,0.0031990050338208675,-3.131770610809326,0.056227847933769226
2883,65.15346121788025,0.9470860958099365,0.0,0.0,0.853297233581543,-0.11052936315536499,-0.026686590164899826,-3.130235195159912,0.06009867787361145
2884,65.16874408721924,0.9470860958099365,0.0,0.0,0.8878080248832703,-0.11999603360891342,-0.15821385383605957,-3.1264615058898926,0.06248128414154053
2885,65.19783306121826,0.9470860958099365,0.0,0.0,0.8790282011032104,-0.11353281140327454,-0.12847965955734253,-3.1216931343078613,0.06259474158287048
2886,65.20913362503052,0.9470860958099365,0.0,0.0,0.8560552597045898,-0.08866160362958908,-0.017509233206510544,-3.1181602478027344,0.06960166245698929
2887,65.24177050590515,0.9470860958099365,0.0,0.0,0.8462056517601013,-0.0560729056596756,0.12248466163873672,-3.121164321899414,0.0721285417675972
2888,65.25390243530273,0.9470860958099365,0.0,0.0,0.8479699492454529,-0.03371540829539299,0.11884063482284546,-3.1290512084960938,0.0657317265868187
2889,65.2844877243042,0.9470860958099365,0.0,0.0,0.8480758666992188,-0.012693455442786217,0.13798561692237854,-3.1384782791137695,0.0565866120159626
2890,65.29526114463806,0.9470860958099365,0.0,0.0,0.8527908325195312,0.0073140570893883705,0.15419557690620422,3.1357247829437256,0.04977116733789444
2891,65.3265426158905,0.9470860958099365,0.0,0.0,0.8618584275245667,0.026533761993050575,0.17215175926685333,3.1286985874176025,0.044124800711870193
2892,65.33876395225525,0.9470860958099365,0.0,0.0,0.8690031170845032,0.045779887586832047,0.2169806957244873,3.124018907546997,0.03926338255405426
2893,65.36905479431152,0.9470860958099365,0.0,0.0,0.8789262175559998,0.05945353955030441,0.27157118916511536,3.1213595867156982,0.035927049815654755
2894,65.38030743598938,0.9470860958099365,0.0,0.0,0.8830878138542175,0.06981411576271057,0.3407251536846161,3.1200709342956543,0.035343367606401443
2895,65.40955877304077,0.9470860958099365,0.0,0.0,0.8837791085243225,0.0768825113773346,0.3033500611782074,3.1205105781555176,0.041601285338401794
2896,65.42250728607178,0.9470860958099365,0.0,0.0,0.874254584312439,0.0915103480219841,0.052086904644966125,3.121309995651245,0.055698372423648834
2897,65.4576997756958,0.9470860958099365,0.0,0.0,0.8861075043678284,0.09779910743236542,0.15300293266773224,3.1212363243103027,0.06232686713337898
2898,65.46969747543335,0.9470860958099365,0.0,0.0,0.8840006589889526,0.08610128611326218,0.2959205210208893,3.123241662979126,0.06511730700731277
2899,65.5012149810791,0.9470860958099365,0.0,0.0,0.8555026650428772,0.051894787698984146,0.17821438610553741,3.130324125289917,0.06830986589193344
2900,65.51229524612427,0.9470860958099365,0.0,0.0,0.8250378370285034,0.0177494864910841,-0.0023734457790851593,3.1415793895721436,0.07151486724615097
2901,65.54295778274536,0.9470860958099365,0.0,0.0,0.8102977871894836,-0.0045631155371665955,-0.04410838708281517,-3.132497787475586,0.0737290233373642
2902,65.55668663978577,0.9470860958099365,0.0,0.0,0.8044951558113098,-0.021144742146134377,-0.010197324678301811,-3.127166509628296,0.07432843744754791
2903,65.58821988105774,0.9470860958099365,0.0,0.0,0.8033725023269653,-0.03627379983663559,0.01692519150674343,-3.124290704727173,0.07353083789348602
2904,65.60841035842896,0.9470860958099365,0.0,0.0,0.8051665425300598,-0.05411486327648163,0.059335701167583466,-3.122896671295166,0.07199850678443909
2905,65.63840007781982,0.9470860958099365,0.0,0.0,0.8146907091140747,-0.07282865047454834,0.08826804161071777,-3.122626781463623,0.07008479535579681
2906,65.650381565094,0.9470860958099365,0.0,0.0,0.8296000957489014,-0.09412931650876999,0.1226591244339943,-3.122999429702759,0.06854893267154694
2907,65.6796772480011,0.9470860958099365,0.0,0.0,0.8573296666145325,-0.11571485549211502,0.08620399236679077,-3.1214168071746826,0.06738957017660141
2908,65.69258952140808,0.9470860958099365,0.0,0.0,0.8580374717712402,-0.12428922951221466,-0.0568317249417305,-3.118605136871338,0.0639418512582779
2909,65.72262001037598,0.9470860958099365,0.0,0.0,0.8445166349411011,-0.11471500992774963,-0.14059072732925415,-3.112733840942383,0.07042568176984787
2910,65.73439598083496,0.9470860958099365,0.0,0.0,0.8368462324142456,-0.07302667945623398,0.03794281557202339,-3.1122584342956543,0.07794579863548279
2911,65.76328706741333,0.9470860958099365,0.0,0.0,0.8486250638961792,-0.043157558888196945,0.14566181600093842,-3.1200876235961914,0.07497529685497284
2912,65.77509260177612,0.9470860958099365,0.0,0.0,0.872079074382782,-0.026664430275559425,0.124700166285038,-3.1272151470184326,0.06347876787185669
2913,65.80381298065186,0.9470860958099365,0.0,0.0,0.8912897706031799,-0.01088735368102789,0.12430254369974136,-3.131234884262085,0.051494717597961426
2914,65.81569242477417,0.9470860958099365,0.0,0.0,0.908224880695343,0.007738531567156315,0.12271508574485779,-3.1325042247772217,0.04347461089491844
2915,65.84631681442261,0.9470860958099365,0.0,0.0,0.9233988523483276,0.027615057304501534,0.13887713849544525,-3.1329619884490967,0.03817734494805336
2916,65.85803031921387,0.9470860958099365,0.0,0.0,0.9380043148994446,0.0409904383122921,0.17496393620967865,-3.1330292224884033,0.033858273178339005
2917,65.88743567466736,0.9470860958099365,0.0,0.0,0.9492655396461487,0.05033353343605995,0.23457103967666626,-3.1333701610565186,0.03177807480096817
2918,65.90006256103516,0.9470860958099365,0.0,0.0,0.9561331868171692,0.05821342021226883,0.22410215437412262,-3.138251543045044,0.03633778169751167
2919,65.93031048774719,0.9470860958099365,0.0,0.0,0.936764657497406,0.07154572755098343,-0.007808692753314972,3.13279390335083,0.04858371242880821
2920,65.94484758377075,0.9470860958099365,0.0,0.0,0.9133549928665161,0.06431455165147781,0.09919365495443344,3.124110698699951,0.05186492204666138
2921,65.97819066047668,0.9470860958099365,0.0,0.0,0.8704434633255005,0.03975703567266464,0.03019457310438156,3.1289010047912598,0.05177188292145729
2922,65.99106168746948,0.9470860958099365,0.0,0.0,0.8319442868232727,0.019901948049664497,-0.007816249504685402,-3.140979766845703,0.050363924354314804
2923,66.01975870132446,0.9470860958099365,0.0,0.0,0.8109630942344666,0.012345530092716217,-0.0578673854470253,-3.1283023357391357,0.05058616027235985
2924,66.03144073486328,0.9470860958099365,0.0,0.0,0.8020636439323425,0.011379055678844452,-0.060595523566007614,-3.121962070465088,0.05199424549937248
2925,66.06880640983582,0.9470860958099365,0.0,0.0,0.798724353313446,0.012572805397212505,-0.09659262746572495,-3.1208972930908203,0.05313047394156456
2926,66.08329772949219,0.9470860958099365,0.0,0.0,0.7984131574630737,0.01065472885966301,-0.06807737052440643,-3.1239614486694336,0.053512413054704666
2927,66.11096358299255,0.9470860958099365,0.0,0.0,0.8044326305389404,0.005701924674212933,-0.02636302262544632,-3.1291911602020264,0.05237380415201187
2928,66.12534809112549,0.9470860958099365,0.0,0.0,0.8187568783760071,-0.000924167747143656,0.0050783222541213036,-3.134826898574829,0.04906489700078964
2929,66.1562283039093,0.9470860958099365,0.0,0.0,0.8413828015327454,-0.010021534748375416,0.02680206298828125,-3.140124797821045,0.044025372713804245
2930,66.16861701011658,0.9470860958099365,0.0,0.0,0.86972975730896,-0.01891910657286644,0.017495477572083473,3.138364315032959,0.03824001923203468
2931,66.19961643218994,0.9470860958099365,0.0,0.0,0.8984647393226624,-0.032656773924827576,-0.025203175842761993,3.1355810165405273,0.033339012414216995
2932,66.2105393409729,0.9470860958099365,0.0,0.0,0.9242492914199829,-0.042843401432037354,-0.039297062903642654,3.1360509395599365,0.03184710815548897
2933,66.24230718612671,0.9470860958099365,0.0,0.0,0.9421986937522888,-0.0469946414232254,-0.010522737167775631,3.1379871368408203,0.03570776432752609
2934,66.25477242469788,0.9470860958099365,0.0,0.0,0.9598384499549866,-0.04199199005961418,-0.11685556918382645,3.1414685249328613,0.04273245111107826
2935,66.28339862823486,0.9470860958099365,0.0,0.0,0.9336506128311157,-0.021261241286993027,-0.041597288101911545,-3.140963554382324,0.04360126703977585
2936,66.29777908325195,0.9470860958099365,0.0,0.0,0.9027810096740723,0.009361004456877708,0.16865600645542145,3.13557505607605,0.041695404797792435
2937,66.32724285125732,0.9470860958099365,0.0,0.0,0.8879150748252869,0.024853749200701714,0.20458514988422394,3.1243531703948975,0.037692926824092865
2938,66.33911538124084,0.9470860958099365,0.0,0.0,0.8858416676521301,0.03366106003522873,0.16982625424861908,3.1136043071746826,0.036234889179468155
2939,66.3696801662445,0.9470860958099365,0.0,0.0,0.8944403529167175,0.04088396579027176,0.149163156747818,3.1048812866210938,0.03807716816663742
2940,66.38102173805237,0.9470860958099365,0.0,0.0,0.9032726287841797,0.04672735929489136,0.15892599523067474,3.099149703979492,0.040699303150177
2941,66.41143608093262,0.9470860958099365,0.0,0.0,0.9060002565383911,0.051534004509449005,0.19062845408916473,3.0967867374420166,0.04259747639298439
2942,66.42319393157959,0.9470860958099365,0.0,0.0,0.9049304127693176,0.05537974834442139,0.2092127799987793,3.0973758697509766,0.045557186007499695
2943,66.4557614326477,0.9470860958099365,0.0,0.0,0.9086617231369019,0.06505823135375977,0.15858201682567596,3.0998709201812744,0.05208846926689148
2944,66.46746301651001,0.9470860958099365,0.0,0.0,0.9207543730735779,0.08083924651145935,0.07692831009626389,3.102626323699951,0.061233628541231155
2945,66.49671053886414,0.9470860958099365,0.0,0.0,0.9311407804489136,0.10083947330713272,0.06133424490690231,3.1027138233184814,0.07128074020147324
2946,66.50882887840271,0.9470860958099365,0.0,0.0,0.9387678503990173,0.10108558088541031,0.19091495871543884,3.1031463146209717,0.07251901924610138
2947,66.54554653167725,0.9470860958099365,0.0,0.0,0.9205143451690674,0.0812772735953331,0.2031458616256714,3.106570243835449,0.07171566784381866
2948,66.56069087982178,0.9470860958099365,0.0,0.0,0.8807719349861145,0.04592374339699745,0.030633263289928436,3.1176598072052,0.07399684935808182
2949,66.59191346168518,0.9470860958099365,0.0,0.0,0.8630469441413879,0.022880060598254204,-0.03743789717555046,3.133037567138672,0.07514818012714386
2950,66.60799026489258,0.9470860958099365,0.0,0.0,0.8581733107566833,0.010445144027471542,-0.05525609105825424,-3.1382980346679688,0.07250844687223434
2951,66.63894176483154,0.9470860958099365,0.0,0.0,0.8514454960823059,-0.00128162803594023,-0.06988095492124557,-3.13112473487854,0.06829192489385605
2952,66.65095162391663,0.9470860958099365,0.0,0.0,0.8514155745506287,-0.014076318591833115,-0.0509304516017437,-3.127037286758423,0.0646977573633194
2953,66.68222188949585,0.9470860958099365,0.0,0.0,0.8583144545555115,-0.02979844994843006,-0.019444076344370842,-3.1248538494110107,0.06089591607451439
2954,66.69539737701416,0.9470860958099365,0.0,0.0,0.8718732595443726,-0.0471227690577507,-0.007064906880259514,-3.124020576477051,0.057260580360889435
2955,66.73401212692261,0.9470860958099365,0.0,0.0,0.8895745277404785,-0.06454024463891983,-0.0008769139531068504,-3.1239635944366455,0.05502120032906532
2956,66.7535834312439,0.9470860958099365,0.0,0.0,0.907332181930542,-0.08256924152374268,0.0036485157907009125,-3.122319221496582,0.05584530159831047
2957,66.78799486160278,0.9470860958099365,0.0,0.0,0.9249181151390076,-0.09905761480331421,0.07556475698947906,-3.114527940750122,0.06300921738147736
2958,66.80242586135864,0.9470860958099365,0.0,0.0,0.9330301880836487,-0.11146769672632217,-0.1354908049106598,-3.1018476486206055,0.06976331025362015
2959,66.83431935310364,0.9470860958099365,0.0,0.0,0.9088075757026672,-0.09664375334978104,-0.12242808938026428,-3.0892772674560547,0.07546062767505646
2960,66.84512710571289,0.9470860958099365,0.0,0.0,0.8844181299209595,-0.06969064474105835,0.027214165776968002,-3.086594343185425,0.07756786793470383
2961,66.87695741653442,0.9470860958099365,0.0,0.0,0.8672321438789368,-0.051750291138887405,0.0899386927485466,-3.0918631553649902,0.07266378402709961
2962,66.88945841789246,0.9470860958099365,0.0,0.0,0.8567659854888916,-0.04187038168311119,0.07253628969192505,-3.099940299987793,0.06686089187860489
2963,66.91934323310852,0.9470860958099365,0.0,0.0,0.8526201248168945,-0.03311355784535408,0.0631839781999588,-3.1079063415527344,0.0633133202791214
2964,66.93417930603027,0.9470860958099365,0.0,0.0,0.8520815968513489,-0.02287449687719345,0.07977627962827682,-3.115262508392334,0.06154125928878784
2965,66.96606540679932,0.9470860958099365,0.0,0.0,0.8566679358482361,-0.01509651355445385,0.07092557102441788,-3.120755195617676,0.059728626161813736
2966,66.97718477249146,0.9470860958099365,0.0,0.0,0.8598614931106567,-0.005724424496293068,0.07715402543544769,-3.1234488487243652,0.057347919791936874
2967,67.00714254379272,0.9470860958099365,0.0,0.0,0.8645937442779541,0.0018624942749738693,0.06433280557394028,-3.1237335205078125,0.057085469365119934
2968,67.01881074905396,0.9470860958099365,0.0,0.0,0.8766040205955505,0.013193619437515736,0.01938231848180294,-3.1218080520629883,0.06012025102972984
2969,67.0493688583374,0.6413763165473938,0.0,0.0,0.8975843787193298,0.02768825739622116,-0.026939300820231438,-3.1207785606384277,0.0654631182551384
2970,67.0600996017456,0.6413763165473938,0.0,0.0,0.9173830151557922,0.03832799941301346,0.053611308336257935,-3.121089458465576,0.07057470828294754
2971,67.09448432922363,0.6413763165473938,0.0,0.0,0.8873698711395264,0.03853321820497513,0.2292761355638504,-3.1244149208068848,0.0770740732550621
2972,67.10644459724426,0.6413763165473938,0.0,0.0,0.8300414681434631,0.01568480394780636,0.17201834917068481,-3.12428617477417,0.0789438933134079
2973,67.13485360145569,0.6413763165473938,0.0,0.0,0.7723744511604309,-0.009682812727987766,0.06380894780158997,-3.116551399230957,0.07741150259971619
2974,67.14609575271606,0.6413763165473938,0.0,0.0,0.7225981950759888,-0.027522582560777664,-0.005505402572453022,-3.1086769104003906,0.07835214585065842
2975,67.17781209945679,0.6413763165473938,0.0,0.0,0.6842246651649475,-0.04251649230718613,-0.04320397600531578,-3.1046347618103027,0.08159282803535461
2976,67.18959093093872,0.6413763165473938,0.0,0.0,0.654945433139801,-0.057409197092056274,-0.04507243260741234,-3.101651430130005,0.08495492488145828
2977,67.22291493415833,0.6413763165473938,0.0,0.0,0.630865216255188,-0.07299483567476273,0.014077311381697655,-3.09840726852417,0.08812609314918518
2978,67.2331018447876,0.6413763165473938,0.0,0.0,0.6113349795341492,-0.0875689908862114,0.04918899014592171,-3.0967888832092285,0.09176241606473923
2979,67.25915193557739,0.6413763165473938,0.0,0.0,0.5975331664085388,-0.09747260063886642,0.0666719526052475,-3.097587823867798,0.09563375264406204
2980,67.26929426193237,0.6413763165473938,0.0,0.0,0.5950766205787659,-0.11226573586463928,0.057491496205329895,-3.097594738006592,0.09948098659515381
2981,67.30471873283386,0.6413763165473938,0.0,0.0,0.5952745676040649,-0.11391446739435196,-0.012951310724020004,-3.09663724899292,0.0942460224032402
2982,67.31713914871216,0.6413763165473938,0.0,0.0,0.5688557624816895,-0.1076037585735321,0.030824437737464905,-3.093031644821167,0.09186774492263794
2983,67.34771203994751,0.6413763165473938,0.0,0.0,0.5465231537818909,-0.09267908334732056,0.0573107972741127,-3.0893261432647705,0.10066509246826172
2984,67.3592848777771,0.6413763165473938,0.0,0.0,0.538689911365509,-0.06782415509223938,0.022183217108249664,-3.088575839996338,0.11005380749702454
2985,67.39236450195312,0.6413763165473938,0.0,0.0,0.5363033413887024,-0.035663194954395294,0.09585286676883698,-3.0942392349243164,0.10984716564416885
2986,67.4075562953949,0.6413763165473938,0.0,0.0,0.5409329533576965,-0.013980106450617313,0.08571918308734894,-3.101576328277588,0.09881450980901718
2987,67.441082239151,0.6413763165473938,0.0,0.0,0.5374539494514465,0.004432855173945427,0.11764124035835266,-3.106912612915039,0.08446192741394043
2988,67.45285415649414,0.6413763165473938,0.0,0.0,0.5276165008544922,0.026447676122188568,0.1881270557641983,-3.112208366394043,0.0744345486164093
2989,67.49195551872253,0.6413763165473938,0.0,0.0,0.5268112421035767,0.044849053025245667,0.17782388627529144,-3.1181540489196777,0.06795448064804077
2990,67.50704836845398,0.6413763165473938,0.0,0.0,0.5256502628326416,0.0659777969121933,0.11495508253574371,-3.1230878829956055,0.06273601204156876
2991,67.53697323799133,0.6413763165473938,0.0,0.0,0.5016741156578064,0.1005292534828186,0.07676440477371216,-3.1285834312438965,0.05907949432730675
2992,67.55086469650269,0.6413763165473938,0.0,0.0,0.5210171937942505,0.1021919846534729,0.09475640952587128,-3.133754014968872,0.04958043619990349
2993,67.5803279876709,0.6413763165473938,0.0,0.0,0.5141947269439697,0.09929180145263672,0.13508763909339905,-3.1349494457244873,0.04451613128185272
2994,67.59403014183044,0.6413763165473938,0.0,0.0,0.5150054693222046,0.09396028518676758,0.1511370986700058,-3.1335766315460205,0.045460984110832214
2995,67.62552380561829,0.6413763165473938,0.0,0.0,0.5099015831947327,0.07205024361610413,0.11009204387664795,-3.129664659500122,0.04813744127750397
2996,67.63752698898315,0.6413763165473938,0.0,0.0,0.5087588429450989,0.04709656536579132,0.0019912272691726685,-3.1223809719085693,0.049627553671598434
2997,67.66563010215759,0.6413763165473938,0.0,0.0,0.5149214267730713,0.0328955315053463,-0.07301893830299377,-3.1171746253967285,0.04566717520356178
2998,67.67674446105957,0.6413763165473938,0.0,0.0,0.5191472768783569,0.021128006279468536,-0.07854398339986801,-3.115952730178833,0.040221743285655975
2999,67.70947003364563,0.6413763165473938,0.0,0.0,0.5266901850700378,0.004091746639460325,-0.0462794303894043,-3.116267681121826,0.037015702575445175
3000,67.72381591796875,0.6413763165473938,0.0,0.0,0.5440970659255981,-0.012588055804371834,0.008403603918850422,-3.116833448410034,0.03511528670787811
3001,67.76983499526978,0.6413763165473938,0.0,0.0,0.5672456622123718,-0.029804695397615433,0.029594622552394867,-3.1174206733703613,0.032482463866472244
3002,67.78096866607666,0.6413763165473938,0.0,0.0,0.5914044380187988,-0.04441944509744644,0.03620200231671333,-3.1175003051757812,0.02976962924003601
3003,67.80931735038757,0.6413763165473938,0.0,0.0,0.6135828495025635,-0.053659312427043915,0.047155559062957764,-3.117349863052368,0.028325945138931274
3004,67.82141304016113,0.6413763165473938,0.0,0.0,0.6213777661323547,-0.06482650339603424,0.038594216108322144,-3.1142096519470215,0.03174205496907234
3005,67.85002446174622,0.6413763165473938,0.0,0.0,0.6340193748474121,-0.07977446913719177,0.03791347146034241,-3.1055591106414795,0.040061354637145996
3006,67.8677089214325,0.6413763165473938,0.0,0.0,0.6186443567276001,-0.07369115948677063,-0.0732446238398552,-3.0968856811523438,0.043722327798604965
3007,67.90000295639038,0.6413763165473938,0.0,0.0,0.5941964983940125,-0.045512739568948746,0.01443574670702219,-3.0958173274993896,0.047005780041217804
3008,67.91533350944519,0.6413763165473938,0.0,0.0,0.5824060440063477,-0.018955063074827194,0.14930468797683716,-3.1040172576904297,0.04546570032835007
3009,67.95035529136658,0.6413763165473938,0.0,0.0,0.5797190070152283,-0.004092486575245857,0.1946665495634079,-3.11439847946167,0.042058613151311874
3010,67.96107196807861,0.6413763165473938,0.0,0.0,0.5846790671348572,0.0023985402658581734,0.15313252806663513,-3.121689796447754,0.039037592709064484
3011,67.99105215072632,0.6413763165473938,0.0,0.0,0.5868432521820068,0.010147050954401493,0.11543760448694229,-3.125865936279297,0.0358852781355381
3012,68.00268507003784,0.6413763165473938,0.0,0.0,0.5840302109718323,0.018892748281359673,0.1058930903673172,-3.129058361053467,0.03326927497982979
3013,68.03022646903992,0.6413763165473938,0.0,0.0,0.5859650373458862,0.030741620808839798,0.1159406304359436,-3.1317882537841797,0.031021244823932648
3014,68.04144167900085,0.6413763165473938,0.0,0.0,0.5920236706733704,0.0433378741145134,0.14740382134914398,-3.132518768310547,0.02710811421275139
3015,68.07481932640076,0.6413763165473938,0.0,0.0,0.5983821153640747,0.0549096055328846,0.17062701284885406,-3.130051374435425,0.023924607783555984
3016,68.08658742904663,0.6413763165473938,0.0,0.0,0.6072641015052795,0.06673354655504227,0.18668082356452942,-3.1260368824005127,0.02358095347881317
3017,68.11448287963867,0.6413763165473938,0.0,0.0,0.6145490407943726,0.07616657018661499,0.16206343472003937,-3.123380661010742,0.027545781806111336
3018,68.12711381912231,0.6413763165473938,0.0,0.0,0.6063225865364075,0.08711127191781998,0.0760309100151062,-3.126035451889038,0.03710935637354851
3019,68.1556441783905,0.6413763165473938,0.0,0.0,0.6009078621864319,0.08187450468540192,0.10750903189182281,-3.129509687423706,0.042565662413835526
3020,68.17201256752014,0.6413763165473938,0.0,0.0,0.5857974290847778,0.06464968621730804,0.2080601304769516,-3.1282167434692383,0.04866896942257881
3021,68.20337557792664,0.6413763165473938,0.0,0.0,0.5630035996437073,0.03669009730219841,0.14669422805309296,-3.120400905609131,0.05436045303940773
3022,68.21543550491333,0.6413763165473938,0.0,0.0,0.5379213094711304,0.011455250903964043,-0.028602229431271553,-3.1085495948791504,0.05731503665447235
3023,68.24951124191284,0.6413763165473938,0.0,0.0,0.5187476277351379,-0.006808162201195955,-0.08105753362178802,-3.100365161895752,0.059012748301029205
3024,68.26008248329163,0.6413763165473938,0.0,0.0,0.5062256455421448,-0.022804129868745804,-0.057140473276376724,-3.096367120742798,0.06021488457918167
3025,68.29025316238403,0.6413763165473938,0.0,0.0,0.4946514070034027,-0.04353487864136696,-0.02883857488632202,-3.0934298038482666,0.061562784016132355
3026,68.3094892501831,0.6413763165473938,0.0,0.0,0.48708993196487427,-0.06727107614278793,-0.0022302288562059402,-3.089468479156494,0.06355971097946167
3027,68.34274101257324,0.6413763165473938,0.0,0.0,0.49060189723968506,-0.08822476118803024,-0.0028046444058418274,-3.085010528564453,0.06567997485399246
3028,68.35373044013977,0.6413763165473938,0.0,0.0,0.5029019713401794,-0.10221535712480545,-0.0602937787771225,-3.081808090209961,0.0628424808382988
3029,68.38069128990173,0.6413763165473938,0.0,0.0,0.5003596544265747,-0.10598301887512207,-0.03285935893654823,-3.0781219005584717,0.06094485893845558
3030,68.39094591140747,0.6413763165473938,0.0,0.0,0.49782130122184753,-0.09352712333202362,0.01919802650809288,-3.0756406784057617,0.06764647364616394
3031,68.43409872055054,0.6413763165473938,0.0,0.0,0.5068544149398804,-0.06853858381509781,0.018669651821255684,-3.0777876377105713,0.0781235620379448
3032,68.44479703903198,0.6413763165473938,0.0,0.0,0.5286890268325806,-0.03776982054114342,0.06103980168700218,-3.0839359760284424,0.08059177547693253
3033,68.47686219215393,0.6413763165473938,0.0,0.0,0.5517624020576477,-0.013881063088774681,0.1057090237736702,-3.08986496925354,0.07030900567770004
3034,68.49140787124634,0.6413763165473938,0.0,0.0,0.5707719326019287,0.0032517211511731148,0.13417038321495056,-3.092954635620117,0.0554300993680954
3035,68.5197639465332,0.6413763165473938,0.0,0.0,0.5881181359291077,0.01778186485171318,0.1323709636926651,-3.0926589965820312,0.043066032230854034
3036,68.53564453125,0.6413763165473938,0.0,0.0,0.6064916849136353,0.03363236039876938,0.14113125205039978,-3.0901999473571777,0.03363874554634094
3037,68.56628251075745,0.6413763165473938,0.0,0.0,0.6248875856399536,0.04866465926170349,0.1713707596063614,-3.0875329971313477,0.025384962558746338
3038,68.57680177688599,0.6413763165473938,0.0,0.0,0.6410936117172241,0.06241469085216522,0.21606869995594025,-3.0848681926727295,0.018035704270005226
3039,68.61100697517395,0.6413763165473938,0.0,0.0,0.650031566619873,0.0669625923037529,0.2724379897117615,-3.084855079650879,0.0149217015132308
3040,68.62303352355957,0.6413763165473938,0.0,0.0,0.6354313492774963,0.07216199487447739,0.18951557576656342,-3.0912511348724365,0.011863083578646183
3041,68.65101337432861,0.6413763165473938,0.0,0.0,0.6090186834335327,0.05700163543224335,0.16372449696063995,-3.091921091079712,0.006324585992842913
3042,68.66347074508667,0.6413763165473938,0.0,0.0,0.5764213800430298,0.034672267735004425,-0.03193752467632294,-3.0873639583587646,0.005519820377230644
3043,68.69255352020264,0.6413763165473938,0.0,0.0,0.5533149838447571,0.022216958925127983,-0.12652049958705902,-3.082695245742798,0.0072878203354775906
3044,68.7049994468689,0.6413763165473938,0.0,0.0,0.5406966805458069,0.015334678813815117,-0.14152677357196808,-3.0817387104034424,0.012525662779808044
3045,68.74015855789185,0.6413763165473938,0.0,0.0,0.537360429763794,0.009063219651579857,-0.1342088133096695,-3.084301233291626,0.020062297582626343
3046,68.7560362815857,0.6413763165473938,0.0,0.0,0.5395060181617737,-0.0003360854461789131,-0.09851664304733276,-3.0891764163970947,0.0275115929543972
3047,68.78652834892273,0.6413763165473938,0.0,0.0,0.5487858057022095,-0.008359646424651146,-0.07654727250337601,-3.095306158065796,0.033116165548563004
3048,68.80087161064148,0.6413763165473938,0.0,0.0,0.5581789016723633,-0.020406221970915794,-0.02368469163775444,-3.102839469909668,0.03704795986413956
3049,68.83337163925171,0.6413763165473938,0.0,0.0,0.5733789801597595,-0.03366144001483917,0.031220056116580963,-3.110548734664917,0.041247572749853134
3050,68.84914231300354,0.6413763165473938,0.0,0.0,0.5926867723464966,-0.04382152482867241,0.045668747276067734,-3.115955352783203,0.04496269300580025
3051,68.88594031333923,0.6413763165473938,0.0,0.0,0.6028012633323669,-0.05571127310395241,0.07451438903808594,-3.1169068813323975,0.05086411535739899
3052,68.89668107032776,0.6413763165473938,0.0,0.0,0.6074510216712952,-0.05550109222531319,-0.044819802045822144,-3.1135966777801514,0.05887189507484436
3053,68.92796516418457,0.6413763165473938,0.0,0.0,0.5970799326896667,-0.04148407652974129,-0.11032309383153915,-3.1075711250305176,0.06696438044309616
3054,68.93987464904785,0.6413763165473938,0.0,0.0,0.5818197131156921,-0.006473433692008257,0.00038838572800159454,-3.1076834201812744,0.07115902751684189
3055,68.96976327896118,0.6413763165473938,0.0,0.0,0.5720479488372803,0.025494957342743874,0.12008167803287506,-3.1170146465301514,0.06742853671312332
3056,68.98107647895813,0.6413763165473938,0.0,0.0,0.569780170917511,0.047124963253736496,0.1918124109506607,-3.1282105445861816,0.06041828170418739
3057,69.01252603530884,0.6413763165473938,0.0,0.0,0.5699717402458191,0.062045738101005554,0.2539658546447754,-3.136415958404541,0.05586865171790123
3058,69.0249810218811,0.6413763165473938,0.0,0.0,0.567433774471283,0.07127213478088379,0.264204204082489,-3.1403698921203613,0.05407281592488289
3059,69.05381941795349,0.6413763165473938,0.0,0.0,0.5589655041694641,0.08438058197498322,0.2610274851322174,-3.1414997577667236,0.05334445461630821
3060,69.06570792198181,0.6413763165473938,0.0,0.0,0.5532439947128296,0.10368213802576065,0.22469981014728546,-3.141547679901123,0.05286421254277229
3061,69.09516382217407,0.6413763165473938,0.0,0.0,0.5478161573410034,0.12556999921798706,0.13710670173168182,-3.1406772136688232,0.053412873297929764
3062,69.10724806785583,0.6413763165473938,0.0,0.0,0.528589129447937,0.15315784513950348,0.2008322775363922,-3.141162395477295,0.05145922675728798
3063,69.13468813896179,0.6413763165473938,0.0,0.0,0.5302039384841919,0.14843079447746277,0.14505383372306824,-3.1404709815979004,0.04536561667919159
3064,69.15017127990723,0.6413763165473938,0.0,0.0,0.5109681487083435,0.13448971509933472,0.10549084842205048,-3.1411917209625244,0.0492112822830677
3065,69.17957258224487,0.6413763165473938,0.0,0.0,0.5008988976478577,0.10847935825586319,0.018969479948282242,-3.139646053314209,0.059295911341905594
3066,69.19260716438293,0.6413763165473938,0.0,0.0,0.4926798343658447,0.07533080130815506,-0.10675868391990662,-3.1330277919769287,0.06554045528173447
3067,69.22097444534302,0.6413763165473938,0.0,0.0,0.4926455616950989,0.0537298321723938,-0.13819918036460876,-3.125251531600952,0.06455787271261215
3068,69.23287034034729,0.6413763165473938,0.0,0.0,0.4897387623786926,0.0364016592502594,-0.1152723878622055,-3.1198084354400635,0.0599975623190403
3069,69.26726627349854,0.6413763165473938,0.0,0.0,0.49067598581314087,0.023032471537590027,-0.10025587677955627,-3.116835832595825,0.056137848645448685
3070,69.27877688407898,0.6413763165473938,0.0,0.0,0.4934620261192322,0.008030527271330357,-0.11043285578489304,-3.116373300552368,0.05314604565501213
3071,69.30756378173828,0.6413763165473938,0.0,0.0,0.49854013323783875,-0.012255273759365082,-0.12324058264493942,-3.116839647293091,0.05175221711397171
3072,69.3204870223999,0.6413763165473938,0.0,0.0,0.5144311785697937,-0.028149722144007683,-0.09982119500637054,-3.1175267696380615,0.05116470903158188
3073,69.3493287563324,0.6413763165473938,0.0,0.0,0.5344657897949219,-0.041675347834825516,-0.0673278197646141,-3.119457721710205,0.04956299811601639
3074,69.36350989341736,0.6413763165473938,0.0,0.0,0.5537041425704956,-0.05749934911727905,-0.05739974230527878,-3.122150421142578,0.047946952283382416
3075,69.39301133155823,0.6413763165473938,0.0,0.0,0.5730813145637512,-0.07928645610809326,-0.08996906131505966,-3.1229171752929688,0.04665857180953026
3076,69.40564060211182,0.6413763165473938,0.0,0.0,0.5974408984184265,-0.10081560164690018,-0.10209915786981583,-3.1197588443756104,0.04576176032423973
3077,69.43474984169006,0.6413763165473938,0.0,0.0,0.6150479912757874,-0.10879060626029968,-0.15134721994400024,-3.1155245304107666,0.04231063276529312
3078,69.44585180282593,0.6413763165473938,0.0,0.0,0.5990188717842102,-0.10486509650945663,-0.11216931790113449,-3.110461473464966,0.04256400465965271
3079,69.47577428817749,0.6413763165473938,0.0,0.0,0.5848951935768127,-0.08170486986637115,0.0389883928000927,-3.1074016094207764,0.04728340357542038
3080,69.4862072467804,0.6413763165473938,0.0,0.0,0.5835273265838623,-0.061076570302248,0.12277623265981674,-3.1095077991485596,0.04522847384214401
3081,69.51313900947571,0.6413763165473938,0.0,0.0,0.5886638164520264,-0.04767605662345886,0.13569150865077972,-3.1139492988586426,0.03792032226920128
3082,69.52981543540955,0.6413763165473938,0.0,0.0,0.5974761843681335,-0.035958461463451385,0.14797723293304443,-3.1190989017486572,0.03081204555928707
3083,69.56168556213379,0.6413763165473938,0.0,0.0,0.6072589159011841,-0.025409109890460968,0.14428265392780304,-3.1241817474365234,0.025462893769145012
3084,69.57629728317261,0.6413763165473938,0.0,0.0,0.614915668964386,-0.014206568710505962,0.15034209191799164,-3.1281652450561523,0.021531376987695694
3085,69.60911822319031,0.6413763165473938,0.0,0.0,0.6244589686393738,-0.005737301893532276,0.17316919565200806,-3.1298835277557373,0.018841762095689774
3086,69.62122368812561,0.6413763165473938,0.0,0.0,0.6292184591293335,0.0010537842754274607,0.19610516726970673,-3.128734827041626,0.018612470477819443
3087,69.65137004852295,0.6413763165473938,0.0,0.0,0.6358107924461365,0.007625691592693329,0.1626122146844864,-3.1266682147979736,0.022866683080792427
3088,69.66658329963684,0.6413763165473938,0.0,0.0,0.647949755191803,0.013859511353075504,0.11825177818536758,-3.125953197479248,0.031586650758981705
3089,69.69668674468994,0.6413763165473938,0.0,0.0,0.6613262891769409,0.02119338884949684,0.04647757112979889,-3.1284775733947754,0.043962378054857254
3090,69.71087741851807,0.6413763165473938,0.0,0.0,0.6732519268989563,0.030561812222003937,0.08081267029047012,-3.1341984272003174,0.05147575959563255
3091,69.74247527122498,0.6413763165473938,0.0,0.0,0.6722399592399597,0.025344662368297577,0.23934611678123474,-3.13541316986084,0.050740018486976624
3092,69.75479936599731,0.6413763165473938,0.0,0.0,0.6474505662918091,0.0043081361800432205,0.21771126985549927,-3.131962299346924,0.0518282912671566
3093,69.78357076644897,0.6413763165473938,0.0,0.0,0.6213032007217407,-0.018915390595793724,-0.012576909735798836,-3.1222376823425293,0.051925595849752426
3094,69.7945544719696,0.8471469879150391,0.0,0.0,0.5935417413711548,-0.03896331414580345,-0.12412700802087784,-3.1119637489318848,0.05083172023296356
3095,69.82846879959106,0.8471469879150391,0.0,0.0,0.5769864916801453,-0.05087919533252716,-0.10547302663326263,-3.10410213470459,0.05292028561234474
3096,69.84095597267151,0.8471469879150391,0.0,0.0,0.5665846467018127,-0.06056144833564758,-0.06946618854999542,-3.0994088649749756,0.058171894401311874
3097,69.87594866752625,0.8471469879150391,0.0,0.0,0.5623724460601807,-0.07900182902812958,0.08700686693191528,-3.0964319705963135,0.06545060127973557
3098,69.8883547782898,0.8471469879150391,0.0,0.0,0.5813849568367004,-0.07674070447683334,0.013053853064775467,-3.0943384170532227,0.06662725657224655
3099,69.92008328437805,0.8471469879150391,0.0,0.0,0.5890775322914124,-0.06655530631542206,0.042085058987140656,-3.0926411151885986,0.06698627024888992
3100,69.93418216705322,0.8471469879150391,0.0,0.0,0.6007654666900635,-0.04562988504767418,0.06824181228876114,-3.0931754112243652,0.0730806514620781
3101,69.9646508693695,0.8471469879150391,0.0,0.0,0.6239379048347473,-0.020920533686876297,0.07874937355518341,-3.09660005569458,0.08088929951190948
3102,69.97855758666992,0.8471469879150391,0.0,0.0,0.6555528044700623,0.010307320393621922,0.14318233728408813,-3.1017961502075195,0.08102672547101974
3103,70.01604080200195,0.8471469879150391,0.0,0.0,0.6924554705619812,0.03271222859621048,0.1846228986978531,-3.1073195934295654,0.06853882223367691
3104,70.03305506706238,0.8471469879150391,0.0,0.0,0.7232658267021179,0.049283336848020554,0.21500222384929657,-3.1088032722473145,0.04955979064106941
3105,70.06622672080994,0.8471469879150391,0.0,0.0,0.7476261258125305,0.06331544369459152,0.29380694031715393,-3.107135534286499,0.03251335769891739
3106,70.07922387123108,0.8471469879150391,0.0,0.0,0.769045889377594,0.0691586434841156,0.38513681292533875,-3.103523015975952,0.020877555012702942
3107,70.1188690662384,0.8471469879150391,0.0,0.0,0.7861118316650391,0.07057613134384155,0.4489010274410248,-3.0980002880096436,0.015244966372847557
3108,70.13483309745789,0.8471469879150391,0.0,0.0,0.7459580898284912,0.0852958932518959,0.3396667242050171,-3.0950937271118164,0.017177795991301537
3109,70.16889715194702,0.8471469879150391,0.0,0.0,0.7788030505180359,0.055008143186569214,0.20854461193084717,-3.0933549404144287,0.009002741426229477
3110,70.18412065505981,0.8471469879150391,0.0,0.0,0.7477071285247803,0.01811244525015354,-0.07391582429409027,-3.0847973823547363,0.0017145199235528708
3111,70.217782497406,0.8471469879150391,0.0,0.0,0.7260990738868713,-0.005736073013395071,-0.15721964836120605,-3.0772552490234375,0.0018629312980920076
3112,70.22999405860901,0.8471469879150391,0.0,0.0,0.724362313747406,-0.021001093089580536,-0.16294755041599274,-3.073713779449463,0.009523764252662659
3113,70.26491498947144,0.8471469879150391,0.0,0.0,0.7404032945632935,-0.027793454006314278,-0.1523374617099762,-3.0735981464385986,0.019069185480475426
3114,70.27642393112183,0.8471469879150391,0.0,0.0,0.7601010203361511,-0.030529800802469254,-0.1524829864501953,-3.0777711868286133,0.02484641596674919
3115,70.31784343719482,0.8471469879150391,0.0,0.0,0.7767518758773804,-0.035998206585645676,-0.11042541265487671,-3.0863099098205566,0.02773258276283741
3116,70.34283590316772,0.8471469879150391,0.0,0.0,0.7941088676452637,-0.04983630031347275,-0.03315858542919159,-3.096656084060669,0.031176092103123665
3117,70.38010287284851,0.8471469879150391,0.0,0.0,0.8170946836471558,-0.07021258771419525,-0.016054630279541016,-3.1050453186035156,0.035848475992679596
3118,70.39781856536865,0.8471469879150391,0.0,0.0,0.8457011580467224,-0.07806351035833359,-0.26688796281814575,-3.1088638305664062,0.03672277182340622
3119,70.42940735816956,0.8471469879150391,0.0,0.0,0.8333133459091187,-0.05936772748827934,-0.28479665517807007,-3.107800245285034,0.037903882563114166
3120,70.44553256034851,0.8471469879150391,0.0,0.0,0.8174995183944702,-0.007586385123431683,0.08742409944534302,-3.1133153438568115,0.042064111679792404
3121,70.47571039199829,0.8471469879150391,0.0,0.0,0.8255336284637451,0.023299120366573334,0.2507917582988739,-3.1248700618743896,0.040011752396821976
3122,70.487868309021,0.8471469879150391,0.0,0.0,0.8538137674331665,0.037536442279815674,0.25031599402427673,-3.13262939453125,0.03503860533237457
3123,70.52355027198792,0.8471469879150391,0.0,0.0,0.8811968564987183,0.049516476690769196,0.20933106541633606,-3.134660243988037,0.030627690255641937
3124,70.53561472892761,0.7906038761138916,0.0,0.0,0.8958475589752197,0.06531727313995361,0.21850040555000305,-3.1324613094329834,0.026401428505778313
3125,70.56807661056519,0.7906038761138916,0.0,0.0,0.9011223912239075,0.08217503875494003,0.28863000869750977,-3.1290676593780518,0.02180596999824047
3126,70.57879066467285,0.7906038761138916,0.0,0.0,0.8913567662239075,0.08642566204071045,0.3751658797264099,-3.129356861114502,0.020700465887784958
3127,70.60596203804016,0.7906038761138916,0.0,0.0,0.866997480392456,0.08037585765123367,0.36839038133621216,-3.136417865753174,0.033543944358825684
3128,70.61953902244568,0.7906038761138916,0.0,0.0,0.8146173357963562,0.07663079351186752,0.2841250002384186,3.13582444190979,0.04635323956608772
3129,70.64682602882385,0.7906038761138916,0.0,0.0,0.7727500796318054,0.04435017704963684,0.18966883420944214,-3.140773057937622,0.04364166781306267
3130,70.65717816352844,0.7906038761138916,0.0,0.0,0.7220235466957092,0.01768898218870163,-0.016908111050724983,-3.130664825439453,0.041420917958021164
3131,70.6903977394104,0.7906038761138916,0.0,0.0,0.6802506446838379,-0.002954326570034027,-0.07014570385217667,-3.125628709793091,0.04587993770837784
3132,70.70360374450684,0.7906038761138916,0.0,0.0,0.6572034955024719,-0.01680603250861168,-0.06261253356933594,-3.124098062515259,0.05403205007314682
3133,70.74047493934631,0.7906038761138916,0.0,0.0,0.6418589353561401,-0.029052281752228737,-0.059715189039707184,-3.1241979598999023,0.06189098581671715
3134,70.75432109832764,0.7906038761138916,0.0,0.0,0.6325635313987732,-0.03880200535058975,-0.026849206537008286,-3.1249074935913086,0.06827996671199799
3135,70.78437757492065,0.7906038761138916,0.0,0.0,0.6276912689208984,-0.049597084522247314,0.07893000543117523,-3.1251938343048096,0.07393881678581238
3136,70.79518103599548,0.7906038761138916,0.0,0.0,0.6486510038375854,-0.05854317173361778,0.02504698932170868,-3.1252124309539795,0.07424771040678024
3137,70.82483863830566,0.7906038761138916,0.0,0.0,0.6457545757293701,-0.07723133265972137,-0.053993139415979385,-3.1249091625213623,0.06680816411972046
3138,70.83706212043762,0.7906038761138916,0.0,0.0,0.6415993571281433,-0.10339619964361191,-0.19310732185840607,-3.1189980506896973,0.06843755394220352
3139,70.86960411071777,0.7906038761138916,0.0,0.0,0.650718092918396,-0.12120040506124496,-0.374393105506897,-3.1124119758605957,0.07389000803232193
3140,70.88166451454163,0.7906038761138916,0.0,0.0,0.6640649437904358,-0.11821043491363525,-0.4413214325904846,-3.1123294830322266,0.0764370709657669
3141,70.91147780418396,0.7906038761138916,0.0,0.0,0.6773661971092224,-0.11471877992153168,-0.2839183509349823,-3.1184043884277344,0.08035773783922195
3142,70.92436575889587,0.7906038761138916,0.0,0.0,0.6862757802009583,-0.10833702981472015,-0.1575782150030136,-3.124469041824341,0.08268699049949646
3143,70.95873522758484,0.7906038761138916,0.0,0.0,0.6724286079406738,-0.0853298082947731,0.06233174726366997,-3.1263186931610107,0.08814340829849243
3144,70.97277307510376,0.7906038761138916,0.0,0.0,0.664181113243103,-0.056107938289642334,0.17814645171165466,-3.1287405490875244,0.0920119360089302
3145,71.00306677818298,0.7906038761138916,0.0,0.0,0.6744637489318848,-0.033793382346630096,0.13415971398353577,-3.1314868927001953,0.08431130647659302
3146,71.01905989646912,0.7906038761138916,0.0,0.0,0.6799662709236145,-0.011040478944778442,0.13980606198310852,-3.135586977005005,0.07193174958229065
3147,71.04967737197876,0.7906038761138916,0.0,0.0,0.6800111532211304,0.011317555792629719,0.15847791731357574,-3.141580820083618,0.06297802925109863
3148,71.06045699119568,0.7906038761138916,0.0,0.0,0.6858003735542297,0.03223593160510063,0.16066670417785645,3.135441780090332,0.056727416813373566
3149,71.09166169166565,0.7906038761138916,0.0,0.0,0.6923550367355347,0.05201835557818413,0.21665732562541962,3.129692792892456,0.05116325989365578
3150,71.10735130310059,0.7906038761138916,0.0,0.0,0.6969305872917175,0.06668823957443237,0.262306809425354,3.125476598739624,0.047915104776620865
3151,71.13643002510071,0.7906038761138916,0.0,0.0,0.6998558044433594,0.07912822812795639,0.233790785074234,3.125565528869629,0.048451535403728485
3152,71.14823794364929,0.7906038761138916,0.0,0.0,0.6903530955314636,0.09392455965280533,0.13334213197231293,3.128627061843872,0.05184370279312134
3153,71.17754817008972,0.7906038761138916,0.0,0.0,0.6903389692306519,0.0918145626783371,0.2005980908870697,3.133854627609253,0.048933472484350204
3154,71.19477415084839,0.7906038761138916,0.0,0.0,0.6783391237258911,0.07941704988479614,0.2892601191997528,3.1405458450317383,0.04908185452222824
3155,71.22541356086731,0.7906038761138916,0.0,0.0,0.6549084782600403,0.04927602782845497,0.07436884194612503,-3.135260820388794,0.05409535765647888
3156,71.23993754386902,0.7906038761138916,0.0,0.0,0.6364216804504395,0.022090602666139603,-0.07474692165851593,-3.1280555725097656,0.05953202769160271
3157,71.27311158180237,0.7906038761138916,0.0,0.0,0.6293910145759583,-0.001139282714575529,-0.06847886741161346,-3.122875213623047,0.06334550678730011
3158,71.28940081596375,0.7906038761138916,0.0,0.0,0.6303219795227051,-0.02016354538500309,-0.025360357016324997,-3.1184802055358887,0.064850352704525
3159,71.32054257392883,0.7906038761138916,0.0,0.0,0.635428786277771,-0.033626358956098557,0.0038294056430459023,-3.1156868934631348,0.06428518146276474
3160,71.33294725418091,0.7906038761138916,0.0,0.0,0.6406366229057312,-0.05038268119096756,0.052302565425634384,-3.1149168014526367,0.06370753049850464
3161,71.36223983764648,0.7906038761138916,0.0,0.0,0.6509489417076111,-0.0739574134349823,0.10635008662939072,-3.113842725753784,0.06404609233140945
3162,71.37406826019287,0.7906038761138916,0.0,0.0,0.6717337369918823,-0.10389486700296402,0.08935509622097015,-3.110783576965332,0.06356960535049438
3163,71.40225481987,0.7906038761138916,0.0,0.0,0.6952248811721802,-0.13036638498306274,0.021737825125455856,-3.106443405151367,0.060006290674209595
3164,71.41778111457825,0.7906038761138916,0.0,0.0,0.7158454656600952,-0.14415481686592102,-0.029041849076747894,-3.102638006210327,0.057084787636995316
3165,71.44934368133545,0.7906038761138916,0.0,0.0,0.7114846706390381,-0.1429044008255005,0.04548608884215355,-3.101393938064575,0.05779377743601799
3166,71.46014165878296,0.7906038761138916,0.0,0.0,0.6937280297279358,-0.13677391409873962,0.0052146222442388535,-3.098881244659424,0.06604442000389099
3167,71.49276041984558,0.7906038761138916,0.0,0.0,0.6813780069351196,-0.11073130369186401,0.053802549839019775,-3.0967259407043457,0.07341901957988739
3168,71.50600242614746,0.7906038761138916,0.0,0.0,0.6802042126655579,-0.08475396782159805,0.13102568686008453,-3.0998308658599854,0.07111912220716476
3169,71.53467655181885,0.7906038761138916,0.0,0.0,0.6846825480461121,-0.06645222008228302,0.11517519503831863,-3.1049270629882812,0.06212296336889267
3170,71.54547095298767,0.7906038761138916,0.0,0.0,0.6921840310096741,-0.04731655865907669,0.12241877615451813,-3.1104025840759277,0.051589976996183395
3171,71.57799410820007,0.7906038761138916,0.0,0.0,0.6993997097015381,-0.026566049084067345,0.12602639198303223,-3.1165144443511963,0.042428191751241684
3172,71.58974075317383,0.7906038761138916,0.0,0.0,0.7068706750869751,-0.0039129238575696945,0.13010889291763306,-3.123063564300537,0.03499171882867813
3173,71.6225311756134,0.7906038761138916,0.0,0.0,0.7175571322441101,0.017237283289432526,0.1543300896883011,-3.12929630279541,0.02904479019343853
3174,71.63451337814331,0.7906038761138916,0.0,0.0,0.7283731698989868,0.0321090891957283,0.19701099395751953,-3.134164571762085,0.025100456550717354
3175,71.6640408039093,0.7906038761138916,0.0,0.0,0.7378026247024536,0.042466845363378525,0.21455617249011993,-3.137584686279297,0.025248607620596886
3176,71.67685461044312,0.7906038761138916,0.0,0.0,0.7503067255020142,0.0524255745112896,0.16400545835494995,-3.140076160430908,0.02995065599679947
3177,71.70919275283813,0.7906038761138916,0.0,0.0,0.7663060426712036,0.06611735373735428,0.09466511011123657,3.1413323879241943,0.03858305513858795
3178,71.72040891647339,0.7906038761138916,0.0,0.0,0.7681525945663452,0.08672498911619186,0.0445907786488533,3.138129711151123,0.04473250359296799
3179,71.79623222351074,0.7906038761138916,0.0,0.0,0.7755630612373352,0.08135368674993515,0.12489131093025208,3.137938976287842,0.04207856208086014
3180,71.8090169429779,0.7906038761138916,0.0,0.0,0.7418661713600159,0.06014592945575714,0.057905152440071106,-3.1411211490631104,0.04355107247829437
3181,71.84887027740479,0.7906038761138916,0.0,0.0,0.7131890654563904,0.03705992177128792,-0.04427677020430565,-3.132208824157715,0.04758744314312935
3182,71.86032319068909,0.7906038761138916,0.0,0.0,0.6952018737792969,0.019206702709197998,-0.08720903843641281,-3.1222808361053467,0.04979855567216873
3183,71.89120292663574,0.7906038761138916,0.0,0.0,0.6868278384208679,0.008499889634549618,-0.08489684015512466,-3.114574432373047,0.05159284546971321
3184,71.90603184700012,0.7906038761138916,0.0,0.0,0.6857088804244995,0.0011769337579607964,-0.07396198064088821,-3.1106905937194824,0.05267809331417084
3185,71.9356324672699,0.7906038761138916,0.0,0.0,0.689147412776947,-0.006172222085297108,-0.06648343801498413,-3.109985589981079,0.05248597264289856
3186,71.95046424865723,0.7906038761138916,0.0,0.0,0.6948610544204712,-0.018024520948529243,-0.031179893761873245,-3.111910343170166,0.05132848024368286
3187,71.98231601715088,0.7906038761138916,0.0,0.0,0.7072557806968689,-0.03019280731678009,0.008494948968291283,-3.11533260345459,0.050344318151474
3188,71.99336957931519,0.7906038761138916,0.0,0.0,0.7244243621826172,-0.04450610652565956,0.01489658560603857,-3.1186633110046387,0.04982050135731697
3189,72.02443480491638,0.7906038761138916,0.0,0.0,0.7423432469367981,-0.060900505632162094,0.007945891469717026,-3.1202030181884766,0.05029460787773132
3190,72.03713822364807,0.7906038761138916,0.0,0.0,0.7597942352294922,-0.0745232105255127,0.02032204158604145,-3.1195807456970215,0.053048256784677505
3191,72.06767106056213,0.7906038761138916,0.0,0.0,0.7897620797157288,-0.08283989131450653,-0.07379172742366791,-3.1167798042297363,0.05538683757185936
3192,72.07913851737976,0.7906038761138916,0.0,0.0,0.7757123708724976,-0.08029847592115402,-0.10583735257387161,-3.1128041744232178,0.055032361298799515
3193,72.11077451705933,0.7906038761138916,0.0,0.0,0.7488349080085754,-0.05370544642210007,0.093998484313488,-3.111132860183716,0.06071719899773598
3194,72.12462401390076,0.7906038761138916,0.0,0.0,0.7383719682693481,-0.028987085446715355,0.21282096207141876,-3.115894079208374,0.06147393211722374
3195,72.15595579147339,0.7906038761138916,0.0,0.0,0.7354413270950317,-0.013668066821992397,0.19532154500484467,-3.123608350753784,0.056665271520614624
3196,72.16778421401978,0.7906038761138916,0.0,0.0,0.7414124011993408,-0.003513392060995102,0.1355980634689331,-3.1311559677124023,0.051309045404195786
3197,72.19654560089111,0.7906038761138916,0.0,0.0,0.7421091794967651,0.00898586492985487,0.17256319522857666,-3.137559413909912,0.04627953842282295
3198,72.21697545051575,0.7906038761138916,0.0,0.0,0.7375476360321045,0.020688289776444435,0.2100021094083786,3.1402478218078613,0.0436488538980484
3199,72.24628257751465,0.7906038761138916,0.0,0.0,0.7371203303337097,0.03299584239721298,0.2263690084218979,3.1373462677001953,0.04230324923992157
3200,72.26735782623291,0.7906038761138916,0.0,0.0,0.7423368692398071,0.04084096848964691,0.24807123839855194,3.1372830867767334,0.041183724999427795
3201,72.3057816028595,0.7906038761138916,0.0,0.0,0.7434888482093811,0.049633633345365524,0.22932069003582,3.1393520832061768,0.04248175397515297
3202,72.31754660606384,0.7906038761138916,0.0,0.0,0.7455338835716248,0.059900108724832535,0.10890630632638931,-3.140645742416382,0.0505630262196064
3203,72.34562802314758,0.7906038761138916,0.0,0.0,0.7472432851791382,0.07804182916879654,0.10902570188045502,-3.1413331031799316,0.06044270470738411
3204,72.35728740692139,0.7906038761138916,0.0,0.0,0.7551339268684387,0.07596728950738907,0.17090600728988647,-3.1405882835388184,0.060445163398981094
3205,72.38570427894592,0.7906038761138916,0.0,0.0,0.7402397394180298,0.06090528890490532,0.2220824956893921,-3.138242721557617,0.06203741952776909
3206,72.39776396751404,0.7906038761138916,0.0,0.0,0.7088178396224976,0.029547637328505516,0.07176758348941803,-3.131416082382202,0.06628258526325226
3207,72.42660236358643,0.7906038761138916,0.0,0.0,0.6881994605064392,0.005434839054942131,-0.06454083323478699,-3.121119260787964,0.06870502978563309
3208,72.43836951255798,0.7906038761138916,0.0,0.0,0.6703670024871826,-0.01563847064971924,-0.08386559784412384,-3.112682819366455,0.06910909712314606
3209,72.46970272064209,0.7906038761138916,0.0,0.0,0.6575079560279846,-0.03409919515252113,-0.09094411134719849,-3.105332136154175,0.07074296474456787
3210,72.47941851615906,0.7906038761138916,0.0,0.0,0.6530848145484924,-0.046504050493240356,-0.10475978255271912,-3.1001293659210205,0.07286769896745682
3211,72.50855350494385,0.7906038761138916,0.0,0.0,0.6522507667541504,-0.058475516736507416,-0.05691661313176155,-3.0982506275177,0.07501038163900375
3212,72.52117252349854,0.7906038761138916,0.0,0.0,0.6583020091056824,-0.07836484163999557,0.07781655341386795,-3.0978779792785645,0.07869245111942291
3213,72.5514063835144,0.7906038761138916,0.0,0.0,0.6708093881607056,-0.08565137535333633,0.010566111654043198,-3.0976905822753906,0.07788100093603134
3214,72.56167840957642,0.7906038761138916,0.0,0.0,0.6706205606460571,-0.0858033299446106,-0.01576841063797474,-3.0940306186676025,0.08018630743026733
3215,72.59009313583374,0.7906038761138916,0.0,0.0,0.6735045909881592,-0.07689091563224792,-0.07370299845933914,-3.0885543823242188,0.08790411800146103
3216,72.602792263031,0.7906038761138916,0.0,0.0,0.6795851588249207,-0.04439404234290123,0.00972801260650158,-3.0863897800445557,0.09498745203018188
3217,72.63025712966919,0.7906038761138916,0.0,0.0,0.6957904696464539,-0.011681735515594482,0.09224580228328705,-3.0927460193634033,0.0926244854927063
3218,72.64145088195801,0.7906038761138916,0.0,0.0,0.719345211982727,0.008009817451238632,0.07760503143072128,-3.100585699081421,0.07855571061372757
3219,72.67975544929504,0.7906038761138916,0.0,0.0,0.7353597283363342,0.025804176926612854,0.12049724161624908,-3.104724407196045,0.0614977702498436
3220,72.6906259059906,0.7906038761138916,0.0,0.0,0.7463356852531433,0.04165874794125557,0.20384177565574646,-3.1064445972442627,0.049529582262039185
3221,72.71900510787964,0.7906038761138916,0.0,0.0,0.759842038154602,0.05214384198188782,0.25421980023384094,-3.1065707206726074,0.04193998873233795
3222,72.73522400856018,0.7906038761138916,0.0,0.0,0.7716193795204163,0.060739509761333466,0.28035393357276917,-3.1043002605438232,0.035651590675115585
3223,72.76374197006226,0.7906038761138916,0.0,0.0,0.7807880640029907,0.06916135549545288,0.284418523311615,-3.101929187774658,0.03275620564818382
3224,72.77589631080627,0.7906038761138916,0.0,0.0,0.7755556106567383,0.0871884897351265,0.17551711201667786,-3.105100631713867,0.03486413508653641
3225,72.81100153923035,0.7906038761138916,0.0,0.0,0.7820280194282532,0.08851510286331177,0.24047577381134033,-3.1090619564056396,0.027761835604906082
3226,72.82746958732605,0.7906038761138916,0.0,0.0,0.746814489364624,0.06406448781490326,0.15886801481246948,-3.10994815826416,0.022164754569530487
3227,72.85601735115051,0.7906038761138916,0.0,0.0,0.7121164202690125,0.03908843547105789,-0.11270666122436523,-3.105853319168091,0.02269153855741024
3228,72.86738443374634,0.7906038761138916,0.0,0.0,0.6874969005584717,0.02182994969189167,-0.14314569532871246,-3.1023311614990234,0.02767079509794712
3229,72.89681696891785,0.7906038761138916,0.0,0.0,0.6802219152450562,0.007332209963351488,-0.047613393515348434,-3.099519729614258,0.035386111587285995
3230,72.90847516059875,0.7906038761138916,0.0,0.0,0.6834332942962646,-0.0015662298537790775,-0.0387427881360054,-3.0976788997650146,0.04170053452253342
3231,72.9412055015564,0.7906038761138916,0.0,0.0,0.6919034719467163,-0.009850218892097473,0.014035647734999657,-3.099416494369507,0.04569406062364578
3232,72.95313358306885,0.7906038761138916,0.0,0.0,0.7044821381568909,-0.02158740721642971,0.09087646007537842,-3.1047756671905518,0.047542814165353775
3233,72.9827299118042,0.7906038761138916,0.0,0.0,0.7204076051712036,-0.037789486348629,0.10672864317893982,-3.110913038253784,0.04755980521440506
3234,72.99485850334167,0.7906038761138916,0.0,0.0,0.7356386184692383,-0.052651021629571915,0.11271104961633682,-3.1151723861694336,0.047430459409952164
3235,73.02504849433899,0.7906038761138916,0.0,0.0,0.75422203540802,-0.07672739773988724,0.08567909896373749,-3.115091562271118,0.04926493763923645
3236,73.03680300712585,0.7906038761138916,0.0,0.0,0.7825208306312561,-0.09299398213624954,-0.013752988539636135,-3.1088755130767822,0.05215340480208397
3237,73.0679681301117,0.7906038761138916,0.0,0.0,0.7804678678512573,-0.08735405653715134,-0.08354789018630981,-3.1040477752685547,0.05340099707245827
3238,73.07989168167114,0.7906038761138916,0.0,0.0,0.7500097155570984,-0.06664340198040009,0.05992802232503891,-3.104022264480591,0.05973091721534729
3239,73.11338782310486,0.7906038761138916,0.0,0.0,0.7303675413131714,-0.04128950089216232,0.17511683702468872,-3.10964298248291,0.0647682249546051
3240,73.12431383132935,0.7906038761138916,0.0,0.0,0.7252600789070129,-0.023270683363080025,0.16428808867931366,-3.1188039779663086,0.061917707324028015
3241,73.15308141708374,0.7906038761138916,0.0,0.0,0.7226709127426147,-0.008002504706382751,0.16853687167167664,-3.129037380218506,0.05705716833472252
3242,73.16353797912598,0.7906038761138916,0.0,0.0,0.7243458032608032,0.0020744688808918,0.1840626746416092,-3.138089179992676,0.05442435294389725
3243,73.19325375556946,0.7906038761138916,0.0,0.0,0.7206250429153442,0.01027266401797533,0.24094630777835846,3.1390180587768555,0.053067732602357864
3244,73.20663356781006,0.7906038761138916,0.0,0.0,0.7127541899681091,0.020693453028798103,0.25855112075805664,3.1352875232696533,0.05301420018076897
3245,73.23428153991699,0.7906038761138916,0.0,0.0,0.7120220065116882,0.03011201322078705,0.19517631828784943,3.1349844932556152,0.0534231960773468
3246,73.24667859077454,0.7906038761138916,0.0,0.0,0.7189857363700867,0.043933577835559845,0.10485545545816422,3.138153553009033,0.053755562752485275
3247,73.27717590332031,0.7906038761138916,0.0,0.0,0.7316446900367737,0.06202399358153343,0.050740502774715424,-3.1413815021514893,0.05402689799666405
3248,73.29053854942322,0.7906038761138916,0.0,0.0,0.7489855289459229,0.08157385140657425,0.046618323773145676,-3.1393535137176514,0.055069148540496826
3249,73.31915068626404,0.7906038761138916,0.0,0.0,0.7532815337181091,0.09586822986602783,0.18464376032352448,-3.139686107635498,0.05493898317217827
3250,73.33249282836914,0.7906038761138916,0.0,0.0,0.7472657561302185,0.09090247005224228,0.2361842691898346,-3.139035224914551,0.05161743238568306
3251,73.36193251609802,0.7906038761138916,0.0,0.0,0.7297571301460266,0.07376618683338165,0.21902596950531006,-3.136714458465576,0.053047966212034225
3252,73.37352180480957,0.7906038761138916,0.0,0.0,0.7010000348091125,0.04379543662071228,0.040029168128967285,-3.1303768157958984,0.056706637144088745
3253,73.40134000778198,0.7906038761138916,0.0,0.0,0.6810247898101807,0.020562561228871346,-0.06828121840953827,-3.1209397315979004,0.058676231652498245
3254,73.4124276638031,0.7906038761138916,0.0,0.0,0.6663949489593506,0.0012036103289574385,-0.09688356518745422,-3.113300085067749,0.05978274717926979
3255,73.44132614135742,0.7906038761138916,0.0,0.0,0.660689115524292,-0.012323201633989811,-0.09217870980501175,-3.10847544670105,0.06154156103730202
3256,73.45264172554016,0.7906038761138916,0.0,0.0,0.656415581703186,-0.028353706002235413,-0.07093655318021774,-3.1055474281311035,0.0637386292219162
3257,73.4830584526062,0.7906038761138916,0.0,0.0,0.6607086658477783,-0.042939748615026474,-0.04087422043085098,-3.104698657989502,0.06637081503868103
3258,73.4930534362793,0.7906038761138916,0.0,0.0,0.6700133085250854,-0.056539129465818405,-0.0028025303035974503,-3.1064491271972656,0.0682767853140831
3259,73.52188348770142,0.7906038761138916,0.0,0.0,0.6837904453277588,-0.0765804648399353,0.04493173211812973,-3.108398675918579,0.06981862336397171
3260,73.53260159492493,0.7906038761138916,0.0,0.0,0.7113089561462402,-0.09823629260063171,-0.00613900413736701,-3.1076087951660156,0.06952616572380066
3261,73.56049728393555,0.7906038761138916,0.0,0.0,0.7211173176765442,-0.10597334802150726,-0.11080040037631989,-3.1053528785705566,0.06420956552028656
3262,73.57196855545044,0.7906038761138916,0.0,0.0,0.7047384977340698,-0.0971493124961853,-0.06149529665708542,-3.1020076274871826,0.06650949269533157
3263,73.59964680671692,0.7906038761138916,0.0,0.0,0.6904215812683105,-0.0711391270160675,0.10708454996347427,-3.1017768383026123,0.07546396553516388
3264,73.60978507995605,0.7906038761138916,0.0,0.0,0.6941984295845032,-0.047973792999982834,0.13885684311389923,-3.1050667762756348,0.07731450349092484
3265,73.63830399513245,0.7906038761138916,0.0,0.0,0.7078282237052917,-0.029369637370109558,0.10034466534852982,-3.1088502407073975,0.06701497733592987
3266,73.64980602264404,0.7906038761138916,0.0,0.0,0.7154366970062256,-0.008899467065930367,0.12024363875389099,-3.1133601665496826,0.05276861786842346
3267,73.67798686027527,0.7906038761138916,0.0,0.0,0.7205132246017456,0.012516164220869541,0.17757095396518707,-3.118974447250366,0.04167444258928299
3268,73.68956422805786,0.7906038761138916,0.0,0.0,0.7275676131248474,0.03200826793909073,0.2115517407655716,-3.1245028972625732,0.03429066762328148
3269,73.71666717529297,0.7906038761138916,0.0,0.0,0.7410255074501038,0.050289496779441833,0.22160644829273224,-3.128384828567505,0.028706684708595276
3270,73.72622466087341,0.7906038761138916,0.0,0.0,0.7531688809394836,0.06449475139379501,0.2638024687767029,-3.130587577819824,0.0240909643471241
3271,73.75736212730408,0.7906038761138916,0.0,0.0,0.7616750597953796,0.07474265247583389,0.2549801468849182,-3.1319756507873535,0.023591335862874985
3272,73.76902413368225,0.7906038761138916,0.0,0.0,0.7568113803863525,0.09281028062105179,0.05455336719751358,-3.134533405303955,0.028954073786735535
3273,73.79688715934753,0.7906038761138916,0.0,0.0,0.7580939531326294,0.09687138348817825,0.09317737072706223,-3.138888120651245,0.030513843521475792
3274,73.80796575546265,0.7906038761138916,0.0,0.0,0.7395216226577759,0.08455632627010345,0.1529233753681183,-3.1400744915008545,0.03324366733431816
3275,73.83541011810303,0.7906038761138916,0.0,0.0,0.7096685171127319,0.05644511058926582,-0.01787455566227436,-3.135298252105713,0.0385369174182415
3276,73.85014152526855,0.7906038761138916,0.0,0.0,0.6895919442176819,0.0355292484164238,-0.14684347808361053,-3.1270854473114014,0.04252566769719124
3277,73.88879823684692,0.7906038761138916,0.0,0.0,0.6785552501678467,0.020656483247876167,-0.1346631795167923,-3.1205801963806152,0.045380767434835434
3278,73.90486812591553,0.7906038761138916,0.0,0.0,0.675390362739563,0.009866965934634209,-0.10348933935165405,-3.1172168254852295,0.047155097126960754
3279,73.93486881256104,0.7906038761138916,0.0,0.0,0.6761554479598999,-0.0010600192472338676,-0.0783793181180954,-3.116316795349121,0.04822734743356705
3280,73.94597434997559,0.7906038761138916,0.0,0.0,0.6823348999023438,-0.013886891305446625,-0.047017887234687805,-3.1171348094940186,0.04884221404790878
3281,73.9729118347168,0.7906038761138916,0.0,0.0,0.6935378313064575,-0.030581584200263023,-0.030628476291894913,-3.1195359230041504,0.04900422692298889
3282,73.99076437950134,0.7906038761138916,0.0,0.0,0.7108044028282166,-0.04823948070406914,-0.012794021517038345,-3.122488260269165,0.04923485219478607
3283,74.01660394668579,0.7906038761138916,0.0,0.0,0.7312339544296265,-0.06395742297172546,-0.005382533185184002,-3.1250360012054443,0.04996633902192116
3284,74.02793788909912,0.7906038761138916,0.0,0.0,0.7504975199699402,-0.07577542215585709,0.06922077387571335,-3.125412702560425,0.05360938608646393
3285,74.05773043632507,0.7906038761138916,0.0,0.0,0.7784374952316284,-0.09132084995508194,0.06240122765302658,-3.120413303375244,0.06046039238572121
3286,74.06969451904297,0.7906038761138916,0.0,0.0,0.7804703712463379,-0.10053985565900803,-0.03901214897632599,-3.110018014907837,0.06344304978847504
3287,74.09837222099304,0.7906038761138916,0.0,0.0,0.760628879070282,-0.08876007795333862,0.010281503200531006,-3.0992941856384277,0.0697711706161499
3288,74.1087634563446,0.7906038761138916,0.0,0.0,0.7381471395492554,-0.06107278913259506,0.19936737418174744,-3.098092555999756,0.0733410120010376
3289,74.14107465744019,0.7906038761138916,0.0,0.0,0.730768620967865,-0.04828331619501114,0.19937077164649963,-3.104205369949341,0.06853336095809937
3290,74.15301299095154,0.7906038761138916,0.0,0.0,0.7334480285644531,-0.042859382927417755,0.14456713199615479,-3.110973596572876,0.060065437108278275
3291,74.184894323349,0.7906038761138916,0.0,0.0,0.7335634231567383,-0.0354948416352272,0.1591862291097641,-3.116680145263672,0.051726628094911575
3292,74.19559454917908,0.7906038761138916,0.0,0.0,0.7341539263725281,-0.029348835349082947,0.2123611867427826,-3.121011257171631,0.04582856968045235
3293,74.226083278656,0.7906038761138916,0.0,0.0,0.7348781824111938,-0.02201889641582966,0.21499685943126678,-3.1232285499572754,0.04200795665383339
3294,74.24216318130493,0.7906038761138916,0.0,0.0,0.7428938150405884,-0.014016172848641872,0.2118465006351471,-3.1235616207122803,0.038585033267736435
3295,74.27245306968689,0.7906038761138916,0.0,0.0,0.7542601823806763,-0.004715221468359232,0.20677702128887177,-3.121393918991089,0.03555326163768768
3296,74.2878406047821,0.7906038761138916,0.0,0.0,0.770404577255249,0.005993269383907318,0.19706276059150696,-3.1166181564331055,0.033716194331645966
3297,74.31764936447144,0.7906038761138916,0.0,0.0,0.7870010137557983,0.0149003267288208,0.19138477742671967,-3.1114466190338135,0.03493715077638626
3298,74.33133029937744,0.7906038761138916,0.0,0.0,0.8034759163856506,0.0223955400288105,0.1731572300195694,-3.1103363037109375,0.04158128798007965
3299,74.36059784889221,0.7906038761138916,0.0,0.0,0.8094674348831177,0.03162907809019089,0.20598214864730835,-3.118133544921875,0.05300237238407135
3300,74.37692189216614,0.7906038761138916,0.0,0.0,0.8150076270103455,0.028785647824406624,0.2695218324661255,-3.1274759769439697,0.0567273274064064
3301,74.40551996231079,0.7906038761138916,0.0,0.0,0.789276659488678,0.01114446111023426,0.17063041031360626,-3.1319403648376465,0.05733504146337509
3302,74.41779828071594,0.7906038761138916,0.0,0.0,0.7522369027137756,-0.010240673087537289,-0.0028940076008439064,-3.1276676654815674,0.05784052610397339
3303,74.44705653190613,0.7906038761138916,0.0,0.0,0.7242916822433472,-0.025961533188819885,0.003926955163478851,-3.1186234951019287,0.057842615991830826
3304,74.45879197120667,0.7906038761138916,0.0,0.0,0.7044077515602112,-0.036236975342035294,-0.04344654083251953,-3.109452962875366,0.05816773325204849
3305,74.49086880683899,0.7906038761138916,0.0,0.0,0.6879306435585022,-0.044980619102716446,-0.05824493244290352,-3.1047475337982178,0.060318510979413986
3306,74.50337290763855,0.7906038761138916,0.0,0.0,0.6768112778663635,-0.05676781013607979,-0.06158101558685303,-3.1028363704681396,0.06462018191814423
3307,74.53353452682495,0.7906038761138916,0.0,0.0,0.676517128944397,-0.0678485855460167,-0.002939147874712944,-3.1030614376068115,0.06924419850111008
3308,74.54447674751282,0.7906038761138916,0.0,0.0,0.6853556036949158,-0.07702350616455078,0.07674618065357208,-3.104529619216919,0.07249778509140015
3309,74.5749204158783,0.7906038761138916,0.0,0.0,0.6957781910896301,-0.0943741574883461,0.09724142402410507,-3.10528302192688,0.07401805371046066
3310,74.59458589553833,0.7906038761138916,0.0,0.0,0.7160938382148743,-0.11256873607635498,-0.008962363936007023,-3.1043689250946045,0.07326254993677139
3311,74.62958288192749,0.7906038761138916,0.0,0.0,0.7341795563697815,-0.11927128583192825,-0.09002909064292908,-3.1038601398468018,0.06859135627746582
3312,74.6414532661438,0.7906038761138916,0.0,0.0,0.7313845157623291,-0.118685282766819,-0.12731191515922546,-3.102874994277954,0.06597404181957245
3313,74.6722960472107,0.7906038761138916,0.0,0.0,0.7143714427947998,-0.10117141902446747,-0.06419849395751953,-3.1001858711242676,0.07374821603298187
3314,74.68877935409546,0.7906038761138916,0.0,0.0,0.7100827693939209,-0.07288143038749695,-0.05649654567241669,-3.1013522148132324,0.0825321152806282
3315,74.71663975715637,0.7906038761138916,0.0,0.0,0.712116003036499,-0.03701360896229744,0.04523918405175209,-3.108668088912964,0.07946724444627762
3316,74.72946739196777,0.7906038761138916,0.0,0.0,0.7205696105957031,-0.008642245084047318,0.12239551544189453,-3.1191699504852295,0.06772935390472412
3317,74.7663803100586,0.7906038761138916,0.0,0.0,0.7287418246269226,0.013302133418619633,0.16529440879821777,-3.1279523372650146,0.05577540770173073
3318,74.77670550346375,0.7906038761138916,0.0,0.0,0.7350249886512756,0.035976845771074295,0.19814124703407288,-3.134211540222168,0.04685507342219353
3319,74.80805087089539,0.7906038761138916,0.0,0.0,0.741766631603241,0.056852053850889206,0.2235090732574463,-3.139244318008423,0.03985968232154846
3320,74.82183194160461,0.7906038761138916,0.0,0.0,0.7495719790458679,0.07748772948980331,0.2471858710050583,3.140641927719116,0.03419724851846695
3321,74.85426211357117,0.7906038761138916,0.0,0.0,0.7540501952171326,0.09465736150741577,0.27839264273643494,3.1380021572113037,0.030709683895111084
3322,74.86871147155762,0.7906038761138916,0.0,0.0,0.7143189907073975,0.11784904450178146,0.04964176192879677,3.132383346557617,0.034237220883369446
3323,74.89675521850586,0.7906038761138916,0.0,0.0,0.7098758220672607,0.1061088815331459,0.12449521571397781,3.1266212463378906,0.037452735006809235
3324,74.91279006004333,0.7906038761138916,0.0,0.0,0.6843782067298889,0.08285907655954361,0.19157718122005463,3.130469799041748,0.04387923702597618
3325,74.94206595420837,0.7906038761138916,0.0,0.0,0.6587657928466797,0.05113286152482033,0.05198339372873306,-3.1408615112304688,0.0508388988673687
3326,74.95562696456909,0.7906038761138916,0.0,0.0,0.6441149711608887,0.030400214716792107,-0.09108027815818787,-3.129110813140869,0.05374443531036377
3327,74.9855887889862,0.7906038761138916,0.0,0.0,0.6349905729293823,0.017800569534301758,-0.15179747343063354,-3.12385892868042,0.053297799080610275
3328,74.99634885787964,0.7906038761138916,0.0,0.0,0.6270242929458618,0.0040917485021054745,-0.111016646027565,-3.1227951049804688,0.05307822674512863
3329,75.0268862247467,0.7906038761138916,0.0,0.0,0.6235430836677551,-0.01026731263846159,-0.11449973285198212,-3.122292995452881,0.05461391434073448
3330,75.03864073753357,0.7906038761138916,0.0,0.0,0.6296314001083374,-0.025063199922442436,-0.05382919684052467,-3.1224498748779297,0.05699506029486656
3331,75.06951093673706,0.7906038761138916,0.0,0.0,0.6441737413406372,-0.0382569283246994,0.03196730837225914,-3.122767686843872,0.05788787454366684
3332,75.08003282546997,0.7906038761138916,0.0,0.0,0.6622313857078552,-0.051300741732120514,0.040203459560871124,-3.124030828475952,0.05648981034755707
3333,75.10670018196106,0.7906038761138916,0.0,0.0,0.6796540021896362,-0.06599919497966766,0.03566591069102287,-3.124980926513672,0.05441775545477867
3334,75.11696362495422,0.9116485714912415,0.0,0.0,0.6953875422477722,-0.08780062198638916,0.010391154326498508,-3.1239383220672607,0.053638968616724014
3335,75.14315867424011,0.9116485714912415,0.0,0.0,0.719063401222229,-0.10664599388837814,-0.010972393676638603,-3.1212515830993652,0.05559884011745453
3336,75.15472745895386,0.9116485714912415,0.0,0.0,0.7533085346221924,-0.11785761266946793,-0.04035010188817978,-3.1186537742614746,0.05754365026950836
3337,75.1848452091217,0.9116485714912415,0.0,0.0,0.7605413794517517,-0.12358894944190979,-0.12249171733856201,-3.1151697635650635,0.059958312660455704
3338,75.19607973098755,0.9116485714912415,0.0,0.0,0.746374249458313,-0.10916809737682343,-0.12579214572906494,-3.1107280254364014,0.06995772570371628
3339,75.2292799949646,0.9116485714912415,0.0,0.0,0.7347766160964966,-0.0730842724442482,0.07159055769443512,-3.1131269931793213,0.07879260927438736
3340,75.24019408226013,0.9116485714912415,0.0,0.0,0.7375297546386719,-0.05065234750509262,0.09868253022432327,-3.1207540035247803,0.07633497565984726
3341,75.26825761795044,0.9116485714912415,0.0,0.0,0.7459151148796082,-0.03386719897389412,0.07783523201942444,-3.127591609954834,0.06637711822986603
3342,75.27866172790527,0.9116485714912415,0.0,0.0,0.7563055157661438,-0.016145410016179085,0.09954702109098434,-3.1334476470947266,0.05660056695342064
3343,75.31083822250366,0.9116485714912415,0.0,0.0,0.7668154835700989,0.00014612486120313406,0.14525799453258514,-3.138763427734375,0.0504334382712841
3344,75.32343292236328,0.9116485714912415,0.0,0.0,0.7789005637168884,0.015409581363201141,0.17942579090595245,3.1410012245178223,0.04697981849312782
3345,75.3604474067688,0.9116485714912415,0.0,0.0,0.7950903177261353,0.03034309484064579,0.1923273205757141,3.1406867504119873,0.04425782710313797
3346,75.37588262557983,0.9116485714912415,0.0,0.0,0.8180361390113831,0.046579789370298386,0.18856143951416016,-3.1397478580474854,0.04140770807862282
3347,75.40426278114319,0.9116485714912415,0.0,0.0,0.8414608240127563,0.06266487389802933,0.14592474699020386,-3.1349892616271973,0.03824130818247795
3348,75.41574192047119,0.9116485714912415,0.0,0.0,0.8674088716506958,0.08367745578289032,0.11476165056228638,-3.1290810108184814,0.03635126352310181
3349,75.44435811042786,0.9116485714912415,0.0,0.0,0.888201892375946,0.10019809752702713,0.10557664930820465,-3.1256277561187744,0.03703600913286209
3350,75.45573997497559,0.9116485714912415,0.0,0.0,0.8871665000915527,0.11233733594417572,0.20963409543037415,-3.128638982772827,0.03718823567032814
3351,75.484708070755,0.9116485714912415,0.0,0.0,0.8689229488372803,0.09143541753292084,0.2237473577260971,-3.1280648708343506,0.031608376652002335
3352,75.49981570243835,0.9116485714912415,0.0,0.0,0.8266321420669556,0.05605071410536766,0.0038600508123636246,-3.120314121246338,0.03027176856994629
3353,75.52780413627625,0.9116485714912415,0.0,0.0,0.8000239133834839,0.03265835717320442,-0.11083442717790604,-3.110607147216797,0.032717134803533554
3354,75.53982138633728,0.9116485714912415,0.0,0.0,0.7889456152915955,0.017731914296746254,-0.14220689237117767,-3.104008197784424,0.03790997713804245
3355,75.56766319274902,0.9116485714912415,0.0,0.0,0.788159191608429,0.0066837649792432785,-0.13329443335533142,-3.1012725830078125,0.04409413784742355
3356,75.57914066314697,0.9116485714912415,0.0,0.0,0.7951361536979675,-0.004386621993035078,-0.11742085218429565,-3.1015334129333496,0.04941030591726303
3357,75.60912895202637,0.9116485714912415,0.0,0.0,0.8077231645584106,-0.015594178810715675,-0.0671059638261795,-3.104341983795166,0.0528157576918602
3358,75.62046027183533,0.9116485714912415,0.0,0.0,0.8266635537147522,-0.02844182215631008,0.011424606665968895,-3.110123872756958,0.05509018525481224
3359,75.6514298915863,0.9116485714912415,0.0,0.0,0.8481528162956238,-0.0425395742058754,0.056170474737882614,-3.116175413131714,0.05728263780474663
3360,75.66294240951538,0.9116485714912415,0.0,0.0,0.8680270314216614,-0.059847183525562286,0.07460720837116241,-3.1174979209899902,0.061753854155540466
3361,75.69455003738403,0.9116485714912415,0.0,0.0,0.8861874341964722,-0.07576295733451843,-0.02707902155816555,-3.1118013858795166,0.0691407322883606
3362,75.7067768573761,0.9116485714912415,0.0,0.0,0.8732051849365234,-0.07486003637313843,-0.19186410307884216,-3.1044535636901855,0.07237909734249115
3363,75.73546528816223,0.9116485714912415,0.0,0.0,0.8421527743339539,-0.04061014577746391,0.04309740290045738,-3.1029672622680664,0.07559900730848312
3364,75.74950456619263,0.9116485714912415,0.0,0.0,0.8296735286712646,-0.018541906028985977,0.14137516915798187,-3.110419511795044,0.07358255237340927
3365,75.77879762649536,0.9116485714912415,0.0,0.0,0.8314951658248901,-0.008717939257621765,0.07391263544559479,-3.11944317817688,0.06772522628307343
3366,75.79299426078796,0.9116485714912415,0.0,0.0,0.8335531949996948,0.00321144494228065,0.11485987901687622,-3.1285126209259033,0.06198201701045036
3367,75.82757711410522,0.9116485714912415,0.0,0.0,0.8358462452888489,0.008075469173491001,0.14234907925128937,-3.1355042457580566,0.05918312072753906
3368,75.83904314041138,0.9116485714912415,0.0,0.0,0.8372422456741333,0.015261808410286903,0.15069396793842316,-3.1377100944519043,0.057685866951942444
3369,75.87122297286987,0.9116485714912415,0.0,0.0,0.8435925841331482,0.027619527652859688,0.11663345247507095,-3.136934995651245,0.055832818150520325
3370,75.8811571598053,0.9116485714912415,0.0,0.0,0.854131817817688,0.04099570959806442,0.08555224537849426,-3.1350831985473633,0.053317517042160034
3371,75.91317868232727,0.9116485714912415,0.0,0.0,0.8675392270088196,0.05517439544200897,0.08076900243759155,-3.133453607559204,0.05249641090631485
3372,75.92513370513916,0.9116485714912415,0.0,0.0,0.8796969056129456,0.06723799556493759,0.08106245845556259,-3.1325793266296387,0.05497054383158684
3373,75.95501971244812,0.9116485714912415,0.0,0.0,0.8887746930122375,0.07863640785217285,0.06485201418399811,-3.135169744491577,0.06343446671962738
3374,75.96641802787781,0.9116485714912415,0.0,0.0,0.8839461207389832,0.09495621919631958,0.1542057991027832,3.1363539695739746,0.0755295380949974
3375,75.99453926086426,0.9116485714912415,0.0,0.0,0.8745296597480774,0.0829249769449234,0.27655893564224243,3.1293351650238037,0.07739417254924774
3376,76.00617599487305,0.9116485714912415,0.0,0.0,0.836104154586792,0.058534085750579834,0.06119285523891449,3.132270336151123,0.07803960889577866
3377,76.04033255577087,0.9116485714912415,0.0,0.0,0.8009182810783386,0.039861444383859634,0.026756662875413895,3.140564441680908,0.0783805251121521
3378,76.0526192188263,0.9116485714912415,0.0,0.0,0.7779144644737244,0.027305468916893005,0.016036342829465866,-3.134437084197998,0.07780912518501282
3379,76.08492588996887,0.9116485714912415,0.0,0.0,0.7609033584594727,0.020297212526202202,-0.06047385185956955,-3.130161762237549,0.07679875940084457
3380,76.09767842292786,0.9116485714912415,0.0,0.0,0.748991072177887,0.015699297189712524,-0.0994105339050293,-3.1305975914001465,0.07625743746757507
3381,76.12989783287048,0.9116485714912415,0.0,0.0,0.7394310832023621,0.002167186699807644,-0.0032728854566812515,-3.1337430477142334,0.0768551155924797
3382,76.14283037185669,0.9116485714912415,0.0,0.0,0.7437373399734497,-0.010525776073336601,0.031094910576939583,-3.136096477508545,0.07709748297929764
3383,76.17112231254578,0.9116485714912415,0.0,0.0,0.7555981874465942,-0.02521929331123829,0.10395621508359909,-3.13751482963562,0.07501231133937836
3384,76.18305897712708,0.9116485714912415,0.0,0.0,0.7753827571868896,-0.04351925477385521,0.10402613133192062,-3.137547492980957,0.07114151865243912
3385,76.2136664390564,0.9116485714912415,0.0,0.0,0.798453688621521,-0.05922599881887436,0.11019160598516464,-3.136850357055664,0.06664346158504486
3386,76.22389650344849,0.9116485714912415,0.0,0.0,0.8245989680290222,-0.0768127366900444,0.12237878143787384,-3.135242223739624,0.06365255266427994
3387,76.25519514083862,0.9116485714912415,0.0,0.0,0.8506743311882019,-0.09390358626842499,0.13605821132659912,-3.1310172080993652,0.06354925036430359
3388,76.26681160926819,0.9116485714912415,0.0,0.0,0.8776753544807434,-0.09961424022912979,0.034986015409231186,-3.1249115467071533,0.06541527062654495
3389,76.30336141586304,0.9116485714912415,0.0,0.0,0.8700805306434631,-0.10169453173875809,-0.11051087826490402,-3.1186742782592773,0.06679657846689224
3390,76.31333947181702,0.9116485714912415,0.0,0.0,0.8454338908195496,-0.07887763530015945,-0.06692006438970566,-3.1130423545837402,0.07362070679664612
3391,76.34359788894653,0.9116485714912415,0.0,0.0,0.8312554955482483,-0.0440523736178875,0.08305323123931885,-3.116776466369629,0.07503123581409454
3392,76.35476541519165,0.9116485714912415,0.0,0.0,0.8316054940223694,-0.023151714354753494,0.08726572245359421,-3.12638258934021,0.06753791868686676
3393,76.3816146850586,0.9116485714912415,0.0,0.0,0.8359255194664001,-0.006172169931232929,0.060746509581804276,-3.1361355781555176,0.057775381952524185
3394,76.3925154209137,0.9116485714912415,0.0,0.0,0.8414782285690308,0.01217704452574253,0.12585297226905823,3.1380224227905273,0.04959318786859512
3395,76.42370510101318,0.9116485714912415,0.0,0.0,0.8466894626617432,0.026480311527848244,0.2468568980693817,3.131211519241333,0.04438485950231552
3396,76.43550968170166,0.9116485714912415,0.0,0.0,0.8508729338645935,0.03660621866583824,0.3093856871128082,3.1296310424804688,0.04135271906852722
3397,76.46857595443726,0.9116485714912415,0.0,0.0,0.8614720106124878,0.04899997636675835,0.2830325961112976,3.1341004371643066,0.038629285991191864
3398,76.48264455795288,0.9116485714912415,0.0,0.0,0.8699834942817688,0.06635688990354538,0.22602269053459167,3.1400554180145264,0.036712873727083206
3399,76.51224088668823,0.9116485714912415,0.0,0.0,0.8764263987541199,0.083394356071949,0.15174292027950287,3.1414361000061035,0.04114248976111412
3400,76.52417063713074,0.9116485714912415,0.0,0.0,0.8681651949882507,0.09692386537790298,0.20873406529426575,3.137071132659912,0.045002348721027374
3401,76.55217242240906,0.9116485714912415,0.0,0.0,0.8510094881057739,0.07642244547605515,0.21921581029891968,3.1389782428741455,0.04197888448834419
3402,76.5692503452301,0.9116485714912415,0.0,0.0,0.8100186586380005,0.039404671639204025,0.067045658826828,-3.136235475540161,0.04399117827415466
3403,76.60093474388123,0.9116485714912415,0.0,0.0,0.7827118635177612,0.008367817848920822,-0.046277958899736404,-3.124291181564331,0.048443544656038284
3404,76.61261916160583,0.43995368480682373,0.0,0.0,0.7698132395744324,-0.011412282474339008,-0.13834765553474426,-3.1145970821380615,0.05184244364500046
3405,76.64229583740234,0.43995368480682373,0.0,0.0,0.7653414607048035,-0.03256016969680786,-0.20045004785060883,-3.108941078186035,0.052664875984191895
3406,76.65374541282654,0.43995368480682373,0.0,0.0,0.7650796175003052,-0.04790114983916283,-0.2340790182352066,-3.105062246322632,0.048635710030794144
3407,76.68312191963196,0.43995368480682373,0.0,0.0,0.7555926442146301,-0.0559486448764801,-0.26717445254325867,-3.1046159267425537,0.04450778290629387
3408,76.69343566894531,0.43995368480682373,0.0,0.0,0.7395811080932617,-0.06340441852807999,-0.2259865701198578,-3.1070849895477295,0.04812142625451088
3409,76.72216463088989,0.43995368480682373,0.0,0.0,0.7213537096977234,-0.07272296398878098,-0.026484526693820953,-3.1057538986206055,0.06594377011060715
3410,76.7336049079895,0.43995368480682373,0.0,0.0,0.694598376750946,-0.06268585473299026,-0.17641617357730865,-3.101752281188965,0.08393387496471405
3411,76.76140284538269,0.43995368480682373,0.0,0.0,0.6494076251983643,-0.029508253559470177,-0.18571941554546356,-3.0998244285583496,0.08957000076770782
3412,76.77289748191833,0.43995368480682373,0.0,0.0,0.6012739539146423,0.0037463579792529345,-0.02352263033390045,-3.1045994758605957,0.08788298815488815
3413,76.80131816864014,0.43995368480682373,0.0,0.0,0.5628228783607483,0.02190857008099556,0.07825721800327301,-3.1102774143218994,0.08872594684362411
3414,76.81150031089783,0.43995368480682373,0.0,0.0,0.53179931640625,0.03382517024874687,0.0872192531824112,-3.113323450088501,0.09232655167579651
3415,76.8409104347229,0.43995368480682373,0.0,0.0,0.5042200684547424,0.04171089082956314,0.03506455197930336,-3.1141138076782227,0.09414549171924591
3416,76.85217070579529,0.43995368480682373,0.0,0.0,0.47007396817207336,0.05241212993860245,-0.015061594545841217,-3.1146838665008545,0.09484663605690002
3417,76.87992429733276,0.43995368480682373,0.0,0.0,0.4326864778995514,0.062407154589891434,-0.04045582935214043,-3.116544723510742,0.0982326939702034
3418,76.89171528816223,0.43995368480682373,0.0,0.0,0.40393710136413574,0.07306979596614838,0.003734523430466652,-3.1184334754943848,0.1057056188583374
3419,76.91903901100159,0.43995368480682373,0.0,0.0,0.3675960898399353,0.07102598994970322,0.06276202201843262,-3.119407892227173,0.108978271484375
3420,76.92881274223328,0.43995368480682373,0.0,0.0,0.3511672019958496,0.04724756255745888,0.11810290813446045,-3.1116437911987305,0.10594359785318375
3421,76.95984864234924,0.43995368480682373,0.0,0.0,0.33646291494369507,0.023274531587958336,0.11671671271324158,-3.1008458137512207,0.10380946099758148
3422,76.97246217727661,0.43995368480682373,0.0,0.0,0.3280711770057678,0.003777674864977598,0.09956026077270508,-3.0916028022766113,0.1010361835360527
3423,77.00209999084473,0.43995368480682373,0.0,0.0,0.3186403214931488,-0.014132395386695862,0.06279710680246353,-3.085094451904297,0.09629496186971664
3424,77.0131950378418,0.43995368480682373,0.0,0.0,0.30282989144325256,-0.02915061265230179,0.08269602805376053,-3.0797176361083984,0.09314301609992981
3425,77.04317831993103,0.43995368480682373,0.0,0.0,0.29300087690353394,-0.04058970510959625,0.09280462563037872,-3.0735249519348145,0.09355068951845169
3426,77.05467486381531,0.43995368480682373,0.0,0.0,0.2835996150970459,-0.047527965158224106,0.07974538207054138,-3.0669920444488525,0.09499569982290268
3427,77.08299469947815,0.43995368480682373,0.0,0.0,0.2788771092891693,-0.04617905616760254,0.06029496341943741,-3.0613348484039307,0.09815628826618195
3428,77.09905433654785,0.43995368480682373,0.0,0.0,0.2775145471096039,-0.03575504571199417,0.045991200953722,-3.058541774749756,0.10040198266506195
3429,77.12695336341858,0.43995368480682373,0.0,0.0,0.27646902203559875,-0.024077529087662697,0.05868370085954666,-3.0593676567077637,0.09967579692602158
3430,77.13837313652039,0.43995368480682373,0.0,0.0,0.277763307094574,-0.014733035117387772,0.016371268779039383,-3.060302257537842,0.09545989334583282
3431,77.16522264480591,0.43995368480682373,0.0,0.0,0.2782413065433502,-0.006887440104037523,-0.0147238252684474,-3.059746503829956,0.08845055848360062
3432,77.177494764328,0.43995368480682373,0.0,0.0,0.2852539122104645,0.009003130719065666,0.00708659365773201,-3.059109687805176,0.07939665019512177
3433,77.20630860328674,0.43995368480682373,0.0,0.0,0.298533171415329,0.029976896941661835,0.07417993992567062,-3.0607242584228516,0.06742434948682785
3434,77.22006893157959,0.43995368480682373,0.0,0.0,0.3141152858734131,0.05355316400527954,0.12440423667430878,-3.064791440963745,0.054145053029060364
3435,77.24826002120972,0.43995368480682373,0.0,0.0,0.32778435945510864,0.07453533262014389,0.17285552620887756,-3.070462942123413,0.04046664759516716
3436,77.25864171981812,0.43995368480682373,0.0,0.0,0.3423415422439575,0.08720970898866653,0.21282121539115906,-3.07607102394104,0.02658403106033802
3437,77.29644012451172,0.43995368480682373,0.0,0.0,0.3557545840740204,0.08619479835033417,0.21731367707252502,-3.0790762901306152,0.011636395007371902
3438,77.31117177009583,0.43995368480682373,0.0,0.0,0.36105048656463623,0.07237126678228378,0.2088397741317749,-3.080171823501587,0.0023335146252065897
3439,77.41039752960205,0.43995368480682373,0.0,0.0,0.3634573817253113,0.04001961275935173,0.11143727600574493,-3.0790090560913086,0.000739622802939266
3440,77.42395877838135,0.43995368480682373,0.0,0.0,0.36760374903678894,-0.0004988104337826371,-0.06510265171527863,-3.0739097595214844,0.0024355852510780096
3441,77.4541585445404,0.43995368480682373,0.0,0.0,0.3835369050502777,-0.025475794449448586,-0.1306435763835907,-3.0696630477905273,0.003247875953093171
3442,77.46795272827148,0.43995368480682373,0.0,0.0,0.4011366069316864,-0.04640469327569008,-0.08639083802700043,-3.0688154697418213,0.004298035055398941
3443,77.49574208259583,0.43995368480682373,0.0,0.0,0.4211413860321045,-0.06762664020061493,-0.021596580743789673,-3.069889545440674,0.007287620101124048
3444,77.50951099395752,0.43995368480682373,0.0,0.0,0.4333992898464203,-0.08901204913854599,0.11217811703681946,-3.0692436695098877,0.01421615295112133
3445,77.53950548171997,0.43995368480682373,0.0,0.0,0.44769299030303955,-0.09788165241479874,0.022658878937363625,-3.0648884773254395,0.020236438140273094
3446,77.55368447303772,0.43995368480682373,0.0,0.0,0.4383092224597931,-0.08849244564771652,-0.028527576476335526,-3.057476758956909,0.024720853194594383
3447,77.58129715919495,0.43995368480682373,0.0,0.0,0.4279213547706604,-0.060548845678567886,0.08771780878305435,-3.05683970451355,0.027856234461069107
3448,77.59358882904053,0.43995368480682373,0.0,0.0,0.427934855222702,-0.040037378668785095,0.14522972702980042,-3.062588691711426,0.024838441982865334
3449,77.62771987915039,0.43995368480682373,0.0,0.0,0.4334765076637268,-0.025990726426243782,0.14390838146209717,-3.0690572261810303,0.018027694895863533
3450,77.641033411026,0.43995368480682373,0.0,0.0,0.4398207664489746,-0.013639061711728573,0.15467104315757751,-3.0753180980682373,0.011605369858443737
3451,77.67280077934265,0.43995368480682373,0.0,0.0,0.44211363792419434,-0.0010818641167134047,0.16836774349212646,-3.0809824466705322,0.006989469286054373
3452,77.69032883644104,0.43995368480682373,0.0,0.0,0.4416639506816864,0.012084231711924076,0.16255277395248413,-3.085127115249634,0.003997202031314373
3453,77.72140979766846,0.43995368480682373,0.0,0.0,0.4429202973842621,0.024558328092098236,0.19425132870674133,-3.0896074771881104,0.002935459604486823
3454,77.73344159126282,0.43995368480682373,0.0,0.0,0.44335564970970154,0.032738201320171356,0.19592687487602234,-3.0953218936920166,0.00411535007879138
3455,77.76120591163635,0.43995368480682373,0.0,0.0,0.44443100690841675,0.03729793429374695,0.18361489474773407,-3.1010587215423584,0.009439468383789062
3456,77.77257418632507,0.43995368480682373,0.0,0.0,0.4203678369522095,0.04936542734503746,-0.011456895619630814,-3.1085615158081055,0.020622320473194122
3457,77.80011582374573,0.43995368480682373,0.0,0.0,0.43295854330062866,0.04288395866751671,-0.006100500002503395,-3.115025281906128,0.027098795399069786
3458,77.81041669845581,0.43995368480682373,0.0,0.0,0.42357686161994934,0.03602053225040436,0.10583357512950897,-3.1174681186676025,0.032055534422397614
3459,77.84070634841919,0.43995368480682373,0.0,0.0,0.4091731011867523,0.020876644179224968,0.2027101367712021,-3.1153857707977295,0.03769022971391678
3460,77.85604333877563,0.43995368480682373,0.0,0.0,0.3881460428237915,-0.0029244599863886833,0.10591041296720505,-3.10825252532959,0.04181959852576256
3461,77.88439965248108,0.43995368480682373,0.0,0.0,0.36931654810905457,-0.02411497011780739,-0.03708516061306,-3.0982232093811035,0.043032459914684296
3462,77.89493656158447,0.43995368480682373,0.0,0.0,0.3503621220588684,-0.04177378863096237,-0.06936655938625336,-3.0895631313323975,0.04347876086831093
3463,77.92338132858276,0.43995368480682373,0.0,0.0,0.33592554926872253,-0.055892039090394974,-0.06712259352207184,-3.08343243598938,0.04653474688529968
3464,77.93534898757935,0.43995368480682373,0.0,0.0,0.3231641352176666,-0.07165172696113586,-0.0483587346971035,-3.0795979499816895,0.051939547061920166
3465,77.96373224258423,0.43995368480682373,0.0,0.0,0.3170715570449829,-0.09364792704582214,0.126154825091362,-3.075446128845215,0.05948653444647789
3466,77.98029160499573,0.43995368480682373,0.0,0.0,0.32301127910614014,-0.09237901866436005,0.04266878589987755,-3.0706024169921875,0.061230238527059555
3467,78.01258587837219,0.43995368480682373,0.0,0.0,0.32040369510650635,-0.0805404931306839,0.01854783110320568,-3.0673913955688477,0.06166854500770569
3468,78.0245099067688,0.43995368480682373,0.0,0.0,0.3143393397331238,-0.06095483526587486,0.010102800093591213,-3.0686593055725098,0.06519456207752228
3469,78.05185508728027,0.43995368480682373,0.0,0.0,0.31340813636779785,-0.03754720464348793,0.031084753572940826,-3.0732433795928955,0.0714493915438652
3470,78.06138515472412,0.43995368480682373,0.0,0.0,0.32082855701446533,-0.016606708988547325,0.032501623034477234,-3.0788204669952393,0.07374194264411926
3471,78.09036064147949,0.43995368480682373,0.0,0.0,0.3302757740020752,0.0017775970045477152,0.08656235039234161,-3.082176446914673,0.06900838762521744
3472,78.10144472122192,0.43995368480682373,0.0,0.0,0.33950603008270264,0.01771225593984127,0.10542032122612,-3.082636594772339,0.060991495847702026
3473,78.12912607192993,0.43995368480682373,0.0,0.0,0.3462691605091095,0.03470800817012787,0.0825544148683548,-3.08164119720459,0.05205816775560379
3474,78.14101266860962,0.43995368480682373,0.0,0.0,0.3510200083255768,0.05763755366206169,0.0677090436220169,-3.0821356773376465,0.045078687369823456
3475,78.16884016990662,0.43995368480682373,0.0,0.0,0.3623572885990143,0.08304470777511597,0.03139014542102814,-3.0843799114227295,0.04005763679742813
3476,78.17944717407227,0.43995368480682373,0.0,0.0,0.37435242533683777,0.1138591319322586,0.10055965930223465,-3.0881059169769287,0.0348021499812603
3477,78.20819759368896,0.43995368480682373,0.0,0.0,0.3906034529209137,0.13386790454387665,0.19867220520973206,-3.0918872356414795,0.024830199778079987
3478,78.2240297794342,0.43995368480682373,0.0,0.0,0.3903958201408386,0.13800667226314545,0.26841068267822266,-3.0938234329223633,0.012794287875294685
3479,78.25453996658325,0.43995368480682373,0.0,0.0,0.3747560977935791,0.12296179682016373,0.22729644179344177,-3.0955281257629395,0.009226588532328606
3480,78.26591205596924,0.43995368480682373,0.0,0.0,0.35610291361808777,0.09366373717784882,0.029287703335285187,-3.095325469970703,0.012622257694602013
3481,78.29965734481812,0.43995368480682373,0.0,0.0,0.34419485926628113,0.06802848726511002,-0.045238569378852844,-3.093118190765381,0.017873935401439667
3482,78.31029796600342,0.43995368480682373,0.0,0.0,0.34123823046684265,0.050217412412166595,-0.061937443912029266,-3.09153413772583,0.023470347747206688
3483,78.34210348129272,0.43995368480682373,0.0,0.0,0.34396031498908997,0.03720977529883385,-0.024073626846075058,-3.092177391052246,0.02869703620672226
3484,78.35322833061218,0.43995368480682373,0.0,0.0,0.34982553124427795,0.025497235357761383,0.04608753323554993,-3.0945959091186523,0.03303401544690132
3485,78.3799192905426,0.43995368480682373,0.0,0.0,0.3574661612510681,0.00948684848845005,0.07250186800956726,-3.097214698791504,0.03616306930780411
3486,78.40294480323792,0.43995368480682373,0.0,0.0,0.36655136942863464,-0.006470554042607546,0.08551108837127686,-3.098088026046753,0.03782200813293457
3487,78.43450856208801,0.43995368480682373,0.0,0.0,0.37710127234458923,-0.026065781712532043,0.06664232164621353,-3.0958447456359863,0.04007400944828987
3488,78.44840860366821,0.43995368480682373,0.0,0.0,0.38341084122657776,-0.030413661152124405,-0.012109731324017048,-3.0923705101013184,0.04002046957612038
3489,78.5289204120636,0.43995368480682373,0.0,0.0,0.3827522397041321,-0.02496482990682125,-0.04930645972490311,-3.0875587463378906,0.04305054247379303
3490,78.54024887084961,0.43995368480682373,0.0,0.0,0.37950995564460754,-0.00800155010074377,-0.04048394784331322,-3.0834805965423584,0.04990660399198532
3491,78.57954049110413,0.43995368480682373,0.0,0.0,0.3780358135700226,0.022262929007411003,0.048493847250938416,-3.0835659503936768,0.056939613074064255
3492,78.59355449676514,0.43995368480682373,0.0,0.0,0.38860517740249634,0.052885234355926514,0.1334257572889328,-3.089775800704956,0.05642565339803696
3493,78.62280416488647,0.43995368480682373,0.0,0.0,0.4014107286930084,0.07263632118701935,0.18266436457633972,-3.0972402095794678,0.045825377106666565
3494,78.63489770889282,0.43995368480682373,0.0,0.0,0.4047006368637085,0.08717507869005203,0.23194466531276703,-3.1023454666137695,0.03293760120868683
3495,78.66373038291931,0.43995368480682373,0.0,0.0,0.4014899730682373,0.09623207151889801,0.27686381340026855,-3.1051511764526367,0.023850368335843086
3496,78.67507243156433,0.43995368480682373,0.0,0.0,0.33968275785446167,0.1194152757525444,0.25066691637039185,-3.1096653938293457,0.022979969158768654
3497,78.70286464691162,0.43995368480682373,0.0,0.0,0.37013912200927734,0.09180814772844315,0.2011791169643402,-3.1131064891815186,0.01626797392964363
3498,78.71668696403503,0.43995368480682373,0.0,0.0,0.3576241433620453,0.05952204018831253,0.13731138408184052,-3.108476161956787,0.013664023950695992
3499,78.7458803653717,0.43995368480682373,0.0,0.0,0.3491660952568054,0.02063118666410446,-0.06764505803585052,-3.10089111328125,0.015660006552934647
3500,78.75797057151794,0.43995368480682373,0.0,0.0,0.34384045004844666,-0.010362645611166954,-0.14260949194431305,-3.094899892807007,0.01827685721218586
3501,78.8028199672699,0.43995368480682373,0.0,0.0,0.34675368666648865,-0.03018926829099655,-0.11448181420564651,-3.0925240516662598,0.02261434495449066
3502,78.81659579277039,0.43995368480682373,0.0,0.0,0.3552607297897339,-0.04757559671998024,-0.057991161942481995,-3.093099355697632,0.026970073580741882
3503,78.84586572647095,0.43995368480682373,0.0,0.0,0.36811012029647827,-0.06123597174882889,0.03276617079973221,-3.094451904296875,0.030514603480696678
3504,78.85811758041382,0.43995368480682373,0.0,0.0,0.3794444799423218,-0.0787261351943016,0.06787373125553131,-3.0942089557647705,0.033293772488832474
3505,78.89335203170776,0.43995368480682373,0.0,0.0,0.39087000489234924,-0.11202096194028854,0.03060024231672287,-3.089022397994995,0.03574012219905853
3506,78.90502572059631,0.43995368480682373,0.0,0.0,0.4096439480781555,-0.13196007907390594,-0.13296175003051758,-3.0802063941955566,0.03356402739882469
3507,78.94302344322205,0.43995368480682373,0.0,0.0,0.40026718378067017,-0.1304457187652588,-0.14046862721443176,-3.073413610458374,0.030573850497603416
3508,78.95456600189209,0.43995368480682373,0.0,0.0,0.38285624980926514,-0.1100124791264534,-0.01878204196691513,-3.0712246894836426,0.037274766713380814
3509,78.98315525054932,0.43995368480682373,0.0,0.0,0.3849157691001892,-0.08342554420232773,0.07719415426254272,-3.0730953216552734,0.043646927922964096
3510,78.9940390586853,0.43995368480682373,0.0,0.0,0.3927043378353119,-0.060111332684755325,0.15320686995983124,-3.076611042022705,0.040429066866636276
3511,79.02699398994446,0.43995368480682373,0.0,0.0,0.4015871286392212,-0.04363224655389786,0.1464352011680603,-3.080268383026123,0.034139081835746765
3512,79.03840565681458,0.43995368480682373,0.0,0.0,0.40620243549346924,-0.02745211496949196,0.12067452073097229,-3.083190679550171,0.029200108721852303
3513,79.06786274909973,0.43995368480682373,0.0,0.0,0.4128221273422241,-0.008029225282371044,0.11659345775842667,-3.086639165878296,0.026528993621468544
3514,79.07842826843262,0.43995368480682373,0.0,0.0,0.4167240560054779,0.0063093435019254684,0.12178906053304672,-3.0903127193450928,0.02528940699994564
3515,79.11552047729492,0.43995368480682373,0.0,0.0,0.41975241899490356,0.01733877882361412,0.10597456246614456,-3.093142032623291,0.0271079633384943
3516,79.12607884407043,0.43995368480682373,0.0,0.0,0.42652568221092224,0.026200158521533012,0.06387139856815338,-3.096111297607422,0.03099307231605053
3517,79.15683245658875,0.43995368480682373,0.0,0.0,0.43500715494155884,0.034588929265737534,-0.0006576329469680786,-3.1008689403533936,0.03624540567398071
3518,79.1682391166687,0.43995368480682373,0.0,0.0,0.45021113753318787,0.0466972254216671,-0.022711079567670822,-3.105827569961548,0.04197055846452713
3519,79.20040774345398,0.43995368480682373,0.0,0.0,0.4558197855949402,0.057067304849624634,-0.03884214535355568,-3.110302686691284,0.04587928578257561
3520,79.21175694465637,0.43995368480682373,0.0,0.0,0.4567941725254059,0.0548357330262661,0.056328184902668,-3.1115853786468506,0.04402473196387291
3521,79.24105477333069,0.43995368480682373,0.0,0.0,0.4479920268058777,0.04749694839119911,0.21217478811740875,-3.1082818508148193,0.04236503690481186
3522,79.25711679458618,0.43995368480682373,0.0,0.0,0.4271448254585266,0.025889262557029724,0.22257156670093536,-3.1025848388671875,0.04332543909549713
3523,79.28413677215576,0.43995368480682373,0.0,0.0,0.40634915232658386,-2.958066761493683e-05,-0.034090399742126465,-3.0945253372192383,0.042827408760786057
3524,79.29501223564148,0.43995368480682373,0.0,0.0,0.3857024610042572,-0.020248549059033394,-0.13903535902500153,-3.087911605834961,0.03975294530391693
3525,79.32460260391235,0.43995368480682373,0.0,0.0,0.3664902448654175,-0.04003014788031578,-0.0918736383318901,-3.0828030109405518,0.04008955508470535
3526,79.33830165863037,0.43995368480682373,0.0,0.0,0.3534037172794342,-0.05902848765254021,-0.03172631189227104,-3.0777390003204346,0.04423816502094269
3527,79.37229371070862,0.43995368480682373,0.0,0.0,0.34627777338027954,-0.07361140102148056,-0.0029095355421304703,-3.072636842727661,0.04990651085972786
3528,79.39093899726868,0.43995368480682373,0.0,0.0,0.3558741509914398,-0.0815146192908287,-0.03198958560824394,-3.068516492843628,0.0529744029045105
3529,79.4190948009491,0.43995368480682373,0.0,0.0,0.35391512513160706,-0.07326207309961319,-0.03594666346907616,-3.067467451095581,0.048637863248586655
3530,79.42926907539368,0.43995368480682373,0.0,0.0,0.345919668674469,-0.05506294220685959,-0.006983073428273201,-3.0673234462738037,0.049582380801439285
3531,79.45926213264465,0.43995368480682373,0.0,0.0,0.3480550944805145,-0.026742802932858467,0.014508619904518127,-3.069939613342285,0.055018533021211624
3532,79.47561717033386,0.43995368480682373,0.0,0.0,0.3630642592906952,0.0018209798727184534,0.02626868709921837,-3.075951337814331,0.05537310242652893
3533,79.51239609718323,0.43995368480682373,0.0,0.0,0.3821827471256256,0.02355232834815979,0.05567324906587601,-3.080676317214966,0.045323554426431656
3534,79.52634930610657,0.43995368480682373,0.0,0.0,0.39118656516075134,0.041193123906850815,0.14819134771823883,-3.081813097000122,0.03214603289961815
3535,79.55784273147583,0.43995368480682373,0.0,0.0,0.397331178188324,0.0585344135761261,0.20345474779605865,-3.0813913345336914,0.023509293794631958
3536,79.57583665847778,0.43995368480682373,0.0,0.0,0.40197473764419556,0.07283603399991989,0.26681798696517944,-3.0828263759613037,0.019096238538622856
3537,79.60193872451782,0.43995368480682373,0.0,0.0,0.3699915409088135,0.0945345014333725,0.17141778767108917,-3.0883688926696777,0.01961781643331051
3538,79.61733841896057,0.43995368480682373,0.0,0.0,0.3887343406677246,0.08928732573986053,0.19166845083236694,-3.0941336154937744,0.014404593966901302
3539,79.64437437057495,0.43995368480682373,0.0,0.0,0.3774438500404358,0.07817810028791428,0.14972653985023499,-3.095695972442627,0.01259617693722248
3540,79.65551328659058,0.43995368480682373,0.0,0.0,0.36337369680404663,0.058609019964933395,0.115659199655056,-3.094412326812744,0.013758220709860325
3541,79.6839804649353,0.43995368480682373,0.0,0.0,0.3491895794868469,0.031969811767339706,-0.039540499448776245,-3.089620590209961,0.015158457681536674
3542,79.70048809051514,0.43995368480682373,0.0,0.0,0.336921751499176,0.011413933709263802,-0.13157659769058228,-3.084881544113159,0.015149716287851334
3543,79.72961378097534,0.43995368480682373,0.0,0.0,0.3265235126018524,-0.004207299090921879,-0.12532255053520203,-3.082247018814087,0.017514003440737724
3544,79.7463128566742,0.43995368480682373,0.0,0.0,0.3244377076625824,-0.015331026166677475,-0.09894917905330658,-3.0815460681915283,0.022574899718165398
3545,79.77446508407593,0.43995368480682373,0.0,0.0,0.3252738416194916,-0.028326209634542465,-0.049906522035598755,-3.082559823989868,0.027947446331381798
3546,79.7860062122345,0.43995368480682373,0.0,0.0,0.33205726742744446,-0.04309483617544174,0.01087848749011755,-3.082942008972168,0.03265343979001045
3547,79.81574082374573,0.43995368480682373,0.0,0.0,0.3403892517089844,-0.06341187655925751,0.016487635672092438,-3.080893039703369,0.03460279852151871
3548,79.83270168304443,0.43995368480682373,0.0,0.0,0.3519516587257385,-0.0868535190820694,-0.04256643354892731,-3.077106237411499,0.03308561444282532
3549,79.86547636985779,0.43995368480682373,0.0,0.0,0.35765957832336426,-0.10608932375907898,-0.09638933837413788,-3.0733447074890137,0.030664436519145966
3550,79.87580466270447,0.43995368480682373,0.0,0.0,0.3680233359336853,-0.11852976679801941,-0.16698303818702698,-3.0712270736694336,0.031598594039678574
3551,79.90491437911987,0.43995368480682373,0.0,0.0,0.36769795417785645,-0.11592257767915726,-0.1727065145969391,-3.071359395980835,0.03343822807073593
3552,79.91621685028076,0.43995368480682373,0.0,0.0,0.35598069429397583,-0.09684903919696808,-0.03480985015630722,-3.07098126411438,0.04123637080192566
3553,79.94540166854858,0.43995368480682373,0.0,0.0,0.3499302268028259,-0.06437662988901138,0.18324413895606995,-3.072720527648926,0.05122317373752594
3554,79.95723533630371,0.43995368480682373,0.0,0.0,0.3615286946296692,-0.039749208837747574,0.15691113471984863,-3.0753369331359863,0.05349510908126831
3555,79.98486256599426,0.43995368480682373,0.0,0.0,0.3667404055595398,-0.01870930939912796,0.0661880224943161,-3.0775060653686523,0.04644567519426346
3556,80.00441408157349,0.43995368480682373,0.0,0.0,0.3630644679069519,0.005340329371392727,0.027177799493074417,-3.0813682079315186,0.03869917243719101
3557,80.03129363059998,0.43995368480682373,0.0,0.0,0.35933828353881836,0.03349365293979645,0.05798714607954025,-3.0888333320617676,0.03347005322575569
3558,80.04452729225159,0.43995368480682373,0.0,0.0,0.36122238636016846,0.058629803359508514,0.13612355291843414,-3.098806619644165,0.03015086241066456
3559,80.08214807510376,0.43995368480682373,0.0,0.0,0.363492876291275,0.07925640046596527,0.17193590104579926,-3.107759952545166,0.02813103049993515
3560,80.09709143638611,0.43995368480682373,0.0,0.0,0.3581140339374542,0.09234470874071121,0.19190767407417297,-3.113205909729004,0.029859481379389763
3561,80.12840795516968,0.43995368480682373,0.0,0.0,0.34056514501571655,0.11112544685602188,0.17574815452098846,-3.1176795959472656,0.03062528744339943
3562,80.1403820514679,0.43995368480682373,0.0,0.0,0.34844914078712463,0.10739102959632874,0.1828426569700241,-3.1162519454956055,0.025191914290189743
3563,80.16798853874207,0.43995368480682373,0.0,0.0,0.3426588475704193,0.09693460166454315,0.12181957811117172,-3.115107536315918,0.024324964731931686
3564,80.1823980808258,0.43995368480682373,0.0,0.0,0.33031392097473145,0.0715923011302948,0.06612272560596466,-3.1131906509399414,0.027757640928030014
3565,80.21243238449097,0.43995368480682373,0.0,0.0,0.32726186513900757,0.04311089962720871,-0.012069612741470337,-3.1080825328826904,0.031507134437561035
3566,80.22497725486755,0.43995368480682373,0.0,0.0,0.3265567421913147,0.01970694772899151,-0.06714670360088348,-3.1036763191223145,0.029861344024538994
3567,80.25484037399292,0.43995368480682373,0.0,0.0,0.32572615146636963,0.0008378600468859076,-0.08428137004375458,-3.1017510890960693,0.02676965855062008
3568,80.27129483222961,0.43995368480682373,0.0,0.0,0.32656797766685486,-0.016030263155698776,-0.05075552314519882,-3.1014859676361084,0.025120195001363754
3569,80.29979491233826,0.43995368480682373,0.0,0.0,0.3277498483657837,-0.0403357595205307,-0.04041285067796707,-3.1005337238311768,0.025896642357110977
3570,80.31652617454529,0.43995368480682373,0.0,0.0,0.3363628387451172,-0.06237053498625755,-0.027300843968987465,-3.0976946353912354,0.02756754867732525
3571,80.34798526763916,0.43995368480682373,0.0,0.0,0.346264511346817,-0.08180003613233566,0.008971774950623512,-3.093635320663452,0.029084384441375732
3572,80.36175966262817,0.43995368480682373,0.0,0.0,0.3554218113422394,-0.08562874048948288,-0.03350207209587097,-3.089648723602295,0.02860291860997677
3573,80.39096808433533,0.43995368480682373,0.0,0.0,0.348477303981781,-0.0751008540391922,0.013737756758928299,-3.085679769515991,0.031795330345630646
3574,80.40248084068298,0.43995368480682373,0.0,0.0,0.34209874272346497,-0.04900341480970383,0.10874522477388382,-3.0835394859313965,0.04112217202782631
3575,80.43130731582642,0.43995368480682373,0.0,0.0,0.3545686900615692,-0.019832581281661987,0.10982076078653336,-3.0853354930877686,0.04669897258281708
3576,80.44358992576599,0.43995368480682373,0.0,0.0,0.3718860149383545,0.0038694378454238176,0.03557918965816498,-3.0899252891540527,0.0395331010222435
3577,80.4721188545227,0.43995368480682373,0.0,0.0,0.37803611159324646,0.027474917471408844,0.10478705912828445,-3.0962297916412354,0.026680823415517807
3578,80.48382091522217,0.43995368480682373,0.0,0.0,0.3825780153274536,0.046578049659729004,0.2118714451789856,-3.1027255058288574,0.01690303534269333
3579,80.51499605178833,0.43995368480682373,0.0,0.0,0.3874480724334717,0.06112932413816452,0.2629363536834717,-3.1062755584716797,0.010131915099918842
3580,80.5314724445343,0.43995368480682373,0.0,0.0,0.38827434182167053,0.06975369155406952,0.2789396345615387,-3.10603404045105,0.006802442483603954
3581,80.56086611747742,0.43995368480682373,0.0,0.0,0.3632335066795349,0.08775750547647476,0.2013431191444397,-3.1077048778533936,0.007075728382915258
3582,80.57893824577332,0.43995368480682373,0.0,0.0,0.3731085956096649,0.08126397430896759,0.18270954489707947,-3.108017683029175,-0.001811831840313971
3583,80.61045455932617,0.43995368480682373,0.0,0.0,0.3532710373401642,0.05742795020341873,0.16390861570835114,-3.1074905395507812,-0.002889103488996625
3584,80.62836194038391,0.43995368480682373,0.0,0.0,0.3345673978328705,0.02011282369494438,0.04955976456403732,-3.101266860961914,0.0034391735680401325
3585,80.65817165374756,0.43995368480682373,0.0,0.0,0.3306131064891815,-0.008182409219443798,-0.0347326323390007,-3.0919675827026367,0.009770935401320457
3586,80.67094445228577,0.43995368480682373,0.0,0.0,0.3313339948654175,-0.026398371905088425,-0.055903110653162,-3.085376262664795,0.013162434101104736
3587,80.69851064682007,0.43995368480682373,0.0,0.0,0.332653671503067,-0.041816189885139465,-0.04079699516296387,-3.082104206085205,0.01583978533744812
3588,80.70915460586548,0.43995368480682373,0.0,0.0,0.33341389894485474,-0.06082469969987869,-0.024641647934913635,-3.0805301666259766,0.019373970106244087
3589,80.77817893028259,0.43995368480682373,0.0,0.0,0.34483084082603455,-0.0797482579946518,0.013174682855606079,-3.079124689102173,0.023459814488887787
3590,80.7902238368988,0.43995368480682373,0.0,0.0,0.35029593110084534,-0.0872359350323677,0.03139162063598633,-3.0777645111083984,0.021827347576618195
3591,80.81985354423523,0.43995368480682373,0.0,0.0,0.3429478406906128,-0.084843210875988,0.07174477726221085,-3.075059413909912,0.023951079696416855
3592,80.83010792732239,0.43995368480682373,0.0,0.0,0.3354778289794922,-0.0707356333732605,0.08873152732849121,-3.072948694229126,0.03245064616203308
3593,80.85837006568909,0.43995368480682373,0.0,0.0,0.34127476811408997,-0.04786461591720581,0.1037505492568016,-3.0736961364746094,0.040240347385406494
3594,80.87033486366272,0.43995368480682373,0.0,0.0,0.35612693428993225,-0.02619776874780655,0.10688010603189468,-3.07698917388916,0.03836875036358833
3595,80.90521717071533,0.43995368480682373,0.0,0.0,0.36541736125946045,-0.007061220705509186,0.11951248347759247,-3.0814783573150635,0.028930310159921646
3596,80.92131519317627,0.43995368480682373,0.0,0.0,0.37239697575569153,0.009183301590383053,0.14328524470329285,-3.0861690044403076,0.018975133076310158
3597,80.95304036140442,0.43995368480682373,0.0,0.0,0.37935876846313477,0.028184274211525917,0.15504096448421478,-3.089834690093994,0.011079506948590279
3598,80.96624636650085,0.43995368480682373,0.0,0.0,0.3901435434818268,0.0450655072927475,0.19381752610206604,-3.092600107192993,0.004788944497704506
3599,80.99575710296631,0.43995368480682373,0.0,0.0,0.4010508954524994,0.06165618821978569,0.20810185372829437,-3.093276262283325,0.00028334735543467104
3600,81.01338148117065,0.43995368480682373,0.0,0.0,0.41128838062286377,0.07982176542282104,0.251722514629364,-3.0921969413757324,-0.002952771494165063
3601,81.04464817047119,0.43995368480682373,0.0,0.0,0.421292781829834,0.09154573082923889,0.286234974861145,-3.0924389362335205,-0.0029691820964217186
3602,81.05747723579407,0.43995368480682373,0.0,0.0,0.40833428502082825,0.09725720435380936,0.12186826020479202,-3.0973782539367676,-7.89379482739605e-05
3603,81.08525133132935,0.43995368480682373,0.0,0.0,0.3971531093120575,0.09206291288137436,0.0965043231844902,-3.1031758785247803,-0.00038829437107779086
3604,81.09605765342712,0.43995368480682373,0.0,0.0,0.37797337770462036,0.08108252286911011,0.12184754014015198,-3.1048548221588135,0.0041053383611142635
3605,81.12907385826111,0.43995368480682373,0.0,0.0,0.3584327697753906,0.060831218957901,0.0921814814209938,-3.1011886596679688,0.00995425134897232
3606,81.14065384864807,0.43995368480682373,0.0,0.0,0.3398566246032715,0.038430459797382355,-0.05590837448835373,-3.092799186706543,0.01247202418744564
3607,81.16798233985901,0.43995368480682373,0.0,0.0,0.31839174032211304,0.021107560023665428,-0.13610988855361938,-3.0850720405578613,0.013357218354940414
3608,81.17897248268127,0.43995368480682373,0.0,0.0,0.30175352096557617,0.00902633462101221,-0.13917961716651917,-3.081296920776367,0.01773775741457939
3609,81.21135973930359,0.43995368480682373,0.0,0.0,0.2890324294567108,-0.00516239320859313,-0.10439284145832062,-3.080132484436035,0.024973714724183083
3610,81.22514939308167,0.43995368480682373,0.0,0.0,0.28527840971946716,-0.015983134508132935,-0.052600324153900146,-3.0790672302246094,0.03222084790468216
3611,81.25470852851868,0.43995368480682373,0.0,0.0,0.2819831073284149,-0.030658237636089325,-0.0037188827991485596,-3.076822519302368,0.03786604851484299
3612,81.2661452293396,0.43995368480682373,0.0,0.0,0.28078606724739075,-0.04897317290306091,-0.009399738162755966,-3.072477102279663,0.04176078364253044
3613,81.29301381111145,0.43995368480682373,0.0,0.0,0.27802011370658875,-0.06951926648616791,-0.07044663280248642,-3.0667874813079834,0.04399411752820015
3614,81.30413460731506,0.43995368480682373,0.0,0.0,0.27590182423591614,-0.08411868661642075,-0.038625285029411316,-3.062520742416382,0.04739288240671158
3615,81.33221960067749,0.43995368480682373,0.0,0.0,0.2779127359390259,-0.10062432289123535,-0.025820821523666382,-3.0599093437194824,0.05309944972395897
3616,81.34236240386963,0.43995368480682373,0.0,0.0,0.2896454334259033,-0.11901790648698807,0.015146158635616302,-3.0560595989227295,0.05998532474040985
3617,81.37546586990356,0.43995368480682373,0.0,0.0,0.3019354045391083,-0.1178680881857872,-0.048846952617168427,-3.0528061389923096,0.06358987838029861
3618,81.38699531555176,0.43995368480682373,0.0,0.0,0.30729472637176514,-0.10453081876039505,-0.027470387518405914,-3.05208420753479,0.06958604604005814
3619,81.42413210868835,0.43995368480682373,0.0,0.0,0.3121451139450073,-0.08569452911615372,0.008147183805704117,-3.055292844772339,0.07852538675069809
3620,81.4350893497467,0.43995368480682373,0.0,0.0,0.3244207203388214,-0.06229149550199509,-0.01723778247833252,-3.0609166622161865,0.0852232351899147
3621,81.4668197631836,0.43995368480682373,0.0,0.0,0.3362545371055603,-0.038731738924980164,-0.029971590265631676,-3.0688347816467285,0.08315125107765198
3622,81.47709441184998,0.43995368480682373,0.0,0.0,0.3476404547691345,-0.019374631345272064,-0.0038418080657720566,-3.075549364089966,0.07312798500061035
3623,81.51199150085449,0.43995368480682373,0.0,0.0,0.35407230257987976,-0.00084202631842345,0.07127853482961655,-3.080031633377075,0.061179883778095245
3624,81.52351665496826,0.43995368480682373,0.0,0.0,0.3594171404838562,0.01402741763740778,0.12993155419826508,-3.083268642425537,0.052640825510025024
3625,81.55209517478943,0.43995368480682373,0.0,0.0,0.36144065856933594,0.031279295682907104,0.1147986650466919,-3.085901975631714,0.04889274388551712
3626,81.5630612373352,0.43995368480682373,0.0,0.0,0.33817750215530396,0.05536692216992378,0.09459114074707031,-3.0880637168884277,0.04792744666337967
3627,81.59195947647095,0.43995368480682373,0.0,0.0,0.3570175766944885,0.05251830071210861,0.07702501118183136,-3.0899345874786377,0.04169849306344986
3628,81.60588598251343,0.43995368480682373,0.0,0.0,0.3484192490577698,0.041723839938640594,0.14021342992782593,-3.0898706912994385,0.03845614194869995
3629,81.634521484375,0.43995368480682373,0.0,0.0,0.342508465051651,0.017955832183361053,0.11450602114200592,-3.087001085281372,0.03994050621986389
3630,81.644704580307,0.43995368480682373,0.0,0.0,0.3364892601966858,-0.014791443012654781,-0.0668342262506485,-3.0808963775634766,0.04063870385289192
3631,81.67715454101562,0.43995368480682373,0.0,0.0,0.32941025495529175,-0.040964026004076004,-0.13491053879261017,-3.0752525329589844,0.04003111273050308
3632,81.68869662284851,0.43995368480682373,0.0,0.0,0.3271007835865021,-0.05880063772201538,-0.09897246211767197,-3.0715911388397217,0.041959792375564575
3633,81.71982717514038,0.43995368480682373,0.0,0.0,0.32913729548454285,-0.07601001858711243,-0.0978013351559639,-3.0690770149230957,0.04597079008817673
3634,81.73386931419373,0.43995368480682373,0.0,0.0,0.33221060037612915,-0.09656813740730286,-0.11463643610477448,-3.065897226333618,0.0503072664141655
3635,81.76176261901855,0.43995368480682373,0.0,0.0,0.3380214273929596,-0.10884969681501389,-0.10794156789779663,-3.0628843307495117,0.05568006634712219
3636,81.77576398849487,0.43995368480682373,0.0,0.0,0.3418000042438507,-0.10046279430389404,-0.08890032768249512,-3.063906669616699,0.060644518584012985
3637,81.80866074562073,0.43995368480682373,0.0,0.0,0.34400057792663574,-0.0861949473619461,-0.06773535907268524,-3.0663654804229736,0.06831835210323334
3638,81.81879138946533,0.43995368480682373,0.0,0.0,0.35622137784957886,-0.06193611025810242,-0.02291398122906685,-3.0685477256774902,0.07339013367891312
3639,81.84432244300842,0.43995368480682373,0.0,0.0,0.3783740699291229,-0.03505762666463852,0.03776320815086365,-3.0730485916137695,0.06855377554893494
3640,81.85716724395752,0.43995368480682373,0.0,0.0,0.40103229880332947,-0.02529621310532093,0.13054078817367554,-3.0787670612335205,0.05099380761384964
3641,81.90179705619812,0.43995368480682373,0.0,0.0,0.39648088812828064,-0.046165697276592255,0.420332670211792,-3.085304021835327,0.03424245864152908
3642,81.9127197265625,0.43995368480682373,0.0,0.0,0.35491323471069336,-0.05319550260901451,0.4601411521434784,-3.0942697525024414,0.020262103527784348
3643,81.94464159011841,0.43995368480682373,0.0,0.0,0.3276759088039398,-0.09887025505304337,0.3671184480190277,-3.0869128704071045,0.007978061214089394
3644,81.95639514923096,0.43995368480682373,0.0,0.0,0.2952427268028259,-0.15280266106128693,0.07950809597969055,-3.0723936557769775,0.009173501282930374
3645,81.9911687374115,0.43995368480682373,0.0,0.0,0.2720800042152405,-0.19515495002269745,-0.15251843631267548,-3.0619421005249023,0.023135853931307793
3646,82.00289988517761,0.43995368480682373,0.0,0.0,0.27836307883262634,-0.20453093945980072,-0.2043989896774292,-3.0582995414733887,0.045249275863170624
3647,82.04636597633362,0.43995368480682373,0.0,0.0,0.2934096157550812,-0.18751171231269836,-0.22136211395263672,-3.061725378036499,0.06324011832475662
3648,82.06227111816406,0.43995368480682373,0.0,0.0,0.2970241606235504,-0.16607880592346191,-0.06844989955425262,-3.0697662830352783,0.07955573499202728
3649,82.09899926185608,0.43995368480682373,0.0,0.0,0.31369876861572266,-0.15311163663864136,0.17507952451705933,-3.075784206390381,0.09139135479927063
3650,82.113112449646,0.43995368480682373,0.0,0.0,0.3407508432865143,-0.10509572178125381,0.16783641278743744,-3.0771946907043457,0.09060370177030563
3651,82.14217138290405,0.43995368480682373,0.0,0.0,0.3596495985984802,-0.05292002856731415,0.2137909084558487,-3.077965021133423,0.08135513216257095
3652,82.15390086174011,0.43995368480682373,0.0,0.0,0.3727472722530365,-0.011206455528736115,0.271931916475296,-3.0800986289978027,0.06440845131874084
3653,82.18216705322266,0.5413845777511597,0.0,0.0,0.37662583589553833,0.006246968638151884,0.4529827833175659,-3.0838186740875244,0.04484667629003525
3654,82.19277834892273,0.5413845777511597,0.0,0.0,0.36230966448783875,0.006199305411428213,0.6963984966278076,-3.0899460315704346,0.03249535709619522
3655,82.22213530540466,0.5413845777511597,0.0,0.0,0.3166083097457886,0.020195910707116127,0.574626088142395,-3.1020538806915283,0.035512641072273254
3656,82.23393511772156,0.5413845777511597,0.0,0.0,0.3454633057117462,0.02601431868970394,0.2993171513080597,-3.1106202602386475,0.03323569893836975
3657,82.26718401908875,0.5413845777511597,0.0,0.0,0.34861138463020325,0.027404557913541794,0.07177868485450745,-3.1176364421844482,0.030611008405685425
3658,82.27747464179993,0.5413845777511597,0.0,0.0,0.3474179804325104,0.02240050956606865,0.024180108681321144,-3.121392011642456,0.030043117702007294
3659,82.30618906021118,0.5413845777511597,0.0,0.0,0.34063756465911865,0.006115513853728771,0.05222174897789955,-3.121678352355957,0.03352075442671776
3660,82.31927728652954,0.5413845777511597,0.0,0.0,0.3369985520839691,-0.018248355016112328,0.037679120898246765,-3.118002414703369,0.0387011356651783
3661,82.35124325752258,0.5413845777511597,0.0,0.0,0.3393265902996063,-0.04073745012283325,-0.04123024642467499,-3.1123549938201904,0.04182862862944603
3662,82.36474204063416,0.5413845777511597,0.0,0.0,0.3459617495536804,-0.05515049397945404,-0.15587154030799866,-3.1065268516540527,0.04370421543717384
3663,82.4124813079834,0.5413845777511597,0.0,0.0,0.35229822993278503,-0.06217055767774582,-0.1540427803993225,-3.103419780731201,0.04754391685128212
3664,82.44436764717102,0.5413845777511597,0.0,0.0,0.36694252490997314,-0.06652405112981796,-0.09380357712507248,-3.1040334701538086,0.05357309430837631
3665,82.48438119888306,0.5413845777511597,0.0,0.0,0.3848867118358612,-0.07310578227043152,-0.04025959223508835,-3.106656551361084,0.05690577253699303
3666,82.49804759025574,0.5413845777511597,0.0,0.0,0.4011853337287903,-0.08238928765058517,-0.028784433379769325,-3.109506607055664,0.05731998383998871
3667,82.5293960571289,0.5413845777511597,0.0,0.0,0.4160759449005127,-0.09584896266460419,-0.060382891446352005,-3.111527919769287,0.05715560540556908
3668,82.54599022865295,0.5413845777511597,0.0,0.0,0.43699324131011963,-0.11171095818281174,-0.13803352415561676,-3.111572742462158,0.05684972181916237
3669,82.57916235923767,0.5413845777511597,0.0,0.0,0.4652702212333679,-0.11791051924228668,-0.18621908128261566,-3.1109514236450195,0.05296214669942856
3670,82.59042549133301,0.5413845777511597,0.0,0.0,0.4785674810409546,-0.1104838028550148,-0.15164519846439362,-3.110515832901001,0.05024721845984459
3671,82.62143158912659,0.5413845777511597,0.0,0.0,0.4824633300304413,-0.08603379130363464,-0.009788881987333298,-3.1104347705841064,0.055269744247198105
3672,82.6331205368042,0.5413845777511597,0.0,0.0,0.4951828718185425,-0.04784252867102623,0.12496626377105713,-3.1134891510009766,0.05889950692653656
3673,82.66022062301636,0.5413845777511597,0.0,0.0,0.5198318362236023,-0.01687120459973812,0.1621558964252472,-3.118415355682373,0.04975347965955734
3674,82.67191982269287,0.5413845777511597,0.0,0.0,0.546030580997467,0.007423950359225273,0.15101900696754456,-3.1216583251953125,0.03345564752817154
3675,82.70047450065613,0.5413845777511597,0.0,0.0,0.5650053024291992,0.030803097411990166,0.22162234783172607,-3.123661756515503,0.018809640780091286
3676,82.71526002883911,0.5413845777511597,0.0,0.0,0.58058100938797,0.04696206375956535,0.33065006136894226,-3.123507022857666,0.008340058848261833
3677,82.7438452243805,0.5413845777511597,0.0,0.0,0.5856149792671204,0.05231194198131561,0.4699269235134125,-3.120208501815796,0.0017730919644236565
3678,82.75525403022766,0.5413845777511597,0.0,0.0,0.5817595720291138,0.05245143547654152,0.5370479822158813,-3.1159942150115967,0.002301555359736085
3679,82.7829840183258,0.5413845777511597,0.0,0.0,0.5572667717933655,0.060013845562934875,0.28302431106567383,-3.1168875694274902,0.006007479038089514
3680,82.7927839756012,0.5413845777511597,0.0,0.0,0.546790361404419,0.044233206659555435,0.28481486439704895,-3.113558053970337,0.00025870557874441147
3681,82.82173347473145,0.5413845777511597,0.0,0.0,0.5103756189346313,0.00640668673440814,0.02320747822523117,-3.106898784637451,-0.0017029305454343557
3682,82.83349108695984,0.5413845777511597,0.0,0.0,0.4770074188709259,-0.026104457676410675,-0.1357598453760147,-3.0991995334625244,0.003910733386874199
3683,82.86110830307007,0.5413845777511597,0.0,0.0,0.46086585521698,-0.04903359338641167,-0.14357313513755798,-3.0939435958862305,0.01619683764874935
3684,82.8790774345398,0.5413845777511597,0.0,0.0,0.4598384499549866,-0.06661210209131241,-0.08885620534420013,-3.090535879135132,0.029804110527038574
3685,82.91549777984619,0.5413845777511597,0.0,0.0,0.464938223361969,-0.0784142017364502,-0.010509155690670013,-3.089057445526123,0.04086305573582649
3686,82.92987871170044,0.5413845777511597,0.0,0.0,0.46784383058547974,-0.09160056710243225,0.08526206016540527,-3.0892670154571533,0.0507613942027092
3687,82.95656967163086,0.5413845777511597,0.0,0.0,0.48153647780418396,-0.10243173688650131,0.0703577846288681,-3.0893428325653076,0.05819059908390045
3688,82.96658182144165,0.5413845777511597,0.0,0.0,0.47620129585266113,-0.10480383038520813,0.02774016186594963,-3.0886402130126953,0.05748477578163147
3689,83.02267909049988,0.5413845777511597,0.0,0.0,0.45820075273513794,-0.09338369965553284,0.06901345402002335,-3.0850095748901367,0.062452636659145355
3690,83.034264087677,0.5413845777511597,0.0,0.0,0.45350512862205505,-0.07115671783685684,0.10056919604539871,-3.083115816116333,0.06863604485988617
3691,83.06371974945068,0.5413845777511597,0.0,0.0,0.4570310115814209,-0.045062340795993805,0.11995518207550049,-3.085935592651367,0.06597525626420975
3692,83.07803535461426,0.5413845777511597,0.0,0.0,0.46077755093574524,-0.025479985401034355,0.1074201837182045,-3.09304141998291,0.0569290891289711
3693,83.114577293396,0.5413845777511597,0.0,0.0,0.4601248502731323,-0.007888663560152054,0.15812498331069946,-3.1017255783081055,0.04852870851755142
3694,83.12730550765991,0.5413845777511597,0.0,0.0,0.45931172370910645,0.008631765842437744,0.2052733600139618,-3.10945200920105,0.04294121637940407
3695,83.15637254714966,0.5413845777511597,0.0,0.0,0.46417003870010376,0.02364948019385338,0.175686776638031,-3.1131479740142822,0.03788553178310394
3696,83.16749024391174,0.5413845777511597,0.0,0.0,0.47014549374580383,0.04399518668651581,0.1699323058128357,-3.1144025325775146,0.0324147492647171
3697,83.19518995285034,0.5413845777511597,0.0,0.0,0.4783998727798462,0.06514594703912735,0.1680535078048706,-3.1167545318603516,0.0276887696236372
3698,83.20793032646179,0.5413845777511597,0.0,0.0,0.4876900613307953,0.0821390450000763,0.18054647743701935,-3.1195878982543945,0.024568283930420876
3699,83.24125504493713,0.5413845777511597,0.0,0.0,0.4947551488876343,0.09575779736042023,0.19439047574996948,-3.1226861476898193,0.024848705157637596
3700,83.2525384426117,0.5413845777511597,0.0,0.0,0.4896555244922638,0.10363809019327164,0.12161906063556671,-3.127143383026123,0.023730389773845673
3701,83.27966022491455,0.5413845777511597,0.0,0.0,0.4741598665714264,0.09506453573703766,0.1381036341190338,-3.127089500427246,0.019991684705018997
3702,83.29435396194458,0.5413845777511597,0.0,0.0,0.44607463479042053,0.07549784332513809,0.18459707498550415,-3.1227171421051025,0.025871621444821358
3703,83.3230357170105,0.5413845777511597,0.0,0.0,0.4287542402744293,0.0515240915119648,0.012039953842759132,-3.114065647125244,0.03461606428027153
3704,83.33481049537659,0.5413845777511597,0.0,0.0,0.41826367378234863,0.033170752227306366,-0.07399655878543854,-3.105825662612915,0.037895478308200836
3705,83.36172437667847,0.5413845777511597,0.0,0.0,0.4119128882884979,0.02131718024611473,-0.08721458911895752,-3.1013288497924805,0.03789207339286804
3706,83.37448000907898,0.5413845777511597,0.0,0.0,0.4039035737514496,0.009114068001508713,-0.08559401333332062,-3.1006860733032227,0.03778780251741409
3707,83.40604853630066,0.5413845777511597,0.0,0.0,0.3971691429615021,-0.006333068944513798,-0.07243697345256805,-3.1018779277801514,0.04001758620142937
3708,83.42144775390625,0.5413845777511597,0.0,0.0,0.3992546796798706,-0.018157288432121277,-0.03786531463265419,-3.103300094604492,0.0434611476957798
3709,83.45204448699951,0.5413845777511597,0.0,0.0,0.402578741312027,-0.03387914597988129,0.03138225898146629,-3.103149890899658,0.047178566455841064
3710,83.46202111244202,0.5413845777511597,0.0,0.0,0.40864717960357666,-0.054170507937669754,0.047165397554636,-3.100527763366699,0.05109362676739693
3711,83.4921362400055,0.5413845777511597,0.0,0.0,0.4265739619731903,-0.06815402954816818,-0.04967940226197243,-3.0975987911224365,0.05224156752228737
3712,83.50453543663025,0.5413845777511597,0.0,0.0,0.4377504885196686,-0.07952515780925751,-0.11760566383600235,-3.095592498779297,0.04937348887324333
3713,83.53431248664856,0.5413845777511597,0.0,0.0,0.44058650732040405,-0.08638254553079605,-0.19394205510616302,-3.0936179161071777,0.05063643306493759
3714,83.54456377029419,0.5413845777511597,0.0,0.0,0.4387565851211548,-0.07293454557657242,-0.19061213731765747,-3.092109203338623,0.059188611805438995
3715,83.57220959663391,0.5413845777511597,0.0,0.0,0.4404144585132599,-0.044361770153045654,-0.12700842320919037,-3.0928876399993896,0.07162409275770187
3716,83.58415198326111,0.5413845777511597,0.0,0.0,0.4499860405921936,-0.002940077567473054,0.07217153906822205,-3.0987231731414795,0.07752205431461334
3717,83.61367726325989,0.5413845777511597,0.0,0.0,0.467543363571167,0.024463118985295296,0.15849247574806213,-3.1066970825195312,0.07215713709592819
3718,83.62559700012207,0.5413845777511597,0.0,0.0,0.4872649013996124,0.041021570563316345,0.19025804102420807,-3.110189437866211,0.06097513064742088
3719,83.6560447216034,0.5413845777511597,0.0,0.0,0.49555709958076477,0.055809032171964645,0.22471903264522552,-3.1090962886810303,0.050234079360961914
3720,83.66751670837402,0.5413845777511597,0.0,0.0,0.4978637099266052,0.07062409073114395,0.2594311535358429,-3.105520725250244,0.04259480535984039
3721,83.71012282371521,0.5413845777511597,0.0,0.0,0.4951992630958557,0.08968302607536316,0.24448587000370026,-3.103527784347534,0.03951849415898323
3722,83.72286319732666,0.5413845777511597,0.0,0.0,0.4698714017868042,0.11283402144908905,0.20982763171195984,-3.108041286468506,0.04125280678272247
3723,83.75538349151611,0.5413845777511597,0.0,0.0,0.4763658940792084,0.1071757897734642,0.25888097286224365,-3.1089701652526855,0.03418361395597458
3724,83.76797461509705,0.5413845777511597,0.0,0.0,0.44999977946281433,0.08020996302366257,0.1131332740187645,-3.1063907146453857,0.033604662865400314
3725,83.79526472091675,0.5413845777511597,0.0,0.0,0.42514318227767944,0.0482950434088707,-0.10084746778011322,-3.1024789810180664,0.039763934910297394
3726,83.80739068984985,0.5413845777511597,0.0,0.0,0.4140399694442749,0.023399902507662773,-0.10499570518732071,-3.101548433303833,0.04703761637210846
3727,83.83773279190063,0.5413845777511597,0.0,0.0,0.4139656722545624,0.0046476577408611774,-0.034669820219278336,-3.102134943008423,0.05303853750228882
3728,83.85505867004395,0.5413845777511597,0.0,0.0,0.4163113832473755,-0.011817580088973045,0.02795795351266861,-3.1025683879852295,0.0573195181787014
3729,83.8908109664917,0.5413845777511597,0.0,0.0,0.41955262422561646,-0.028062403202056885,0.03901699557900429,-3.1024370193481445,0.0602496974170208
3730,83.91221499443054,0.5413845777511597,0.0,0.0,0.4229066073894501,-0.04198442026972771,0.11562606692314148,-3.1019105911254883,0.06311818957328796
3731,83.94118070602417,0.5413845777511597,0.0,0.0,0.433954119682312,-0.06237718462944031,0.05852754786610603,-3.100243330001831,0.06638696044683456
3732,83.95679450035095,0.5413845777511597,0.0,0.0,0.4417002201080322,-0.0723138153553009,-0.05375411733984947,-3.0984995365142822,0.06466005742549896
3733,83.98795247077942,0.5413845777511597,0.0,0.0,0.4381483793258667,-0.07216470688581467,-0.0658491998910904,-3.094783067703247,0.0664512887597084
3734,83.99941682815552,0.5413845777511597,0.0,0.0,0.43269380927085876,-0.05883718281984329,0.011137474328279495,-3.0907552242279053,0.074856236577034
3735,84.02740526199341,0.5413845777511597,0.0,0.0,0.4326605498790741,-0.033482205122709274,0.08440546691417694,-3.089087724685669,0.08521997928619385
3736,84.0403311252594,0.5413845777511597,0.0,0.0,0.44299983978271484,-0.004212813917547464,0.11613477021455765,-3.091808557510376,0.08756452053785324
3737,84.07289624214172,0.48789381980895996,0.0,0.0,0.45771729946136475,0.021028175950050354,0.16551174223423004,-3.096837043762207,0.07686109840869904
3738,84.08979988098145,0.48789381980895996,0.0,0.0,0.4636593759059906,0.03785893693566322,0.24038361012935638,-3.1021032333374023,0.061648089438676834
3739,84.12022733688354,0.48789381980895996,0.0,0.0,0.46137428283691406,0.051797401160001755,0.3277759552001953,-3.106060266494751,0.05002063885331154
3740,84.13019514083862,0.48789381980895996,0.0,0.0,0.4596501886844635,0.06238024681806564,0.35038989782333374,-3.1084330081939697,0.04376574233174324
3741,84.1632490158081,0.48789381980895996,0.0,0.0,0.43638885021209717,0.07699637115001678,0.30527016520500183,-3.1114301681518555,0.040608666837215424
3742,84.17686367034912,0.48789381980895996,0.0,0.0,0.43738827109336853,0.06384129077196121,0.35800182819366455,-3.1111412048339844,0.029042702168226242
3743,84.20583605766296,0.48789381980895996,0.0,0.0,0.40930619835853577,0.02592277340590954,0.13071292638778687,-3.106942653656006,0.025012044236063957
3744,84.22004652023315,0.48789381980895996,0.0,0.0,0.3857057988643646,-0.008862083777785301,-0.12873907387256622,-3.1015055179595947,0.029967309907078743
3745,84.24953174591064,0.48789381980895996,0.0,0.0,0.37120455503463745,-0.04018460586667061,-0.15909238159656525,-3.0987040996551514,0.04182048514485359
3746,84.2610855102539,0.48789381980895996,0.0,0.0,0.375436931848526,-0.0597093291580677,-0.05783434212207794,-3.096889019012451,0.056988127529621124
3747,84.29054927825928,0.48789381980895996,0.0,0.0,0.3859061002731323,-0.07062091678380966,0.18052667379379272,-3.094514846801758,0.07266851514577866
3748,84.30382323265076,0.48789381980895996,0.0,0.0,0.40062567591667175,-0.0897488221526146,0.35828062891960144,-3.0901246070861816,0.08671663701534271
3749,84.33235621452332,0.48789381980895996,0.0,0.0,0.4089128077030182,-0.09412539005279541,0.2591712474822998,-3.084594964981079,0.09049239009618759
3750,84.34447717666626,0.48789381980895996,0.0,0.0,0.4015052914619446,-0.09463238716125488,0.11384604126214981,-3.078770875930786,0.08988442271947861
3751,84.38774704933167,0.48789381980895996,0.0,0.0,0.388933926820755,-0.08888787031173706,0.0066229719668626785,-3.072563886642456,0.09065262228250504
3752,84.39925599098206,0.48789381980895996,0.0,0.0,0.3734029233455658,-0.07183734327554703,0.020181594416499138,-3.0685572624206543,0.0940341129899025
3753,84.4300696849823,0.48789381980895996,0.0,0.0,0.36566516757011414,-0.04982413724064827,0.04362069070339203,-3.0692360401153564,0.0950990617275238
3754,84.4417827129364,0.48789381980895996,0.0,0.0,0.3632705509662628,-0.030519764870405197,0.03313092142343521,-3.072816848754883,0.08857321739196777
3755,84.46818041801453,0.48789381980895996,0.0,0.0,0.3590576648712158,-0.011822214350104332,0.051475949585437775,-3.0781400203704834,0.07846925407648087
3756,84.48193955421448,0.48789381980895996,0.0,0.0,0.3531067371368408,0.007483940105885267,0.11631163954734802,-3.084698438644409,0.06981134414672852
3757,84.51184248924255,0.48789381980895996,0.0,0.0,0.3484390377998352,0.027584413066506386,0.15294694900512695,-3.091834306716919,0.06384827941656113
3758,84.52300548553467,0.48789381980895996,0.0,0.0,0.34277909994125366,0.04558234289288521,0.1635015606880188,-3.099236249923706,0.06124132126569748
3759,84.55085730552673,0.48789381980895996,0.0,0.0,0.34493476152420044,0.060779962688684464,0.15146543085575104,-3.1074159145355225,0.05470979958772659
3760,84.56187963485718,0.48789381980895996,0.0,0.0,0.35121479630470276,0.057844195514917374,0.15564025938510895,-3.1108179092407227,0.04334665462374687
3761,84.59242367744446,0.48789381980895996,0.0,0.0,0.3515617251396179,0.043184395879507065,0.18879087269306183,-3.1095187664031982,0.039664607495069504
3762,84.60373306274414,0.48789381980895996,0.0,0.0,0.3568001389503479,0.012888530269265175,0.1467328518629074,-3.1029481887817383,0.04381292313337326
3763,84.63226628303528,0.48789381980895996,0.0,0.0,0.3712221682071686,-0.015382222831249237,0.04920738562941551,-3.094280242919922,0.048097267746925354
3764,84.643718957901,0.48789381980895996,0.0,0.0,0.3878632187843323,-0.032129522413015366,0.0038912473246455193,-3.0893518924713135,0.04813114553689957
3765,84.67312359809875,0.48789381980895996,0.0,0.0,0.4045032858848572,-0.04214057698845863,0.00037080561742186546,-3.0889980792999268,0.046462416648864746
3766,84.69141459465027,0.48789381980895996,0.0,0.0,0.41805499792099,-0.05324473977088928,-0.004580105189234018,-3.091207981109619,0.04573418200016022
3767,84.71917986869812,0.48789381980895996,0.0,0.0,0.4278060793876648,-0.07158185541629791,0.07759562134742737,-3.092839479446411,0.04957392439246178
3768,84.73291063308716,0.48789381980895996,0.0,0.0,0.4414807856082916,-0.09256459772586823,0.1023973673582077,-3.092327356338501,0.057715170085430145
3769,84.76258635520935,0.48789381980895996,0.0,0.0,0.45558401942253113,-0.11043645441532135,0.03565336391329765,-3.0869476795196533,0.06781019270420074
3770,84.77372980117798,0.48789381980895996,0.0,0.0,0.466307133436203,-0.10539207607507706,-0.1404329240322113,-3.080477476119995,0.07201994210481644
3771,84.80089807510376,0.48789381980895996,0.0,0.0,0.4586939215660095,-0.0767141580581665,-0.07354932278394699,-3.0786705017089844,0.0739106759428978
3772,84.81266593933105,0.48789381980895996,0.0,0.0,0.4428952634334564,-0.03799297660589218,0.15335598587989807,-3.0863873958587646,0.0733921080827713
3773,84.84587955474854,0.48789381980895996,0.0,0.0,0.44488900899887085,-0.018444852903485298,0.180882066488266,-3.0963985919952393,0.06864693015813828
3774,84.8573043346405,0.48789381980895996,0.0,0.0,0.45186883211135864,-0.005632440559566021,0.12883077561855316,-3.101803779602051,0.06172718107700348
3775,84.88460111618042,0.48789381980895996,0.0,0.0,0.4591507613658905,0.006205718964338303,0.05958794429898262,-3.1033499240875244,0.054613858461380005
3776,84.90008163452148,0.48789381980895996,0.0,0.0,0.4628348648548126,0.024818405508995056,0.04512936994433403,-3.103619337081909,0.04751135781407356
3777,84.93015813827515,0.48789381980895996,0.0,0.0,0.464908242225647,0.04360543563961983,0.08772515505552292,-3.1046395301818848,0.04037843272089958
3778,84.94922709465027,0.48789381980895996,0.0,0.0,0.46408867835998535,0.0565146803855896,0.16330787539482117,-3.1054954528808594,0.03540355712175369
3779,84.98269248008728,0.48789381980895996,0.0,0.0,0.4602978527545929,0.06382698565721512,0.17258603870868683,-3.1049106121063232,0.03492670878767967
3780,84.99586963653564,0.48789381980895996,0.0,0.0,0.45256465673446655,0.07056310772895813,0.09524673223495483,-3.105058431625366,0.041505418717861176
3781,85.02536582946777,0.48789381980895996,0.0,0.0,0.4368201196193695,0.08540156483650208,-0.031122885644435883,-3.110516309738159,0.05306907370686531
3782,85.03736352920532,0.48789381980895996,0.0,0.0,0.45597124099731445,0.08656665682792664,0.10148336738348007,-3.111931324005127,0.05249756947159767
3783,85.06459212303162,0.48789381980895996,0.0,0.0,0.4563373923301697,0.07898785173892975,0.2276088297367096,-3.1104953289031982,0.052054595202207565
3784,85.07571125030518,0.48789381980895996,0.0,0.0,0.45590853691101074,0.06258248537778854,0.23519273102283478,-3.106954336166382,0.05290701985359192
3785,85.10187649726868,0.48789381980895996,0.0,0.0,0.4401263892650604,0.03222513198852539,0.08756261318922043,-3.1020734310150146,0.05308433994650841
3786,85.11331915855408,0.48789381980895996,0.0,0.0,0.423910915851593,0.0013269414193928242,-0.023466885089874268,-3.0961825847625732,0.053699806332588196
3787,85.1436378955841,0.48789381980895996,0.0,0.0,0.42396125197410583,-0.028197210282087326,-0.15962281823158264,-3.089890956878662,0.053868357092142105
3788,85.15946364402771,0.48789381980895996,0.0,0.0,0.4206313490867615,-0.06497339904308319,-0.33954286575317383,-3.081083297729492,0.046711478382349014
3789,85.19675421714783,0.48789381980895996,0.0,0.0,0.41323524713516235,-0.09787429869174957,-0.5925459861755371,-3.0711147785186768,0.035047657787799835
3790,85.20754289627075,0.48789381980895996,0.0,0.0,0.40741416811943054,-0.1230817586183548,-0.9659153819084167,-3.063627243041992,0.021200085058808327
3791,85.23345303535461,0.48789381980895996,0.0,0.0,0.40139785408973694,-0.15074844658374786,-1.3910281658172607,-3.0613210201263428,0.004568872507661581
3792,85.24343276023865,0.48789381980895996,0.0,0.0,0.3908069133758545,-0.18425415456295013,-1.7318875789642334,-3.0619468688964844,-0.013862484134733677
3793,85.27130818367004,0.48789381980895996,0.0,0.0,0.3788440525531769,-0.2124248892068863,-2.0704843997955322,-3.060490369796753,-0.03097948431968689
3794,85.28584456443787,0.48789381980895996,0.0,0.0,0.37799879908561707,-0.21438762545585632,-2.2380504608154297,-3.062403440475464,-0.04138599708676338
3795,85.31618642807007,0.48789381980895996,0.0,0.0,0.39187511801719666,-0.19846144318580627,-2.4161877632141113,-3.085498094558716,-0.03544003888964653
3796,85.32826113700867,0.48789381980895996,0.0,0.0,0.4217042028903961,-0.18762323260307312,-2.6640915870666504,-3.114006519317627,-0.020731648430228233
3797,85.36322903633118,0.48789381980895996,0.0,0.0,0.47205886244773865,-0.18332120776176453,-1.9617866277694702,-3.135936737060547,-0.006956874392926693
3798,85.37453770637512,0.48789381980895996,0.0,0.0,0.526890754699707,-0.1517201066017151,-1.253889799118042,3.1390769481658936,-0.010338567197322845
3799,85.41247916221619,0.48789381980895996,0.0,0.0,0.5398848652839661,-0.10158407688140869,-0.40751156210899353,3.1378002166748047,-0.022910824045538902
3800,85.42332625389099,0.48789381980895996,0.0,0.0,0.514491856098175,-0.054858703166246414,0.23712843656539917,3.1380648612976074,-0.029974916949868202
3801,85.45808577537537,0.48789381980895996,0.0,0.0,0.4910334050655365,-0.03682518005371094,0.3703664243221283,-3.139923334121704,-0.02924662083387375
3802,85.47072148323059,0.48789381980895996,0.0,0.0,0.47997525334358215,-0.030250441282987595,0.2554103136062622,-3.129962921142578,-0.025187598541378975
3803,85.50329303741455,0.48789381980895996,0.0,0.0,0.46868759393692017,-0.018306683748960495,0.13806965947151184,-3.120943784713745,-0.020190730690956116
3804,85.51502919197083,0.48789381980895996,0.0,0.0,0.45564982295036316,0.0019110448192805052,0.068364717066288,-3.117126703262329,-0.01428659912198782
3805,85.54521989822388,0.48789381980895996,0.0,0.0,0.4463798701763153,0.025452546775341034,0.10110194236040115,-3.1178090572357178,-0.008609424345195293
3806,85.55996894836426,0.48789381980895996,0.0,0.0,0.4368952512741089,0.05156590789556503,0.1516415774822235,-3.119704484939575,-0.002987715182825923
3807,85.59089756011963,0.48789381980895996,0.0,0.0,0.4259243905544281,0.07415881752967834,0.17749430239200592,-3.121765375137329,0.0037701015826314688
3808,85.60348343849182,0.48789381980895996,0.0,0.0,0.4123079776763916,0.09501269459724426,0.13408705592155457,-3.1248581409454346,0.014682858251035213
3809,85.63483452796936,0.48789381980895996,0.0,0.0,0.38489899039268494,0.11367208510637283,0.014409325085580349,-3.128938674926758,0.0286274217069149
3810,85.64690709114075,0.48789381980895996,0.0,0.0,0.37182408571243286,0.10643231868743896,0.18899549543857574,-3.1238186359405518,0.033175282180309296
3811,85.67963480949402,0.48789381980895996,0.0,0.0,0.3529593050479889,0.09656944125890732,0.2727164328098297,-3.11336350440979,0.037760887295007706
3812,85.69284343719482,0.48789381980895996,0.0,0.0,0.33980971574783325,0.0848846435546875,0.18748584389686584,-3.106398105621338,0.041745707392692566
3813,85.72570657730103,0.48789381980895996,0.0,0.0,0.3240772485733032,0.06871695071458817,0.057209789752960205,-3.1020801067352295,0.041358500719070435
3814,85.73739695549011,0.48789381980895996,0.0,0.0,0.31002920866012573,0.049953214824199677,0.06710004806518555,-3.095277786254883,0.038993317633867264
3815,85.76313757896423,0.48789381980895996,0.0,0.0,0.29693853855133057,0.03296897932887077,0.06249149143695831,-3.0831918716430664,0.036123115569353104
3816,85.77529382705688,0.48789381980895996,0.0,0.0,0.2786974012851715,0.012406704016029835,0.022595420479774475,-3.068882703781128,0.0347660556435585
3817,85.8028872013092,0.48789381980895996,0.0,0.0,0.26900702714920044,-0.008093336597084999,-0.026219135150313377,-3.055567741394043,0.03401193767786026
3818,85.81577754020691,0.48789381980895996,0.0,0.0,0.2756635844707489,-0.015428051352500916,-0.12278810888528824,-3.044100761413574,0.030964238569140434
3819,85.845951795578,0.48789381980895996,0.0,0.0,0.3180301785469055,0.005426700226962566,-0.051554616540670395,-3.0352654457092285,0.030064113438129425
3820,85.86055397987366,0.48789381980895996,0.0,0.0,0.38047921657562256,0.03295557200908661,0.060265857726335526,-3.032053232192993,0.033702388405799866
3821,85.88976740837097,0.48789381980895996,0.0,0.0,0.437233567237854,0.05454004183411598,-0.07002286612987518,-3.0323495864868164,0.030598927289247513
3822,85.9015200138092,0.48789381980895996,0.0,0.0,0.48888859152793884,0.07292009890079498,-0.016845107078552246,-3.039055347442627,0.011895372532308102
3823,85.9322464466095,0.48789381980895996,0.0,0.0,0.5249032378196716,0.08272922039031982,0.1050591766834259,-3.047826051712036,-0.007740551605820656
3824,85.9452314376831,0.48789381980895996,0.0,0.0,0.5387405157089233,0.07674605399370193,0.27308565378189087,-3.059202194213867,-0.017265841364860535
3825,85.9763696193695,0.48789381980895996,0.0,0.0,0.5141345858573914,0.06572975963354111,0.302268385887146,-3.074122190475464,-0.018685953691601753
3826,85.98793196678162,0.48789381980895996,0.0,0.0,0.48897063732147217,0.0483403280377388,0.08945685625076294,-3.077763319015503,-0.020038120448589325
3827,86.02319979667664,0.48789381980895996,0.0,0.0,0.4589001536369324,0.03499651327729225,-0.07486003637313843,-3.0753121376037598,-0.018861832097172737
3828,86.03497982025146,0.48789381980895996,0.0,0.0,0.4374389946460724,0.027855629101395607,-0.02141372486948967,-3.0719637870788574,-0.013093659654259682
3829,86.06985688209534,0.48789381980895996,0.0,0.0,0.42742109298706055,0.02275448851287365,0.011008556932210922,-3.070420503616333,-0.003554987022653222
3830,86.07963466644287,0.48789381980895996,0.0,0.0,0.4259742796421051,0.01767807826399803,0.01727445237338543,-3.0737719535827637,0.006573576480150223
3831,86.12127566337585,0.48789381980895996,0.0,0.0,0.4297328293323517,0.011930977925658226,0.027968894690275192,-3.0819590091705322,0.014946993440389633
3832,86.13369059562683,0.48789381980895996,0.0,0.0,0.4345339834690094,0.003014638088643551,0.05934107303619385,-3.092288017272949,0.021495088934898376
3833,86.16156029701233,0.48789381980895996,0.0,0.0,0.44190576672554016,-0.011154239997267723,0.13335740566253662,-3.1012723445892334,0.027674371376633644
3834,86.18257188796997,0.48789381980895996,0.0,0.0,0.4553552567958832,-0.028749817982316017,0.16851449012756348,-3.106234073638916,0.033137671649456024
3835,86.21170783042908,0.48789381980895996,0.0,0.0,0.47165822982788086,-0.04880550876259804,0.16318410634994507,-3.1063671112060547,0.03710800036787987
3836,86.23036098480225,0.48789381980895996,0.0,0.0,0.4869306981563568,-0.05796849727630615,0.030001843348145485,-3.102588415145874,0.04078895226120949
3837,86.2594780921936,0.48789381980895996,0.0,0.0,0.4886237680912018,-0.05156349390745163,-0.13690227270126343,-3.1007659435272217,0.04412050545215607
3838,86.27123427391052,0.48789381980895996,0.0,0.0,0.4619820713996887,-0.0373489074409008,-0.12723436951637268,-3.1005234718322754,0.05053284764289856
3839,86.29982876777649,0.48789381980895996,0.0,0.0,0.4366236627101898,-0.0027970874216407537,0.08958497643470764,-3.102959632873535,0.05942277982831001
3840,86.31198382377625,0.48789381980895996,0.0,0.0,0.4279482960700989,0.02097884751856327,0.11164436489343643,-3.1099157333374023,0.06111442670226097
3841,86.4103090763092,0.48789381980895996,0.0,0.0,0.4176570177078247,0.03882381692528725,0.06355702877044678,-3.117020606994629,0.05683992803096771
3842,86.42352104187012,0.48789381980895996,0.0,0.0,0.3982478082180023,0.05749206244945526,0.07145654410123825,-3.124920129776001,0.05250462889671326
3843,86.45647883415222,0.48789381980895996,0.0,0.0,0.3741573989391327,0.07308223098516464,0.10360575467348099,-3.133439779281616,0.05275978893041611
3844,86.46820330619812,0.48789381980895996,0.0,0.0,0.3530663251876831,0.09336630254983902,0.21117372810840607,3.1413075923919678,0.05861881002783775
3845,86.49703741073608,0.48789381980895996,0.0,0.0,0.3330622613430023,0.10143411159515381,0.18400384485721588,3.132528781890869,0.058853283524513245
3846,86.51782321929932,0.48789381980895996,0.0,0.0,0.32881373167037964,0.08459221571683884,0.16575591266155243,3.1314539909362793,0.05095059797167778
3847,86.54924583435059,0.48789381980895996,0.0,0.0,0.31950128078460693,0.05703705549240112,0.08854184299707413,3.1368331909179688,0.047041382640600204
3848,86.56066465377808,0.48789381980895996,0.0,0.0,0.31220704317092896,0.024404127150774002,-0.02989797666668892,-3.137234687805176,0.04929054528474808
3849,86.59351825714111,0.48789381980895996,0.0,0.0,0.31623756885528564,-0.0043227653950452805,-0.1015932559967041,-3.1282434463500977,0.054082874208688736
3850,86.60550332069397,0.48789381980895996,0.0,0.0,0.3267853558063507,-0.021584222093224525,-0.04919318109750748,-3.124051332473755,0.05599717050790787
3851,86.63396430015564,0.48789381980895996,0.0,0.0,0.3358880579471588,-0.03589528426527977,0.015197119675576687,-3.1239664554595947,0.05619306489825249
3852,86.64628529548645,0.48789381980895996,0.0,0.0,0.34289538860321045,-0.05559851601719856,-0.005884107202291489,-3.1233320236206055,0.05592253804206848
3853,86.68038940429688,0.48789381980895996,0.0,0.0,0.34797054529190063,-0.0747954323887825,-0.04042112082242966,-3.1198296546936035,0.0553400032222271
3854,86.69373559951782,0.48789381980895996,0.0,0.0,0.3592895567417145,-0.09162338823080063,-0.04696561396121979,-3.1145620346069336,0.05481192469596863
3855,86.723806142807,0.48789381980895996,0.0,0.0,0.3517546057701111,-0.0894375815987587,-0.007338866591453552,-3.1111903190612793,0.054673824459314346
3856,86.73665356636047,0.48789381980895996,0.0,0.0,0.34255802631378174,-0.07939791679382324,0.021603677421808243,-3.10983943939209,0.0628378689289093
3857,86.76809597015381,0.48789381980895996,0.0,0.0,0.3409297466278076,-0.056763194501399994,0.059340495616197586,-3.108999252319336,0.07265403121709824
3858,86.78266835212708,0.48789381980895996,0.0,0.0,0.3487594425678253,-0.028076697140932083,0.12010689824819565,-3.1102590560913086,0.07500220835208893
3859,86.81036186218262,0.48789381980895996,0.0,0.0,0.3583734929561615,-0.0005398886278271675,0.14891357719898224,-3.1117899417877197,0.06595023721456528
3860,86.8215708732605,0.48789381980895996,0.0,0.0,0.3642372488975525,0.023124057799577713,0.13781754672527313,-3.113234758377075,0.053272686898708344
3861,86.84972071647644,0.48789381980895996,0.0,0.0,0.36861568689346313,0.04686575382947922,0.15714865922927856,-3.115818500518799,0.043463271111249924
3862,86.86005783081055,0.48789381980895996,0.0,0.0,0.3695363998413086,0.06809274107217789,0.15579424798488617,-3.12079119682312,0.0371149443089962
3863,86.88899493217468,0.8573039770126343,0.0,0.0,0.36619511246681213,0.08191429823637009,0.13739937543869019,-3.1267356872558594,0.03528779745101929
3864,86.90427446365356,0.8573039770126343,0.0,0.0,0.3482283055782318,0.09477974474430084,0.1318425089120865,-3.13154673576355,0.03394728899002075
3865,86.934645652771,0.8573039770126343,0.0,0.0,0.3485987186431885,0.10017593204975128,0.06742066144943237,-3.128142833709717,0.037121500819921494
3866,86.94528222084045,0.8573039770126343,0.0,0.0,0.3429490029811859,0.11818112432956696,0.03097783774137497,-3.1280500888824463,0.05073601379990578
3867,86.97497487068176,0.8573039770126343,0.0,0.0,0.3494606614112854,0.13607719540596008,-0.020940646529197693,-3.135129928588867,0.06866691261529922
3868,86.98678994178772,0.8573039770126343,0.0,0.0,0.37690651416778564,0.14262959361076355,-0.016041837632656097,3.138932704925537,0.08224087953567505
3869,87.01832103729248,0.8573039770126343,0.0,0.0,0.4163891077041626,0.12911899387836456,0.033760108053684235,3.1374378204345703,0.08742787688970566
3870,87.02840662002563,0.8573039770126343,0.0,0.0,0.46016767621040344,0.10918048769235611,0.08790844678878784,-3.135941982269287,0.08879733085632324
3871,87.05803799629211,0.8573039770126343,0.0,0.0,0.5023279190063477,0.09191183745861053,0.09467673301696777,-3.121948480606079,0.08834109455347061
3872,87.07363224029541,0.8573039770126343,0.0,0.0,0.5303753614425659,0.07412553578615189,0.06815042346715927,-3.1113977432250977,0.08539434522390366
3873,87.10690641403198,0.8573039770126343,0.0,0.0,0.5532963871955872,0.053937558084726334,0.0010420316830277443,-3.1081035137176514,0.08092954009771347
3874,87.11824679374695,0.8573039770126343,0.0,0.0,0.5848410129547119,0.03232021629810333,-0.037572626024484634,-3.1117777824401855,0.07648387551307678
3875,87.1491289138794,0.8573039770126343,0.0,0.0,0.6287528872489929,0.01362813264131546,-0.0765371322631836,-3.1176257133483887,0.07378124445676804
3876,87.15957069396973,0.8573039770126343,0.0,0.0,0.6805353760719299,-0.005435785744339228,-0.08911096304655075,-3.1238489151000977,0.072479747235775
3877,87.19067406654358,0.8573039770126343,0.0,0.0,0.73768150806427,-0.017563538625836372,-0.034000273793935776,-3.132197618484497,0.07085901498794556
3878,87.20288920402527,0.8573039770126343,0.0,0.0,0.7872597575187683,-0.028088120743632317,0.044429752975702286,3.1393439769744873,0.06732714921236038
3879,87.23183155059814,0.8573039770126343,0.0,0.0,0.8306833505630493,-0.04304250329732895,0.0735798180103302,3.1297457218170166,0.06406683474779129
3880,87.24240756034851,0.8573039770126343,0.0,0.0,0.8684857487678528,-0.07067252695560455,-0.04880978912115097,3.1289656162261963,0.0624733492732048
3881,87.27504134178162,0.8573039770126343,0.0,0.0,0.9043033123016357,-0.07675661891698837,-0.32206597924232483,3.1349220275878906,0.05752161145210266
3882,87.28956341743469,0.8573039770126343,0.0,0.0,0.8785384297370911,-0.04337834566831589,-0.0907585397362709,3.1350080966949463,0.045976437628269196
3883,87.3175745010376,0.8573039770126343,0.0,0.0,0.8601458668708801,-0.017028242349624634,0.13395044207572937,3.1291205883026123,0.035875365138053894
3884,87.32886600494385,0.8573039770126343,0.0,0.0,0.8651893138885498,-0.00426016328856349,0.2557416260242462,3.1231515407562256,0.027597684413194656
3885,87.35863423347473,0.8573039770126343,0.0,0.0,0.8938411474227905,-0.0014480140525847673,0.2779685854911804,3.1205902099609375,0.02345835231244564
3886,87.37003540992737,0.8573039770126343,0.0,0.0,0.9314932823181152,-0.0009784153662621975,0.22093641757965088,3.122537136077881,0.02152569591999054
3887,87.39783191680908,0.8573039770126343,0.0,0.0,0.9627984762191772,0.004365307278931141,0.17271633446216583,3.128075122833252,0.018129561096429825
3888,87.40911293029785,0.8573039770126343,0.0,0.0,0.9798616170883179,0.01437571831047535,0.20977483689785004,3.1356801986694336,0.012514331378042698
3889,87.44691967964172,0.8573039770126343,0.0,0.0,0.9874043464660645,0.023189818486571312,0.28085029125213623,-3.139260768890381,0.0074799396097660065
3890,87.45673036575317,0.8573039770126343,0.0,0.0,0.9862804412841797,0.030791709199547768,0.339781254529953,-3.1331913471221924,0.007738369982689619
3891,87.53222322463989,0.8573039770126343,0.0,0.0,0.9343013763427734,0.03827347233891487,0.22364434599876404,-3.1358578205108643,0.02040237933397293
3892,87.54343271255493,0.8573039770126343,0.0,0.0,0.8969225883483887,0.014262155629694462,0.11873196065425873,-3.139789342880249,0.027765166014432907
3893,87.57384753227234,0.8573039770126343,0.0,0.0,0.834907054901123,-0.005128182470798492,0.04899438098073006,-3.134767770767212,0.029639434069395065
3894,87.59383511543274,0.8573039770126343,0.0,0.0,0.7756443619728088,-0.022665752097964287,0.05745001137256622,-3.127688407897949,0.03381636366248131
3895,87.62279725074768,0.8573039770126343,0.0,0.0,0.737036943435669,-0.03350719064474106,0.03369351476430893,-3.123609781265259,0.04251980036497116
3896,87.63446736335754,0.8573039770126343,0.0,0.0,0.7129001021385193,-0.040807515382766724,-0.027970347553491592,-3.12394118309021,0.052898529917001724
3897,87.67107152938843,0.8573039770126343,0.0,0.0,0.6965563297271729,-0.04900308698415756,0.000975022092461586,-3.1265382766723633,0.06324116885662079
3898,87.6849570274353,0.8573039770126343,0.0,0.0,0.6901388168334961,-0.056077081710100174,0.0723138153553009,-3.129256010055542,0.07209552824497223
3899,87.71585178375244,0.8573039770126343,0.0,0.0,0.6885069012641907,-0.061850033700466156,0.18331784009933472,-3.1323018074035645,0.07840396463871002
3900,87.72597360610962,0.8573039770126343,0.0,0.0,0.6970292329788208,-0.07336107641458511,0.18321678042411804,-3.1343367099761963,0.08245225995779037
3901,87.75698256492615,0.8573039770126343,0.0,0.0,0.7039160132408142,-0.07407837361097336,0.08274637907743454,-3.135981321334839,0.07830356061458588
3902,87.77487087249756,0.8573039770126343,0.0,0.0,0.6964635252952576,-0.07726813852787018,0.023473655804991722,-3.132946729660034,0.08022206276655197
3903,87.80984807014465,0.8573039770126343,0.0,0.0,0.7016290426254272,-0.06831031292676926,-0.04653983935713768,-3.12658953666687,0.09140278398990631
3904,87.82466530799866,0.8573039770126343,0.0,0.0,0.7139497399330139,-0.046097055077552795,-0.09504885971546173,-3.122206211090088,0.10315237939357758
3905,87.8618175983429,0.8573039770126343,0.0,0.0,0.7241812348365784,-0.008296182379126549,0.00885223038494587,-3.122990846633911,0.1094292402267456
3906,87.87480926513672,0.8573039770126343,0.0,0.0,0.7357314825057983,0.030102593824267387,0.16905447840690613,-3.1311686038970947,0.10552666336297989
3907,87.90652298927307,0.8573039770126343,0.0,0.0,0.7596784234046936,0.05102575197815895,0.15479177236557007,-3.1391093730926514,0.09110432863235474
3908,87.9182116985321,0.8573039770126343,0.0,0.0,0.7779096961021423,0.06971773505210876,0.1432344913482666,-3.141042709350586,0.07299573719501495
3909,87.9507064819336,0.8573039770126343,0.0,0.0,0.7930101156234741,0.09367265552282333,0.20598536729812622,-3.1396424770355225,0.05760601535439491
3910,87.96283221244812,0.8573039770126343,0.0,0.0,0.8084034323692322,0.11456476897001266,0.2252548187971115,-3.137683868408203,0.04509636387228966
3911,87.99259352684021,0.8573039770126343,0.0,0.0,0.8212277889251709,0.13598786294460297,0.2239113748073578,-3.136072874069214,0.036443211138248444
3912,88.00413084030151,0.8573039770126343,0.0,0.0,0.7970742583274841,0.1585807055234909,0.15299639105796814,3.141409397125244,0.03270362690091133
3913,88.03292965888977,0.8573039770126343,0.0,0.0,0.8033263087272644,0.1446942538022995,0.1781667023897171,3.138532876968384,0.019049499183893204
3914,88.0432140827179,0.8573039770126343,0.0,0.0,0.7740927338600159,0.10836249589920044,0.048750557005405426,-3.1371254920959473,0.012034551240503788
3915,88.07194113731384,0.8573039770126343,0.0,0.0,0.761096179485321,0.08685646206140518,-0.07875289767980576,-3.1263208389282227,0.011583464220166206
3916,88.08332324028015,0.8573039770126343,0.0,0.0,0.7673500180244446,0.08146067708730698,-0.13138261437416077,-3.1214635372161865,0.014895336702466011
3917,88.11197829246521,0.8573039770126343,0.0,0.0,0.7799710035324097,0.07770726084709167,-0.09551085531711578,-3.1237103939056396,0.019012918695807457
3918,88.1244797706604,0.8573039770126343,0.0,0.0,0.7991510033607483,0.07193802297115326,-0.048272352665662766,-3.1294357776641846,0.02280450239777565
3919,88.15602612495422,0.8573039770126343,0.0,0.0,0.8258808255195618,0.06813913583755493,0.002098239026963711,-3.137422561645508,0.024141713976860046
3920,88.16693449020386,0.8573039770126343,0.0,0.0,0.8557114005088806,0.061583615839481354,0.040432706475257874,3.136277198791504,0.02359890751540661
3921,88.19627714157104,0.8573039770126343,0.0,0.0,0.8860857486724854,0.05300668999552727,0.01932608336210251,3.130204439163208,0.0228421613574028
3922,88.20848846435547,0.8573039770126343,0.0,0.0,0.9163589477539062,0.04477248340845108,-0.005605494603514671,3.1311886310577393,0.023449165746569633
3923,88.24038195610046,0.8573039770126343,0.0,0.0,0.9330950975418091,0.0377463661134243,-0.1360456794500351,3.1398956775665283,0.028852205723524094
3924,88.25217652320862,0.8573039770126343,0.0,0.0,0.9096174836158752,0.05290031060576439,-0.04731623828411102,-3.137500047683716,0.033638328313827515
3925,88.28733992576599,0.8573039770126343,0.0,0.0,0.8798491358757019,0.07156366109848022,0.12453147768974304,-3.1408400535583496,0.0357828252017498
3926,88.29842948913574,0.8573039770126343,0.0,0.0,0.8707014918327332,0.0774386078119278,0.14235292375087738,3.1326513290405273,0.03334898129105568
3927,88.32837295532227,0.8573039770126343,0.0,0.0,0.8744154572486877,0.07329759746789932,0.11856117844581604,3.122966766357422,0.030315369367599487
3928,88.34150743484497,0.8573039770126343,0.0,0.0,0.8835965394973755,0.06423896551132202,0.1123574748635292,3.117913246154785,0.029001889750361443
3929,88.37026977539062,0.8573039770126343,0.0,0.0,0.8884362578392029,0.05622808635234833,0.15954400599002838,3.1177847385406494,0.02963048405945301
3930,88.37997674942017,0.8573039770126343,0.0,0.0,0.8907558917999268,0.048344686627388,0.21129105985164642,3.1219167709350586,0.032169636338949203
3931,88.40870690345764,0.8573039770126343,0.0,0.0,0.8926925659179688,0.047772008925676346,0.2548867464065552,3.129441022872925,0.03571398928761482
3932,88.42264723777771,0.8573039770126343,0.0,0.0,0.8946386575698853,0.04686548933386803,0.2607455849647522,3.138571262359619,0.0408923365175724
3933,88.4525933265686,0.8573039770126343,0.0,0.0,0.8949729204177856,0.0504373200237751,0.182095468044281,-3.136232376098633,0.051466576755046844
3934,88.46460700035095,0.8573039770126343,0.0,0.0,0.8927067518234253,0.05824851989746094,0.2666724920272827,-3.1332647800445557,0.06646794080734253
3935,88.49194645881653,0.8573039770126343,0.0,0.0,0.8721323609352112,0.03935116529464722,0.3443222939968109,-3.132351875305176,0.07484307140111923
3936,88.50547313690186,0.8573039770126343,0.0,0.0,0.8268760442733765,0.005442885681986809,0.16858775913715363,-3.127397060394287,0.07960443198680878
3937,88.53369498252869,0.8573039770126343,0.0,0.0,0.7743232846260071,-0.027317866683006287,0.00014752894639968872,-3.1176440715789795,0.08434724807739258
3938,88.55325531959534,0.8573039770126343,0.0,0.0,0.7436701059341431,-0.04852301627397537,-0.08264296501874924,-3.109055519104004,0.08745153993368149
3939,88.58227562904358,0.8573039770126343,0.0,0.0,0.7121323943138123,-0.07177480310201645,-0.07147961109876633,-3.102726459503174,0.08927378803491592
3940,88.59167981147766,0.8573039770126343,0.0,0.0,0.6868667602539062,-0.09165938198566437,-0.08439058065414429,-3.0960516929626465,0.09269075840711594
3941,88.65052914619446,0.8573039770126343,0.0,0.0,0.6854880452156067,-0.10638859122991562,-0.027067292481660843,-3.091412305831909,0.0970839187502861
3942,88.66514945030212,0.8573039770126343,0.0,0.0,0.686794638633728,-0.10183369368314743,-0.017616981640458107,-3.089674711227417,0.09259685128927231
3943,88.70149445533752,0.8573039770126343,0.0,0.0,0.676904022693634,-0.08508662134408951,0.048341259360313416,-3.0876591205596924,0.09497158229351044
3944,88.71187090873718,0.8573039770126343,0.0,0.0,0.6851979494094849,-0.05175349488854408,0.04717378690838814,-3.089766025543213,0.10488119721412659
3945,88.74198937416077,0.8573039770126343,0.0,0.0,0.7142356038093567,-0.018873661756515503,0.07920471578836441,-3.098330020904541,0.1067240983247757
3946,88.75374460220337,0.8573039770126343,0.0,0.0,0.740426778793335,0.00018896954134106636,0.0978245809674263,-3.1054210662841797,0.09364967048168182
3947,88.78169894218445,0.8573039770126343,0.0,0.0,0.7580820918083191,0.0119150560349226,0.1782291680574417,-3.107211112976074,0.07561986893415451
3948,88.79339504241943,0.8573039770126343,0.0,0.0,0.7679206728935242,0.020123200491070747,0.25847017765045166,-3.104538679122925,0.061925362795591354
3949,88.8231942653656,0.8573039770126343,0.0,0.0,0.7838497161865234,0.02855861745774746,0.30317917466163635,-3.098045825958252,0.053152989596128464
3950,88.83643054962158,0.8573039770126343,0.0,0.0,0.80394047498703,0.03957538306713104,0.3080132007598877,-3.089691400527954,0.046382635831832886
3951,88.86379885673523,0.8573039770126343,0.0,0.0,0.828245997428894,0.05110945925116539,0.29150572419166565,-3.0827746391296387,0.0397806316614151
3952,88.87531781196594,0.8573039770126343,0.0,0.0,0.8170740008354187,0.0701427012681961,0.29500624537467957,-3.0835189819335938,0.03674403950572014
3953,88.90391206741333,0.8573039770126343,0.0,0.0,0.8415930867195129,0.06101679801940918,0.20278234779834747,-3.089040994644165,0.02625165693461895
3954,88.91804242134094,0.8573039770126343,0.0,0.0,0.8094644546508789,0.03797733411192894,0.01978474110364914,-3.090216875076294,0.017289234325289726
3955,88.94621586799622,0.8573039770126343,0.0,0.0,0.7735693454742432,0.01571040414273739,-0.06128339841961861,-3.0870659351348877,0.015402686782181263
3956,88.96667790412903,0.8573039770126343,0.0,0.0,0.7593483924865723,0.002902599284425378,-0.08309942483901978,-3.0822513103485107,0.021168537437915802
3957,88.99705862998962,0.8573039770126343,0.0,0.0,0.7618424892425537,-0.0023581841960549355,-0.1049538180232048,-3.078862428665161,0.029848866164684296
3958,89.01618790626526,0.8573039770126343,0.0,0.0,0.7717965841293335,-0.004997661802917719,-0.10906124860048294,-3.079052448272705,0.03703353926539421
3959,89.04616117477417,0.8573039770126343,0.0,0.0,0.7854611277580261,-0.007769861724227667,-0.06695369631052017,-3.0842597484588623,0.04115871712565422
3960,89.05767846107483,0.8573039770126343,0.0,0.0,0.8039725422859192,-0.017479535192251205,0.0340384878218174,-3.0929951667785645,0.04364599287509918
3961,89.08504343032837,0.8573039770126343,0.0,0.0,0.8322606682777405,-0.031733207404613495,0.10557305812835693,-3.101682186126709,0.04456121847033501
3962,89.09977889060974,0.8573039770126343,0.0,0.0,0.862723708152771,-0.05566713958978653,0.04257269203662872,-3.1062309741973877,0.04305119439959526
3963,89.13021087646484,0.8573039770126343,0.0,0.0,0.8889928460121155,-0.07715240120887756,-0.051420606672763824,-3.104307174682617,0.0404449924826622
3964,89.14653754234314,0.8573039770126343,0.0,0.0,0.9037889838218689,-0.07595132291316986,-0.15814846754074097,-3.098947763442993,0.039397936314344406
3965,89.17827081680298,0.8573039770126343,0.0,0.0,0.8800455331802368,-0.05872727558016777,-0.02206023596227169,-3.098236083984375,0.03976048156619072
3966,89.18986296653748,0.8573039770126343,0.0,0.0,0.8456581830978394,-0.03030999004840851,0.18643897771835327,-3.1048197746276855,0.04184330254793167
3967,89.21730184555054,0.8573039770126343,0.0,0.0,0.8276810646057129,-0.01136643998324871,0.23736901581287384,-3.116107702255249,0.03834482654929161
3968,89.22841930389404,0.8573039770126343,0.0,0.0,0.8228356838226318,0.0010053107980638742,0.21524527668952942,-3.127946615219116,0.03240212798118591
3969,89.25963377952576,0.8573039770126343,0.0,0.0,0.8246793746948242,0.011127508245408535,0.2002500295639038,-3.1386630535125732,0.027980582788586617
3970,89.27128195762634,0.8573039770126343,0.0,0.0,0.8288403749465942,0.018966929987072945,0.18858803808689117,3.135716676712036,0.024902964010834694
3971,89.30124139785767,0.8573039770126343,0.0,0.0,0.8310422897338867,0.02712491899728775,0.2260480523109436,3.1293141841888428,0.021939361467957497
3972,89.31165385246277,0.8573039770126343,0.0,0.0,0.8327319025993347,0.03218420222401619,0.2845833897590637,3.1252036094665527,0.01967865414917469
3973,89.34206414222717,0.8573039770126343,0.0,0.0,0.8341878056526184,0.0349566712975502,0.34939247369766235,3.1250157356262207,0.018738480284810066
3974,89.35392379760742,0.8573039770126343,0.0,0.0,0.8349231481552124,0.03587751090526581,0.3717583417892456,3.1301355361938477,0.02083914913237095
3975,89.38188242912292,0.8573039770126343,0.0,0.0,0.8345518112182617,0.038186054676771164,0.3307774066925049,3.1388392448425293,0.028557168319821358
3976,89.39349913597107,0.8573039770126343,0.0,0.0,0.8222059011459351,0.04309898242354393,0.28964948654174805,-3.1371681690216064,0.04018684849143028
3977,89.42360472679138,0.8573039770126343,0.0,0.0,0.8139702677726746,0.02894190140068531,0.3653019666671753,-3.13151216506958,0.04324525594711304
3978,89.43497347831726,0.8573039770126343,0.0,0.0,0.7722346782684326,-0.004661716986447573,0.13723421096801758,-3.1250669956207275,0.04683403670787811
3979,89.4648118019104,0.8573039770126343,0.0,0.0,0.7290138602256775,-0.041258346289396286,-0.014802022837102413,-3.1161742210388184,0.05520682409405708
3980,89.47556114196777,0.8573039770126343,0.0,0.0,0.7058723568916321,-0.06785289943218231,-0.08127977699041367,-3.1068804264068604,0.06305642426013947
3981,89.50472784042358,0.8573039770126343,0.0,0.0,0.6926892399787903,-0.08833613991737366,-0.07580889761447906,-3.1004648208618164,0.06922460347414017
3982,89.51647329330444,0.8573039770126343,0.0,0.0,0.6819123029708862,-0.10572417080402374,-0.04885999485850334,-3.0955710411071777,0.07457152009010315
3983,89.54861402511597,0.8573039770126343,0.0,0.0,0.6779088973999023,-0.12733978033065796,0.06457313895225525,-3.091796636581421,0.0813463032245636
3984,89.55909061431885,0.8573039770126343,0.0,0.0,0.689386785030365,-0.13117626309394836,0.06003208085894585,-3.090078592300415,0.08176235109567642
3985,89.59108209609985,0.8573039770126343,0.0,0.0,0.6783941388130188,-0.13071182370185852,0.03225117549300194,-3.0882985591888428,0.08365301787853241
3986,89.60836052894592,0.8573039770126343,0.0,0.0,0.6753870248794556,-0.1188461184501648,-0.003972917795181274,-3.0866353511810303,0.09418411552906036
3987,89.63966345787048,0.8573039770126343,0.0,0.0,0.6833093166351318,-0.09005968272686005,0.08027641475200653,-3.0881197452545166,0.10391389578580856
3988,89.65346932411194,0.8573039770126343,0.0,0.0,0.7052013278007507,-0.06348881125450134,0.1477566659450531,-3.092897891998291,0.1035580188035965
3989,89.68308687210083,0.8573039770126343,0.0,0.0,0.7281830906867981,-0.04366777464747429,0.11606153845787048,-3.096558094024658,0.09070950001478195
3990,89.70144438743591,0.8573039770126343,0.0,0.0,0.7476325035095215,-0.02528676763176918,0.10405799001455307,-3.0989372730255127,0.07408837229013443
3991,89.72743391990662,0.8573039770126343,0.0,0.0,0.7651296257972717,-0.005723624490201473,0.1358669102191925,-3.100691080093384,0.06147168576717377
3992,89.73742580413818,0.8573039770126343,0.0,0.0,0.7848766446113586,0.008623170666396618,0.2072802186012268,-3.1012790203094482,0.05282182618975639
3993,89.76838874816895,0.8573039770126343,0.0,0.0,0.8008022308349609,0.018245747312903404,0.23455685377120972,-3.099071502685547,0.04645790904760361
3994,89.78006267547607,0.8573039770126343,0.0,0.0,0.8145303726196289,0.02189401164650917,0.26492902636528015,-3.0962610244750977,0.04259779676795006
3995,89.81203746795654,0.8573039770126343,0.0,0.0,0.8232917189598083,0.026337796822190285,0.2875708043575287,-3.0992228984832764,0.04545894265174866
3996,89.8265073299408,0.8573039770126343,0.0,0.0,0.8124024271965027,0.03795142471790314,0.1471114307641983,-3.1097891330718994,0.054318852722644806
3997,89.85496306419373,0.8573039770126343,0.0,0.0,0.8061617612838745,0.027233613654971123,0.19485929608345032,-3.114182949066162,0.047324180603027344
3998,89.86749196052551,0.8573039770126343,0.0,0.0,0.7652474045753479,0.005588321480900049,0.004711318761110306,-3.1103403568267822,0.040758926421403885
3999,89.89499545097351,0.8573039770126343,0.0,0.0,0.7329365015029907,-0.006227429956197739,-0.09633450955152512,-3.105314016342163,0.039863210171461105
4000,89.90692329406738,0.8573039770126343,0.0,0.0,0.7143695950508118,-0.014061336405575275,-0.09334254264831543,-3.1032161712646484,0.04434138536453247
4001,89.95431280136108,0.8573039770126343,0.0,0.0,0.7091419100761414,-0.019172748550772667,-0.12031172215938568,-3.1033380031585693,0.049956049770116806
4002,89.97272610664368,0.8573039770126343,0.0,0.0,0.7105568051338196,-0.02458554320037365,-0.06712691485881805,-3.1060099601745605,0.05406658351421356
4003,90.00036287307739,0.8573039770126343,0.0,0.0,0.7183873057365417,-0.032593753188848495,0.011396560817956924,-3.110795736312866,0.056249313056468964
4004,90.01278686523438,0.8573039770126343,0.0,0.0,0.7306731939315796,-0.04730885848402977,0.041592780500650406,-3.116481065750122,0.056178320199251175
4005,90.04070472717285,0.8573039770126343,0.0,0.0,0.7484558820724487,-0.062168776988983154,0.04050644487142563,-3.121751308441162,0.05481069162487984
4006,90.0523669719696,0.8573039770126343,0.0,0.0,0.7683224081993103,-0.07580007612705231,0.01749521493911743,-3.125519037246704,0.05370769649744034
4007,90.08014297485352,0.987824022769928,0.0,0.0,0.787706732749939,-0.09038405120372772,0.0824848860502243,-3.126002073287964,0.056303203105926514
4008,90.10198378562927,0.987824022769928,0.0,0.0,0.8257720470428467,-0.09872187674045563,-0.011569852009415627,-3.122133493423462,0.06229400262236595
4009,90.13366842269897,0.987824022769928,0.0,0.0,0.8399887084960938,-0.10576561838388443,-0.10807821899652481,-3.1160192489624023,0.0657406896352768
4010,90.14362645149231,0.987824022769928,0.0,0.0,0.8332949280738831,-0.09827706217765808,-0.058565184473991394,-3.107576370239258,0.07735065370798111
4011,90.17534470558167,0.987824022769928,0.0,0.0,0.8225757479667664,-0.07712597399950027,0.0046660155057907104,-3.104118824005127,0.08987937122583389
4012,90.18682837486267,0.987824022769928,0.0,0.0,0.8138171434402466,-0.04627000540494919,0.07808235287666321,-3.1099295616149902,0.09129464626312256
4013,90.21952104568481,0.987824022769928,0.0,0.0,0.812512218952179,-0.0217828918248415,0.16461491584777832,-3.1225473880767822,0.08176984637975693
4014,90.22994065284729,0.987824022769928,0.0,0.0,0.8182389736175537,-0.00832517258822918,0.18635743856430054,-3.1343812942504883,0.07098868489265442
4015,90.25886368751526,0.987824022769928,0.0,0.0,0.8247962594032288,0.0032901186496019363,0.18150264024734497,3.1413726806640625,0.06275046616792679
4016,90.27095293998718,0.987824022769928,0.0,0.0,0.8344667553901672,0.018781492486596107,0.17571967840194702,3.1371076107025146,0.05664744973182678
4017,90.3015365600586,0.987824022769928,0.0,0.0,0.8496355414390564,0.03842290863394737,0.18477416038513184,3.1347649097442627,0.050835173577070236
4018,90.3118064403534,0.987824022769928,0.0,0.0,0.8700480461120605,0.05585397407412529,0.19784356653690338,3.134361505508423,0.044619664549827576
4019,90.3444595336914,0.987824022769928,0.0,0.0,0.8869853019714355,0.0726703554391861,0.19912707805633545,3.1356964111328125,0.039393387734889984
4020,90.35522198677063,0.987824022769928,0.0,0.0,0.903957188129425,0.08785899728536606,0.17462697625160217,3.1370368003845215,0.03795379400253296
4021,90.38389539718628,0.987824022769928,0.0,0.0,0.9177709221839905,0.10139159858226776,0.15387997031211853,3.1367056369781494,0.04233701899647713
4022,90.39549851417542,0.987824022769928,0.0,0.0,0.9046986699104309,0.11811273545026779,0.08423248678445816,3.1317877769470215,0.04686325043439865
4023,90.42733860015869,0.987824022769928,0.0,0.0,0.9030069708824158,0.09882772713899612,0.2527834177017212,3.131887912750244,0.0451848991215229
4024,90.45123815536499,0.987824022769928,0.0,0.0,0.8719639182090759,0.06485982984304428,0.1109735295176506,3.1407411098480225,0.04789496585726738
4025,90.47961330413818,0.987824022769928,0.0,0.0,0.8534139394760132,0.039736922830343246,-0.0613834410905838,-3.13162899017334,0.05061417818069458
4026,90.4949278831482,0.987824022769928,0.0,0.0,0.8452216982841492,0.02112616039812565,-0.09960824251174927,-3.125840425491333,0.05116940662264824
4027,90.52742958068848,0.987824022769928,0.0,0.0,0.8423460125923157,0.0009974973509088159,-0.06658227741718292,-3.1234498023986816,0.051182232797145844
4028,90.53873300552368,0.987824022769928,0.0,0.0,0.8506489992141724,-0.015365634113550186,-0.05418669804930687,-3.121678590774536,0.05073646456003189
4029,90.5662636756897,0.987824022769928,0.0,0.0,0.8651490211486816,-0.028407715260982513,-0.022196121513843536,-3.1213219165802,0.0493583120405674
4030,90.57989978790283,0.987824022769928,0.0,0.0,0.8847696185112,-0.044992364943027496,0.025970231741666794,-3.124239444732666,0.04761909320950508
4031,90.61301922798157,0.987824022769928,0.0,0.0,0.9096357822418213,-0.06618347018957138,0.024704696610569954,-3.128995418548584,0.045778222382068634
4032,90.62544250488281,0.987824022769928,0.0,0.0,0.9313452839851379,-0.08300641179084778,0.04681888967752457,-3.131610631942749,0.045894499868154526
4033,90.65379619598389,0.987824022769928,0.0,0.0,0.959459662437439,-0.10098334401845932,0.1052585020661354,-3.1292638778686523,0.0511493943631649
4034,90.66595077514648,0.6539920568466187,0.0,0.0,0.9681030511856079,-0.10983795672655106,-0.10414952039718628,-3.12227201461792,0.05383714661002159
4035,90.70166182518005,0.6539920568466187,0.0,0.0,0.9376129508018494,-0.07706423848867416,-0.014640122652053833,-3.1162149906158447,0.05766420066356659
4036,90.71330428123474,0.6539920568466187,0.0,0.0,0.9312573671340942,-0.041195690631866455,0.11938498169183731,-3.119471788406372,0.05432188883423805
4037,90.7418897151947,0.6539920568466187,0.0,0.0,0.944150447845459,-0.01904974691569805,0.1207963228225708,-3.127659559249878,0.04448385536670685
4038,90.75404262542725,0.6539920568466187,0.0,0.0,0.9620364308357239,-0.004138287156820297,0.09001288563013077,-3.1350204944610596,0.03547482565045357
4039,90.78052735328674,0.6539920568466187,0.0,0.0,0.9716795086860657,0.012402484193444252,0.07021644711494446,-3.1378936767578125,0.029071636497974396
4040,90.79118943214417,0.6539920568466187,0.0,0.0,0.9700371026992798,0.02899150736629963,0.12024258077144623,-3.1367149353027344,0.023099854588508606
4041,90.81811881065369,0.6539920568466187,0.0,0.0,0.9539222121238708,0.0384344682097435,0.31208336353302,-3.135477304458618,0.0183747299015522
4042,90.82831311225891,0.6539920568466187,0.0,0.0,0.929329514503479,0.03344738855957985,0.46216094493865967,-3.140611171722412,0.02143092267215252
4043,90.8550386428833,0.6539920568466187,0.0,0.0,0.8966715931892395,0.022287381812930107,0.46198439598083496,3.1325535774230957,0.038268592208623886
4044,90.86859965324402,0.6539920568466187,0.0,0.0,0.8165449500083923,0.01679285615682602,0.0535554401576519,3.123149871826172,0.05813558027148247
4045,90.90249252319336,0.6539920568466187,0.0,0.0,0.7336516380310059,0.0007046661339700222,0.04780351370573044,3.1280457973480225,0.06130126118659973
4046,90.91316890716553,0.6539920568466187,0.0,0.0,0.6474502682685852,-0.01224849559366703,-0.0029697073623538017,3.1373486518859863,0.06290191411972046
4047,90.94614958763123,0.6539920568466187,0.0,0.0,0.574970543384552,-0.01886029541492462,-0.11770398914813995,3.1407272815704346,0.06813235580921173
4048,90.96093535423279,0.6539920568466187,0.0,0.0,0.5177137851715088,-0.023626646026968956,-0.10040216147899628,3.1388449668884277,0.07553031295537949
4049,90.98998403549194,0.6539920568466187,0.0,0.0,0.4752851128578186,-0.02664831094443798,-0.03859679028391838,3.136605978012085,0.08291492611169815
4050,91.00141882896423,0.6539920568466187,0.0,0.0,0.45221710205078125,-0.027647770941257477,0.02274400368332863,3.1348142623901367,0.08920039236545563
4051,91.03266596794128,0.6539920568466187,0.0,0.0,0.4335674047470093,-0.018393881618976593,0.0011584796011447906,3.133819341659546,0.08707936108112335
4052,91.04312682151794,0.6539920568466187,0.0,0.0,0.41384533047676086,-0.001885314006358385,0.07905586808919907,3.138042688369751,0.08507592976093292
4053,91.07225108146667,0.6539920568466187,0.0,0.0,0.4036383330821991,0.02383611351251602,0.05390878766775131,-3.139029026031494,0.08591753989458084
4054,91.0839352607727,0.6539920568466187,0.0,0.0,0.3954402208328247,0.05431032180786133,0.03972943499684334,-3.139214038848877,0.09015358239412308
4055,91.11376190185547,0.6539920568466187,0.0,0.0,0.38299450278282166,0.0841090977191925,0.08591330051422119,3.1370043754577637,0.09994353353977203
4056,91.12957525253296,0.6539920568466187,0.0,0.0,0.39414098858833313,0.10695915669202805,0.028904147446155548,3.1306912899017334,0.10987551510334015
4057,91.16019177436829,0.6539920568466187,0.0,0.0,0.4032926857471466,0.12863968312740326,-0.07130476832389832,3.1296560764312744,0.11277977377176285
4058,91.17216444015503,0.6539920568466187,0.0,0.0,0.41132405400276184,0.14991982281208038,-0.006504311691969633,3.1314258575439453,0.11159518361091614
4059,91.20197606086731,0.6539920568466187,0.0,0.0,0.4189814627170563,0.16456621885299683,0.10206924378871918,3.133981943130493,0.11092119663953781
4060,91.21369957923889,0.6539920568466187,0.0,0.0,0.4292992055416107,0.16960684955120087,0.16052691638469696,3.1381173133850098,0.11034822463989258
4061,91.24283838272095,0.6539920568466187,0.0,0.0,0.43703076243400574,0.16450367867946625,0.11926250159740448,-3.139883279800415,0.10789339989423752
4062,91.25713586807251,0.6539920568466187,0.0,0.0,0.4348616600036621,0.15090160071849823,0.016504641622304916,-3.1357429027557373,0.10329615324735641
4063,91.28758573532104,0.6539920568466187,0.0,0.0,0.4335235357284546,0.13868917524814606,-0.08420827984809875,-3.1350550651550293,0.0972488522529602
4064,91.30011677742004,0.6539920568466187,0.0,0.0,0.4338148534297943,0.12869761884212494,-0.06862659752368927,-3.1384150981903076,0.09150082617998123
4065,91.32754421234131,0.6539920568466187,0.0,0.0,0.4443375766277313,0.12123619019985199,-0.0419183149933815,3.1404638290405273,0.08662396669387817
4066,91.33960962295532,0.5446200370788574,0.0,0.0,0.4568667411804199,0.11588788777589798,-0.047768671065568924,3.1367056369781494,0.07971805334091187
4067,91.36750960350037,0.5446200370788574,0.0,0.0,0.47289085388183594,0.10946998000144958,-0.015443693846464157,3.132215738296509,0.0722561702132225
4068,91.37880539894104,0.5446200370788574,0.0,0.0,0.4911612272262573,0.09935742616653442,-0.011590106412768364,3.126939058303833,0.06455180048942566
4069,91.4098150730133,0.5446200370788574,0.0,0.0,0.5108563899993896,0.09282496571540833,0.004223397467285395,3.1220719814300537,0.05843759700655937
4070,91.42256212234497,0.5446200370788574,0.0,0.0,0.5362642407417297,0.09004292637109756,0.016476960852742195,3.116342782974243,0.054534442722797394
4071,91.45208501815796,0.5446200370788574,0.0,0.0,0.5621708631515503,0.08369557559490204,-0.004483053460717201,3.1118879318237305,0.05192619934678078
4072,91.46804571151733,0.5446200370788574,0.0,0.0,0.5814690589904785,0.08059597760438919,-0.04372987151145935,3.112191677093506,0.051787737756967545
4073,91.50012826919556,0.5446200370788574,0.0,0.0,0.5999362468719482,0.07566601783037186,-0.10848598182201385,3.1204988956451416,0.05642319843173027
4074,91.51155853271484,0.5446200370788574,0.0,0.0,0.6009291410446167,0.08051739633083344,-0.20987075567245483,3.1350114345550537,0.06395165622234344
4075,91.54232382774353,0.5446200370788574,0.0,0.0,0.5602560043334961,0.1075594499707222,0.14352333545684814,3.138003349304199,0.06556382775306702
4076,91.55428004264832,0.5446200370788574,0.0,0.0,0.5388537645339966,0.11728417128324509,0.27013805508613586,3.131014823913574,0.06264528632164001
4077,91.5898609161377,0.5446200370788574,0.0,0.0,0.5247535705566406,0.11215684562921524,0.24735690653324127,3.1227810382843018,0.06051364913582802
4078,91.60951972007751,0.5446200370788574,0.0,0.0,0.5174582004547119,0.10045398771762848,0.20829103887081146,3.118046998977661,0.06148390471935272
4079,91.63900470733643,0.5446200370788574,0.0,0.0,0.5085028409957886,0.0895516574382782,0.19473856687545776,3.117992877960205,0.061899151653051376
4080,91.65620136260986,0.5446200370788574,0.0,0.0,0.49463698267936707,0.08272192627191544,0.18339115381240845,3.121195077896118,0.06131327152252197
4081,91.68506813049316,0.5446200370788574,0.0,0.0,0.4798398017883301,0.07866714149713516,0.1500258892774582,3.126182794570923,0.06109083443880081
4082,91.69904160499573,0.5446200370788574,0.0,0.0,0.4610908031463623,0.07666508853435516,0.04670127108693123,3.1315958499908447,0.06369104236364365
4083,91.72692275047302,0.5446200370788574,0.0,0.0,0.4086023271083832,0.09913043677806854,0.010604245588183403,3.135223388671875,0.07079468667507172
4084,91.7391574382782,0.5446200370788574,0.0,0.0,0.4293678104877472,0.06062538921833038,0.08859550952911377,3.1396758556365967,0.07009463012218475
4085,91.76505327224731,0.5446200370788574,0.0,0.0,0.4211491048336029,0.02425808273255825,0.10220872610807419,-3.132321357727051,0.07106181234121323
4086,91.77815914154053,0.5446200370788574,0.0,0.0,0.4219472110271454,-0.007162751164287329,0.087843157351017,-3.118439197540283,0.0760473906993866
4087,91.80838823318481,0.5446200370788574,0.0,0.0,0.4258320927619934,-0.02761223539710045,0.04149457439780235,-3.104339122772217,0.07989224046468735
4088,91.82299304008484,0.5446200370788574,0.0,0.0,0.42751750349998474,-0.04403690993785858,-0.03604396432638168,-3.092319965362549,0.08312282711267471
4089,91.85146570205688,0.5446200370788574,0.0,0.0,0.44080081582069397,-0.04599138721823692,-0.054313775151968,-3.083095073699951,0.08606794476509094
4090,91.86335635185242,0.5446200370788574,0.0,0.0,0.46502330899238586,-0.02870250679552555,0.04146299883723259,-3.079918384552002,0.08393549174070358
4091,91.89511394500732,0.5446200370788574,0.0,0.0,0.5002701282501221,-0.018384916707873344,0.10407733917236328,-3.081500291824341,0.0716567188501358
4092,91.90852546691895,0.5446200370788574,0.0,0.0,0.5328060984611511,-0.015660248696804047,0.16196921467781067,-3.0808827877044678,0.05373842641711235
4093,92.01041460037231,0.5446200370788574,0.0,0.0,0.5605640411376953,-0.014894158579409122,0.21448183059692383,-3.0759689807891846,0.03908168151974678
4094,92.02232241630554,0.5446200370788574,0.0,0.0,0.5814104676246643,-0.01722768321633339,0.26115283370018005,-3.0671987533569336,0.030317144468426704
4095,92.05193829536438,0.5446200370788574,0.0,0.0,0.5978594422340393,-0.019560780376195908,0.3024808168411255,-3.0568113327026367,0.026903431862592697
4096,92.06226301193237,0.5446200370788574,0.0,0.0,0.6095572113990784,-0.024080228060483932,0.3618829846382141,-3.050776720046997,0.02795630879700184
4097,92.09677457809448,0.5446200370788574,0.0,0.0,0.5734999775886536,-0.02977355569601059,0.4582720994949341,-3.055269956588745,0.0361650325357914
4098,92.10855531692505,0.5446200370788574,0.0,0.0,0.5787526965141296,-0.042698681354522705,0.1268032342195511,-3.061133623123169,0.034309957176446915
4099,92.1375412940979,0.5446200370788574,0.0,0.0,0.5438014268875122,-0.05011770501732826,-0.05742233246564865,-3.062837600708008,0.02884233184158802
4100,92.14818859100342,0.5446200370788574,0.0,0.0,0.5132680535316467,-0.05388813838362694,-0.04627972096204758,-3.064486503601074,0.028138594701886177
4101,92.18004870414734,0.5446200370788574,0.0,0.0,0.4904215633869171,-0.059370044618844986,-0.025095798075199127,-3.0668301582336426,0.03318332880735397
4102,92.19137072563171,0.5446200370788574,0.0,0.0,0.4755563735961914,-0.06714436411857605,0.00979013741016388,-3.0707061290740967,0.04105820879340172
4103,92.21873235702515,0.5446200370788574,0.0,0.0,0.4697355628013611,-0.07615555077791214,0.07068587094545364,-3.0762035846710205,0.04844279587268829
4104,92.23345112800598,0.5446200370788574,0.0,0.0,0.46556341648101807,-0.08603700995445251,0.16993004083633423,-3.0812385082244873,0.05454321205615997
4105,92.2623143196106,0.5446200370788574,0.0,0.0,0.489815354347229,-0.07625120133161545,-0.04537947103381157,-3.086350440979004,0.05309126898646355
4106,92.27590656280518,0.5446200370788574,0.0,0.0,0.4810720980167389,-0.06568149477243423,-0.04154779762029648,-3.0913825035095215,0.0440768264234066
4107,92.30422973632812,0.5446200370788574,0.0,0.0,0.4683343470096588,-0.0521056242287159,0.06263737380504608,-3.0907697677612305,0.04648556187748909
4108,92.315847158432,0.5446200370788574,0.0,0.0,0.4755307137966156,-0.03456508740782738,0.040702711790800095,-3.0870203971862793,0.05438940227031708
4109,92.3515887260437,0.5446200370788574,0.0,0.0,0.4842974841594696,-0.010274956002831459,0.055910125374794006,-3.084804058074951,0.0583956204354763
4110,92.36494040489197,0.5446200370788574,0.0,0.0,0.4956257939338684,0.021964823827147484,0.06344731152057648,-3.0862319469451904,0.05737876892089844
4111,92.39415836334229,0.5446200370788574,0.0,0.0,0.5121606588363647,0.053827203810214996,0.12392053753137589,-3.0931684970855713,0.04715104028582573
4112,92.40801358222961,0.5446200370788574,0.0,0.0,0.5331892371177673,0.07805724442005157,0.2153635323047638,-3.1013569831848145,0.027722088620066643
4113,92.43620300292969,0.5446200370788574,0.0,0.0,0.542380690574646,0.0918644517660141,0.3436943292617798,-3.1084673404693604,0.007258188910782337
4114,92.45306873321533,0.5446200370788574,0.0,0.0,0.5402454137802124,0.09703662991523743,0.45785266160964966,-3.115046262741089,-0.0037471011746674776
4115,92.48594856262207,0.5446200370788574,0.0,0.0,0.5356339812278748,0.10861486196517944,0.2491050660610199,-3.1240947246551514,-0.01502347644418478
4116,92.50123238563538,0.5446200370788574,0.0,0.0,0.5276675820350647,0.09346195310354233,0.2463037669658661,-3.123640298843384,-0.029549581930041313
4117,92.53143072128296,0.5446200370788574,0.0,0.0,0.5102824568748474,0.06191118061542511,0.025956133380532265,-3.1182823181152344,-0.032890696078538895
4118,92.5423755645752,0.5446200370788574,0.0,0.0,0.5000837445259094,0.037848781794309616,-0.12200211733579636,-3.113163709640503,-0.0272472333163023
4119,92.57102227210999,0.5446200370788574,0.0,0.0,0.5087184906005859,0.02931629866361618,-0.14521342515945435,-3.112020492553711,-0.01459355466067791
4120,92.58590626716614,0.5446200370788574,0.0,0.0,0.5280318260192871,0.030616141855716705,-0.12574730813503265,-3.1161446571350098,-0.0006898966385051608
4121,92.61780786514282,0.5446200370788574,0.0,0.0,0.5549955368041992,0.02954685688018799,0.016342848539352417,-3.1244213581085205,0.012762734666466713
4122,92.62848663330078,0.5446200370788574,0.0,0.0,0.5881428718566895,0.017548462375998497,0.11220334470272064,-3.1301496028900146,0.02570585533976555
4123,92.65997433662415,0.5446200370788574,0.0,0.0,0.6158698797225952,0.003161452244967222,-0.06201542913913727,-3.1266121864318848,0.03660210594534874
4124,92.67381024360657,0.5446200370788574,0.0,0.0,0.6308077573776245,0.0005459904205054045,-0.3586718440055847,-3.1180291175842285,0.040980931371450424
4125,92.7013304233551,0.5446200370788574,0.0,0.0,0.6026061773300171,0.02323741652071476,-0.1355704665184021,-3.1121506690979004,0.04334646090865135
4126,92.71375751495361,0.5446200370788574,0.0,0.0,0.5840333104133606,0.04752356931567192,0.11929751932621002,-3.1131250858306885,0.04821166768670082
4127,92.74614548683167,0.5446200370788574,0.0,0.0,0.5751834511756897,0.05981562286615372,0.166158989071846,-3.117271661758423,0.04966997727751732
4128,92.76082706451416,0.5446200370788574,0.0,0.0,0.572158932685852,0.06583515554666519,0.10809209942817688,-3.1203548908233643,0.04795780032873154
4129,92.78957509994507,0.5446200370788574,0.0,0.0,0.5637979507446289,0.06915705651044846,0.059895191341638565,-3.1216418743133545,0.04587211087346077
4130,92.80065608024597,0.5446200370788574,0.0,0.0,0.547025740146637,0.07655780762434006,0.08306537568569183,-3.1213555335998535,0.04720989987254143
4131,92.83141565322876,0.5446200370788574,0.0,0.0,0.531545102596283,0.08869058638811111,0.0862414613366127,-3.121947765350342,0.05240530148148537
4132,92.844651222229,0.5446200370788574,0.0,0.0,0.4810912311077118,0.11548589169979095,-0.0005157366394996643,-3.1254537105560303,0.06044113636016846
4133,92.87777781486511,0.5446200370788574,0.0,0.0,0.4854189157485962,0.09200701117515564,0.08784330636262894,-3.1268210411071777,0.06179647520184517
4134,92.89094591140747,0.5446200370788574,0.0,0.0,0.47244736552238464,0.06673786044120789,0.1656879484653473,-3.119866132736206,0.06176634877920151
4135,92.91845726966858,0.5446200370788574,0.0,0.0,0.4634738564491272,0.04358850419521332,0.15522891283035278,-3.11004638671875,0.06415160745382309
4136,92.93395066261292,0.5446200370788574,0.0,0.0,0.4583492577075958,0.01821383833885193,0.0707923173904419,-3.1011087894439697,0.06630395352840424
4137,92.96653127670288,0.5446200370788574,0.0,0.0,0.4546065032482147,-0.007751282304525375,-0.026806194335222244,-3.092215061187744,0.06538084149360657
4138,92.98320698738098,0.5446200370788574,0.0,0.0,0.4442431628704071,-0.04049970582127571,-0.12217474728822708,-3.081947088241577,0.061093296855688095
4139,93.0138168334961,0.5446200370788574,0.0,0.0,0.43263325095176697,-0.07495972514152527,-0.23688456416130066,-3.0709965229034424,0.05591603368520737
4140,93.0271098613739,0.5446200370788574,0.0,0.0,0.42660149931907654,-0.09933498501777649,-0.3661006987094879,-3.062755823135376,0.051343709230422974
4141,93.05631399154663,0.5446200370788574,0.0,0.0,0.4219307601451874,-0.11337388306856155,-0.4521830081939697,-3.058227777481079,0.0493709035217762
4142,93.07056713104248,0.5446200370788574,0.0,0.0,0.4190617799758911,-0.1296272575855255,-0.2428988516330719,-3.0561795234680176,0.05401371419429779
4143,93.14685201644897,0.5446200370788574,0.0,0.0,0.4199019968509674,-0.11991003900766373,-0.14187315106391907,-3.055748701095581,0.057131074368953705
4144,93.1628782749176,0.5446200370788574,0.0,0.0,0.4168243408203125,-0.09392432868480682,-0.008907712996006012,-3.0570201873779297,0.06240146979689598
4145,93.19269013404846,0.5446200370788574,0.0,0.0,0.4300456941127777,-0.06488078832626343,0.06764251738786697,-3.060211181640625,0.06403408944606781
4146,93.20430040359497,0.5446200370788574,0.0,0.0,0.4421049654483795,-0.038936253637075424,0.10042975097894669,-3.063145160675049,0.05752100422978401
4147,93.24297380447388,0.5446200370788574,0.0,0.0,0.4519222676753998,-0.01496201567351818,0.13155916333198547,-3.066840410232544,0.05021924525499344
4148,93.2583236694336,0.5446200370788574,0.0,0.0,0.46398356556892395,0.002886720933020115,0.12419801205396652,-3.0705630779266357,0.04465203732252121
4149,93.2886905670166,0.5446200370788574,0.0,0.0,0.4760478436946869,0.019197944551706314,0.10847553610801697,-3.0727086067199707,0.04013337194919586
4150,93.3004879951477,0.5446200370788574,0.0,0.0,0.4844939410686493,0.032172247767448425,0.12924274802207947,-3.074489116668701,0.03722267597913742
4151,93.33635926246643,0.5446200370788574,0.0,0.0,0.493863046169281,0.04034042730927467,0.12807132303714752,-3.076645612716675,0.03754808008670807
4152,93.3510205745697,0.5446200370788574,0.0,0.0,0.50518399477005,0.04689442366361618,0.06797716021537781,-3.0776047706604004,0.039252519607543945
4153,93.38431024551392,0.5446200370788574,0.0,0.0,0.5191620588302612,0.05444888770580292,0.013522965833544731,-3.076653480529785,0.04108666256070137
4154,93.39646029472351,0.5446200370788574,0.0,0.0,0.523847758769989,0.0647241473197937,0.030336204916238785,-3.076235771179199,0.04219505563378334
4155,93.42739772796631,0.5446200370788574,0.0,0.0,0.5339233875274658,0.06468752771615982,0.1585293412208557,-3.074704885482788,0.036157794296741486
4156,93.43942475318909,0.5446200370788574,0.0,0.0,0.518381655216217,0.04588136449456215,0.20077089965343475,-3.0725159645080566,0.032563820481300354
4157,93.46991062164307,0.5446200370788574,0.0,0.0,0.4926481246948242,0.010976798832416534,0.03622402995824814,-3.0670647621154785,0.03284860774874687
4158,93.48033404350281,0.5446200370788574,0.0,0.0,0.47660210728645325,-0.01628832146525383,-0.07156239449977875,-3.059248924255371,0.033319346606731415
4159,93.50921106338501,0.5446200370788574,0.0,0.0,0.4671908915042877,-0.03654851019382477,-0.1283535361289978,-3.052865505218506,0.034592945128679276
4160,93.51947283744812,0.5446200370788574,0.0,0.0,0.4617438316345215,-0.05307607352733612,-0.13334433734416962,-3.048947334289551,0.037744197994470596
4161,93.55063962936401,0.5446200370788574,0.0,0.0,0.46110478043556213,-0.06682810187339783,-0.09355809539556503,-3.048269510269165,0.04260019212961197
4162,93.56158828735352,0.5446200370788574,0.0,0.0,0.4623246192932129,-0.09152774512767792,0.09316729009151459,-3.049638509750366,0.04882180690765381
4163,93.59343004226685,0.5446200370788574,0.0,0.0,0.47315871715545654,-0.08727725595235825,0.0025245852302759886,-3.05045223236084,0.05081510543823242
4164,93.6071982383728,0.5446200370788574,0.0,0.0,0.4692712724208832,-0.07726804167032242,0.02213590405881405,-3.0498907566070557,0.05397289991378784
4165,93.6362841129303,0.5446200370788574,0.0,0.0,0.47230708599090576,-0.054617565125226974,0.008835208602249622,-3.0497026443481445,0.059182941913604736
4166,93.64863204956055,0.5446200370788574,0.0,0.0,0.4850171208381653,-0.026139384135603905,0.0022231601178646088,-3.0545601844787598,0.056567106395959854
4167,93.67867517471313,0.5446200370788574,0.0,0.0,0.5006439089775085,-0.00425655348226428,0.032834239304065704,-3.0617289543151855,0.04290786013007164
4168,93.69059038162231,0.5446200370788574,0.0,0.0,0.5099390745162964,0.015887562185525894,0.143885999917984,-3.0683064460754395,0.027024319395422935
4169,93.717533826828,0.5446200370788574,0.0,0.0,0.5200312733650208,0.033218223601579666,0.29973581433296204,-3.073896884918213,0.015918072313070297
4170,93.72880101203918,0.5446200370788574,0.0,0.0,0.5314300060272217,0.04343272000551224,0.39318516850471497,-3.0762453079223633,0.00955802109092474
4171,93.7597987651825,0.5446200370788574,0.0,0.0,0.536737859249115,0.04668174311518669,0.44925639033317566,-3.0748372077941895,0.00647435849532485
4172,93.77226400375366,0.5446200370788574,0.0,0.0,0.534412145614624,0.044199272990226746,0.4854930341243744,-3.0773351192474365,0.010259616188704967
4173,93.80157518386841,0.5446200370788574,0.0,0.0,0.5038557052612305,0.056199103593826294,0.1006726622581482,-3.08864688873291,0.013154672458767891
4174,93.82259035110474,0.5446200370788574,0.0,0.0,0.497768372297287,0.0422087125480175,0.18124428391456604,-3.0926551818847656,0.010014858096837997
4175,93.85295748710632,0.5446200370788574,0.0,0.0,0.4671925902366638,0.016607485711574554,0.17144626379013062,-3.089179277420044,0.015350019559264183
4176,93.86726212501526,0.5446200370788574,0.0,0.0,0.44254979491233826,-0.012717064470052719,-0.015567058697342873,-3.0804443359375,0.0224625114351511
4177,93.89878630638123,0.5446200370788574,0.0,0.0,0.4260861575603485,-0.0317530520260334,-0.1028895452618599,-3.0736210346221924,0.027531234547495842
4178,93.90990662574768,0.5446200370788574,0.0,0.0,0.41700324416160583,-0.04628214240074158,-0.04389708861708641,-3.0703725814819336,0.03338877111673355
4179,93.93940687179565,0.5446200370788574,0.0,0.0,0.4137857258319855,-0.05765344202518463,-0.02050173655152321,-3.068544387817383,0.03919772058725357
4180,93.95014691352844,0.5446200370788574,0.0,0.0,0.4116740822792053,-0.06960367411375046,0.01351851411163807,-3.068554401397705,0.04439588636159897
4181,93.97930693626404,0.5446200370788574,0.0,0.0,0.41844022274017334,-0.08768225461244583,-0.00022212602198123932,-3.068312168121338,0.049127012491226196
4182,93.9916045665741,0.5446200370788574,0.0,0.0,0.42250314354896545,-0.08683207631111145,-0.049091458320617676,-3.0679404735565186,0.04716494306921959
4183,94.02292537689209,0.5446200370788574,0.0,0.0,0.4164343476295471,-0.07631294429302216,-0.018123745918273926,-3.0668540000915527,0.049462560564279556
4184,94.03445243835449,0.5446200370788574,0.0,0.0,0.41854313015937805,-0.054152995347976685,-0.006176576018333435,-3.0672073364257812,0.05769721046090126
4185,94.06045031547546,0.5446200370788574,0.0,0.0,0.4304669499397278,-0.02686840482056141,0.02122531644999981,-3.072640895843506,0.0625135526061058
4186,94.07429003715515,0.5446200370788574,0.0,0.0,0.44785404205322266,-0.002000723732635379,0.09029369801282883,-3.0801198482513428,0.05799466371536255
4187,94.10418343544006,0.5446200370788574,0.0,0.0,0.46560320258140564,0.01732669211924076,0.14261674880981445,-3.085367441177368,0.04752150550484657
4188,94.11707615852356,0.5446200370788574,0.0,0.0,0.48229914903640747,0.03159263730049133,0.17443214356899261,-3.08708119392395,0.03719768673181534
4189,94.14484190940857,0.5446200370788574,0.0,0.0,0.4958541691303253,0.04658815637230873,0.1670357584953308,-3.086367130279541,0.029175540432333946
4190,94.163498878479,0.5446200370788574,0.0,0.0,0.5075921416282654,0.0618627592921257,0.1749260127544403,-3.085613250732422,0.023109443485736847
4191,94.19700932502747,0.5446200370788574,0.0,0.0,0.5193147659301758,0.07310573011636734,0.17262837290763855,-3.0864124298095703,0.020060887560248375
4192,94.21115279197693,0.5446200370788574,0.0,0.0,0.5127728581428528,0.08751344680786133,0.10546650737524033,-3.0896167755126953,0.018256574869155884
4193,94.236825466156,0.5446200370788574,0.0,0.0,0.5214451551437378,0.08079835772514343,0.1787997931241989,-3.0886831283569336,0.008859089575707912
4194,94.24683213233948,0.5446200370788574,0.0,0.0,0.4982265830039978,0.05094822123646736,0.177211195230484,-3.0845413208007812,0.006289042066782713
4195,94.27578830718994,0.5446200370788574,0.0,0.0,0.47803598642349243,0.015442234463989735,-0.048574768006801605,-3.0772273540496826,0.009894981980323792
4196,94.28826475143433,0.5446200370788574,0.0,0.0,0.4714796543121338,-0.007501543499529362,-0.15045884251594543,-3.072061777114868,0.013532653450965881
4197,94.31654620170593,0.5446200370788574,0.0,0.0,0.4692715108394623,-0.0259961299598217,-0.1332394778728485,-3.069692850112915,0.01777804270386696
4198,94.3280565738678,0.5446200370788574,0.0,0.0,0.47344717383384705,-0.04545078054070473,-0.07080359756946564,-3.0695714950561523,0.023649871349334717
4199,94.35766887664795,0.5446200370788574,0.0,0.0,0.4847108721733093,-0.06627705693244934,0.03212110698223114,-3.0709145069122314,0.02928825095295906
4200,94.36889815330505,0.5446200370788574,0.0,0.0,0.49925562739372253,-0.08437305688858032,0.024345718324184418,-3.072629451751709,0.03277306258678436
4201,94.39937710762024,0.5446200370788574,0.0,0.0,0.4983033537864685,-0.0970660150051117,0.008689165115356445,-3.0729598999023438,0.03775620833039284
4202,94.41277551651001,0.5446200370788574,0.0,0.0,0.5025196671485901,-0.1094396710395813,0.06426317989826202,-3.0707387924194336,0.04700029641389847
4203,94.45007419586182,0.5446200370788574,0.0,0.0,0.4938054084777832,-0.1016915813088417,-0.03468883037567139,-3.0657851696014404,0.052539460361003876
4204,94.47385501861572,0.5446200370788574,0.0,0.0,0.4817311763763428,-0.0764104574918747,-0.006788995116949081,-3.0635011196136475,0.05783294141292572
4205,94.50970220565796,0.5446200370788574,0.0,0.0,0.4786473512649536,-0.04686018079519272,0.022797435522079468,-3.068341016769409,0.05750976502895355
4206,94.52408194541931,0.5446200370788574,0.0,0.0,0.4820961356163025,-0.023912131786346436,0.051205020397901535,-3.077329635620117,0.04934932664036751
4207,94.5559310913086,0.5446200370788574,0.0,0.0,0.48107174038887024,-0.005565188825130463,0.1157388761639595,-3.0862369537353516,0.040732529014348984
4208,94.57214784622192,0.5446200370788574,0.0,0.0,0.47920331358909607,0.012960460036993027,0.21494796872138977,-3.0936906337738037,0.03644082695245743
4209,94.60406732559204,0.5446200370788574,0.0,0.0,0.48303839564323425,0.026936955749988556,0.2893825173377991,-3.0986640453338623,0.03498206287622452
4210,94.61352682113647,0.5446200370788574,0.0,0.0,0.4835289716720581,0.03812440484762192,0.2569287121295929,-3.0997273921966553,0.03431214764714241
4211,94.64290237426758,0.5446200370788574,0.0,0.0,0.48097801208496094,0.0509173609316349,0.20000790059566498,-3.0998992919921875,0.03546277433633804
4212,94.65513563156128,0.5446200370788574,0.0,0.0,0.48129937052726746,0.06437446922063828,0.11672050505876541,-3.103553295135498,0.04047524183988571
4213,94.68356490135193,0.5446200370788574,0.0,0.0,0.4733644425868988,0.08315975219011307,0.03867951035499573,-3.1107847690582275,0.04658154025673866
4214,94.69377493858337,0.5446200370788574,0.0,0.0,0.4800041913986206,0.08538547903299332,0.09470586478710175,-3.1147139072418213,0.044965118169784546
4215,94.7229950428009,0.5446200370788574,0.0,0.0,0.4732035994529724,0.07890334725379944,0.12375760823488235,-3.1154744625091553,0.0453532412648201
4216,94.7350206375122,0.5446200370788574,0.0,0.0,0.4655776619911194,0.06741935759782791,0.1918477714061737,-3.1127212047576904,0.04881443455815315
4217,94.76742768287659,0.5446200370788574,0.0,0.0,0.45949673652648926,0.04818439111113548,0.14917463064193726,-3.1062674522399902,0.05242730304598808
4218,94.77847719192505,0.5446200370788574,0.0,0.0,0.4457559883594513,0.02310982160270214,-0.03942885249853134,-3.0976688861846924,0.05185762420296669
4219,94.80615520477295,0.5446200370788574,0.0,0.0,0.4306095838546753,0.0020866673439741135,-0.11871713399887085,-3.089879035949707,0.049227818846702576
4220,94.81713485717773,0.5446200370788574,0.0,0.0,0.41839420795440674,-0.01618826575577259,-0.1263953000307083,-3.0841989517211914,0.049388423562049866
4221,94.84538555145264,0.5446200370788574,0.0,0.0,0.4134284555912018,-0.03263832628726959,-0.12246575951576233,-3.0802981853485107,0.05234351009130478
4222,94.85754203796387,0.5446200370788574,0.0,0.0,0.41524267196655273,-0.04714213311672211,-0.09313053637742996,-3.0779335498809814,0.05577625334262848
4223,94.88512825965881,0.5446200370788574,0.0,0.0,0.4201416075229645,-0.06127116456627846,-0.055173110216856,-3.077585458755493,0.05895385518670082
4224,94.89632892608643,0.5446200370788574,0.0,0.0,0.42574262619018555,-0.07774828374385834,-0.04251249134540558,-3.077812910079956,0.06240455061197281
4225,94.92454528808594,0.5446200370788574,0.0,0.0,0.44339877367019653,-0.09106159955263138,-0.054885946214199066,-3.0764665603637695,0.06368142366409302
4226,94.9418077468872,0.5446200370788574,0.0,0.0,0.4446336328983307,-0.09265762567520142,-0.07382124662399292,-3.074277877807617,0.0596594475209713
4227,94.97242951393127,0.5446200370788574,0.0,0.0,0.43477457761764526,-0.08352892845869064,-0.02165995165705681,-3.0697312355041504,0.06288294494152069
4228,94.98385524749756,0.5446200370788574,0.0,0.0,0.4303995966911316,-0.05940205603837967,0.011906823143362999,-3.068006753921509,0.07204074412584305
4229,95.01161479949951,0.5446200370788574,0.0,0.0,0.4377051293849945,-0.028413480147719383,0.054293192923069,-3.0738117694854736,0.07547373324632645
4230,95.02251672744751,0.5446200370788574,0.0,0.0,0.4518982768058777,-0.007221615873277187,0.05693881958723068,-3.082526683807373,0.06697623431682587
4231,95.0506944656372,0.5446200370788574,0.0,0.0,0.45893609523773193,0.011046117171645164,0.0786653459072113,-3.089771270751953,0.054072871804237366
4232,95.06104850769043,0.5446200370788574,0.0,0.0,0.46202436089515686,0.02773229219019413,0.1559218168258667,-3.0953457355499268,0.04416660591959953
4233,95.08842611312866,0.5446200370788574,0.0,0.0,0.46779564023017883,0.041169196367263794,0.1908297836780548,-3.098646640777588,0.03919316828250885
4234,95.10083627700806,0.5446200370788574,0.0,0.0,0.47434157133102417,0.058666881173849106,0.18187971413135529,-3.1014349460601807,0.0361519530415535
4235,95.12779235839844,0.5446200370788574,0.0,0.0,0.4824981093406677,0.07436569035053253,0.1493498682975769,-3.104301691055298,0.03388207405805588
4236,95.13942670822144,0.5446200370788574,0.0,0.0,0.45891380310058594,0.09714274108409882,0.031086890026926994,-3.108534097671509,0.03446158766746521
4237,95.16609334945679,0.5446200370788574,0.0,0.0,0.47582975029945374,0.08911818265914917,0.02758149802684784,-3.1129214763641357,0.030421631410717964
4238,95.17741680145264,0.5446200370788574,0.0,0.0,0.466160386800766,0.07761768251657486,0.08329777419567108,-3.1125576496124268,0.030321083962917328
4239,95.20641803741455,0.5446200370788574,0.0,0.0,0.4553440511226654,0.053530365228652954,0.08611024171113968,-3.107520580291748,0.03469732403755188
4240,95.2177402973175,0.5446200370788574,0.0,0.0,0.44587913155555725,0.022557556629180908,-0.0752393826842308,-3.097879648208618,0.03712550178170204
4241,95.24584865570068,0.5446200370788574,0.0,0.0,0.43965014815330505,0.0022230036556720734,-0.20696301758289337,-3.0891497135162354,0.03517257422208786
4242,95.26296043395996,0.5446200370788574,0.0,0.0,0.4361192286014557,-0.010983764193952084,-0.20271418988704681,-3.085223913192749,0.033690597862005234
4243,95.2921392917633,0.5446200370788574,0.0,0.0,0.4337286055088043,-0.02568962424993515,-0.18120846152305603,-3.084195137023926,0.034957144409418106
4244,95.30516815185547,0.5446200370788574,0.0,0.0,0.4389708340167999,-0.03933602198958397,-0.14944106340408325,-3.084890842437744,0.037992607802152634
4245,95.32977890968323,0.5446200370788574,0.0,0.0,0.4469382166862488,-0.05235801637172699,-0.11422129720449448,-3.086310625076294,0.041191987693309784
4246,95.34244656562805,0.5446200370788574,0.0,0.0,0.46487051248550415,-0.06971260905265808,-0.06732124835252762,-3.0864274501800537,0.044105350971221924
4247,95.39046454429626,0.5446200370788574,0.0,0.0,0.4696493446826935,-0.0729467123746872,-0.07677467167377472,-3.084733486175537,0.0432816743850708
4248,95.40355324745178,0.5446200370788574,0.0,0.0,0.47028762102127075,-0.0628296285867691,-0.08242879807949066,-3.0807929039001465,0.049434844404459
4249,95.43406748771667,0.5446200370788574,0.0,0.0,0.4733661413192749,-0.03804408386349678,-0.05902886390686035,-3.079282283782959,0.05775276571512222
4250,95.44427871704102,0.5446200370788574,0.0,0.0,0.48325690627098083,-0.004471377469599247,0.06347346305847168,-3.0837159156799316,0.059907156974077225
4251,95.4730110168457,0.5446200370788574,0.0,0.0,0.501204252243042,0.01720757596194744,0.09645590931177139,-3.0904970169067383,0.05092456564307213
4252,95.48470330238342,0.5446200370788574,0.0,0.0,0.513512909412384,0.034311093389987946,0.1134813129901886,-3.095280647277832,0.03766058757901192
4253,95.51342630386353,0.5446200370788574,0.0,0.0,0.5238146781921387,0.049645744264125824,0.15829095244407654,-3.097933769226074,0.026930851861834526
4254,95.52541279792786,0.5446200370788574,0.0,0.0,0.5349753499031067,0.06694692373275757,0.19318217039108276,-3.098581075668335,0.01923534646630287
4255,95.5552818775177,0.5446200370788574,0.0,0.0,0.5445653200149536,0.07975583523511887,0.22056739032268524,-3.0983035564422607,0.01299198530614376
4256,95.56655764579773,0.5446200370788574,0.0,0.0,0.5469072461128235,0.08757398277521133,0.2498159557580948,-3.099949359893799,0.0115963751450181
4257,95.59547209739685,0.5446200370788574,0.0,0.0,0.5363757014274597,0.09450072050094604,0.11971957981586456,-3.105600118637085,0.010767605155706406
4258,95.60790610313416,0.5446200370788574,0.0,0.0,0.5283170938491821,0.0781419426202774,0.21557214856147766,-3.102975606918335,0.0015960646560415626
4259,95.63668966293335,0.5446200370788574,0.0,0.0,0.5023190975189209,0.04294685274362564,0.09092707186937332,-3.0949554443359375,-0.0007342228200286627
4260,95.64644622802734,0.5446200370788574,0.0,0.0,0.4793611466884613,0.010741286911070347,-0.07837231457233429,-3.086165189743042,0.003092309692874551
4261,95.68028354644775,0.5446200370788574,0.0,0.0,0.47091495990753174,-0.00984212290495634,-0.1518734097480774,-3.0826680660247803,0.011712078005075455
4262,95.69137215614319,0.5446200370788574,0.0,0.0,0.47403812408447266,-0.02807837352156639,-0.12790557742118835,-3.082625150680542,0.021493228152394295
4263,95.72391676902771,0.5446200370788574,0.0,0.0,0.4837270975112915,-0.0450252927839756,-0.05166802182793617,-3.0833656787872314,0.02924955263733864
4264,95.73735928535461,0.5446200370788574,0.0,0.0,0.49515631794929504,-0.059997182339429855,0.03154616802930832,-3.084521770477295,0.035614557564258575
4265,95.76311445236206,0.5446200370788574,0.0,0.0,0.5053303241729736,-0.0781814455986023,0.08479645848274231,-3.0837032794952393,0.04212037846446037
4266,95.77524280548096,0.5446200370788574,0.0,0.0,0.5223824381828308,-0.09288470447063446,0.006432799622416496,-3.0796422958374023,0.04588932916522026
4267,95.80367255210876,0.5446200370788574,0.0,0.0,0.5094811916351318,-0.09247342497110367,-0.03433118760585785,-3.0747969150543213,0.04663321003317833
4268,95.81500220298767,0.5446200370788574,0.0,0.0,0.4912179410457611,-0.07486497610807419,-0.009407255798578262,-3.070859432220459,0.05477983504533768
4269,95.8510992527008,0.5446200370788574,0.0,0.0,0.48606881499290466,-0.046238161623477936,0.039873942732810974,-3.0739243030548096,0.059849005192518234
4270,95.86111879348755,0.5446200370788574,0.0,0.0,0.4869278073310852,-0.024077028036117554,0.08035294711589813,-3.0825703144073486,0.054787732660770416
4271,95.89385151863098,0.5446200370788574,0.0,0.0,0.48863664269447327,-0.007013258524239063,0.09885101020336151,-3.0911405086517334,0.0453997440636158
4272,95.90898418426514,0.5446200370788574,0.0,0.0,0.4919640123844147,0.009692060761153698,0.11551067978143692,-3.098249673843384,0.036408327519893646
4273,95.94008374214172,0.5446200370788574,0.0,0.0,0.49373283982276917,0.02609153650701046,0.16944769024848938,-3.1043012142181396,0.02984902262687683
4274,95.95162200927734,0.5446200370788574,0.0,0.0,0.4964139461517334,0.03791234642267227,0.2328266054391861,-3.1094861030578613,0.026165472343564034
4275,95.9800672531128,0.5446200370788574,0.0,0.0,0.49505454301834106,0.05028362199664116,0.27734431624412537,-3.1135551929473877,0.024394622072577477
4276,95.99963116645813,0.5446200370788574,0.0,0.0,0.49882856011390686,0.06536811590194702,0.22327449917793274,-3.1141159534454346,0.02368280664086342
4277,96.02743029594421,0.5446200370788574,0.0,0.0,0.509181559085846,0.08056390285491943,0.17245790362358093,-3.1099345684051514,0.022734174504876137
4278,96.03931188583374,0.7972712516784668,0.0,0.0,0.4970557689666748,0.10500042885541916,0.16912680864334106,-3.1081550121307373,0.02497507818043232
4279,96.06748247146606,0.7972712516784668,0.0,0.0,0.5149157047271729,0.11508702486753464,0.08632874488830566,-3.1106395721435547,0.027647074311971664
4280,96.07716798782349,0.7972712516784668,0.0,0.0,0.5306647419929504,0.13189664483070374,-0.09425514936447144,-3.1160364151000977,0.033233024179935455
4281,96.10558748245239,0.7972712516784668,0.0,0.0,0.5466660261154175,0.15091446042060852,-0.20235809683799744,-3.1280229091644287,0.043793801218271255
4282,96.11722731590271,0.9912816286087036,0.0,0.0,0.5708640813827515,0.16629493236541748,-0.1312980353832245,3.1409871578216553,0.055278465151786804
4283,96.1502537727356,0.9912816286087036,0.0,0.0,0.5983079671859741,0.17483948171138763,-0.004872515797615051,3.1327507495880127,0.06351087242364883
4284,96.16136002540588,0.9912816286087036,0.0,0.0,0.6322855949401855,0.18465937674045563,0.05826123431324959,3.132633924484253,0.06966739892959595
4285,96.18912672996521,0.9912816286087036,0.0,0.0,0.6669116020202637,0.1968771517276764,0.07270152866840363,3.134565830230713,0.07284633070230484
4286,96.20339584350586,0.9912816286087036,0.0,0.0,0.6956449747085571,0.2046293318271637,0.07946696877479553,3.134953498840332,0.07339368015527725
4287,96.23066878318787,0.9912816286087036,0.0,0.0,0.7151502370834351,0.20208831131458282,0.09946135431528091,3.1356606483459473,0.0726042315363884
4288,96.25076293945312,0.9912816286087036,0.0,0.0,0.7244465351104736,0.1864769160747528,0.08177746832370758,3.1405420303344727,0.07080654799938202
4289,96.28042602539062,0.9912816286087036,0.0,0.0,0.7372444272041321,0.16569013893604279,-0.03422592207789421,-3.1332216262817383,0.06491575390100479
4290,96.29268097877502,0.9912816286087036,0.0,0.0,0.75517737865448,0.15411873161792755,-0.09004796296358109,-3.124408483505249,0.05377650633454323
4291,96.32149863243103,0.9912816286087036,0.0,0.0,0.7810743451118469,0.14812758564949036,-0.07945196330547333,-3.120173454284668,0.043632250279188156
4292,96.33594608306885,0.9912816286087036,0.0,0.0,0.8157740831375122,0.14413483440876007,-0.05374820530414581,-3.120464563369751,0.03653687983751297
4293,96.36318492889404,0.47605493664741516,0.0,0.0,0.8568596839904785,0.1418241709470749,-0.008322251960635185,-3.1243488788604736,0.03187479451298714
4294,96.37699437141418,0.47605493664741516,0.0,0.0,0.8973710536956787,0.14204426109790802,-0.017628945410251617,-3.1328842639923096,0.024885423481464386
4295,96.40741467475891,0.47605493664741516,0.0,0.0,0.9054627418518066,0.13534681499004364,-0.1012689545750618,3.1399271488189697,0.014890799298882484
4296,96.4220621585846,0.47605493664741516,0.0,0.0,0.8896995186805725,0.13554826378822327,-0.1141737550497055,3.134960174560547,0.011995828710496426
4297,96.44935178756714,0.47605493664741516,0.0,0.0,0.8670567870140076,0.1452755182981491,0.1422862410545349,3.1362993717193604,0.02473313733935356
4298,96.4614474773407,0.47605493664741516,0.0,0.0,0.8239109516143799,0.165842667222023,0.2333725392818451,3.129108190536499,0.024350833147764206
4299,96.50715160369873,0.47605493664741516,0.0,0.0,0.7916854619979858,0.16264282166957855,0.16792452335357666,3.117309093475342,0.014524350874125957
4300,96.51985955238342,0.47605493664741516,0.0,0.0,0.7684066891670227,0.1563926637172699,0.1486198455095291,3.1067700386047363,0.01302074920386076
4301,96.55054664611816,0.47605493664741516,0.0,0.0,0.7626561522483826,0.14449217915534973,0.18342828750610352,3.100745916366577,0.02051839418709278
4302,96.56970405578613,0.47605493664741516,0.0,0.0,0.7673614025115967,0.1263900101184845,0.2793514132499695,3.102200508117676,0.02910236455500126
4303,96.59712862968445,0.47605493664741516,0.0,0.0,0.7594419717788696,0.11346409469842911,0.4084918797016144,3.1101555824279785,0.032331984490156174
4304,96.61288166046143,0.47605493664741516,0.0,0.0,0.734872043132782,0.11399511992931366,0.4464567303657532,3.1209042072296143,0.033218804746866226
4305,96.64399576187134,0.47605493664741516,0.0,0.0,0.706544041633606,0.11388155817985535,0.4496217966079712,3.132227897644043,0.039075035601854324
4306,96.65703010559082,0.47605493664741516,0.0,0.0,0.6757714748382568,0.11122411489486694,0.35553744435310364,-3.141552209854126,0.05646004527807236
4307,96.68500328063965,0.47605493664741516,0.0,0.0,0.6301856637001038,0.0970735102891922,0.3815530836582184,-3.136293649673462,0.07381325960159302
4308,96.69585394859314,0.47605493664741516,0.0,0.0,0.5902161002159119,0.04936876893043518,0.33476606011390686,-3.123952627182007,0.0768311470746994
4309,96.7246720790863,0.47605493664741516,0.0,0.0,0.5323737859725952,-0.0016418581362813711,0.07561787962913513,-3.11083722114563,0.07857703417539597
4310,96.73658394813538,0.47605493664741516,0.0,0.0,0.48283615708351135,-0.04376229643821716,-0.06759230047464371,-3.099485397338867,0.08042444288730621
4311,96.76545858383179,0.47605493664741516,0.0,0.0,0.4433155357837677,-0.07889153063297272,-0.03816923499107361,-3.0897653102874756,0.08263900876045227
4312,96.77574944496155,0.47605493664741516,0.0,0.0,0.41120266914367676,-0.10692471265792847,-0.029663123190402985,-3.0776925086975098,0.08634807169437408
4313,96.80406069755554,0.47605493664741516,0.0,0.0,0.3864229619503021,-0.13426917791366577,0.1079072430729866,-3.0641746520996094,0.09230706840753555
4314,96.81497359275818,0.47605493664741516,0.0,0.0,0.3824167549610138,-0.12210240215063095,0.005140935070812702,-3.0552830696105957,0.09328123927116394
4315,96.84507060050964,0.47605493664741516,0.0,0.0,0.3753359019756317,-0.09635399281978607,-0.025750141590833664,-3.0554416179656982,0.0939880982041359
4316,96.8567578792572,0.47605493664741516,0.0,0.0,0.37895888090133667,-0.06743078678846359,0.03846190124750137,-3.0612294673919678,0.09431887418031693
4317,96.88668775558472,0.47605493664741516,0.0,0.0,0.38500210642814636,-0.048391036689281464,0.13533839583396912,-3.0655124187469482,0.09163716435432434
4318,96.89751648902893,0.47605493664741516,0.0,0.0,0.3918195366859436,-0.03465211018919945,0.18754130601882935,-3.0643365383148193,0.08803986012935638
4319,96.92738103866577,0.47605493664741516,0.0,0.0,0.3962993025779724,-0.02353249490261078,0.21317188441753387,-3.0599348545074463,0.08461103588342667
4320,96.9383659362793,0.47605493664741516,0.0,0.0,0.4017712473869324,-0.015002915635704994,0.1967141330242157,-3.054114580154419,0.08268925547599792
4321,96.96554493904114,0.47605493664741516,0.0,0.0,0.4098987877368927,-0.003639157861471176,0.12619227170944214,-3.049100875854492,0.08070115745067596
4322,96.97717380523682,0.47605493664741516,0.0,0.0,0.4234772026538849,0.008539085276424885,0.06187741458415985,-3.0470800399780273,0.07677570730447769
4323,97.00454378128052,0.47605493664741516,0.0,0.0,0.439473956823349,0.022305656224489212,0.07970745861530304,-3.04813289642334,0.07107806950807571
4324,97.01659035682678,0.47605493664741516,0.0,0.0,0.4544588029384613,0.0318974070250988,0.10478349775075912,-3.0503644943237305,0.0654386356472969
4325,97.04447150230408,0.47605493664741516,0.0,0.0,0.4624078571796417,0.033402830362319946,0.1375582218170166,-3.05466890335083,0.06192275881767273
4326,97.05631828308105,0.47605493664741516,0.0,0.0,0.4428792893886566,0.040217604488134384,0.18105068802833557,-3.064481735229492,0.06298508495092392
4327,97.0842432975769,0.47605493664741516,0.0,0.0,0.4540756642818451,0.03206384554505348,0.12257114797830582,-3.074716567993164,0.05975501239299774
4328,97.09501504898071,0.47605493664741516,0.0,0.0,0.4297967851161957,0.01665540225803852,0.10598558187484741,-3.0798163414001465,0.057120177894830704
4329,97.12303829193115,0.47605493664741516,0.0,0.0,0.4044330418109894,-0.0025320483837276697,-0.061213843524456024,-3.076382637023926,0.05540192499756813
4330,97.1339659690857,0.47605493664741516,0.0,0.0,0.38078516721725464,-0.017325427383184433,-0.08373421430587769,-3.0680594444274902,0.05179615318775177
4331,97.16312026977539,0.47605493664741516,0.0,0.0,0.36412590742111206,-0.026890059933066368,-0.08441136032342911,-3.059234619140625,0.048884663730859756
4332,97.17470622062683,0.47605493664741516,0.0,0.0,0.3473905324935913,-0.035743460059165955,-0.11154520511627197,-3.0531229972839355,0.04715251922607422
4333,97.20224833488464,0.47605493664741516,0.0,0.0,0.33152446150779724,-0.04590141773223877,-0.09049521386623383,-3.050076723098755,0.04796193167567253
4334,97.2130799293518,0.47605493664741516,0.0,0.0,0.3199332058429718,-0.058278460055589676,-0.10677334666252136,-3.048391103744507,0.05086274817585945
4335,97.25112915039062,0.47605493664741516,0.0,0.0,0.3115023076534271,-0.0705501139163971,-0.11340812593698502,-3.0474693775177,0.05431729555130005
4336,97.26158833503723,0.47605493664741516,0.0,0.0,0.30663180351257324,-0.08109018206596375,-0.0038305334746837616,-3.047714948654175,0.05938354879617691
4337,97.29037618637085,0.47605493664741516,0.0,0.0,0.3199257254600525,-0.08413522690534592,-0.0007785651832818985,-3.0479228496551514,0.061785466969013214
4338,97.30517387390137,0.47605493664741516,0.0,0.0,0.3223496973514557,-0.08345723897218704,0.09534983336925507,-3.047070026397705,0.059122033417224884
4339,97.33348608016968,0.47605493664741516,0.0,0.0,0.3217346966266632,-0.0749344602227211,0.14303359389305115,-3.0463054180145264,0.05864343419671059
4340,97.34360027313232,0.47605493664741516,0.0,0.0,0.3220278024673462,-0.05786994472146034,0.11655345559120178,-3.050119400024414,0.06086334213614464
4341,97.37954449653625,0.47605493664741516,0.0,0.0,0.3272341191768646,-0.04172101616859436,0.03944505751132965,-3.057481288909912,0.06357415020465851
4342,97.39159369468689,0.47605493664741516,0.0,0.0,0.3315441906452179,-0.026554808020591736,-0.0011201496236026287,-3.0639445781707764,0.063865527510643
4343,97.41931176185608,0.47605493664741516,0.0,0.0,0.3377555310726166,-0.010627579875290394,0.05052415654063225,-3.068530797958374,0.061437711119651794
4344,97.42971968650818,0.47605493664741516,0.0,0.0,0.3515837490558624,0.008963098749518394,0.07715442776679993,-3.0712673664093018,0.05439550057053566
4345,97.46284985542297,0.47605493664741516,0.0,0.0,0.3653102219104767,0.035843029618263245,0.15731461346149445,-3.0744476318359375,0.04154101014137268
4346,97.47452712059021,0.47605493664741516,0.0,0.0,0.382140576839447,0.05601704120635986,0.2226933091878891,-3.079249143600464,0.027909934520721436
4347,97.50419116020203,0.47605493664741516,0.0,0.0,0.3824585974216461,0.07361366599798203,0.20490488409996033,-3.0858592987060547,0.015979815274477005
4348,97.51939606666565,0.47605493664741516,0.0,0.0,0.3959009051322937,0.07568898797035217,0.2052617073059082,-3.090336799621582,0.0009828096954151988
4349,97.5521469116211,0.47605493664741516,0.0,0.0,0.3915806710720062,0.05901225283741951,0.2557850480079651,-3.0907232761383057,-0.0064251599833369255
4350,97.56849002838135,0.47605493664741516,0.0,0.0,0.3933643102645874,0.027231724932789803,0.033412110060453415,-3.086699962615967,-0.0056337458081543446
4351,97.59506607055664,0.47605493664741516,0.0,0.0,0.39751312136650085,0.002445751102641225,-0.09266532212495804,-3.0828723907470703,-0.003703031688928604
4352,97.6052451133728,0.47605493664741516,0.0,0.0,0.4099991023540497,-0.011859913356602192,-0.11618881672620773,-3.082761287689209,0.0012252000160515308
4353,97.64020037651062,0.47605493664741516,0.0,0.0,0.42866331338882446,-0.023307673633098602,-0.023242685943841934,-3.085710048675537,0.007821140810847282
4354,97.65258646011353,0.47605493664741516,0.0,0.0,0.4491584300994873,-0.028896911069750786,0.12422285974025726,-3.0906803607940674,0.015912482514977455
4355,97.68257188796997,0.47605493664741516,0.0,0.0,0.4687068462371826,-0.047324102371931076,0.22118088603019714,-3.0944700241088867,0.02585928700864315
4356,97.69575428962708,0.47605493664741516,0.0,0.0,0.48620301485061646,-0.05562453344464302,0.008762051351368427,-3.091468572616577,0.031155580654740334
4357,97.72587418556213,0.47605493664741516,0.0,0.0,0.4835033118724823,-0.044591911137104034,-0.14040698111057281,-3.0824005603790283,0.036283545196056366
4358,97.74632525444031,0.47605493664741516,0.0,0.0,0.4740397334098816,-0.0020070180762559175,-0.005475274287164211,-3.0803985595703125,0.04120852053165436
4359,97.78277254104614,0.47605493664741516,0.0,0.0,0.47867146134376526,0.0317218191921711,0.05587802082300186,-3.0899646282196045,0.040164388716220856
4360,97.79411721229553,0.47605493664741516,0.0,0.0,0.49393370747566223,0.052285484969615936,0.051458939909935,-3.101015567779541,0.033464618027210236
4361,97.82564377784729,0.47605493664741516,0.0,0.0,0.5045197010040283,0.0677187368273735,0.08479559421539307,-3.1085076332092285,0.025111159309744835
4362,97.83894228935242,0.47605493664741516,0.0,0.0,0.5042104125022888,0.08371003717184067,0.15550848841667175,-3.1127569675445557,0.019425438717007637
4363,97.86950922012329,0.47605493664741516,0.0,0.0,0.5058997869491577,0.09961868077516556,0.20894551277160645,-3.1156294345855713,0.016330702230334282
4364,97.88255190849304,0.47605493664741516,0.0,0.0,0.5049943327903748,0.11178082227706909,0.22655344009399414,-3.117560386657715,0.014691108837723732
4365,97.91268062591553,0.47605493664741516,0.0,0.0,0.4555155336856842,0.13902202248573303,0.035843320190906525,-3.1218433380126953,0.01946788839995861
4366,97.9259147644043,0.47605493664741516,0.0,0.0,0.46341028809547424,0.12309709936380386,0.11098545044660568,-3.126713752746582,0.0201725997030735
4367,97.95576930046082,0.47605493664741516,0.0,0.0,0.4405295252799988,0.0972590371966362,0.10565734654664993,-3.123898983001709,0.024178579449653625
4368,97.97204351425171,0.47605493664741516,0.0,0.0,0.41793784499168396,0.0642651692032814,-0.004776401445269585,-3.1152167320251465,0.029383765533566475
4369,98.00016736984253,0.47605493664741516,0.0,0.0,0.4071194529533386,0.04153212159872055,-0.09255297482013702,-3.1068241596221924,0.03168083354830742
4370,98.01003646850586,0.7358681559562683,0.0,0.0,0.3955897092819214,0.023117315024137497,-0.09123481810092926,-3.103081226348877,0.0316968597471714
4371,98.03776931762695,0.7358681559562683,0.0,0.0,0.3854321241378784,0.011143098585307598,-0.0845969170331955,-3.1021344661712646,0.03434700891375542
4372,98.04992604255676,0.7358681559562683,0.0,0.0,0.3802802860736847,-0.0013834177516400814,-0.03759808465838432,-3.102426052093506,0.04127003997564316
4373,98.08261632919312,0.7358681559562683,0.0,0.0,0.3810698688030243,-0.01656314544379711,0.010584431700408459,-3.101524591445923,0.049179088324308395
4374,98.09960317611694,0.7358681559562683,0.0,0.0,0.3838787376880646,-0.03372250869870186,0.009703035466372967,-3.0991897583007812,0.055663660168647766
4375,98.12847805023193,0.7358681559562683,0.0,0.0,0.38912248611450195,-0.05422433465719223,0.05309563875198364,-3.095693826675415,0.06150487810373306
4376,98.14056062698364,0.7358681559562683,0.0,0.0,0.4049025774002075,-0.060118913650512695,0.01095796748995781,-3.091797351837158,0.06402649730443954
4377,98.17010593414307,0.7358681559562683,0.0,0.0,0.41377273201942444,-0.05734431371092796,0.07570847123861313,-3.0891294479370117,0.06757278740406036
4378,98.18402409553528,0.7358681559562683,0.0,0.0,0.4289511442184448,-0.05272489786148071,0.09852597117424011,-3.0877130031585693,0.07564188539981842
4379,98.21413278579712,0.7358681559562683,0.0,0.0,0.4536879062652588,-0.04986415058374405,0.028147906064987183,-3.087294578552246,0.08294997364282608
4380,98.22699975967407,0.7358681559562683,0.0,0.0,0.47597992420196533,-0.04166599363088608,0.0047456612810492516,-3.0883736610412598,0.08730759471654892
4381,98.26575493812561,0.7358681559562683,0.0,0.0,0.49950942397117615,-0.02934827283024788,-0.0010902825742959976,-3.0905816555023193,0.09123626351356506
4382,98.28460049629211,0.7358681559562683,0.0,0.0,0.5228800773620605,-0.006828739307820797,0.01594488136470318,-3.094038963317871,0.09297167509794235
4383,98.3111560344696,0.7358681559562683,0.0,0.0,0.5475921034812927,0.024515623226761818,0.12403859943151474,-3.101252317428589,0.0865970030426979
4384,98.32293915748596,0.7358681559562683,0.0,0.0,0.5825644731521606,0.046364348381757736,0.15196804702281952,-3.107919692993164,0.0683387964963913
4385,98.35246062278748,0.7358681559562683,0.0,0.0,0.6188739538192749,0.06362246721982956,0.20396670699119568,-3.1103243827819824,0.04591924697160721
4386,98.36260461807251,0.7358681559562683,0.0,0.0,0.648036777973175,0.07643286883831024,0.29474183917045593,-3.1087985038757324,0.02877623215317726
4387,98.39401483535767,0.7358681559562683,0.0,0.0,0.6736504435539246,0.08839957416057587,0.3714907765388489,-3.1036136150360107,0.01738666743040085
4388,98.40539646148682,0.7358681559562683,0.0,0.0,0.692902147769928,0.09346616268157959,0.4297462999820709,-3.097998857498169,0.009748163633048534
4389,98.43404197692871,0.7358681559562683,0.0,0.0,0.7006614804267883,0.09159631282091141,0.420587956905365,-3.096604824066162,0.009815509431064129
4390,98.44982576370239,0.7358681559562683,0.0,0.0,0.7024591565132141,0.09344036877155304,0.19108626246452332,-3.10132098197937,0.006023111753165722
4391,98.47818779945374,0.7358681559562683,0.0,0.0,0.6906456351280212,0.06498616188764572,0.1396014541387558,-3.0966036319732666,-0.005630067549645901
4392,98.49069166183472,0.7358681559562683,0.0,0.0,0.6674560308456421,0.03295111283659935,-0.06867827475070953,-3.0876071453094482,-0.011419045738875866
4393,98.5204598903656,0.7358681559562683,0.0,0.0,0.6532580852508545,0.008582653477787971,-0.140790656208992,-3.0814995765686035,-0.009775619953870773
4394,98.53398942947388,0.7358681559562683,0.0,0.0,0.6551237106323242,-0.010553664527833462,-0.11801076680421829,-3.079068899154663,-0.0012781937839463353
4395,98.56578660011292,0.7358681559562683,0.0,0.0,0.6769275069236755,-0.02146814949810505,-0.08697400987148285,-3.0790328979492188,0.008253469131886959
4396,98.58027410507202,0.7358681559562683,0.0,0.0,0.7012049555778503,-0.027986032888293266,-0.07394617795944214,-3.08215594291687,0.01266175415366888
4397,98.61008810997009,0.7358681559562683,0.0,0.0,0.7195388078689575,-0.03615047037601471,-0.015708448365330696,-3.0895118713378906,0.014794384129345417
4398,98.62270450592041,0.7358681559562683,0.0,0.0,0.7377522587776184,-0.05473357439041138,0.029600974172353745,-3.098933696746826,0.018121715635061264
4399,98.66114974021912,0.7358681559562683,0.0,0.0,0.7626675963401794,-0.08163714408874512,-0.02974063716828823,-3.10459303855896,0.02149747498333454
4400,98.67143392562866,0.7358681559562683,0.0,0.0,0.7855488657951355,-0.09996727108955383,-0.07587076723575592,-3.1030118465423584,0.025214798748493195
4401,98.70028877258301,0.7358681559562683,0.0,0.0,0.7903956174850464,-0.09996599704027176,-0.19281509518623352,-3.0988965034484863,0.02972223609685898
4402,98.71010231971741,0.7358681559562683,0.0,0.0,0.7629784941673279,-0.07737499475479126,-0.07704291492700577,-3.0964605808258057,0.03421575948596001
4403,98.75623989105225,0.7358681559562683,0.0,0.0,0.7400702238082886,-0.050733670592308044,0.05359317362308502,-3.100898265838623,0.03612030670046806
4404,98.76891160011292,0.7358681559562683,0.0,0.0,0.7309966087341309,-0.034371454268693924,0.050952523946762085,-3.1099605560302734,0.03468678146600723
4405,98.79959273338318,0.7358681559562683,0.0,0.0,0.7339403629302979,-0.02272772043943405,0.05933397263288498,-3.120192050933838,0.033525023609399796
4406,98.81378555297852,0.7358681559562683,0.0,0.0,0.738007664680481,-0.015386464074254036,0.09159893542528152,-3.128817319869995,0.03373844549059868
4407,98.84638786315918,0.7358681559562683,0.0,0.0,0.7420715689659119,-0.012565376237034798,0.0983102098107338,-3.1335017681121826,0.03407321125268936
4408,98.85969519615173,0.7358681559562683,0.0,0.0,0.7402001023292542,-0.008629570715129375,0.09714425355195999,-3.1331002712249756,0.033679720014333725
4409,98.89023780822754,0.7358681559562683,0.0,0.0,0.7380285859107971,0.0017945157596841455,0.08043701946735382,-3.129567861557007,0.03490694239735603
4410,98.90125131607056,0.7358681559562683,0.0,0.0,0.7426285743713379,0.015911037102341652,0.05523078888654709,-3.125556230545044,0.03781171143054962
4411,98.93483376502991,0.7358681559562683,0.0,0.0,0.751312792301178,0.02619379200041294,0.023877833038568497,-3.1224205493927,0.04296794533729553
4412,98.95030975341797,0.7358681559562683,0.0,0.0,0.7586172819137573,0.03594717010855675,0.015794584527611732,-3.1245148181915283,0.052919767796993256
4413,98.99186277389526,0.7358681559562683,0.0,0.0,0.747165858745575,0.04565363749861717,0.07742979377508163,-3.1369359493255615,0.06436913460493088
4414,99.00381398200989,0.7358681559562683,0.0,0.0,0.7242414951324463,0.03259758651256561,0.2256317436695099,3.1385767459869385,0.06614631414413452
4415,99.03455066680908,0.7358681559562683,0.0,0.0,0.6782092452049255,0.008900884538888931,0.14373883605003357,-3.1387460231781006,0.06894353777170181
4416,99.04581642150879,0.7358681559562683,0.0,0.0,0.6410725116729736,-0.006194597110152245,-0.006868072785437107,-3.1270227432250977,0.0731101930141449
4417,99.07661080360413,0.7358681559562683,0.0,0.0,0.6144409775733948,-0.014234320260584354,-0.1020294725894928,-3.1189372539520264,0.07702895998954773
4418,99.08859300613403,0.7358681559562683,0.0,0.0,0.596499502658844,-0.020324047654867172,-0.06595171242952347,-3.115952253341675,0.07972966134548187
4419,99.11906671524048,0.7358681559562683,0.0,0.0,0.5820226073265076,-0.02805274911224842,-0.05073659494519234,-3.115434408187866,0.08058062940835953
4420,99.12928676605225,0.7358681559562683,0.0,0.0,0.5703397393226624,-0.03605819493532181,-0.017747625708580017,-3.1152408123016357,0.08057332783937454
4421,99.1606216430664,0.7358681559562683,0.0,0.0,0.5609039068222046,-0.052754104137420654,0.10805493593215942,-3.1139447689056396,0.0811920017004013
4422,99.17254543304443,0.7358681559562683,0.0,0.0,0.5728621482849121,-0.048718683421611786,0.015851648524403572,-3.112065553665161,0.07816541194915771
4423,99.2028398513794,0.7358681559562683,0.0,0.0,0.5688642263412476,-0.04370320960879326,0.0552934929728508,-3.1104085445404053,0.07448098063468933
4424,99.2191219329834,0.7358681559562683,0.0,0.0,0.5649853944778442,-0.03263281285762787,0.10227279365062714,-3.1078503131866455,0.07971145212650299
4425,99.24566793441772,0.7358681559562683,0.0,0.0,0.578868567943573,-0.020366746932268143,0.07844936847686768,-3.105379581451416,0.09035437554121017
4426,99.26024532318115,0.7358681559562683,0.0,0.0,0.6033857464790344,-0.008611228317022324,0.03495440632104874,-3.1026220321655273,0.0963314101099968
4427,99.29394435882568,0.7358681559562683,0.0,0.0,0.6237633228302002,0.004563959781080484,0.044849276542663574,-3.1002349853515625,0.09634682536125183
4428,99.30670261383057,0.7358681559562683,0.0,0.0,0.6431281566619873,0.018761083483695984,0.07730654627084732,-3.098386764526367,0.09386923164129257
4429,99.33496809005737,0.7358681559562683,0.0,0.0,0.6649444103240967,0.03543199971318245,0.08966674655675888,-3.0968050956726074,0.08761245757341385
4430,99.34549307823181,0.7358681559562683,0.0,0.0,0.6829285025596619,0.060197751969099045,0.18549032509326935,-3.0969936847686768,0.07481970638036728
4431,99.3743622303009,0.7358681559562683,0.0,0.0,0.7119837999343872,0.08491681516170502,0.27923181653022766,-3.0996549129486084,0.054017070680856705
4432,99.38547086715698,0.7358681559562683,0.0,0.0,0.7469893097877502,0.10610121488571167,0.38571417331695557,-3.102053642272949,0.027119074016809464
4433,99.41224789619446,0.7358681559562683,0.0,0.0,0.7747730016708374,0.12242171913385391,0.5492621660232544,-3.102815866470337,0.00309380772523582
4434,99.4325475692749,0.7358681559562683,0.0,0.0,0.7981479167938232,0.1242353767156601,0.6926458477973938,-3.101459264755249,-0.013207623735070229
4435,99.45934462547302,0.7358681559562683,0.0,0.0,0.807761013507843,0.1162111759185791,0.8320417404174805,-3.099816083908081,-0.019838755950331688
4436,99.4711754322052,0.7358681559562683,0.0,0.0,0.7921904921531677,0.11219657957553864,0.497821569442749,-3.1050024032592773,-0.0226677805185318
4437,99.49685001373291,0.7358681559562683,0.0,0.0,0.7759026885032654,0.08613362908363342,0.15849599242210388,-3.100769281387329,-0.038537632673978806
4438,99.51226210594177,0.7358681559562683,0.0,0.0,0.7395989298820496,0.06912822276353836,0.01743863895535469,-3.095118999481201,-0.044854786247015
4439,99.5442636013031,0.7358681559562683,0.0,0.0,0.7215672135353088,0.061917439103126526,0.04064677283167839,-3.0939178466796875,-0.03422049060463905
4440,99.55613946914673,0.7358681559562683,0.0,0.0,0.7323957681655884,0.060963813215494156,0.010459300130605698,-3.0981390476226807,-0.015023191459476948
4441,99.5829598903656,0.7358681559562683,0.0,0.0,0.7561395764350891,0.057682812213897705,0.026720119640231133,-3.1077849864959717,0.0030656668823212385
4442,99.59429550170898,0.7358681559562683,0.0,0.0,0.7841010093688965,0.05255196988582611,0.09520582109689713,-3.1198642253875732,0.016338231042027473
4443,99.6278669834137,0.7358681559562683,0.0,0.0,0.8111453056335449,0.04415684565901756,0.2361583411693573,-3.1305954456329346,0.027925711125135422
4444,99.64263939857483,0.7358681559562683,0.0,0.0,0.8409534096717834,0.021121831610798836,0.2143310159444809,-3.1337273120880127,0.04028381034731865
4445,99.67640781402588,0.7358681559562683,0.0,0.0,0.8678901195526123,0.015089836902916431,-0.20182165503501892,-3.127011299133301,0.04839681461453438
4446,99.68996620178223,0.7358681559562683,0.0,0.0,0.8413183689117432,0.0415162555873394,-0.17236539721488953,-3.1246678829193115,0.04887869209051132
4447,99.7194275856018,0.7358681559562683,0.0,0.0,0.805799126625061,0.08142121881246567,0.18615415692329407,-3.1321611404418945,0.05083411931991577
4448,99.7298891544342,0.7358681559562683,0.0,0.0,0.7874268293380737,0.10302790254354477,0.2759230136871338,3.1387734413146973,0.05050398409366608
4449,99.76958417892456,0.7358681559562683,0.0,0.0,0.7841735482215881,0.11418025940656662,0.26887965202331543,3.129230260848999,0.050055064260959625
4450,99.78330278396606,0.7358681559562683,0.0,0.0,0.783869743347168,0.1194520816206932,0.22456882894039154,3.1247148513793945,0.049502696841955185
4451,99.81074643135071,0.7358681559562683,0.0,0.0,0.7745596766471863,0.12955646216869354,0.2780582904815674,3.12355899810791,0.04787105321884155
4452,99.82104730606079,0.7358681559562683,0.0,0.0,0.7557868361473083,0.1437864750623703,0.339823842048645,3.1231281757354736,0.04700779914855957
4453,99.84627795219421,0.7358681559562683,0.0,0.0,0.7325685024261475,0.15743784606456757,0.335327684879303,3.1209158897399902,0.051177896559238434
4454,99.85631704330444,0.7358681559562683,0.0,0.0,0.6698842644691467,0.18606767058372498,0.03273472562432289,3.1147263050079346,0.06549309939146042
4455,99.88465332984924,0.7358681559562683,0.0,0.0,0.6580979824066162,0.152040496468544,0.14220914244651794,3.112483024597168,0.07397069782018661
4456,99.90076446533203,0.7358681559562683,0.0,0.0,0.6277693510055542,0.12154977023601532,0.19168590009212494,3.1235275268554688,0.07991059869527817
4457,99.92963528633118,0.7358681559562683,0.0,0.0,0.6041792035102844,0.09559696167707443,0.07570849359035492,3.1371843814849854,0.08745642006397247
4458,99.94371223449707,0.7358681559562683,0.0,0.0,0.5782440304756165,0.06610049307346344,-0.01707797311246395,-3.13527774810791,0.09275097399950027
4459,99.97228217124939,0.7358681559562683,0.0,0.0,0.5547055602073669,0.03931692987680435,-0.08803895860910416,-3.1255991458892822,0.09472481906414032
4460,99.98334693908691,0.7358681559562683,0.0,0.0,0.5400264859199524,0.020380571484565735,-0.08706922084093094,-3.1172969341278076,0.09332947432994843
4461,100.01366353034973,0.7358681559562683,0.0,0.0,0.5299339294433594,0.0047808680683374405,-0.07140590250492096,-3.1094634532928467,0.08923891931772232
4462,100.02545619010925,0.7358681559562683,0.0,0.0,0.5123588442802429,-0.017460355535149574,-0.10391818732023239,-3.101184129714966,0.08556652814149857
4463,100.05769729614258,0.7358681559562683,0.0,0.0,0.4971086382865906,-0.04386492073535919,-0.1864108294248581,-3.0935263633728027,0.08538533747196198
4464,100.06990027427673,0.7358681559562683,0.0,0.0,0.490853875875473,-0.06966657191514969,-0.1822957545518875,-3.0878708362579346,0.08816240727901459
4465,100.0993242263794,0.7358681559562683,0.0,0.0,0.4941163659095764,-0.09669575095176697,-0.14254747331142426,-3.083247423171997,0.09270291775465012
4466,100.11587429046631,0.7358681559562683,0.0,0.0,0.5168920159339905,-0.11666042357683182,-0.11107409000396729,-3.079284191131592,0.09587584435939789
4467,100.14522695541382,0.7358681559562683,0.0,0.0,0.5259424448013306,-0.12306547909975052,-0.05815396457910538,-3.0782885551452637,0.09345865994691849
4468,100.15977144241333,0.7358681559562683,0.0,0.0,0.520507276058197,-0.11684665828943253,0.044576454907655716,-3.078993797302246,0.09838558733463287
4469,100.19237852096558,0.7358681559562683,0.0,0.0,0.5216469764709473,-0.10179867595434189,0.025895657017827034,-3.0807383060455322,0.11055799573659897
4470,100.20644903182983,0.7358681559562683,0.0,0.0,0.5322612524032593,-0.07844383269548416,-0.029708459973335266,-3.084759473800659,0.11811811476945877
4471,100.24028587341309,0.7358681559562683,0.0,0.0,0.546836793422699,-0.05800739303231239,-0.04907367005944252,-3.0904653072357178,0.11254068464040756
4472,100.25911474227905,0.7358681559562683,0.0,0.0,0.5578244924545288,-0.04102282226085663,-0.026161223649978638,-3.0943877696990967,0.09805817157030106
4473,100.2955219745636,0.7358681559562683,0.0,0.0,0.5654910206794739,-0.020529936999082565,0.058633122593164444,-3.097001791000366,0.08324991911649704
4474,100.32795333862305,0.7358681559562683,0.0,0.0,0.5807807445526123,0.0005954708904027939,0.12487107515335083,-3.0994369983673096,0.07120788842439651
4475,100.3637764453888,0.7358681559562683,0.0,0.0,0.6040164232254028,0.02248094230890274,0.15436424314975739,-3.1008427143096924,0.06088931858539581
4476,100.37949800491333,0.7358681559562683,0.0,0.0,0.6345333456993103,0.04144436493515968,0.1431298404932022,-3.1003127098083496,0.05102291703224182
4477,100.41998386383057,0.7358681559562683,0.0,0.0,0.6609971523284912,0.06022195145487785,0.13293412327766418,-3.0980875492095947,0.04139456897974014
4478,100.4326741695404,0.7358681559562683,0.0,0.0,0.6825472712516785,0.0781504437327385,0.14230045676231384,-3.097029685974121,0.033584676682949066
4479,100.46105432510376,0.7358681559562683,0.0,0.0,0.6952638030052185,0.08656461536884308,0.1685752123594284,-3.0985867977142334,0.029749663546681404
4480,100.47228455543518,0.7358681559562683,0.0,0.0,0.6842353343963623,0.09020406752824783,0.13828738033771515,-3.1039130687713623,0.02793380431830883
4481,100.49873614311218,0.7358681559562683,0.0,0.0,0.6681790947914124,0.06944284588098526,0.18851090967655182,-3.1027069091796875,0.021587083116173744
4482,100.50990438461304,0.7358681559562683,0.0,0.0,0.6433413028717041,0.038634590804576874,0.028332220390439034,-3.0947768688201904,0.01862606219947338
4483,100.53724503517151,0.7358681559562683,0.0,0.0,0.6229104399681091,0.014937646687030792,-0.08784142136573792,-3.0854592323303223,0.018091339617967606
4484,100.54917073249817,0.7358681559562683,0.0,0.0,0.6166762709617615,0.0019800651352852583,-0.13191545009613037,-3.079890727996826,0.022022191435098648
4485,100.57603073120117,0.7358681559562683,0.0,0.0,0.618863582611084,-0.009245659224689007,-0.12630558013916016,-3.079052209854126,0.02823944389820099
4486,100.59491562843323,0.7358681559562683,0.0,0.0,0.6326053142547607,-0.01875009573996067,-0.07272695749998093,-3.081197500228882,0.03371297940611839
4487,100.62681484222412,0.7358681559562683,0.0,0.0,0.6484529972076416,-0.030530236661434174,-0.04194079339504242,-3.0862035751342773,0.03601028397679329
4488,100.63802671432495,0.7358681559562683,0.0,0.0,0.666691780090332,-0.04453933238983154,0.004365446511656046,-3.0925276279449463,0.03680143505334854
4489,100.66492009162903,0.7358681559562683,0.0,0.0,0.6881633996963501,-0.06485224515199661,-0.004801669158041477,-3.0979902744293213,0.036428987979888916
4490,100.67556738853455,0.7358681559562683,0.0,0.0,0.7067286968231201,-0.08390526473522186,-0.029132705181837082,-3.1005008220672607,0.036138832569122314
4491,100.70338153839111,0.7358681559562683,0.0,0.0,0.7306792736053467,-0.10053244978189468,-0.1317172795534134,-3.10028338432312,0.03803490102291107
4492,100.71407628059387,0.7358681559562683,0.0,0.0,0.7399718165397644,-0.09868667274713516,-0.23195084929466248,-3.1003284454345703,0.03796660155057907
4493,100.74152779579163,0.7358681559562683,0.0,0.0,0.718564510345459,-0.08055625855922699,-0.12535077333450317,-3.101823329925537,0.04111393913626671
4494,100.75280976295471,0.7358681559562683,0.0,0.0,0.7002114057540894,-0.050236672163009644,0.1382603645324707,-3.107236862182617,0.04574812948703766
4495,100.78284788131714,0.7358681559562683,0.0,0.0,0.6944862604141235,-0.03161964565515518,0.2133711874485016,-3.1138877868652344,0.044265903532505035
4496,100.79318761825562,0.7358681559562683,0.0,0.0,0.6970627903938293,-0.018786504864692688,0.17133288085460663,-3.1191275119781494,0.03961344063282013
4497,100.82181429862976,0.7358681559562683,0.0,0.0,0.7058230638504028,-0.004478789865970612,0.1283831149339676,-3.1235170364379883,0.034937892109155655
4498,100.83340811729431,0.7358681559562683,0.0,0.0,0.7135940194129944,0.012112039141356945,0.14488184452056885,-3.1281423568725586,0.03094659373164177
4499,100.86396884918213,0.7358681559562683,0.0,0.0,0.7182098627090454,0.02409771829843521,0.21238873898983002,-3.1327531337738037,0.02812180668115616
4500,100.87479782104492,0.7358681559562683,0.0,0.0,0.7173446416854858,0.03577559441328049,0.23283268511295319,-3.1352643966674805,0.027008336037397385
